,strat,r0,r1,r2,r3,r4,r5,r6,r7,r8,r9,r10,r11,r12,r13,r14,r15,r16,r17,r18,r19,r20,r21,r22,r23,r24,r25,r26,r27,r28,r29,r30,r31,r32,r33,r34,r35,r36,r37,r38,r39,r40,r41,r42,r43,r44,r45,r46,r47,r48,r49
2018-01-02,100000000.0,100000000.0,100000000.0,100000000.0,100000000.0,100000000.0,100000000.0,100000000.0,100000000.0,100000000.0,100000000.0,100000000.0,100000000.0,100000000.0,100000000.0,100000000.0,100000000.0,100000000.0,100000000.0,100000000.0,100000000.0,100000000.0,100000000.0,100000000.0,100000000.0,100000000.0,100000000.0,100000000.0,100000000.0,100000000.0,100000000.0,100000000.0,100000000.0,100000000.0,100000000.0,100000000.0,100000000.0,100000000.0,100000000.0,100000000.0,100000000.0,100000000.0,100000000.0,100000000.0,100000000.0,100000000.0,100000000.0,100000000.0,100000000.0,100000000.0,100000000.0
2018-01-03,99983360.64,100141748.1695,99774018.036,99692870.743,100406115.59450002,100420021.03600001,100398484.01650001,99548487.81050001,100012976.812,100105317.5145,100238094.881,99986413.07000001,99971836.62650001,100206230.66350001,100309352.1295,99462669.72749999,100323942.28950001,99979772.289,99946370.646,100072096.7825,99777489.518,99697110.9885,99850564.6645,100309273.18900001,99631095.684,99990968.6985,99952306.41000001,101027819.81750001,99803730.9635,100902103.687,99478248.87550001,99442631.605,100273268.186,99955113.79450001,100522799.10400002,99874225.0605,100094099.081,100123658.42,100265909.87150002,100117494.6225,99882773.5905,100912478.91200002,99885625.3005,99923017.22399999,100030195.63350001,100603698.54550001,99752016.7345,99923372.04900001,100414089.3795,99701530.64050001,100939530.64050001
2018-01-04,100053480.536,100617881.967,100684971.63299999,100500107.60949999,100663107.81250001,100691266.70850001,101088283.7205,100256509.04950002,100587025.466,100633957.5195,100394243.4935,100092231.586,100295581.99900001,101274371.77150002,100725637.023,100188646.32749999,100286560.68550003,100093222.4845,100240964.62699999,100504822.84449999,99798913.29550001,99730903.788,100331410.697,101298468.73000002,100055852.26249999,100538842.04450001,100529215.68150002,101556650.94250001,100334251.6995,101104949.812,100288627.02600001,99761249.40100001,100323624.62600002,100776977.93750001,100979376.86700001,99976021.66299999,100555797.52499999,100651988.636,100756950.42100002,101172588.1005,100549142.538,101553268.80400002,100338770.313,100336190.95300001,99943724.57550001,101043557.972,100083315.9355,100563173.05450001,100123111.2185,100059135.02450001,101325179.05450001
2018-01-05,100091624.644,99996289.03699999,99740810.26249999,99633417.51799999,98330420.32400003,100232137.85750002,100944756.82650001,99925324.36250001,99423454.348,100295378.89700001,99381152.765,98699593.5275,99721764.87685001,100487283.43400002,100212660.662,99901307.9505,98907763.62950002,99286586.226,99659002.07499999,99988135.559,97978743.46717,98286843.6775,99283932.633,100312201.09118001,99341000.97649999,99341049.9915,99762957.95250002,101805141.86350001,99579519.978,100480715.7965,99817713.5995,99090808.85950002,99449870.29850002,99044391.709,100758843.97300002,99331634.85299999,100055446.336,100012307.849,99830257.92950003,100722446.539,98750478.366,100658198.78000002,99666861.991,99731465.942,98977160.86050001,100732158.85750002,99126839.47218001,99362780.64150001,99478537.4885,99078744.707,101146275.83700001
2018-01-08,101480460.05250001,102028323.873,100308595.74249999,100195338.13849999,98934623.14800003,102257321.57450001,102295985.07200001,101670740.51550001,101142887.1165,102403607.14250001,100725070.884,100725651.06150001,101140207.56785001,101363955.65400001,101323180.98300001,101438163.4815,99286081.98850001,100766200.801,100431705.065,100307295.66399999,98971892.77217,98905660.6615,101894708.10700001,101650756.44218001,100334615.5515,99853751.62950002,100775543.91250002,103451477.0735,100615471.563,103039957.5465,100913875.30150001,101533156.47550002,100651531.59850001,100830028.89900002,103445976.57050002,100445470.2615,102532422.42849998,100820302.661,100881438.04650003,102707966.86000001,100298488.981,101002508.88250002,100714638.351,101857167.58000001,100346504.78400002,102823887.41200002,99254185.19568,100637376.00750001,101630914.53150001,100622660.86500001,104026251.92950001
2018-01-09,102760460.05250001,103873323.873,101183978.68575749,102048441.909,100797572.49800003,104104321.57450001,104349985.07200001,102300357.86865,102207270.0597575,105980607.14250001,101486969.7452575,103099651.06150001,102569207.56785001,102795338.59725752,101462664.99680752,102519397.49614999,102009767.40850002,103684200.801,100058181.39837499,101677295.66399999,99180843.11182,101016072.1165,103025272.915725,104095756.44218001,101780615.5515,102014751.62950002,103468543.91250002,104309041.882225,101969471.563,104318841.582,101703109.31615001,103644156.47550002,102633531.59850001,102740036.04900001,104353976.57050002,99717337.21856499,103832422.42849998,103521302.661,103468438.04650003,103939966.86000001,101564439.32065001,102894508.88250002,101506581.071,103768167.58000001,102306504.78400002,103976887.41200002,99359989.40241751,102756383.15750001,102918178.60036,102561441.34200001,104975251.92950001
2018-01-10,103661460.05250001,104634323.873,101196978.68575749,103162441.909,101343989.56500003,105852321.57450001,107038985.07200001,104371122.73665,102733394.44225751,108173607.14250001,101835875.89725749,103293651.06150001,104622207.56785001,103550843.80775751,102604431.66480751,103072354.87815,102631695.04850002,105072200.801,101019395.243875,103545295.66399999,100364278.98182,102434072.1165,104290398.59972501,104703756.44218001,102015615.5515,102579751.62950002,103831471.55250002,105528761.02172501,103028399.203,104742841.582,103492029.27715,104027084.11550002,104426531.59850001,103361036.04900001,105118976.57050002,100701794.309565,104587422.42849998,105828302.661,104374438.04650003,105820966.86000001,102309205.98865001,104882508.88250002,101424255.18349999,103950167.58000001,104073504.78400002,103707887.41200002,101017674.6284175,104721131.61350001,103711897.73986001,103383441.34200001,106761251.92950001
2018-01-11,104536460.05250001,106100323.873,101356978.68575749,104546441.909,102650989.56500003,107712321.57450001,109322985.07200001,106327122.73665,103688394.44225751,108782607.14250001,102607875.89725749,104193651.06150001,104513207.56785001,103983843.80775751,104334431.66480751,104263354.87815,104236728.17700002,104994200.801,102922395.243875,104815295.66399999,100769278.98182,103749072.1165,107922398.59972501,106913756.44218001,103277615.5515,102727486.95700002,104599665.37700002,106401761.02172501,104626724.40699999,105043841.582,104727029.27715,106189736.21300001,106921531.59850001,103910755.18850002,106253976.57050002,103056794.309565,105325422.42849998,107722302.661,105558438.04650003,106469966.86000001,102879205.98865001,104995508.88250002,101450255.18349999,104668167.58000001,106246504.78400002,104543887.41200002,102347674.6284175,105938131.61350001,105694897.73986001,104376441.34200001,109623251.92950001
2018-01-12,104789460.05250001,104916323.873,101184327.40025748,103180441.909,101838989.56500003,106116321.57450001,107928985.07200001,104113122.73665,102281394.44225751,106832607.14250001,102078875.89725749,103212651.06150001,102810207.56785001,102668843.80775751,102527431.66480751,102628354.87815,102654728.17700002,104267200.801,101191395.243875,103302295.66399999,99563278.98182,102256072.1165,105932398.59972501,105818756.44218001,102013615.5515,101706486.95700002,104184665.37700002,104502761.02172501,102688724.40699999,103196841.582,102892029.27715,104837736.21300001,104360531.59850001,103164755.18850002,105068976.57050002,102028794.309565,104030422.42849998,105347302.661,104726438.04650003,104337966.86000001,101490017.98365,104590508.88250002,100901255.18349999,103516167.58000001,104579504.78400002,103879887.41200002,101027674.6284175,104291852.95450002,104123897.73986001,103804441.34200001,108077251.92950001
2018-01-15,106245460.05250001,107259738.049265,102795327.40025748,103953742.139,102335795.90820003,107380321.57450001,107824475.73050001,104701914.04315001,102588959.5844575,107673080.9792,102536951.45975749,104832345.16420001,104282335.29435,103911387.56725752,101962081.6873075,103540463.32527499,103998728.17700002,106281309.24812499,102964395.243875,102676295.66399999,101064723.28132,103263072.1165,107041035.799725,108128170.61844501,103334309.65419999,102160845.3215,105780936.47300002,105233761.02172501,103821044.2815,105293235.91520001,102025517.11965,105907068.97620001,105553531.59850001,105622438.6155,106092388.6149975,102530902.75669,105078105.31919998,104881048.758,106045438.04650003,104679660.96270001,102138350.74685,105749508.88250002,100582853.34369999,104909167.58000001,104703203.22000001,104690887.41200002,100921674.6284175,105681852.95450002,104593006.18698502,106152989.0175,108528251.92950001
2018-01-16,106339460.05250001,107081793.091265,103223327.40025748,103428612.009,102036755.89320002,107785321.57450001,109149780.90350002,104622626.26075251,102437384.2484575,107582080.9792,102659951.45975749,104679345.16420001,105380335.29435,104775387.56725752,101485081.6873075,103017033.624275,103344728.17700002,106543124.14612499,102574481.388875,105281295.66399999,100426723.28132,103601019.2805,107013035.799725,108314360.14144501,103962619.74769999,102254845.3215,106676936.47300002,107293761.02172501,103441044.2815,104931915.73220001,102818517.11965,105412351.44720002,105976531.59850001,105308438.6155,107418543.71699752,103876935.88519,105506240.40919998,106202159.414,105780425.33150002,105135184.82720001,101359009.04285,105666508.88250002,101984853.34369999,105723167.58000001,105188203.22000001,105011887.41200002,101202674.6284175,105158688.94950001,104004727.62048501,106405989.0175,108280287.44450001
2018-01-17,104601806.181595,104991793.091265,100595733.88275748,100726835.5135,99918182.83820003,105182451.78450002,106950780.90350002,101716484.69038752,98953692.34582001,104481414.98920001,99725951.45975749,101626558.2372,102294110.86683,101355387.56725752,99400590.13201751,99377793.751275,99830063.04950002,103190529.574625,100898744.168425,101765558.44354999,96773999.10734999,100783019.2805,104457035.799725,106451860.93144502,102147882.52724999,98786072.40419002,103770308.84100004,104426023.80127501,100966584.86837,102238321.92970002,100544636.86265,103077351.44720002,103258047.04850002,101617691.30650002,105661543.71699752,102539935.88519,102915240.40919998,102349898.82750002,102590588.33771002,102464311.6597,97638009.04285,102959205.26871002,98996824.49024999,102573167.58000001,101624779.10328752,103126738.37800002,98254594.2196275,102712350.49800001,101710727.62048501,103866053.404705,105996287.44450001
2018-01-18,105512812.54113999,106838373.04631498,100345381.45945749,101494707.1658825,98670292.12322503,105423039.26,105710886.26850002,101486662.50888751,98978526.73982,104471771.26375002,99932967.2392575,102448559.21720001,102915861.57983,102010000.47575751,99253482.26679252,100306319.41536501,100179082.56650001,103673436.128625,102126351.48797,100255378.33355,96904350.06835,100864613.4265,104750327.723225,106483176.51994501,102262102.50475,98555862.87269002,104325356.10700004,103940449.406275,101352399.57237,103287039.9995625,99810741.67365,103629648.5072,103931756.20350002,102760043.89576751,106002543.71699752,101301930.72518998,103849091.72919998,102134169.67199,103541715.53648502,103234724.56772251,96357714.7254,103212720.19376002,98779701.992625,102356959.77250001,100613708.91328752,103250706.50050002,97712362.1876275,103434241.85500002,102272513.67748502,104591281.167705,107191409.42050001
2018-01-19,106307624.33764,107934602.59331499,99351351.7549575,103531452.6218825,98790252.55822504,105479149.34400001,105965367.45900002,103402874.10388751,100066322.82582,105145788.19225001,98825403.30895749,101334559.21720001,101517346.87983,101901475.76975752,98126435.95629252,100207671.249365,99677511.44763751,103816545.603625,102457922.43897,99473387.76755,95909001.67635,100522425.7305,105481792.808225,109887072.55994502,103901630.24675,96548348.17269002,103571631.81450003,104510639.54827502,101554891.09336999,104885076.2295625,98958307.05665001,102627709.1702,103190213.49850002,106020125.7617675,106612208.55999751,100655206.43268998,104728148.57119998,102869583.73999,103256430.37448503,101586209.86772251,95301779.6899,103166536.29176003,98103575.53262499,101816370.63650002,98354571.33978751,103907313.07250002,96453739.6176275,104742007.32300001,102730025.099985,106722838.42020501,106927793.4605
2018-01-22,110681113.00964,110383723.19331498,101475958.47995749,105354452.6218825,101129852.85822503,107773168.76500002,109021103.25150001,108209755.89788751,102806704.27382001,106704458.9243,98846667.99689749,103151167.07020003,103869929.84583,104223123.72475752,100737649.87929252,100001442.239365,100869435.24668752,105329456.84929499,105534013.21846999,99992269.04055002,97981464.37035,99656134.64094,107641719.557225,113131390.31694502,106707167.47825,99382247.00984003,106365096.81300004,106618196.20077503,102668891.09336999,106953187.2240625,102386112.06165001,106092899.7107,103952213.49850002,107861125.7617675,107988981.81699753,103741806.73268998,108126148.57119998,105136187.34749,102798916.06348503,102361051.7033925,97053600.5044,104718338.59881002,98021516.89162499,104851927.57405001,100865389.72933753,105883620.47665001,96795380.47156751,108470342.07250002,105157836.10498501,109441838.42020501,109317036.74550001
2018-01-23,112224113.00964,111214723.19331498,101390497.6869575,105813452.6218825,102107660.85172503,108279067.57000002,109925103.25150001,109375755.89788751,103418479.74782,107081313.8463,99389315.7928975,104114501.68020001,104516836.03983,104738259.28125753,101544649.87929252,100365442.239365,100559324.98668751,106313547.41079499,106339013.21846999,101045231.96955001,97081464.37035,100319134.64094,108643719.557225,114571390.31694502,107999191.27475001,100074894.80584003,107170096.81300004,107815095.00577502,103525651.42336999,107656187.2240625,103150112.06165001,107394981.81070001,104765295.59850001,108095125.7617675,108391981.81699753,103797911.87868999,109101148.57119998,105721187.34749,103162916.06348503,102415530.87439251,96533567.2924,105097549.93381003,97961281.22462499,104666532.95505,101375577.06433752,106846799.99365002,96990380.47156751,109097342.07250002,106359470.89498502,109675838.42020501,110788036.74550001
2018-01-24,111650113.00964,111316723.19331498,101390497.6869575,105687452.6218825,101744660.85172503,107945638.52100001,108985103.25150001,108685755.89788751,103352479.74782,107051313.8463,99703315.7928975,103309501.68020001,104116836.03983,104243259.28125753,101013649.87929252,100477442.239365,100021324.98668751,106309547.41079499,106433013.21846999,100340575.68105002,96604708.49535,100390129.64694,108280719.557225,114011390.31694502,107606191.27475001,99299894.80584003,107264096.81300004,107094367.07827502,103506186.15337,107585187.2240625,102490112.06165001,106572325.52220002,105168922.18250002,108059125.7617675,108515981.81699753,103517911.87868999,108576148.57119998,105793187.34749,103274916.06348503,102445530.87439251,96026811.4174,105067549.93381003,98251281.22462499,103529777.08005,100860007.22983754,106096799.99365002,96939367.8715675,108977342.07250002,105906470.89498502,109639838.42020501,110390036.74550001
2018-01-25,114107113.00964,113292526.21456999,103548497.6869575,106394452.6218825,102830660.85172503,109727638.52100001,109833103.25150001,109822755.89788751,105376479.74782,109220160.25795001,100459315.7928975,104283501.68020001,106064836.03983,105635259.28125753,101429649.87929252,102212051.64939,99489324.98668751,108577547.41079499,109910013.21846999,101177599.35467502,97056805.99567,100988129.64694,109660180.85586251,114339390.31694502,109451191.27475001,99898894.80584003,109935096.81300004,108164606.72858752,104261186.15337,109726187.2240625,103423811.21447,107218325.52220002,106711241.94710001,109337125.7617675,110601981.81699753,105249911.87868999,111084148.57119998,107171187.34749,104873916.06348503,103841530.87439251,97744323.68398249,105902549.93381003,98727529.514275,105069951.49255002,102917007.22983754,107584173.49174002,97057367.8715675,111154342.07250002,106694470.89498502,113319838.42020501,111905036.74550001
2018-01-26,114237157.97863999,113550991.50256999,104487292.29945749,105863452.6218825,101952852.44672504,109868638.52100001,108927103.25150001,109430755.89788751,106819479.74782,110192054.00395,100138874.6676475,104451938.04435001,105709642.46433,105965259.28125753,101873649.87929252,102974792.10239,99699763.29768752,108944547.41079499,110891013.21846999,101055727.54017502,96698099.28017001,101406427.40344,109634714.98586251,113786390.31694502,108946191.27475001,98958701.23034003,111201096.81300004,107782391.60858752,105070186.15337,110481187.2240625,103537422.33447,106613708.63670002,107229229.34710002,109538125.7617675,110480981.81699753,104419911.87868999,111530148.57119998,108631187.34749,105308916.06348503,104426786.96889251,98028349.30798249,106116520.85131001,99183597.663775,106259298.04455002,103692007.22983754,107383958.37174001,96639367.8715675,110956342.07250002,106914470.89498502,114138838.42020501,112080036.74550001
2018-01-29,114053072.81214,114221870.01356998,104355292.29945749,104339701.7407625,102751516.96272504,109601947.45600002,107953387.61450002,108912981.96038753,108108275.70032,111630054.00395,100573237.0361475,104959557.30485003,105861844.65283,106651949.36258002,100859297.71929252,104018428.08077,100231112.01313752,108791547.41079499,112486321.78446999,99552132.85117501,94625168.95617001,101129759.554125,110439352.76186252,112861784.01055503,108791663.33918001,97915906.67034003,112193666.00518504,108039407.52101752,106552588.66536999,110217000.58656251,102754422.33447,106744309.69280751,108458139.84520002,109951911.01576751,111079804.59449752,104299519.25018999,110524352.13363,110316102.18099,105925558.90948503,105636285.97639251,99561150.07048249,106293982.05381003,99544197.3673825,106740298.04455002,104849007.22983754,106580558.57212001,95147341.6875675,110746021.76500002,108548471.52948502,114443842.707705,112097078.60400002
2018-01-30,113688297.42432499,115401787.45606998,105325607.5050325,106127513.9822625,104155516.96272504,109221983.01450002,109798423.17300002,110951358.84938753,108419347.54403001,114227825.10495001,102991237.0361475,105515335.27785002,108661219.68383,107911023.65258002,100772833.45279253,106008625.70827,102145204.75113752,110343547.41079499,112387072.17197,100247668.79017502,96092515.37217,101933759.554125,112707352.76186252,114553805.97205503,110379207.47518,98342915.38384002,111507024.43018503,108607812.77301753,108706915.82537,111742286.96656251,102876573.36027002,109029544.78930752,108848252.88570002,111338911.01576751,113701804.59449752,106278639.26868999,111268035.75363,110978102.18099,106783032.50548503,107949285.97639251,100151150.07048249,106453140.25731003,101503653.84938249,107262298.04455002,104431216.80161002,107523073.29012002,95272577.43756752,113852349.52500002,110882332.50948502,115412842.707705,113598078.60400002
2018-01-31,111159486.744325,112502595.55106997,101885171.1505325,104163997.9074375,102416236.38750003,107156747.47250003,108880107.58300002,107794358.84938753,104792012.25053,108994825.10495001,100344237.0361475,102980335.27785002,105620246.54133,104820023.65258002,100109035.17158252,103845625.70827,99530204.75113752,109040749.373295,108626556.09714499,97179668.79017502,93174556.03467001,98564940.399625,110332352.76186252,113498805.97205503,106087909.73768,96599769.39384003,108306753.26718503,104018424.36851752,105186915.82537,108779945.76156251,102606450.79577002,106104171.97330752,106229252.88570002,109635911.01576751,110558462.82199752,104947598.84369,108499035.75363,107953102.18099,105794032.50548503,105140063.54138002,97107178.7754825,104224109.64831002,98663334.23879999,106472298.04455002,102479802.76161003,107152575.62262002,95463577.43756752,110096349.52500002,108402332.50948502,113885842.707705,110118540.59060001
2018-02-01,109498166.864325,110177396.54924497,100187271.8630325,102218505.44241501,100651416.41050003,104709039.66950002,107184096.14300002,105367065.60838753,104013061.09753,106777552.79645002,97938241.6776475,101306815.85182753,103619803.73133,103654725.80865002,99571470.90788502,101791397.63729501,97482024.91763753,106067306.56329499,107143555.0226225,96728991.02773502,92018215.94967002,97314326.309625,106962552.83788751,110273470.03230503,103077897.09718001,95433324.56984004,105650399.93468504,103825848.19101752,102158108.43087,106464095.8165625,100075467.08877003,104162922.01686752,104413539.90250003,107949322.72626752,107782587.12449752,101972615.13668999,106497067.35863,105458432.20899,103932037.77948503,104566246.49888001,96057873.50798249,102853111.61031002,98359769.5088,105770275.58536251,100856944.75941253,103943952.13162002,93345825.23774502,107204349.37050003,107048373.72898501,112487496.06520501,109245544.96760002
2018-02-02,109989116.547125,110184883.29674497,100651804.00624001,102471205.562415,100734903.15800004,105810039.66950002,106856534.00300002,105378505.37240502,103700421.18253002,107419156.48895001,98373600.3405475,101418893.36432752,104151753.96133,105289570.72615002,98766854.53400502,102041205.454795,99315326.73763752,105757065.33829498,107466860.75512248,97405991.02773502,93009165.81717001,96965471.90393502,106713493.61038752,109785715.91730502,102496303.16718,95743098.60484004,106338617.83968504,104384020.37101752,102026763.01677,106843397.1690625,99738216.76828752,104129376.97436753,104754808.61250004,108728692.99376751,107962900.31699753,102043148.01009,106409585.91343,106076979.7108075,104076551.81911254,104927437.95388001,96976450.45294249,103216926.68281002,98314715.92242,106627275.58536251,101021945.04191253,103250364.12972003,92455677.124145,106461108.14550002,107619804.17898503,113041252.48270501,109457031.71510002
2018-02-05,105401542.169835,107292541.80024497,97121701.5916675,98824214.30090001,96083509.85519004,100849627.46641003,103884836.33581004,102235562.49164002,101136094.434955,104504351.62898502,95244090.12786,98922107.23544253,100159699.43982999,101132932.65625003,96989273.76675501,98568149.98104,95428916.00531752,101990543.10486498,105021378.35132249,93087317.70779252,89556721.2454575,94798570.91018501,103852596.33461753,107339781.71350503,99289727.9459575,92419656.39782003,103544295.70533253,102511124.68058503,98945219.5807625,103441494.9943875,96480997.62358752,101325575.08499503,101404007.02517503,103782217.64599751,104602935.92606753,99604381.3782425,103225151.20443001,102383599.49180749,100165503.12420504,100617794.73302501,94653742.2229425,99806584.03674252,94662839.94794999,101528428.40639752,98269945.04191253,99672698.51637502,89924838.42914501,102406099.65523252,103906604.97648501,109207928.64048001,104993663.30483001
2018-02-06,102720453.09733501,104242753.92774495,94684156.39416751,97370387.43840002,91759080.02269004,97258235.04391003,99667071.68723252,100617258.67414002,99313804.684955,101162901.588985,93102466.35285999,97200466.23294254,96888195.58982998,99856815.78625003,95266622.68675502,95787468.01854001,92375704.99021502,98407747.25236501,103215390.24132249,91009402.06029253,88370180.32295752,93123450.05018502,103035417.90961753,104286690.31100503,98151727.9459575,90878689.84282003,103225792.45283253,103471124.68058503,96115832.9882625,101231804.53438751,93287357.6184075,99487924.00499503,98579122.26017503,99522739.7284975,102055624.85356754,97833649.97306249,102303694.27443002,98551695.7343075,97939215.80920504,96562984.605525,92664342.78044249,96875832.92674252,90423742.36187248,97688259.903795,95148247.04191253,96050844.39887501,86819830.499145,97341753.34773251,100331745.40290754,105773737.57048002,101661329.69233003
2018-02-07,102720453.09733501,104353753.92774495,94684156.39416751,97370387.43840002,92360618.97037004,97258235.04391003,100168513.53723252,100739544.17588502,99313804.684955,101338901.588985,93102466.35285999,97200466.23294254,97010481.09157498,100072072.05342503,94871019.41118751,96239004.74151501,93201691.33521502,98407747.25236501,103215390.24132249,91096365.81529252,88220180.32295752,93237450.05018502,103023417.90961753,104521053.71350503,98486305.2659575,90948689.84282003,103055792.45283253,103311124.68058503,96393412.5882625,101420788.06460002,93681347.64340751,99696501.32499504,99013426.72267504,99522739.7284975,102265624.85356754,98299274.54806249,102417694.27443002,98582594.36617249,98159793.12920505,96123425.41045,92722173.34544249,96746832.92674252,90423742.36187248,97688259.903795,95148247.04191253,96065772.03887501,86889830.499145,98136753.34773251,100552322.72290754,105773737.57048002,101661329.69233003
2018-02-08,102720453.09733501,104206753.92774495,94684156.39416751,97370387.43840002,92360618.97037004,97258235.04391003,100948513.53723252,100739544.17588502,99313804.684955,100997901.588985,93102466.35285999,97200466.23294254,97010481.09157498,100252072.05342503,94871019.41118751,96239004.74151501,93361691.33521502,99277747.25236501,103215390.24132249,91246365.81529252,88370180.32295752,92864866.01305002,102881590.94461752,105391053.71350503,98863721.2288225,90738689.84282003,103225792.45283253,103471124.68058503,96393412.5882625,101420788.06460002,93681347.64340751,99554674.35999504,99013426.72267504,99522739.7284975,101755624.85356754,98299274.54806249,102045110.23729502,98582594.36617249,98159793.12920505,96123425.41045,92862173.34544249,96662832.92674252,90423742.36187248,97688259.903795,95148247.04191253,96935772.03887501,87429830.499145,98295753.34773251,100552322.72290754,105773737.57048002,101661329.69233003
2018-02-09,102720453.09733501,103848133.31524496,94684156.39416751,97370387.43840002,92360618.97037004,97258235.04391003,100948513.53723252,100739544.17588502,99313804.684955,100461046.643985,93102466.35285999,97200466.23294254,97010481.09157498,99532072.05342503,94871019.41118751,96239004.74151501,92721691.33521502,99277747.25236501,103215390.24132249,90646365.81529252,87770180.32295752,92864866.01305002,102881590.94461752,105391053.71350503,98863721.2288225,90588689.84282003,102545792.45283253,102831124.68058503,96393412.5882625,101420788.06460002,93681347.64340751,99554674.35999504,99013426.72267504,99522739.7284975,101417800.29234254,98299274.54806249,102045110.23729502,98582594.36617249,98159793.12920505,96123425.41045,92302173.34544249,96662832.92674252,90423742.36187248,97688259.903795,95148247.04191253,96935772.03887501,87279830.499145,97908842.06839001,100552322.72290754,105773737.57048002,101661329.69233003
2018-02-12,102720453.09733501,103848133.31524496,94684156.39416751,97370387.43840002,92360618.97037004,97258235.04391003,100168513.53723252,100739544.17588502,99313804.684955,100461046.643985,93102466.35285999,97200466.23294254,97010481.09157498,98992072.05342503,94871019.41118751,96239004.74151501,92241691.33521502,98407747.25236501,103215390.24132249,90196365.81529252,87320180.32295752,92864866.01305002,102881590.94461752,104521053.71350503,98113721.2288225,90588689.84282003,102035792.45283253,102351124.68058503,96393412.5882625,101420788.06460002,93681347.64340751,99554674.35999504,99013426.72267504,99522739.7284975,101417800.29234254,98299274.54806249,102045110.23729502,98582594.36617249,98159793.12920505,96123425.41045,91882173.34544249,96542832.92674252,90423742.36187248,97688259.903795,95148247.04191253,96065772.03887501,86529830.499145,97128842.06839001,100552322.72290754,105773737.57048002,101661329.69233003
2018-02-13,102720453.09733501,103848133.31524496,94684156.39416751,97370387.43840002,92360618.97037004,97258235.04391003,99388513.53723252,100739544.17588502,99313804.684955,100461046.643985,93102466.35285999,97200466.23294254,97010481.09157498,98992072.05342503,94871019.41118751,96239004.74151501,92241691.33521502,97537747.25236501,103215390.24132249,90196365.81529252,87320180.32295752,92864866.01305002,102881590.94461752,103651053.71350503,97363721.2288225,90768689.84282003,102035792.45283253,102351124.68058503,96393412.5882625,101420788.06460002,93681347.64340751,99554674.35999504,99013426.72267504,99522739.7284975,101417800.29234254,98299274.54806249,102045110.23729502,98582594.36617249,98159793.12920505,96123425.41045,91882173.34544249,96662832.92674252,90423742.36187248,97688259.903795,95148247.04191253,95195772.03887501,85959830.499145,96348842.06839001,100552322.72290754,105773737.57048002,101661329.69233003
2018-02-21,103050215.472835,104394104.21074496,95047853.62916753,97713890.74740002,92501676.81837004,97109495.51341002,98891982.91723253,100925187.57788502,99346026.034955,100523211.760985,92974159.78485999,97890166.56944254,96756923.17357498,98944163.92542502,94645895.9511875,96606044.68201502,92356189.04121502,97419408.164865,103021522.8388225,90517575.05479252,87841518.93895751,93010653.90205002,102883208.83311753,104107872.82050504,97170025.4678225,91276544.06332004,102117064.43283254,102350189.73758504,96328585.1082625,100713817.39910002,93720794.52540752,99508746.81999503,99095072.62617505,99657318.1929975,101600718.96084255,98275410.23806249,102035295.26479502,98706706.2501725,98109185.18120505,96310521.27945,92060704.17994249,97103381.77024253,90650736.57387248,97797055.297295,95453362.62741253,95247188.40437502,86563631.292645,95895108.12539001,100457687.95990755,106110424.09798002,101816527.31983003
2018-02-22,103075041.58583501,103921041.39574496,95001061.67766753,97530443.30140002,91570893.46987003,96032468.42091003,98377894.69023255,100896064.12688503,99070925.291455,99968110.223485,92805337.71385999,97762657.87844254,96426250.79557498,97794033.07142502,94191400.17368752,96129222.00201502,91741023.05571501,96191272.907865,103296893.0878225,90345212.05079252,87575341.05495751,93175647.52305003,102454289.49911754,102968783.39350504,97446569.21582252,91308404.30182004,102040065.05983254,101270573.59258503,96299643.06676249,99808281.99460003,93272480.85890754,99355680.40499502,99165394.03617506,99230216.6554975,101013221.38334255,98128041.83406249,101310276.47979501,97908826.2476725,97691767.95620506,96066018.39445001,91565061.6169425,96706288.53124252,90490572.99737248,97191571.131795,94548412.48141253,94480872.93787502,85176881.857645,95546093.43889001,99071105.53440754,105608781.63648002,101829541.05433004
2018-02-23,104193840.17333502,105390922.64324497,96225438.01916754,98226856.56540002,93221070.90037005,98015877.08791004,99237401.82023254,103129354.71588501,100372404.101955,101814742.419485,94410624.50885999,98955084.95144254,98421162.96557498,98289902.21742502,95321384.28718752,97057407.03851502,92193873.786715,97805525.780365,104505194.8828225,91353570.88179252,89629548.40195751,93870214.07105002,102826232.49011753,105469551.97200504,98709569.21582252,92409434.14382005,104300031.05383255,102116190.18858504,97917063.9277625,101752283.00960003,93938872.70790754,100632321.40699503,100222779.87617506,100301435.5039975,101428008.07234254,98660197.45256248,103261275.60229501,99354194.4936725,99702380.73120505,96799790.68345,92388954.3659425,97630171.88324252,92091355.87437248,99257672.21579501,95945272.22141254,95970405.07387501,86929584.79714501,96297797.47689001,99509303.66940755,106783697.59148002,103235514.15583004
2018-02-26,104148788.15833502,105691047.73624498,95062237.21566753,97449835.77740002,92515620.44537005,97436423.63291004,98607922.54723254,102921627.99738501,99216384.513955,100412274.36148499,93939516.86085999,98388788.89694254,97916257.82857497,97706902.21742502,95414417.32318752,96015550.74951503,91221716.61621502,97669511.38036501,103741925.14482251,91412895.09779252,89174436.34195752,92650378.99405003,102092666.97511753,105842597.60800505,98550281.25682251,90915992.49482004,102771853.46533254,101988190.18858504,97083677.32076249,101156777.63210003,93515633.57890755,100128828.33399503,99405531.95017506,98638219.10049751,100268690.30734254,97589473.8355625,103589141.73929502,98859148.0816725,98819131.50370505,96027917.38245,91167431.45994249,97421170.39674252,92253852.68487248,98938041.652795,95256988.86841252,95477934.10837501,87684005.455145,95575141.60339001,98071800.19340755,107202111.06748003,103188399.40033004
2018-02-27,104584783.57933502,106769047.73624498,94099160.20266753,96679462.96140002,93143620.44537005,98388423.63291004,97631088.87223254,102738529.14638501,98824384.513955,101089274.36148499,93626516.86085999,99380484.92294253,98381233.42257497,97881227.31992503,96574417.32318752,96310550.74951503,91644716.61621502,97734511.38036501,103902925.14482251,91961895.09779252,89247586.03445752,92541161.87105003,102923666.97511753,106169089.81250505,99092897.94532251,91186992.49482004,103080853.46533254,101556340.68458503,96594105.68626249,101841723.00510003,94470342.71240754,100426828.33399503,99676247.98817506,99669219.10049751,100100856.63234255,97606332.46806249,104322141.73929502,99117148.0816725,100261627.40970506,96311917.38245,91755718.4399425,97237170.39674252,93389561.81837249,99400041.652795,95021138.56091253,96932934.10837501,87859005.455145,95891141.60339001,99392800.19340755,107698046.63748002,104735419.32883003
2018-02-28,106023783.57933502,106681047.73624498,94445160.20266753,97025462.96140002,93266235.02037004,99068423.63291004,98641367.04623254,103491529.14638501,98983384.513955,100996274.36148499,92742874.69085999,99204056.67294253,99202083.34657498,97055227.31992503,96909417.32318752,96667550.74951503,91467331.19121501,97650511.38036501,103735925.14482251,92433895.09779252,89764924.24445751,92733161.87105003,102857666.97511753,107428089.81250505,99567897.94532251,90834992.49482004,103561762.62733255,102206340.68458503,96597105.68626249,103484723.00510003,94126342.71240754,100579828.33399503,100674070.28917506,100224219.10049751,99832287.29634255,98583332.46806249,105047141.73929502,100173148.0816725,100482627.40970506,95790489.13245,91248718.4399425,96505170.39674252,93723502.99137248,99369041.652795,95314126.56091253,97872934.10837501,89447005.455145,95772141.60339001,99140800.19340755,107310046.63748002,105412419.32883003
2018-03-01,104671783.57933502,105731047.73624498,94575558.44866754,96886194.78440002,92369571.43037003,98144423.63291004,98692367.04623254,103298529.14638501,99194412.0758925,100838274.36148499,93516874.69085999,98243102.30894253,98995083.34657498,96632227.31992503,96221417.32318752,96751550.74951503,91454610.66671501,96928511.38036501,104421925.14482251,91794895.09779252,88596924.24445751,92946893.69405003,103224666.97511753,105945089.81250505,99302897.94532251,90241992.49482004,102655762.62733255,101243340.68458503,96553105.68626249,102515723.00510003,93700342.71240754,98939828.33399503,100051070.28917506,99514219.10049751,99825287.29634255,98371332.46806249,105441141.73929502,99288148.0816725,99562627.40970506,94824625.42245,90997718.4399425,97492170.39674252,92491502.99137248,99250041.652795,94542126.56091253,98156934.10837501,88224005.455145,95578141.60339001,98132800.19340755,106665046.63748002,104751419.32883003
2018-03-02,105935783.57933502,106497047.73624498,96206558.44866754,98112193.49190001,93606571.43037003,98874423.63291004,99313367.04623254,103697529.14638501,99159114.3048925,102146274.36148499,95541874.69085999,98404102.30894253,99321083.34657498,97356227.31992503,95752417.32318752,97893550.74951503,91738610.66671501,96199511.38036501,106218925.14482251,92174985.17674252,89112924.24445751,93595330.16405003,104159502.39792754,106883089.81250505,100089897.94532251,90550992.49482004,103270762.62733255,102070340.68458503,97685105.68626249,103953723.00510003,93466342.71240754,99426828.33399503,101205070.28917506,99425219.10049751,100545287.29634255,99835332.46806249,106144141.73929502,101022983.50448251,99142627.40970506,95489625.42245,92177718.4399425,98484170.39674252,92763502.99137248,100417041.652795,95690126.56091253,97207934.10837501,88677005.455145,96703141.60339001,97848800.19340755,106732046.63748002,104086419.32883003
2018-03-05,102694573.34319001,104232047.73624498,94926558.44866754,97350488.20690002,93753187.82630754,96542423.63291004,98127367.04623254,100978529.14638501,96903114.3048925,101073274.36148499,93837874.69085999,96988102.30894253,95928083.34657498,95468227.31992503,93760417.32318752,96646550.74951503,89192610.66671501,95388659.01109001,105487925.14482251,90586846.90174252,86975924.24445751,91390121.69927002,101618078.81314753,103739089.81250505,97789689.48054251,89766992.49482004,99955762.62733255,99133340.68458503,95663105.68626249,103839723.00510003,91883342.71240754,98111828.33399503,99435070.28917506,97442219.10049751,100262287.29634255,97744332.46806249,102533141.73929502,100972231.7619825,97321627.40970506,94233625.42245,90429718.4399425,96908170.39674252,90439502.99137248,97959041.652795,94774126.56091253,93931934.10837501,87081865.29771501,96561289.23411502,96401800.19340755,105424046.63748002,101461419.32883003
2018-03-06,104431919.16956502,105633047.73624498,97592368.44117004,100336640.28940001,94750970.70330754,98542423.63291004,99870367.04623254,103177652.64638501,98391761.0668925,103319224.493985,95660874.69085999,97820593.52844253,98601279.82607499,97040227.31992503,95629925.57185751,97771550.74951503,90469610.66671501,96619944.79109001,107316423.4843225,92573676.62674251,88251052.11445752,93824142.74727003,104207305.15714753,106759089.81250505,100313386.03504252,91258374.42894004,101809573.80783255,102173340.68458503,96973559.4462625,106148290.79377003,92963342.71240754,99842080.04766503,102332790.64967507,98683262.15799752,101763287.29634255,99738332.46806249,104762232.33429502,103288231.7619825,98844523.05737506,95470625.42245,92825970.29494248,97718684.87795752,92122195.13387248,99821064.857295,96840126.56091253,96456265.38087752,89236763.14221501,97718593.72461502,98318800.19340755,107818046.63748002,102863352.08400004
2018-03-07,103519204.94956502,103827571.96821997,96941496.52517004,100064640.28940001,94214970.70330754,98165423.63291004,99144367.04623254,102183304.24538502,97641761.0668925,104101224.493985,93710874.69085999,97710593.52844253,97688279.82607499,97506227.31992503,95604594.08135751,96679074.98149002,91522610.66671501,96374944.79109001,107116423.4843225,91302676.62674251,87262359.10645753,93473142.74727003,102791397.11984754,106164089.81250505,99576355.06534001,92176026.02794003,101071947.29211256,102669340.68458503,96301706.3422625,107022795.50577003,93258342.71240754,99509365.82766503,102896103.92734006,99021970.09149753,101481811.52831754,99459332.46806249,103138232.33429502,103605231.7619825,99864341.65687506,94641625.42245,93272970.29494248,97047726.71095753,90752195.13387248,99987064.857295,96713126.56091253,96670016.23687752,88892763.14221501,97086593.72461502,98924324.42538255,107889046.63748002,102473842.99600004
2018-03-08,104503642.12106502,104435646.30071998,96612496.52517004,100994640.28940001,94178970.70330754,98518512.18891004,99515367.04623254,102739299.14738502,97717512.0218925,105821224.493985,93996874.69085999,98200974.08694254,98711279.82607499,97547912.61842501,96469594.08135751,96816465.72049002,90994919.75771502,97088441.77559,107753423.4843225,92047676.62674251,87418359.10645753,94227142.74727003,102482632.26984753,106776089.81250505,100455931.61934002,93271026.02794003,100903533.25211255,102476340.68458503,96895706.3422625,108225795.50577003,93742179.90090755,100321365.82766503,103875642.15584007,99501970.09149753,102233340.22681755,99227332.46806249,104123232.33429502,104636231.7619825,100591341.65687506,95186768.43995,93477970.29494248,97705694.62345752,91740684.55837248,100021590.65979502,96873126.56091253,96982016.23687752,89944763.14221501,97670119.52711502,98490881.56738254,108978611.86398003,102451842.99600004
2018-03-09,105545642.12106502,104244631.30071998,96388496.52517004,100959640.28940001,93695970.70330754,97513512.18891004,99738367.04623254,102629059.70588502,97314465.4015725,105293224.493985,94273874.69085999,97827073.44644253,98292146.68407498,96442252.92492501,96998201.98335752,97478389.76891002,90572746.39771502,96155441.77559,108042721.5487425,92410676.62674251,86813047.71613753,94387142.74727003,102333824.38784753,106681089.81250505,100811931.61934002,93769026.02794003,100886269.30211255,101891340.68458503,96789706.3422625,108316795.50577003,93510179.90090755,100405365.82766503,103748642.15584007,99606768.07099752,102454638.29123755,97982981.6590625,104128154.29029502,105055231.7619825,100788341.65687506,94875066.50437,93781970.29494248,98002694.62345752,92036684.55837248,100010590.65979502,97020126.56091253,96989821.05587752,89861763.14221501,97948421.03711501,98241881.56738254,108623611.86398003,102287842.99600004
2018-03-12,105784642.12106502,104756631.30071998,96334291.61603004,99439640.28940001,93547858.22151254,97608512.18891004,99735367.04623254,102536059.70588502,96756801.81157249,105146224.493985,94859874.69085999,98341073.44644253,98447146.68407498,96087174.21092503,97100201.98335752,98033675.54891002,91290088.18321502,96758255.61502,107773614.99024251,92982623.94074252,87538552.67063752,94383142.74727003,102756824.38784753,108382338.23400006,100731931.61934002,94388026.02794003,101292128.02211256,101904897.89458504,97152593.8604675,108800795.50577003,93518179.90090755,101202365.82766503,103811642.15584007,100144768.07099752,102394099.18523756,97205612.0602575,104700154.29029502,105446231.7619825,101259341.65687506,95800553.00437,93572970.29494248,98395694.62345752,92377684.55837248,99203221.06099,98586126.56091253,97774821.05587752,91365763.14221501,97815985.58211501,97981325.80800755,108897611.86398003,103087842.99600004
2018-03-13,108161642.12106502,104978205.08392496,98372628.02603003,101963640.28940001,93892801.89601254,97333512.18891004,100883367.04623254,102875469.93742502,97668375.5947775,106015224.493985,95559295.81235999,98321073.44644253,98690146.68407498,97446747.99413002,97434201.98335752,101137675.54891002,93079088.18321502,97226716.50002001,110276614.99024251,93952623.94074252,88701552.67063752,96629830.90797503,104715914.33784753,109639256.09050006,101736931.61934002,96124862.47627504,103663128.02211256,102331188.54692504,97703537.5349675,110807795.50577003,93897179.90090755,102082365.82766503,105839642.15584007,100151768.07099752,103575458.10873756,98891817.6882575,105588154.29029502,106743231.7619825,101904341.65687506,96095553.00437,94672970.29494248,100272694.62345752,92533258.34157749,100291270.99849,99094126.56091253,98462517.05386251,92784763.14221501,99752985.58211501,99462113.09700754,109655611.86398003,102931842.99600004
2018-03-14,106909297.52306502,105689480.86492497,99040628.02603003,103865640.28940001,94431801.89601254,98220168.78891003,100965925.01444253,104303105.33642502,99929242.3227775,107864224.493985,96494295.81235999,98792073.44644253,98801704.65228498,99173833.45113002,98408201.98335752,101927675.54891002,92807088.18321502,97797177.98302001,110779614.99024251,93698623.94074252,89450552.67063752,98781538.73997504,105506445.66184753,109213256.09050006,102406931.61934002,97862692.28177504,104192128.02211256,103526835.84442504,98779537.5349675,110832795.50577003,94463179.90090755,103219365.82766503,107956642.15584007,101310768.07099752,103762458.10873756,99635988.9992575,105983471.98779503,107962231.7619825,103376341.65687506,96875553.00437,94949970.29494248,101042694.62345752,92545645.38157749,101657270.99849,98963126.56091253,98373602.51086251,92338814.97921501,100120985.58211501,101751113.09700754,111065611.86398003,103799842.99600004
2018-03-15,107413297.52306502,106356480.86492497,100235628.02603003,104869640.28940001,95033801.89601254,100208168.78891003,101432385.89944254,105229105.33642502,100683242.3227775,109254224.493985,96660295.81235999,99129073.44644253,98618069.88028498,99139833.45113002,99388201.98335752,102770675.54891002,93350088.18321502,97454177.98302001,110730614.99024251,93481623.94074252,89451552.67063752,99956538.73997504,106384445.66184753,109158256.09050006,102678269.30284002,98210692.28177504,104844128.02211256,104241835.84442504,99270537.5349675,111986795.50577003,95365179.90090755,103949365.82766503,109850642.15584007,101987768.07099752,103376458.10873756,100507988.9992575,107146471.98779503,109224231.7619825,104252341.65687506,98391553.00437,95590970.29494248,100871694.62345752,93528645.38157749,102194270.99849,100191126.56091253,98244602.51086251,92280814.97921501,100509985.58211501,102577113.09700754,111327611.86398003,104522842.99600004
2018-03-16,108612297.52306502,107464480.86492497,100557628.02603003,103917640.28940001,95475801.89601254,100475168.78891003,101513385.89944254,105082105.33642502,99974270.9627775,108293224.493985,96846295.81235999,99504073.44644253,98647069.88028498,99154833.45113002,100073525.80035752,103010675.54891002,94450088.18321502,98505804.98002,110203614.99024251,94056863.51624252,89008458.74363753,99643136.62997504,108268445.66184753,110228900.80100006,102544269.30284002,98054692.28177504,105575128.02211256,105430983.36976254,99806537.5349675,112984795.50577003,96073179.90090755,104088365.82766503,110661642.15584007,100856941.39099753,104032458.10873756,102338988.9992575,107487310.10129502,110116231.7619825,105121341.65687506,100369553.00437,95769970.29494248,101163694.62345752,94518645.38157749,102068270.99849,101601126.56091253,99009426.52636252,93294814.97921501,101022985.58211501,102622113.09700754,112530429.56848003,105508842.99600004
2018-03-19,110309297.52306502,108635480.86492497,101008628.02603003,103821640.28940001,95042801.89601254,100308860.92891003,100908236.32944255,106548105.33642502,98519270.9627775,108218947.291985,97978295.81235999,100943856.24044253,99938780.96790498,99321833.45113002,100428525.80035752,101910675.54891002,94198088.18321502,98699804.98002,110342614.99024251,94997863.51624252,90021458.74363753,97949136.62997504,108629445.66184753,110927900.80100006,104027269.30284002,96994692.28177504,106332128.02211256,105383169.08976254,100268537.5349675,113656795.50577003,96036179.90090755,104105824.12816504,110458642.15584007,100858365.85199752,103863458.10873756,103109988.9992575,107399310.10129502,109054231.7619825,104242341.65687506,100409553.00437,96449970.29494248,101539694.62345752,94473645.38157749,102573270.99849,100974126.56091253,98065426.52636252,92973814.97921501,101655985.58211501,101483113.09700754,111958429.56848003,106091842.99600004
2018-03-20,110474449.92956501,109449480.86492497,101571628.02603003,104302640.28940001,95387393.90201254,99591256.80641004,101339236.32944255,105840105.33642502,99499178.2007775,109132947.291985,98534295.81235999,100694856.24044253,100017887.23990498,99093833.45113002,99576525.80035752,102923675.54891002,94686580.69221503,98904804.98002,110901614.99024251,96217863.51624252,89668158.97863753,97696136.62997504,108641445.66184753,110906900.80100006,104587269.30284002,96876692.28177504,106879128.02211256,105709169.08976254,99934537.5349675,112868795.50577003,95982194.16190754,103758824.12816504,110687642.15584007,101350365.85199752,104207458.10873756,102525988.9992575,108227363.16423252,109043259.7944825,103474226.16287506,99914553.00437,97742970.29494248,100966146.60995753,94176563.9485775,102979270.99849,100624126.56091253,98055426.52636252,93072814.97921501,101538417.05811502,100757113.09700754,111305227.80098003,105499842.99600004
2018-03-21,111352449.92956501,110267480.86492497,101703628.02603003,104516640.28940001,96546393.90201254,100082517.26291004,101493236.32944255,106045342.97142501,99857178.2007775,109419947.291985,99076295.81235999,101738856.24044253,100792887.23990498,99668833.45113002,100348025.20085752,102704675.54891002,95360580.69221503,98974804.98002,110739614.99024251,96487863.51624252,90348158.97863753,97921136.62997504,109230445.66184753,111826900.80100006,104581269.30284002,96958692.28177504,107888128.02211256,105886169.08976254,99660537.5349675,113663795.50577003,95898740.38940755,104296824.12816504,110873642.15584007,102637365.85199752,104382458.10873756,103259988.9992575,107927662.15323251,109113259.7944825,103993226.16287506,100890553.00437,98427970.29494248,101517146.60995753,95341267.06907749,103288270.99849,101204126.56091253,99327968.45236252,94080814.97921501,102097417.05811502,101338112.19750756,112626586.22598003,105468076.62850004
2018-03-22,111183449.92956501,109784480.86492497,101109628.02603003,104489640.28940001,96656641.89151254,100485517.26291004,100568030.66344254,105691788.24142502,99225178.2007775,109948947.291985,97882295.81235999,102039856.24044253,100348887.23990498,99244833.45113002,101889025.20085752,101265852.11391002,94586580.69221503,97956804.98002,110680511.8047425,95909080.87874252,90019158.97863753,98003136.62997504,107902445.66184753,112214900.80100006,104483269.30284002,96697579.95377505,107068128.02211256,105191169.08976254,98929537.5349675,115031484.69577003,94985740.38940755,103570824.12816504,111394642.15584007,103556365.85199752,103895681.81692255,103118988.9992575,106253662.15323251,108456168.09898251,104852226.16287506,101141553.00437,97835970.29494248,100885146.60995753,94697267.06907749,102629442.45649001,100899320.01591253,99582968.45236252,94845456.48671502,101847417.05811502,100574112.19750756,114390586.22598003,104993912.13850003
2018-03-23,108358449.92956501,106729390.63992497,98380628.02603003,102784640.28940001,94627641.89151254,98161672.30676004,98098030.66344254,103670560.01392502,96664178.2007775,107569947.291985,94923295.81235999,100056856.24044253,97979001.18099998,96335833.45113002,99729331.14085752,97884868.42991002,92932655.66485003,95408741.04002,107842511.8047425,93402316.62874252,87639158.97863753,94943047.71075504,105139445.66184753,110043900.80100006,102096288.96793002,94038764.33193254,103854128.02211256,102003169.08976254,95945537.5349675,113910484.69577003,92737801.42290755,99493824.12816504,109687642.15584007,101812301.91199753,102773586.76892255,100399988.9992575,103420131.33573252,105846412.0571575,103108883.90036505,98856553.00437,95872557.1749425,98017703.84594753,92880267.06907749,100321442.45649001,98287320.01591253,97562968.45236252,93838456.48671502,99346029.51706752,97232112.19750756,112181586.22598003,101771939.75029504
2018-03-26,111249044.96606502,107049121.54342496,99421360.00953004,103670504.00940001,93891641.89151254,97542708.53676003,98043093.89059255,105274339.12142502,96874470.7387775,108134651.39798501,97166537.68136,101038060.48944253,98521219.19249998,96015201.55263002,99785305.37435752,98202319.21041003,93831768.25785002,95625047.49752001,108623452.5392425,96257316.62874252,87429234.33263752,96261325.03825504,105005616.15934753,109352900.80100006,103955491.37043001,94457222.91293254,106540678.51811256,102889169.08976254,96555189.8904675,113439484.69577003,95088655.64340755,100545245.34454754,111514693.43584007,101694146.82799752,103415694.53755255,100514381.2482575,104239356.04823253,104969021.9866575,101809478.72036506,99343316.98937,97409314.55494249,98054481.87144752,92830267.06907749,100675442.45649001,98038810.93141253,98112904.47386253,93455456.48671502,101733426.44706751,98185729.97050756,112309885.56098004,102613764.98029505
2018-03-27,110378044.96606502,106550121.54342496,98806360.00953004,102540597.89240003,92028133.77651255,97191708.53676003,97199363.97809255,104258706.65142502,95902575.1182775,107694181.12498501,96850537.68136,100856060.48944253,97582153.95191999,96406982.31013003,100206934.84485751,98103319.21041003,93475788.07585002,95178212.91902001,107965850.82374251,95880316.62874252,86399991.40063752,95419214.79375504,104608101.45934753,107702900.80100006,103423701.50543001,93732028.21150005,105650678.51811256,102785103.14026254,95970189.8904675,112319484.69577003,94763941.42340755,99929859.21204755,110706912.67584008,100524146.82799752,103061080.37755255,98449617.9966275,104011631.23123252,102900150.88265751,100499876.46786506,98259316.98937,96705021.18694249,98167797.35644752,92007267.06907749,99072289.56099,97256810.93141253,97485904.47386253,92756735.866215,101515053.04006752,98433729.97050756,111127885.56098004,103100764.98029505
2018-03-28,109308044.96606502,104845910.64082497,97539915.95592503,101685597.89240003,91138923.64901255,96146359.85276005,96972538.15309255,102799706.65142502,95341224.5572775,106972181.12498501,95684537.68136,99642476.66444254,95950063.70391999,95457982.31013003,99309934.84485751,97312319.21041003,92260788.07585002,95353212.91902001,107588850.82374251,95474316.62874252,85880612.65163752,94024214.79375504,102202632.09434754,106676916.89600006,103266701.50543001,93026937.97250004,104564678.51811256,101673103.14026254,94292567.4954675,110270180.33427003,94197941.42340755,98635859.21204755,109916912.67584008,99123899.18549752,102504080.37755255,96527159.0526275,102745631.23123252,101703009.55615751,98334697.28586507,96512473.60837,96249021.18694249,97725789.66144753,91047721.89907749,96835137.89549,95528278.33641253,98616441.51086253,92508960.57871501,101435053.04006752,97084188.46672755,109551112.22198004,101871764.98029505
2018-03-29,108469174.51818752,104166036.92482497,97177721.50492504,101335597.89240003,90771611.46901254,95444359.85276005,96610150.39703256,102290589.23942502,94673933.93226251,106453181.12498501,95312473.50836,98734476.66444254,95335572.57373999,94575355.09063002,98453198.45980752,97024342.81041002,91185552.04780002,96198970.73150751,106934850.82374251,95240085.82192752,85093640.41933754,93403217.60207504,101500827.60534754,107109916.89600006,102855701.50543001,92631937.97250004,103872621.47011256,100667753.35285254,93381100.9044075,109540179.14327003,93704079.48340756,98228852.80004755,108910912.67584008,98879015.52343753,102302080.37755255,95893159.0526275,101748739.50323252,100982009.55615751,97829552.52230506,96045473.60837,96219021.18694249,97100912.50994752,90441322.16657749,95745034.72799002,95067784.39791253,98690441.51086253,92755960.57871501,100083053.04006752,96149321.84972756,109095112.22198004,100993241.07523504
2018-03-30,108811174.51818752,105076036.92482497,97323721.50492504,101602351.51240003,91827611.46901254,96028359.85276005,97719150.39703256,103227589.23942502,95571456.0532625,107163181.12498501,96015473.50836,99396476.66444254,95654326.19374,95640328.17463003,98603045.77580751,97536096.43041003,91258002.40630002,97127970.73150751,107310039.53743501,96952085.82192752,85760496.43983753,93479971.22207505,101995827.60534754,107333258.25450006,103783701.50543001,93299791.08650005,104931621.47011256,101060690.12285253,94066844.35740751,109904179.14327003,94404079.48340756,98880852.80004755,109130741.45334008,100520990.80893752,103150973.32755256,95714159.0526275,101951879.07573253,102151009.55615751,98994225.93330505,96092473.60837,96908021.18694249,98161912.50994752,91502343.8765775,95634804.98968253,95814784.39791253,99664441.51086253,93638789.35621502,100392738.87476002,95741321.84972756,109564112.22198004,102349776.40523505
2018-04-02,112481149.91818753,106674456.06732497,98385721.50492504,102057652.30140002,93311611.46901254,98439359.85276005,99677406.15903255,105200324.80192502,97742456.0532625,107882181.12498501,97944473.50836,101104476.66444254,97638372.93723999,97209424.44063002,99908045.77580751,98906949.45091002,93326594.56930003,99170631.73650752,107503654.19409251,99656996.37692752,87195496.43983753,94733744.00057504,103675714.13034754,109344993.81700006,104791701.50543001,94449791.08650005,107627621.47011256,103380543.14335254,95206844.35740751,111499179.14327003,95673048.17290756,100418852.80004755,110119007.82134008,101349826.31893753,103745558.00605255,97884335.1959525,103249879.07573253,103942009.55615751,99683696.33130506,98338473.60837,98094010.51776749,99351912.50994752,93071688.39107749,96923132.62268253,97255784.39791253,102186441.51086253,95277775.55621502,102413524.95476002,96508321.84972756,109108369.13448004,104794776.40523505
2018-04-03,113059149.91818753,108779640.58732498,98056293.53992504,102053486.76614502,93698850.68133755,98526359.85276005,99775394.33163005,105954396.55142502,98163382.41415751,108976250.924985,97906863.2743375,101407289.34044254,98397740.342395,96776574.79188003,100879884.56530751,99916523.18291003,93427594.56930003,98475631.73650752,107658831.20959252,100889996.37692752,87976908.15597004,96829744.00057504,103741617.18084754,108214967.50950006,104153273.54043001,95190791.08650005,109482621.47011256,104269913.10825254,95562994.7086575,112293179.14327003,95717412.79540755,101149404.26670255,111181580.35334007,102818826.31893753,105066203.69055256,98322521.7029525,102089978.96463253,104432393.77415752,100931696.33130506,99185240.64837,98590966.09976749,100164226.08594753,93287688.39107749,97582132.62268253,96912784.39791253,101582441.51086253,95187775.55621502,102768524.95476002,96524623.93712756,109292572.04448004,106031776.40523505
2018-04-04,113287149.91818753,109183640.58732498,97935699.39192504,102994222.81614502,94048337.18133755,98605570.70676003,99781241.64763005,106687396.55142502,97247249.1421575,108309552.11098501,97241914.5133375,100987289.34044254,98478041.528395,97286873.57788002,101188884.56530751,101136523.18291003,93689134.81830002,98870634.26150751,107190000.90902752,101228996.37692752,87804245.16597003,96076257.32420003,103585617.18084754,108010967.50950006,104059503.08743002,96675212.06650004,109901621.47011256,103497618.54025254,94807222.7429675,112178179.14327003,95495244.02140756,102105832.03220254,112031580.35334007,103095880.60058753,105515203.69055256,98415521.7029525,101161549.62913252,104522393.77415752,101048937.41300006,98488420.08737001,98944966.09976749,101155226.08594753,94081146.79207748,96651132.62268253,96371944.01291254,101704441.51086253,96221017.72921501,102807825.74191251,95899840.27512756,108923927.17348005,105743805.14223504
2018-04-05,114281149.91818753,110395640.58732498,97838699.39192504,104462222.81614502,95852337.18133755,99423570.70676003,100980241.64763005,107673396.55142502,97455249.1421575,109115552.11098501,98307914.5133375,102487289.34044254,98943041.528395,98786873.57788002,101644884.56530751,102371523.18291003,94898134.81830002,100066634.26150751,107600825.2130275,103341996.37692752,89212245.16597003,95873113.44620004,104035617.18084754,108754967.50950006,104559503.08743002,98284212.06650004,111246621.47011256,103878618.54025254,94730444.6839675,113180179.14327003,95660244.02140756,103753832.03220254,113076580.35334007,104454626.05658753,106224203.69055256,98927521.7029525,101561784.77913253,106543393.77415752,102104740.90200007,99593420.08737001,100116966.09976749,103075484.96094753,95829146.79207748,96629132.62268253,96835299.83491254,102945969.41236252,96911573.67121501,103976373.57941252,95887840.27512756,109764927.17348005,107413805.14223504
2018-04-06,114651345.36204752,110275640.58732498,98624699.39192504,105098222.81614502,95981337.18133755,99308570.70676003,101043282.82863005,107894396.55142502,96798249.1421575,109004552.11098501,98977986.2108375,102142289.34044254,99455041.528395,97844873.57788002,101455884.56530751,102619523.18291003,95023134.81830002,99700634.26150751,107553825.2130275,103336996.37692752,89473245.16597003,95750113.44620004,104725617.18084754,109215967.50950006,105281503.08743002,97919212.06650004,111972621.47011256,103671618.54025254,94528444.6839675,113603179.14327003,95507244.02140756,104077832.03220254,113625580.35334007,104545626.05658753,106110203.69055256,99237521.7029525,101323784.77913253,106831666.99465752,102559740.90200007,99473454.96673001,100603966.09976749,102857484.96094753,95385146.79207748,96998132.62268253,97151299.83491254,102851969.41236252,96279573.67121501,104013373.57941252,95864840.27512756,110878448.60571504,107545805.14223504
2018-04-09,116224329.76204753,112519640.58732498,100894699.39192504,105576222.81614502,96089337.18133755,99651570.70676003,102407282.82863005,107972396.55142502,98446249.1421575,109731552.11098501,99536986.2108375,103219289.34044254,99572041.528395,98410012.30488002,102595549.27730753,103645523.18291003,95845789.79180002,100810634.26150751,108502825.2130275,105120996.37692752,90889245.16597003,96406113.44620004,106202185.56584755,109641967.50950006,105924503.08743002,97703212.06650004,114656621.47011256,105491387.98275255,95005444.6839675,114944179.14327003,96627244.02140756,104684832.03220254,114973580.35334007,104838626.05658753,106846144.53655256,100315521.7029525,101239450.40899253,107548666.99465752,103465740.90200007,100221200.42273001,101330966.09976749,104594484.96094753,95750146.79207748,98281132.62268253,97173240.68091254,104323969.41236252,97025573.67121501,104679373.57941252,96957840.27512756,111651833.24571504,108626805.14223504
2018-04-10,114702582.29154752,112079640.58732498,99822699.39192504,104212222.81614502,95428337.18133755,98915570.70676003,101219282.82863005,106566396.55142502,97122249.1421575,107792552.11098501,99424847.1007625,102259289.34044254,98245914.928395,97349012.30488002,102070549.27730753,103055523.18291003,94851789.79180002,99593634.26150751,105824587.53083502,104727996.37692752,90258245.16597003,94684444.51920004,105563185.56584755,108633967.50950006,104264503.08743002,96858212.06650004,114519621.47011256,105751387.98275255,94150023.1646075,113541179.14327003,95532244.02140756,104609913.75820254,113065580.35334007,103143626.05658753,106113017.93655255,98824521.7029525,100622345.24886753,106347666.99465752,102597740.90200007,99606200.42273001,99761966.09976749,104333484.96094753,94780146.79207748,97457132.62268253,97345240.68091254,102752969.41236252,95621573.67121501,104463373.57941252,96790840.27512756,111153833.24571504,108542693.88723505
2018-04-11,111139582.29154752,108713727.82182497,96605732.10215503,101030222.81614502,93012721.90329255,95806628.20276004,98374282.82863005,102928037.00513752,94192828.7345075,104727187.59551,96632072.8447625,100224628.53944254,94622914.928395,94869577.10441752,99735461.93590751,100106259.76047252,91992411.67841002,97829720.97983252,102481820.97745001,101778561.79492752,87625678.60262004,91448445.23470004,102489185.56584755,106652967.50950006,101151001.21918501,94366268.91072504,111055621.47011256,102727387.98275255,91328360.7836075,110326450.17577003,93120700.29190755,102353268.14180255,109843580.35334007,99960070.04408753,102733372.32015255,95430730.6843725,97621208.71943003,103965666.99465752,99831740.90200007,96804386.05097,96951221.5347675,101648484.96094753,92624198.46767749,94700600.08518252,95382240.68091254,101171969.41236252,93962668.04871503,100824181.17111251,94222939.74962756,108803833.24571504,105903693.88723505
2018-04-12,111327126.07404752,108005641.46282497,97222159.16615504,100850870.77839503,92698390.24629255,95398080.34191003,97607730.32385504,102273225.45863754,94367121.8600075,104421712.1137,97135928.7947625,99432177.29594254,94113402.089585,95387577.10441752,99349687.96290752,99682297.90597253,91852001.85091001,98243166.94183251,102823392.18945003,101737552.57192752,88038306.38662003,91006095.79470004,102662453.63834754,108224967.50950006,101679935.327185,94257616.04672505,111185621.47011256,103928387.98275255,90825535.0041075,111257437.91327003,93872948.83240755,102639268.14180255,109432039.12134008,98816834.15408753,102362339.00015256,95748079.6018725,98110518.15693003,104086666.99465752,99341125.95850006,96471527.85497001,97038582.64276749,101040553.98117253,92767632.11917749,94994909.52268252,95958713.52841254,101636203.19986252,93992809.62471503,100939407.19811252,94234422.88312756,108492635.05171505,106512579.04423505
2018-04-13,109489126.07404752,106271612.65832497,94914159.16615504,100311818.15439503,91738147.25729255,94381207.57491003,96367262.19985504,101127810.21863753,94284659.96939,103678200.4632,95110928.7947625,98509057.76389754,93003349.465585,94916202.58191752,98196930.55790752,99563244.02997252,90234902.89841002,98007852.56583253,101480682.45475003,100618489.13913503,86976306.38662003,88882433.24370004,101250771.11444753,106939967.50950006,100786081.42839251,92801652.99972504,109436621.47011256,100923468.26913504,89549924.5777175,109124557.43927003,92490948.83240755,101225268.14180255,107865404.39434007,98129303.76043753,101639339.00015256,93254079.6018725,96813138.03140503,103389855.46365751,98144125.31100006,95238120.36697,96334260.65176749,99948385.48517254,91606389.1301775,93959064.43044002,94038713.52841254,101882655.46486253,92434432.51971503,99614458.08246252,92439705.25762755,107208177.32521504,104790579.04423505
2018-04-16,108784034.46404752,105550761.97632498,93949387.19115505,98611491.21808003,90718940.70268005,93015408.83727503,95711267.91072005,100483097.52563754,94222322.08439001,103320897.28370002,94539123.51925251,97781071.48039754,92066811.1614675,95285133.21691753,96669042.43290752,99898209.80547252,90285947.22241002,98192593.01883253,100804189.18775001,100911813.10813503,86492633.35412003,87674843.90705004,101119869.56194754,106949184.28900005,100603071.7148925,93112115.50922506,108645634.10611255,100007122.88863504,89482816.3207175,108432851.41677004,91721948.83240755,100487930.25680254,106461700.97484007,98159402.20793754,101817792.12015256,91843575.4378725,96325027.05965504,103389855.46365751,97008389.92744257,94546324.87947002,96118342.7597975,99727319.50217253,90978982.495565,93972622.95732251,93087713.52841254,102213655.46486253,92268604.95271502,98887040.68096253,91492471.54512756,106388744.76521505,104461029.46923505
2018-04-17,109996455.76904753,106180999.34973748,94499526.42765504,98438227.26808003,91405642.93168005,93611726.72327504,96639944.38772005,100923208.20063753,94797912.406315,102977935.069985,95675060.2892525,98589455.40389754,92206937.4454675,95404809.61691754,96842888.01987752,101292806.97147253,90338591.55199501,100158381.60033253,100007519.12275001,101841913.77713503,87058774.27309003,87667225.23721004,101727878.27544755,108330544.35900006,101073310.56639251,94061851.55922505,110214383.21011256,100354944.06187004,90233215.1597175,108433393.22677004,91353758.82040755,101537214.82180254,106870472.14707257,99220402.20793754,102895867.77415256,92081106.6948725,95973311.02691504,104800978.07865752,97764371.94244257,95422000.12947002,96096410.84029749,100621056.83283253,90936750.363565,95224622.95732251,93948631.33141254,104250243.79486252,93118523.86671501,99081031.00096253,91835992.77512756,107570880.30021505,105468777.72981504
2018-04-18,108652255.65804753,103758917.84937748,92145637.61015505,96991266.89449002,90222351.37268005,92300165.60227504,95513838.30901004,101747834.19363755,93168061.20381501,101574241.302125,94284060.2892525,97053305.82059754,90751066.5354675,95592176.04491754,94279314.48387752,99965731.14147253,90141486.193495,100794307.16433252,100589674.13525003,100738394.67413503,85830201.33709005,86696203.73871005,100699878.18294755,108135641.92650005,100193791.46339251,92482201.58422506,107779383.21011256,99279193.52837005,88628323.1392175,107267102.46177004,90463055.11390756,101245286.67280254,106717050.61157258,97705402.11543754,101129100.33015256,91325328.78165,94031564.19491504,103243978.07865752,96589243.58094257,94294621.71047002,93936223.9968375,100317167.31383254,89194125.999,93597672.89482251,93002631.33141254,104875903.59986252,93600927.71491502,97652816.08260253,91106614.35612756,105492163.30750506,104928923.42581505
2018-04-19,107392255.65804753,101268917.84937748,89707669.02271505,94778167.12449002,87490416.54756255,90468230.77715755,94395838.30901004,99949834.19363755,91975961.433815,100742241.302125,91682064.0332475,94821656.60957004,88566417.32444,93998105.71416003,91524285.76822752,98055396.93209253,88598402.4781425,100265065.87341753,100039385.70712502,98909394.67413503,83363590.44521254,85525977.76542254,99584878.18294755,108202265.61190505,98624791.46339251,90169216.77774255,104127643.88056256,96624288.28436255,87213223.3692175,104886802.81915754,88291068.12325256,99745286.67280254,105201950.84157258,96540402.11543754,99220411.52898006,90299229.01165001,91904852.33628254,101042884.03702751,94231636.95844257,92540621.71047002,91601223.9968375,98027167.31383254,87479125.999,92259573.12482251,90868442.02048503,105291903.59986252,92894679.56270751,94966078.15104753,89961614.35612756,103112163.30750506,104000923.42581505
2018-04-20,108136079.46054754,102663253.80422749,90093393.23059005,95214239.97449003,87834115.76642755,91315611.82215753,95418838.30901004,101427694.49751253,91820921.406315,101084525.402125,93345937.1382475,96430529.71457005,88856322.78694001,95301105.71416003,91441239.27760252,98398081.12686253,89032571.4706425,102550410.80341753,100853385.70712502,100048267.77913503,84818583.29271254,85879064.50292253,101035504.77794755,109594400.53690505,99647385.00089252,91017806.81774256,104692570.48306257,97097787.98436256,87892201.11421749,105458297.30103254,88670183.00211754,100960159.77780254,105242255.30407257,97367943.76043753,99619799.33648005,91044687.64915001,92114655.77628253,101252608.01702753,94808418.60844257,93290019.41933501,92430292.5147125,100011974.29033753,88034363.12419999,92218769.77076001,91978605.65048504,106599138.39736253,94760209.05770752,95736120.33792754,90044384.92499256,104719114.82235506,105818923.42581505
2018-04-23,106071300.48423253,99503389.49422748,86383656.59316254,93638640.03924003,85277608.81192505,88559386.29915754,91943160.68054006,97721525.69035253,89452500.780315,98265217.475375,88198608.44062251,91817138.05143005,85836911.7098,90975322.05216004,87660827.0948525,93697270.68956253,86725625.22973001,100593936.62591752,98161223.61819002,95436625.91191503,82365959.67068754,83486911.11300004,96632891.85673505,106926347.28821754,94080372.99986252,87236014.68049255,100982804.09556256,93669779.70024756,84410634.309005,101836361.49312003,85707835.00711755,99473292.21316755,102523226.92747258,95258927.20992503,94749665.41669255,88622037.37667,89425668.35714254,99446353.12974752,91942282.49710757,91485694.13183501,89030243.3347475,96293137.06966254,83768076.374045,91244617.68676001,88130907.73811504,106762138.39736253,93713274.51170751,92371383.66382754,88119847.85172005,101396000.68319505,101775894.69365504
2018-04-24,106609373.30923253,99417147.9842275,86270078.75316255,93947640.03924003,85325363.00192505,88363295.99297003,92078435.94554004,98045425.35035253,89232969.29874499,98102405.11142,88004127.79017252,91142340.02393004,85513694.11230001,90974381.44171004,87272382.44841251,94594565.79956254,86074692.06973001,99229840.89591752,98024941.40819001,95220024.58439502,82682777.67068754,83115911.11300004,96672030.43423504,106222412.85821755,94232466.78861003,87844145.46049255,101250075.81056257,93211957.03524756,84443918.564005,101982508.62062003,85165471.19593005,100276292.21316755,102155226.92747258,95678708.80992502,95498084.31169255,87587483.21667,89561270.96214253,99978353.12974752,92612282.49710757,91563884.654335,88672721.8947475,96934586.27725753,83827226.091265,91394617.68676001,88177912.34811504,105663566.61986253,93288274.51170751,92824317.45587754,88290038.37422004,100739229.39319505,102497865.05365504
2018-04-26,106647373.30923253,99301781.0930775,85843054.84566255,92845920.32053503,85036815.38666505,86784606.63128504,91026071.00337255,96402118.19039503,88995901.58751749,96803499.662045,86666738.89142752,89419784.98137003,85467193.4298,90741666.43671004,86475183.33230503,92213190.96149504,85064358.54199252,96885753.48622252,96604453.21819001,94393007.85021003,82032531.77548754,82393596.91450003,94697961.91220504,104147390.39071757,92154668.78453003,86968004.77948505,100773247.12156257,92445558.65209757,84197950.991005,99631275.65234002,85517687.54720256,100318292.21316755,100074485.93546008,95376850.55567752,93911022.99179256,87398597.28167002,89953236.42717253,99800353.12974752,91039493.83210757,90988884.654335,88473788.76031,96017089.85507253,82761747.04481499,91108358.45676002,87562981.86493005,104191566.61986253,89314794.45720753,92410080.18598753,88228970.66299254,98545983.10058255,102057865.05365504
2018-04-27,107611373.30923253,99932746.6355775,86575054.84566255,92315473.36553504,84751815.38666505,86718696.73628503,90135036.54587255,96443671.23539503,89989901.58751749,97226018.24954501,87093738.89142752,89933784.98137003,85985193.4298,90644341.84171005,86686183.33230503,91345946.16149504,84225358.54199252,97762753.48622252,96125559.30819002,94523371.53671503,82580531.77548754,82654596.91450003,95426725.16970503,104299472.20571756,92372585.51603504,86853863.03948505,101651247.12156257,92733558.65209757,84479701.968505,99888455.26734003,85651687.54720256,100912292.21316755,99351484.48196508,96116850.55567752,94343576.03679255,87864597.28167002,89711310.78633253,100699353.12974752,91044046.87710756,91606437.69933501,88885788.76031,95616402.53007254,82323739.34981498,92176358.45676002,88104981.86493005,105005566.61986253,88432220.47720753,92829080.18598753,88894970.66299254,99004536.14558256,102839418.09865505
2018-05-02,107764373.30923253,99178912.9435775,86160678.03266254,91741519.31503505,84604802.59266505,86589557.73756003,88873291.12887256,95409851.95239502,90757370.37401748,95241827.452045,86113102.02392751,88255571.66137004,86450098.77880001,89444629.42171004,86409598.19330505,90740282.01349506,83940164.55299252,97336599.60222252,95199846.88819002,93766868.64271504,81009857.47798754,81512761.72700003,94474342.95670503,102529713.75010507,91882668.48053503,86016553.31211005,100222621.65406257,91980792.40809757,83617065.498005,99412815.39984003,84944613.41570255,101133429.70316754,98398208.62185258,96603211.38067752,92741371.42129254,87363999.83817002,89193136.79783255,101608746.38174751,89086788.33587757,92543305.02733502,88790812.10981,94524402.53007254,82077829.230315,92465817.33876002,87573183.09243006,104622471.96886253,87053821.33118503,91537577.29198754,89276258.24299254,98319076.88458255,102757418.09865505
2018-05-03,108148373.30923253,99705912.9435775,86017678.03266254,91782519.31503505,84314143.65066504,86751557.73756003,89031291.12887256,96211851.95239502,90464370.37401748,95483497.417045,86157525.84532751,88816353.00389004,86423098.77880001,89903629.42171004,86075598.19330505,90912282.01349506,84012164.55299252,97158599.60222252,95704846.88819002,93718100.64271504,81668586.27798754,81608023.98849753,94991342.95670503,102297713.75010507,92063668.48053503,85798656.31396005,100260376.85406257,91764828.55061758,84382065.498005,98579047.23658003,85223162.34070256,101536429.70316754,97699208.62185258,96585211.38067752,92417823.34504256,87365999.83817002,88484136.79783255,101756746.38174751,88912380.22090256,92487305.02733502,88547812.10981,94719634.53007254,82115829.230315,92599817.33876002,87878183.09243006,104631471.96886253,87187821.33118503,92375577.29198754,89597258.24299254,98481076.88458255,102771650.09865505
2018-05-04,109435373.30923253,101513912.9435775,85588672.61766255,91884519.31503505,84353143.65066504,86625557.73756003,88901291.12887256,97137851.95239502,90964370.37401748,95927497.417045,85909525.84532751,88822353.00389004,86893098.77880001,90253629.42171004,86039598.19330505,90952282.01349506,83769164.55299252,96580599.60222252,96164846.88819002,93990100.64271504,81793586.27798754,81650023.98849753,95443342.95670503,101424713.75010507,92214668.48053503,85757656.31396005,100241376.85406257,92176828.55061758,84857065.498005,98610047.23658003,85423162.34070256,102867429.70316754,98292208.62185258,97236211.38067752,92688823.34504256,88322999.83817002,88635136.79783255,102201746.38174751,89131380.22090256,93300305.02733502,88269046.59730999,94500634.53007254,82168829.230315,92829817.33876002,88370183.09243006,104169471.96886253,86431821.33118503,93586577.29198754,89960258.24299254,99457076.88458255,103398650.09865505
2018-05-07,109195373.30923253,101803912.9435775,86916672.61766255,92989324.70553504,85077139.15516505,87049169.91256005,88868365.14840256,97681851.95239502,91495757.41401748,97310519.035045,87522713.3653275,89249040.82389003,86978545.85480002,90484629.42171004,87360885.77330504,91676723.48649505,83727852.37299253,96839740.13572252,96729846.88819002,94660407.03471504,82330348.44148755,82149819.64002752,97097701.28020504,101405265.33260506,92512640.87153503,86390851.83696005,101032362.45406258,92854014.87061757,86033027.883005,99718553.14858003,85916641.23470256,102622429.70316754,99349574.44985259,97296749.11067753,93149930.21704257,89679131.72517002,89174949.09283254,102824233.58324751,90234763.45790257,93926492.54733501,88242349.18631,94651172.26007254,83715287.51231499,92245721.85629001,88534183.09243006,104524105.50086254,86786385.86118503,94062577.29198754,90249279.86099254,100971387.07958256,103700404.96065505
2018-05-08,108387373.30923253,101419912.9435775,86192672.61766255,93230324.70553504,85204139.15516505,86490169.91256005,88716365.14840256,96837851.95239502,90832757.41401748,97710519.035045,87765713.3653275,88686040.82389003,86926545.85480002,89869629.42171004,87387885.77330504,91298723.48649505,83593852.37299253,96996740.13572252,96164846.88819002,94619407.03471504,81983348.44148755,81249819.64002752,96407701.28020504,100908265.33260506,92314640.87153503,86559851.83696005,100474362.45406258,92732014.87061757,84901027.883005,99006553.14858003,86094641.23470256,101777429.70316754,99682574.44985259,97959749.11067753,92881930.21704257,89734131.72517002,89158949.09283254,101651233.58324751,90438763.45790257,93716492.54733501,87974349.18631,95047172.26007254,82797287.51231499,91885721.85629001,87949183.09243006,104384105.50086254,86328385.86118503,92639577.29198754,89834279.86099254,100950387.07958256,102955404.96065505
2018-05-09,107767373.30923253,100979912.9435775,86023672.61766255,93234324.70553504,85081139.15516505,86280169.91256005,88441365.14840256,96459851.95239502,90621757.41401748,97855519.035045,87479713.3653275,88536040.82389003,86635545.85480002,90105629.42171004,87286885.77330504,90840723.48649505,84115852.37299253,96193740.13572252,95894846.88819002,94489407.03471504,81658348.44148755,81151819.64002752,96580701.28020504,100618265.33260506,92575640.87153503,86411851.83696005,100613362.45406258,92536014.87061757,84759027.883005,99757553.14858003,86246641.23470256,101145429.70316754,100758574.44985259,98079749.11067753,93156930.21704257,90409131.72517002,90359949.09283254,101261233.58324751,91754763.45790257,93080492.54733501,87570349.18631,95452172.26007254,82577287.51231499,91395721.85629001,87685183.09243006,103813105.50086254,86546385.86118503,92235577.29198754,89633279.86099254,101245143.77425756,102419404.96065505
2018-05-10,107053591.03423253,100664515.3935775,85365672.61766255,92342324.70553504,84552139.15516505,86002169.91256005,88101559.16840255,95377851.95239502,90301299.18901747,96756519.035045,86224713.3653275,88184040.82389003,86270411.67980002,89514629.42171004,86422885.77330504,90000723.48649505,84426852.37299253,95898281.91072252,94709846.88819002,93796407.03471504,81220348.44148755,80478819.64002752,95041701.28020504,99668265.33260506,91967640.87153503,86317851.83696005,100469362.45406258,91838014.87061757,83743027.883005,99388553.14858003,86692641.23470256,100396647.42816755,100140574.44985259,97573128.86067753,92698930.21704257,89542131.72517002,90364949.09283254,100861613.33324751,91587763.45790257,91815034.322335,87415052.98630999,95769172.26007254,82083287.51231499,91012101.60629001,86803183.09243006,102891323.22586253,86088213.45680253,91720989.37448753,88980821.63599253,99980143.77425756,101942622.68565506
2018-05-11,107021274.13423252,100660515.3935775,85362660.85516255,92254229.10257754,84901139.15516505,86073475.85256004,88360559.16840255,95781380.59239504,90634605.12901749,97598519.035045,86680713.3653275,87975456.75889003,86358411.67980002,89858312.52171004,86594801.93284754,89975945.58603755,84329289.52579252,96029281.91072252,94877529.98819001,94237407.03471504,81847348.44148755,80815819.64002752,95581304.17833003,100518265.33260506,92448640.87153503,86308851.83696005,100063350.69156258,91983003.10811757,84075016.120505,99275553.14858003,86802641.23470256,100362176.06816755,100673574.44985259,97425128.86067753,93139930.21704257,89466131.72517002,90366949.09283254,101034613.33324751,91467763.45790257,92329022.55983502,87589052.98630999,95978172.26007254,82184287.51231499,91448101.60629001,86908866.19243005,103395323.22586253,85891213.45680253,91954989.37448753,89438821.63599253,100431143.77425756,102038622.68565506
2018-05-14,107021274.13423252,101000515.3935775,85562660.85516255,92368229.10257754,84994139.15516505,86049475.85256004,88603559.16840255,95961380.59239504,91015605.12901749,98457519.035045,87195713.3653275,88011456.75889003,86373411.67980002,90216312.52171004,87325801.93284754,90098945.58603755,84122289.52579252,97107281.91072252,94897529.98819001,94796407.03471504,82238348.44148755,80678819.64002752,96034304.17833003,101160265.33260506,92667640.87153503,86679851.83696005,100256350.69156258,91819003.10811757,84071016.120505,99566553.14858003,87153641.23470256,100362176.06816755,101630574.44985259,97818128.86067753,93462930.21704257,89856131.72517002,90202949.09283254,101636613.33324751,92031763.45790257,92379022.55983502,87883052.98630999,95911172.26007254,82562287.51231499,91528101.60629001,86999866.19243005,103474323.22586253,86030213.45680253,91713989.37448753,89819821.63599253,100871143.77425756,102134622.68565506
2018-05-15,107021274.13423252,101106515.3935775,85994660.85516255,92512229.10257754,85112139.15516505,86364475.85256004,88573559.16840255,96273380.59239504,91398605.12901749,98650519.035045,87170713.3653275,88323456.75889003,86552411.67980002,90256312.52171004,87150801.93284754,90536945.58603755,84158289.52579252,97469281.91072252,94827529.98819001,94775407.03471504,82175348.44148755,80871819.64002752,95899304.17833003,101105265.33260506,92835640.87153503,86733851.83696005,100909350.69156258,91852003.10811757,84786016.120505,100154553.14858003,87261641.23470256,100362176.06816755,102614574.44985259,98090128.86067753,93574930.21704257,90465131.72517002,90486949.09283254,101898613.33324751,92381763.45790257,92629022.55983502,87853052.98630999,96377172.26007254,82578287.51231499,91446101.60629001,87084866.19243005,103793323.22586253,86605213.45680253,91843989.37448753,89852821.63599253,101357143.77425756,102326622.68565506
2018-05-16,107021274.13423252,101122515.3935775,85989660.85516255,92332229.10257754,84389139.15516505,86853475.85256004,88498559.16840255,96039380.59239504,91359605.12901749,98093519.035045,86116713.3653275,88323456.75889003,86166411.67980002,90180312.52171004,86728801.93284754,90437945.58603755,84248289.52579252,96748281.91072252,94557529.98819001,94228407.03471504,81633348.44148755,80366074.38415253,94359304.17833003,100428296.49996756,92661640.87153503,86260851.83696005,100933350.69156258,91678003.10811757,84403016.120505,99950553.14858003,87112641.23470256,100362176.06816755,102000574.44985259,97846128.86067753,93112930.21704257,89444131.72517002,90906949.09283254,101809613.33324751,91934763.45790257,92113022.55983502,87727052.98630999,96702172.26007254,82375287.51231499,91246101.60629001,86779866.19243005,103323323.22586253,86026213.45680253,91866315.26304753,89883821.63599253,100085143.77425756,102134622.68565506
2018-05-17,107021274.13423252,100402515.3935775,85831660.85516255,92148229.10257754,84141139.15516505,87099475.85256004,88527559.16840255,96063380.59239504,91105605.12901749,97531519.035045,85237713.3653275,88473456.75889003,86166411.67980002,89486312.52171004,85893801.93284754,90604945.58603755,84248289.52579252,95391281.91072252,94207529.98819001,93544407.03471504,81775348.44148755,80438074.38415253,93703773.36083004,100031296.49996756,92667640.87153503,85698851.83696005,100660350.69156258,91615003.10811757,84537016.120505,100289553.14858003,86270641.23470256,100362176.06816755,101274574.44985259,97621128.86067753,92906930.21704257,88956131.72517002,91327949.09283254,101608082.51574752,92219763.45790257,92063022.55983502,87739052.98630999,96762172.26007254,82350287.51231499,91246101.60629001,86863866.19243005,103271323.22586253,85864213.45680253,91785315.26304753,89499821.63599253,99605143.77425756,102230622.68565506
2018-05-18,107021274.13423252,100344515.3935775,85587660.85516255,92211229.10257754,83978809.40516505,86538475.85256004,88557559.16840255,96111380.59239504,90699605.12901749,97617519.035045,85440890.05774,88395456.75889003,86398411.67980002,89419346.79671004,86290472.18284754,90526945.58603755,84158289.52579252,96093281.91072252,94249086.76319002,93503929.53471504,81651348.44148755,80317074.38415253,94125773.36083004,100310296.49996756,92456675.14653504,86131851.83696005,100235350.69156258,91406003.10811757,84606016.120505,99752553.14858003,86137735.53720257,100362176.06816755,100957574.44985259,97513128.86067753,93018930.21704257,89241131.72517002,91006949.09283254,101413082.51574752,92119763.45790257,91830022.55983502,87769052.98630999,96574172.26007254,82223287.51231499,91200101.60629001,87107866.19243005,103347323.22586253,85727213.45680253,91466315.26304753,89476855.91099253,99288143.77425756,102134622.68565506
2018-05-21,107021274.13423252,99774515.3935775,85293660.85516255,91875229.10257754,83764809.40516505,85749475.85256004,88536559.16840255,95703380.59239504,90150605.12901749,96960519.035045,84787890.05774,88203456.75889003,86546411.67980002,88787346.79671004,85648472.18284754,90181945.58603755,84158289.52579252,94605813.84286253,94249086.76319002,92759929.53471504,81616348.44148755,80061074.38415253,93520773.36083004,99772296.49996756,92313675.14653504,85880851.83696005,99893350.69156258,90635003.10811757,84066016.120505,98478553.14858003,85784735.53720257,100362176.06816755,100370086.14620258,97190128.86067753,92861930.21704257,88898131.72517002,90265226.67609254,101194082.51574752,91734763.45790257,91240022.55983502,87799052.98630999,96167172.26007254,81772287.51231499,91036101.60629001,87138866.19243005,103147323.22586253,85259213.45680253,91390315.26304753,89117855.91099253,98491143.77425756,101942622.68565506
2018-05-22,107021274.13423252,99295750.8135775,84092852.05414005,91145031.90110254,83395502.06516504,84602451.24006005,87993559.16840255,95223380.59239504,89606605.12901749,95750519.035045,83894157.95720251,87975456.75889003,86141411.67980002,88214877.14671004,85035813.38156754,89007843.61289504,83906289.52579252,93743081.74232504,94249086.76319002,92145459.88471505,81145348.44148755,79254931.94043502,92088041.26029253,98563090.85990506,92055675.14653504,85459851.83696005,98663216.51656258,89375809.56543006,82715016.120505,96605062.57389504,85260066.52970256,100362176.06816755,100308086.14620258,96436128.86067753,92637930.21704257,87352131.72517002,89099226.67609254,99736961.62572251,91309763.45790257,90105022.55983502,87613052.98630999,95336172.26007254,80047563.82998998,90554101.60629001,86322431.34621754,102434323.22586253,84055213.45680253,90588506.46202503,88973855.91099253,96216533.26256755,101318622.68565506
2018-05-23,107021274.13423252,99270603.7885775,83738159.00414005,90728656.96860254,83461502.06516504,84599451.24006005,88073603.36590256,95215714.22739504,89964190.22151749,96116957.102545,83743731.1322025,88089456.75889003,86038411.67980002,88174877.14671004,84993398.47406754,89121843.61289504,83870289.52579252,93718676.18732505,94249086.76319002,92067325.70971505,81243994.77898756,79176797.76543503,92099716.09529254,98542090.85990506,91856675.14653504,85140800.25446004,98477684.19656259,89297675.39043006,82334454.343005,96242881.09139504,85285066.52970256,100362176.06816755,100165939.12120257,96437684.78067753,92140782.33704257,86286318.20517004,88916015.27109255,99410840.5857225,90989810.58290257,90416461.55983502,87739052.98630999,95333157.28507255,79631486.05499,91008135.02629001,86154431.34621754,102827323.22586253,83548687.30180255,90510372.28702503,88931441.00349253,96212948.53006755,101286851.39565507
2018-05-24,107021274.13423252,99270603.7885775,83738159.00414005,90635428.64610253,83373502.06516504,83975451.24006005,87923603.36590256,95257714.22739504,89914190.22151749,95738957.102545,83743731.1322025,88131456.75889003,85689411.67980002,88124877.14671004,84993398.47406754,89163843.61289504,83825289.52579252,93718676.18732505,94249086.76319002,92067325.70971505,81015994.77898756,79176797.76543503,91935716.09529254,98147090.85990506,91611446.82403503,85140800.25446004,98237684.19656259,89297675.39043006,82314454.343005,96242881.09139504,85106066.52970256,100362176.06816755,99956710.79870257,96437684.78067753,92047554.01454256,85973089.88267003,88696015.27109255,99235840.5857225,90624582.26040256,90764461.55983502,87589052.98630999,95320157.28507255,79393486.05499,91356135.02629001,85934431.34621754,102466323.22586253,83548687.30180255,90510372.28702503,88931441.00349253,96261948.53006755,101286851.39565507
2018-05-25,107021274.13423252,99270603.7885775,83738159.00414005,90635428.64610253,83186502.06516504,83737152.96756005,87665603.36590256,95065714.22739504,89814190.22151749,95059957.102545,83743731.1322025,87939456.75889003,85465810.50034003,88364877.14671004,84993398.47406754,88971843.61289504,84041289.52579252,93718676.18732505,94249086.76319002,92067325.70971505,80522203.07771505,79176797.76543503,91721463.00529253,97646090.85990506,91862004.29903503,85140800.25446004,98067684.19656259,89297675.39043006,82160639.010505,96242881.09139504,85323339.77470256,100362176.06816755,99956710.79870257,96437684.78067753,92047554.01454256,85773089.88267003,88681015.27109255,98934840.5857225,89744582.26040256,90896461.55983502,87331052.98630999,95392157.28507255,79057486.05499,91488135.02629001,85777422.96180755,102011596.47086254,83548687.30180255,90510372.28702503,88931441.00349253,96037948.53006755,101286851.39565507
2018-05-28,107021274.13423252,99270603.7885775,83738159.00414005,90635428.64610253,83073225.63266504,82445067.74916005,87356196.95590256,94189763.60648005,89664190.22151749,94460852.565045,83743731.1322025,87015456.75889003,85465810.50034003,87694877.14671004,84993398.47406754,88095892.99198005,83438289.52579252,93718676.18732505,94249086.76319002,92067325.70971505,80212796.66771506,79176797.76543503,91587590.85779254,97147515.31428507,91556004.29903503,85140800.25446004,97856976.14656259,89297675.39043006,81390639.010505,96242881.09139504,84653339.77470256,100362176.06816755,99724710.79870257,96437684.78067753,92047554.01454256,85635488.48205003,87727708.89048004,98573866.44072251,89485385.70040256,90590461.55983502,87021646.57631,93731157.28507255,79032171.14998999,91182135.02629001,85777422.96180755,101739447.45086254,83548687.30180255,90510372.28702503,88931441.00349253,94959948.53006755,101286851.39565507
2018-05-29,107021274.13423252,99270603.7885775,83738159.00414005,90635428.64610253,83073225.63266504,82104675.04416005,87356196.95590256,94189763.60648005,90064190.22151749,94460852.565045,83743731.1322025,86675064.05389003,85465810.50034003,87764877.14671004,84993398.47406754,88095892.99198005,83501289.52579252,93718676.18732505,94249086.76319002,92067325.70971505,80212796.66771506,79176797.76543503,91587590.85779254,97147515.31428507,91598004.29903503,85140800.25446004,97856976.14656259,89297675.39043006,81106978.423005,96242881.09139504,84723339.77470256,100362176.06816755,99936710.79870257,96437684.78067753,92047554.01454256,85635488.48205003,87797708.89048004,98573866.44072251,89485385.70040256,90632461.55983502,87021646.57631,93467764.58007255,79032171.14998999,91224135.02629001,85777422.96180755,101739447.45086254,83548687.30180255,90510372.28702503,88931441.00349253,94562823.70756754,101286851.39565507
2018-05-30,107021274.13423252,99270603.7885775,83738159.00414005,90635428.64610253,83073225.63266504,82104675.04416005,87356196.95590256,94189763.60648005,89964190.22151749,94460852.565045,83743731.1322025,86675064.05389003,85465810.50034003,87614877.14671004,84993398.47406754,88095892.99198005,83366289.52579252,93718676.18732505,94249086.76319002,92067325.70971505,80212796.66771506,79176797.76543503,91587590.85779254,97147515.31428507,91514004.29903503,85140800.25446004,97856976.14656259,89297675.39043006,81106978.423005,96242881.09139504,84573339.77470256,100362176.06816755,100012710.79870257,96437684.78067753,92047554.01454256,85635488.48205003,87647708.89048004,98573866.44072251,89485385.70040256,90548461.55983502,87021646.57631,93302764.58007255,79032171.14998999,91140135.02629001,85777422.96180755,101739447.45086254,83548687.30180255,90510372.28702503,88931441.00349253,94562823.70756754,101286851.39565507
2018-05-31,107021274.13423252,99270603.7885775,83738159.00414005,90635428.64610253,83073225.63266504,82104675.04416005,87356196.95590256,94189763.60648005,90064190.22151749,94460852.565045,83743731.1322025,86675064.05389003,85465810.50034003,87664877.14671004,84993398.47406754,88095892.99198005,83411289.52579252,93718676.18732505,94249086.76319002,92067325.70971505,80212796.66771506,79176797.76543503,91587590.85779254,97147515.31428507,91646004.29903503,85140800.25446004,97856976.14656259,89297675.39043006,81106978.423005,96242881.09139504,84623339.77470256,100362176.06816755,100688710.79870257,96437684.78067753,92047554.01454256,85635488.48205003,87697708.89048004,98573866.44072251,89485385.70040256,90680461.55983502,87021646.57631,93357764.58007255,79032171.14998999,91272135.02629001,85777422.96180755,101739447.45086254,83548687.30180255,90510372.28702503,88931441.00349253,94562823.70756754,101286851.39565507
2018-06-01,107021274.13423252,99270603.7885775,83738159.00414005,90635428.64610253,83073225.63266504,82104675.04416005,87356196.95590256,94189763.60648005,90154190.22151749,94460852.565045,83743731.1322025,86675064.05389003,85465810.50034003,87964877.14671004,84993398.47406754,88095892.99198005,83681289.52579252,93718676.18732505,94249086.76319002,92067325.70971505,80212796.66771506,79176797.76543503,91587590.85779254,97147515.31428507,92036004.29903503,85140800.25446004,97856976.14656259,89297675.39043006,81106978.423005,96242881.09139504,84923339.77470256,100362176.06816755,100416710.79870257,96437684.78067753,92047554.01454256,85635488.48205003,87997708.89048004,98573866.44072251,89485385.70040256,91070461.55983502,87021646.57631,93687764.58007255,79032171.14998999,91662135.02629001,85777422.96180755,101739447.45086254,83548687.30180255,90510372.28702503,88931441.00349253,94562823.70756754,101286851.39565507
2018-06-04,107021274.13423252,99270603.7885775,83738159.00414005,90635428.64610253,83073225.63266504,82104675.04416005,87356196.95590256,94189763.60648005,90304190.22151749,94460852.565045,83743731.1322025,86675064.05389003,85465810.50034003,87854877.14671004,84993398.47406754,88095892.99198005,83582289.52579252,93718676.18732505,94249086.76319002,92067325.70971505,80212796.66771506,79176797.76543503,91587590.85779254,97147515.31428507,92660004.29903503,85140800.25446004,97856976.14656259,89297675.39043006,81106978.423005,96242881.09139504,84813339.77470256,100362176.06816755,100244710.79870257,96437684.78067753,92047554.01454256,85635488.48205003,87887708.89048004,98573866.44072251,89485385.70040256,91694461.55983502,87021646.57631,93566764.58007255,79032171.14998999,92286135.02629001,85777422.96180755,101739447.45086254,83548687.30180255,90510372.28702503,88931441.00349253,94562823.70756754,101286851.39565507
2018-06-05,107021274.13423252,99270603.7885775,83738159.00414005,90635428.64610253,83073225.63266504,82104675.04416005,87356196.95590256,94189763.60648005,90354190.22151749,94460852.565045,83743731.1322025,86675064.05389003,85465810.50034003,87754877.14671004,84993398.47406754,88095892.99198005,83492289.52579252,93718676.18732505,94249086.76319002,92067325.70971505,80212796.66771506,79176797.76543503,91587590.85779254,97147515.31428507,92660004.29903503,85140800.25446004,97856976.14656259,89297675.39043006,81106978.423005,96242881.09139504,84713339.77470256,100362176.06816755,100512710.79870257,96437684.78067753,92047554.01454256,85635488.48205003,87787708.89048004,98573866.44072251,89485385.70040256,91694461.55983502,87021646.57631,93456764.58007255,79032171.14998999,92286135.02629001,85777422.96180755,101739447.45086254,83548687.30180255,90510372.28702503,88931441.00349253,94562823.70756754,101286851.39565507
2018-06-06,107021274.13423252,99270603.7885775,83738159.00414005,90635428.64610253,83073225.63266504,82104675.04416005,87356196.95590256,94189763.60648005,90554190.22151749,94460852.565045,83743731.1322025,86675064.05389003,85465810.50034003,88374877.14671004,84993398.47406754,88095892.99198005,84050289.52579252,93718676.18732505,94249086.76319002,92067325.70971505,80212796.66771506,79176797.76543503,91587590.85779254,97147515.31428507,92858004.29903503,85140800.25446004,97856976.14656259,89297675.39043006,81106978.423005,96242881.09139504,85333339.77470256,100362176.06816755,100784710.79870257,96437684.78067753,92047554.01454256,85635488.48205003,88407708.89048004,98573866.44072251,89485385.70040256,91892461.55983502,87021646.57631,94138764.58007255,79032171.14998999,92484135.02629001,85777422.96180755,101739447.45086254,83548687.30180255,90510372.28702503,88931441.00349253,94562823.70756754,101286851.39565507
2018-06-07,107021274.13423252,99270603.7885775,83738159.00414005,90635428.64610253,83073225.63266504,82104675.04416005,87356196.95590256,94189763.60648005,90404190.22151749,94460852.565045,83743731.1322025,86675064.05389003,85465810.50034003,88754877.14671004,84993398.47406754,88095892.99198005,84392289.52579252,93718676.18732505,94249086.76319002,92067325.70971505,80212796.66771506,79176797.76543503,91587590.85779254,97147515.31428507,92426004.29903503,85140800.25446004,97856976.14656259,89297675.39043006,81106978.423005,96242881.09139504,85713339.77470256,100362176.06816755,100648710.79870257,96437684.78067753,92047554.01454256,85635488.48205003,88787708.89048004,98573866.44072251,89485385.70040256,91460461.55983502,87021646.57631,94556764.58007255,79032171.14998999,92052135.02629001,85777422.96180755,101739447.45086254,83548687.30180255,90510372.28702503,88931441.00349253,94562823.70756754,101286851.39565507
2018-06-08,107021274.13423252,99270603.7885775,83738159.00414005,90635428.64610253,83073225.63266504,82104675.04416005,87356196.95590256,94189763.60648005,90454190.22151749,94460852.565045,83743731.1322025,86675064.05389003,85465810.50034003,88464877.14671004,84993398.47406754,88095892.99198005,84131289.52579252,93718676.18732505,94249086.76319002,92067325.70971505,80212796.66771506,79176797.76543503,91587590.85779254,97147515.31428507,92378004.29903503,85140800.25446004,97856976.14656259,89297675.39043006,81106978.423005,96242881.09139504,85423339.77470256,100362176.06816755,100496710.79870257,96437684.78067753,92047554.01454256,85635488.48205003,88497708.89048004,98573866.44072251,89485385.70040256,91412461.55983502,87021646.57631,94237764.58007255,79032171.14998999,92004135.02629001,85777422.96180755,101739447.45086254,83548687.30180255,90510372.28702503,88931441.00349253,94562823.70756754,101286851.39565507
2018-06-11,107021274.13423252,99270603.7885775,83738159.00414005,90635428.64610253,83073225.63266504,82104675.04416005,87356196.95590256,94189763.60648005,90114190.22151749,94460852.565045,83743731.1322025,86675064.05389003,85465810.50034003,88064877.14671004,84993398.47406754,88095892.99198005,83771289.52579252,93718676.18732505,94249086.76319002,92067325.70971505,80212796.66771506,79176797.76543503,91587590.85779254,97147515.31428507,92036004.29903503,85140800.25446004,97856976.14656259,89297675.39043006,81106978.423005,96242881.09139504,85023339.77470256,100362176.06816755,100320710.79870257,96437684.78067753,92047554.01454256,85635488.48205003,88097708.89048004,98573866.44072251,89485385.70040256,91070461.55983502,87021646.57631,93797764.58007255,79032171.14998999,91662135.02629001,85777422.96180755,101739447.45086254,83548687.30180255,90510372.28702503,88931441.00349253,94562823.70756754,101286851.39565507
2018-06-12,107021274.13423252,99270603.7885775,83738159.00414005,90635428.64610253,83073225.63266504,82104675.04416005,87356196.95590256,94189763.60648005,89864190.22151749,94460852.565045,83743731.1322025,86675064.05389003,85465810.50034003,87664877.14671004,84993398.47406754,88095892.99198005,83411289.52579252,93718676.18732505,94249086.76319002,92067325.70971505,80212796.66771506,79176797.76543503,91587590.85779254,97147515.31428507,91896400.88903503,85140800.25446004,97856976.14656259,89297675.39043006,81106978.423005,96242881.09139504,84623339.77470256,100362176.06816755,99936710.79870257,96437684.78067753,92047554.01454256,85635488.48205003,87697708.89048004,98573866.44072251,89485385.70040256,90930858.14983502,87021646.57631,93357764.58007255,79032171.14998999,91522531.61629002,85777422.96180755,101739447.45086254,83548687.30180255,90510372.28702503,88931441.00349253,94562823.70756754,101286851.39565507
2018-06-13,107021274.13423252,99270603.7885775,83738159.00414005,90635428.64610253,83073225.63266504,82104675.04416005,87356196.95590256,94189763.60648005,89864190.22151749,94460852.565045,83743731.1322025,86675064.05389003,85465810.50034003,88284877.14671004,84993398.47406754,88095892.99198005,83969289.52579252,93718676.18732505,94249086.76319002,92067325.70971505,80212796.66771506,79176797.76543503,91587590.85779254,97147515.31428507,91896400.88903503,85140800.25446004,97856976.14656259,89297675.39043006,81106978.423005,96242881.09139504,85243339.77470256,100362176.06816755,100204710.79870257,96437684.78067753,92047554.01454256,85635488.48205003,88317708.89048004,98573866.44072251,89485385.70040256,90930858.14983502,87021646.57631,94039764.58007255,79032171.14998999,91522531.61629002,85777422.96180755,101739447.45086254,83548687.30180255,90510372.28702503,88931441.00349253,94562823.70756754,101286851.39565507
2018-06-14,107021274.13423252,99270603.7885775,83738159.00414005,90635428.64610253,83073225.63266504,82104675.04416005,87356196.95590256,94189763.60648005,89764190.22151749,94460852.565045,83743731.1322025,86675064.05389003,85465810.50034003,88664877.14671004,84993398.47406754,88095892.99198005,84311289.52579252,93718676.18732505,94249086.76319002,92067325.70971505,80212796.66771506,79176797.76543503,91587590.85779254,97147515.31428507,91896400.88903503,85140800.25446004,97856976.14656259,89297675.39043006,81106978.423005,96242881.09139504,85623339.77470256,100362176.06816755,100204710.79870257,96437684.78067753,92047554.01454256,85635488.48205003,88697708.89048004,98573866.44072251,89485385.70040256,90930858.14983502,87021646.57631,94457764.58007255,79032171.14998999,91522531.61629002,85777422.96180755,101739447.45086254,83548687.30180255,90510372.28702503,88931441.00349253,94562823.70756754,101286851.39565507
2018-06-15,107021274.13423252,99270603.7885775,83738159.00414005,90635428.64610253,83073225.63266504,82104675.04416005,87356196.95590256,94189763.60648005,89764190.22151749,94460852.565045,83743731.1322025,86675064.05389003,85465810.50034003,88464877.14671004,84993398.47406754,88095892.99198005,84131289.52579252,93718676.18732505,94249086.76319002,92067325.70971505,80212796.66771506,79176797.76543503,91587590.85779254,97147515.31428507,91896400.88903503,85140800.25446004,97856976.14656259,89297675.39043006,81106978.423005,96242881.09139504,85423339.77470256,100362176.06816755,100456710.79870257,96437684.78067753,92047554.01454256,85635488.48205003,88497708.89048004,98573866.44072251,89485385.70040256,90930858.14983502,87021646.57631,94237764.58007255,79032171.14998999,91522531.61629002,85777422.96180755,101739447.45086254,83548687.30180255,90510372.28702503,88931441.00349253,94562823.70756754,101286851.39565507
2018-06-18,107021274.13423252,99270603.7885775,83738159.00414005,90635428.64610253,83073225.63266504,82104675.04416005,87356196.95590256,94189763.60648005,89764190.22151749,94460852.565045,83743731.1322025,86675064.05389003,85465810.50034003,87864877.14671004,84993398.47406754,88095892.99198005,83591289.52579252,93718676.18732505,94249086.76319002,92067325.70971505,80212796.66771506,79176797.76543503,91587590.85779254,97147515.31428507,91896400.88903503,85140800.25446004,97856976.14656259,89297675.39043006,81106978.423005,96242881.09139504,84823339.77470256,100362176.06816755,100360710.79870257,96437684.78067753,92047554.01454256,85635488.48205003,87897708.89048004,98573866.44072251,89485385.70040256,90930858.14983502,87021646.57631,93577764.58007255,79032171.14998999,91522531.61629002,85777422.96180755,101739447.45086254,83548687.30180255,90510372.28702503,88931441.00349253,94562823.70756754,101286851.39565507
2018-06-19,107021274.13423252,99270603.7885775,83738159.00414005,90635428.64610253,83073225.63266504,82104675.04416005,87356196.95590256,94189763.60648005,89414190.22151749,94460852.565045,83743731.1322025,86675064.05389003,85465810.50034003,87864877.14671004,84993398.47406754,88095892.99198005,83591289.52579252,93718676.18732505,94249086.76319002,92067325.70971505,80212796.66771506,79176797.76543503,91587590.85779254,97147515.31428507,91896400.88903503,85140800.25446004,97856976.14656259,89297675.39043006,81106978.423005,96242881.09139504,84823339.77470256,100362176.06816755,99956710.79870257,96437684.78067753,92047554.01454256,85635488.48205003,87897708.89048004,98573866.44072251,89485385.70040256,90930858.14983502,87021646.57631,93577764.58007255,79032171.14998999,91522531.61629002,85777422.96180755,101739447.45086254,83548687.30180255,90510372.28702503,88931441.00349253,94562823.70756754,101286851.39565507
2018-06-20,107021274.13423252,99270603.7885775,83738159.00414005,90635428.64610253,83073225.63266504,82104675.04416005,87356196.95590256,94189763.60648005,89385720.5715175,94460852.565045,83743731.1322025,86675064.05389003,85465810.50034003,87964877.14671004,84993398.47406754,88095892.99198005,83681289.52579252,93718676.18732505,94249086.76319002,92067325.70971505,80212796.66771506,79176797.76543503,91587590.85779254,97147515.31428507,91896400.88903503,85140800.25446004,97856976.14656259,89297675.39043006,81106978.423005,96242881.09139504,84923339.77470256,100362176.06816755,100012710.79870257,96437684.78067753,92047554.01454256,85635488.48205003,87997708.89048004,98573866.44072251,89485385.70040256,90930858.14983502,87021646.57631,93687764.58007255,79032171.14998999,91522531.61629002,85777422.96180755,101739447.45086254,83548687.30180255,90510372.28702503,88931441.00349253,94562823.70756754,101286851.39565507
2018-06-21,107021274.13423252,99270603.7885775,83738159.00414005,90635428.64610253,83073225.63266504,82104675.04416005,87356196.95590256,94189763.60648005,89385720.5715175,94460852.565045,83743731.1322025,86675064.05389003,85465810.50034003,87854877.14671004,84993398.47406754,88095892.99198005,83582289.52579252,93718676.18732505,94249086.76319002,92067325.70971505,80212796.66771506,79176797.76543503,91587590.85779254,97147515.31428507,91896400.88903503,85140800.25446004,97856976.14656259,89297675.39043006,81106978.423005,96242881.09139504,84813339.77470256,100362176.06816755,99668710.79870257,96437684.78067753,92047554.01454256,85635488.48205003,87887708.89048004,98573866.44072251,89485385.70040256,90930858.14983502,87021646.57631,93566764.58007255,79032171.14998999,91522531.61629002,85777422.96180755,101739447.45086254,83548687.30180255,90510372.28702503,88931441.00349253,94562823.70756754,101286851.39565507
2018-06-22,107021274.13423252,99270603.7885775,83738159.00414005,90635428.64610253,83073225.63266504,82104675.04416005,87356196.95590256,94189763.60648005,89385720.5715175,94460852.565045,83743731.1322025,86675064.05389003,85465810.50034003,88064877.14671004,84993398.47406754,88095892.99198005,83771289.52579252,93718676.18732505,94249086.76319002,92067325.70971505,80212796.66771506,79176797.76543503,91587590.85779254,97147515.31428507,91896400.88903503,85140800.25446004,97856976.14656259,89297675.39043006,81106978.423005,96242881.09139504,85023339.77470256,100362176.06816755,99629496.82870257,96437684.78067753,92047554.01454256,85635488.48205003,88097708.89048004,98573866.44072251,89485385.70040256,90930858.14983502,87021646.57631,93797764.58007255,79032171.14998999,91522531.61629002,85777422.96180755,101739447.45086254,83548687.30180255,90510372.28702503,88931441.00349253,94562823.70756754,101286851.39565507
2018-06-25,107021274.13423252,99270603.7885775,83738159.00414005,90635428.64610253,83073225.63266504,82104675.04416005,87356196.95590256,94189763.60648005,89385720.5715175,94460852.565045,83743731.1322025,86675064.05389003,85465810.50034003,87764877.14671004,84993398.47406754,88095892.99198005,83501289.52579252,93718676.18732505,94249086.76319002,92067325.70971505,80212796.66771506,79176797.76543503,91587590.85779254,97147515.31428507,91896400.88903503,85140800.25446004,97856976.14656259,89297675.39043006,81106978.423005,96242881.09139504,84723339.77470256,100362176.06816755,99629496.82870257,96437684.78067753,92047554.01454256,85635488.48205003,87797708.89048004,98573866.44072251,89485385.70040256,90930858.14983502,87021646.57631,93467764.58007255,79032171.14998999,91522531.61629002,85777422.96180755,101739447.45086254,83548687.30180255,90510372.28702503,88931441.00349253,94562823.70756754,101286851.39565507
2018-06-26,107021274.13423252,99270603.7885775,83738159.00414005,90635428.64610253,83073225.63266504,82104675.04416005,87356196.95590256,94189763.60648005,89385720.5715175,94460852.565045,83743731.1322025,86675064.05389003,85465810.50034003,87764877.14671004,84993398.47406754,88095892.99198005,83501289.52579252,93718676.18732505,94249086.76319002,92067325.70971505,80212796.66771506,79176797.76543503,91587590.85779254,97147515.31428507,91896400.88903503,85140800.25446004,97856976.14656259,89297675.39043006,81106978.423005,96242881.09139504,84723339.77470256,100362176.06816755,99629496.82870257,96437684.78067753,92047554.01454256,85635488.48205003,87797708.89048004,98573866.44072251,89485385.70040256,90930858.14983502,87021646.57631,93467764.58007255,79032171.14998999,91522531.61629002,85777422.96180755,101739447.45086254,83548687.30180255,90510372.28702503,88931441.00349253,94562823.70756754,101286851.39565507
2018-06-27,107021274.13423252,99270603.7885775,83738159.00414005,90635428.64610253,83073225.63266504,82104675.04416005,87356196.95590256,94189763.60648005,89385720.5715175,94460852.565045,83743731.1322025,86675064.05389003,85465810.50034003,87664877.14671004,84993398.47406754,88095892.99198005,83411289.52579252,93718676.18732505,94249086.76319002,92067325.70971505,80212796.66771506,79176797.76543503,91587590.85779254,97147515.31428507,91896400.88903503,85140800.25446004,97856976.14656259,89297675.39043006,81106978.423005,96242881.09139504,84623339.77470256,100362176.06816755,99629496.82870257,96437684.78067753,92047554.01454256,85635488.48205003,87697708.89048004,98573866.44072251,89485385.70040256,90930858.14983502,87021646.57631,93357764.58007255,79032171.14998999,91522531.61629002,85777422.96180755,101739447.45086254,83548687.30180255,90510372.28702503,88931441.00349253,94562823.70756754,101286851.39565507
2018-06-28,107021274.13423252,99270603.7885775,83738159.00414005,90635428.64610253,83073225.63266504,82104675.04416005,87356196.95590256,94189763.60648005,89385720.5715175,94460852.565045,83743731.1322025,86675064.05389003,85465810.50034003,87864877.14671004,84993398.47406754,88095892.99198005,83591289.52579252,93718676.18732505,94249086.76319002,92067325.70971505,80212796.66771506,79176797.76543503,91587590.85779254,97147515.31428507,91896400.88903503,85140800.25446004,97856976.14656259,89297675.39043006,81106978.423005,96242881.09139504,84823339.77470256,100362176.06816755,99629496.82870257,96437684.78067753,92047554.01454256,85635488.48205003,87897708.89048004,98573866.44072251,89485385.70040256,90930858.14983502,87021646.57631,93577764.58007255,79032171.14998999,91522531.61629002,85777422.96180755,101739447.45086254,83548687.30180255,90510372.28702503,88931441.00349253,94562823.70756754,101286851.39565507
2018-06-29,107021274.13423252,99270603.7885775,83738159.00414005,90635428.64610253,83073225.63266504,82104675.04416005,87356196.95590256,94189763.60648005,89385720.5715175,94460852.565045,83743731.1322025,86675064.05389003,85465810.50034003,87764877.14671004,84993398.47406754,88095892.99198005,83501289.52579252,93718676.18732505,94249086.76319002,92067325.70971505,80212796.66771506,79176797.76543503,91587590.85779254,97147515.31428507,91896400.88903503,85140800.25446004,97856976.14656259,89297675.39043006,81106978.423005,96242881.09139504,84723339.77470256,100362176.06816755,99629496.82870257,96437684.78067753,92047554.01454256,85635488.48205003,87797708.89048004,98573866.44072251,89485385.70040256,90930858.14983502,87021646.57631,93467764.58007255,79032171.14998999,91522531.61629002,85777422.96180755,101739447.45086254,83548687.30180255,90510372.28702503,88931441.00349253,94562823.70756754,101286851.39565507
2018-07-02,107021274.13423252,99270603.7885775,83738159.00414005,90635428.64610253,83073225.63266504,82104675.04416005,87356196.95590256,94189763.60648005,89385720.5715175,94460852.565045,83743731.1322025,86675064.05389003,85465810.50034003,87274877.14671004,84993398.47406754,88095892.99198005,83060289.52579252,93718676.18732505,94249086.76319002,92067325.70971505,80212796.66771506,79176797.76543503,91587590.85779254,97147515.31428507,91896400.88903503,85140800.25446004,97856976.14656259,89297675.39043006,81106978.423005,96242881.09139504,84233339.77470256,100362176.06816755,99629496.82870257,96437684.78067753,92047554.01454256,85635488.48205003,87307708.89048004,98573866.44072251,89485385.70040256,90930858.14983502,87021646.57631,92928764.58007255,79032171.14998999,91522531.61629002,85777422.96180755,101739447.45086254,83548687.30180255,90510372.28702503,88931441.00349253,94562823.70756754,101286851.39565507
2018-07-03,107021274.13423252,99270603.7885775,83738159.00414005,90635428.64610253,83073225.63266504,82104675.04416005,87356196.95590256,94189763.60648005,89385720.5715175,94460852.565045,83743731.1322025,86675064.05389003,85465810.50034003,87245113.42171004,84993398.47406754,88095892.99198005,83033502.17329252,93718676.18732505,94249086.76319002,92067325.70971505,80212796.66771506,79176797.76543503,91587590.85779254,97147515.31428507,91896400.88903503,85140800.25446004,97856976.14656259,89297675.39043006,81106978.423005,96242881.09139504,84203576.04970257,100362176.06816755,99629496.82870257,96437684.78067753,92047554.01454256,85635488.48205003,87277945.16548005,98573866.44072251,89485385.70040256,90930858.14983502,87021646.57631,92896024.48257256,79032171.14998999,91522531.61629002,85777422.96180755,101739447.45086254,83548687.30180255,90510372.28702503,88931441.00349253,94562823.70756754,101286851.39565507
2018-07-04,107021274.13423252,99270603.7885775,83738159.00414005,90635428.64610253,83073225.63266504,82104675.04416005,87356196.95590256,94189763.60648005,89385720.5715175,94460852.565045,83743731.1322025,86675064.05389003,85465810.50034003,87245113.42171004,84993398.47406754,88095892.99198005,83033502.17329252,93718676.18732505,94249086.76319002,92067325.70971505,80212796.66771506,79176797.76543503,91587590.85779254,97147515.31428507,91896400.88903503,85140800.25446004,97856976.14656259,89297675.39043006,81106978.423005,96242881.09139504,84203576.04970257,100362176.06816755,99629496.82870257,96437684.78067753,92047554.01454256,85635488.48205003,87277945.16548005,98573866.44072251,89485385.70040256,90930858.14983502,87021646.57631,92896024.48257256,79032171.14998999,91522531.61629002,85777422.96180755,101739447.45086254,83548687.30180255,90510372.28702503,88931441.00349253,94562823.70756754,101286851.39565507
2018-07-05,107021274.13423252,99270603.7885775,83738159.00414005,90635428.64610253,83073225.63266504,82104675.04416005,87356196.95590256,94189763.60648005,89385720.5715175,94460852.565045,83743731.1322025,86675064.05389003,85465810.50034003,87245113.42171004,84993398.47406754,88095892.99198005,83033502.17329252,93718676.18732505,94249086.76319002,92067325.70971505,80212796.66771506,79176797.76543503,91587590.85779254,97147515.31428507,91896400.88903503,85140800.25446004,97856976.14656259,89297675.39043006,81106978.423005,96242881.09139504,84203576.04970257,100362176.06816755,99629496.82870257,96437684.78067753,92047554.01454256,85635488.48205003,87277945.16548005,98573866.44072251,89485385.70040256,90930858.14983502,87021646.57631,92896024.48257256,79032171.14998999,91522531.61629002,85777422.96180755,101739447.45086254,83548687.30180255,90510372.28702503,88931441.00349253,94562823.70756754,101286851.39565507
2018-07-06,107021274.13423252,99270603.7885775,83738159.00414005,90635428.64610253,83073225.63266504,82104675.04416005,87356196.95590256,94189763.60648005,89385720.5715175,94460852.565045,83743731.1322025,86675064.05389003,85465810.50034003,87245113.42171004,84993398.47406754,88095892.99198005,83033502.17329252,93718676.18732505,94249086.76319002,92067325.70971505,80212796.66771506,79176797.76543503,91587590.85779254,97147515.31428507,91896400.88903503,85140800.25446004,97856976.14656259,89297675.39043006,81106978.423005,96242881.09139504,84203576.04970257,100362176.06816755,99629496.82870257,96437684.78067753,92047554.01454256,85635488.48205003,87277945.16548005,98573866.44072251,89485385.70040256,90930858.14983502,87021646.57631,92896024.48257256,79032171.14998999,91522531.61629002,85777422.96180755,101739447.45086254,83548687.30180255,90510372.28702503,88931441.00349253,94562823.70756754,101286851.39565507
2018-07-09,107021274.13423252,99270603.7885775,83738159.00414005,90635428.64610253,83073225.63266504,82104675.04416005,87356196.95590256,94189763.60648005,89385720.5715175,94460852.565045,83743731.1322025,86675064.05389003,85465810.50034003,87245113.42171004,84993398.47406754,88095892.99198005,83033502.17329252,93718676.18732505,94249086.76319002,92067325.70971505,80212796.66771506,79176797.76543503,91587590.85779254,97147515.31428507,91896400.88903503,85140800.25446004,97856976.14656259,89297675.39043006,81106978.423005,96242881.09139504,84203576.04970257,100362176.06816755,99629496.82870257,96437684.78067753,92047554.01454256,85635488.48205003,87277945.16548005,98573866.44072251,89485385.70040256,90930858.14983502,87021646.57631,92896024.48257256,79032171.14998999,91522531.61629002,85777422.96180755,101739447.45086254,83548687.30180255,90510372.28702503,88931441.00349253,94562823.70756754,101286851.39565507
2018-07-10,107021274.13423252,99270603.7885775,83738159.00414005,90635428.64610253,83073225.63266504,82104675.04416005,87356196.95590256,94189763.60648005,89385720.5715175,94460852.565045,83743731.1322025,86675064.05389003,85465810.50034003,87245113.42171004,84993398.47406754,88095892.99198005,83033502.17329252,93718676.18732505,94249086.76319002,92067325.70971505,80212796.66771506,79176797.76543503,91587590.85779254,97147515.31428507,91896400.88903503,85140800.25446004,97856976.14656259,89297675.39043006,81106978.423005,96242881.09139504,84203576.04970257,100362176.06816755,99629496.82870257,96437684.78067753,92047554.01454256,85635488.48205003,87277945.16548005,98573866.44072251,89485385.70040256,90930858.14983502,87021646.57631,92896024.48257256,79032171.14998999,91522531.61629002,85777422.96180755,101739447.45086254,83548687.30180255,90510372.28702503,88931441.00349253,94562823.70756754,101286851.39565507
2018-07-11,107021274.13423252,99270603.7885775,83738159.00414005,90635428.64610253,83073225.63266504,82104675.04416005,87356196.95590256,94189763.60648005,89385720.5715175,94460852.565045,83743731.1322025,86675064.05389003,85465810.50034003,87245113.42171004,84993398.47406754,88095892.99198005,83033502.17329252,93718676.18732505,94249086.76319002,92067325.70971505,80212796.66771506,79176797.76543503,91587590.85779254,97147515.31428507,91896400.88903503,85140800.25446004,97856976.14656259,89297675.39043006,81106978.423005,96242881.09139504,84203576.04970257,100362176.06816755,99629496.82870257,96437684.78067753,92047554.01454256,85635488.48205003,87277945.16548005,98573866.44072251,89485385.70040256,90930858.14983502,87021646.57631,92896024.48257256,79032171.14998999,91522531.61629002,85777422.96180755,101739447.45086254,83548687.30180255,90510372.28702503,88931441.00349253,94562823.70756754,101286851.39565507
2018-07-12,107021274.13423252,99270603.7885775,83738159.00414005,90635428.64610253,83073225.63266504,82104675.04416005,87356196.95590256,94189763.60648005,89385720.5715175,94460852.565045,83743731.1322025,86675064.05389003,85465810.50034003,87245113.42171004,84993398.47406754,88095892.99198005,83033502.17329252,93718676.18732505,94249086.76319002,92067325.70971505,80212796.66771506,79176797.76543503,91587590.85779254,97147515.31428507,91896400.88903503,85140800.25446004,97856976.14656259,89297675.39043006,81106978.423005,96242881.09139504,84203576.04970257,100362176.06816755,99629496.82870257,96437684.78067753,92047554.01454256,85635488.48205003,87277945.16548005,98573866.44072251,89485385.70040256,90930858.14983502,87021646.57631,92896024.48257256,79032171.14998999,91522531.61629002,85777422.96180755,101739447.45086254,83548687.30180255,90510372.28702503,88931441.00349253,94562823.70756754,101286851.39565507
2018-07-13,107021274.13423252,99270603.7885775,83738159.00414005,90635428.64610253,83073225.63266504,82104675.04416005,87356196.95590256,94189763.60648005,89385720.5715175,94460852.565045,83743731.1322025,86675064.05389003,85465810.50034003,87245113.42171004,84993398.47406754,88095892.99198005,83033502.17329252,93718676.18732505,94249086.76319002,92067325.70971505,80212796.66771506,79176797.76543503,91587590.85779254,97147515.31428507,91896400.88903503,85140800.25446004,97856976.14656259,89297675.39043006,81106978.423005,96242881.09139504,84203576.04970257,100362176.06816755,99629496.82870257,96437684.78067753,92047554.01454256,85635488.48205003,87277945.16548005,98573866.44072251,89485385.70040256,90930858.14983502,87021646.57631,92896024.48257256,79032171.14998999,91522531.61629002,85777422.96180755,101739447.45086254,83548687.30180255,90510372.28702503,88931441.00349253,94562823.70756754,101286851.39565507
2018-07-16,107021274.13423252,99270603.7885775,83738159.00414005,90635428.64610253,83073225.63266504,82104675.04416005,87356196.95590256,94189763.60648005,89385720.5715175,94460852.565045,83743731.1322025,86675064.05389003,85465810.50034003,87245113.42171004,84993398.47406754,88095892.99198005,83033502.17329252,93718676.18732505,94249086.76319002,92067325.70971505,80212796.66771506,79176797.76543503,91587590.85779254,97147515.31428507,91896400.88903503,85140800.25446004,97856976.14656259,89297675.39043006,81106978.423005,96242881.09139504,84203576.04970257,100362176.06816755,99629496.82870257,96437684.78067753,92047554.01454256,85635488.48205003,87277945.16548005,98573866.44072251,89485385.70040256,90930858.14983502,87021646.57631,92896024.48257256,79032171.14998999,91522531.61629002,85777422.96180755,101739447.45086254,83548687.30180255,90510372.28702503,88931441.00349253,94562823.70756754,101286851.39565507
2018-07-17,107021274.13423252,99270603.7885775,83738159.00414005,90635428.64610253,83073225.63266504,82104675.04416005,87356196.95590256,94189763.60648005,89385720.5715175,94460852.565045,83743731.1322025,86675064.05389003,85465810.50034003,87245113.42171004,84993398.47406754,88095892.99198005,83033502.17329252,93718676.18732505,94249086.76319002,92067325.70971505,80212796.66771506,79176797.76543503,91587590.85779254,97147515.31428507,91896400.88903503,85140800.25446004,97856976.14656259,89297675.39043006,81106978.423005,96242881.09139504,84203576.04970257,100362176.06816755,99629496.82870257,96437684.78067753,92047554.01454256,85635488.48205003,87277945.16548005,98573866.44072251,89485385.70040256,90930858.14983502,87021646.57631,92896024.48257256,79032171.14998999,91522531.61629002,85777422.96180755,101739447.45086254,83548687.30180255,90510372.28702503,88931441.00349253,94562823.70756754,101286851.39565507
2018-07-18,107021274.13423252,99270603.7885775,83738159.00414005,90635428.64610253,83073225.63266504,82104675.04416005,87356196.95590256,94189763.60648005,89385720.5715175,94460852.565045,83743731.1322025,86675064.05389003,85465810.50034003,87245113.42171004,84993398.47406754,88095892.99198005,83033502.17329252,93718676.18732505,94249086.76319002,92067325.70971505,80212796.66771506,79176797.76543503,91587590.85779254,97147515.31428507,91896400.88903503,85140800.25446004,97856976.14656259,89297675.39043006,81106978.423005,96242881.09139504,84203576.04970257,100362176.06816755,99629496.82870257,96437684.78067753,92047554.01454256,85635488.48205003,87277945.16548005,98573866.44072251,89485385.70040256,90930858.14983502,87021646.57631,92896024.48257256,79032171.14998999,91522531.61629002,85777422.96180755,101739447.45086254,83548687.30180255,90510372.28702503,88931441.00349253,94562823.70756754,101286851.39565507
2018-07-19,107021274.13423252,99270603.7885775,83738159.00414005,90635428.64610253,83073225.63266504,82104675.04416005,87356196.95590256,94189763.60648005,89385720.5715175,94460852.565045,83743731.1322025,86675064.05389003,85465810.50034003,87245113.42171004,84993398.47406754,88095892.99198005,83033502.17329252,93718676.18732505,94249086.76319002,92067325.70971505,80212796.66771506,79176797.76543503,91587590.85779254,97147515.31428507,91896400.88903503,85140800.25446004,97856976.14656259,89297675.39043006,81106978.423005,96242881.09139504,84203576.04970257,100362176.06816755,99629496.82870257,96437684.78067753,92047554.01454256,85635488.48205003,87277945.16548005,98573866.44072251,89485385.70040256,90930858.14983502,87021646.57631,92896024.48257256,79032171.14998999,91522531.61629002,85777422.96180755,101739447.45086254,83548687.30180255,90510372.28702503,88931441.00349253,94562823.70756754,101286851.39565507
2018-07-20,107021274.13423252,99270603.7885775,83738159.00414005,90635428.64610253,83073225.63266504,82104675.04416005,87356196.95590256,94189763.60648005,89385720.5715175,94460852.565045,83743731.1322025,86675064.05389003,85465810.50034003,87245113.42171004,84993398.47406754,88095892.99198005,83033502.17329252,93718676.18732505,94249086.76319002,92067325.70971505,80212796.66771506,79176797.76543503,91587590.85779254,97147515.31428507,91896400.88903503,85140800.25446004,97856976.14656259,89297675.39043006,81106978.423005,96242881.09139504,84203576.04970257,100362176.06816755,99629496.82870257,96437684.78067753,92047554.01454256,85635488.48205003,87277945.16548005,98573866.44072251,89485385.70040256,90930858.14983502,87021646.57631,92896024.48257256,79032171.14998999,91522531.61629002,85777422.96180755,101739447.45086254,83548687.30180255,90510372.28702503,88931441.00349253,94562823.70756754,101286851.39565507
2018-07-23,107021274.13423252,99270603.7885775,83738159.00414005,90635428.64610253,83073225.63266504,82104675.04416005,87356196.95590256,94189763.60648005,89385720.5715175,94460852.565045,83743731.1322025,86675064.05389003,85465810.50034003,87245113.42171004,84993398.47406754,88095892.99198005,83033502.17329252,93718676.18732505,94249086.76319002,92067325.70971505,80212796.66771506,79176797.76543503,91587590.85779254,97147515.31428507,91896400.88903503,85140800.25446004,97856976.14656259,89297675.39043006,81106978.423005,96242881.09139504,84203576.04970257,100362176.06816755,99629496.82870257,96437684.78067753,92047554.01454256,85635488.48205003,87277945.16548005,98573866.44072251,89485385.70040256,90930858.14983502,87021646.57631,92896024.48257256,79032171.14998999,91522531.61629002,85777422.96180755,101739447.45086254,83548687.30180255,90510372.28702503,88931441.00349253,94562823.70756754,101286851.39565507
2018-07-24,107021274.13423252,99270603.7885775,83738159.00414005,90635428.64610253,83073225.63266504,82104675.04416005,87356196.95590256,94189763.60648005,89385720.5715175,94460852.565045,83743731.1322025,86675064.05389003,85465810.50034003,87245113.42171004,84993398.47406754,88095892.99198005,83033502.17329252,93718676.18732505,94249086.76319002,92067325.70971505,80212796.66771506,79176797.76543503,91587590.85779254,97147515.31428507,91896400.88903503,85140800.25446004,97856976.14656259,89297675.39043006,81106978.423005,96242881.09139504,84203576.04970257,100362176.06816755,99629496.82870257,96437684.78067753,92047554.01454256,85635488.48205003,87277945.16548005,98573866.44072251,89485385.70040256,90930858.14983502,87021646.57631,92896024.48257256,79032171.14998999,91522531.61629002,85777422.96180755,101739447.45086254,83548687.30180255,90510372.28702503,88931441.00349253,94562823.70756754,101286851.39565507
2018-07-25,107021274.13423252,99270603.7885775,83738159.00414005,90635428.64610253,83073225.63266504,82104675.04416005,87356196.95590256,94189763.60648005,89385720.5715175,94460852.565045,83743731.1322025,86675064.05389003,85465810.50034003,87245113.42171004,84993398.47406754,88095892.99198005,83033502.17329252,93718676.18732505,94249086.76319002,92067325.70971505,80212796.66771506,79176797.76543503,91587590.85779254,97147515.31428507,91896400.88903503,85140800.25446004,97856976.14656259,89297675.39043006,81106978.423005,96242881.09139504,84203576.04970257,100362176.06816755,99629496.82870257,96437684.78067753,92047554.01454256,85635488.48205003,87277945.16548005,98573866.44072251,89485385.70040256,90930858.14983502,87021646.57631,92896024.48257256,79032171.14998999,91522531.61629002,85777422.96180755,101739447.45086254,83548687.30180255,90510372.28702503,88931441.00349253,94562823.70756754,101286851.39565507
2018-07-26,107021274.13423252,99270603.7885775,83738159.00414005,90635428.64610253,83073225.63266504,82104675.04416005,87356196.95590256,94189763.60648005,89385720.5715175,94460852.565045,83743731.1322025,86675064.05389003,85465810.50034003,87245113.42171004,84993398.47406754,88095892.99198005,83033502.17329252,93718676.18732505,94249086.76319002,92067325.70971505,80212796.66771506,79176797.76543503,91587590.85779254,97147515.31428507,91896400.88903503,85140800.25446004,97856976.14656259,89297675.39043006,81106978.423005,96242881.09139504,84203576.04970257,100362176.06816755,99629496.82870257,96437684.78067753,92047554.01454256,85635488.48205003,87277945.16548005,98573866.44072251,89485385.70040256,90930858.14983502,87021646.57631,92896024.48257256,79032171.14998999,91522531.61629002,85777422.96180755,101739447.45086254,83548687.30180255,90510372.28702503,88931441.00349253,94562823.70756754,101286851.39565507
2018-07-27,107021274.13423252,99270603.7885775,83738159.00414005,90635428.64610253,83073225.63266504,82104675.04416005,87356196.95590256,94189763.60648005,89385720.5715175,94460852.565045,83743731.1322025,86675064.05389003,85465810.50034003,87245113.42171004,84993398.47406754,88095892.99198005,83033502.17329252,93718676.18732505,94249086.76319002,92067325.70971505,80212796.66771506,79176797.76543503,91587590.85779254,97147515.31428507,91896400.88903503,85140800.25446004,97856976.14656259,89297675.39043006,81106978.423005,96242881.09139504,84203576.04970257,100362176.06816755,99629496.82870257,96437684.78067753,92047554.01454256,85635488.48205003,87277945.16548005,98573866.44072251,89485385.70040256,90930858.14983502,87021646.57631,92896024.48257256,79032171.14998999,91522531.61629002,85777422.96180755,101739447.45086254,83548687.30180255,90510372.28702503,88931441.00349253,94562823.70756754,101286851.39565507
2018-07-30,107021274.13423252,99270603.7885775,83738159.00414005,90635428.64610253,83073225.63266504,82104675.04416005,87356196.95590256,94189763.60648005,89385720.5715175,94460852.565045,83743731.1322025,86675064.05389003,85465810.50034003,87245113.42171004,84993398.47406754,88095892.99198005,83033502.17329252,93718676.18732505,94249086.76319002,92067325.70971505,80212796.66771506,79176797.76543503,91587590.85779254,97147515.31428507,91896400.88903503,85140800.25446004,97856976.14656259,89297675.39043006,81106978.423005,96242881.09139504,84203576.04970257,100362176.06816755,99629496.82870257,96437684.78067753,92047554.01454256,85635488.48205003,87277945.16548005,98573866.44072251,89485385.70040256,90930858.14983502,87021646.57631,92896024.48257256,79032171.14998999,91522531.61629002,85777422.96180755,101739447.45086254,83548687.30180255,90510372.28702503,88931441.00349253,94562823.70756754,101286851.39565507
2018-07-31,107021274.13423252,99270603.7885775,83738159.00414005,90635428.64610253,83073225.63266504,82104675.04416005,87356196.95590256,94189763.60648005,89385720.5715175,94460852.565045,83743731.1322025,86675064.05389003,85465810.50034003,87245113.42171004,84993398.47406754,88095892.99198005,83033502.17329252,93718676.18732505,94249086.76319002,92067325.70971505,80212796.66771506,79176797.76543503,91587590.85779254,97147515.31428507,91896400.88903503,85140800.25446004,97856976.14656259,89297675.39043006,81106978.423005,96242881.09139504,84203576.04970257,100362176.06816755,99629496.82870257,96437684.78067753,92047554.01454256,85635488.48205003,87277945.16548005,98573866.44072251,89485385.70040256,90930858.14983502,87021646.57631,92896024.48257256,79032171.14998999,91522531.61629002,85777422.96180755,101739447.45086254,83548687.30180255,90510372.28702503,88931441.00349253,94562823.70756754,101286851.39565507
2018-08-01,107021274.13423252,99270603.7885775,83738159.00414005,90635428.64610253,83073225.63266504,82104675.04416005,87356196.95590256,94189763.60648005,89385720.5715175,94460852.565045,83743731.1322025,86675064.05389003,85465810.50034003,87245113.42171004,84993398.47406754,88095892.99198005,83033502.17329252,93718676.18732505,94249086.76319002,92067325.70971505,80212796.66771506,79176797.76543503,91587590.85779254,97147515.31428507,91896400.88903503,85140800.25446004,97856976.14656259,89297675.39043006,81106978.423005,96242881.09139504,84203576.04970257,100362176.06816755,99629496.82870257,96437684.78067753,92047554.01454256,85635488.48205003,87277945.16548005,98573866.44072251,89485385.70040256,90930858.14983502,87021646.57631,92896024.48257256,79032171.14998999,91522531.61629002,85777422.96180755,101739447.45086254,83548687.30180255,90510372.28702503,88931441.00349253,94562823.70756754,101286851.39565507
2018-08-02,107021274.13423252,99270603.7885775,83738159.00414005,90635428.64610253,83073225.63266504,82104675.04416005,87356196.95590256,94189763.60648005,89385720.5715175,94460852.565045,83743731.1322025,86675064.05389003,85465810.50034003,87245113.42171004,84993398.47406754,88095892.99198005,83033502.17329252,93718676.18732505,94249086.76319002,92067325.70971505,80212796.66771506,79176797.76543503,91587590.85779254,97147515.31428507,91896400.88903503,85140800.25446004,97856976.14656259,89297675.39043006,81106978.423005,96242881.09139504,84203576.04970257,100362176.06816755,99629496.82870257,96437684.78067753,92047554.01454256,85635488.48205003,87277945.16548005,98573866.44072251,89485385.70040256,90930858.14983502,87021646.57631,92896024.48257256,79032171.14998999,91522531.61629002,85777422.96180755,101739447.45086254,83548687.30180255,90510372.28702503,88931441.00349253,94562823.70756754,101286851.39565507
2018-08-03,107021274.13423252,99270603.7885775,83738159.00414005,90635428.64610253,83073225.63266504,82104675.04416005,87356196.95590256,94189763.60648005,89385720.5715175,94460852.565045,83743731.1322025,86675064.05389003,85465810.50034003,87245113.42171004,84993398.47406754,88095892.99198005,83033502.17329252,93718676.18732505,94249086.76319002,92067325.70971505,80212796.66771506,79176797.76543503,91587590.85779254,97147515.31428507,91896400.88903503,85140800.25446004,97856976.14656259,89297675.39043006,81106978.423005,96242881.09139504,84203576.04970257,100362176.06816755,99629496.82870257,96437684.78067753,92047554.01454256,85635488.48205003,87277945.16548005,98573866.44072251,89485385.70040256,90930858.14983502,87021646.57631,92896024.48257256,79032171.14998999,91522531.61629002,85777422.96180755,101739447.45086254,83548687.30180255,90510372.28702503,88931441.00349253,94562823.70756754,101286851.39565507
2018-08-06,107021274.13423252,99270603.7885775,83738159.00414005,90635428.64610253,83073225.63266504,82104675.04416005,87356196.95590256,94189763.60648005,89385720.5715175,94460852.565045,83743731.1322025,86675064.05389003,85465810.50034003,87245113.42171004,84993398.47406754,88095892.99198005,83033502.17329252,93718676.18732505,94249086.76319002,92067325.70971505,80212796.66771506,79176797.76543503,91587590.85779254,97147515.31428507,91896400.88903503,85140800.25446004,97856976.14656259,89297675.39043006,81106978.423005,96242881.09139504,84203576.04970257,100362176.06816755,99629496.82870257,96437684.78067753,92047554.01454256,85635488.48205003,87277945.16548005,98573866.44072251,89485385.70040256,90930858.14983502,87021646.57631,92896024.48257256,79032171.14998999,91522531.61629002,85777422.96180755,101739447.45086254,83548687.30180255,90510372.28702503,88931441.00349253,94562823.70756754,101286851.39565507
2018-08-07,107021274.13423252,99270603.7885775,83738159.00414005,90635428.64610253,83073225.63266504,82104675.04416005,87356196.95590256,94189763.60648005,89385720.5715175,94460852.565045,83743731.1322025,86675064.05389003,85465810.50034003,87245113.42171004,84993398.47406754,88095892.99198005,83033502.17329252,93718676.18732505,94249086.76319002,92067325.70971505,80212796.66771506,79176797.76543503,91587590.85779254,97147515.31428507,91896400.88903503,85140800.25446004,97856976.14656259,89297675.39043006,81106978.423005,96242881.09139504,84203576.04970257,100362176.06816755,99629496.82870257,96437684.78067753,92047554.01454256,85635488.48205003,87277945.16548005,98573866.44072251,89485385.70040256,90930858.14983502,87021646.57631,92896024.48257256,79032171.14998999,91522531.61629002,85777422.96180755,101739447.45086254,83548687.30180255,90510372.28702503,88931441.00349253,94562823.70756754,101286851.39565507
2018-08-08,107021274.13423252,99270603.7885775,83738159.00414005,90635428.64610253,83073225.63266504,82104675.04416005,87356196.95590256,94189763.60648005,89385720.5715175,94460852.565045,83743731.1322025,86675064.05389003,85465810.50034003,87245113.42171004,84993398.47406754,88095892.99198005,83033502.17329252,93718676.18732505,94249086.76319002,92067325.70971505,80212796.66771506,79176797.76543503,91587590.85779254,97147515.31428507,91896400.88903503,85140800.25446004,97856976.14656259,89297675.39043006,81106978.423005,96242881.09139504,84203576.04970257,100362176.06816755,99629496.82870257,96437684.78067753,92047554.01454256,85635488.48205003,87277945.16548005,98573866.44072251,89485385.70040256,90930858.14983502,87021646.57631,92896024.48257256,79032171.14998999,91522531.61629002,85777422.96180755,101739447.45086254,83548687.30180255,90510372.28702503,88931441.00349253,94562823.70756754,101286851.39565507
2018-08-09,107021274.13423252,99270603.7885775,83738159.00414005,90635428.64610253,83073225.63266504,82104675.04416005,87356196.95590256,94189763.60648005,89385720.5715175,94460852.565045,83743731.1322025,86675064.05389003,85465810.50034003,87245113.42171004,84993398.47406754,88095892.99198005,83033502.17329252,93718676.18732505,94249086.76319002,92067325.70971505,80212796.66771506,79176797.76543503,91587590.85779254,97147515.31428507,91896400.88903503,85140800.25446004,97856976.14656259,89297675.39043006,81106978.423005,96242881.09139504,84203576.04970257,100362176.06816755,99629496.82870257,96437684.78067753,92047554.01454256,85635488.48205003,87277945.16548005,98573866.44072251,89485385.70040256,90930858.14983502,87021646.57631,92896024.48257256,79032171.14998999,91522531.61629002,85777422.96180755,101739447.45086254,83548687.30180255,90510372.28702503,88931441.00349253,94562823.70756754,101286851.39565507
2018-08-10,107021274.13423252,99270603.7885775,83738159.00414005,90635428.64610253,83073225.63266504,82104675.04416005,87356196.95590256,94189763.60648005,89385720.5715175,94460852.565045,83743731.1322025,86675064.05389003,85465810.50034003,87245113.42171004,84993398.47406754,88095892.99198005,83033502.17329252,93718676.18732505,94249086.76319002,92067325.70971505,80212796.66771506,79176797.76543503,91587590.85779254,97147515.31428507,91896400.88903503,85140800.25446004,97856976.14656259,89297675.39043006,81106978.423005,96242881.09139504,84203576.04970257,100362176.06816755,99629496.82870257,96437684.78067753,92047554.01454256,85635488.48205003,87277945.16548005,98573866.44072251,89485385.70040256,90930858.14983502,87021646.57631,92896024.48257256,79032171.14998999,91522531.61629002,85777422.96180755,101739447.45086254,83548687.30180255,90510372.28702503,88931441.00349253,94562823.70756754,101286851.39565507
2018-08-13,107021274.13423252,99270603.7885775,83738159.00414005,90635428.64610253,83073225.63266504,82104675.04416005,87356196.95590256,94189763.60648005,89385720.5715175,94460852.565045,83743731.1322025,86675064.05389003,85465810.50034003,87245113.42171004,84993398.47406754,88095892.99198005,83033502.17329252,93718676.18732505,94249086.76319002,92067325.70971505,80212796.66771506,79176797.76543503,91587590.85779254,97147515.31428507,91896400.88903503,85140800.25446004,97856976.14656259,89297675.39043006,81106978.423005,96242881.09139504,84203576.04970257,100362176.06816755,99629496.82870257,96437684.78067753,92047554.01454256,85635488.48205003,87277945.16548005,98573866.44072251,89485385.70040256,90930858.14983502,87021646.57631,92896024.48257256,79032171.14998999,91522531.61629002,85777422.96180755,101739447.45086254,83548687.30180255,90510372.28702503,88931441.00349253,94562823.70756754,101286851.39565507
2018-08-14,107021274.13423252,99270603.7885775,83738159.00414005,90635428.64610253,83073225.63266504,82104675.04416005,87356196.95590256,94189763.60648005,89385720.5715175,94460852.565045,83743731.1322025,86675064.05389003,85465810.50034003,87245113.42171004,84993398.47406754,88095892.99198005,83033502.17329252,93718676.18732505,94249086.76319002,92067325.70971505,80212796.66771506,79176797.76543503,91587590.85779254,97147515.31428507,91896400.88903503,85140800.25446004,97856976.14656259,89297675.39043006,81106978.423005,96242881.09139504,84203576.04970257,100362176.06816755,99629496.82870257,96437684.78067753,92047554.01454256,85635488.48205003,87277945.16548005,98573866.44072251,89485385.70040256,90930858.14983502,87021646.57631,92896024.48257256,79032171.14998999,91522531.61629002,85777422.96180755,101739447.45086254,83548687.30180255,90510372.28702503,88931441.00349253,94562823.70756754,101286851.39565507
2018-08-15,107021274.13423252,99270603.7885775,83738159.00414005,90635428.64610253,83073225.63266504,82104675.04416005,87356196.95590256,94189763.60648005,89385720.5715175,94460852.565045,83743731.1322025,86675064.05389003,85465810.50034003,87245113.42171004,84993398.47406754,88095892.99198005,83033502.17329252,93718676.18732505,94249086.76319002,92067325.70971505,80212796.66771506,79176797.76543503,91587590.85779254,97147515.31428507,91896400.88903503,85140800.25446004,97856976.14656259,89297675.39043006,81106978.423005,96242881.09139504,84203576.04970257,100362176.06816755,99629496.82870257,96437684.78067753,92047554.01454256,85635488.48205003,87277945.16548005,98573866.44072251,89485385.70040256,90930858.14983502,87021646.57631,92896024.48257256,79032171.14998999,91522531.61629002,85777422.96180755,101739447.45086254,83548687.30180255,90510372.28702503,88931441.00349253,94562823.70756754,101286851.39565507
2018-08-16,107021274.13423252,99270603.7885775,83738159.00414005,90635428.64610253,83073225.63266504,82104675.04416005,87356196.95590256,94189763.60648005,89385720.5715175,94460852.565045,83743731.1322025,86675064.05389003,85465810.50034003,87245113.42171004,84993398.47406754,88095892.99198005,83033502.17329252,93718676.18732505,94249086.76319002,92067325.70971505,80212796.66771506,79176797.76543503,91587590.85779254,97147515.31428507,91896400.88903503,85140800.25446004,97856976.14656259,89297675.39043006,81106978.423005,96242881.09139504,84203576.04970257,100362176.06816755,99629496.82870257,96437684.78067753,92047554.01454256,85635488.48205003,87277945.16548005,98573866.44072251,89485385.70040256,90930858.14983502,87021646.57631,92896024.48257256,79032171.14998999,91522531.61629002,85777422.96180755,101739447.45086254,83548687.30180255,90510372.28702503,88931441.00349253,94562823.70756754,101286851.39565507
2018-08-17,107021274.13423252,99270603.7885775,83738159.00414005,90635428.64610253,83073225.63266504,82104675.04416005,87356196.95590256,94189763.60648005,89385720.5715175,94460852.565045,83743731.1322025,86675064.05389003,85465810.50034003,87245113.42171004,84993398.47406754,88095892.99198005,83033502.17329252,93718676.18732505,94249086.76319002,92067325.70971505,80212796.66771506,79176797.76543503,91587590.85779254,97147515.31428507,91896400.88903503,85140800.25446004,97856976.14656259,89297675.39043006,81106978.423005,96242881.09139504,84203576.04970257,100362176.06816755,99629496.82870257,96437684.78067753,92047554.01454256,85635488.48205003,87277945.16548005,98573866.44072251,89485385.70040256,90930858.14983502,87021646.57631,92896024.48257256,79032171.14998999,91522531.61629002,85777422.96180755,101739447.45086254,83548687.30180255,90510372.28702503,88931441.00349253,94562823.70756754,101286851.39565507
2018-08-20,107021274.13423252,99270603.7885775,83738159.00414005,90635428.64610253,83073225.63266504,82104675.04416005,87356196.95590256,94189763.60648005,89385720.5715175,94460852.565045,83743731.1322025,86675064.05389003,85465810.50034003,87245113.42171004,84993398.47406754,88095892.99198005,83033502.17329252,93718676.18732505,94249086.76319002,92067325.70971505,80212796.66771506,79176797.76543503,91587590.85779254,97147515.31428507,91896400.88903503,85140800.25446004,97856976.14656259,89297675.39043006,81106978.423005,96242881.09139504,84203576.04970257,100362176.06816755,99629496.82870257,96437684.78067753,92047554.01454256,85635488.48205003,87277945.16548005,98573866.44072251,89485385.70040256,90930858.14983502,87021646.57631,92896024.48257256,79032171.14998999,91522531.61629002,85777422.96180755,101739447.45086254,83548687.30180255,90510372.28702503,88931441.00349253,94562823.70756754,101286851.39565507
2018-08-21,107021274.13423252,99270603.7885775,83738159.00414005,90635428.64610253,83073225.63266504,82104675.04416005,87356196.95590256,94189763.60648005,89385720.5715175,94460852.565045,83743731.1322025,86675064.05389003,85465810.50034003,87245113.42171004,84993398.47406754,88095892.99198005,83033502.17329252,93718676.18732505,94249086.76319002,92067325.70971505,80212796.66771506,79176797.76543503,91587590.85779254,97147515.31428507,91896400.88903503,85140800.25446004,97856976.14656259,89297675.39043006,81106978.423005,96242881.09139504,84203576.04970257,100362176.06816755,99629496.82870257,96437684.78067753,92047554.01454256,85635488.48205003,87277945.16548005,98573866.44072251,89485385.70040256,90930858.14983502,87021646.57631,92896024.48257256,79032171.14998999,91522531.61629002,85777422.96180755,101739447.45086254,83548687.30180255,90510372.28702503,88931441.00349253,94562823.70756754,101286851.39565507
2018-08-22,107021274.13423252,99270603.7885775,83738159.00414005,90635428.64610253,83073225.63266504,82104675.04416005,87356196.95590256,94189763.60648005,89385720.5715175,94460852.565045,83743731.1322025,86675064.05389003,85465810.50034003,87245113.42171004,84993398.47406754,88095892.99198005,83033502.17329252,93718676.18732505,94249086.76319002,92067325.70971505,80212796.66771506,79176797.76543503,91587590.85779254,97147515.31428507,91896400.88903503,85140800.25446004,97856976.14656259,89297675.39043006,81106978.423005,96242881.09139504,84203576.04970257,100362176.06816755,99629496.82870257,96437684.78067753,92047554.01454256,85635488.48205003,87277945.16548005,98573866.44072251,89485385.70040256,90930858.14983502,87021646.57631,92896024.48257256,79032171.14998999,91522531.61629002,85777422.96180755,101739447.45086254,83548687.30180255,90510372.28702503,88931441.00349253,94562823.70756754,101286851.39565507
2018-08-23,107021274.13423252,99270603.7885775,83738159.00414005,90635428.64610253,83073225.63266504,82104675.04416005,87356196.95590256,94189763.60648005,89385720.5715175,94460852.565045,83743731.1322025,86675064.05389003,85465810.50034003,87245113.42171004,84993398.47406754,88095892.99198005,83033502.17329252,93718676.18732505,94249086.76319002,92067325.70971505,80212796.66771506,79176797.76543503,91587590.85779254,97147515.31428507,91896400.88903503,85140800.25446004,97856976.14656259,89297675.39043006,81106978.423005,96242881.09139504,84203576.04970257,100362176.06816755,99629496.82870257,96437684.78067753,92047554.01454256,85635488.48205003,87277945.16548005,98573866.44072251,89485385.70040256,90930858.14983502,87021646.57631,92896024.48257256,79032171.14998999,91522531.61629002,85777422.96180755,101739447.45086254,83548687.30180255,90510372.28702503,88931441.00349253,94562823.70756754,101286851.39565507
2018-08-24,107021274.13423252,99270603.7885775,83738159.00414005,90635428.64610253,83073225.63266504,82104675.04416005,87356196.95590256,94189763.60648005,89385720.5715175,94460852.565045,83743731.1322025,86675064.05389003,85465810.50034003,87245113.42171004,84993398.47406754,88095892.99198005,83033502.17329252,93718676.18732505,94249086.76319002,92067325.70971505,80212796.66771506,79176797.76543503,91587590.85779254,97147515.31428507,91896400.88903503,85140800.25446004,97856976.14656259,89297675.39043006,81106978.423005,96242881.09139504,84203576.04970257,100362176.06816755,99629496.82870257,96437684.78067753,92047554.01454256,85635488.48205003,87277945.16548005,98573866.44072251,89485385.70040256,90930858.14983502,87021646.57631,92896024.48257256,79032171.14998999,91522531.61629002,85777422.96180755,101739447.45086254,83548687.30180255,90510372.28702503,88931441.00349253,94562823.70756754,101286851.39565507
2018-08-27,107021274.13423252,99270603.7885775,83738159.00414005,90635428.64610253,83073225.63266504,82104675.04416005,87356196.95590256,94189763.60648005,89385720.5715175,94460852.565045,83743731.1322025,86675064.05389003,85465810.50034003,87245113.42171004,84993398.47406754,88095892.99198005,83033502.17329252,93718676.18732505,94249086.76319002,92067325.70971505,80212796.66771506,79176797.76543503,91587590.85779254,97147515.31428507,91896400.88903503,85140800.25446004,97856976.14656259,89297675.39043006,81106978.423005,96242881.09139504,84203576.04970257,100362176.06816755,99629496.82870257,96437684.78067753,92047554.01454256,85635488.48205003,87277945.16548005,98573866.44072251,89485385.70040256,90930858.14983502,87021646.57631,92896024.48257256,79032171.14998999,91522531.61629002,85777422.96180755,101739447.45086254,83548687.30180255,90510372.28702503,88931441.00349253,94562823.70756754,101286851.39565507
2018-08-28,107021274.13423252,99270603.7885775,83738159.00414005,90635428.64610253,83073225.63266504,82104675.04416005,87356196.95590256,94189763.60648005,89385720.5715175,94460852.565045,83743731.1322025,86675064.05389003,85465810.50034003,87245113.42171004,84993398.47406754,88095892.99198005,83033502.17329252,93718676.18732505,94249086.76319002,92067325.70971505,80212796.66771506,79176797.76543503,91587590.85779254,97147515.31428507,91896400.88903503,85140800.25446004,97856976.14656259,89297675.39043006,81106978.423005,96242881.09139504,84203576.04970257,100362176.06816755,99629496.82870257,96437684.78067753,92047554.01454256,85635488.48205003,87277945.16548005,98573866.44072251,89485385.70040256,90930858.14983502,87021646.57631,92896024.48257256,79032171.14998999,91522531.61629002,85777422.96180755,101739447.45086254,83548687.30180255,90510372.28702503,88931441.00349253,94562823.70756754,101286851.39565507
2018-08-29,107021274.13423252,99270603.7885775,83738159.00414005,90635428.64610253,83073225.63266504,82104675.04416005,87356196.95590256,94189763.60648005,89385720.5715175,94460852.565045,83743731.1322025,86675064.05389003,85465810.50034003,87245113.42171004,84993398.47406754,88095892.99198005,83033502.17329252,93718676.18732505,94249086.76319002,92067325.70971505,80212796.66771506,79176797.76543503,91587590.85779254,97147515.31428507,91896400.88903503,85140800.25446004,97856976.14656259,89297675.39043006,81106978.423005,96242881.09139504,84203576.04970257,100362176.06816755,99629496.82870257,96437684.78067753,92047554.01454256,85635488.48205003,87277945.16548005,98573866.44072251,89485385.70040256,90930858.14983502,87021646.57631,92896024.48257256,79032171.14998999,91522531.61629002,85777422.96180755,101739447.45086254,83548687.30180255,90510372.28702503,88931441.00349253,94562823.70756754,101286851.39565507
2018-08-30,107021274.13423252,99270603.7885775,83738159.00414005,90635428.64610253,83073225.63266504,82104675.04416005,87356196.95590256,94189763.60648005,89385720.5715175,94460852.565045,83743731.1322025,86675064.05389003,85465810.50034003,87245113.42171004,84993398.47406754,88095892.99198005,83033502.17329252,93718676.18732505,94249086.76319002,92067325.70971505,80212796.66771506,79176797.76543503,91587590.85779254,97147515.31428507,91896400.88903503,85140800.25446004,97856976.14656259,89297675.39043006,81106978.423005,96242881.09139504,84203576.04970257,100362176.06816755,99629496.82870257,96437684.78067753,92047554.01454256,85635488.48205003,87277945.16548005,98573866.44072251,89485385.70040256,90930858.14983502,87021646.57631,92896024.48257256,79032171.14998999,91522531.61629002,85777422.96180755,101739447.45086254,83548687.30180255,90510372.28702503,88931441.00349253,94562823.70756754,101286851.39565507
2018-08-31,107021274.13423252,99270603.7885775,83738159.00414005,90635428.64610253,83073225.63266504,82104675.04416005,87356196.95590256,94189763.60648005,89385720.5715175,94460852.565045,83743731.1322025,86675064.05389003,85465810.50034003,87245113.42171004,84993398.47406754,88095892.99198005,83033502.17329252,93718676.18732505,94249086.76319002,92067325.70971505,80212796.66771506,79176797.76543503,91587590.85779254,97147515.31428507,91896400.88903503,85140800.25446004,97856976.14656259,89297675.39043006,81106978.423005,96242881.09139504,84203576.04970257,100362176.06816755,99629496.82870257,96437684.78067753,92047554.01454256,85635488.48205003,87277945.16548005,98573866.44072251,89485385.70040256,90930858.14983502,87021646.57631,92896024.48257256,79032171.14998999,91522531.61629002,85777422.96180755,101739447.45086254,83548687.30180255,90510372.28702503,88931441.00349253,94562823.70756754,101286851.39565507
2018-09-04,107021274.13423252,99270603.7885775,83738159.00414005,90635428.64610253,83073225.63266504,82104675.04416005,87356196.95590256,94189763.60648005,89385720.5715175,94460852.565045,83743731.1322025,86675064.05389003,85465810.50034003,87245113.42171004,84993398.47406754,88095892.99198005,83033502.17329252,93718676.18732505,94249086.76319002,92067325.70971505,80212796.66771506,79176797.76543503,91587590.85779254,97147515.31428507,91896400.88903503,85140800.25446004,97856976.14656259,89297675.39043006,81106978.423005,96242881.09139504,84203576.04970257,100362176.06816755,99629496.82870257,96437684.78067753,92047554.01454256,85635488.48205003,87277945.16548005,98573866.44072251,89485385.70040256,90930858.14983502,87021646.57631,92896024.48257256,79032171.14998999,91522531.61629002,85777422.96180755,101739447.45086254,83548687.30180255,90510372.28702503,88931441.00349253,94562823.70756754,101286851.39565507
2018-09-05,107021274.13423252,99270603.7885775,83738159.00414005,90635428.64610253,83073225.63266504,82104675.04416005,87356196.95590256,94189763.60648005,89385720.5715175,94460852.565045,83743731.1322025,86675064.05389003,85465810.50034003,87245113.42171004,84993398.47406754,88095892.99198005,83033502.17329252,93718676.18732505,94249086.76319002,92067325.70971505,80212796.66771506,79176797.76543503,91587590.85779254,97147515.31428507,91896400.88903503,85140800.25446004,97856976.14656259,89297675.39043006,81106978.423005,96242881.09139504,84203576.04970257,100362176.06816755,99629496.82870257,96437684.78067753,92047554.01454256,85635488.48205003,87277945.16548005,98573866.44072251,89485385.70040256,90930858.14983502,87021646.57631,92896024.48257256,79032171.14998999,91522531.61629002,85777422.96180755,101739447.45086254,83548687.30180255,90510372.28702503,88931441.00349253,94562823.70756754,101286851.39565507
2018-09-06,107021274.13423252,99270603.7885775,83738159.00414005,90635428.64610253,83073225.63266504,82104675.04416005,87356196.95590256,94189763.60648005,89385720.5715175,94460852.565045,83743731.1322025,86675064.05389003,85465810.50034003,87245113.42171004,84993398.47406754,88095892.99198005,83033502.17329252,93718676.18732505,94249086.76319002,92067325.70971505,80212796.66771506,79176797.76543503,91587590.85779254,97147515.31428507,91896400.88903503,85140800.25446004,97856976.14656259,89297675.39043006,81106978.423005,96242881.09139504,84203576.04970257,100362176.06816755,99629496.82870257,96437684.78067753,92047554.01454256,85635488.48205003,87277945.16548005,98573866.44072251,89485385.70040256,90930858.14983502,87021646.57631,92896024.48257256,79032171.14998999,91522531.61629002,85777422.96180755,101739447.45086254,83548687.30180255,90510372.28702503,88931441.00349253,94562823.70756754,101286851.39565507
2018-09-07,107021274.13423252,99270603.7885775,83738159.00414005,90635428.64610253,83073225.63266504,82104675.04416005,87356196.95590256,94189763.60648005,89385720.5715175,94460852.565045,83743731.1322025,86675064.05389003,85465810.50034003,87245113.42171004,84993398.47406754,88095892.99198005,83033502.17329252,93718676.18732505,94249086.76319002,92067325.70971505,80212796.66771506,79176797.76543503,91587590.85779254,97147515.31428507,91896400.88903503,85140800.25446004,97856976.14656259,89297675.39043006,81106978.423005,96242881.09139504,84203576.04970257,100362176.06816755,99629496.82870257,96437684.78067753,92047554.01454256,85635488.48205003,87277945.16548005,98573866.44072251,89485385.70040256,90930858.14983502,87021646.57631,92896024.48257256,79032171.14998999,91522531.61629002,85777422.96180755,101739447.45086254,83548687.30180255,90510372.28702503,88931441.00349253,94562823.70756754,101286851.39565507
2018-09-10,107021274.13423252,99270603.7885775,83738159.00414005,90635428.64610253,83073225.63266504,82104675.04416005,87356196.95590256,94189763.60648005,89385720.5715175,94460852.565045,83743731.1322025,86675064.05389003,85465810.50034003,87245113.42171004,84993398.47406754,88095892.99198005,83033502.17329252,93718676.18732505,94249086.76319002,92067325.70971505,80212796.66771506,79176797.76543503,91587590.85779254,97147515.31428507,91896400.88903503,85140800.25446004,97856976.14656259,89297675.39043006,81106978.423005,96242881.09139504,84203576.04970257,100362176.06816755,99629496.82870257,96437684.78067753,92047554.01454256,85635488.48205003,87277945.16548005,98573866.44072251,89485385.70040256,90930858.14983502,87021646.57631,92896024.48257256,79032171.14998999,91522531.61629002,85777422.96180755,101739447.45086254,83548687.30180255,90510372.28702503,88931441.00349253,94562823.70756754,101286851.39565507
2018-09-11,107021274.13423252,99270603.7885775,83738159.00414005,90635428.64610253,83073225.63266504,82104675.04416005,87356196.95590256,94189763.60648005,89385720.5715175,94460852.565045,83743731.1322025,86675064.05389003,85465810.50034003,87245113.42171004,84993398.47406754,88095892.99198005,83033502.17329252,93718676.18732505,94249086.76319002,92067325.70971505,80212796.66771506,79176797.76543503,91587590.85779254,97147515.31428507,91896400.88903503,85140800.25446004,97856976.14656259,89297675.39043006,81106978.423005,96242881.09139504,84203576.04970257,100362176.06816755,99629496.82870257,96437684.78067753,92047554.01454256,85635488.48205003,87277945.16548005,98573866.44072251,89485385.70040256,90930858.14983502,87021646.57631,92896024.48257256,79032171.14998999,91522531.61629002,85777422.96180755,101739447.45086254,83548687.30180255,90510372.28702503,88931441.00349253,94562823.70756754,101286851.39565507
2018-09-12,107021274.13423252,99270603.7885775,83738159.00414005,90635428.64610253,83073225.63266504,82104675.04416005,87356196.95590256,94189763.60648005,89385720.5715175,94460852.565045,83743731.1322025,86675064.05389003,85465810.50034003,87245113.42171004,84993398.47406754,88095892.99198005,83033502.17329252,93718676.18732505,94249086.76319002,92067325.70971505,80212796.66771506,79176797.76543503,91587590.85779254,97147515.31428507,91896400.88903503,85140800.25446004,97856976.14656259,89297675.39043006,81106978.423005,96242881.09139504,84203576.04970257,100362176.06816755,99629496.82870257,96437684.78067753,92047554.01454256,85635488.48205003,87277945.16548005,98573866.44072251,89485385.70040256,90930858.14983502,87021646.57631,92896024.48257256,79032171.14998999,91522531.61629002,85777422.96180755,101739447.45086254,83548687.30180255,90510372.28702503,88931441.00349253,94562823.70756754,101286851.39565507
2018-09-13,107021274.13423252,99270603.7885775,83738159.00414005,90635428.64610253,83073225.63266504,82104675.04416005,87356196.95590256,94189763.60648005,89385720.5715175,94460852.565045,83743731.1322025,86675064.05389003,85465810.50034003,87245113.42171004,84993398.47406754,88095892.99198005,83033502.17329252,93718676.18732505,94249086.76319002,92067325.70971505,80212796.66771506,79176797.76543503,91587590.85779254,97147515.31428507,91896400.88903503,85140800.25446004,97856976.14656259,89297675.39043006,81106978.423005,96242881.09139504,84203576.04970257,100362176.06816755,99629496.82870257,96437684.78067753,92047554.01454256,85635488.48205003,87277945.16548005,98573866.44072251,89485385.70040256,90930858.14983502,87021646.57631,92896024.48257256,79032171.14998999,91522531.61629002,85777422.96180755,101739447.45086254,83548687.30180255,90510372.28702503,88931441.00349253,94562823.70756754,101286851.39565507
2018-09-14,107021274.13423252,99270603.7885775,83738159.00414005,90635428.64610253,83073225.63266504,82104675.04416005,87356196.95590256,94189763.60648005,89385720.5715175,94460852.565045,83743731.1322025,86675064.05389003,85465810.50034003,87245113.42171004,84993398.47406754,88095892.99198005,83033502.17329252,93718676.18732505,94249086.76319002,92067325.70971505,80212796.66771506,79176797.76543503,91587590.85779254,97147515.31428507,91896400.88903503,85140800.25446004,97856976.14656259,89297675.39043006,81106978.423005,96242881.09139504,84203576.04970257,100362176.06816755,99629496.82870257,96437684.78067753,92047554.01454256,85635488.48205003,87277945.16548005,98573866.44072251,89485385.70040256,90930858.14983502,87021646.57631,92896024.48257256,79032171.14998999,91522531.61629002,85777422.96180755,101739447.45086254,83548687.30180255,90510372.28702503,88931441.00349253,94562823.70756754,101286851.39565507
2018-09-17,107021274.13423252,99270603.7885775,83738159.00414005,90635428.64610253,83073225.63266504,82104675.04416005,87356196.95590256,94189763.60648005,89385720.5715175,94460852.565045,83743731.1322025,86675064.05389003,85465810.50034003,87245113.42171004,84993398.47406754,88095892.99198005,83033502.17329252,93718676.18732505,94249086.76319002,92067325.70971505,80212796.66771506,79176797.76543503,91587590.85779254,97147515.31428507,91896400.88903503,85140800.25446004,97856976.14656259,89297675.39043006,81106978.423005,96242881.09139504,84203576.04970257,100362176.06816755,99629496.82870257,96437684.78067753,92047554.01454256,85635488.48205003,87277945.16548005,98573866.44072251,89485385.70040256,90930858.14983502,87021646.57631,92896024.48257256,79032171.14998999,91522531.61629002,85777422.96180755,101739447.45086254,83548687.30180255,90510372.28702503,88931441.00349253,94562823.70756754,101286851.39565507
2018-09-18,107021274.13423252,99270603.7885775,83738159.00414005,90635428.64610253,83073225.63266504,82104675.04416005,87356196.95590256,94189763.60648005,89385720.5715175,94460852.565045,83743731.1322025,86675064.05389003,85465810.50034003,87245113.42171004,84993398.47406754,88095892.99198005,83033502.17329252,93718676.18732505,94249086.76319002,92067325.70971505,80212796.66771506,79176797.76543503,91587590.85779254,97147515.31428507,91896400.88903503,85140800.25446004,97856976.14656259,89297675.39043006,81106978.423005,96242881.09139504,84203576.04970257,100362176.06816755,99629496.82870257,96437684.78067753,92047554.01454256,85635488.48205003,87277945.16548005,98573866.44072251,89485385.70040256,90930858.14983502,87021646.57631,92896024.48257256,79032171.14998999,91522531.61629002,85777422.96180755,101739447.45086254,83548687.30180255,90510372.28702503,88931441.00349253,94562823.70756754,101286851.39565507
2018-09-19,107021274.13423252,99270603.7885775,83738159.00414005,90635428.64610253,83073225.63266504,82104675.04416005,87356196.95590256,94189763.60648005,89385720.5715175,94460852.565045,83743731.1322025,86675064.05389003,85465810.50034003,87245113.42171004,84993398.47406754,88095892.99198005,83033502.17329252,93718676.18732505,94249086.76319002,92067325.70971505,80212796.66771506,79176797.76543503,91587590.85779254,97147515.31428507,91896400.88903503,85140800.25446004,97856976.14656259,89297675.39043006,81106978.423005,96242881.09139504,84203576.04970257,100362176.06816755,99629496.82870257,96437684.78067753,92047554.01454256,85635488.48205003,87277945.16548005,98573866.44072251,89485385.70040256,90930858.14983502,87021646.57631,92896024.48257256,79032171.14998999,91522531.61629002,85777422.96180755,101739447.45086254,83548687.30180255,90510372.28702503,88931441.00349253,94562823.70756754,101286851.39565507
2018-09-20,107021274.13423252,99270603.7885775,83738159.00414005,90635428.64610253,83073225.63266504,82104675.04416005,87356196.95590256,94189763.60648005,89385720.5715175,94460852.565045,83743731.1322025,86675064.05389003,85465810.50034003,87245113.42171004,84993398.47406754,88095892.99198005,83033502.17329252,93718676.18732505,94249086.76319002,92067325.70971505,80212796.66771506,79176797.76543503,91587590.85779254,97147515.31428507,91896400.88903503,85140800.25446004,97856976.14656259,89297675.39043006,81106978.423005,96242881.09139504,84203576.04970257,100362176.06816755,99629496.82870257,96437684.78067753,92047554.01454256,85635488.48205003,87277945.16548005,98573866.44072251,89485385.70040256,90930858.14983502,87021646.57631,92896024.48257256,79032171.14998999,91522531.61629002,85777422.96180755,101739447.45086254,83548687.30180255,90510372.28702503,88931441.00349253,94562823.70756754,101286851.39565507
2018-09-21,107021274.13423252,99270603.7885775,83738159.00414005,90635428.64610253,83073225.63266504,82104675.04416005,87356196.95590256,94189763.60648005,89385720.5715175,94460852.565045,83743731.1322025,86675064.05389003,85465810.50034003,87245113.42171004,84993398.47406754,88095892.99198005,83033502.17329252,93718676.18732505,94249086.76319002,92067325.70971505,80212796.66771506,79176797.76543503,91587590.85779254,97147515.31428507,91896400.88903503,85140800.25446004,97856976.14656259,89297675.39043006,81106978.423005,96242881.09139504,84203576.04970257,100362176.06816755,99629496.82870257,96437684.78067753,92047554.01454256,85635488.48205003,87277945.16548005,98573866.44072251,89485385.70040256,90930858.14983502,87021646.57631,92896024.48257256,79032171.14998999,91522531.61629002,85777422.96180755,101739447.45086254,83548687.30180255,90510372.28702503,88931441.00349253,94562823.70756754,101286851.39565507
2018-09-24,107021274.13423252,99270603.7885775,83738159.00414005,90635428.64610253,83073225.63266504,82104675.04416005,87356196.95590256,94189763.60648005,89385720.5715175,94460852.565045,83743731.1322025,86675064.05389003,85465810.50034003,87245113.42171004,84993398.47406754,88095892.99198005,83033502.17329252,93718676.18732505,94249086.76319002,92067325.70971505,80212796.66771506,79176797.76543503,91587590.85779254,97147515.31428507,91896400.88903503,85140800.25446004,97856976.14656259,89297675.39043006,81106978.423005,96242881.09139504,84203576.04970257,100362176.06816755,99629496.82870257,96437684.78067753,92047554.01454256,85635488.48205003,87277945.16548005,98573866.44072251,89485385.70040256,90930858.14983502,87021646.57631,92896024.48257256,79032171.14998999,91522531.61629002,85777422.96180755,101739447.45086254,83548687.30180255,90510372.28702503,88931441.00349253,94562823.70756754,101286851.39565507
2018-09-25,107021274.13423252,99270603.7885775,83738159.00414005,90635428.64610253,83073225.63266504,82104675.04416005,87356196.95590256,94189763.60648005,89385720.5715175,94460852.565045,83743731.1322025,86675064.05389003,85465810.50034003,87245113.42171004,84993398.47406754,88095892.99198005,83033502.17329252,93718676.18732505,94249086.76319002,92067325.70971505,80212796.66771506,79176797.76543503,91587590.85779254,97147515.31428507,91896400.88903503,85140800.25446004,97856976.14656259,89297675.39043006,81106978.423005,96242881.09139504,84203576.04970257,100362176.06816755,99629496.82870257,96437684.78067753,92047554.01454256,85635488.48205003,87277945.16548005,98573866.44072251,89485385.70040256,90930858.14983502,87021646.57631,92896024.48257256,79032171.14998999,91522531.61629002,85777422.96180755,101739447.45086254,83548687.30180255,90510372.28702503,88931441.00349253,94562823.70756754,101286851.39565507
2018-09-26,107021274.13423252,99270603.7885775,83738159.00414005,90635428.64610253,83073225.63266504,82104675.04416005,87356196.95590256,94189763.60648005,89385720.5715175,94460852.565045,83743731.1322025,86675064.05389003,85465810.50034003,87245113.42171004,84993398.47406754,88095892.99198005,83033502.17329252,93718676.18732505,94249086.76319002,92067325.70971505,80212796.66771506,79176797.76543503,91587590.85779254,97147515.31428507,91896400.88903503,85140800.25446004,97856976.14656259,89297675.39043006,81106978.423005,96242881.09139504,84203576.04970257,100362176.06816755,99629496.82870257,96437684.78067753,92047554.01454256,85635488.48205003,87277945.16548005,98573866.44072251,89485385.70040256,90930858.14983502,87021646.57631,92896024.48257256,79032171.14998999,91522531.61629002,85777422.96180755,101739447.45086254,83548687.30180255,90510372.28702503,88931441.00349253,94562823.70756754,101286851.39565507
2018-09-27,107021274.13423252,99270603.7885775,83738159.00414005,90635428.64610253,83073225.63266504,82104675.04416005,87356196.95590256,94189763.60648005,89385720.5715175,94460852.565045,83743731.1322025,86675064.05389003,85465810.50034003,87245113.42171004,84993398.47406754,88095892.99198005,83033502.17329252,93718676.18732505,94249086.76319002,92067325.70971505,80212796.66771506,79176797.76543503,91587590.85779254,97147515.31428507,91896400.88903503,85140800.25446004,97856976.14656259,89297675.39043006,81106978.423005,96242881.09139504,84203576.04970257,100362176.06816755,99629496.82870257,96437684.78067753,92047554.01454256,85635488.48205003,87277945.16548005,98573866.44072251,89485385.70040256,90930858.14983502,87021646.57631,92896024.48257256,79032171.14998999,91522531.61629002,85777422.96180755,101739447.45086254,83548687.30180255,90510372.28702503,88931441.00349253,94562823.70756754,101286851.39565507
2018-09-28,107021274.13423252,99270603.7885775,83738159.00414005,90635428.64610253,83073225.63266504,82104675.04416005,87356196.95590256,94189763.60648005,89385720.5715175,94460852.565045,83743731.1322025,86675064.05389003,85465810.50034003,87245113.42171004,84993398.47406754,88095892.99198005,83033502.17329252,93718676.18732505,94249086.76319002,92067325.70971505,80212796.66771506,79176797.76543503,91587590.85779254,97147515.31428507,91896400.88903503,85140800.25446004,97856976.14656259,89297675.39043006,81106978.423005,96242881.09139504,84203576.04970257,100362176.06816755,99629496.82870257,96437684.78067753,92047554.01454256,85635488.48205003,87277945.16548005,98573866.44072251,89485385.70040256,90930858.14983502,87021646.57631,92896024.48257256,79032171.14998999,91522531.61629002,85777422.96180755,101739447.45086254,83548687.30180255,90510372.28702503,88931441.00349253,94562823.70756754,101286851.39565507
2018-10-01,107021274.13423252,99270603.7885775,83738159.00414005,90635428.64610253,83073225.63266504,82104675.04416005,87356196.95590256,94189763.60648005,89385720.5715175,94460852.565045,83743731.1322025,86675064.05389003,85465810.50034003,87245113.42171004,84993398.47406754,88095892.99198005,83033502.17329252,93718676.18732505,94249086.76319002,92067325.70971505,80212796.66771506,79176797.76543503,91587590.85779254,97147515.31428507,91896400.88903503,85140800.25446004,97856976.14656259,89297675.39043006,81106978.423005,96242881.09139504,84203576.04970257,100362176.06816755,99629496.82870257,96437684.78067753,92047554.01454256,85635488.48205003,87277945.16548005,98573866.44072251,89485385.70040256,90930858.14983502,87021646.57631,92896024.48257256,79032171.14998999,91522531.61629002,85777422.96180755,101739447.45086254,83548687.30180255,90510372.28702503,88931441.00349253,94562823.70756754,101286851.39565507
2018-10-02,107021274.13423252,99270603.7885775,83738159.00414005,90635428.64610253,83073225.63266504,82104675.04416005,87356196.95590256,94189763.60648005,89385720.5715175,94460852.565045,83743731.1322025,86675064.05389003,85465810.50034003,87245113.42171004,84993398.47406754,88095892.99198005,83033502.17329252,93718676.18732505,94249086.76319002,92067325.70971505,80212796.66771506,79176797.76543503,91587590.85779254,97147515.31428507,91896400.88903503,85140800.25446004,97856976.14656259,89297675.39043006,81106978.423005,96242881.09139504,84203576.04970257,100362176.06816755,99629496.82870257,96437684.78067753,92047554.01454256,85635488.48205003,87277945.16548005,98573866.44072251,89485385.70040256,90930858.14983502,87021646.57631,92896024.48257256,79032171.14998999,91522531.61629002,85777422.96180755,101739447.45086254,83548687.30180255,90510372.28702503,88931441.00349253,94562823.70756754,101286851.39565507
2018-10-03,107021274.13423252,99270603.7885775,83738159.00414005,90635428.64610253,83073225.63266504,82104675.04416005,87356196.95590256,94189763.60648005,89385720.5715175,94460852.565045,83743731.1322025,86675064.05389003,85465810.50034003,87245113.42171004,84993398.47406754,88095892.99198005,83033502.17329252,93718676.18732505,94249086.76319002,92067325.70971505,80212796.66771506,79176797.76543503,91587590.85779254,97147515.31428507,91896400.88903503,85140800.25446004,97856976.14656259,89297675.39043006,81106978.423005,96242881.09139504,84203576.04970257,100362176.06816755,99629496.82870257,96437684.78067753,92047554.01454256,85635488.48205003,87277945.16548005,98573866.44072251,89485385.70040256,90930858.14983502,87021646.57631,92896024.48257256,79032171.14998999,91522531.61629002,85777422.96180755,101739447.45086254,83548687.30180255,90510372.28702503,88931441.00349253,94562823.70756754,101286851.39565507
2018-10-04,107021274.13423252,99270603.7885775,83738159.00414005,90635428.64610253,83073225.63266504,82104675.04416005,87356196.95590256,94189763.60648005,89385720.5715175,94460852.565045,83743731.1322025,86675064.05389003,85465810.50034003,87245113.42171004,84993398.47406754,88095892.99198005,83033502.17329252,93718676.18732505,94249086.76319002,92067325.70971505,80212796.66771506,79176797.76543503,91587590.85779254,97147515.31428507,91896400.88903503,85140800.25446004,97856976.14656259,89297675.39043006,81106978.423005,96242881.09139504,84203576.04970257,100362176.06816755,99629496.82870257,96437684.78067753,92047554.01454256,85635488.48205003,87277945.16548005,98573866.44072251,89485385.70040256,90930858.14983502,87021646.57631,92896024.48257256,79032171.14998999,91522531.61629002,85777422.96180755,101739447.45086254,83548687.30180255,90510372.28702503,88931441.00349253,94562823.70756754,101286851.39565507
2018-10-05,107021274.13423252,99270603.7885775,83738159.00414005,90635428.64610253,83073225.63266504,82104675.04416005,87356196.95590256,94189763.60648005,89385720.5715175,94460852.565045,83743731.1322025,86675064.05389003,85465810.50034003,87245113.42171004,84993398.47406754,88095892.99198005,83033502.17329252,93718676.18732505,94249086.76319002,92067325.70971505,80212796.66771506,79176797.76543503,91587590.85779254,97147515.31428507,91896400.88903503,85140800.25446004,97856976.14656259,89297675.39043006,81106978.423005,96242881.09139504,84203576.04970257,100362176.06816755,99629496.82870257,96437684.78067753,92047554.01454256,85635488.48205003,87277945.16548005,98573866.44072251,89485385.70040256,90930858.14983502,87021646.57631,92896024.48257256,79032171.14998999,91522531.61629002,85777422.96180755,101739447.45086254,83548687.30180255,90510372.28702503,88931441.00349253,94562823.70756754,101286851.39565507
2018-10-08,107021274.13423252,99270603.7885775,83738159.00414005,90635428.64610253,83073225.63266504,82104675.04416005,87356196.95590256,94189763.60648005,89385720.5715175,94460852.565045,83743731.1322025,86675064.05389003,85465810.50034003,87245113.42171004,84993398.47406754,88095892.99198005,83033502.17329252,93718676.18732505,94249086.76319002,92067325.70971505,80212796.66771506,79176797.76543503,91587590.85779254,97147515.31428507,91896400.88903503,85140800.25446004,97856976.14656259,89297675.39043006,81106978.423005,96242881.09139504,84203576.04970257,100362176.06816755,99629496.82870257,96437684.78067753,92047554.01454256,85635488.48205003,87277945.16548005,98573866.44072251,89485385.70040256,90930858.14983502,87021646.57631,92896024.48257256,79032171.14998999,91522531.61629002,85777422.96180755,101739447.45086254,83548687.30180255,90510372.28702503,88931441.00349253,94562823.70756754,101286851.39565507
2018-10-09,107021274.13423252,99270603.7885775,83738159.00414005,90635428.64610253,83073225.63266504,82104675.04416005,87356196.95590256,94189763.60648005,89385720.5715175,94460852.565045,83743731.1322025,86675064.05389003,85465810.50034003,87245113.42171004,84993398.47406754,88095892.99198005,83033502.17329252,93718676.18732505,94249086.76319002,92067325.70971505,80212796.66771506,79176797.76543503,91587590.85779254,97147515.31428507,91896400.88903503,85140800.25446004,97856976.14656259,89297675.39043006,81106978.423005,96242881.09139504,84203576.04970257,100362176.06816755,99629496.82870257,96437684.78067753,92047554.01454256,85635488.48205003,87277945.16548005,98573866.44072251,89485385.70040256,90930858.14983502,87021646.57631,92896024.48257256,79032171.14998999,91522531.61629002,85777422.96180755,101739447.45086254,83548687.30180255,90510372.28702503,88931441.00349253,94562823.70756754,101286851.39565507
2018-10-10,107021274.13423252,99270603.7885775,83738159.00414005,90635428.64610253,83073225.63266504,82104675.04416005,87356196.95590256,94189763.60648005,89385720.5715175,94460852.565045,83743731.1322025,86675064.05389003,85465810.50034003,87245113.42171004,84993398.47406754,88095892.99198005,83033502.17329252,93718676.18732505,94249086.76319002,92067325.70971505,80212796.66771506,79176797.76543503,91587590.85779254,97147515.31428507,91896400.88903503,85140800.25446004,97856976.14656259,89297675.39043006,81106978.423005,96242881.09139504,84203576.04970257,100362176.06816755,99629496.82870257,96437684.78067753,92047554.01454256,85635488.48205003,87277945.16548005,98573866.44072251,89485385.70040256,90930858.14983502,87021646.57631,92896024.48257256,79032171.14998999,91522531.61629002,85777422.96180755,101739447.45086254,83548687.30180255,90510372.28702503,88931441.00349253,94562823.70756754,101286851.39565507
2018-10-11,107021274.13423252,99270603.7885775,83738159.00414005,90635428.64610253,83073225.63266504,82104675.04416005,87356196.95590256,94189763.60648005,89385720.5715175,94460852.565045,83743731.1322025,86675064.05389003,85465810.50034003,87245113.42171004,84993398.47406754,88095892.99198005,83033502.17329252,93718676.18732505,94249086.76319002,92067325.70971505,80212796.66771506,79176797.76543503,91587590.85779254,97147515.31428507,91896400.88903503,85140800.25446004,97856976.14656259,89297675.39043006,81106978.423005,96242881.09139504,84203576.04970257,100362176.06816755,99629496.82870257,96437684.78067753,92047554.01454256,85635488.48205003,87277945.16548005,98573866.44072251,89485385.70040256,90930858.14983502,87021646.57631,92896024.48257256,79032171.14998999,91522531.61629002,85777422.96180755,101739447.45086254,83548687.30180255,90510372.28702503,88931441.00349253,94562823.70756754,101286851.39565507
2018-10-12,107021274.13423252,99270603.7885775,83738159.00414005,90635428.64610253,83073225.63266504,82104675.04416005,87356196.95590256,94189763.60648005,89385720.5715175,94460852.565045,83743731.1322025,86675064.05389003,85465810.50034003,87245113.42171004,84993398.47406754,88095892.99198005,83033502.17329252,93718676.18732505,94249086.76319002,92067325.70971505,80212796.66771506,79176797.76543503,91587590.85779254,97147515.31428507,91896400.88903503,85140800.25446004,97856976.14656259,89297675.39043006,81106978.423005,96242881.09139504,84203576.04970257,100362176.06816755,99629496.82870257,96437684.78067753,92047554.01454256,85635488.48205003,87277945.16548005,98573866.44072251,89485385.70040256,90930858.14983502,87021646.57631,92896024.48257256,79032171.14998999,91522531.61629002,85777422.96180755,101739447.45086254,83548687.30180255,90510372.28702503,88931441.00349253,94562823.70756754,101286851.39565507
2018-10-15,107021274.13423252,99270603.7885775,83738159.00414005,90635428.64610253,83073225.63266504,82104675.04416005,87356196.95590256,94189763.60648005,89385720.5715175,94460852.565045,83743731.1322025,86675064.05389003,85465810.50034003,87245113.42171004,84993398.47406754,88095892.99198005,83033502.17329252,93718676.18732505,94249086.76319002,92067325.70971505,80212796.66771506,79176797.76543503,91587590.85779254,97147515.31428507,91896400.88903503,85140800.25446004,97856976.14656259,89297675.39043006,81106978.423005,96242881.09139504,84203576.04970257,100362176.06816755,99629496.82870257,96437684.78067753,92047554.01454256,85635488.48205003,87277945.16548005,98573866.44072251,89485385.70040256,90930858.14983502,87021646.57631,92896024.48257256,79032171.14998999,91522531.61629002,85777422.96180755,101739447.45086254,83548687.30180255,90510372.28702503,88931441.00349253,94562823.70756754,101286851.39565507
2018-10-16,107021274.13423252,99270603.7885775,83738159.00414005,90635428.64610253,83073225.63266504,82104675.04416005,87356196.95590256,94189763.60648005,89385720.5715175,94460852.565045,83743731.1322025,86675064.05389003,85465810.50034003,87245113.42171004,84993398.47406754,88095892.99198005,83033502.17329252,93718676.18732505,94249086.76319002,92067325.70971505,80212796.66771506,79176797.76543503,91587590.85779254,97147515.31428507,91896400.88903503,85140800.25446004,97856976.14656259,89297675.39043006,81106978.423005,96242881.09139504,84203576.04970257,100362176.06816755,99629496.82870257,96437684.78067753,92047554.01454256,85635488.48205003,87277945.16548005,98573866.44072251,89485385.70040256,90930858.14983502,87021646.57631,92896024.48257256,79032171.14998999,91522531.61629002,85777422.96180755,101739447.45086254,83548687.30180255,90510372.28702503,88931441.00349253,94562823.70756754,101286851.39565507
2018-10-17,107021274.13423252,99270603.7885775,83738159.00414005,90635428.64610253,83073225.63266504,82104675.04416005,87356196.95590256,94189763.60648005,89385720.5715175,94460852.565045,83743731.1322025,86675064.05389003,85465810.50034003,87245113.42171004,84993398.47406754,88095892.99198005,83033502.17329252,93718676.18732505,94249086.76319002,92067325.70971505,80212796.66771506,79176797.76543503,91587590.85779254,97147515.31428507,91896400.88903503,85140800.25446004,97856976.14656259,89297675.39043006,81106978.423005,96242881.09139504,84203576.04970257,100362176.06816755,99629496.82870257,96437684.78067753,92047554.01454256,85635488.48205003,87277945.16548005,98573866.44072251,89485385.70040256,90930858.14983502,87021646.57631,92896024.48257256,79032171.14998999,91522531.61629002,85777422.96180755,101739447.45086254,83548687.30180255,90510372.28702503,88931441.00349253,94562823.70756754,101286851.39565507
2018-10-18,107021274.13423252,99270603.7885775,83738159.00414005,90635428.64610253,83073225.63266504,82104675.04416005,87356196.95590256,94189763.60648005,89385720.5715175,94460852.565045,83743731.1322025,86675064.05389003,85465810.50034003,87245113.42171004,84993398.47406754,88095892.99198005,83033502.17329252,93718676.18732505,94249086.76319002,92067325.70971505,80212796.66771506,79176797.76543503,91587590.85779254,97147515.31428507,91896400.88903503,85140800.25446004,97856976.14656259,89297675.39043006,81106978.423005,96242881.09139504,84203576.04970257,100362176.06816755,99629496.82870257,96437684.78067753,92047554.01454256,85635488.48205003,87277945.16548005,98573866.44072251,89485385.70040256,90930858.14983502,87021646.57631,92896024.48257256,79032171.14998999,91522531.61629002,85777422.96180755,101739447.45086254,83548687.30180255,90510372.28702503,88931441.00349253,94562823.70756754,101286851.39565507
2018-10-19,107021274.13423252,99270603.7885775,83738159.00414005,90635428.64610253,83073225.63266504,82104675.04416005,87356196.95590256,94189763.60648005,89385720.5715175,94460852.565045,83743731.1322025,86675064.05389003,85465810.50034003,87245113.42171004,84993398.47406754,88095892.99198005,83033502.17329252,93718676.18732505,94249086.76319002,92067325.70971505,80212796.66771506,79176797.76543503,91587590.85779254,97147515.31428507,91896400.88903503,85140800.25446004,97856976.14656259,89297675.39043006,81106978.423005,96242881.09139504,84203576.04970257,100362176.06816755,99629496.82870257,96437684.78067753,92047554.01454256,85635488.48205003,87277945.16548005,98573866.44072251,89485385.70040256,90930858.14983502,87021646.57631,92896024.48257256,79032171.14998999,91522531.61629002,85777422.96180755,101739447.45086254,83548687.30180255,90510372.28702503,88931441.00349253,94562823.70756754,101286851.39565507
2018-10-22,107021274.13423252,99270603.7885775,83738159.00414005,90635428.64610253,83073225.63266504,82104675.04416005,87356196.95590256,94189763.60648005,89385720.5715175,94460852.565045,83743731.1322025,86675064.05389003,85465810.50034003,87245113.42171004,84993398.47406754,88095892.99198005,83033502.17329252,93718676.18732505,94249086.76319002,92067325.70971505,80212796.66771506,79176797.76543503,91587590.85779254,97147515.31428507,91896400.88903503,85140800.25446004,97856976.14656259,89297675.39043006,81106978.423005,96242881.09139504,84203576.04970257,100362176.06816755,99629496.82870257,96437684.78067753,92047554.01454256,85635488.48205003,87277945.16548005,98573866.44072251,89485385.70040256,90930858.14983502,87021646.57631,92896024.48257256,79032171.14998999,91522531.61629002,85777422.96180755,101739447.45086254,83548687.30180255,90510372.28702503,88931441.00349253,94562823.70756754,101286851.39565507
2018-10-23,107021274.13423252,99270603.7885775,83738159.00414005,90635428.64610253,83073225.63266504,82104675.04416005,87356196.95590256,94189763.60648005,89385720.5715175,94460852.565045,83743731.1322025,86675064.05389003,85465810.50034003,87245113.42171004,84993398.47406754,88095892.99198005,83033502.17329252,93718676.18732505,94249086.76319002,92067325.70971505,80212796.66771506,79176797.76543503,91587590.85779254,97147515.31428507,91896400.88903503,85140800.25446004,97856976.14656259,89297675.39043006,81106978.423005,96242881.09139504,84203576.04970257,100362176.06816755,99629496.82870257,96437684.78067753,92047554.01454256,85635488.48205003,87277945.16548005,98573866.44072251,89485385.70040256,90930858.14983502,87021646.57631,92896024.48257256,79032171.14998999,91522531.61629002,85777422.96180755,101739447.45086254,83548687.30180255,90510372.28702503,88931441.00349253,94562823.70756754,101286851.39565507
2018-10-24,107021274.13423252,99270603.7885775,83738159.00414005,90635428.64610253,83073225.63266504,82104675.04416005,87356196.95590256,94189763.60648005,89385720.5715175,94460852.565045,83743731.1322025,86675064.05389003,85465810.50034003,87245113.42171004,84993398.47406754,88095892.99198005,83033502.17329252,93718676.18732505,94249086.76319002,92067325.70971505,80212796.66771506,79176797.76543503,91587590.85779254,97147515.31428507,91896400.88903503,85140800.25446004,97856976.14656259,89297675.39043006,81106978.423005,96242881.09139504,84203576.04970257,100362176.06816755,99629496.82870257,96437684.78067753,92047554.01454256,85635488.48205003,87277945.16548005,98573866.44072251,89485385.70040256,90930858.14983502,87021646.57631,92896024.48257256,79032171.14998999,91522531.61629002,85777422.96180755,101739447.45086254,83548687.30180255,90510372.28702503,88931441.00349253,94562823.70756754,101286851.39565507
2018-10-25,107021274.13423252,99270603.7885775,83738159.00414005,90635428.64610253,83073225.63266504,82104675.04416005,87356196.95590256,94189763.60648005,89385720.5715175,94460852.565045,83743731.1322025,86675064.05389003,85465810.50034003,87245113.42171004,84993398.47406754,88095892.99198005,83033502.17329252,93718676.18732505,94249086.76319002,92067325.70971505,80212796.66771506,79176797.76543503,91587590.85779254,97147515.31428507,91896400.88903503,85140800.25446004,97856976.14656259,89297675.39043006,81106978.423005,96242881.09139504,84203576.04970257,100362176.06816755,99629496.82870257,96437684.78067753,92047554.01454256,85635488.48205003,87277945.16548005,98573866.44072251,89485385.70040256,90930858.14983502,87021646.57631,92896024.48257256,79032171.14998999,91522531.61629002,85777422.96180755,101739447.45086254,83548687.30180255,90510372.28702503,88931441.00349253,94562823.70756754,101286851.39565507
2018-10-26,107021274.13423252,99270603.7885775,83738159.00414005,90635428.64610253,83073225.63266504,82104675.04416005,87356196.95590256,94189763.60648005,89385720.5715175,94460852.565045,83743731.1322025,86675064.05389003,85465810.50034003,87245113.42171004,84993398.47406754,88095892.99198005,83033502.17329252,93718676.18732505,94249086.76319002,92067325.70971505,80212796.66771506,79176797.76543503,91587590.85779254,97147515.31428507,91896400.88903503,85140800.25446004,97856976.14656259,89297675.39043006,81106978.423005,96242881.09139504,84203576.04970257,100362176.06816755,99629496.82870257,96437684.78067753,92047554.01454256,85635488.48205003,87277945.16548005,98573866.44072251,89485385.70040256,90930858.14983502,87021646.57631,92896024.48257256,79032171.14998999,91522531.61629002,85777422.96180755,101739447.45086254,83548687.30180255,90510372.28702503,88931441.00349253,94562823.70756754,101286851.39565507
2018-10-29,107021274.13423252,99270603.7885775,83738159.00414005,90635428.64610253,83073225.63266504,82104675.04416005,87356196.95590256,94189763.60648005,89385720.5715175,94460852.565045,83743731.1322025,86675064.05389003,85465810.50034003,87245113.42171004,84993398.47406754,88095892.99198005,83033502.17329252,93718676.18732505,94249086.76319002,92067325.70971505,80212796.66771506,79176797.76543503,91587590.85779254,97147515.31428507,91896400.88903503,85140800.25446004,97856976.14656259,89297675.39043006,81106978.423005,96242881.09139504,84203576.04970257,100362176.06816755,99629496.82870257,96437684.78067753,92047554.01454256,85635488.48205003,87277945.16548005,98573866.44072251,89485385.70040256,90930858.14983502,87021646.57631,92896024.48257256,79032171.14998999,91522531.61629002,85777422.96180755,101739447.45086254,83548687.30180255,90510372.28702503,88931441.00349253,94562823.70756754,101286851.39565507
2018-10-30,107021274.13423252,99270603.7885775,83738159.00414005,90635428.64610253,83073225.63266504,82104675.04416005,87356196.95590256,94189763.60648005,89385720.5715175,94460852.565045,83743731.1322025,86675064.05389003,85465810.50034003,87245113.42171004,84993398.47406754,88095892.99198005,83033502.17329252,93718676.18732505,94249086.76319002,92067325.70971505,80212796.66771506,79176797.76543503,91587590.85779254,97147515.31428507,91896400.88903503,85140800.25446004,97856976.14656259,89297675.39043006,81106978.423005,96242881.09139504,84203576.04970257,100362176.06816755,99629496.82870257,96437684.78067753,92047554.01454256,85635488.48205003,87277945.16548005,98573866.44072251,89485385.70040256,90930858.14983502,87021646.57631,92896024.48257256,79032171.14998999,91522531.61629002,85777422.96180755,101739447.45086254,83548687.30180255,90510372.28702503,88931441.00349253,94562823.70756754,101286851.39565507
2018-10-31,107021274.13423252,99270603.7885775,83738159.00414005,90635428.64610253,83073225.63266504,82104675.04416005,87356196.95590256,94189763.60648005,89385720.5715175,94460852.565045,83743731.1322025,86675064.05389003,85465810.50034003,87245113.42171004,84993398.47406754,88095892.99198005,83033502.17329252,93718676.18732505,94249086.76319002,92067325.70971505,80212796.66771506,79176797.76543503,91587590.85779254,97147515.31428507,91896400.88903503,85140800.25446004,97856976.14656259,89297675.39043006,81106978.423005,96242881.09139504,84203576.04970257,100362176.06816755,99629496.82870257,96437684.78067753,92047554.01454256,85635488.48205003,87277945.16548005,98573866.44072251,89485385.70040256,90930858.14983502,87021646.57631,92896024.48257256,79032171.14998999,91522531.61629002,85777422.96180755,101739447.45086254,83548687.30180255,90510372.28702503,88931441.00349253,94562823.70756754,101286851.39565507
2018-11-01,107021274.13423252,99270603.7885775,83738159.00414005,90635428.64610253,83073225.63266504,82104675.04416005,87356196.95590256,94189763.60648005,89385720.5715175,94460852.565045,83743731.1322025,86675064.05389003,85465810.50034003,87245113.42171004,84993398.47406754,88095892.99198005,83033502.17329252,93718676.18732505,94249086.76319002,92067325.70971505,80212796.66771506,79176797.76543503,91587590.85779254,97147515.31428507,91896400.88903503,85140800.25446004,97856976.14656259,89297675.39043006,81106978.423005,96242881.09139504,84203576.04970257,100362176.06816755,99629496.82870257,96437684.78067753,92047554.01454256,85635488.48205003,87277945.16548005,98573866.44072251,89485385.70040256,90930858.14983502,87021646.57631,92896024.48257256,79032171.14998999,91522531.61629002,85777422.96180755,101739447.45086254,83548687.30180255,90510372.28702503,88931441.00349253,94562823.70756754,101286851.39565507
2018-11-02,107021274.13423252,99270603.7885775,83738159.00414005,90635428.64610253,83073225.63266504,82104675.04416005,87356196.95590256,94189763.60648005,89385720.5715175,94460852.565045,83743731.1322025,86675064.05389003,85465810.50034003,87245113.42171004,84993398.47406754,88095892.99198005,83033502.17329252,93718676.18732505,94249086.76319002,92067325.70971505,80212796.66771506,79176797.76543503,91587590.85779254,97147515.31428507,91896400.88903503,85140800.25446004,97856976.14656259,89297675.39043006,81106978.423005,96242881.09139504,84203576.04970257,100362176.06816755,99629496.82870257,96437684.78067753,92047554.01454256,85635488.48205003,87277945.16548005,98573866.44072251,89485385.70040256,90930858.14983502,87021646.57631,92896024.48257256,79032171.14998999,91522531.61629002,85777422.96180755,101739447.45086254,83548687.30180255,90510372.28702503,88931441.00349253,94562823.70756754,101286851.39565507
2018-11-05,107021274.13423252,99270603.7885775,83738159.00414005,90635428.64610253,83073225.63266504,82104675.04416005,87356196.95590256,94189763.60648005,89385720.5715175,94460852.565045,83743731.1322025,86675064.05389003,85465810.50034003,87245113.42171004,84993398.47406754,88095892.99198005,83033502.17329252,93718676.18732505,94249086.76319002,92067325.70971505,80212796.66771506,79176797.76543503,91587590.85779254,97147515.31428507,91896400.88903503,85140800.25446004,97856976.14656259,89297675.39043006,81106978.423005,96242881.09139504,84203576.04970257,100362176.06816755,99629496.82870257,96437684.78067753,92047554.01454256,85635488.48205003,87277945.16548005,98573866.44072251,89485385.70040256,90930858.14983502,87021646.57631,92896024.48257256,79032171.14998999,91522531.61629002,85777422.96180755,101739447.45086254,83548687.30180255,90510372.28702503,88931441.00349253,94562823.70756754,101286851.39565507
2018-11-06,107021274.13423252,99270603.7885775,83738159.00414005,90635428.64610253,83073225.63266504,82104675.04416005,87356196.95590256,94189763.60648005,89385720.5715175,94460852.565045,83743731.1322025,86675064.05389003,85465810.50034003,87245113.42171004,84993398.47406754,88095892.99198005,83033502.17329252,93718676.18732505,94249086.76319002,92067325.70971505,80212796.66771506,79176797.76543503,91587590.85779254,97147515.31428507,91896400.88903503,85140800.25446004,97856976.14656259,89297675.39043006,81106978.423005,96242881.09139504,84203576.04970257,100362176.06816755,99629496.82870257,96437684.78067753,92047554.01454256,85635488.48205003,87277945.16548005,98573866.44072251,89485385.70040256,90930858.14983502,87021646.57631,92896024.48257256,79032171.14998999,91522531.61629002,85777422.96180755,101739447.45086254,83548687.30180255,90510372.28702503,88931441.00349253,94562823.70756754,101286851.39565507
2018-11-07,107021274.13423252,99270603.7885775,83738159.00414005,90635428.64610253,83073225.63266504,82104675.04416005,87356196.95590256,94189763.60648005,89385720.5715175,94460852.565045,83743731.1322025,86675064.05389003,85465810.50034003,87245113.42171004,84993398.47406754,88095892.99198005,83033502.17329252,93718676.18732505,94249086.76319002,92067325.70971505,80212796.66771506,79176797.76543503,91587590.85779254,97147515.31428507,91896400.88903503,85140800.25446004,97856976.14656259,89297675.39043006,81106978.423005,96242881.09139504,84203576.04970257,100362176.06816755,99629496.82870257,96437684.78067753,92047554.01454256,85635488.48205003,87277945.16548005,98573866.44072251,89485385.70040256,90930858.14983502,87021646.57631,92896024.48257256,79032171.14998999,91522531.61629002,85777422.96180755,101739447.45086254,83548687.30180255,90510372.28702503,88931441.00349253,94562823.70756754,101286851.39565507
2018-11-08,107021274.13423252,99270603.7885775,83738159.00414005,90635428.64610253,83073225.63266504,82104675.04416005,87356196.95590256,94189763.60648005,89385720.5715175,94460852.565045,83743731.1322025,86675064.05389003,85465810.50034003,87245113.42171004,84993398.47406754,88095892.99198005,83033502.17329252,93718676.18732505,94249086.76319002,92067325.70971505,80212796.66771506,79176797.76543503,91587590.85779254,97147515.31428507,91896400.88903503,85140800.25446004,97856976.14656259,89297675.39043006,81106978.423005,96242881.09139504,84203576.04970257,100362176.06816755,99629496.82870257,96437684.78067753,92047554.01454256,85635488.48205003,87277945.16548005,98573866.44072251,89485385.70040256,90930858.14983502,87021646.57631,92896024.48257256,79032171.14998999,91522531.61629002,85777422.96180755,101739447.45086254,83548687.30180255,90510372.28702503,88931441.00349253,94562823.70756754,101286851.39565507
2018-11-09,107021274.13423252,99270603.7885775,83738159.00414005,90635428.64610253,83073225.63266504,82104675.04416005,87356196.95590256,94189763.60648005,89385720.5715175,94460852.565045,83743731.1322025,86675064.05389003,85465810.50034003,87245113.42171004,84993398.47406754,88095892.99198005,83033502.17329252,93718676.18732505,94249086.76319002,92067325.70971505,80212796.66771506,79176797.76543503,91587590.85779254,97147515.31428507,91896400.88903503,85140800.25446004,97856976.14656259,89297675.39043006,81106978.423005,96242881.09139504,84203576.04970257,100362176.06816755,99629496.82870257,96437684.78067753,92047554.01454256,85635488.48205003,87277945.16548005,98573866.44072251,89485385.70040256,90930858.14983502,87021646.57631,92896024.48257256,79032171.14998999,91522531.61629002,85777422.96180755,101739447.45086254,83548687.30180255,90510372.28702503,88931441.00349253,94562823.70756754,101286851.39565507
2018-11-12,107021274.13423252,99270603.7885775,83738159.00414005,90635428.64610253,83073225.63266504,82104675.04416005,87356196.95590256,94189763.60648005,89385720.5715175,94460852.565045,83743731.1322025,86675064.05389003,85465810.50034003,87245113.42171004,84993398.47406754,88095892.99198005,83033502.17329252,93718676.18732505,94249086.76319002,92067325.70971505,80212796.66771506,79176797.76543503,91587590.85779254,97147515.31428507,91896400.88903503,85140800.25446004,97856976.14656259,89297675.39043006,81106978.423005,96242881.09139504,84203576.04970257,100362176.06816755,99629496.82870257,96437684.78067753,92047554.01454256,85635488.48205003,87277945.16548005,98573866.44072251,89485385.70040256,90930858.14983502,87021646.57631,92896024.48257256,79032171.14998999,91522531.61629002,85777422.96180755,101739447.45086254,83548687.30180255,90510372.28702503,88931441.00349253,94562823.70756754,101286851.39565507
2018-11-13,107021274.13423252,99270603.7885775,83738159.00414005,90635428.64610253,83073225.63266504,82104675.04416005,87356196.95590256,94189763.60648005,89385720.5715175,94460852.565045,83743731.1322025,86675064.05389003,85465810.50034003,87245113.42171004,84993398.47406754,88095892.99198005,83033502.17329252,93718676.18732505,94249086.76319002,92067325.70971505,80212796.66771506,79176797.76543503,91587590.85779254,97147515.31428507,91896400.88903503,85140800.25446004,97856976.14656259,89297675.39043006,81106978.423005,96242881.09139504,84203576.04970257,100362176.06816755,99629496.82870257,96437684.78067753,92047554.01454256,85635488.48205003,87277945.16548005,98573866.44072251,89485385.70040256,90930858.14983502,87021646.57631,92896024.48257256,79032171.14998999,91522531.61629002,85777422.96180755,101739447.45086254,83548687.30180255,90510372.28702503,88931441.00349253,94562823.70756754,101286851.39565507
2018-11-14,107021274.13423252,99270603.7885775,83738159.00414005,90635428.64610253,83073225.63266504,82104675.04416005,87356196.95590256,94189763.60648005,89385720.5715175,94460852.565045,83743731.1322025,86675064.05389003,85465810.50034003,87245113.42171004,84993398.47406754,88095892.99198005,83033502.17329252,93718676.18732505,94249086.76319002,92067325.70971505,80212796.66771506,79176797.76543503,91587590.85779254,97147515.31428507,91896400.88903503,85140800.25446004,97856976.14656259,89297675.39043006,81106978.423005,96242881.09139504,84203576.04970257,100362176.06816755,99629496.82870257,96437684.78067753,92047554.01454256,85635488.48205003,87277945.16548005,98573866.44072251,89485385.70040256,90930858.14983502,87021646.57631,92896024.48257256,79032171.14998999,91522531.61629002,85777422.96180755,101739447.45086254,83548687.30180255,90510372.28702503,88931441.00349253,94562823.70756754,101286851.39565507
2018-11-15,107021274.13423252,99270603.7885775,83738159.00414005,90635428.64610253,83073225.63266504,82104675.04416005,87356196.95590256,94189763.60648005,89385720.5715175,94460852.565045,83743731.1322025,86675064.05389003,85465810.50034003,87245113.42171004,84993398.47406754,88095892.99198005,83033502.17329252,93718676.18732505,94249086.76319002,92067325.70971505,80212796.66771506,79176797.76543503,91587590.85779254,97147515.31428507,91896400.88903503,85140800.25446004,97856976.14656259,89297675.39043006,81106978.423005,96242881.09139504,84203576.04970257,100362176.06816755,99629496.82870257,96437684.78067753,92047554.01454256,85635488.48205003,87277945.16548005,98573866.44072251,89485385.70040256,90930858.14983502,87021646.57631,92896024.48257256,79032171.14998999,91522531.61629002,85777422.96180755,101739447.45086254,83548687.30180255,90510372.28702503,88931441.00349253,94562823.70756754,101286851.39565507
2018-11-16,107021274.13423252,99270603.7885775,83738159.00414005,90635428.64610253,83073225.63266504,82104675.04416005,87356196.95590256,94189763.60648005,89385720.5715175,94460852.565045,83743731.1322025,86675064.05389003,85465810.50034003,87245113.42171004,84993398.47406754,88095892.99198005,83033502.17329252,93718676.18732505,94249086.76319002,92067325.70971505,80212796.66771506,79176797.76543503,91587590.85779254,97147515.31428507,91896400.88903503,85140800.25446004,97856976.14656259,89297675.39043006,81106978.423005,96242881.09139504,84203576.04970257,100362176.06816755,99629496.82870257,96437684.78067753,92047554.01454256,85635488.48205003,87277945.16548005,98573866.44072251,89485385.70040256,90930858.14983502,87021646.57631,92896024.48257256,79032171.14998999,91522531.61629002,85777422.96180755,101739447.45086254,83548687.30180255,90510372.28702503,88931441.00349253,94562823.70756754,101286851.39565507
2018-11-19,107021274.13423252,99270603.7885775,83738159.00414005,90635428.64610253,83073225.63266504,82104675.04416005,87356196.95590256,94189763.60648005,89385720.5715175,94460852.565045,83743731.1322025,86675064.05389003,85465810.50034003,87245113.42171004,84993398.47406754,88095892.99198005,83033502.17329252,93718676.18732505,94249086.76319002,92067325.70971505,80212796.66771506,79176797.76543503,91587590.85779254,97147515.31428507,91896400.88903503,85140800.25446004,97856976.14656259,89297675.39043006,81106978.423005,96242881.09139504,84203576.04970257,100362176.06816755,99629496.82870257,96437684.78067753,92047554.01454256,85635488.48205003,87277945.16548005,98573866.44072251,89485385.70040256,90930858.14983502,87021646.57631,92896024.48257256,79032171.14998999,91522531.61629002,85777422.96180755,101739447.45086254,83548687.30180255,90510372.28702503,88931441.00349253,94562823.70756754,101286851.39565507
2018-11-20,107021274.13423252,99270603.7885775,83738159.00414005,90635428.64610253,83073225.63266504,82104675.04416005,87356196.95590256,94189763.60648005,89385720.5715175,94460852.565045,83743731.1322025,86675064.05389003,85465810.50034003,87245113.42171004,84993398.47406754,88095892.99198005,83033502.17329252,93718676.18732505,94249086.76319002,92067325.70971505,80212796.66771506,79176797.76543503,91587590.85779254,97147515.31428507,91896400.88903503,85140800.25446004,97856976.14656259,89297675.39043006,81106978.423005,96242881.09139504,84203576.04970257,100362176.06816755,99629496.82870257,96437684.78067753,92047554.01454256,85635488.48205003,87277945.16548005,98573866.44072251,89485385.70040256,90930858.14983502,87021646.57631,92896024.48257256,79032171.14998999,91522531.61629002,85777422.96180755,101739447.45086254,83548687.30180255,90510372.28702503,88931441.00349253,94562823.70756754,101286851.39565507
2018-11-21,107021274.13423252,99270603.7885775,83738159.00414005,90635428.64610253,83073225.63266504,82104675.04416005,87356196.95590256,94189763.60648005,89385720.5715175,94460852.565045,83743731.1322025,86675064.05389003,85465810.50034003,87245113.42171004,84993398.47406754,88095892.99198005,83033502.17329252,93718676.18732505,94249086.76319002,92067325.70971505,80212796.66771506,79176797.76543503,91587590.85779254,97147515.31428507,91896400.88903503,85140800.25446004,97856976.14656259,89297675.39043006,81106978.423005,96242881.09139504,84203576.04970257,100362176.06816755,99629496.82870257,96437684.78067753,92047554.01454256,85635488.48205003,87277945.16548005,98573866.44072251,89485385.70040256,90930858.14983502,87021646.57631,92896024.48257256,79032171.14998999,91522531.61629002,85777422.96180755,101739447.45086254,83548687.30180255,90510372.28702503,88931441.00349253,94562823.70756754,101286851.39565507
2018-11-22,107021274.13423252,99270603.7885775,83738159.00414005,90635428.64610253,83073225.63266504,82104675.04416005,87356196.95590256,94189763.60648005,89385720.5715175,94460852.565045,83743731.1322025,86675064.05389003,85465810.50034003,87245113.42171004,84993398.47406754,88095892.99198005,83033502.17329252,93718676.18732505,94249086.76319002,92067325.70971505,80212796.66771506,79176797.76543503,91587590.85779254,97147515.31428507,91896400.88903503,85140800.25446004,97856976.14656259,89297675.39043006,81106978.423005,96242881.09139504,84203576.04970257,100362176.06816755,99629496.82870257,96437684.78067753,92047554.01454256,85635488.48205003,87277945.16548005,98573866.44072251,89485385.70040256,90930858.14983502,87021646.57631,92896024.48257256,79032171.14998999,91522531.61629002,85777422.96180755,101739447.45086254,83548687.30180255,90510372.28702503,88931441.00349253,94562823.70756754,101286851.39565507
2018-11-23,107021274.13423252,99270603.7885775,83738159.00414005,90635428.64610253,83073225.63266504,82104675.04416005,87356196.95590256,94189763.60648005,89385720.5715175,94460852.565045,83743731.1322025,86675064.05389003,85465810.50034003,87245113.42171004,84993398.47406754,88095892.99198005,83033502.17329252,93718676.18732505,94249086.76319002,92067325.70971505,80212796.66771506,79176797.76543503,91587590.85779254,97147515.31428507,91896400.88903503,85140800.25446004,97856976.14656259,89297675.39043006,81106978.423005,96242881.09139504,84203576.04970257,100362176.06816755,99629496.82870257,96437684.78067753,92047554.01454256,85635488.48205003,87277945.16548005,98573866.44072251,89485385.70040256,90930858.14983502,87021646.57631,92896024.48257256,79032171.14998999,91522531.61629002,85777422.96180755,101739447.45086254,83548687.30180255,90510372.28702503,88931441.00349253,94562823.70756754,101286851.39565507
2018-11-26,107021274.13423252,99270603.7885775,83738159.00414005,90635428.64610253,83073225.63266504,82104675.04416005,87356196.95590256,94189763.60648005,89385720.5715175,94460852.565045,83743731.1322025,86675064.05389003,85465810.50034003,87245113.42171004,84993398.47406754,88095892.99198005,83033502.17329252,93718676.18732505,94249086.76319002,92067325.70971505,80212796.66771506,79176797.76543503,91587590.85779254,97147515.31428507,91896400.88903503,85140800.25446004,97856976.14656259,89297675.39043006,81106978.423005,96242881.09139504,84203576.04970257,100362176.06816755,99629496.82870257,96437684.78067753,92047554.01454256,85635488.48205003,87277945.16548005,98573866.44072251,89485385.70040256,90930858.14983502,87021646.57631,92896024.48257256,79032171.14998999,91522531.61629002,85777422.96180755,101739447.45086254,83548687.30180255,90510372.28702503,88931441.00349253,94562823.70756754,101286851.39565507
2018-11-27,107021274.13423252,99270603.7885775,83738159.00414005,90635428.64610253,83073225.63266504,82104675.04416005,87356196.95590256,94189763.60648005,89385720.5715175,94460852.565045,83743731.1322025,86675064.05389003,85465810.50034003,87245113.42171004,84993398.47406754,88095892.99198005,83033502.17329252,93718676.18732505,94249086.76319002,92067325.70971505,80212796.66771506,79176797.76543503,91587590.85779254,97147515.31428507,91896400.88903503,85140800.25446004,97856976.14656259,89297675.39043006,81106978.423005,96242881.09139504,84203576.04970257,100362176.06816755,99629496.82870257,96437684.78067753,92047554.01454256,85635488.48205003,87277945.16548005,98573866.44072251,89485385.70040256,90930858.14983502,87021646.57631,92896024.48257256,79032171.14998999,91522531.61629002,85777422.96180755,101739447.45086254,83548687.30180255,90510372.28702503,88931441.00349253,94562823.70756754,101286851.39565507
2018-11-28,107021274.13423252,99270603.7885775,83738159.00414005,90635428.64610253,83073225.63266504,82104675.04416005,87356196.95590256,94189763.60648005,89385720.5715175,94460852.565045,83743731.1322025,86675064.05389003,85465810.50034003,87245113.42171004,84993398.47406754,88095892.99198005,83033502.17329252,93718676.18732505,94249086.76319002,92067325.70971505,80212796.66771506,79176797.76543503,91587590.85779254,97147515.31428507,91896400.88903503,85140800.25446004,97856976.14656259,89297675.39043006,81106978.423005,96242881.09139504,84203576.04970257,100362176.06816755,99629496.82870257,96437684.78067753,92047554.01454256,85635488.48205003,87277945.16548005,98573866.44072251,89485385.70040256,90930858.14983502,87021646.57631,92896024.48257256,79032171.14998999,91522531.61629002,85777422.96180755,101739447.45086254,83548687.30180255,90510372.28702503,88931441.00349253,94562823.70756754,101286851.39565507
2018-11-29,107021274.13423252,99270603.7885775,83738159.00414005,90635428.64610253,83073225.63266504,82104675.04416005,87356196.95590256,94189763.60648005,89385720.5715175,94460852.565045,83743731.1322025,86675064.05389003,85465810.50034003,87245113.42171004,84993398.47406754,88095892.99198005,83033502.17329252,93718676.18732505,94249086.76319002,92067325.70971505,80212796.66771506,79176797.76543503,91587590.85779254,97147515.31428507,91896400.88903503,85140800.25446004,97856976.14656259,89297675.39043006,81106978.423005,96242881.09139504,84203576.04970257,100362176.06816755,99629496.82870257,96437684.78067753,92047554.01454256,85635488.48205003,87277945.16548005,98573866.44072251,89485385.70040256,90930858.14983502,87021646.57631,92896024.48257256,79032171.14998999,91522531.61629002,85777422.96180755,101739447.45086254,83548687.30180255,90510372.28702503,88931441.00349253,94562823.70756754,101286851.39565507
2018-11-30,107021274.13423252,99270603.7885775,83738159.00414005,90635428.64610253,83073225.63266504,82104675.04416005,87356196.95590256,94189763.60648005,89385720.5715175,94460852.565045,83743731.1322025,86675064.05389003,85465810.50034003,87245113.42171004,84993398.47406754,88095892.99198005,83033502.17329252,93718676.18732505,94249086.76319002,92067325.70971505,80212796.66771506,79176797.76543503,91587590.85779254,97147515.31428507,91896400.88903503,85140800.25446004,97856976.14656259,89297675.39043006,81106978.423005,96242881.09139504,84203576.04970257,100362176.06816755,99629496.82870257,96437684.78067753,92047554.01454256,85635488.48205003,87277945.16548005,98573866.44072251,89485385.70040256,90930858.14983502,87021646.57631,92896024.48257256,79032171.14998999,91522531.61629002,85777422.96180755,101739447.45086254,83548687.30180255,90510372.28702503,88931441.00349253,94562823.70756754,101286851.39565507
2018-12-03,107021274.13423252,99270603.7885775,83738159.00414005,90635428.64610253,83073225.63266504,82104675.04416005,87356196.95590256,94189763.60648005,89385720.5715175,94460852.565045,83743731.1322025,86675064.05389003,85465810.50034003,87245113.42171004,84993398.47406754,88095892.99198005,83033502.17329252,93718676.18732505,94249086.76319002,92067325.70971505,80212796.66771506,79176797.76543503,91587590.85779254,97147515.31428507,91896400.88903503,85140800.25446004,97856976.14656259,89297675.39043006,81106978.423005,96242881.09139504,84203576.04970257,100362176.06816755,99629496.82870257,96437684.78067753,92047554.01454256,85635488.48205003,87277945.16548005,98573866.44072251,89485385.70040256,90930858.14983502,87021646.57631,92896024.48257256,79032171.14998999,91522531.61629002,85777422.96180755,101739447.45086254,83548687.30180255,90510372.28702503,88931441.00349253,94562823.70756754,101286851.39565507
2018-12-04,107021274.13423252,99270603.7885775,83738159.00414005,90635428.64610253,83073225.63266504,82104675.04416005,87356196.95590256,94189763.60648005,89385720.5715175,94460852.565045,83743731.1322025,86675064.05389003,85465810.50034003,87245113.42171004,84993398.47406754,88095892.99198005,83033502.17329252,93718676.18732505,94249086.76319002,92067325.70971505,80212796.66771506,79176797.76543503,91587590.85779254,97147515.31428507,91896400.88903503,85140800.25446004,97856976.14656259,89297675.39043006,81106978.423005,96242881.09139504,84203576.04970257,100362176.06816755,99629496.82870257,96437684.78067753,92047554.01454256,85635488.48205003,87277945.16548005,98573866.44072251,89485385.70040256,90930858.14983502,87021646.57631,92896024.48257256,79032171.14998999,91522531.61629002,85777422.96180755,101739447.45086254,83548687.30180255,90510372.28702503,88931441.00349253,94562823.70756754,101286851.39565507
2018-12-05,107021274.13423252,99270603.7885775,83738159.00414005,90635428.64610253,83073225.63266504,82104675.04416005,87356196.95590256,94189763.60648005,89385720.5715175,94460852.565045,83743731.1322025,86675064.05389003,85465810.50034003,87245113.42171004,84993398.47406754,88095892.99198005,83033502.17329252,93718676.18732505,94249086.76319002,92067325.70971505,80212796.66771506,79176797.76543503,91587590.85779254,97147515.31428507,91896400.88903503,85140800.25446004,97856976.14656259,89297675.39043006,81106978.423005,96242881.09139504,84203576.04970257,100362176.06816755,99629496.82870257,96437684.78067753,92047554.01454256,85635488.48205003,87277945.16548005,98573866.44072251,89485385.70040256,90930858.14983502,87021646.57631,92896024.48257256,79032171.14998999,91522531.61629002,85777422.96180755,101739447.45086254,83548687.30180255,90510372.28702503,88931441.00349253,94562823.70756754,101286851.39565507
2018-12-06,107021274.13423252,99270603.7885775,83738159.00414005,90635428.64610253,83073225.63266504,82104675.04416005,87356196.95590256,94189763.60648005,89385720.5715175,94460852.565045,83743731.1322025,86675064.05389003,85465810.50034003,87245113.42171004,84993398.47406754,88095892.99198005,83033502.17329252,93718676.18732505,94249086.76319002,92067325.70971505,80212796.66771506,79176797.76543503,91587590.85779254,97147515.31428507,91896400.88903503,85140800.25446004,97856976.14656259,89297675.39043006,81106978.423005,96242881.09139504,84203576.04970257,100362176.06816755,99629496.82870257,96437684.78067753,92047554.01454256,85635488.48205003,87277945.16548005,98573866.44072251,89485385.70040256,90930858.14983502,87021646.57631,92896024.48257256,79032171.14998999,91522531.61629002,85777422.96180755,101739447.45086254,83548687.30180255,90510372.28702503,88931441.00349253,94562823.70756754,101286851.39565507
2018-12-07,107021274.13423252,99270603.7885775,83738159.00414005,90635428.64610253,83073225.63266504,82104675.04416005,87356196.95590256,94189763.60648005,89385720.5715175,94460852.565045,83743731.1322025,86675064.05389003,85465810.50034003,87245113.42171004,84993398.47406754,88095892.99198005,83033502.17329252,93718676.18732505,94249086.76319002,92067325.70971505,80212796.66771506,79176797.76543503,91587590.85779254,97147515.31428507,91896400.88903503,85140800.25446004,97856976.14656259,89297675.39043006,81106978.423005,96242881.09139504,84203576.04970257,100362176.06816755,99629496.82870257,96437684.78067753,92047554.01454256,85635488.48205003,87277945.16548005,98573866.44072251,89485385.70040256,90930858.14983502,87021646.57631,92896024.48257256,79032171.14998999,91522531.61629002,85777422.96180755,101739447.45086254,83548687.30180255,90510372.28702503,88931441.00349253,94562823.70756754,101286851.39565507
2018-12-10,107021274.13423252,99270603.7885775,83738159.00414005,90635428.64610253,83073225.63266504,82104675.04416005,87356196.95590256,94189763.60648005,89385720.5715175,94460852.565045,83743731.1322025,86675064.05389003,85465810.50034003,87245113.42171004,84993398.47406754,88095892.99198005,83033502.17329252,93718676.18732505,94249086.76319002,92067325.70971505,80212796.66771506,79176797.76543503,91587590.85779254,97147515.31428507,91896400.88903503,85140800.25446004,97856976.14656259,89297675.39043006,81106978.423005,96242881.09139504,84203576.04970257,100362176.06816755,99629496.82870257,96437684.78067753,92047554.01454256,85635488.48205003,87277945.16548005,98573866.44072251,89485385.70040256,90930858.14983502,87021646.57631,92896024.48257256,79032171.14998999,91522531.61629002,85777422.96180755,101739447.45086254,83548687.30180255,90510372.28702503,88931441.00349253,94562823.70756754,101286851.39565507
2018-12-11,107021274.13423252,99270603.7885775,83738159.00414005,90635428.64610253,83073225.63266504,82104675.04416005,87356196.95590256,94189763.60648005,89385720.5715175,94460852.565045,83743731.1322025,86675064.05389003,85465810.50034003,87245113.42171004,84993398.47406754,88095892.99198005,83033502.17329252,93718676.18732505,94249086.76319002,92067325.70971505,80212796.66771506,79176797.76543503,91587590.85779254,97147515.31428507,91896400.88903503,85140800.25446004,97856976.14656259,89297675.39043006,81106978.423005,96242881.09139504,84203576.04970257,100362176.06816755,99629496.82870257,96437684.78067753,92047554.01454256,85635488.48205003,87277945.16548005,98573866.44072251,89485385.70040256,90930858.14983502,87021646.57631,92896024.48257256,79032171.14998999,91522531.61629002,85777422.96180755,101739447.45086254,83548687.30180255,90510372.28702503,88931441.00349253,94562823.70756754,101286851.39565507
2018-12-12,107021274.13423252,99270603.7885775,83738159.00414005,90635428.64610253,83073225.63266504,82104675.04416005,87356196.95590256,94189763.60648005,89385720.5715175,94460852.565045,83743731.1322025,86675064.05389003,85465810.50034003,87245113.42171004,84993398.47406754,88095892.99198005,83033502.17329252,93718676.18732505,94249086.76319002,92067325.70971505,80212796.66771506,79176797.76543503,91587590.85779254,97147515.31428507,91896400.88903503,85140800.25446004,97856976.14656259,89297675.39043006,81106978.423005,96242881.09139504,84203576.04970257,100362176.06816755,99629496.82870257,96437684.78067753,92047554.01454256,85635488.48205003,87277945.16548005,98573866.44072251,89485385.70040256,90930858.14983502,87021646.57631,92896024.48257256,79032171.14998999,91522531.61629002,85777422.96180755,101739447.45086254,83548687.30180255,90510372.28702503,88931441.00349253,94562823.70756754,101286851.39565507
2018-12-13,107021274.13423252,99270603.7885775,83738159.00414005,90635428.64610253,83073225.63266504,82104675.04416005,87356196.95590256,94189763.60648005,89385720.5715175,94460852.565045,83743731.1322025,86675064.05389003,85465810.50034003,87245113.42171004,84993398.47406754,88095892.99198005,83033502.17329252,93718676.18732505,94249086.76319002,92067325.70971505,80212796.66771506,79176797.76543503,91587590.85779254,97147515.31428507,91896400.88903503,85140800.25446004,97856976.14656259,89297675.39043006,81106978.423005,96242881.09139504,84203576.04970257,100362176.06816755,99629496.82870257,96437684.78067753,92047554.01454256,85635488.48205003,87277945.16548005,98573866.44072251,89485385.70040256,90930858.14983502,87021646.57631,92896024.48257256,79032171.14998999,91522531.61629002,85777422.96180755,101739447.45086254,83548687.30180255,90510372.28702503,88931441.00349253,94562823.70756754,101286851.39565507
2018-12-14,107021274.13423252,99270603.7885775,83738159.00414005,90635428.64610253,83073225.63266504,82104675.04416005,87356196.95590256,94189763.60648005,89385720.5715175,94460852.565045,83743731.1322025,86675064.05389003,85465810.50034003,87245113.42171004,84993398.47406754,88095892.99198005,83033502.17329252,93718676.18732505,94249086.76319002,92067325.70971505,80212796.66771506,79176797.76543503,91587590.85779254,97147515.31428507,91896400.88903503,85140800.25446004,97856976.14656259,89297675.39043006,81106978.423005,96242881.09139504,84203576.04970257,100362176.06816755,99629496.82870257,96437684.78067753,92047554.01454256,85635488.48205003,87277945.16548005,98573866.44072251,89485385.70040256,90930858.14983502,87021646.57631,92896024.48257256,79032171.14998999,91522531.61629002,85777422.96180755,101739447.45086254,83548687.30180255,90510372.28702503,88931441.00349253,94562823.70756754,101286851.39565507
2018-12-17,107021274.13423252,99270603.7885775,83738159.00414005,90635428.64610253,83073225.63266504,82104675.04416005,87356196.95590256,94189763.60648005,89385720.5715175,94460852.565045,83743731.1322025,86675064.05389003,85465810.50034003,87245113.42171004,84993398.47406754,88095892.99198005,83033502.17329252,93718676.18732505,94249086.76319002,92067325.70971505,80212796.66771506,79176797.76543503,91587590.85779254,97147515.31428507,91896400.88903503,85140800.25446004,97856976.14656259,89297675.39043006,81106978.423005,96242881.09139504,84203576.04970257,100362176.06816755,99629496.82870257,96437684.78067753,92047554.01454256,85635488.48205003,87277945.16548005,98573866.44072251,89485385.70040256,90930858.14983502,87021646.57631,92896024.48257256,79032171.14998999,91522531.61629002,85777422.96180755,101739447.45086254,83548687.30180255,90510372.28702503,88931441.00349253,94562823.70756754,101286851.39565507
2018-12-18,107021274.13423252,99270603.7885775,83738159.00414005,90635428.64610253,83073225.63266504,82104675.04416005,87356196.95590256,94189763.60648005,89385720.5715175,94460852.565045,83743731.1322025,86675064.05389003,85465810.50034003,87245113.42171004,84993398.47406754,88095892.99198005,83033502.17329252,93718676.18732505,94249086.76319002,92067325.70971505,80212796.66771506,79176797.76543503,91587590.85779254,97147515.31428507,91896400.88903503,85140800.25446004,97856976.14656259,89297675.39043006,81106978.423005,96242881.09139504,84203576.04970257,100362176.06816755,99629496.82870257,96437684.78067753,92047554.01454256,85635488.48205003,87277945.16548005,98573866.44072251,89485385.70040256,90930858.14983502,87021646.57631,92896024.48257256,79032171.14998999,91522531.61629002,85777422.96180755,101739447.45086254,83548687.30180255,90510372.28702503,88931441.00349253,94562823.70756754,101286851.39565507
2018-12-19,107021274.13423252,99270603.7885775,83738159.00414005,90635428.64610253,83073225.63266504,82104675.04416005,87356196.95590256,94189763.60648005,89385720.5715175,94460852.565045,83743731.1322025,86675064.05389003,85465810.50034003,87245113.42171004,84993398.47406754,88095892.99198005,83033502.17329252,93718676.18732505,94249086.76319002,92067325.70971505,80212796.66771506,79176797.76543503,91587590.85779254,97147515.31428507,91896400.88903503,85140800.25446004,97856976.14656259,89297675.39043006,81106978.423005,96242881.09139504,84203576.04970257,100362176.06816755,99629496.82870257,96437684.78067753,92047554.01454256,85635488.48205003,87277945.16548005,98573866.44072251,89485385.70040256,90930858.14983502,87021646.57631,92896024.48257256,79032171.14998999,91522531.61629002,85777422.96180755,101739447.45086254,83548687.30180255,90510372.28702503,88931441.00349253,94562823.70756754,101286851.39565507
2018-12-20,107021274.13423252,99270603.7885775,83738159.00414005,90635428.64610253,83073225.63266504,82104675.04416005,87356196.95590256,94189763.60648005,89385720.5715175,94460852.565045,83743731.1322025,86675064.05389003,85465810.50034003,87245113.42171004,84993398.47406754,88095892.99198005,83033502.17329252,93718676.18732505,94249086.76319002,92067325.70971505,80212796.66771506,79176797.76543503,91587590.85779254,97147515.31428507,91896400.88903503,85140800.25446004,97856976.14656259,89297675.39043006,81106978.423005,96242881.09139504,84203576.04970257,100362176.06816755,99629496.82870257,96437684.78067753,92047554.01454256,85635488.48205003,87277945.16548005,98573866.44072251,89485385.70040256,90930858.14983502,87021646.57631,92896024.48257256,79032171.14998999,91522531.61629002,85777422.96180755,101739447.45086254,83548687.30180255,90510372.28702503,88931441.00349253,94562823.70756754,101286851.39565507
2018-12-21,107021274.13423252,99270603.7885775,83738159.00414005,90635428.64610253,83073225.63266504,82104675.04416005,87356196.95590256,94189763.60648005,89385720.5715175,94460852.565045,83743731.1322025,86675064.05389003,85465810.50034003,87245113.42171004,84993398.47406754,88095892.99198005,83033502.17329252,93718676.18732505,94249086.76319002,92067325.70971505,80212796.66771506,79176797.76543503,91587590.85779254,97147515.31428507,91896400.88903503,85140800.25446004,97856976.14656259,89297675.39043006,81106978.423005,96242881.09139504,84203576.04970257,100362176.06816755,99629496.82870257,96437684.78067753,92047554.01454256,85635488.48205003,87277945.16548005,98573866.44072251,89485385.70040256,90930858.14983502,87021646.57631,92896024.48257256,79032171.14998999,91522531.61629002,85777422.96180755,101739447.45086254,83548687.30180255,90510372.28702503,88931441.00349253,94562823.70756754,101286851.39565507
2018-12-24,107021274.13423252,99270603.7885775,83738159.00414005,90635428.64610253,83073225.63266504,82104675.04416005,87356196.95590256,94189763.60648005,89385720.5715175,94460852.565045,83743731.1322025,86675064.05389003,85465810.50034003,87245113.42171004,84993398.47406754,88095892.99198005,83033502.17329252,93718676.18732505,94249086.76319002,92067325.70971505,80212796.66771506,79176797.76543503,91587590.85779254,97147515.31428507,91896400.88903503,85140800.25446004,97856976.14656259,89297675.39043006,81106978.423005,96242881.09139504,84203576.04970257,100362176.06816755,99629496.82870257,96437684.78067753,92047554.01454256,85635488.48205003,87277945.16548005,98573866.44072251,89485385.70040256,90930858.14983502,87021646.57631,92896024.48257256,79032171.14998999,91522531.61629002,85777422.96180755,101739447.45086254,83548687.30180255,90510372.28702503,88931441.00349253,94562823.70756754,101286851.39565507
2018-12-25,107021274.13423252,99270603.7885775,83738159.00414005,90635428.64610253,83073225.63266504,82104675.04416005,87356196.95590256,94189763.60648005,89385720.5715175,94460852.565045,83743731.1322025,86675064.05389003,85465810.50034003,87245113.42171004,84993398.47406754,88095892.99198005,83033502.17329252,93718676.18732505,94249086.76319002,92067325.70971505,80212796.66771506,79176797.76543503,91587590.85779254,97147515.31428507,91896400.88903503,85140800.25446004,97856976.14656259,89297675.39043006,81106978.423005,96242881.09139504,84203576.04970257,100362176.06816755,99629496.82870257,96437684.78067753,92047554.01454256,85635488.48205003,87277945.16548005,98573866.44072251,89485385.70040256,90930858.14983502,87021646.57631,92896024.48257256,79032171.14998999,91522531.61629002,85777422.96180755,101739447.45086254,83548687.30180255,90510372.28702503,88931441.00349253,94562823.70756754,101286851.39565507
2018-12-26,107021274.13423252,99270603.7885775,83738159.00414005,90635428.64610253,83073225.63266504,82104675.04416005,87356196.95590256,94189763.60648005,89385720.5715175,94460852.565045,83743731.1322025,86675064.05389003,85465810.50034003,87245113.42171004,84993398.47406754,88095892.99198005,83033502.17329252,93718676.18732505,94249086.76319002,92067325.70971505,80212796.66771506,79176797.76543503,91587590.85779254,97147515.31428507,91896400.88903503,85140800.25446004,97856976.14656259,89297675.39043006,81106978.423005,96242881.09139504,84203576.04970257,100362176.06816755,99629496.82870257,96437684.78067753,92047554.01454256,85635488.48205003,87277945.16548005,98573866.44072251,89485385.70040256,90930858.14983502,87021646.57631,92896024.48257256,79032171.14998999,91522531.61629002,85777422.96180755,101739447.45086254,83548687.30180255,90510372.28702503,88931441.00349253,94562823.70756754,101286851.39565507
2018-12-27,107021274.13423252,99270603.7885775,83738159.00414005,90635428.64610253,83073225.63266504,82104675.04416005,87356196.95590256,94189763.60648005,89385720.5715175,94460852.565045,83743731.1322025,86675064.05389003,85465810.50034003,87245113.42171004,84993398.47406754,88095892.99198005,83033502.17329252,93718676.18732505,94249086.76319002,92067325.70971505,80212796.66771506,79176797.76543503,91587590.85779254,97147515.31428507,91896400.88903503,85140800.25446004,97856976.14656259,89297675.39043006,81106978.423005,96242881.09139504,84203576.04970257,100362176.06816755,99629496.82870257,96437684.78067753,92047554.01454256,85635488.48205003,87277945.16548005,98573866.44072251,89485385.70040256,90930858.14983502,87021646.57631,92896024.48257256,79032171.14998999,91522531.61629002,85777422.96180755,101739447.45086254,83548687.30180255,90510372.28702503,88931441.00349253,94562823.70756754,101286851.39565507
2018-12-28,107021274.13423252,99270603.7885775,83738159.00414005,90635428.64610253,83073225.63266504,82104675.04416005,87356196.95590256,94189763.60648005,89385720.5715175,94460852.565045,83743731.1322025,86675064.05389003,85465810.50034003,87245113.42171004,84993398.47406754,88095892.99198005,83033502.17329252,93718676.18732505,94249086.76319002,92067325.70971505,80212796.66771506,79176797.76543503,91587590.85779254,97147515.31428507,91896400.88903503,85140800.25446004,97856976.14656259,89297675.39043006,81106978.423005,96242881.09139504,84203576.04970257,100362176.06816755,99629496.82870257,96437684.78067753,92047554.01454256,85635488.48205003,87277945.16548005,98573866.44072251,89485385.70040256,90930858.14983502,87021646.57631,92896024.48257256,79032171.14998999,91522531.61629002,85777422.96180755,101739447.45086254,83548687.30180255,90510372.28702503,88931441.00349253,94562823.70756754,101286851.39565507
2019-01-02,107021274.13423252,99270603.7885775,83738159.00414005,90635428.64610253,83073225.63266504,82104675.04416005,87356196.95590256,94189763.60648005,89385720.5715175,94460852.565045,83743731.1322025,86675064.05389003,85465810.50034003,87245113.42171004,84993398.47406754,88095892.99198005,83033502.17329252,93718676.18732505,94249086.76319002,92067325.70971505,80212796.66771506,79176797.76543503,91587590.85779254,97147515.31428507,91896400.88903503,85140800.25446004,97856976.14656259,89297675.39043006,81106978.423005,96242881.09139504,84203576.04970257,100362176.06816755,99629496.82870257,96437684.78067753,92047554.01454256,85635488.48205003,87277945.16548005,98573866.44072251,89485385.70040256,90930858.14983502,87021646.57631,92896024.48257256,79032171.14998999,91522531.61629002,85777422.96180755,101739447.45086254,83548687.30180255,90510372.28702503,88931441.00349253,94562823.70756754,101286851.39565507
2019-01-03,107021274.13423252,99270603.7885775,83738159.00414005,90635428.64610253,83073225.63266504,82104675.04416005,87356196.95590256,94189763.60648005,89385720.5715175,94460852.565045,83743731.1322025,86675064.05389003,85465810.50034003,87245113.42171004,84993398.47406754,88095892.99198005,83033502.17329252,93718676.18732505,94249086.76319002,92067325.70971505,80212796.66771506,79176797.76543503,91587590.85779254,97147515.31428507,91896400.88903503,85140800.25446004,97856976.14656259,89297675.39043006,81106978.423005,96242881.09139504,84203576.04970257,100362176.06816755,99629496.82870257,96437684.78067753,92047554.01454256,85635488.48205003,87277945.16548005,98573866.44072251,89485385.70040256,90930858.14983502,87021646.57631,92896024.48257256,79032171.14998999,91522531.61629002,85777422.96180755,101739447.45086254,83548687.30180255,90510372.28702503,88931441.00349253,94562823.70756754,101286851.39565507
2019-01-04,107021274.13423252,99270603.7885775,83738159.00414005,90635428.64610253,83073225.63266504,82104675.04416005,87356196.95590256,94189763.60648005,89385720.5715175,94460852.565045,83743731.1322025,86675064.05389003,85465810.50034003,87245113.42171004,84993398.47406754,88095892.99198005,83033502.17329252,93718676.18732505,94249086.76319002,92067325.70971505,80212796.66771506,79176797.76543503,91587590.85779254,97147515.31428507,91896400.88903503,85140800.25446004,97856976.14656259,89297675.39043006,81106978.423005,96242881.09139504,84203576.04970257,100362176.06816755,99629496.82870257,96437684.78067753,92047554.01454256,85635488.48205003,87277945.16548005,98573866.44072251,89485385.70040256,90930858.14983502,87021646.57631,92896024.48257256,79032171.14998999,91522531.61629002,85777422.96180755,101739447.45086254,83548687.30180255,90510372.28702503,88931441.00349253,94562823.70756754,101286851.39565507
2019-01-07,107021274.13423252,99270603.7885775,83738159.00414005,90635428.64610253,83073225.63266504,82104675.04416005,87356196.95590256,94189763.60648005,89385720.5715175,94460852.565045,83743731.1322025,86675064.05389003,85465810.50034003,87245113.42171004,84993398.47406754,88095892.99198005,83033502.17329252,93718676.18732505,94249086.76319002,92067325.70971505,80212796.66771506,79176797.76543503,91587590.85779254,97147515.31428507,91896400.88903503,85140800.25446004,97856976.14656259,89297675.39043006,81106978.423005,96242881.09139504,84203576.04970257,100362176.06816755,99629496.82870257,96437684.78067753,92047554.01454256,85635488.48205003,87277945.16548005,98573866.44072251,89485385.70040256,90930858.14983502,87021646.57631,92896024.48257256,79032171.14998999,91522531.61629002,85777422.96180755,101739447.45086254,83548687.30180255,90510372.28702503,88931441.00349253,94562823.70756754,101286851.39565507
2019-01-08,107021274.13423252,99270603.7885775,83738159.00414005,90635428.64610253,83073225.63266504,82104675.04416005,87356196.95590256,94189763.60648005,89385720.5715175,94460852.565045,83743731.1322025,86675064.05389003,85465810.50034003,87245113.42171004,84993398.47406754,88095892.99198005,83033502.17329252,93718676.18732505,94249086.76319002,92067325.70971505,80212796.66771506,79176797.76543503,91587590.85779254,97147515.31428507,91896400.88903503,85140800.25446004,97856976.14656259,89297675.39043006,81106978.423005,96242881.09139504,84203576.04970257,100362176.06816755,99629496.82870257,96437684.78067753,92047554.01454256,85635488.48205003,87277945.16548005,98573866.44072251,89485385.70040256,90930858.14983502,87021646.57631,92896024.48257256,79032171.14998999,91522531.61629002,85777422.96180755,101739447.45086254,83548687.30180255,90510372.28702503,88931441.00349253,94562823.70756754,101286851.39565507
2019-01-09,107021274.13423252,99270603.7885775,83738159.00414005,90635428.64610253,83073225.63266504,82104675.04416005,87356196.95590256,94189763.60648005,89385720.5715175,94460852.565045,83743731.1322025,86675064.05389003,85465810.50034003,87245113.42171004,84993398.47406754,88095892.99198005,83033502.17329252,93718676.18732505,94249086.76319002,92067325.70971505,80212796.66771506,79176797.76543503,91587590.85779254,97147515.31428507,91896400.88903503,85140800.25446004,97856976.14656259,89297675.39043006,81106978.423005,96242881.09139504,84203576.04970257,100362176.06816755,99629496.82870257,96437684.78067753,92047554.01454256,85635488.48205003,87277945.16548005,98573866.44072251,89485385.70040256,90930858.14983502,87021646.57631,92896024.48257256,79032171.14998999,91522531.61629002,85777422.96180755,101739447.45086254,83548687.30180255,90510372.28702503,88931441.00349253,94562823.70756754,101286851.39565507
2019-01-10,107021274.13423252,99270603.7885775,83738159.00414005,90635428.64610253,83073225.63266504,82104675.04416005,87356196.95590256,94189763.60648005,89385720.5715175,94460852.565045,83743731.1322025,86675064.05389003,85465810.50034003,87245113.42171004,84993398.47406754,88095892.99198005,83033502.17329252,93718676.18732505,94249086.76319002,92067325.70971505,80212796.66771506,79176797.76543503,91587590.85779254,97147515.31428507,91896400.88903503,85140800.25446004,97856976.14656259,89297675.39043006,81106978.423005,96242881.09139504,84203576.04970257,100362176.06816755,99629496.82870257,96437684.78067753,92047554.01454256,85635488.48205003,87277945.16548005,98573866.44072251,89485385.70040256,90930858.14983502,87021646.57631,92896024.48257256,79032171.14998999,91522531.61629002,85777422.96180755,101739447.45086254,83548687.30180255,90510372.28702503,88931441.00349253,94562823.70756754,101286851.39565507
2019-01-11,107021274.13423252,99270603.7885775,83738159.00414005,90635428.64610253,83073225.63266504,82104675.04416005,87356196.95590256,94189763.60648005,89385720.5715175,94460852.565045,83743731.1322025,86675064.05389003,85465810.50034003,87245113.42171004,84993398.47406754,88095892.99198005,83033502.17329252,93718676.18732505,94249086.76319002,92067325.70971505,80212796.66771506,79176797.76543503,91587590.85779254,97147515.31428507,91896400.88903503,85140800.25446004,97856976.14656259,89297675.39043006,81106978.423005,96242881.09139504,84203576.04970257,100362176.06816755,99629496.82870257,96437684.78067753,92047554.01454256,85635488.48205003,87277945.16548005,98573866.44072251,89485385.70040256,90930858.14983502,87021646.57631,92896024.48257256,79032171.14998999,91522531.61629002,85777422.96180755,101739447.45086254,83548687.30180255,90510372.28702503,88931441.00349253,94562823.70756754,101286851.39565507
2019-01-14,107021274.13423252,99270603.7885775,83738159.00414005,90635428.64610253,83073225.63266504,82104675.04416005,87356196.95590256,94189763.60648005,89385720.5715175,94460852.565045,83743731.1322025,86675064.05389003,85465810.50034003,87245113.42171004,84993398.47406754,88095892.99198005,83033502.17329252,93718676.18732505,94249086.76319002,92067325.70971505,80212796.66771506,79176797.76543503,91587590.85779254,97147515.31428507,91896400.88903503,85140800.25446004,97856976.14656259,89297675.39043006,81106978.423005,96242881.09139504,84203576.04970257,100362176.06816755,99629496.82870257,96437684.78067753,92047554.01454256,85635488.48205003,87277945.16548005,98573866.44072251,89485385.70040256,90930858.14983502,87021646.57631,92896024.48257256,79032171.14998999,91522531.61629002,85777422.96180755,101739447.45086254,83548687.30180255,90510372.28702503,88931441.00349253,94562823.70756754,101286851.39565507
2019-01-15,107021274.13423252,99270603.7885775,83738159.00414005,90635428.64610253,83073225.63266504,82104675.04416005,87356196.95590256,94189763.60648005,89385720.5715175,94460852.565045,83743731.1322025,86675064.05389003,85465810.50034003,87245113.42171004,84993398.47406754,88095892.99198005,83033502.17329252,93718676.18732505,94249086.76319002,92067325.70971505,80212796.66771506,79176797.76543503,91587590.85779254,97147515.31428507,91896400.88903503,85140800.25446004,97856976.14656259,89297675.39043006,81106978.423005,96242881.09139504,84203576.04970257,100362176.06816755,99629496.82870257,96437684.78067753,92047554.01454256,85635488.48205003,87277945.16548005,98573866.44072251,89485385.70040256,90930858.14983502,87021646.57631,92896024.48257256,79032171.14998999,91522531.61629002,85777422.96180755,101739447.45086254,83548687.30180255,90510372.28702503,88931441.00349253,94562823.70756754,101286851.39565507
2019-01-16,107021274.13423252,99270603.7885775,83738159.00414005,90635428.64610253,83073225.63266504,82104675.04416005,87356196.95590256,94189763.60648005,89385720.5715175,94460852.565045,83743731.1322025,86675064.05389003,85465810.50034003,87245113.42171004,84993398.47406754,88095892.99198005,83033502.17329252,93718676.18732505,94249086.76319002,92067325.70971505,80212796.66771506,79176797.76543503,91587590.85779254,97147515.31428507,91896400.88903503,85140800.25446004,97856976.14656259,89297675.39043006,81106978.423005,96242881.09139504,84203576.04970257,100362176.06816755,99629496.82870257,96437684.78067753,92047554.01454256,85635488.48205003,87277945.16548005,98573866.44072251,89485385.70040256,90930858.14983502,87021646.57631,92896024.48257256,79032171.14998999,91522531.61629002,85777422.96180755,101739447.45086254,83548687.30180255,90510372.28702503,88931441.00349253,94562823.70756754,101286851.39565507
2019-01-17,107021274.13423252,99270603.7885775,83738159.00414005,90635428.64610253,83073225.63266504,82104675.04416005,87356196.95590256,94189763.60648005,89385720.5715175,94460852.565045,83743731.1322025,86675064.05389003,85465810.50034003,87245113.42171004,84993398.47406754,88095892.99198005,83033502.17329252,93718676.18732505,94249086.76319002,92067325.70971505,80212796.66771506,79176797.76543503,91587590.85779254,97147515.31428507,91896400.88903503,85140800.25446004,97856976.14656259,89297675.39043006,81106978.423005,96242881.09139504,84203576.04970257,100362176.06816755,99629496.82870257,96437684.78067753,92047554.01454256,85635488.48205003,87277945.16548005,98573866.44072251,89485385.70040256,90930858.14983502,87021646.57631,92896024.48257256,79032171.14998999,91522531.61629002,85777422.96180755,101739447.45086254,83548687.30180255,90510372.28702503,88931441.00349253,94562823.70756754,101286851.39565507
2019-01-18,107021274.13423252,99270603.7885775,83738159.00414005,90635428.64610253,83073225.63266504,82104675.04416005,87356196.95590256,94189763.60648005,89385720.5715175,94460852.565045,83743731.1322025,86675064.05389003,85465810.50034003,87245113.42171004,84993398.47406754,88095892.99198005,83033502.17329252,93718676.18732505,94249086.76319002,92067325.70971505,80212796.66771506,79176797.76543503,91587590.85779254,97147515.31428507,91896400.88903503,85140800.25446004,97856976.14656259,89297675.39043006,81106978.423005,96242881.09139504,84203576.04970257,100362176.06816755,99629496.82870257,96437684.78067753,92047554.01454256,85635488.48205003,87277945.16548005,98573866.44072251,89485385.70040256,90930858.14983502,87021646.57631,92896024.48257256,79032171.14998999,91522531.61629002,85777422.96180755,101739447.45086254,83548687.30180255,90510372.28702503,88931441.00349253,94562823.70756754,101286851.39565507
2019-01-21,107021274.13423252,99270603.7885775,83738159.00414005,90635428.64610253,83073225.63266504,82104675.04416005,87356196.95590256,94189763.60648005,89385720.5715175,94460852.565045,83743731.1322025,86675064.05389003,85465810.50034003,87245113.42171004,84993398.47406754,88095892.99198005,83033502.17329252,93718676.18732505,94249086.76319002,92067325.70971505,80212796.66771506,79176797.76543503,91587590.85779254,97147515.31428507,91896400.88903503,85140800.25446004,97856976.14656259,89297675.39043006,81106978.423005,96242881.09139504,84203576.04970257,100362176.06816755,99629496.82870257,96437684.78067753,92047554.01454256,85635488.48205003,87277945.16548005,98573866.44072251,89485385.70040256,90930858.14983502,87021646.57631,92896024.48257256,79032171.14998999,91522531.61629002,85777422.96180755,101739447.45086254,83548687.30180255,90510372.28702503,88931441.00349253,94562823.70756754,101286851.39565507
2019-01-22,107021274.13423252,99270603.7885775,83738159.00414005,90635428.64610253,83073225.63266504,82104675.04416005,87356196.95590256,94189763.60648005,89385720.5715175,94460852.565045,83743731.1322025,86675064.05389003,85465810.50034003,87245113.42171004,84993398.47406754,88095892.99198005,83033502.17329252,93718676.18732505,94249086.76319002,92067325.70971505,80212796.66771506,79176797.76543503,91587590.85779254,97147515.31428507,91896400.88903503,85140800.25446004,97856976.14656259,89297675.39043006,81106978.423005,96242881.09139504,84203576.04970257,100362176.06816755,99629496.82870257,96437684.78067753,92047554.01454256,85635488.48205003,87277945.16548005,98573866.44072251,89485385.70040256,90930858.14983502,87021646.57631,92896024.48257256,79032171.14998999,91522531.61629002,85777422.96180755,101739447.45086254,83548687.30180255,90510372.28702503,88931441.00349253,94562823.70756754,101286851.39565507
2019-01-23,107021274.13423252,99270603.7885775,83738159.00414005,90635428.64610253,83073225.63266504,82104675.04416005,87356196.95590256,94189763.60648005,89385720.5715175,94460852.565045,83743731.1322025,86675064.05389003,85465810.50034003,87245113.42171004,84993398.47406754,88095892.99198005,83033502.17329252,93718676.18732505,94249086.76319002,92067325.70971505,80212796.66771506,79176797.76543503,91587590.85779254,97147515.31428507,91896400.88903503,85140800.25446004,97856976.14656259,89297675.39043006,81106978.423005,96242881.09139504,84203576.04970257,100362176.06816755,99629496.82870257,96437684.78067753,92047554.01454256,85635488.48205003,87277945.16548005,98573866.44072251,89485385.70040256,90930858.14983502,87021646.57631,92896024.48257256,79032171.14998999,91522531.61629002,85777422.96180755,101739447.45086254,83548687.30180255,90510372.28702503,88931441.00349253,94562823.70756754,101286851.39565507
2019-01-24,107021274.13423252,99270603.7885775,83738159.00414005,90635428.64610253,83073225.63266504,82104675.04416005,87356196.95590256,94189763.60648005,89385720.5715175,94460852.565045,83743731.1322025,86675064.05389003,85465810.50034003,87245113.42171004,84993398.47406754,88095892.99198005,83033502.17329252,93718676.18732505,94249086.76319002,92067325.70971505,80212796.66771506,79176797.76543503,91587590.85779254,97147515.31428507,91896400.88903503,85140800.25446004,97856976.14656259,89297675.39043006,81106978.423005,96242881.09139504,84203576.04970257,100362176.06816755,99629496.82870257,96437684.78067753,92047554.01454256,85635488.48205003,87277945.16548005,98573866.44072251,89485385.70040256,90930858.14983502,87021646.57631,92896024.48257256,79032171.14998999,91522531.61629002,85777422.96180755,101739447.45086254,83548687.30180255,90510372.28702503,88931441.00349253,94562823.70756754,101286851.39565507
2019-01-25,107021274.13423252,99270603.7885775,83738159.00414005,90635428.64610253,83073225.63266504,82104675.04416005,87356196.95590256,94189763.60648005,89385720.5715175,94460852.565045,83743731.1322025,86675064.05389003,85465810.50034003,87245113.42171004,84993398.47406754,88095892.99198005,83033502.17329252,93718676.18732505,94249086.76319002,92067325.70971505,80212796.66771506,79176797.76543503,91587590.85779254,97147515.31428507,91896400.88903503,85140800.25446004,97856976.14656259,89297675.39043006,81106978.423005,96242881.09139504,84203576.04970257,100362176.06816755,99629496.82870257,96437684.78067753,92047554.01454256,85635488.48205003,87277945.16548005,98573866.44072251,89485385.70040256,90930858.14983502,87021646.57631,92896024.48257256,79032171.14998999,91522531.61629002,85777422.96180755,101739447.45086254,83548687.30180255,90510372.28702503,88931441.00349253,94562823.70756754,101286851.39565507
2019-01-28,107021274.13423252,99270603.7885775,83738159.00414005,90635428.64610253,83073225.63266504,82104675.04416005,87356196.95590256,94189763.60648005,89385720.5715175,94460852.565045,83743731.1322025,86675064.05389003,85465810.50034003,87245113.42171004,84993398.47406754,88095892.99198005,83033502.17329252,93718676.18732505,94249086.76319002,92067325.70971505,80212796.66771506,79176797.76543503,91587590.85779254,97147515.31428507,91896400.88903503,85140800.25446004,97856976.14656259,89297675.39043006,81106978.423005,96242881.09139504,84203576.04970257,100362176.06816755,99629496.82870257,96437684.78067753,92047554.01454256,85635488.48205003,87277945.16548005,98573866.44072251,89485385.70040256,90930858.14983502,87021646.57631,92896024.48257256,79032171.14998999,91522531.61629002,85777422.96180755,101739447.45086254,83548687.30180255,90510372.28702503,88931441.00349253,94562823.70756754,101286851.39565507
2019-01-29,107021274.13423252,99270603.7885775,83738159.00414005,90635428.64610253,83073225.63266504,82104675.04416005,87356196.95590256,94189763.60648005,89385720.5715175,94460852.565045,83743731.1322025,86675064.05389003,85465810.50034003,87245113.42171004,84993398.47406754,88095892.99198005,83033502.17329252,93718676.18732505,94249086.76319002,92067325.70971505,80212796.66771506,79176797.76543503,91587590.85779254,97147515.31428507,91896400.88903503,85140800.25446004,97856976.14656259,89297675.39043006,81106978.423005,96242881.09139504,84203576.04970257,100362176.06816755,99629496.82870257,96437684.78067753,92047554.01454256,85635488.48205003,87277945.16548005,98573866.44072251,89485385.70040256,90930858.14983502,87021646.57631,92896024.48257256,79032171.14998999,91522531.61629002,85777422.96180755,101739447.45086254,83548687.30180255,90510372.28702503,88931441.00349253,94562823.70756754,101286851.39565507
2019-01-30,107021274.13423252,99270603.7885775,83738159.00414005,90635428.64610253,83073225.63266504,82104675.04416005,87356196.95590256,94189763.60648005,89385720.5715175,94460852.565045,83743731.1322025,86675064.05389003,85465810.50034003,87245113.42171004,84993398.47406754,88095892.99198005,83033502.17329252,93718676.18732505,94249086.76319002,92067325.70971505,80212796.66771506,79176797.76543503,91587590.85779254,97147515.31428507,91896400.88903503,85140800.25446004,97856976.14656259,89297675.39043006,81106978.423005,96242881.09139504,84203576.04970257,100362176.06816755,99629496.82870257,96437684.78067753,92047554.01454256,85635488.48205003,87277945.16548005,98573866.44072251,89485385.70040256,90930858.14983502,87021646.57631,92896024.48257256,79032171.14998999,91522531.61629002,85777422.96180755,101739447.45086254,83548687.30180255,90510372.28702503,88931441.00349253,94562823.70756754,101286851.39565507
2019-01-31,107021274.13423252,99270603.7885775,83738159.00414005,90635428.64610253,83073225.63266504,82104675.04416005,87356196.95590256,94189763.60648005,89385720.5715175,94460852.565045,83743731.1322025,86675064.05389003,85465810.50034003,87245113.42171004,84993398.47406754,88095892.99198005,83033502.17329252,93718676.18732505,94249086.76319002,92067325.70971505,80212796.66771506,79176797.76543503,91587590.85779254,97147515.31428507,91896400.88903503,85140800.25446004,97856976.14656259,89297675.39043006,81106978.423005,96242881.09139504,84203576.04970257,100362176.06816755,99629496.82870257,96437684.78067753,92047554.01454256,85635488.48205003,87277945.16548005,98573866.44072251,89485385.70040256,90930858.14983502,87021646.57631,92896024.48257256,79032171.14998999,91522531.61629002,85777422.96180755,101739447.45086254,83548687.30180255,90510372.28702503,88931441.00349253,94562823.70756754,101286851.39565507
2019-02-01,107021274.13423252,99270603.7885775,83738159.00414005,90635428.64610253,83073225.63266504,82104675.04416005,87356196.95590256,94189763.60648005,89385720.5715175,94460852.565045,83743731.1322025,86675064.05389003,85465810.50034003,87245113.42171004,84993398.47406754,88095892.99198005,83033502.17329252,93718676.18732505,94249086.76319002,92067325.70971505,80212796.66771506,79176797.76543503,91587590.85779254,97147515.31428507,91896400.88903503,85140800.25446004,97856976.14656259,89297675.39043006,81106978.423005,96242881.09139504,84203576.04970257,100362176.06816755,99629496.82870257,96437684.78067753,92047554.01454256,85635488.48205003,87277945.16548005,98573866.44072251,89485385.70040256,90930858.14983502,87021646.57631,92896024.48257256,79032171.14998999,91522531.61629002,85777422.96180755,101739447.45086254,83548687.30180255,90510372.28702503,88931441.00349253,94562823.70756754,101286851.39565507
2019-02-11,107021274.13423252,99270603.7885775,83738159.00414005,90635428.64610253,83073225.63266504,82104675.04416005,87356196.95590256,94189763.60648005,89385720.5715175,94460852.565045,83743731.1322025,86675064.05389003,85465810.50034003,87245113.42171004,84993398.47406754,88095892.99198005,83033502.17329252,93718676.18732505,94249086.76319002,92067325.70971505,80212796.66771506,79176797.76543503,91587590.85779254,97147515.31428507,91896400.88903503,85140800.25446004,97856976.14656259,89297675.39043006,81106978.423005,96242881.09139504,84203576.04970257,100362176.06816755,99629496.82870257,96437684.78067753,92047554.01454256,85635488.48205003,87277945.16548005,98573866.44072251,89485385.70040256,90930858.14983502,87021646.57631,92896024.48257256,79032171.14998999,91522531.61629002,85777422.96180755,101739447.45086254,83548687.30180255,90510372.28702503,88931441.00349253,94562823.70756754,101286851.39565507
2019-02-12,107021274.13423252,99270603.7885775,83738159.00414005,90635428.64610253,83073225.63266504,82104675.04416005,87356196.95590256,94189763.60648005,89385720.5715175,94460852.565045,83743731.1322025,86675064.05389003,85465810.50034003,87245113.42171004,84993398.47406754,88095892.99198005,83033502.17329252,93718676.18732505,94249086.76319002,92067325.70971505,80212796.66771506,79176797.76543503,91587590.85779254,97147515.31428507,91896400.88903503,85140800.25446004,97856976.14656259,89297675.39043006,81106978.423005,96242881.09139504,84203576.04970257,100362176.06816755,99629496.82870257,96437684.78067753,92047554.01454256,85635488.48205003,87277945.16548005,98573866.44072251,89485385.70040256,90930858.14983502,87021646.57631,92896024.48257256,79032171.14998999,91522531.61629002,85777422.96180755,101739447.45086254,83548687.30180255,90510372.28702503,88931441.00349253,94562823.70756754,101286851.39565507
2019-02-13,107021274.13423252,99270603.7885775,83738159.00414005,90635428.64610253,83073225.63266504,82104675.04416005,87356196.95590256,94189763.60648005,89385720.5715175,94460852.565045,83743731.1322025,86675064.05389003,85465810.50034003,87245113.42171004,84993398.47406754,88095892.99198005,83033502.17329252,93718676.18732505,94249086.76319002,92067325.70971505,80212796.66771506,79176797.76543503,91587590.85779254,97147515.31428507,91896400.88903503,85140800.25446004,97856976.14656259,89297675.39043006,81106978.423005,96242881.09139504,84203576.04970257,100362176.06816755,99629496.82870257,96437684.78067753,92047554.01454256,85635488.48205003,87277945.16548005,98573866.44072251,89485385.70040256,90930858.14983502,87021646.57631,92896024.48257256,79032171.14998999,91522531.61629002,85777422.96180755,101739447.45086254,83548687.30180255,90510372.28702503,88931441.00349253,94562823.70756754,101286851.39565507
2019-02-14,107021274.13423252,99270603.7885775,83738159.00414005,90635428.64610253,83073225.63266504,82104675.04416005,87356196.95590256,94189763.60648005,89385720.5715175,94460852.565045,83743731.1322025,86675064.05389003,85465810.50034003,87245113.42171004,84993398.47406754,88095892.99198005,83033502.17329252,93718676.18732505,94249086.76319002,92067325.70971505,80212796.66771506,79176797.76543503,91587590.85779254,97147515.31428507,91896400.88903503,85140800.25446004,97856976.14656259,89297675.39043006,81106978.423005,96242881.09139504,84203576.04970257,100362176.06816755,99629496.82870257,96437684.78067753,92047554.01454256,85635488.48205003,87277945.16548005,98573866.44072251,89485385.70040256,90930858.14983502,87021646.57631,92896024.48257256,79032171.14998999,91522531.61629002,85777422.96180755,101739447.45086254,83548687.30180255,90510372.28702503,88931441.00349253,94562823.70756754,101286851.39565507
2019-02-15,107021274.13423252,99270603.7885775,83738159.00414005,90635428.64610253,83073225.63266504,82104675.04416005,87356196.95590256,94189763.60648005,89385720.5715175,94460852.565045,83743731.1322025,86675064.05389003,85465810.50034003,87245113.42171004,84993398.47406754,88095892.99198005,83033502.17329252,93718676.18732505,94249086.76319002,92067325.70971505,80212796.66771506,79176797.76543503,91587590.85779254,97147515.31428507,91896400.88903503,85140800.25446004,97856976.14656259,89297675.39043006,81106978.423005,96242881.09139504,84203576.04970257,100362176.06816755,99629496.82870257,96437684.78067753,92047554.01454256,85635488.48205003,87277945.16548005,98573866.44072251,89485385.70040256,90930858.14983502,87021646.57631,92896024.48257256,79032171.14998999,91522531.61629002,85777422.96180755,101739447.45086254,83548687.30180255,90510372.28702503,88931441.00349253,94562823.70756754,101286851.39565507
2019-02-18,107021274.13423252,99270603.7885775,83738159.00414005,90635428.64610253,83073225.63266504,82104675.04416005,87356196.95590256,94189763.60648005,89385720.5715175,94460852.565045,83743731.1322025,86675064.05389003,85465810.50034003,87245113.42171004,84993398.47406754,88095892.99198005,83033502.17329252,93718676.18732505,94249086.76319002,92067325.70971505,80212796.66771506,79176797.76543503,91587590.85779254,97147515.31428507,91896400.88903503,85140800.25446004,97856976.14656259,89297675.39043006,81106978.423005,96242881.09139504,84203576.04970257,100362176.06816755,99629496.82870257,96437684.78067753,92047554.01454256,85635488.48205003,87277945.16548005,98573866.44072251,89485385.70040256,90930858.14983502,87021646.57631,92896024.48257256,79032171.14998999,91522531.61629002,85777422.96180755,101739447.45086254,83548687.30180255,90510372.28702503,88931441.00349253,94562823.70756754,101286851.39565507
2019-02-19,107021274.13423252,99270603.7885775,83738159.00414005,90635428.64610253,83073225.63266504,82104675.04416005,87356196.95590256,94189763.60648005,89385720.5715175,94460852.565045,83743731.1322025,86675064.05389003,85465810.50034003,87245113.42171004,84993398.47406754,88095892.99198005,83033502.17329252,93718676.18732505,94249086.76319002,92067325.70971505,80212796.66771506,79176797.76543503,91587590.85779254,97147515.31428507,91896400.88903503,85140800.25446004,97856976.14656259,89297675.39043006,81106978.423005,96242881.09139504,84203576.04970257,100362176.06816755,99629496.82870257,96437684.78067753,92047554.01454256,85635488.48205003,87277945.16548005,98573866.44072251,89485385.70040256,90930858.14983502,87021646.57631,92896024.48257256,79032171.14998999,91522531.61629002,85777422.96180755,101739447.45086254,83548687.30180255,90510372.28702503,88931441.00349253,94562823.70756754,101286851.39565507
2019-02-20,107021274.13423252,99270603.7885775,83738159.00414005,90635428.64610253,83073225.63266504,82104675.04416005,87356196.95590256,94189763.60648005,89385720.5715175,94460852.565045,83743731.1322025,86675064.05389003,85465810.50034003,87245113.42171004,84993398.47406754,88095892.99198005,83033502.17329252,93718676.18732505,94249086.76319002,92067325.70971505,80212796.66771506,79176797.76543503,91587590.85779254,97147515.31428507,91896400.88903503,85140800.25446004,97856976.14656259,89297675.39043006,81106978.423005,96242881.09139504,84203576.04970257,100362176.06816755,99629496.82870257,96437684.78067753,92047554.01454256,85635488.48205003,87277945.16548005,98573866.44072251,89485385.70040256,90930858.14983502,87021646.57631,92896024.48257256,79032171.14998999,91522531.61629002,85777422.96180755,101739447.45086254,83548687.30180255,90510372.28702503,88931441.00349253,94562823.70756754,101286851.39565507
2019-02-21,107021274.13423252,99270603.7885775,83738159.00414005,90635428.64610253,83073225.63266504,82104675.04416005,87356196.95590256,94189763.60648005,89385720.5715175,94460852.565045,83743731.1322025,86675064.05389003,85465810.50034003,87245113.42171004,84993398.47406754,88095892.99198005,83033502.17329252,93718676.18732505,94249086.76319002,92067325.70971505,80212796.66771506,79176797.76543503,91587590.85779254,97147515.31428507,91896400.88903503,85140800.25446004,97856976.14656259,89297675.39043006,81106978.423005,96242881.09139504,84203576.04970257,100362176.06816755,99629496.82870257,96437684.78067753,92047554.01454256,85635488.48205003,87277945.16548005,98573866.44072251,89485385.70040256,90930858.14983502,87021646.57631,92896024.48257256,79032171.14998999,91522531.61629002,85777422.96180755,101739447.45086254,83548687.30180255,90510372.28702503,88931441.00349253,94562823.70756754,101286851.39565507
2019-02-22,107021274.13423252,99270603.7885775,83738159.00414005,90635428.64610253,83073225.63266504,82104675.04416005,87356196.95590256,94189763.60648005,89385720.5715175,94460852.565045,83743731.1322025,86675064.05389003,85465810.50034003,87245113.42171004,84993398.47406754,88095892.99198005,83033502.17329252,93718676.18732505,94249086.76319002,92067325.70971505,80212796.66771506,79176797.76543503,91587590.85779254,97147515.31428507,91896400.88903503,85140800.25446004,97856976.14656259,89297675.39043006,81106978.423005,96242881.09139504,84203576.04970257,100362176.06816755,99629496.82870257,96437684.78067753,92047554.01454256,85635488.48205003,87277945.16548005,98573866.44072251,89485385.70040256,90930858.14983502,87021646.57631,92896024.48257256,79032171.14998999,91522531.61629002,85777422.96180755,101739447.45086254,83548687.30180255,90510372.28702503,88931441.00349253,94562823.70756754,101286851.39565507
2019-02-25,107021274.13423252,99270603.7885775,83738159.00414005,90635428.64610253,83073225.63266504,82104675.04416005,87356196.95590256,94189763.60648005,89385720.5715175,94460852.565045,83743731.1322025,86675064.05389003,85465810.50034003,87245113.42171004,84993398.47406754,88095892.99198005,83033502.17329252,93718676.18732505,94249086.76319002,92067325.70971505,80212796.66771506,79176797.76543503,91587590.85779254,97147515.31428507,91896400.88903503,85140800.25446004,97856976.14656259,89297675.39043006,81106978.423005,96242881.09139504,84203576.04970257,100362176.06816755,99629496.82870257,96437684.78067753,92047554.01454256,85635488.48205003,87277945.16548005,98573866.44072251,89485385.70040256,90930858.14983502,87021646.57631,92896024.48257256,79032171.14998999,91522531.61629002,85777422.96180755,101739447.45086254,83548687.30180255,90510372.28702503,88931441.00349253,94562823.70756754,101286851.39565507
2019-02-26,107021274.13423252,99270603.7885775,83738159.00414005,90635428.64610253,83073225.63266504,82104675.04416005,87356196.95590256,94189763.60648005,89385720.5715175,94460852.565045,83743731.1322025,86675064.05389003,85465810.50034003,87245113.42171004,84993398.47406754,88095892.99198005,83033502.17329252,93718676.18732505,94249086.76319002,92067325.70971505,80212796.66771506,79176797.76543503,91587590.85779254,97147515.31428507,91896400.88903503,85140800.25446004,97856976.14656259,89297675.39043006,81106978.423005,96242881.09139504,84203576.04970257,100362176.06816755,99629496.82870257,96437684.78067753,92047554.01454256,85635488.48205003,87277945.16548005,98573866.44072251,89485385.70040256,90930858.14983502,87021646.57631,92896024.48257256,79032171.14998999,91522531.61629002,85777422.96180755,101739447.45086254,83548687.30180255,90510372.28702503,88931441.00349253,94562823.70756754,101286851.39565507
2019-02-27,107021274.13423252,99270603.7885775,83738159.00414005,90635428.64610253,83073225.63266504,82104675.04416005,87356196.95590256,94189763.60648005,89385720.5715175,94460852.565045,83743731.1322025,86675064.05389003,85465810.50034003,87245113.42171004,84993398.47406754,88095892.99198005,83033502.17329252,93718676.18732505,94249086.76319002,92067325.70971505,80212796.66771506,79176797.76543503,91587590.85779254,97147515.31428507,91896400.88903503,85140800.25446004,97856976.14656259,89297675.39043006,81106978.423005,96242881.09139504,84203576.04970257,100362176.06816755,99629496.82870257,96437684.78067753,92047554.01454256,85635488.48205003,87277945.16548005,98573866.44072251,89485385.70040256,90930858.14983502,87021646.57631,92896024.48257256,79032171.14998999,91522531.61629002,85777422.96180755,101739447.45086254,83548687.30180255,90510372.28702503,88931441.00349253,94562823.70756754,101286851.39565507
2019-02-28,107021274.13423252,99270603.7885775,83738159.00414005,90635428.64610253,83073225.63266504,82104675.04416005,87356196.95590256,94189763.60648005,89385720.5715175,94460852.565045,83743731.1322025,86675064.05389003,85465810.50034003,87245113.42171004,84993398.47406754,88095892.99198005,83033502.17329252,93718676.18732505,94249086.76319002,92067325.70971505,80212796.66771506,79176797.76543503,91587590.85779254,97147515.31428507,91896400.88903503,85140800.25446004,97856976.14656259,89297675.39043006,81106978.423005,96242881.09139504,84203576.04970257,100362176.06816755,99629496.82870257,96437684.78067753,92047554.01454256,85635488.48205003,87277945.16548005,98573866.44072251,89485385.70040256,90930858.14983502,87021646.57631,92896024.48257256,79032171.14998999,91522531.61629002,85777422.96180755,101739447.45086254,83548687.30180255,90510372.28702503,88931441.00349253,94562823.70756754,101286851.39565507
2019-03-01,107021274.13423252,99270603.7885775,83738159.00414005,90635428.64610253,83073225.63266504,82104675.04416005,87356196.95590256,94189763.60648005,89385720.5715175,94460852.565045,83743731.1322025,86675064.05389003,85465810.50034003,87245113.42171004,84993398.47406754,88095892.99198005,83033502.17329252,93718676.18732505,94249086.76319002,92067325.70971505,80212796.66771506,79176797.76543503,91587590.85779254,97147515.31428507,91896400.88903503,85140800.25446004,97856976.14656259,89297675.39043006,81106978.423005,96242881.09139504,84203576.04970257,100362176.06816755,99629496.82870257,96437684.78067753,92047554.01454256,85635488.48205003,87277945.16548005,98573866.44072251,89485385.70040256,90930858.14983502,87021646.57631,92896024.48257256,79032171.14998999,91522531.61629002,85777422.96180755,101739447.45086254,83548687.30180255,90510372.28702503,88931441.00349253,94562823.70756754,101286851.39565507
2019-03-04,107021274.13423252,99270603.7885775,83738159.00414005,90635428.64610253,83073225.63266504,82104675.04416005,87356196.95590256,94189763.60648005,89385720.5715175,94460852.565045,83743731.1322025,86675064.05389003,85465810.50034003,87245113.42171004,84993398.47406754,88095892.99198005,83033502.17329252,93718676.18732505,94249086.76319002,92067325.70971505,80212796.66771506,79176797.76543503,91587590.85779254,97147515.31428507,91896400.88903503,85140800.25446004,97856976.14656259,89297675.39043006,81106978.423005,96242881.09139504,84203576.04970257,100362176.06816755,99629496.82870257,96437684.78067753,92047554.01454256,85635488.48205003,87277945.16548005,98573866.44072251,89485385.70040256,90930858.14983502,87021646.57631,92896024.48257256,79032171.14998999,91522531.61629002,85777422.96180755,101739447.45086254,83548687.30180255,90510372.28702503,88931441.00349253,94562823.70756754,101286851.39565507
2019-03-05,107021274.13423252,99270603.7885775,83738159.00414005,90635428.64610253,83073225.63266504,82104675.04416005,87356196.95590256,94189763.60648005,89385720.5715175,94460852.565045,83743731.1322025,86675064.05389003,85465810.50034003,87245113.42171004,84993398.47406754,88095892.99198005,83033502.17329252,93718676.18732505,94249086.76319002,92067325.70971505,80212796.66771506,79176797.76543503,91587590.85779254,97147515.31428507,91896400.88903503,85140800.25446004,97856976.14656259,89297675.39043006,81106978.423005,96242881.09139504,84203576.04970257,100362176.06816755,99629496.82870257,96437684.78067753,92047554.01454256,85635488.48205003,87277945.16548005,98573866.44072251,89485385.70040256,90930858.14983502,87021646.57631,92896024.48257256,79032171.14998999,91522531.61629002,85777422.96180755,101739447.45086254,83548687.30180255,90510372.28702503,88931441.00349253,94562823.70756754,101286851.39565507
2019-03-06,107021274.13423252,99270603.7885775,83738159.00414005,90635428.64610253,83073225.63266504,82104675.04416005,87356196.95590256,94189763.60648005,89385720.5715175,94460852.565045,83743731.1322025,86675064.05389003,85465810.50034003,87245113.42171004,84993398.47406754,88095892.99198005,83033502.17329252,93718676.18732505,94249086.76319002,92067325.70971505,80212796.66771506,79176797.76543503,91587590.85779254,97147515.31428507,91896400.88903503,85140800.25446004,97856976.14656259,89297675.39043006,81106978.423005,96242881.09139504,84203576.04970257,100362176.06816755,99629496.82870257,96437684.78067753,92047554.01454256,85635488.48205003,87277945.16548005,98573866.44072251,89485385.70040256,90930858.14983502,87021646.57631,92896024.48257256,79032171.14998999,91522531.61629002,85777422.96180755,101739447.45086254,83548687.30180255,90510372.28702503,88931441.00349253,94562823.70756754,101286851.39565507
2019-03-07,107021274.13423252,99270603.7885775,83738159.00414005,90635428.64610253,83073225.63266504,82104675.04416005,87356196.95590256,94189763.60648005,89385720.5715175,94460852.565045,83743731.1322025,86675064.05389003,85465810.50034003,87245113.42171004,84993398.47406754,88095892.99198005,83033502.17329252,93718676.18732505,94249086.76319002,92067325.70971505,80212796.66771506,79176797.76543503,91587590.85779254,97147515.31428507,91896400.88903503,85140800.25446004,97856976.14656259,89297675.39043006,81106978.423005,96242881.09139504,84203576.04970257,100362176.06816755,99629496.82870257,96437684.78067753,92047554.01454256,85635488.48205003,87277945.16548005,98573866.44072251,89485385.70040256,90930858.14983502,87021646.57631,92896024.48257256,79032171.14998999,91522531.61629002,85777422.96180755,101739447.45086254,83548687.30180255,90510372.28702503,88931441.00349253,94562823.70756754,101286851.39565507
2019-03-08,107021274.13423252,99270603.7885775,83738159.00414005,90635428.64610253,83073225.63266504,82104675.04416005,87356196.95590256,94189763.60648005,89385720.5715175,94460852.565045,83743731.1322025,86675064.05389003,85465810.50034003,87245113.42171004,84993398.47406754,88095892.99198005,83033502.17329252,93718676.18732505,94249086.76319002,92067325.70971505,80212796.66771506,79176797.76543503,91587590.85779254,97147515.31428507,91896400.88903503,85140800.25446004,97856976.14656259,89297675.39043006,81106978.423005,96242881.09139504,84203576.04970257,100362176.06816755,99629496.82870257,96437684.78067753,92047554.01454256,85635488.48205003,87277945.16548005,98573866.44072251,89485385.70040256,90930858.14983502,87021646.57631,92896024.48257256,79032171.14998999,91522531.61629002,85777422.96180755,101739447.45086254,83548687.30180255,90510372.28702503,88931441.00349253,94562823.70756754,101286851.39565507
2019-03-11,107021274.13423252,99270603.7885775,83738159.00414005,90635428.64610253,83073225.63266504,82104675.04416005,87356196.95590256,94189763.60648005,89385720.5715175,94460852.565045,83743731.1322025,86675064.05389003,85465810.50034003,87245113.42171004,84993398.47406754,88095892.99198005,83033502.17329252,93718676.18732505,94249086.76319002,92067325.70971505,80212796.66771506,79176797.76543503,91587590.85779254,97147515.31428507,91896400.88903503,85140800.25446004,97856976.14656259,89297675.39043006,81106978.423005,96242881.09139504,84203576.04970257,100362176.06816755,99629496.82870257,96437684.78067753,92047554.01454256,85635488.48205003,87277945.16548005,98573866.44072251,89485385.70040256,90930858.14983502,87021646.57631,92896024.48257256,79032171.14998999,91522531.61629002,85777422.96180755,101739447.45086254,83548687.30180255,90510372.28702503,88931441.00349253,94562823.70756754,101286851.39565507
2019-03-12,107021274.13423252,99270603.7885775,83738159.00414005,90635428.64610253,83073225.63266504,82104675.04416005,87356196.95590256,94189763.60648005,89385720.5715175,94460852.565045,83743731.1322025,86675064.05389003,85465810.50034003,87245113.42171004,84993398.47406754,88095892.99198005,83033502.17329252,93718676.18732505,94249086.76319002,92067325.70971505,80212796.66771506,79176797.76543503,91587590.85779254,97147515.31428507,91896400.88903503,85140800.25446004,97856976.14656259,89297675.39043006,81106978.423005,96242881.09139504,84203576.04970257,100362176.06816755,99629496.82870257,96437684.78067753,92047554.01454256,85635488.48205003,87277945.16548005,98573866.44072251,89485385.70040256,90930858.14983502,87021646.57631,92896024.48257256,79032171.14998999,91522531.61629002,85777422.96180755,101739447.45086254,83548687.30180255,90510372.28702503,88931441.00349253,94562823.70756754,101286851.39565507
2019-03-13,107021274.13423252,99270603.7885775,83738159.00414005,90635428.64610253,83073225.63266504,82104675.04416005,87356196.95590256,94189763.60648005,89385720.5715175,94460852.565045,83743731.1322025,86675064.05389003,85465810.50034003,87245113.42171004,84993398.47406754,88095892.99198005,83033502.17329252,93718676.18732505,94249086.76319002,92067325.70971505,80212796.66771506,79176797.76543503,91587590.85779254,97147515.31428507,91896400.88903503,85140800.25446004,97856976.14656259,89297675.39043006,81106978.423005,96242881.09139504,84203576.04970257,100362176.06816755,99629496.82870257,96437684.78067753,92047554.01454256,85635488.48205003,87277945.16548005,98573866.44072251,89485385.70040256,90930858.14983502,87021646.57631,92896024.48257256,79032171.14998999,91522531.61629002,85777422.96180755,101739447.45086254,83548687.30180255,90510372.28702503,88931441.00349253,94562823.70756754,101286851.39565507
2019-03-14,107021274.13423252,99270603.7885775,83738159.00414005,90635428.64610253,83073225.63266504,82104675.04416005,87356196.95590256,94189763.60648005,89385720.5715175,94460852.565045,83743731.1322025,86675064.05389003,85465810.50034003,87245113.42171004,84993398.47406754,88095892.99198005,83033502.17329252,93718676.18732505,94249086.76319002,92067325.70971505,80212796.66771506,79176797.76543503,91587590.85779254,97147515.31428507,91896400.88903503,85140800.25446004,97856976.14656259,89297675.39043006,81106978.423005,96242881.09139504,84203576.04970257,100362176.06816755,99629496.82870257,96437684.78067753,92047554.01454256,85635488.48205003,87277945.16548005,98573866.44072251,89485385.70040256,90930858.14983502,87021646.57631,92896024.48257256,79032171.14998999,91522531.61629002,85777422.96180755,101739447.45086254,83548687.30180255,90510372.28702503,88931441.00349253,94562823.70756754,101286851.39565507
2019-03-15,107021274.13423252,99270603.7885775,83738159.00414005,90635428.64610253,83073225.63266504,82104675.04416005,87356196.95590256,94189763.60648005,89385720.5715175,94460852.565045,83743731.1322025,86675064.05389003,85465810.50034003,87245113.42171004,84993398.47406754,88095892.99198005,83033502.17329252,93718676.18732505,94249086.76319002,92067325.70971505,80212796.66771506,79176797.76543503,91587590.85779254,97147515.31428507,91896400.88903503,85140800.25446004,97856976.14656259,89297675.39043006,81106978.423005,96242881.09139504,84203576.04970257,100362176.06816755,99629496.82870257,96437684.78067753,92047554.01454256,85635488.48205003,87277945.16548005,98573866.44072251,89485385.70040256,90930858.14983502,87021646.57631,92896024.48257256,79032171.14998999,91522531.61629002,85777422.96180755,101739447.45086254,83548687.30180255,90510372.28702503,88931441.00349253,94562823.70756754,101286851.39565507
2019-03-18,107021274.13423252,99270603.7885775,83738159.00414005,90635428.64610253,83073225.63266504,82104675.04416005,87356196.95590256,94189763.60648005,89385720.5715175,94460852.565045,83743731.1322025,86675064.05389003,85465810.50034003,87245113.42171004,84993398.47406754,88095892.99198005,83033502.17329252,93718676.18732505,94249086.76319002,92067325.70971505,80212796.66771506,79176797.76543503,91587590.85779254,97147515.31428507,91896400.88903503,85140800.25446004,97856976.14656259,89297675.39043006,81106978.423005,96242881.09139504,84203576.04970257,100362176.06816755,99629496.82870257,96437684.78067753,92047554.01454256,85635488.48205003,87277945.16548005,98573866.44072251,89485385.70040256,90930858.14983502,87021646.57631,92896024.48257256,79032171.14998999,91522531.61629002,85777422.96180755,101739447.45086254,83548687.30180255,90510372.28702503,88931441.00349253,94562823.70756754,101286851.39565507
2019-03-19,107021274.13423252,99270603.7885775,83738159.00414005,90635428.64610253,83073225.63266504,82104675.04416005,87356196.95590256,94189763.60648005,89385720.5715175,94460852.565045,83743731.1322025,86675064.05389003,85465810.50034003,87245113.42171004,84993398.47406754,88095892.99198005,83033502.17329252,93718676.18732505,94249086.76319002,92067325.70971505,80212796.66771506,79176797.76543503,91587590.85779254,97147515.31428507,91896400.88903503,85140800.25446004,97856976.14656259,89297675.39043006,81106978.423005,96242881.09139504,84203576.04970257,100362176.06816755,99629496.82870257,96437684.78067753,92047554.01454256,85635488.48205003,87277945.16548005,98573866.44072251,89485385.70040256,90930858.14983502,87021646.57631,92896024.48257256,79032171.14998999,91522531.61629002,85777422.96180755,101739447.45086254,83548687.30180255,90510372.28702503,88931441.00349253,94562823.70756754,101286851.39565507
2019-03-20,107021274.13423252,99270603.7885775,83738159.00414005,90635428.64610253,83073225.63266504,82104675.04416005,87356196.95590256,94189763.60648005,89385720.5715175,94460852.565045,83743731.1322025,86675064.05389003,85465810.50034003,87245113.42171004,84993398.47406754,88095892.99198005,83033502.17329252,93718676.18732505,94249086.76319002,92067325.70971505,80212796.66771506,79176797.76543503,91587590.85779254,97147515.31428507,91896400.88903503,85140800.25446004,97856976.14656259,89297675.39043006,81106978.423005,96242881.09139504,84203576.04970257,100362176.06816755,99629496.82870257,96437684.78067753,92047554.01454256,85635488.48205003,87277945.16548005,98573866.44072251,89485385.70040256,90930858.14983502,87021646.57631,92896024.48257256,79032171.14998999,91522531.61629002,85777422.96180755,101739447.45086254,83548687.30180255,90510372.28702503,88931441.00349253,94562823.70756754,101286851.39565507
2019-03-21,107021274.13423252,99270603.7885775,83738159.00414005,90635428.64610253,83073225.63266504,82104675.04416005,87356196.95590256,94189763.60648005,89385720.5715175,94460852.565045,83743731.1322025,86675064.05389003,85465810.50034003,87245113.42171004,84993398.47406754,88095892.99198005,83033502.17329252,93718676.18732505,94249086.76319002,92067325.70971505,80212796.66771506,79176797.76543503,91587590.85779254,97147515.31428507,91896400.88903503,85140800.25446004,97856976.14656259,89297675.39043006,81106978.423005,96242881.09139504,84203576.04970257,100362176.06816755,99629496.82870257,96437684.78067753,92047554.01454256,85635488.48205003,87277945.16548005,98573866.44072251,89485385.70040256,90930858.14983502,87021646.57631,92896024.48257256,79032171.14998999,91522531.61629002,85777422.96180755,101739447.45086254,83548687.30180255,90510372.28702503,88931441.00349253,94562823.70756754,101286851.39565507
2019-03-22,107021274.13423252,99270603.7885775,83738159.00414005,90635428.64610253,83073225.63266504,82104675.04416005,87356196.95590256,94189763.60648005,89385720.5715175,94460852.565045,83743731.1322025,86675064.05389003,85465810.50034003,87245113.42171004,84993398.47406754,88095892.99198005,83033502.17329252,93718676.18732505,94249086.76319002,92067325.70971505,80212796.66771506,79176797.76543503,91587590.85779254,97147515.31428507,91896400.88903503,85140800.25446004,97856976.14656259,89297675.39043006,81106978.423005,96242881.09139504,84203576.04970257,100362176.06816755,99629496.82870257,96437684.78067753,92047554.01454256,85635488.48205003,87277945.16548005,98573866.44072251,89485385.70040256,90930858.14983502,87021646.57631,92896024.48257256,79032171.14998999,91522531.61629002,85777422.96180755,101739447.45086254,83548687.30180255,90510372.28702503,88931441.00349253,94562823.70756754,101286851.39565507
2019-03-25,107021274.13423252,99270603.7885775,83738159.00414005,90635428.64610253,83073225.63266504,82104675.04416005,87356196.95590256,94189763.60648005,89385720.5715175,94460852.565045,83743731.1322025,86675064.05389003,85465810.50034003,87245113.42171004,84993398.47406754,88095892.99198005,83033502.17329252,93718676.18732505,94249086.76319002,92067325.70971505,80212796.66771506,79176797.76543503,91587590.85779254,97147515.31428507,91896400.88903503,85140800.25446004,97856976.14656259,89297675.39043006,81106978.423005,96242881.09139504,84203576.04970257,100362176.06816755,99629496.82870257,96437684.78067753,92047554.01454256,85635488.48205003,87277945.16548005,98573866.44072251,89485385.70040256,90930858.14983502,87021646.57631,92896024.48257256,79032171.14998999,91522531.61629002,85777422.96180755,101739447.45086254,83548687.30180255,90510372.28702503,88931441.00349253,94562823.70756754,101286851.39565507
2019-03-26,107021274.13423252,99270603.7885775,83738159.00414005,90635428.64610253,83073225.63266504,82104675.04416005,87356196.95590256,94189763.60648005,89385720.5715175,94460852.565045,83743731.1322025,86675064.05389003,85465810.50034003,87245113.42171004,84993398.47406754,88095892.99198005,83033502.17329252,93718676.18732505,94249086.76319002,92067325.70971505,80212796.66771506,79176797.76543503,91587590.85779254,97147515.31428507,91896400.88903503,85140800.25446004,97856976.14656259,89297675.39043006,81106978.423005,96242881.09139504,84203576.04970257,100362176.06816755,99629496.82870257,96437684.78067753,92047554.01454256,85635488.48205003,87277945.16548005,98573866.44072251,89485385.70040256,90930858.14983502,87021646.57631,92896024.48257256,79032171.14998999,91522531.61629002,85777422.96180755,101739447.45086254,83548687.30180255,90510372.28702503,88931441.00349253,94562823.70756754,101286851.39565507
2019-03-27,107021274.13423252,99270603.7885775,83738159.00414005,90635428.64610253,83073225.63266504,82104675.04416005,87356196.95590256,94189763.60648005,89385720.5715175,94460852.565045,83743731.1322025,86675064.05389003,85465810.50034003,87245113.42171004,84993398.47406754,88095892.99198005,83033502.17329252,93718676.18732505,94249086.76319002,92067325.70971505,80212796.66771506,79176797.76543503,91587590.85779254,97147515.31428507,91896400.88903503,85140800.25446004,97856976.14656259,89297675.39043006,81106978.423005,96242881.09139504,84203576.04970257,100362176.06816755,99629496.82870257,96437684.78067753,92047554.01454256,85635488.48205003,87277945.16548005,98573866.44072251,89485385.70040256,90930858.14983502,87021646.57631,92896024.48257256,79032171.14998999,91522531.61629002,85777422.96180755,101739447.45086254,83548687.30180255,90510372.28702503,88931441.00349253,94562823.70756754,101286851.39565507
2019-03-28,107021274.13423252,99270603.7885775,83738159.00414005,90635428.64610253,83073225.63266504,82104675.04416005,87356196.95590256,94189763.60648005,89385720.5715175,94460852.565045,83743731.1322025,86675064.05389003,85465810.50034003,87245113.42171004,84993398.47406754,88095892.99198005,83033502.17329252,93718676.18732505,94249086.76319002,92067325.70971505,80212796.66771506,79176797.76543503,91587590.85779254,97147515.31428507,91896400.88903503,85140800.25446004,97856976.14656259,89297675.39043006,81106978.423005,96242881.09139504,84203576.04970257,100362176.06816755,99629496.82870257,96437684.78067753,92047554.01454256,85635488.48205003,87277945.16548005,98573866.44072251,89485385.70040256,90930858.14983502,87021646.57631,92896024.48257256,79032171.14998999,91522531.61629002,85777422.96180755,101739447.45086254,83548687.30180255,90510372.28702503,88931441.00349253,94562823.70756754,101286851.39565507
2019-03-29,107021274.13423252,99270603.7885775,83738159.00414005,90635428.64610253,83073225.63266504,82104675.04416005,87356196.95590256,94189763.60648005,89385720.5715175,94460852.565045,83743731.1322025,86675064.05389003,85465810.50034003,87245113.42171004,84993398.47406754,88095892.99198005,83033502.17329252,93718676.18732505,94249086.76319002,92067325.70971505,80212796.66771506,79176797.76543503,91587590.85779254,97147515.31428507,91896400.88903503,85140800.25446004,97856976.14656259,89297675.39043006,81106978.423005,96242881.09139504,84203576.04970257,100362176.06816755,99629496.82870257,96437684.78067753,92047554.01454256,85635488.48205003,87277945.16548005,98573866.44072251,89485385.70040256,90930858.14983502,87021646.57631,92896024.48257256,79032171.14998999,91522531.61629002,85777422.96180755,101739447.45086254,83548687.30180255,90510372.28702503,88931441.00349253,94562823.70756754,101286851.39565507
2019-04-01,107021274.13423252,99270603.7885775,83738159.00414005,90635428.64610253,83073225.63266504,82104675.04416005,87356196.95590256,94189763.60648005,89385720.5715175,94460852.565045,83743731.1322025,86675064.05389003,85465810.50034003,87245113.42171004,84993398.47406754,88095892.99198005,83033502.17329252,93718676.18732505,94249086.76319002,92067325.70971505,80212796.66771506,79176797.76543503,91587590.85779254,97147515.31428507,91896400.88903503,85140800.25446004,97856976.14656259,89297675.39043006,81106978.423005,96242881.09139504,84203576.04970257,100362176.06816755,99629496.82870257,96437684.78067753,92047554.01454256,85635488.48205003,87277945.16548005,98573866.44072251,89485385.70040256,90930858.14983502,87021646.57631,92896024.48257256,79032171.14998999,91522531.61629002,85777422.96180755,101739447.45086254,83548687.30180255,90510372.28702503,88931441.00349253,94562823.70756754,101286851.39565507
2019-04-02,107021274.13423252,99270603.7885775,83738159.00414005,90635428.64610253,83073225.63266504,82104675.04416005,87356196.95590256,94189763.60648005,89385720.5715175,94460852.565045,83743731.1322025,86675064.05389003,85465810.50034003,87245113.42171004,84993398.47406754,88095892.99198005,83033502.17329252,93718676.18732505,94249086.76319002,92067325.70971505,80212796.66771506,79176797.76543503,91587590.85779254,97147515.31428507,91896400.88903503,85140800.25446004,97856976.14656259,89297675.39043006,81106978.423005,96242881.09139504,84203576.04970257,100362176.06816755,99629496.82870257,96437684.78067753,92047554.01454256,85635488.48205003,87277945.16548005,98573866.44072251,89485385.70040256,90930858.14983502,87021646.57631,92896024.48257256,79032171.14998999,91522531.61629002,85777422.96180755,101739447.45086254,83548687.30180255,90510372.28702503,88931441.00349253,94562823.70756754,101286851.39565507
2019-04-03,107021274.13423252,99270603.7885775,83738159.00414005,90635428.64610253,83073225.63266504,82104675.04416005,87356196.95590256,94189763.60648005,89385720.5715175,94460852.565045,83743731.1322025,86675064.05389003,85465810.50034003,87245113.42171004,84993398.47406754,88095892.99198005,83033502.17329252,93718676.18732505,94249086.76319002,92067325.70971505,80212796.66771506,79176797.76543503,91587590.85779254,97147515.31428507,91896400.88903503,85140800.25446004,97856976.14656259,89297675.39043006,81106978.423005,96242881.09139504,84203576.04970257,100362176.06816755,99629496.82870257,96437684.78067753,92047554.01454256,85635488.48205003,87277945.16548005,98573866.44072251,89485385.70040256,90930858.14983502,87021646.57631,92896024.48257256,79032171.14998999,91522531.61629002,85777422.96180755,101739447.45086254,83548687.30180255,90510372.28702503,88931441.00349253,94562823.70756754,101286851.39565507
2019-04-04,107021274.13423252,99270603.7885775,83738159.00414005,90635428.64610253,83073225.63266504,82104675.04416005,87356196.95590256,94189763.60648005,89385720.5715175,94460852.565045,83743731.1322025,86675064.05389003,85465810.50034003,87245113.42171004,84993398.47406754,88095892.99198005,83033502.17329252,93718676.18732505,94249086.76319002,92067325.70971505,80212796.66771506,79176797.76543503,91587590.85779254,97147515.31428507,91896400.88903503,85140800.25446004,97856976.14656259,89297675.39043006,81106978.423005,96242881.09139504,84203576.04970257,100362176.06816755,99629496.82870257,96437684.78067753,92047554.01454256,85635488.48205003,87277945.16548005,98573866.44072251,89485385.70040256,90930858.14983502,87021646.57631,92896024.48257256,79032171.14998999,91522531.61629002,85777422.96180755,101739447.45086254,83548687.30180255,90510372.28702503,88931441.00349253,94562823.70756754,101286851.39565507
2019-04-05,107021274.13423252,99270603.7885775,83738159.00414005,90635428.64610253,83073225.63266504,82104675.04416005,87356196.95590256,94189763.60648005,89385720.5715175,94460852.565045,83743731.1322025,86675064.05389003,85465810.50034003,87245113.42171004,84993398.47406754,88095892.99198005,83033502.17329252,93718676.18732505,94249086.76319002,92067325.70971505,80212796.66771506,79176797.76543503,91587590.85779254,97147515.31428507,91896400.88903503,85140800.25446004,97856976.14656259,89297675.39043006,81106978.423005,96242881.09139504,84203576.04970257,100362176.06816755,99629496.82870257,96437684.78067753,92047554.01454256,85635488.48205003,87277945.16548005,98573866.44072251,89485385.70040256,90930858.14983502,87021646.57631,92896024.48257256,79032171.14998999,91522531.61629002,85777422.96180755,101739447.45086254,83548687.30180255,90510372.28702503,88931441.00349253,94562823.70756754,101286851.39565507
2019-04-08,107021274.13423252,99270603.7885775,83738159.00414005,90635428.64610253,83073225.63266504,82104675.04416005,87356196.95590256,94189763.60648005,89385720.5715175,94460852.565045,83743731.1322025,86675064.05389003,85465810.50034003,87245113.42171004,84993398.47406754,88095892.99198005,83033502.17329252,93718676.18732505,94249086.76319002,92067325.70971505,80212796.66771506,79176797.76543503,91587590.85779254,97147515.31428507,91896400.88903503,85140800.25446004,97856976.14656259,89297675.39043006,81106978.423005,96242881.09139504,84203576.04970257,100362176.06816755,99629496.82870257,96437684.78067753,92047554.01454256,85635488.48205003,87277945.16548005,98573866.44072251,89485385.70040256,90930858.14983502,87021646.57631,92896024.48257256,79032171.14998999,91522531.61629002,85777422.96180755,101739447.45086254,83548687.30180255,90510372.28702503,88931441.00349253,94562823.70756754,101286851.39565507
2019-04-09,107021274.13423252,99270603.7885775,83738159.00414005,90635428.64610253,83073225.63266504,82104675.04416005,87356196.95590256,94189763.60648005,89385720.5715175,94460852.565045,83743731.1322025,86675064.05389003,85465810.50034003,87245113.42171004,84993398.47406754,88095892.99198005,83033502.17329252,93718676.18732505,94249086.76319002,92067325.70971505,80212796.66771506,79176797.76543503,91587590.85779254,97147515.31428507,91896400.88903503,85140800.25446004,97856976.14656259,89297675.39043006,81106978.423005,96242881.09139504,84203576.04970257,100362176.06816755,99629496.82870257,96437684.78067753,92047554.01454256,85635488.48205003,87277945.16548005,98573866.44072251,89485385.70040256,90930858.14983502,87021646.57631,92896024.48257256,79032171.14998999,91522531.61629002,85777422.96180755,101739447.45086254,83548687.30180255,90510372.28702503,88931441.00349253,94562823.70756754,101286851.39565507
2019-04-10,107021274.13423252,99270603.7885775,83738159.00414005,90635428.64610253,83073225.63266504,82104675.04416005,87356196.95590256,94189763.60648005,89385720.5715175,94460852.565045,83743731.1322025,86675064.05389003,85465810.50034003,87245113.42171004,84993398.47406754,88095892.99198005,83033502.17329252,93718676.18732505,94249086.76319002,92067325.70971505,80212796.66771506,79176797.76543503,91587590.85779254,97147515.31428507,91896400.88903503,85140800.25446004,97856976.14656259,89297675.39043006,81106978.423005,96242881.09139504,84203576.04970257,100362176.06816755,99629496.82870257,96437684.78067753,92047554.01454256,85635488.48205003,87277945.16548005,98573866.44072251,89485385.70040256,90930858.14983502,87021646.57631,92896024.48257256,79032171.14998999,91522531.61629002,85777422.96180755,101739447.45086254,83548687.30180255,90510372.28702503,88931441.00349253,94562823.70756754,101286851.39565507
2019-04-11,107021274.13423252,99270603.7885775,83738159.00414005,90635428.64610253,83073225.63266504,82104675.04416005,87356196.95590256,94189763.60648005,89385720.5715175,94460852.565045,83743731.1322025,86675064.05389003,85465810.50034003,87245113.42171004,84993398.47406754,88095892.99198005,83033502.17329252,93718676.18732505,94249086.76319002,92067325.70971505,80212796.66771506,79176797.76543503,91587590.85779254,97147515.31428507,91896400.88903503,85140800.25446004,97856976.14656259,89297675.39043006,81106978.423005,96242881.09139504,84203576.04970257,100362176.06816755,99629496.82870257,96437684.78067753,92047554.01454256,85635488.48205003,87277945.16548005,98573866.44072251,89485385.70040256,90930858.14983502,87021646.57631,92896024.48257256,79032171.14998999,91522531.61629002,85777422.96180755,101739447.45086254,83548687.30180255,90510372.28702503,88931441.00349253,94562823.70756754,101286851.39565507
2019-04-12,107021274.13423252,99270603.7885775,83738159.00414005,90635428.64610253,83073225.63266504,82104675.04416005,87356196.95590256,94189763.60648005,89385720.5715175,94460852.565045,83743731.1322025,86675064.05389003,85465810.50034003,87245113.42171004,84993398.47406754,88095892.99198005,83033502.17329252,93718676.18732505,94249086.76319002,92067325.70971505,80212796.66771506,79176797.76543503,91587590.85779254,97147515.31428507,91896400.88903503,85140800.25446004,97856976.14656259,89297675.39043006,81106978.423005,96242881.09139504,84203576.04970257,100362176.06816755,99629496.82870257,96437684.78067753,92047554.01454256,85635488.48205003,87277945.16548005,98573866.44072251,89485385.70040256,90930858.14983502,87021646.57631,92896024.48257256,79032171.14998999,91522531.61629002,85777422.96180755,101739447.45086254,83548687.30180255,90510372.28702503,88931441.00349253,94562823.70756754,101286851.39565507
2019-04-16,107021274.13423252,99270603.7885775,83738159.00414005,90635428.64610253,83073225.63266504,82104675.04416005,87356196.95590256,94189763.60648005,89385720.5715175,94460852.565045,83743731.1322025,86675064.05389003,85465810.50034003,87245113.42171004,84993398.47406754,88095892.99198005,83033502.17329252,93718676.18732505,94249086.76319002,92067325.70971505,80212796.66771506,79176797.76543503,91587590.85779254,97147515.31428507,91896400.88903503,85140800.25446004,97856976.14656259,89297675.39043006,81106978.423005,96242881.09139504,84203576.04970257,100362176.06816755,99629496.82870257,96437684.78067753,92047554.01454256,85635488.48205003,87277945.16548005,98573866.44072251,89485385.70040256,90930858.14983502,87021646.57631,92896024.48257256,79032171.14998999,91522531.61629002,85777422.96180755,101739447.45086254,83548687.30180255,90510372.28702503,88931441.00349253,94562823.70756754,101286851.39565507
2019-04-17,107021274.13423252,99270603.7885775,83738159.00414005,90635428.64610253,83073225.63266504,82104675.04416005,87356196.95590256,94189763.60648005,89385720.5715175,94460852.565045,83743731.1322025,86675064.05389003,85465810.50034003,87245113.42171004,84993398.47406754,88095892.99198005,83033502.17329252,93718676.18732505,94249086.76319002,92067325.70971505,80212796.66771506,79176797.76543503,91587590.85779254,97147515.31428507,91896400.88903503,85140800.25446004,97856976.14656259,89297675.39043006,81106978.423005,96242881.09139504,84203576.04970257,100362176.06816755,99629496.82870257,96437684.78067753,92047554.01454256,85635488.48205003,87277945.16548005,98573866.44072251,89485385.70040256,90930858.14983502,87021646.57631,92896024.48257256,79032171.14998999,91522531.61629002,85777422.96180755,101739447.45086254,83548687.30180255,90510372.28702503,88931441.00349253,94562823.70756754,101286851.39565507
2019-04-18,107021274.13423252,99270603.7885775,83738159.00414005,90635428.64610253,83073225.63266504,82104675.04416005,87356196.95590256,94189763.60648005,89385720.5715175,94460852.565045,83743731.1322025,86675064.05389003,85465810.50034003,87245113.42171004,84993398.47406754,88095892.99198005,83033502.17329252,93718676.18732505,94249086.76319002,92067325.70971505,80212796.66771506,79176797.76543503,91587590.85779254,97147515.31428507,91896400.88903503,85140800.25446004,97856976.14656259,89297675.39043006,81106978.423005,96242881.09139504,84203576.04970257,100362176.06816755,99629496.82870257,96437684.78067753,92047554.01454256,85635488.48205003,87277945.16548005,98573866.44072251,89485385.70040256,90930858.14983502,87021646.57631,92896024.48257256,79032171.14998999,91522531.61629002,85777422.96180755,101739447.45086254,83548687.30180255,90510372.28702503,88931441.00349253,94562823.70756754,101286851.39565507
2019-04-19,107021274.13423252,99270603.7885775,83738159.00414005,90635428.64610253,83073225.63266504,82104675.04416005,87356196.95590256,94189763.60648005,89385720.5715175,94460852.565045,83743731.1322025,86675064.05389003,85465810.50034003,87245113.42171004,84993398.47406754,88095892.99198005,83033502.17329252,93718676.18732505,94249086.76319002,92067325.70971505,80212796.66771506,79176797.76543503,91587590.85779254,97147515.31428507,91896400.88903503,85140800.25446004,97856976.14656259,89297675.39043006,81106978.423005,96242881.09139504,84203576.04970257,100362176.06816755,99629496.82870257,96437684.78067753,92047554.01454256,85635488.48205003,87277945.16548005,98573866.44072251,89485385.70040256,90930858.14983502,87021646.57631,92896024.48257256,79032171.14998999,91522531.61629002,85777422.96180755,101739447.45086254,83548687.30180255,90510372.28702503,88931441.00349253,94562823.70756754,101286851.39565507
2019-04-22,107021274.13423252,99270603.7885775,83738159.00414005,90635428.64610253,83073225.63266504,82104675.04416005,87356196.95590256,94189763.60648005,89385720.5715175,94460852.565045,83743731.1322025,86675064.05389003,85465810.50034003,87245113.42171004,84993398.47406754,88095892.99198005,83033502.17329252,93718676.18732505,94249086.76319002,92067325.70971505,80212796.66771506,79176797.76543503,91587590.85779254,97147515.31428507,91896400.88903503,85140800.25446004,97856976.14656259,89297675.39043006,81106978.423005,96242881.09139504,84203576.04970257,100362176.06816755,99629496.82870257,96437684.78067753,92047554.01454256,85635488.48205003,87277945.16548005,98573866.44072251,89485385.70040256,90930858.14983502,87021646.57631,92896024.48257256,79032171.14998999,91522531.61629002,85777422.96180755,101739447.45086254,83548687.30180255,90510372.28702503,88931441.00349253,94562823.70756754,101286851.39565507
2019-04-23,107021274.13423252,99270603.7885775,83738159.00414005,90635428.64610253,83073225.63266504,82104675.04416005,87356196.95590256,94189763.60648005,89385720.5715175,94460852.565045,83743731.1322025,86675064.05389003,85465810.50034003,87245113.42171004,84993398.47406754,88095892.99198005,83033502.17329252,93718676.18732505,94249086.76319002,92067325.70971505,80212796.66771506,79176797.76543503,91587590.85779254,97147515.31428507,91896400.88903503,85140800.25446004,97856976.14656259,89297675.39043006,81106978.423005,96242881.09139504,84203576.04970257,100362176.06816755,99629496.82870257,96437684.78067753,92047554.01454256,85635488.48205003,87277945.16548005,98573866.44072251,89485385.70040256,90930858.14983502,87021646.57631,92896024.48257256,79032171.14998999,91522531.61629002,85777422.96180755,101739447.45086254,83548687.30180255,90510372.28702503,88931441.00349253,94562823.70756754,101286851.39565507
2019-04-24,107021274.13423252,99270603.7885775,83738159.00414005,90635428.64610253,83073225.63266504,82104675.04416005,87356196.95590256,94189763.60648005,89385720.5715175,94460852.565045,83743731.1322025,86675064.05389003,85465810.50034003,87245113.42171004,84993398.47406754,88095892.99198005,83033502.17329252,93718676.18732505,94249086.76319002,92067325.70971505,80212796.66771506,79176797.76543503,91587590.85779254,97147515.31428507,91896400.88903503,85140800.25446004,97856976.14656259,89297675.39043006,81106978.423005,96242881.09139504,84203576.04970257,100362176.06816755,99629496.82870257,96437684.78067753,92047554.01454256,85635488.48205003,87277945.16548005,98573866.44072251,89485385.70040256,90930858.14983502,87021646.57631,92896024.48257256,79032171.14998999,91522531.61629002,85777422.96180755,101739447.45086254,83548687.30180255,90510372.28702503,88931441.00349253,94562823.70756754,101286851.39565507
2019-04-25,107021274.13423252,99270603.7885775,83738159.00414005,90635428.64610253,83073225.63266504,82104675.04416005,87356196.95590256,94189763.60648005,89385720.5715175,94460852.565045,83743731.1322025,86675064.05389003,85465810.50034003,87245113.42171004,84993398.47406754,88095892.99198005,83033502.17329252,93718676.18732505,94249086.76319002,92067325.70971505,80212796.66771506,79176797.76543503,91587590.85779254,97147515.31428507,91896400.88903503,85140800.25446004,97856976.14656259,89297675.39043006,81106978.423005,96242881.09139504,84203576.04970257,100362176.06816755,99629496.82870257,96437684.78067753,92047554.01454256,85635488.48205003,87277945.16548005,98573866.44072251,89485385.70040256,90930858.14983502,87021646.57631,92896024.48257256,79032171.14998999,91522531.61629002,85777422.96180755,101739447.45086254,83548687.30180255,90510372.28702503,88931441.00349253,94562823.70756754,101286851.39565507
2019-04-26,107021274.13423252,99270603.7885775,83738159.00414005,90635428.64610253,83073225.63266504,82104675.04416005,87356196.95590256,94189763.60648005,89385720.5715175,94460852.565045,83743731.1322025,86675064.05389003,85465810.50034003,87245113.42171004,84993398.47406754,88095892.99198005,83033502.17329252,93718676.18732505,94249086.76319002,92067325.70971505,80212796.66771506,79176797.76543503,91587590.85779254,97147515.31428507,91896400.88903503,85140800.25446004,97856976.14656259,89297675.39043006,81106978.423005,96242881.09139504,84203576.04970257,100362176.06816755,99629496.82870257,96437684.78067753,92047554.01454256,85635488.48205003,87277945.16548005,98573866.44072251,89485385.70040256,90930858.14983502,87021646.57631,92896024.48257256,79032171.14998999,91522531.61629002,85777422.96180755,101739447.45086254,83548687.30180255,90510372.28702503,88931441.00349253,94562823.70756754,101286851.39565507
2019-05-02,107021274.13423252,99270603.7885775,83738159.00414005,90635428.64610253,83073225.63266504,82104675.04416005,87356196.95590256,94189763.60648005,89385720.5715175,94460852.565045,83743731.1322025,86675064.05389003,85465810.50034003,87245113.42171004,84993398.47406754,88095892.99198005,83033502.17329252,93718676.18732505,94249086.76319002,92067325.70971505,80212796.66771506,79176797.76543503,91587590.85779254,97147515.31428507,91896400.88903503,85140800.25446004,97856976.14656259,89297675.39043006,81106978.423005,96242881.09139504,84203576.04970257,100362176.06816755,99629496.82870257,96437684.78067753,92047554.01454256,85635488.48205003,87277945.16548005,98573866.44072251,89485385.70040256,90930858.14983502,87021646.57631,92896024.48257256,79032171.14998999,91522531.61629002,85777422.96180755,101739447.45086254,83548687.30180255,90510372.28702503,88931441.00349253,94562823.70756754,101286851.39565507
2019-05-03,107021274.13423252,99270603.7885775,83738159.00414005,90635428.64610253,83073225.63266504,82104675.04416005,87356196.95590256,94189763.60648005,89385720.5715175,94460852.565045,83743731.1322025,86675064.05389003,85465810.50034003,87245113.42171004,84993398.47406754,88095892.99198005,83033502.17329252,93718676.18732505,94249086.76319002,92067325.70971505,80212796.66771506,79176797.76543503,91587590.85779254,97147515.31428507,91896400.88903503,85140800.25446004,97856976.14656259,89297675.39043006,81106978.423005,96242881.09139504,84203576.04970257,100362176.06816755,99629496.82870257,96437684.78067753,92047554.01454256,85635488.48205003,87277945.16548005,98573866.44072251,89485385.70040256,90930858.14983502,87021646.57631,92896024.48257256,79032171.14998999,91522531.61629002,85777422.96180755,101739447.45086254,83548687.30180255,90510372.28702503,88931441.00349253,94562823.70756754,101286851.39565507
2019-05-06,107021274.13423252,99270603.7885775,83738159.00414005,90635428.64610253,83073225.63266504,82104675.04416005,87356196.95590256,94189763.60648005,89385720.5715175,94460852.565045,83743731.1322025,86675064.05389003,85465810.50034003,87245113.42171004,84993398.47406754,88095892.99198005,83033502.17329252,93718676.18732505,94249086.76319002,92067325.70971505,80212796.66771506,79176797.76543503,91587590.85779254,97147515.31428507,91896400.88903503,85140800.25446004,97856976.14656259,89297675.39043006,81106978.423005,96242881.09139504,84203576.04970257,100362176.06816755,99629496.82870257,96437684.78067753,92047554.01454256,85635488.48205003,87277945.16548005,98573866.44072251,89485385.70040256,90930858.14983502,87021646.57631,92896024.48257256,79032171.14998999,91522531.61629002,85777422.96180755,101739447.45086254,83548687.30180255,90510372.28702503,88931441.00349253,94562823.70756754,101286851.39565507
2019-05-07,107021274.13423252,99270603.7885775,83738159.00414005,90635428.64610253,83073225.63266504,82104675.04416005,87356196.95590256,94189763.60648005,89385720.5715175,94460852.565045,83743731.1322025,86675064.05389003,85465810.50034003,87245113.42171004,84993398.47406754,88095892.99198005,83033502.17329252,93718676.18732505,94249086.76319002,92067325.70971505,80212796.66771506,79176797.76543503,91587590.85779254,97147515.31428507,91896400.88903503,85140800.25446004,97856976.14656259,89297675.39043006,81106978.423005,96242881.09139504,84203576.04970257,100362176.06816755,99629496.82870257,96437684.78067753,92047554.01454256,85635488.48205003,87277945.16548005,98573866.44072251,89485385.70040256,90930858.14983502,87021646.57631,92896024.48257256,79032171.14998999,91522531.61629002,85777422.96180755,101739447.45086254,83548687.30180255,90510372.28702503,88931441.00349253,94562823.70756754,101286851.39565507
2019-05-08,107021274.13423252,99270603.7885775,83738159.00414005,90635428.64610253,83073225.63266504,82104675.04416005,87356196.95590256,94189763.60648005,89385720.5715175,94460852.565045,83743731.1322025,86675064.05389003,85465810.50034003,87245113.42171004,84993398.47406754,88095892.99198005,83033502.17329252,93718676.18732505,94249086.76319002,92067325.70971505,80212796.66771506,79176797.76543503,91587590.85779254,97147515.31428507,91896400.88903503,85140800.25446004,97856976.14656259,89297675.39043006,81106978.423005,96242881.09139504,84203576.04970257,100362176.06816755,99629496.82870257,96437684.78067753,92047554.01454256,85635488.48205003,87277945.16548005,98573866.44072251,89485385.70040256,90930858.14983502,87021646.57631,92896024.48257256,79032171.14998999,91522531.61629002,85777422.96180755,101739447.45086254,83548687.30180255,90510372.28702503,88931441.00349253,94562823.70756754,101286851.39565507
2019-05-09,107021274.13423252,99270603.7885775,83738159.00414005,90635428.64610253,83073225.63266504,82104675.04416005,87356196.95590256,94189763.60648005,89385720.5715175,94460852.565045,83743731.1322025,86675064.05389003,85465810.50034003,87245113.42171004,84993398.47406754,88095892.99198005,83033502.17329252,93718676.18732505,94249086.76319002,92067325.70971505,80212796.66771506,79176797.76543503,91587590.85779254,97147515.31428507,91896400.88903503,85140800.25446004,97856976.14656259,89297675.39043006,81106978.423005,96242881.09139504,84203576.04970257,100362176.06816755,99629496.82870257,96437684.78067753,92047554.01454256,85635488.48205003,87277945.16548005,98573866.44072251,89485385.70040256,90930858.14983502,87021646.57631,92896024.48257256,79032171.14998999,91522531.61629002,85777422.96180755,101739447.45086254,83548687.30180255,90510372.28702503,88931441.00349253,94562823.70756754,101286851.39565507
2019-05-10,107021274.13423252,99270603.7885775,83738159.00414005,90635428.64610253,83073225.63266504,82104675.04416005,87356196.95590256,94189763.60648005,89385720.5715175,94460852.565045,83743731.1322025,86675064.05389003,85465810.50034003,87245113.42171004,84993398.47406754,88095892.99198005,83033502.17329252,93718676.18732505,94249086.76319002,92067325.70971505,80212796.66771506,79176797.76543503,91587590.85779254,97147515.31428507,91896400.88903503,85140800.25446004,97856976.14656259,89297675.39043006,81106978.423005,96242881.09139504,84203576.04970257,100362176.06816755,99629496.82870257,96437684.78067753,92047554.01454256,85635488.48205003,87277945.16548005,98573866.44072251,89485385.70040256,90930858.14983502,87021646.57631,92896024.48257256,79032171.14998999,91522531.61629002,85777422.96180755,101739447.45086254,83548687.30180255,90510372.28702503,88931441.00349253,94562823.70756754,101286851.39565507
2019-05-13,107021274.13423252,99270603.7885775,83738159.00414005,90635428.64610253,83073225.63266504,82104675.04416005,87356196.95590256,94189763.60648005,89385720.5715175,94460852.565045,83743731.1322025,86675064.05389003,85465810.50034003,87245113.42171004,84993398.47406754,88095892.99198005,83033502.17329252,93718676.18732505,94249086.76319002,92067325.70971505,80212796.66771506,79176797.76543503,91587590.85779254,97147515.31428507,91896400.88903503,85140800.25446004,97856976.14656259,89297675.39043006,81106978.423005,96242881.09139504,84203576.04970257,100362176.06816755,99629496.82870257,96437684.78067753,92047554.01454256,85635488.48205003,87277945.16548005,98573866.44072251,89485385.70040256,90930858.14983502,87021646.57631,92896024.48257256,79032171.14998999,91522531.61629002,85777422.96180755,101739447.45086254,83548687.30180255,90510372.28702503,88931441.00349253,94562823.70756754,101286851.39565507
2019-05-14,107021274.13423252,99270603.7885775,83738159.00414005,90635428.64610253,83073225.63266504,82104675.04416005,87356196.95590256,94189763.60648005,89385720.5715175,94460852.565045,83743731.1322025,86675064.05389003,85465810.50034003,87245113.42171004,84993398.47406754,88095892.99198005,83033502.17329252,93718676.18732505,94249086.76319002,92067325.70971505,80212796.66771506,79176797.76543503,91587590.85779254,97147515.31428507,91896400.88903503,85140800.25446004,97856976.14656259,89297675.39043006,81106978.423005,96242881.09139504,84203576.04970257,100362176.06816755,99629496.82870257,96437684.78067753,92047554.01454256,85635488.48205003,87277945.16548005,98573866.44072251,89485385.70040256,90930858.14983502,87021646.57631,92896024.48257256,79032171.14998999,91522531.61629002,85777422.96180755,101739447.45086254,83548687.30180255,90510372.28702503,88931441.00349253,94562823.70756754,101286851.39565507
2019-05-15,107021274.13423252,99270603.7885775,83738159.00414005,90635428.64610253,83073225.63266504,82104675.04416005,87356196.95590256,94189763.60648005,89385720.5715175,94460852.565045,83743731.1322025,86675064.05389003,85465810.50034003,87245113.42171004,84993398.47406754,88095892.99198005,83033502.17329252,93718676.18732505,94249086.76319002,92067325.70971505,80212796.66771506,79176797.76543503,91587590.85779254,97147515.31428507,91896400.88903503,85140800.25446004,97856976.14656259,89297675.39043006,81106978.423005,96242881.09139504,84203576.04970257,100362176.06816755,99629496.82870257,96437684.78067753,92047554.01454256,85635488.48205003,87277945.16548005,98573866.44072251,89485385.70040256,90930858.14983502,87021646.57631,92896024.48257256,79032171.14998999,91522531.61629002,85777422.96180755,101739447.45086254,83548687.30180255,90510372.28702503,88931441.00349253,94562823.70756754,101286851.39565507
2019-05-16,107021274.13423252,99270603.7885775,83738159.00414005,90635428.64610253,83073225.63266504,82104675.04416005,87356196.95590256,94189763.60648005,89385720.5715175,94460852.565045,83743731.1322025,86675064.05389003,85465810.50034003,87245113.42171004,84993398.47406754,88095892.99198005,83033502.17329252,93718676.18732505,94249086.76319002,92067325.70971505,80212796.66771506,79176797.76543503,91587590.85779254,97147515.31428507,91896400.88903503,85140800.25446004,97856976.14656259,89297675.39043006,81106978.423005,96242881.09139504,84203576.04970257,100362176.06816755,99629496.82870257,96437684.78067753,92047554.01454256,85635488.48205003,87277945.16548005,98573866.44072251,89485385.70040256,90930858.14983502,87021646.57631,92896024.48257256,79032171.14998999,91522531.61629002,85777422.96180755,101739447.45086254,83548687.30180255,90510372.28702503,88931441.00349253,94562823.70756754,101286851.39565507
2019-05-17,107021274.13423252,99270603.7885775,83738159.00414005,90635428.64610253,83073225.63266504,82104675.04416005,87356196.95590256,94189763.60648005,89385720.5715175,94460852.565045,83743731.1322025,86675064.05389003,85465810.50034003,87245113.42171004,84993398.47406754,88095892.99198005,83033502.17329252,93718676.18732505,94249086.76319002,92067325.70971505,80212796.66771506,79176797.76543503,91587590.85779254,97147515.31428507,91896400.88903503,85140800.25446004,97856976.14656259,89297675.39043006,81106978.423005,96242881.09139504,84203576.04970257,100362176.06816755,99629496.82870257,96437684.78067753,92047554.01454256,85635488.48205003,87277945.16548005,98573866.44072251,89485385.70040256,90930858.14983502,87021646.57631,92896024.48257256,79032171.14998999,91522531.61629002,85777422.96180755,101739447.45086254,83548687.30180255,90510372.28702503,88931441.00349253,94562823.70756754,101286851.39565507
2019-05-20,107021274.13423252,99270603.7885775,83738159.00414005,90635428.64610253,83073225.63266504,82104675.04416005,87356196.95590256,94189763.60648005,89385720.5715175,94460852.565045,83743731.1322025,86675064.05389003,85465810.50034003,87245113.42171004,84993398.47406754,88095892.99198005,83033502.17329252,93718676.18732505,94249086.76319002,92067325.70971505,80212796.66771506,79176797.76543503,91587590.85779254,97147515.31428507,91896400.88903503,85140800.25446004,97856976.14656259,89297675.39043006,81106978.423005,96242881.09139504,84203576.04970257,100362176.06816755,99629496.82870257,96437684.78067753,92047554.01454256,85635488.48205003,87277945.16548005,98573866.44072251,89485385.70040256,90930858.14983502,87021646.57631,92896024.48257256,79032171.14998999,91522531.61629002,85777422.96180755,101739447.45086254,83548687.30180255,90510372.28702503,88931441.00349253,94562823.70756754,101286851.39565507
2019-05-21,107021274.13423252,99270603.7885775,83738159.00414005,90635428.64610253,83073225.63266504,82104675.04416005,87356196.95590256,94189763.60648005,89385720.5715175,94460852.565045,83743731.1322025,86675064.05389003,85465810.50034003,87245113.42171004,84993398.47406754,88095892.99198005,83033502.17329252,93718676.18732505,94249086.76319002,92067325.70971505,80212796.66771506,79176797.76543503,91587590.85779254,97147515.31428507,91896400.88903503,85140800.25446004,97856976.14656259,89297675.39043006,81106978.423005,96242881.09139504,84203576.04970257,100362176.06816755,99629496.82870257,96437684.78067753,92047554.01454256,85635488.48205003,87277945.16548005,98573866.44072251,89485385.70040256,90930858.14983502,87021646.57631,92896024.48257256,79032171.14998999,91522531.61629002,85777422.96180755,101739447.45086254,83548687.30180255,90510372.28702503,88931441.00349253,94562823.70756754,101286851.39565507
2019-05-22,107021274.13423252,99270603.7885775,83738159.00414005,90635428.64610253,83073225.63266504,82104675.04416005,87356196.95590256,94189763.60648005,89385720.5715175,94460852.565045,83743731.1322025,86675064.05389003,85465810.50034003,87245113.42171004,84993398.47406754,88095892.99198005,83033502.17329252,93718676.18732505,94249086.76319002,92067325.70971505,80212796.66771506,79176797.76543503,91587590.85779254,97147515.31428507,91896400.88903503,85140800.25446004,97856976.14656259,89297675.39043006,81106978.423005,96242881.09139504,84203576.04970257,100362176.06816755,99629496.82870257,96437684.78067753,92047554.01454256,85635488.48205003,87277945.16548005,98573866.44072251,89485385.70040256,90930858.14983502,87021646.57631,92896024.48257256,79032171.14998999,91522531.61629002,85777422.96180755,101739447.45086254,83548687.30180255,90510372.28702503,88931441.00349253,94562823.70756754,101286851.39565507
2019-05-23,107021274.13423252,99270603.7885775,83738159.00414005,90635428.64610253,83073225.63266504,82104675.04416005,87356196.95590256,94189763.60648005,89385720.5715175,94460852.565045,83743731.1322025,86675064.05389003,85465810.50034003,87245113.42171004,84993398.47406754,88095892.99198005,83033502.17329252,93718676.18732505,94249086.76319002,92067325.70971505,80212796.66771506,79176797.76543503,91587590.85779254,97147515.31428507,91896400.88903503,85140800.25446004,97856976.14656259,89297675.39043006,81106978.423005,96242881.09139504,84203576.04970257,100362176.06816755,99629496.82870257,96437684.78067753,92047554.01454256,85635488.48205003,87277945.16548005,98573866.44072251,89485385.70040256,90930858.14983502,87021646.57631,92896024.48257256,79032171.14998999,91522531.61629002,85777422.96180755,101739447.45086254,83548687.30180255,90510372.28702503,88931441.00349253,94562823.70756754,101286851.39565507
2019-05-24,107021274.13423252,99270603.7885775,83738159.00414005,90635428.64610253,83073225.63266504,82104675.04416005,87356196.95590256,94189763.60648005,89385720.5715175,94460852.565045,83743731.1322025,86675064.05389003,85465810.50034003,87245113.42171004,84993398.47406754,88095892.99198005,83033502.17329252,93718676.18732505,94249086.76319002,92067325.70971505,80212796.66771506,79176797.76543503,91587590.85779254,97147515.31428507,91896400.88903503,85140800.25446004,97856976.14656259,89297675.39043006,81106978.423005,96242881.09139504,84203576.04970257,100362176.06816755,99629496.82870257,96437684.78067753,92047554.01454256,85635488.48205003,87277945.16548005,98573866.44072251,89485385.70040256,90930858.14983502,87021646.57631,92896024.48257256,79032171.14998999,91522531.61629002,85777422.96180755,101739447.45086254,83548687.30180255,90510372.28702503,88931441.00349253,94562823.70756754,101286851.39565507
2019-05-27,107021274.13423252,99270603.7885775,83738159.00414005,90635428.64610253,83073225.63266504,82104675.04416005,87356196.95590256,94189763.60648005,89385720.5715175,94460852.565045,83743731.1322025,86675064.05389003,85465810.50034003,87245113.42171004,84993398.47406754,88095892.99198005,83033502.17329252,93718676.18732505,94249086.76319002,92067325.70971505,80212796.66771506,79176797.76543503,91587590.85779254,97147515.31428507,91896400.88903503,85140800.25446004,97856976.14656259,89297675.39043006,81106978.423005,96242881.09139504,84203576.04970257,100362176.06816755,99629496.82870257,96437684.78067753,92047554.01454256,85635488.48205003,87277945.16548005,98573866.44072251,89485385.70040256,90930858.14983502,87021646.57631,92896024.48257256,79032171.14998999,91522531.61629002,85777422.96180755,101739447.45086254,83548687.30180255,90510372.28702503,88931441.00349253,94562823.70756754,101286851.39565507
2019-05-28,107021274.13423252,99270603.7885775,83738159.00414005,90635428.64610253,83073225.63266504,82104675.04416005,87356196.95590256,94189763.60648005,89385720.5715175,94460852.565045,83743731.1322025,86675064.05389003,85465810.50034003,87245113.42171004,84993398.47406754,88095892.99198005,83033502.17329252,93718676.18732505,94249086.76319002,92067325.70971505,80212796.66771506,79176797.76543503,91587590.85779254,97147515.31428507,91896400.88903503,85140800.25446004,97856976.14656259,89297675.39043006,81106978.423005,96242881.09139504,84203576.04970257,100362176.06816755,99629496.82870257,96437684.78067753,92047554.01454256,85635488.48205003,87277945.16548005,98573866.44072251,89485385.70040256,90930858.14983502,87021646.57631,92896024.48257256,79032171.14998999,91522531.61629002,85777422.96180755,101739447.45086254,83548687.30180255,90510372.28702503,88931441.00349253,94562823.70756754,101286851.39565507
2019-05-29,107021274.13423252,99270603.7885775,83738159.00414005,90635428.64610253,83073225.63266504,82104675.04416005,87356196.95590256,94189763.60648005,89385720.5715175,94460852.565045,83743731.1322025,86675064.05389003,85465810.50034003,87245113.42171004,84993398.47406754,88095892.99198005,83033502.17329252,93718676.18732505,94249086.76319002,92067325.70971505,80212796.66771506,79176797.76543503,91587590.85779254,97147515.31428507,91896400.88903503,85140800.25446004,97856976.14656259,89297675.39043006,81106978.423005,96242881.09139504,84203576.04970257,100362176.06816755,99629496.82870257,96437684.78067753,92047554.01454256,85635488.48205003,87277945.16548005,98573866.44072251,89485385.70040256,90930858.14983502,87021646.57631,92896024.48257256,79032171.14998999,91522531.61629002,85777422.96180755,101739447.45086254,83548687.30180255,90510372.28702503,88931441.00349253,94562823.70756754,101286851.39565507
2019-05-30,107021274.13423252,99270603.7885775,83738159.00414005,90635428.64610253,83073225.63266504,82104675.04416005,87356196.95590256,94189763.60648005,89385720.5715175,94460852.565045,83743731.1322025,86675064.05389003,85465810.50034003,87245113.42171004,84993398.47406754,88095892.99198005,83033502.17329252,93718676.18732505,94249086.76319002,92067325.70971505,80212796.66771506,79176797.76543503,91587590.85779254,97147515.31428507,91896400.88903503,85140800.25446004,97856976.14656259,89297675.39043006,81106978.423005,96242881.09139504,84203576.04970257,100362176.06816755,99629496.82870257,96437684.78067753,92047554.01454256,85635488.48205003,87277945.16548005,98573866.44072251,89485385.70040256,90930858.14983502,87021646.57631,92896024.48257256,79032171.14998999,91522531.61629002,85777422.96180755,101739447.45086254,83548687.30180255,90510372.28702503,88931441.00349253,94562823.70756754,101286851.39565507
2019-05-31,107021274.13423252,99270603.7885775,83738159.00414005,90635428.64610253,83073225.63266504,82104675.04416005,87356196.95590256,94189763.60648005,89385720.5715175,94460852.565045,83743731.1322025,86675064.05389003,85465810.50034003,87245113.42171004,84993398.47406754,88095892.99198005,83033502.17329252,93718676.18732505,94249086.76319002,92067325.70971505,80212796.66771506,79176797.76543503,91587590.85779254,97147515.31428507,91896400.88903503,85140800.25446004,97856976.14656259,89297675.39043006,81106978.423005,96242881.09139504,84203576.04970257,100362176.06816755,99629496.82870257,96437684.78067753,92047554.01454256,85635488.48205003,87277945.16548005,98573866.44072251,89485385.70040256,90930858.14983502,87021646.57631,92896024.48257256,79032171.14998999,91522531.61629002,85777422.96180755,101739447.45086254,83548687.30180255,90510372.28702503,88931441.00349253,94562823.70756754,101286851.39565507
2019-06-03,107021274.13423252,99270603.7885775,83738159.00414005,90635428.64610253,83073225.63266504,82104675.04416005,87356196.95590256,94189763.60648005,89385720.5715175,94460852.565045,83743731.1322025,86675064.05389003,85465810.50034003,87245113.42171004,84993398.47406754,88095892.99198005,83033502.17329252,93718676.18732505,94249086.76319002,92067325.70971505,80212796.66771506,79176797.76543503,91587590.85779254,97147515.31428507,91896400.88903503,85140800.25446004,97856976.14656259,89297675.39043006,81106978.423005,96242881.09139504,84203576.04970257,100362176.06816755,99629496.82870257,96437684.78067753,92047554.01454256,85635488.48205003,87277945.16548005,98573866.44072251,89485385.70040256,90930858.14983502,87021646.57631,92896024.48257256,79032171.14998999,91522531.61629002,85777422.96180755,101739447.45086254,83548687.30180255,90510372.28702503,88931441.00349253,94562823.70756754,101286851.39565507
2019-06-04,107021274.13423252,99270603.7885775,83738159.00414005,90635428.64610253,83073225.63266504,82104675.04416005,87356196.95590256,94189763.60648005,89385720.5715175,94460852.565045,83743731.1322025,86675064.05389003,85465810.50034003,87245113.42171004,84993398.47406754,88095892.99198005,83033502.17329252,93718676.18732505,94249086.76319002,92067325.70971505,80212796.66771506,79176797.76543503,91587590.85779254,97147515.31428507,91896400.88903503,85140800.25446004,97856976.14656259,89297675.39043006,81106978.423005,96242881.09139504,84203576.04970257,100362176.06816755,99629496.82870257,96437684.78067753,92047554.01454256,85635488.48205003,87277945.16548005,98573866.44072251,89485385.70040256,90930858.14983502,87021646.57631,92896024.48257256,79032171.14998999,91522531.61629002,85777422.96180755,101739447.45086254,83548687.30180255,90510372.28702503,88931441.00349253,94562823.70756754,101286851.39565507
2019-06-05,107021274.13423252,99270603.7885775,83738159.00414005,90635428.64610253,83073225.63266504,82104675.04416005,87356196.95590256,94189763.60648005,89385720.5715175,94460852.565045,83743731.1322025,86675064.05389003,85465810.50034003,87245113.42171004,84993398.47406754,88095892.99198005,83033502.17329252,93718676.18732505,94249086.76319002,92067325.70971505,80212796.66771506,79176797.76543503,91587590.85779254,97147515.31428507,91896400.88903503,85140800.25446004,97856976.14656259,89297675.39043006,81106978.423005,96242881.09139504,84203576.04970257,100362176.06816755,99629496.82870257,96437684.78067753,92047554.01454256,85635488.48205003,87277945.16548005,98573866.44072251,89485385.70040256,90930858.14983502,87021646.57631,92896024.48257256,79032171.14998999,91522531.61629002,85777422.96180755,101739447.45086254,83548687.30180255,90510372.28702503,88931441.00349253,94562823.70756754,101286851.39565507
2019-06-06,107021274.13423252,99270603.7885775,83738159.00414005,90635428.64610253,83073225.63266504,82104675.04416005,87356196.95590256,94189763.60648005,89385720.5715175,94460852.565045,83743731.1322025,86675064.05389003,85465810.50034003,87245113.42171004,84993398.47406754,88095892.99198005,83033502.17329252,93718676.18732505,94249086.76319002,92067325.70971505,80212796.66771506,79176797.76543503,91587590.85779254,97147515.31428507,91896400.88903503,85140800.25446004,97856976.14656259,89297675.39043006,81106978.423005,96242881.09139504,84203576.04970257,100362176.06816755,99629496.82870257,96437684.78067753,92047554.01454256,85635488.48205003,87277945.16548005,98573866.44072251,89485385.70040256,90930858.14983502,87021646.57631,92896024.48257256,79032171.14998999,91522531.61629002,85777422.96180755,101739447.45086254,83548687.30180255,90510372.28702503,88931441.00349253,94562823.70756754,101286851.39565507
2019-06-07,107021274.13423252,99270603.7885775,83738159.00414005,90635428.64610253,83073225.63266504,82104675.04416005,87356196.95590256,94189763.60648005,89385720.5715175,94460852.565045,83743731.1322025,86675064.05389003,85465810.50034003,87245113.42171004,84993398.47406754,88095892.99198005,83033502.17329252,93718676.18732505,94249086.76319002,92067325.70971505,80212796.66771506,79176797.76543503,91587590.85779254,97147515.31428507,91896400.88903503,85140800.25446004,97856976.14656259,89297675.39043006,81106978.423005,96242881.09139504,84203576.04970257,100362176.06816755,99629496.82870257,96437684.78067753,92047554.01454256,85635488.48205003,87277945.16548005,98573866.44072251,89485385.70040256,90930858.14983502,87021646.57631,92896024.48257256,79032171.14998999,91522531.61629002,85777422.96180755,101739447.45086254,83548687.30180255,90510372.28702503,88931441.00349253,94562823.70756754,101286851.39565507
2019-06-10,107021274.13423252,99270603.7885775,83738159.00414005,90635428.64610253,83073225.63266504,82104675.04416005,87356196.95590256,94189763.60648005,89385720.5715175,94460852.565045,83743731.1322025,86675064.05389003,85465810.50034003,87245113.42171004,84993398.47406754,88095892.99198005,83033502.17329252,93718676.18732505,94249086.76319002,92067325.70971505,80212796.66771506,79176797.76543503,91587590.85779254,97147515.31428507,91896400.88903503,85140800.25446004,97856976.14656259,89297675.39043006,81106978.423005,96242881.09139504,84203576.04970257,100362176.06816755,99629496.82870257,96437684.78067753,92047554.01454256,85635488.48205003,87277945.16548005,98573866.44072251,89485385.70040256,90930858.14983502,87021646.57631,92896024.48257256,79032171.14998999,91522531.61629002,85777422.96180755,101739447.45086254,83548687.30180255,90510372.28702503,88931441.00349253,94562823.70756754,101286851.39565507
2019-06-11,107021274.13423252,99270603.7885775,83738159.00414005,90635428.64610253,83073225.63266504,82104675.04416005,87356196.95590256,94189763.60648005,89385720.5715175,94460852.565045,83743731.1322025,86675064.05389003,85465810.50034003,87245113.42171004,84993398.47406754,88095892.99198005,83033502.17329252,93718676.18732505,94249086.76319002,92067325.70971505,80212796.66771506,79176797.76543503,91587590.85779254,97147515.31428507,91896400.88903503,85140800.25446004,97856976.14656259,89297675.39043006,81106978.423005,96242881.09139504,84203576.04970257,100362176.06816755,99629496.82870257,96437684.78067753,92047554.01454256,85635488.48205003,87277945.16548005,98573866.44072251,89485385.70040256,90930858.14983502,87021646.57631,92896024.48257256,79032171.14998999,91522531.61629002,85777422.96180755,101739447.45086254,83548687.30180255,90510372.28702503,88931441.00349253,94562823.70756754,101286851.39565507
2019-06-12,107021274.13423252,99270603.7885775,83738159.00414005,90635428.64610253,83073225.63266504,82104675.04416005,87356196.95590256,94189763.60648005,89385720.5715175,94460852.565045,83743731.1322025,86675064.05389003,85465810.50034003,87245113.42171004,84993398.47406754,88095892.99198005,83033502.17329252,93718676.18732505,94249086.76319002,92067325.70971505,80212796.66771506,79176797.76543503,91587590.85779254,97147515.31428507,91896400.88903503,85140800.25446004,97856976.14656259,89297675.39043006,81106978.423005,96242881.09139504,84203576.04970257,100362176.06816755,99629496.82870257,96437684.78067753,92047554.01454256,85635488.48205003,87277945.16548005,98573866.44072251,89485385.70040256,90930858.14983502,87021646.57631,92896024.48257256,79032171.14998999,91522531.61629002,85777422.96180755,101739447.45086254,83548687.30180255,90510372.28702503,88931441.00349253,94562823.70756754,101286851.39565507
2019-06-13,107021274.13423252,99270603.7885775,83738159.00414005,90635428.64610253,83073225.63266504,82104675.04416005,87356196.95590256,94189763.60648005,89385720.5715175,94460852.565045,83743731.1322025,86675064.05389003,85465810.50034003,87245113.42171004,84993398.47406754,88095892.99198005,83033502.17329252,93718676.18732505,94249086.76319002,92067325.70971505,80212796.66771506,79176797.76543503,91587590.85779254,97147515.31428507,91896400.88903503,85140800.25446004,97856976.14656259,89297675.39043006,81106978.423005,96242881.09139504,84203576.04970257,100362176.06816755,99629496.82870257,96437684.78067753,92047554.01454256,85635488.48205003,87277945.16548005,98573866.44072251,89485385.70040256,90930858.14983502,87021646.57631,92896024.48257256,79032171.14998999,91522531.61629002,85777422.96180755,101739447.45086254,83548687.30180255,90510372.28702503,88931441.00349253,94562823.70756754,101286851.39565507
2019-06-14,107021274.13423252,99270603.7885775,83738159.00414005,90635428.64610253,83073225.63266504,82104675.04416005,87356196.95590256,94189763.60648005,89385720.5715175,94460852.565045,83743731.1322025,86675064.05389003,85465810.50034003,87245113.42171004,84993398.47406754,88095892.99198005,83033502.17329252,93718676.18732505,94249086.76319002,92067325.70971505,80212796.66771506,79176797.76543503,91587590.85779254,97147515.31428507,91896400.88903503,85140800.25446004,97856976.14656259,89297675.39043006,81106978.423005,96242881.09139504,84203576.04970257,100362176.06816755,99629496.82870257,96437684.78067753,92047554.01454256,85635488.48205003,87277945.16548005,98573866.44072251,89485385.70040256,90930858.14983502,87021646.57631,92896024.48257256,79032171.14998999,91522531.61629002,85777422.96180755,101739447.45086254,83548687.30180255,90510372.28702503,88931441.00349253,94562823.70756754,101286851.39565507
2019-06-17,107021274.13423252,99270603.7885775,83738159.00414005,90635428.64610253,83073225.63266504,82104675.04416005,87356196.95590256,94189763.60648005,89385720.5715175,94460852.565045,83743731.1322025,86675064.05389003,85465810.50034003,87245113.42171004,84993398.47406754,88095892.99198005,83033502.17329252,93718676.18732505,94249086.76319002,92067325.70971505,80212796.66771506,79176797.76543503,91587590.85779254,97147515.31428507,91896400.88903503,85140800.25446004,97856976.14656259,89297675.39043006,81106978.423005,96242881.09139504,84203576.04970257,100362176.06816755,99629496.82870257,96437684.78067753,92047554.01454256,85635488.48205003,87277945.16548005,98573866.44072251,89485385.70040256,90930858.14983502,87021646.57631,92896024.48257256,79032171.14998999,91522531.61629002,85777422.96180755,101739447.45086254,83548687.30180255,90510372.28702503,88931441.00349253,94562823.70756754,101286851.39565507
2019-06-18,107021274.13423252,99270603.7885775,83738159.00414005,90635428.64610253,83073225.63266504,82104675.04416005,87356196.95590256,94189763.60648005,89385720.5715175,94460852.565045,83743731.1322025,86675064.05389003,85465810.50034003,87245113.42171004,84993398.47406754,88095892.99198005,83033502.17329252,93718676.18732505,94249086.76319002,92067325.70971505,80212796.66771506,79176797.76543503,91587590.85779254,97147515.31428507,91896400.88903503,85140800.25446004,97856976.14656259,89297675.39043006,81106978.423005,96242881.09139504,84203576.04970257,100362176.06816755,99629496.82870257,96437684.78067753,92047554.01454256,85635488.48205003,87277945.16548005,98573866.44072251,89485385.70040256,90930858.14983502,87021646.57631,92896024.48257256,79032171.14998999,91522531.61629002,85777422.96180755,101739447.45086254,83548687.30180255,90510372.28702503,88931441.00349253,94562823.70756754,101286851.39565507
2019-06-19,107021274.13423252,99270603.7885775,83738159.00414005,90635428.64610253,83073225.63266504,82104675.04416005,87356196.95590256,94189763.60648005,89385720.5715175,94460852.565045,83743731.1322025,86675064.05389003,85465810.50034003,87245113.42171004,84993398.47406754,88095892.99198005,83033502.17329252,93718676.18732505,94249086.76319002,92067325.70971505,80212796.66771506,79176797.76543503,91587590.85779254,97147515.31428507,91896400.88903503,85140800.25446004,97856976.14656259,89297675.39043006,81106978.423005,96242881.09139504,84203576.04970257,100362176.06816755,99629496.82870257,96437684.78067753,92047554.01454256,85635488.48205003,87277945.16548005,98573866.44072251,89485385.70040256,90930858.14983502,87021646.57631,92896024.48257256,79032171.14998999,91522531.61629002,85777422.96180755,101739447.45086254,83548687.30180255,90510372.28702503,88931441.00349253,94562823.70756754,101286851.39565507
2019-06-20,107021274.13423252,99270603.7885775,83738159.00414005,90635428.64610253,83073225.63266504,82104675.04416005,87356196.95590256,94189763.60648005,89385720.5715175,94460852.565045,83743731.1322025,86675064.05389003,85465810.50034003,87245113.42171004,84993398.47406754,88095892.99198005,83033502.17329252,93718676.18732505,94249086.76319002,92067325.70971505,80212796.66771506,79176797.76543503,91587590.85779254,97147515.31428507,91896400.88903503,85140800.25446004,97856976.14656259,89297675.39043006,81106978.423005,96242881.09139504,84203576.04970257,100362176.06816755,99629496.82870257,96437684.78067753,92047554.01454256,85635488.48205003,87277945.16548005,98573866.44072251,89485385.70040256,90930858.14983502,87021646.57631,92896024.48257256,79032171.14998999,91522531.61629002,85777422.96180755,101739447.45086254,83548687.30180255,90510372.28702503,88931441.00349253,94562823.70756754,101286851.39565507
2019-06-21,107021274.13423252,99270603.7885775,83738159.00414005,90635428.64610253,83073225.63266504,82104675.04416005,87356196.95590256,94189763.60648005,89385720.5715175,94460852.565045,83743731.1322025,86675064.05389003,85465810.50034003,87245113.42171004,84993398.47406754,88095892.99198005,83033502.17329252,93718676.18732505,94249086.76319002,92067325.70971505,80212796.66771506,79176797.76543503,91587590.85779254,97147515.31428507,91896400.88903503,85140800.25446004,97856976.14656259,89297675.39043006,81106978.423005,96242881.09139504,84203576.04970257,100362176.06816755,99629496.82870257,96437684.78067753,92047554.01454256,85635488.48205003,87277945.16548005,98573866.44072251,89485385.70040256,90930858.14983502,87021646.57631,92896024.48257256,79032171.14998999,91522531.61629002,85777422.96180755,101739447.45086254,83548687.30180255,90510372.28702503,88931441.00349253,94562823.70756754,101286851.39565507
2019-06-24,107021274.13423252,99270603.7885775,83738159.00414005,90635428.64610253,83073225.63266504,82104675.04416005,87356196.95590256,94189763.60648005,89385720.5715175,94460852.565045,83743731.1322025,86675064.05389003,85465810.50034003,87245113.42171004,84993398.47406754,88095892.99198005,83033502.17329252,93718676.18732505,94249086.76319002,92067325.70971505,80212796.66771506,79176797.76543503,91587590.85779254,97147515.31428507,91896400.88903503,85140800.25446004,97856976.14656259,89297675.39043006,81106978.423005,96242881.09139504,84203576.04970257,100362176.06816755,99629496.82870257,96437684.78067753,92047554.01454256,85635488.48205003,87277945.16548005,98573866.44072251,89485385.70040256,90930858.14983502,87021646.57631,92896024.48257256,79032171.14998999,91522531.61629002,85777422.96180755,101739447.45086254,83548687.30180255,90510372.28702503,88931441.00349253,94562823.70756754,101286851.39565507
2019-06-25,107021274.13423252,99270603.7885775,83738159.00414005,90635428.64610253,83073225.63266504,82104675.04416005,87356196.95590256,94189763.60648005,89385720.5715175,94460852.565045,83743731.1322025,86675064.05389003,85465810.50034003,87245113.42171004,84993398.47406754,88095892.99198005,83033502.17329252,93718676.18732505,94249086.76319002,92067325.70971505,80212796.66771506,79176797.76543503,91587590.85779254,97147515.31428507,91896400.88903503,85140800.25446004,97856976.14656259,89297675.39043006,81106978.423005,96242881.09139504,84203576.04970257,100362176.06816755,99629496.82870257,96437684.78067753,92047554.01454256,85635488.48205003,87277945.16548005,98573866.44072251,89485385.70040256,90930858.14983502,87021646.57631,92896024.48257256,79032171.14998999,91522531.61629002,85777422.96180755,101739447.45086254,83548687.30180255,90510372.28702503,88931441.00349253,94562823.70756754,101286851.39565507
2019-06-26,107021274.13423252,99270603.7885775,83738159.00414005,90635428.64610253,83073225.63266504,82104675.04416005,87356196.95590256,94189763.60648005,89385720.5715175,94460852.565045,83743731.1322025,86675064.05389003,85465810.50034003,87245113.42171004,84993398.47406754,88095892.99198005,83033502.17329252,93718676.18732505,94249086.76319002,92067325.70971505,80212796.66771506,79176797.76543503,91587590.85779254,97147515.31428507,91896400.88903503,85140800.25446004,97856976.14656259,89297675.39043006,81106978.423005,96242881.09139504,84203576.04970257,100362176.06816755,99629496.82870257,96437684.78067753,92047554.01454256,85635488.48205003,87277945.16548005,98573866.44072251,89485385.70040256,90930858.14983502,87021646.57631,92896024.48257256,79032171.14998999,91522531.61629002,85777422.96180755,101739447.45086254,83548687.30180255,90510372.28702503,88931441.00349253,94562823.70756754,101286851.39565507
2019-06-27,107021274.13423252,99270603.7885775,83738159.00414005,90635428.64610253,83073225.63266504,82104675.04416005,87356196.95590256,94189763.60648005,89385720.5715175,94460852.565045,83743731.1322025,86675064.05389003,85465810.50034003,87245113.42171004,84993398.47406754,88095892.99198005,83033502.17329252,93718676.18732505,94249086.76319002,92067325.70971505,80212796.66771506,79176797.76543503,91587590.85779254,97147515.31428507,91896400.88903503,85140800.25446004,97856976.14656259,89297675.39043006,81106978.423005,96242881.09139504,84203576.04970257,100362176.06816755,99629496.82870257,96437684.78067753,92047554.01454256,85635488.48205003,87277945.16548005,98573866.44072251,89485385.70040256,90930858.14983502,87021646.57631,92896024.48257256,79032171.14998999,91522531.61629002,85777422.96180755,101739447.45086254,83548687.30180255,90510372.28702503,88931441.00349253,94562823.70756754,101286851.39565507
2019-06-28,107021274.13423252,99270603.7885775,83738159.00414005,90635428.64610253,83073225.63266504,82104675.04416005,87356196.95590256,94189763.60648005,89385720.5715175,94460852.565045,83743731.1322025,86675064.05389003,85465810.50034003,87245113.42171004,84993398.47406754,88095892.99198005,83033502.17329252,93718676.18732505,94249086.76319002,92067325.70971505,80212796.66771506,79176797.76543503,91587590.85779254,97147515.31428507,91896400.88903503,85140800.25446004,97856976.14656259,89297675.39043006,81106978.423005,96242881.09139504,84203576.04970257,100362176.06816755,99629496.82870257,96437684.78067753,92047554.01454256,85635488.48205003,87277945.16548005,98573866.44072251,89485385.70040256,90930858.14983502,87021646.57631,92896024.48257256,79032171.14998999,91522531.61629002,85777422.96180755,101739447.45086254,83548687.30180255,90510372.28702503,88931441.00349253,94562823.70756754,101286851.39565507
2019-07-01,107021274.13423252,99270603.7885775,83738159.00414005,90635428.64610253,83073225.63266504,82104675.04416005,87356196.95590256,94189763.60648005,89385720.5715175,94460852.565045,83743731.1322025,86675064.05389003,85465810.50034003,87245113.42171004,84993398.47406754,88095892.99198005,83033502.17329252,93718676.18732505,94249086.76319002,92067325.70971505,80212796.66771506,79176797.76543503,91587590.85779254,97147515.31428507,91896400.88903503,85140800.25446004,97856976.14656259,89297675.39043006,81106978.423005,96242881.09139504,84203576.04970257,100362176.06816755,99629496.82870257,96437684.78067753,92047554.01454256,85635488.48205003,87277945.16548005,98573866.44072251,89485385.70040256,90930858.14983502,87021646.57631,92896024.48257256,79032171.14998999,91522531.61629002,85777422.96180755,101739447.45086254,83548687.30180255,90510372.28702503,88931441.00349253,94562823.70756754,101286851.39565507
2019-07-02,107021274.13423252,99270603.7885775,83738159.00414005,90635428.64610253,83073225.63266504,82104675.04416005,87356196.95590256,94189763.60648005,89385720.5715175,94460852.565045,83743731.1322025,86675064.05389003,85465810.50034003,87245113.42171004,84993398.47406754,88095892.99198005,83033502.17329252,93718676.18732505,94249086.76319002,92067325.70971505,80212796.66771506,79176797.76543503,91587590.85779254,97147515.31428507,91896400.88903503,85140800.25446004,97856976.14656259,89297675.39043006,81106978.423005,96242881.09139504,84203576.04970257,100362176.06816755,99629496.82870257,96437684.78067753,92047554.01454256,85635488.48205003,87277945.16548005,98573866.44072251,89485385.70040256,90930858.14983502,87021646.57631,92896024.48257256,79032171.14998999,91522531.61629002,85777422.96180755,101739447.45086254,83548687.30180255,90510372.28702503,88931441.00349253,94562823.70756754,101286851.39565507
2019-07-03,107021274.13423252,99270603.7885775,83738159.00414005,90635428.64610253,83073225.63266504,82104675.04416005,87356196.95590256,94189763.60648005,89385720.5715175,94460852.565045,83743731.1322025,86675064.05389003,85465810.50034003,87245113.42171004,84993398.47406754,88095892.99198005,83033502.17329252,93718676.18732505,94249086.76319002,92067325.70971505,80212796.66771506,79176797.76543503,91587590.85779254,97147515.31428507,91896400.88903503,85140800.25446004,97856976.14656259,89297675.39043006,81106978.423005,96242881.09139504,84203576.04970257,100362176.06816755,99629496.82870257,96437684.78067753,92047554.01454256,85635488.48205003,87277945.16548005,98573866.44072251,89485385.70040256,90930858.14983502,87021646.57631,92896024.48257256,79032171.14998999,91522531.61629002,85777422.96180755,101739447.45086254,83548687.30180255,90510372.28702503,88931441.00349253,94562823.70756754,101286851.39565507
2019-07-04,107021274.13423252,99270603.7885775,83738159.00414005,90635428.64610253,83073225.63266504,82104675.04416005,87356196.95590256,94189763.60648005,89385720.5715175,94460852.565045,83743731.1322025,86675064.05389003,85465810.50034003,87245113.42171004,84993398.47406754,88095892.99198005,83033502.17329252,93718676.18732505,94249086.76319002,92067325.70971505,80212796.66771506,79176797.76543503,91587590.85779254,97147515.31428507,91896400.88903503,85140800.25446004,97856976.14656259,89297675.39043006,81106978.423005,96242881.09139504,84203576.04970257,100362176.06816755,99629496.82870257,96437684.78067753,92047554.01454256,85635488.48205003,87277945.16548005,98573866.44072251,89485385.70040256,90930858.14983502,87021646.57631,92896024.48257256,79032171.14998999,91522531.61629002,85777422.96180755,101739447.45086254,83548687.30180255,90510372.28702503,88931441.00349253,94562823.70756754,101286851.39565507
2019-07-05,107021274.13423252,99270603.7885775,83738159.00414005,90635428.64610253,83073225.63266504,82104675.04416005,87356196.95590256,94189763.60648005,89385720.5715175,94460852.565045,83743731.1322025,86675064.05389003,85465810.50034003,87245113.42171004,84993398.47406754,88095892.99198005,83033502.17329252,93718676.18732505,94249086.76319002,92067325.70971505,80212796.66771506,79176797.76543503,91587590.85779254,97147515.31428507,91896400.88903503,85140800.25446004,97856976.14656259,89297675.39043006,81106978.423005,96242881.09139504,84203576.04970257,100362176.06816755,99629496.82870257,96437684.78067753,92047554.01454256,85635488.48205003,87277945.16548005,98573866.44072251,89485385.70040256,90930858.14983502,87021646.57631,92896024.48257256,79032171.14998999,91522531.61629002,85777422.96180755,101739447.45086254,83548687.30180255,90510372.28702503,88931441.00349253,94562823.70756754,101286851.39565507
2019-07-08,107021274.13423252,99270603.7885775,83738159.00414005,90635428.64610253,83073225.63266504,82104675.04416005,87356196.95590256,94189763.60648005,89385720.5715175,94460852.565045,83743731.1322025,86675064.05389003,85465810.50034003,87245113.42171004,84993398.47406754,88095892.99198005,83033502.17329252,93718676.18732505,94249086.76319002,92067325.70971505,80212796.66771506,79176797.76543503,91587590.85779254,97147515.31428507,91896400.88903503,85140800.25446004,97856976.14656259,89297675.39043006,81106978.423005,96242881.09139504,84203576.04970257,100362176.06816755,99629496.82870257,96437684.78067753,92047554.01454256,85635488.48205003,87277945.16548005,98573866.44072251,89485385.70040256,90930858.14983502,87021646.57631,92896024.48257256,79032171.14998999,91522531.61629002,85777422.96180755,101739447.45086254,83548687.30180255,90510372.28702503,88931441.00349253,94562823.70756754,101286851.39565507
2019-07-09,107021274.13423252,99270603.7885775,83738159.00414005,90635428.64610253,83073225.63266504,82104675.04416005,87356196.95590256,94189763.60648005,89385720.5715175,94460852.565045,83743731.1322025,86675064.05389003,85465810.50034003,87245113.42171004,84993398.47406754,88095892.99198005,83033502.17329252,93718676.18732505,94249086.76319002,92067325.70971505,80212796.66771506,79176797.76543503,91587590.85779254,97147515.31428507,91896400.88903503,85140800.25446004,97856976.14656259,89297675.39043006,81106978.423005,96242881.09139504,84203576.04970257,100362176.06816755,99629496.82870257,96437684.78067753,92047554.01454256,85635488.48205003,87277945.16548005,98573866.44072251,89485385.70040256,90930858.14983502,87021646.57631,92896024.48257256,79032171.14998999,91522531.61629002,85777422.96180755,101739447.45086254,83548687.30180255,90510372.28702503,88931441.00349253,94562823.70756754,101286851.39565507
2019-07-10,107021274.13423252,99270603.7885775,83738159.00414005,90635428.64610253,83073225.63266504,82104675.04416005,87356196.95590256,94189763.60648005,89385720.5715175,94460852.565045,83743731.1322025,86675064.05389003,85465810.50034003,87245113.42171004,84993398.47406754,88095892.99198005,83033502.17329252,93718676.18732505,94249086.76319002,92067325.70971505,80212796.66771506,79176797.76543503,91587590.85779254,97147515.31428507,91896400.88903503,85140800.25446004,97856976.14656259,89297675.39043006,81106978.423005,96242881.09139504,84203576.04970257,100362176.06816755,99629496.82870257,96437684.78067753,92047554.01454256,85635488.48205003,87277945.16548005,98573866.44072251,89485385.70040256,90930858.14983502,87021646.57631,92896024.48257256,79032171.14998999,91522531.61629002,85777422.96180755,101739447.45086254,83548687.30180255,90510372.28702503,88931441.00349253,94562823.70756754,101286851.39565507
2019-07-11,107021274.13423252,99270603.7885775,83738159.00414005,90635428.64610253,83073225.63266504,82104675.04416005,87356196.95590256,94189763.60648005,89385720.5715175,94460852.565045,83743731.1322025,86675064.05389003,85465810.50034003,87245113.42171004,84993398.47406754,88095892.99198005,83033502.17329252,93718676.18732505,94249086.76319002,92067325.70971505,80212796.66771506,79176797.76543503,91587590.85779254,97147515.31428507,91896400.88903503,85140800.25446004,97856976.14656259,89297675.39043006,81106978.423005,96242881.09139504,84203576.04970257,100362176.06816755,99629496.82870257,96437684.78067753,92047554.01454256,85635488.48205003,87277945.16548005,98573866.44072251,89485385.70040256,90930858.14983502,87021646.57631,92896024.48257256,79032171.14998999,91522531.61629002,85777422.96180755,101739447.45086254,83548687.30180255,90510372.28702503,88931441.00349253,94562823.70756754,101286851.39565507
2019-07-12,107021274.13423252,99270603.7885775,83738159.00414005,90635428.64610253,83073225.63266504,82104675.04416005,87356196.95590256,94189763.60648005,89385720.5715175,94460852.565045,83743731.1322025,86675064.05389003,85465810.50034003,87245113.42171004,84993398.47406754,88095892.99198005,83033502.17329252,93718676.18732505,94249086.76319002,92067325.70971505,80212796.66771506,79176797.76543503,91587590.85779254,97147515.31428507,91896400.88903503,85140800.25446004,97856976.14656259,89297675.39043006,81106978.423005,96242881.09139504,84203576.04970257,100362176.06816755,99629496.82870257,96437684.78067753,92047554.01454256,85635488.48205003,87277945.16548005,98573866.44072251,89485385.70040256,90930858.14983502,87021646.57631,92896024.48257256,79032171.14998999,91522531.61629002,85777422.96180755,101739447.45086254,83548687.30180255,90510372.28702503,88931441.00349253,94562823.70756754,101286851.39565507
2019-07-15,107021274.13423252,99270603.7885775,83738159.00414005,90635428.64610253,83073225.63266504,82104675.04416005,87356196.95590256,94189763.60648005,89385720.5715175,94460852.565045,83743731.1322025,86675064.05389003,85465810.50034003,87245113.42171004,84993398.47406754,88095892.99198005,83033502.17329252,93718676.18732505,94249086.76319002,92067325.70971505,80212796.66771506,79176797.76543503,91587590.85779254,97147515.31428507,91896400.88903503,85140800.25446004,97856976.14656259,89297675.39043006,81106978.423005,96242881.09139504,84203576.04970257,100362176.06816755,99629496.82870257,96437684.78067753,92047554.01454256,85635488.48205003,87277945.16548005,98573866.44072251,89485385.70040256,90930858.14983502,87021646.57631,92896024.48257256,79032171.14998999,91522531.61629002,85777422.96180755,101739447.45086254,83548687.30180255,90510372.28702503,88931441.00349253,94562823.70756754,101286851.39565507
2019-07-16,107021274.13423252,99270603.7885775,83738159.00414005,90635428.64610253,83073225.63266504,82104675.04416005,87356196.95590256,94189763.60648005,89385720.5715175,94460852.565045,83743731.1322025,86675064.05389003,85465810.50034003,87245113.42171004,84993398.47406754,88095892.99198005,83033502.17329252,93718676.18732505,94249086.76319002,92067325.70971505,80212796.66771506,79176797.76543503,91587590.85779254,97147515.31428507,91896400.88903503,85140800.25446004,97856976.14656259,89297675.39043006,81106978.423005,96242881.09139504,84203576.04970257,100362176.06816755,99629496.82870257,96437684.78067753,92047554.01454256,85635488.48205003,87277945.16548005,98573866.44072251,89485385.70040256,90930858.14983502,87021646.57631,92896024.48257256,79032171.14998999,91522531.61629002,85777422.96180755,101739447.45086254,83548687.30180255,90510372.28702503,88931441.00349253,94562823.70756754,101286851.39565507
2019-07-17,107021274.13423252,99270603.7885775,83738159.00414005,90635428.64610253,83073225.63266504,82104675.04416005,87356196.95590256,94189763.60648005,89385720.5715175,94460852.565045,83743731.1322025,86675064.05389003,85465810.50034003,87245113.42171004,84993398.47406754,88095892.99198005,83033502.17329252,93718676.18732505,94249086.76319002,92067325.70971505,80212796.66771506,79176797.76543503,91587590.85779254,97147515.31428507,91896400.88903503,85140800.25446004,97856976.14656259,89297675.39043006,81106978.423005,96242881.09139504,84203576.04970257,100362176.06816755,99629496.82870257,96437684.78067753,92047554.01454256,85635488.48205003,87277945.16548005,98573866.44072251,89485385.70040256,90930858.14983502,87021646.57631,92896024.48257256,79032171.14998999,91522531.61629002,85777422.96180755,101739447.45086254,83548687.30180255,90510372.28702503,88931441.00349253,94562823.70756754,101286851.39565507
2019-07-18,107021274.13423252,99270603.7885775,83738159.00414005,90635428.64610253,83073225.63266504,82104675.04416005,87356196.95590256,94189763.60648005,89385720.5715175,94460852.565045,83743731.1322025,86675064.05389003,85465810.50034003,87245113.42171004,84993398.47406754,88095892.99198005,83033502.17329252,93718676.18732505,94249086.76319002,92067325.70971505,80212796.66771506,79176797.76543503,91587590.85779254,97147515.31428507,91896400.88903503,85140800.25446004,97856976.14656259,89297675.39043006,81106978.423005,96242881.09139504,84203576.04970257,100362176.06816755,99629496.82870257,96437684.78067753,92047554.01454256,85635488.48205003,87277945.16548005,98573866.44072251,89485385.70040256,90930858.14983502,87021646.57631,92896024.48257256,79032171.14998999,91522531.61629002,85777422.96180755,101739447.45086254,83548687.30180255,90510372.28702503,88931441.00349253,94562823.70756754,101286851.39565507
2019-07-19,107021274.13423252,99270603.7885775,83738159.00414005,90635428.64610253,83073225.63266504,82104675.04416005,87356196.95590256,94189763.60648005,89385720.5715175,94460852.565045,83743731.1322025,86675064.05389003,85465810.50034003,87245113.42171004,84993398.47406754,88095892.99198005,83033502.17329252,93718676.18732505,94249086.76319002,92067325.70971505,80212796.66771506,79176797.76543503,91587590.85779254,97147515.31428507,91896400.88903503,85140800.25446004,97856976.14656259,89297675.39043006,81106978.423005,96242881.09139504,84203576.04970257,100362176.06816755,99629496.82870257,96437684.78067753,92047554.01454256,85635488.48205003,87277945.16548005,98573866.44072251,89485385.70040256,90930858.14983502,87021646.57631,92896024.48257256,79032171.14998999,91522531.61629002,85777422.96180755,101739447.45086254,83548687.30180255,90510372.28702503,88931441.00349253,94562823.70756754,101286851.39565507
2019-07-22,107021274.13423252,99270603.7885775,83738159.00414005,90635428.64610253,83073225.63266504,82104675.04416005,87356196.95590256,94189763.60648005,89385720.5715175,94460852.565045,83743731.1322025,86675064.05389003,85465810.50034003,87245113.42171004,84993398.47406754,88095892.99198005,83033502.17329252,93718676.18732505,94249086.76319002,92067325.70971505,80212796.66771506,79176797.76543503,91587590.85779254,97147515.31428507,91896400.88903503,85140800.25446004,97856976.14656259,89297675.39043006,81106978.423005,96242881.09139504,84203576.04970257,100362176.06816755,99629496.82870257,96437684.78067753,92047554.01454256,85635488.48205003,87277945.16548005,98573866.44072251,89485385.70040256,90930858.14983502,87021646.57631,92896024.48257256,79032171.14998999,91522531.61629002,85777422.96180755,101739447.45086254,83548687.30180255,90510372.28702503,88931441.00349253,94562823.70756754,101286851.39565507
2019-07-23,107021274.13423252,99270603.7885775,83738159.00414005,90635428.64610253,83073225.63266504,82104675.04416005,87356196.95590256,94189763.60648005,89385720.5715175,94460852.565045,83743731.1322025,86675064.05389003,85465810.50034003,87245113.42171004,84993398.47406754,88095892.99198005,83033502.17329252,93718676.18732505,94249086.76319002,92067325.70971505,80212796.66771506,79176797.76543503,91587590.85779254,97147515.31428507,91896400.88903503,85140800.25446004,97856976.14656259,89297675.39043006,81106978.423005,96242881.09139504,84203576.04970257,100362176.06816755,99629496.82870257,96437684.78067753,92047554.01454256,85635488.48205003,87277945.16548005,98573866.44072251,89485385.70040256,90930858.14983502,87021646.57631,92896024.48257256,79032171.14998999,91522531.61629002,85777422.96180755,101739447.45086254,83548687.30180255,90510372.28702503,88931441.00349253,94562823.70756754,101286851.39565507
2019-07-24,107021274.13423252,99270603.7885775,83738159.00414005,90635428.64610253,83073225.63266504,82104675.04416005,87356196.95590256,94189763.60648005,89385720.5715175,94460852.565045,83743731.1322025,86675064.05389003,85465810.50034003,87245113.42171004,84993398.47406754,88095892.99198005,83033502.17329252,93718676.18732505,94249086.76319002,92067325.70971505,80212796.66771506,79176797.76543503,91587590.85779254,97147515.31428507,91896400.88903503,85140800.25446004,97856976.14656259,89297675.39043006,81106978.423005,96242881.09139504,84203576.04970257,100362176.06816755,99629496.82870257,96437684.78067753,92047554.01454256,85635488.48205003,87277945.16548005,98573866.44072251,89485385.70040256,90930858.14983502,87021646.57631,92896024.48257256,79032171.14998999,91522531.61629002,85777422.96180755,101739447.45086254,83548687.30180255,90510372.28702503,88931441.00349253,94562823.70756754,101286851.39565507
2019-07-25,107021274.13423252,99270603.7885775,83738159.00414005,90635428.64610253,83073225.63266504,82104675.04416005,87356196.95590256,94189763.60648005,89385720.5715175,94460852.565045,83743731.1322025,86675064.05389003,85465810.50034003,87245113.42171004,84993398.47406754,88095892.99198005,83033502.17329252,93718676.18732505,94249086.76319002,92067325.70971505,80212796.66771506,79176797.76543503,91587590.85779254,97147515.31428507,91896400.88903503,85140800.25446004,97856976.14656259,89297675.39043006,81106978.423005,96242881.09139504,84203576.04970257,100362176.06816755,99629496.82870257,96437684.78067753,92047554.01454256,85635488.48205003,87277945.16548005,98573866.44072251,89485385.70040256,90930858.14983502,87021646.57631,92896024.48257256,79032171.14998999,91522531.61629002,85777422.96180755,101739447.45086254,83548687.30180255,90510372.28702503,88931441.00349253,94562823.70756754,101286851.39565507
2019-07-26,107021274.13423252,99270603.7885775,83738159.00414005,90635428.64610253,83073225.63266504,82104675.04416005,87356196.95590256,94189763.60648005,89385720.5715175,94460852.565045,83743731.1322025,86675064.05389003,85465810.50034003,87245113.42171004,84993398.47406754,88095892.99198005,83033502.17329252,93718676.18732505,94249086.76319002,92067325.70971505,80212796.66771506,79176797.76543503,91587590.85779254,97147515.31428507,91896400.88903503,85140800.25446004,97856976.14656259,89297675.39043006,81106978.423005,96242881.09139504,84203576.04970257,100362176.06816755,99629496.82870257,96437684.78067753,92047554.01454256,85635488.48205003,87277945.16548005,98573866.44072251,89485385.70040256,90930858.14983502,87021646.57631,92896024.48257256,79032171.14998999,91522531.61629002,85777422.96180755,101739447.45086254,83548687.30180255,90510372.28702503,88931441.00349253,94562823.70756754,101286851.39565507
2019-07-29,107021274.13423252,99270603.7885775,83738159.00414005,90635428.64610253,83073225.63266504,82104675.04416005,87356196.95590256,94189763.60648005,89385720.5715175,94460852.565045,83743731.1322025,86675064.05389003,85465810.50034003,87245113.42171004,84993398.47406754,88095892.99198005,83033502.17329252,93718676.18732505,94249086.76319002,92067325.70971505,80212796.66771506,79176797.76543503,91587590.85779254,97147515.31428507,91896400.88903503,85140800.25446004,97856976.14656259,89297675.39043006,81106978.423005,96242881.09139504,84203576.04970257,100362176.06816755,99629496.82870257,96437684.78067753,92047554.01454256,85635488.48205003,87277945.16548005,98573866.44072251,89485385.70040256,90930858.14983502,87021646.57631,92896024.48257256,79032171.14998999,91522531.61629002,85777422.96180755,101739447.45086254,83548687.30180255,90510372.28702503,88931441.00349253,94562823.70756754,101286851.39565507
2019-07-30,107021274.13423252,99270603.7885775,83738159.00414005,90635428.64610253,83073225.63266504,82104675.04416005,87356196.95590256,94189763.60648005,89385720.5715175,94460852.565045,83743731.1322025,86675064.05389003,85465810.50034003,87245113.42171004,84993398.47406754,88095892.99198005,83033502.17329252,93718676.18732505,94249086.76319002,92067325.70971505,80212796.66771506,79176797.76543503,91587590.85779254,97147515.31428507,91896400.88903503,85140800.25446004,97856976.14656259,89297675.39043006,81106978.423005,96242881.09139504,84203576.04970257,100362176.06816755,99629496.82870257,96437684.78067753,92047554.01454256,85635488.48205003,87277945.16548005,98573866.44072251,89485385.70040256,90930858.14983502,87021646.57631,92896024.48257256,79032171.14998999,91522531.61629002,85777422.96180755,101739447.45086254,83548687.30180255,90510372.28702503,88931441.00349253,94562823.70756754,101286851.39565507
2019-07-31,107021274.13423252,99270603.7885775,83738159.00414005,90635428.64610253,83073225.63266504,82104675.04416005,87356196.95590256,94189763.60648005,89385720.5715175,94460852.565045,83743731.1322025,86675064.05389003,85465810.50034003,87245113.42171004,84993398.47406754,88095892.99198005,83033502.17329252,93718676.18732505,94249086.76319002,92067325.70971505,80212796.66771506,79176797.76543503,91587590.85779254,97147515.31428507,91896400.88903503,85140800.25446004,97856976.14656259,89297675.39043006,81106978.423005,96242881.09139504,84203576.04970257,100362176.06816755,99629496.82870257,96437684.78067753,92047554.01454256,85635488.48205003,87277945.16548005,98573866.44072251,89485385.70040256,90930858.14983502,87021646.57631,92896024.48257256,79032171.14998999,91522531.61629002,85777422.96180755,101739447.45086254,83548687.30180255,90510372.28702503,88931441.00349253,94562823.70756754,101286851.39565507
2019-08-01,107021274.13423252,99270603.7885775,83738159.00414005,90635428.64610253,83073225.63266504,82104675.04416005,87356196.95590256,94189763.60648005,89385720.5715175,94460852.565045,83743731.1322025,86675064.05389003,85465810.50034003,87245113.42171004,84993398.47406754,88095892.99198005,83033502.17329252,93718676.18732505,94249086.76319002,92067325.70971505,80212796.66771506,79176797.76543503,91587590.85779254,97147515.31428507,91896400.88903503,85140800.25446004,97856976.14656259,89297675.39043006,81106978.423005,96242881.09139504,84203576.04970257,100362176.06816755,99629496.82870257,96437684.78067753,92047554.01454256,85635488.48205003,87277945.16548005,98573866.44072251,89485385.70040256,90930858.14983502,87021646.57631,92896024.48257256,79032171.14998999,91522531.61629002,85777422.96180755,101739447.45086254,83548687.30180255,90510372.28702503,88931441.00349253,94562823.70756754,101286851.39565507
2019-08-02,107021274.13423252,99270603.7885775,83738159.00414005,90635428.64610253,83073225.63266504,82104675.04416005,87356196.95590256,94189763.60648005,89385720.5715175,94460852.565045,83743731.1322025,86675064.05389003,85465810.50034003,87245113.42171004,84993398.47406754,88095892.99198005,83033502.17329252,93718676.18732505,94249086.76319002,92067325.70971505,80212796.66771506,79176797.76543503,91587590.85779254,97147515.31428507,91896400.88903503,85140800.25446004,97856976.14656259,89297675.39043006,81106978.423005,96242881.09139504,84203576.04970257,100362176.06816755,99629496.82870257,96437684.78067753,92047554.01454256,85635488.48205003,87277945.16548005,98573866.44072251,89485385.70040256,90930858.14983502,87021646.57631,92896024.48257256,79032171.14998999,91522531.61629002,85777422.96180755,101739447.45086254,83548687.30180255,90510372.28702503,88931441.00349253,94562823.70756754,101286851.39565507
2019-08-05,107021274.13423252,99270603.7885775,83738159.00414005,90635428.64610253,83073225.63266504,82104675.04416005,87356196.95590256,94189763.60648005,89385720.5715175,94460852.565045,83743731.1322025,86675064.05389003,85465810.50034003,87245113.42171004,84993398.47406754,88095892.99198005,83033502.17329252,93718676.18732505,94249086.76319002,92067325.70971505,80212796.66771506,79176797.76543503,91587590.85779254,97147515.31428507,91896400.88903503,85140800.25446004,97856976.14656259,89297675.39043006,81106978.423005,96242881.09139504,84203576.04970257,100362176.06816755,99629496.82870257,96437684.78067753,92047554.01454256,85635488.48205003,87277945.16548005,98573866.44072251,89485385.70040256,90930858.14983502,87021646.57631,92896024.48257256,79032171.14998999,91522531.61629002,85777422.96180755,101739447.45086254,83548687.30180255,90510372.28702503,88931441.00349253,94562823.70756754,101286851.39565507
2019-08-06,107021274.13423252,99270603.7885775,83738159.00414005,90635428.64610253,83073225.63266504,82104675.04416005,87356196.95590256,94189763.60648005,89385720.5715175,94460852.565045,83743731.1322025,86675064.05389003,85465810.50034003,87245113.42171004,84993398.47406754,88095892.99198005,83033502.17329252,93718676.18732505,94249086.76319002,92067325.70971505,80212796.66771506,79176797.76543503,91587590.85779254,97147515.31428507,91896400.88903503,85140800.25446004,97856976.14656259,89297675.39043006,81106978.423005,96242881.09139504,84203576.04970257,100362176.06816755,99629496.82870257,96437684.78067753,92047554.01454256,85635488.48205003,87277945.16548005,98573866.44072251,89485385.70040256,90930858.14983502,87021646.57631,92896024.48257256,79032171.14998999,91522531.61629002,85777422.96180755,101739447.45086254,83548687.30180255,90510372.28702503,88931441.00349253,94562823.70756754,101286851.39565507
2019-08-07,107021274.13423252,99270603.7885775,83738159.00414005,90635428.64610253,83073225.63266504,82104675.04416005,87356196.95590256,94189763.60648005,89385720.5715175,94460852.565045,83743731.1322025,86675064.05389003,85465810.50034003,87245113.42171004,84993398.47406754,88095892.99198005,83033502.17329252,93718676.18732505,94249086.76319002,92067325.70971505,80212796.66771506,79176797.76543503,91587590.85779254,97147515.31428507,91896400.88903503,85140800.25446004,97856976.14656259,89297675.39043006,81106978.423005,96242881.09139504,84203576.04970257,100362176.06816755,99629496.82870257,96437684.78067753,92047554.01454256,85635488.48205003,87277945.16548005,98573866.44072251,89485385.70040256,90930858.14983502,87021646.57631,92896024.48257256,79032171.14998999,91522531.61629002,85777422.96180755,101739447.45086254,83548687.30180255,90510372.28702503,88931441.00349253,94562823.70756754,101286851.39565507
2019-08-08,107021274.13423252,99270603.7885775,83738159.00414005,90635428.64610253,83073225.63266504,82104675.04416005,87356196.95590256,94189763.60648005,89385720.5715175,94460852.565045,83743731.1322025,86675064.05389003,85465810.50034003,87245113.42171004,84993398.47406754,88095892.99198005,83033502.17329252,93718676.18732505,94249086.76319002,92067325.70971505,80212796.66771506,79176797.76543503,91587590.85779254,97147515.31428507,91896400.88903503,85140800.25446004,97856976.14656259,89297675.39043006,81106978.423005,96242881.09139504,84203576.04970257,100362176.06816755,99629496.82870257,96437684.78067753,92047554.01454256,85635488.48205003,87277945.16548005,98573866.44072251,89485385.70040256,90930858.14983502,87021646.57631,92896024.48257256,79032171.14998999,91522531.61629002,85777422.96180755,101739447.45086254,83548687.30180255,90510372.28702503,88931441.00349253,94562823.70756754,101286851.39565507
2019-08-09,107021274.13423252,99270603.7885775,83738159.00414005,90635428.64610253,83073225.63266504,82104675.04416005,87356196.95590256,94189763.60648005,89385720.5715175,94460852.565045,83743731.1322025,86675064.05389003,85465810.50034003,87245113.42171004,84993398.47406754,88095892.99198005,83033502.17329252,93718676.18732505,94249086.76319002,92067325.70971505,80212796.66771506,79176797.76543503,91587590.85779254,97147515.31428507,91896400.88903503,85140800.25446004,97856976.14656259,89297675.39043006,81106978.423005,96242881.09139504,84203576.04970257,100362176.06816755,99629496.82870257,96437684.78067753,92047554.01454256,85635488.48205003,87277945.16548005,98573866.44072251,89485385.70040256,90930858.14983502,87021646.57631,92896024.48257256,79032171.14998999,91522531.61629002,85777422.96180755,101739447.45086254,83548687.30180255,90510372.28702503,88931441.00349253,94562823.70756754,101286851.39565507
2019-08-12,107021274.13423252,99270603.7885775,83738159.00414005,90635428.64610253,83073225.63266504,82104675.04416005,87356196.95590256,94189763.60648005,89385720.5715175,94460852.565045,83743731.1322025,86675064.05389003,85465810.50034003,87245113.42171004,84993398.47406754,88095892.99198005,83033502.17329252,93718676.18732505,94249086.76319002,92067325.70971505,80212796.66771506,79176797.76543503,91587590.85779254,97147515.31428507,91896400.88903503,85140800.25446004,97856976.14656259,89297675.39043006,81106978.423005,96242881.09139504,84203576.04970257,100362176.06816755,99629496.82870257,96437684.78067753,92047554.01454256,85635488.48205003,87277945.16548005,98573866.44072251,89485385.70040256,90930858.14983502,87021646.57631,92896024.48257256,79032171.14998999,91522531.61629002,85777422.96180755,101739447.45086254,83548687.30180255,90510372.28702503,88931441.00349253,94562823.70756754,101286851.39565507
2019-08-13,107021274.13423252,99270603.7885775,83738159.00414005,90635428.64610253,83073225.63266504,82104675.04416005,87356196.95590256,94189763.60648005,89385720.5715175,94460852.565045,83743731.1322025,86675064.05389003,85465810.50034003,87245113.42171004,84993398.47406754,88095892.99198005,83033502.17329252,93718676.18732505,94249086.76319002,92067325.70971505,80212796.66771506,79176797.76543503,91587590.85779254,97147515.31428507,91896400.88903503,85140800.25446004,97856976.14656259,89297675.39043006,81106978.423005,96242881.09139504,84203576.04970257,100362176.06816755,99629496.82870257,96437684.78067753,92047554.01454256,85635488.48205003,87277945.16548005,98573866.44072251,89485385.70040256,90930858.14983502,87021646.57631,92896024.48257256,79032171.14998999,91522531.61629002,85777422.96180755,101739447.45086254,83548687.30180255,90510372.28702503,88931441.00349253,94562823.70756754,101286851.39565507
2019-08-14,107021274.13423252,99270603.7885775,83738159.00414005,90635428.64610253,83073225.63266504,82104675.04416005,87356196.95590256,94189763.60648005,89385720.5715175,94460852.565045,83743731.1322025,86675064.05389003,85465810.50034003,87245113.42171004,84993398.47406754,88095892.99198005,83033502.17329252,93718676.18732505,94249086.76319002,92067325.70971505,80212796.66771506,79176797.76543503,91587590.85779254,97147515.31428507,91896400.88903503,85140800.25446004,97856976.14656259,89297675.39043006,81106978.423005,96242881.09139504,84203576.04970257,100362176.06816755,99629496.82870257,96437684.78067753,92047554.01454256,85635488.48205003,87277945.16548005,98573866.44072251,89485385.70040256,90930858.14983502,87021646.57631,92896024.48257256,79032171.14998999,91522531.61629002,85777422.96180755,101739447.45086254,83548687.30180255,90510372.28702503,88931441.00349253,94562823.70756754,101286851.39565507
2019-08-15,107021274.13423252,99270603.7885775,83738159.00414005,90635428.64610253,83073225.63266504,82104675.04416005,87356196.95590256,94189763.60648005,89385720.5715175,94460852.565045,83743731.1322025,86675064.05389003,85465810.50034003,87245113.42171004,84993398.47406754,88095892.99198005,83033502.17329252,93718676.18732505,94249086.76319002,92067325.70971505,80212796.66771506,79176797.76543503,91587590.85779254,97147515.31428507,91896400.88903503,85140800.25446004,97856976.14656259,89297675.39043006,81106978.423005,96242881.09139504,84203576.04970257,100362176.06816755,99629496.82870257,96437684.78067753,92047554.01454256,85635488.48205003,87277945.16548005,98573866.44072251,89485385.70040256,90930858.14983502,87021646.57631,92896024.48257256,79032171.14998999,91522531.61629002,85777422.96180755,101739447.45086254,83548687.30180255,90510372.28702503,88931441.00349253,94562823.70756754,101286851.39565507
2019-08-16,107021274.13423252,99270603.7885775,83738159.00414005,90635428.64610253,83073225.63266504,82104675.04416005,87356196.95590256,94189763.60648005,89385720.5715175,94460852.565045,83743731.1322025,86675064.05389003,85465810.50034003,87245113.42171004,84993398.47406754,88095892.99198005,83033502.17329252,93718676.18732505,94249086.76319002,92067325.70971505,80212796.66771506,79176797.76543503,91587590.85779254,97147515.31428507,91896400.88903503,85140800.25446004,97856976.14656259,89297675.39043006,81106978.423005,96242881.09139504,84203576.04970257,100362176.06816755,99629496.82870257,96437684.78067753,92047554.01454256,85635488.48205003,87277945.16548005,98573866.44072251,89485385.70040256,90930858.14983502,87021646.57631,92896024.48257256,79032171.14998999,91522531.61629002,85777422.96180755,101739447.45086254,83548687.30180255,90510372.28702503,88931441.00349253,94562823.70756754,101286851.39565507
2019-08-19,107021274.13423252,99270603.7885775,83738159.00414005,90635428.64610253,83073225.63266504,82104675.04416005,87356196.95590256,94189763.60648005,89385720.5715175,94460852.565045,83743731.1322025,86675064.05389003,85465810.50034003,87245113.42171004,84993398.47406754,88095892.99198005,83033502.17329252,93718676.18732505,94249086.76319002,92067325.70971505,80212796.66771506,79176797.76543503,91587590.85779254,97147515.31428507,91896400.88903503,85140800.25446004,97856976.14656259,89297675.39043006,81106978.423005,96242881.09139504,84203576.04970257,100362176.06816755,99629496.82870257,96437684.78067753,92047554.01454256,85635488.48205003,87277945.16548005,98573866.44072251,89485385.70040256,90930858.14983502,87021646.57631,92896024.48257256,79032171.14998999,91522531.61629002,85777422.96180755,101739447.45086254,83548687.30180255,90510372.28702503,88931441.00349253,94562823.70756754,101286851.39565507
2019-08-20,107021274.13423252,99270603.7885775,83738159.00414005,90635428.64610253,83073225.63266504,82104675.04416005,87356196.95590256,94189763.60648005,89385720.5715175,94460852.565045,83743731.1322025,86675064.05389003,85465810.50034003,87245113.42171004,84993398.47406754,88095892.99198005,83033502.17329252,93718676.18732505,94249086.76319002,92067325.70971505,80212796.66771506,79176797.76543503,91587590.85779254,97147515.31428507,91896400.88903503,85140800.25446004,97856976.14656259,89297675.39043006,81106978.423005,96242881.09139504,84203576.04970257,100362176.06816755,99629496.82870257,96437684.78067753,92047554.01454256,85635488.48205003,87277945.16548005,98573866.44072251,89485385.70040256,90930858.14983502,87021646.57631,92896024.48257256,79032171.14998999,91522531.61629002,85777422.96180755,101739447.45086254,83548687.30180255,90510372.28702503,88931441.00349253,94562823.70756754,101286851.39565507
2019-08-21,107021274.13423252,99270603.7885775,83738159.00414005,90635428.64610253,83073225.63266504,82104675.04416005,87356196.95590256,94189763.60648005,89385720.5715175,94460852.565045,83743731.1322025,86675064.05389003,85465810.50034003,87245113.42171004,84993398.47406754,88095892.99198005,83033502.17329252,93718676.18732505,94249086.76319002,92067325.70971505,80212796.66771506,79176797.76543503,91587590.85779254,97147515.31428507,91896400.88903503,85140800.25446004,97856976.14656259,89297675.39043006,81106978.423005,96242881.09139504,84203576.04970257,100362176.06816755,99629496.82870257,96437684.78067753,92047554.01454256,85635488.48205003,87277945.16548005,98573866.44072251,89485385.70040256,90930858.14983502,87021646.57631,92896024.48257256,79032171.14998999,91522531.61629002,85777422.96180755,101739447.45086254,83548687.30180255,90510372.28702503,88931441.00349253,94562823.70756754,101286851.39565507
2019-08-22,107021274.13423252,99270603.7885775,83738159.00414005,90635428.64610253,83073225.63266504,82104675.04416005,87356196.95590256,94189763.60648005,89385720.5715175,94460852.565045,83743731.1322025,86675064.05389003,85465810.50034003,87245113.42171004,84993398.47406754,88095892.99198005,83033502.17329252,93718676.18732505,94249086.76319002,92067325.70971505,80212796.66771506,79176797.76543503,91587590.85779254,97147515.31428507,91896400.88903503,85140800.25446004,97856976.14656259,89297675.39043006,81106978.423005,96242881.09139504,84203576.04970257,100362176.06816755,99629496.82870257,96437684.78067753,92047554.01454256,85635488.48205003,87277945.16548005,98573866.44072251,89485385.70040256,90930858.14983502,87021646.57631,92896024.48257256,79032171.14998999,91522531.61629002,85777422.96180755,101739447.45086254,83548687.30180255,90510372.28702503,88931441.00349253,94562823.70756754,101286851.39565507
2019-08-23,107021274.13423252,99270603.7885775,83738159.00414005,90635428.64610253,83073225.63266504,82104675.04416005,87356196.95590256,94189763.60648005,89385720.5715175,94460852.565045,83743731.1322025,86675064.05389003,85465810.50034003,87245113.42171004,84993398.47406754,88095892.99198005,83033502.17329252,93718676.18732505,94249086.76319002,92067325.70971505,80212796.66771506,79176797.76543503,91587590.85779254,97147515.31428507,91896400.88903503,85140800.25446004,97856976.14656259,89297675.39043006,81106978.423005,96242881.09139504,84203576.04970257,100362176.06816755,99629496.82870257,96437684.78067753,92047554.01454256,85635488.48205003,87277945.16548005,98573866.44072251,89485385.70040256,90930858.14983502,87021646.57631,92896024.48257256,79032171.14998999,91522531.61629002,85777422.96180755,101739447.45086254,83548687.30180255,90510372.28702503,88931441.00349253,94562823.70756754,101286851.39565507
2019-08-26,107021274.13423252,99270603.7885775,83738159.00414005,90635428.64610253,83073225.63266504,82104675.04416005,87356196.95590256,94189763.60648005,89385720.5715175,94460852.565045,83743731.1322025,86675064.05389003,85465810.50034003,87245113.42171004,84993398.47406754,88095892.99198005,83033502.17329252,93718676.18732505,94249086.76319002,92067325.70971505,80212796.66771506,79176797.76543503,91587590.85779254,97147515.31428507,91896400.88903503,85140800.25446004,97856976.14656259,89297675.39043006,81106978.423005,96242881.09139504,84203576.04970257,100362176.06816755,99629496.82870257,96437684.78067753,92047554.01454256,85635488.48205003,87277945.16548005,98573866.44072251,89485385.70040256,90930858.14983502,87021646.57631,92896024.48257256,79032171.14998999,91522531.61629002,85777422.96180755,101739447.45086254,83548687.30180255,90510372.28702503,88931441.00349253,94562823.70756754,101286851.39565507
2019-08-27,107021274.13423252,99270603.7885775,83738159.00414005,90635428.64610253,83073225.63266504,82104675.04416005,87356196.95590256,94189763.60648005,89385720.5715175,94460852.565045,83743731.1322025,86675064.05389003,85465810.50034003,87245113.42171004,84993398.47406754,88095892.99198005,83033502.17329252,93718676.18732505,94249086.76319002,92067325.70971505,80212796.66771506,79176797.76543503,91587590.85779254,97147515.31428507,91896400.88903503,85140800.25446004,97856976.14656259,89297675.39043006,81106978.423005,96242881.09139504,84203576.04970257,100362176.06816755,99629496.82870257,96437684.78067753,92047554.01454256,85635488.48205003,87277945.16548005,98573866.44072251,89485385.70040256,90930858.14983502,87021646.57631,92896024.48257256,79032171.14998999,91522531.61629002,85777422.96180755,101739447.45086254,83548687.30180255,90510372.28702503,88931441.00349253,94562823.70756754,101286851.39565507
2019-08-28,107021274.13423252,99270603.7885775,83738159.00414005,90635428.64610253,83073225.63266504,82104675.04416005,87356196.95590256,94189763.60648005,89385720.5715175,94460852.565045,83743731.1322025,86675064.05389003,85465810.50034003,87245113.42171004,84993398.47406754,88095892.99198005,83033502.17329252,93718676.18732505,94249086.76319002,92067325.70971505,80212796.66771506,79176797.76543503,91587590.85779254,97147515.31428507,91896400.88903503,85140800.25446004,97856976.14656259,89297675.39043006,81106978.423005,96242881.09139504,84203576.04970257,100362176.06816755,99629496.82870257,96437684.78067753,92047554.01454256,85635488.48205003,87277945.16548005,98573866.44072251,89485385.70040256,90930858.14983502,87021646.57631,92896024.48257256,79032171.14998999,91522531.61629002,85777422.96180755,101739447.45086254,83548687.30180255,90510372.28702503,88931441.00349253,94562823.70756754,101286851.39565507
2019-08-29,107021274.13423252,99270603.7885775,83738159.00414005,90635428.64610253,83073225.63266504,82104675.04416005,87356196.95590256,94189763.60648005,89385720.5715175,94460852.565045,83743731.1322025,86675064.05389003,85465810.50034003,87245113.42171004,84993398.47406754,88095892.99198005,83033502.17329252,93718676.18732505,94249086.76319002,92067325.70971505,80212796.66771506,79176797.76543503,91587590.85779254,97147515.31428507,91896400.88903503,85140800.25446004,97856976.14656259,89297675.39043006,81106978.423005,96242881.09139504,84203576.04970257,100362176.06816755,99629496.82870257,96437684.78067753,92047554.01454256,85635488.48205003,87277945.16548005,98573866.44072251,89485385.70040256,90930858.14983502,87021646.57631,92896024.48257256,79032171.14998999,91522531.61629002,85777422.96180755,101739447.45086254,83548687.30180255,90510372.28702503,88931441.00349253,94562823.70756754,101286851.39565507
2019-08-30,107021274.13423252,99270603.7885775,83738159.00414005,90635428.64610253,83073225.63266504,82104675.04416005,87356196.95590256,94189763.60648005,89385720.5715175,94460852.565045,83743731.1322025,86675064.05389003,85465810.50034003,87245113.42171004,84993398.47406754,88095892.99198005,83033502.17329252,93718676.18732505,94249086.76319002,92067325.70971505,80212796.66771506,79176797.76543503,91587590.85779254,97147515.31428507,91896400.88903503,85140800.25446004,97856976.14656259,89297675.39043006,81106978.423005,96242881.09139504,84203576.04970257,100362176.06816755,99629496.82870257,96437684.78067753,92047554.01454256,85635488.48205003,87277945.16548005,98573866.44072251,89485385.70040256,90930858.14983502,87021646.57631,92896024.48257256,79032171.14998999,91522531.61629002,85777422.96180755,101739447.45086254,83548687.30180255,90510372.28702503,88931441.00349253,94562823.70756754,101286851.39565507
2019-09-03,107021274.13423252,99270603.7885775,83738159.00414005,90635428.64610253,83073225.63266504,82104675.04416005,87356196.95590256,94189763.60648005,89385720.5715175,94460852.565045,83743731.1322025,86675064.05389003,85465810.50034003,87245113.42171004,84993398.47406754,88095892.99198005,83033502.17329252,93718676.18732505,94249086.76319002,92067325.70971505,80212796.66771506,79176797.76543503,91587590.85779254,97147515.31428507,91896400.88903503,85140800.25446004,97856976.14656259,89297675.39043006,81106978.423005,96242881.09139504,84203576.04970257,100362176.06816755,99629496.82870257,96437684.78067753,92047554.01454256,85635488.48205003,87277945.16548005,98573866.44072251,89485385.70040256,90930858.14983502,87021646.57631,92896024.48257256,79032171.14998999,91522531.61629002,85777422.96180755,101739447.45086254,83548687.30180255,90510372.28702503,88931441.00349253,94562823.70756754,101286851.39565507
2019-09-04,107021274.13423252,99270603.7885775,83738159.00414005,90635428.64610253,83073225.63266504,82104675.04416005,87356196.95590256,94189763.60648005,89385720.5715175,94460852.565045,83743731.1322025,86675064.05389003,85465810.50034003,87245113.42171004,84993398.47406754,88095892.99198005,83033502.17329252,93718676.18732505,94249086.76319002,92067325.70971505,80212796.66771506,79176797.76543503,91587590.85779254,97147515.31428507,91896400.88903503,85140800.25446004,97856976.14656259,89297675.39043006,81106978.423005,96242881.09139504,84203576.04970257,100362176.06816755,99629496.82870257,96437684.78067753,92047554.01454256,85635488.48205003,87277945.16548005,98573866.44072251,89485385.70040256,90930858.14983502,87021646.57631,92896024.48257256,79032171.14998999,91522531.61629002,85777422.96180755,101739447.45086254,83548687.30180255,90510372.28702503,88931441.00349253,94562823.70756754,101286851.39565507
2019-09-05,107021274.13423252,99270603.7885775,83738159.00414005,90635428.64610253,83073225.63266504,82104675.04416005,87356196.95590256,94189763.60648005,89385720.5715175,94460852.565045,83743731.1322025,86675064.05389003,85465810.50034003,87245113.42171004,84993398.47406754,88095892.99198005,83033502.17329252,93718676.18732505,94249086.76319002,92067325.70971505,80212796.66771506,79176797.76543503,91587590.85779254,97147515.31428507,91896400.88903503,85140800.25446004,97856976.14656259,89297675.39043006,81106978.423005,96242881.09139504,84203576.04970257,100362176.06816755,99629496.82870257,96437684.78067753,92047554.01454256,85635488.48205003,87277945.16548005,98573866.44072251,89485385.70040256,90930858.14983502,87021646.57631,92896024.48257256,79032171.14998999,91522531.61629002,85777422.96180755,101739447.45086254,83548687.30180255,90510372.28702503,88931441.00349253,94562823.70756754,101286851.39565507
2019-09-06,106925408.62423253,98904679.4425775,83717301.49714005,90515976.98210253,83003505.00666504,81987264.60416006,87295784.71590257,94166617.22698005,89346649.83701749,94689458.537045,83724119.3722025,86849938.68339004,85368163.71934003,87392507.86471005,84972688.55556753,87866936.62498005,82914050.50929251,93740862.50732505,94195523.63019001,91988421.97571506,80154959.56971505,79100232.83243503,91536127.98779254,96956016.22328508,91650447.72503503,85186875.70546004,97888920.31956258,89229403.23443006,81048978.829005,96311994.26789504,84133126.28720257,100256186.08316755,99605132.21870257,96306698.49717753,91916567.73104256,85311736.63805003,87180298.38448004,98515866.84672251,89338622.65040256,91078252.59283502,87039395.63231,92628908.72107255,78803214.78299,91554475.78929001,85775121.98780756,101654107.25586253,83490850.20380254,90413480.35902503,88910003.14849253,94316870.54356754,101228851.80165507
2019-09-09,106695408.62423253,97882878.87007749,83109886.65414006,90532454.07610252,82876930.06766504,81879177.55916005,87213683.86190256,94143843.57098004,89192059.2890175,94774804.953045,83551032.3272025,87203051.75839004,85020830.92734003,87229315.75671005,84930587.70156753,87603735.11098005,82951497.38229251,93784228.93532506,94260085.17519002,91804628.90771505,80237113.86871505,79093031.31843503,91403364.33779255,96423215.65078509,91422084.31503503,85042913.73546004,97832920.31956258,89374992.19443007,80915817.939005,96166068.02039504,83911304.40120256,99864064.71866755,99517368.56870258,96158784.15717752,91701754.05104257,85272941.66855003,86967290.78748004,98345127.61172251,89296521.79640256,91358365.66783503,86973294.77831,92232894.92107256,78514799.93998998,91454682.72129,85739388.85430756,101690774.46386254,83542012.70880254,90339715.90602504,88906811.04049253,94035106.09056754,101126370.22115508
2019-09-10,106572370.88508253,97663628.9925775,82612886.65414006,90536454.07610252,82618930.06766504,81939177.55916005,87099683.86190256,94028843.57098004,88958059.2890175,94708804.953045,83496032.3272025,87222051.75839004,84491865.85297503,87006315.75671005,84839587.70156753,87402654.37692505,82964497.38229251,93912228.93532506,94143085.17519002,91407628.90771505,80245113.86871505,79175031.31843503,91048364.33779255,96276215.65078509,91392999.10503504,85052913.73546004,97758920.31956258,89726992.19443007,80743531.551495,95607068.02039504,83889304.40120256,99756064.71866755,99187368.56870258,96036466.63865003,91571436.53251508,85455941.66855003,86650325.71311504,98211841.22421251,89297521.79640256,91454365.66783503,86963294.77831,92031634.06467506,78315719.20593499,91039682.72129,85428836.14659756,101786774.46386254,83550012.70880254,90339715.90602504,88752811.04049253,93978020.88056755,100957083.83364508
2019-09-11,106818371.49408253,97929228.06007749,82290462.40514006,90575728.54860252,82805084.36666504,81852762.71616006,87052671.65890256,93917549.60298005,89134047.2890175,94737079.42554499,84766040.3392025,87181636.91539004,84411783.32597503,86966339.46171005,84884087.20756753,87361816.88192505,82991185.80229251,94008445.27332506,94120387.76419002,91605623.71071506,80204613.37471505,79179783.47593503,90894010.55529255,96780358.84528509,91604714.34003504,85156831.69346005,97747994.07206258,89962992.19443007,80728531.551495,94952106.54889505,84019880.15220256,99612430.57725005,99219339.38120258,97112474.65065002,91683354.49051508,85512974.09555003,86927992.92111504,98158967.5082125,89115683.70140256,91256653.24783503,87026327.20531,92087432.55067506,78308470.16343498,91122229.25729,85485515.65909757,101994696.53386253,83680818.09930253,90065223.51828003,88689854.85899253,93757106.73632255,101058656.68614508
2019-09-12,106404371.49408253,98274439.99507749,82053930.69314006,91091987.80910252,82923367.54366505,82130346.67316005,87575954.83590257,94819555.81498004,89483036.4890175,95403497.083545,85219908.2672025,87362978.92839004,84486910.80997503,87118814.55271006,85564937.62506753,87571291.97292504,83410769.75929251,94753677.82032505,94619805.42219001,91907132.72421506,80694102.27471504,79556211.73993503,91005398.21324256,97025845.94528508,92009489.71253504,85397607.06596005,97465000.28406258,89686992.19443007,80952765.298495,94554621.16539505,83991225.26670256,99327316.71725005,99468397.52470258,97157467.75515002,92058373.70851508,85815782.58755003,86703801.41311504,98964433.99621251,89451951.26940256,91276879.59183502,87678795.49331,92181643.08267507,78569962.06343499,91588211.05429001,85491305.33909756,101534696.53386253,84567187.52730253,90268218.92128003,89384196.87199253,93824458.15532255,101257868.62114508
2019-09-13,106538152.58908254,98175411.49957749,82102031.98314007,91285204.46060252,83284127.02066505,82143886.41516006,88121592.33940257,94771401.04448004,90240344.8930175,95535039.031545,85765388.2777025,87513123.63639003,84651386.31597503,87414502.58471005,86355149.07056752,87932988.31242505,83779926.77179252,94935915.18532506,94974394.29869002,92085812.75321506,81122298.21271504,80191672.03393503,91077158.89024255,97134213.9882851,91839522.55453505,85635081.34741005,97277944.16156258,89800078.19593006,81165811.04499501,94318005.41739504,84018228.58920255,98682073.29575005,99850501.31320257,96824264.85615002,91999234.08781508,85720166.73805003,86922394.58211504,99067283.73021251,89561129.89990257,90687865.20083502,88234773.20081,92196781.28317507,79093031.62493499,91891087.40029001,85723674.17609757,101384064.66486254,84872306.02030253,90257393.64728004,89535599.83449253,94225205.62332255,101149279.18964508
2019-09-16,106633941.43658254,97632202.4990775,81950356.69764006,90730560.20711252,83398104.02666505,82029532.93356004,88363963.98240258,94793385.85948005,90642906.6500175,95235942.598545,85375963.34520249,87569750.63539003,84572392.63847503,87404043.23121005,86635761.66056752,87835102.30092505,83681796.91479251,95031373.48532505,94853930.04369003,92318240.13071506,81723192.56771505,80594467.73193502,91266583.76624255,96681269.6012851,92326009.76503505,85743291.19591005,96253617.28606258,89773930.92993006,81210559.915995,94110358.92439504,83785704.59370255,98149773.53975005,99919553.56720258,96582073.07055001,91868301.24931508,84874444.66555002,86738387.13561504,98947116.35071251,89180783.34965256,90228868.72633502,87813650.84831001,91571759.79367507,78923839.72893499,91968230.40079,86144952.16629758,101554618.72336254,84459242.40230253,90286863.05178003,89984628.67049253,94332317.91332255,101224325.84064509
2019-09-17,107217661.68358254,98285751.53107749,81636401.56164007,91248560.20711252,84156104.02666505,82990792.29556005,88995963.98240258,95754385.85948005,90780906.6500175,95998942.598545,85262963.34520249,88271791.33539003,84643837.72047502,88064907.95621005,86590761.66056752,88783193.36092505,83748796.91479251,95083373.48532505,94770930.04369003,93459240.13071506,82266192.56771505,81131467.73193502,91697921.28374255,96937243.89378509,92415843.96153504,85353346.73641005,96036068.5710626,89751362.71043007,81420726.029995,94638824.60939504,83683704.59370255,97844558.11225006,100982913.79220258,97069545.07805002,92494190.39831507,85002484.59705003,86758244.56811504,99804625.36421251,89647789.35865256,90055868.72633502,87844650.84831001,92340747.79367507,79081438.694935,92374225.80379002,86460407.25429758,101339109.64436254,85189891.95230253,91231867.36228003,90264493.39549254,95307933.09732255,101302174.34464508
2019-09-18,107123807.38858254,98001612.0560775,81329173.13114007,91277307.67828253,84366104.02666505,82880792.29556005,88710963.98240258,96163385.85948005,90907906.6500175,96428942.598545,85126570.64020249,87999999.46739003,84526837.72047502,88160907.95621005,86612761.66056752,88836193.36092505,82967796.91479251,94565373.48532505,94999930.04369003,93313240.13071506,81893192.56771505,81365467.73193502,92202921.28374255,97247243.89378509,92401261.61953504,84867346.73641005,95192667.08356258,90360362.71043007,81776726.029995,93788824.60939504,83900889.26120256,97385046.53075005,100762913.79220258,97201545.07805002,92496190.39831507,85142091.89205003,87082244.56811504,99744625.36421251,89632424.35482256,90095868.72633502,87932650.84831001,92099382.78984506,79319438.694935,92761225.80379002,86315407.25429758,100430527.30236255,84792340.82830253,91448867.36228003,90621493.39549254,94789933.09732255,101024253.10014509
2019-09-19,108427807.38858254,98202511.2020775,81668173.13114007,91186773.36328252,84458104.02666505,82831792.29556005,89263963.98240258,96664385.85948005,91692906.6500175,97016942.598545,85444428.4774225,88328999.46739003,84743311.85165253,88719907.95621005,87135761.66056752,89444193.36092505,82333796.91479251,94562373.48532505,95144930.04369003,92852240.13071506,82199192.56771505,81464467.73193502,92730921.28374255,97741243.89378509,93157261.61953504,84488346.73641005,95314627.11474009,90655362.71043007,81923620.282215,93696824.60939504,83678971.16438006,97623425.86325006,101261913.79220258,97167545.07805002,93134190.39831507,85886141.82955003,87071244.56811504,99549625.36421251,89676471.79082257,89743596.64633502,88321650.84831001,91775561.25959256,80032438.694935,92858225.80379002,86781407.25429758,99851527.30236255,85122340.82830253,91334867.36228003,91103493.39549254,94970933.09732255,101230253.10014509
2019-09-20,107741807.38858254,97966511.2020775,81828173.13114007,90206773.36328252,83743104.02666505,82717792.29556005,88569193.40350258,96077385.85948005,91315906.6500175,95991942.598545,85832590.9824225,87892999.46739003,84495621.24365252,88073907.95621005,86890761.66056752,88379452.60880505,81578872.65825501,94660513.72418505,94628070.28255002,92398240.13071506,82015192.56771505,80704726.97981504,92008921.28374255,97506968.7485051,92494261.61953504,83147199.46444255,95497127.32224008,90461362.71043007,81222321.809715,93407824.60939504,82914649.67684256,97053425.86325006,100150172.02094008,96298809.05402502,93012190.39831507,84797630.09474503,87066415.16113505,99336625.36421251,88950960.45980257,89369443.36233503,88045650.84831001,91151860.04559258,79350528.42839748,92484455.22489002,86602455.49499758,98838635.25582004,84332340.82830253,90389096.78338003,90570493.39549254,94893933.09732255,101048253.10014509
2019-09-23,106938100.46415254,97357483.5635775,81314173.13114007,90189593.88428253,83240935.74642505,82084321.23956005,88398981.28350258,95647385.85948005,90808735.38639751,95768887.385185,84965590.9824225,87793999.46739003,84085237.26665252,87473907.95621005,86247761.66056752,88293952.21630505,81166938.66075501,93705451.69418506,94022882.57755002,91646418.74271506,81528192.56771505,80045446.01781502,91214921.28374255,96604095.0325051,92075455.28943755,82566070.84844254,95022688.6987401,90146362.71043007,80436689.546445,93363027.70889504,82644388.94515257,96752746.82446507,100161491.99844009,95342757.37802503,92658578.65831508,84911442.38974503,86664754.30551504,98911115.53621252,88301922.78130257,88761306.28283502,88001650.84831001,90456860.04559258,78547421.2626575,91464350.69839002,86316930.36249757,97641707.03732005,83990340.82830253,90085565.41076003,89938493.39549254,94452254.61982256,100377894.2301451
2019-09-24,106828100.46415254,97057483.5635775,81395444.93214007,90393593.88428253,83237679.87192504,82000384.71456006,88354783.74450257,95562385.85948005,90681932.9123975,96103254.413185,84665590.9824225,87863765.36539003,84566985.42465253,87353907.95621005,85843159.23106752,88265952.21630505,81066596.89275502,93508451.69418506,93846882.57755002,91529276.83671506,81371620.93021505,80011571.69481502,91037089.72024256,96417143.4900051,92178455.28943755,82335167.69244255,94619656.9092401,90366362.71043007,80700520.646445,93537090.97639504,83085351.93015257,96499192.50646506,100757305.10844009,95235757.37802503,92591578.65831508,85063442.38974503,87305959.25451504,99041115.53621252,87963922.78130257,88596153.61833502,88326650.84831001,89960860.04559258,78755151.33865748,91005281.23439002,86347395.06999758,97418855.83482005,84314340.82830253,89837387.11176004,90339493.39549254,93906254.61982256,100355037.1621451
2019-09-25,107437929.13915254,97575426.1492025,81421855.39648007,90974459.30515751,83420696.42226505,82266384.71456006,89101295.18513258,95797418.16348006,90850932.9123975,96450545.748685,85332590.9824225,88040313.09689003,85099985.42465253,87594818.16433504,86431596.83090752,88725233.84830505,81468434.80275501,93767038.46656756,93992882.57755002,91600187.04484007,81669121.31371504,79906682.02481504,90898916.59674256,97423688.98150511,92574824.42193756,82453742.31744255,94841656.9092401,90336362.71043007,81151456.277445,93353699.56089504,83107762.39449257,96556192.50646506,100803309.6759401,95982875.71302503,93444578.65831508,85418070.41068253,87757959.25451504,99945115.53621252,88281922.78130257,88302154.06383502,88355650.84831001,89715730.93309256,79266989.84865749,91412601.33077252,86998395.06999758,97471794.53342004,84531912.30930254,89575297.31988503,90811493.39549254,93603855.85232756,101019037.1621451
2019-09-26,108039689.51968254,98217207.02320251,81940894.02115257,91047424.46169752,83744411.72033004,82529384.71456006,89578721.12517259,96486418.16348006,91461932.9123975,96954545.748685,85954590.9824225,88179346.66117004,85646985.42465253,87906535.12485005,86623871.54518752,88961203.75049254,81610434.80275501,94582018.47503255,94038916.14183003,91747024.95484006,81856104.91071504,80306682.02481504,91140916.59674256,98207057.39817761,92650824.42193756,82477127.99795754,95488690.4735201,90978396.27471006,81685670.21791,94105733.12517504,83691956.11749256,96808825.10446505,101588309.6759401,96484604.77102503,94131578.65831508,86210054.00768253,88200959.25451504,100196115.53621252,88546150.46680257,88964439.31747502,89014019.2649825,90055299.08037257,80064989.84865749,91685260.83127253,87424355.35749757,97876264.74911754,84781857.68230253,89931946.06816003,91341159.76603253,94260059.60486756,100901037.1621451
2019-09-27,108626274.27968255,98678207.02320251,82788709.31615257,91999898.95269752,84636449.75033005,82327738.86029005,90156459.47367257,96692356.56304005,91794932.9123975,97115545.748685,86072911.8482475,88493960.03617004,86052565.26133753,88334482.50085005,87081773.10018753,89148084.07281755,82261661.99848501,95300341.67603256,93918343.20583002,93113024.95484006,82005104.91071504,80678682.02481504,91486916.59674256,98255498.2711776,92751208.89643754,83635965.90795755,96081976.25352009,92528283.01471007,82248817.61241001,94713880.51967505,84422956.11749256,98038825.10446505,102304309.6759401,97330604.77102503,94226158.49500008,86140054.00768253,88959959.25451504,100975115.53621252,88874150.46680257,89265052.69247502,89158061.09798251,90305158.20237257,80270989.84865749,92283260.83127253,87711355.35749757,98931648.08761755,85302228.23812753,90786420.55916002,92663159.76603253,95334691.19186756,101549532.9721451
2019-09-30,107978274.27968255,98926207.02320251,82398709.31615257,92463898.95269752,85075449.75033005,82052696.84229006,90090459.47367257,96585392.19304004,91246932.9123975,97190545.748685,86134699.1282475,88195960.03617004,85520129.90783753,88293482.50085005,87048773.10018753,89540513.34281754,81540347.21548502,94449341.67603256,94635343.20583002,93419024.95484006,81917104.91071504,80458682.02481504,91847916.59674256,97665498.2711776,92509208.89643754,84278965.90795755,95569976.25352009,92780283.01471007,81884817.61241001,93976880.51967505,84180956.11749256,97715825.10446505,102449309.6759401,97854604.77102503,93316116.47700009,86271054.00768253,88617959.25451504,101387115.53621252,89155150.46680257,88990052.69247502,88809061.09798251,90691158.20237257,79940989.84865749,92373260.83127253,87528355.35749757,98532648.08761755,85569667.01562753,90490420.55916002,92644596.23603253,95619691.19186756,101065532.9721451
2019-10-01,108649732.56508255,98836207.02320251,82551709.31615257,92699480.49469751,85280449.75033005,82358696.84229006,89951459.47367257,96541392.19304004,91771932.9123975,97314545.748685,86797699.1282475,89084960.03617004,85814479.62283753,88880482.50085005,88054773.10018753,90063513.34281754,81375530.91748503,94564837.62103257,95147343.20583002,93223024.95484006,82164104.91071504,80276682.02481504,91950916.59674256,98515498.2711776,92900208.89643754,85013965.90795755,95295307.8580201,93923283.01471007,82300817.61241001,94042880.51967505,84373956.11749256,97544825.10446505,102493309.6759401,98036604.77102503,94083116.47700009,86226054.00768253,88744959.25451504,100749115.53621252,89632150.46680257,89511052.69247502,89052648.54798251,90841158.20237257,79703989.84865749,92450260.83127253,87813355.35749757,98470648.08761755,86066667.01562753,90434420.55916002,92980596.23603253,96492604.44586755,101465532.9721451
2019-10-02,108177057.76908255,98075207.02320251,81983709.31615257,92006480.49469751,85430222.36033005,81335696.84229006,88969459.47367257,96142392.19304004,91276958.67239751,97126545.748685,85718699.1282475,88555960.03617004,84953479.62283753,88140482.50085005,87054773.10018753,89684513.34281754,80821225.25203001,93961704.34903255,94270700.55988503,91971915.63384007,81586104.91071504,79726682.02481504,91284038.81674255,97381498.2711776,92512208.89643754,85249965.90795755,94331307.8580201,94452283.01471007,82003817.61241001,93684880.51967505,83709956.11749256,96870825.10446505,101979309.6759401,96920604.77102503,92999713.91072509,85556054.00768253,88070411.48608254,99591115.53621252,88708150.46680257,88809052.69247502,88797383.19498251,90357158.20237257,79386989.84865749,91836627.59827253,87219355.35749757,97788648.08761755,85190667.01562753,90123420.55916002,92386596.23603253,97052604.44586755,100488532.9721451
2019-10-03,107744012.81908254,98060351.7932025,82196534.17165257,91828480.49469751,86243222.36033005,81517873.60629006,89161846.75017257,96057392.19304004,91240958.67239751,96747545.748685,85857699.1282475,88545960.03617004,85529479.62283753,87995482.50085005,86816773.10018753,89364513.34281754,80876812.77303003,94525704.34903255,94277291.31988502,91853915.63384007,81728104.91071504,79946294.14381504,90958188.83451506,97727316.8776776,92008358.91421005,85921965.90795755,94834520.7910201,95030785.52171007,81921446.46241,93761941.17167504,83427131.18299256,96588126.54646505,101768309.6759401,96441095.17352504,93108186.39972508,85486054.00768253,88169097.11008254,99808115.53621252,88709451.90880257,88515052.69247502,89038383.19498251,90116002.46987256,79583768.25515749,91802627.59827253,87395666.64499757,97669648.08761755,85109667.01562753,89899219.93166003,92387596.23603253,97942604.44586755,100924532.9721451
2019-10-04,106690698.23908255,97637050.32070251,82862534.17165257,92349480.49469751,87016222.36033005,81150053.95939505,88656846.75017257,95799392.19304004,90495951.4382375,96710545.748685,85359616.4033225,88747960.03617004,85378479.62283753,87715482.50085005,86599773.10018753,89199513.34281754,80818578.63803002,94056704.34903255,93946291.31988502,91582000.47605006,81240104.91071504,79379857.48881504,90947874.05151506,96922316.8776776,91603875.43221004,86361965.90795755,94207520.7910201,95736785.52171007,81592640.18541001,94454941.17167504,83283131.18299256,96184126.54646505,101950309.6759401,96578095.17352504,93279586.96775508,85625054.00768253,88206097.11008254,99982563.22493751,88369451.90880257,87915567.54997504,89136383.19498251,90493002.46987256,79625768.25515749,91307627.59827253,86891666.64499757,97115648.08761755,85235667.01562753,89375594.46416003,92373596.23603253,98185604.44586755,100195532.9721451
2019-10-07,104825698.23908255,96231712.0732025,82719813.27165258,90935142.24719751,87460222.36033005,80576844.54939505,87893822.21517257,95008830.46804005,89916230.53823751,95481243.01903,84761883.7408225,87617960.03617004,84551430.24283753,86976761.60085005,85172773.10018753,87241312.39894755,79240056.32093002,93134933.05903256,93019207.27778502,90769876.79355007,80339373.45272005,78936926.73881504,90201943.01324005,96145584.21517761,90370569.87971005,86972916.52795754,93378849.52852009,96358406.52171007,80131004.65041001,93855967.38917504,82805045.21637256,95194146.64626005,101097309.6759401,95779913.40602502,92939586.96775508,84656748.45518252,87202758.86258253,99045791.93493752,87395440.14630257,87408217.53997503,87850101.24392751,89116801.52600257,78810047.3551575,90297734.70389503,85725945.74499758,96084876.79761754,84051667.01562753,88187594.46416003,91526596.23603253,98358604.44586755,99427761.68214509
2019-10-08,104878019.56658255,96631888.61820251,83441088.11565258,90625424.00219752,88842620.27640505,80699273.41339505,88055025.55417258,95174861.07254004,90546698.1567375,95481030.36803,85922831.1168225,87285818.06617004,84485933.23183753,87596925.06335005,84913757.74068752,87279523.85894755,78572448.58193003,93384162.17365256,93303330.70528501,90805165.71605006,80766672.61022004,79389861.28824003,90975244.85024005,96960428.67017761,90433040.40021005,88259731.30066255,92995067.0707826,97622327.72299007,80153255.87541,94507494.55067503,83164464.67437257,95221528.26126006,101537413.6259401,95915958.98152503,93997018.54275508,85351394.88618253,86693841.69322254,98882743.34493752,87793581.80030257,87364606.52247503,88270426.20892751,89292795.49100257,78982208.05945499,90634546.89087503,85701560.52949758,96593178.60311756,84169252.78812754,88708596.17666003,91676060.99353254,100362279.84686756,99416653.02955258
2019-10-09,104908183.88058254,96776921.33570251,82911062.30665258,91837677.77019753,87523620.27640505,81441463.28689505,88230027.76017258,95361880.28554004,90776447.21273752,94966588.50203,86065952.2963225,87128106.93367003,84851841.78383753,87766470.54335004,85055646.33568753,87308731.39094755,78635074.41793002,93187118.86315256,94035564.15178503,91559754.77755007,80555774.67822005,79759809.86424004,91363193.32474005,96659896.7501776,90588472.25021005,87887818.76066254,93340241.3907826,96085000.54299007,80632613.10041001,93685121.23117504,83211464.67437257,95015393.08776006,101595123.4609401,96433416.07252504,93182832.73925509,85693303.43818253,85873452.62722254,99401590.45293751,88150162.75230257,87250642.45697503,88032653.75292751,89756303.71050258,79075086.59345499,91037637.85837503,85907457.73299758,96672314.29311755,85185778.50912753,88596275.28716002,91825559.58103254,99524560.02386756,99399837.1475526
2019-10-10,104584116.35808255,97459395.32820252,82094062.30665258,91405677.77019753,86522435.57140505,80989231.15489505,88424967.84367259,94836146.05354005,90404347.06023751,94314707.39203,86185189.8463225,86818106.93367003,84287728.32983753,87949002.47635004,85382476.03968753,87477410.10944755,78463053.61193003,93210118.86315256,94190751.07178503,91761942.20505007,80500426.68322004,79630872.01374003,91869193.32474005,97095689.67367762,90849091.04321004,86635755.92766255,93689345.1612826,94839000.54299007,80649613.10041001,92588945.93217504,83551464.67437257,94798121.34676006,101233123.4609401,96569315.92002504,92952832.73925509,85263133.14218253,85275452.62722254,99526228.25193752,88603162.75230257,87442205.80197503,87133716.2929275,89099240.87750258,78702345.659955,91030301.87237503,85737526.38099757,96864647.50911754,85070778.50912753,88296275.28716002,91817491.15403254,98609560.02386756,100019802.7355526
2019-10-11,104888116.35808255,97497395.32820252,81494479.49165258,91390115.06019752,86153240.43640505,81030993.47989506,88816967.84367259,94625146.05354005,90558261.85023752,93550055.17203,86558189.8463225,86819126.93367003,84430748.32983753,88141002.47635004,85481476.03968753,87428791.77822755,78442878.47693002,93290118.86315256,94429751.07178503,91743942.20505007,80658231.54822005,79811872.01374003,91942193.32474005,97298689.67367762,90852091.04321004,86264518.25266254,93653345.1612826,94257000.54299007,80812626.23869751,92033235.47217505,83548260.83437257,94991121.34676006,101567148.4609401,96376315.92002504,92346942.81925508,85397153.14218253,84777143.44722253,99696228.25193752,88679162.75230257,87433205.80197503,87141736.2929275,89298260.87750258,78371863.159955,91117301.87237503,85988526.38099757,96889647.50911754,84950798.50912753,88304275.28716002,91991491.15403254,98228560.02386756,100089802.7355526
2019-10-14,105891116.35808255,97589395.32820252,81608889.45115258,91096405.64919752,86005205.12390505,81237911.43789506,88942967.84367259,95275146.05354005,91095070.3422375,93003433.21203,87682189.8463225,86924971.04667003,84758000.88883753,88483002.47635004,85447476.03968753,87768599.67022756,78806969.63843003,93439318.29065256,94821751.07178503,91668942.20505007,81286622.18822005,80258872.01374003,91856193.32474005,97917689.67367762,90753091.04321004,86169859.81516254,93141504.9707826,93888514.28999008,80866948.64569752,92065101.40617505,83208406.32737257,95067705.90376006,101988047.1084401,96772315.92002504,92565723.69325508,85821101.11818253,84451407.01616754,99457228.25193752,88848162.75230257,87614205.80197503,87688938.12942751,89748041.75150257,77802432.107955,91615301.87237503,86046526.38099757,96742489.17661755,84794226.17312753,88403275.28716002,91583491.15403254,97729464.78136757,100531802.7355526
2019-10-15,105895116.35808255,97324219.35932751,81420783.40015258,90885405.64919752,85629633.19390506,80776268.36134006,88972967.84367259,95278146.05354005,90438876.83270252,93296893.49603,87749189.8463225,86529971.04667003,85176325.13383752,87774938.51722504,84574895.91813253,87793599.67022756,78484969.63843003,93205738.16909756,94562751.07178503,91041709.60575007,81104622.18822005,80032872.01374003,91356193.32474005,97562689.67367762,90612550.50341004,85912197.23116255,93031504.9707826,93979514.28999008,80817948.64569752,91980101.40617505,82759406.32737257,94938705.90376006,101297047.1084401,96142735.79847004,92363723.69325508,85634761.70282254,84030385.01016754,99084842.06878002,88631162.75230257,87326141.84285003,88380938.12942751,89528041.75150257,77409838.257955,91637301.87237503,85658602.25889257,96493242.85444005,84217789.62837754,88208632.21060503,90997262.79153255,97527362.69386756,99989802.7355526
2019-10-16,105986116.35808255,97369925.99132751,81435783.40015258,91408405.64919752,85754591.15890504,80535661.94341005,89029967.84367259,95029849.96454005,90276715.14870252,93224893.49603,88644189.8463225,86840993.45667003,85671325.13383752,87757146.64922504,84708768.84913252,88456599.67022756,78892736.09543002,93191931.99359757,94368751.07178503,90780533.80825007,81153812.09722005,80219374.18678004,91673193.32474005,97780689.67367762,90958251.92741005,85487387.14016254,93160504.9707826,94259514.28999008,80758948.64569752,92113101.40617505,83089035.91137257,95194705.90376006,101299047.1084401,96075670.66697004,92411723.69325508,85405761.70282254,84032574.91916755,98876929.52878001,88876162.75230257,87236062.20085002,88960938.12942751,89565041.75150257,77434948.729955,91607301.87237503,85583029.92289257,96458933.78494005,83754125.23337753,88001617.60560502,91294262.79153255,97712362.69386756,99914802.7355526
2019-10-17,105512886.25738254,97768925.99132751,81596783.40015258,91398356.31907752,85434591.15890504,80215050.78341006,88790967.84367259,94596849.96454005,89724715.14870252,93121893.49603,89006189.8463225,86594584.42287004,86198325.13383752,87409146.64922504,84337768.84913252,88202599.67022756,79066736.09543002,92963931.99359757,93919751.07178503,90781533.80825007,80856393.93336505,80071280.26278004,91258666.29904506,97751689.67367762,90892251.92741005,85235875.80516255,93374504.9707826,93996514.28999008,80869948.64569752,92093101.40617505,83336035.91137257,94738705.90376006,101348047.1084401,95868670.66697004,92148346.11519258,84828340.05682252,83898070.86416754,98735929.52878001,88599162.75230257,87118062.20085002,89424938.12942751,88998041.75150257,77485948.729955,91101301.87237503,85480029.92289257,96203933.78494005,83544125.23337753,87975617.60560502,91266030.97153254,97451362.69386756,100193802.7355526
2019-10-18,104913147.02238254,97555925.99132751,81168783.40015258,91124823.40707752,85299591.15890504,79806225.05391006,88606449.08967258,93895749.44552004,89435340.4875825,92647893.49603,89511189.8463225,86596230.21587004,86565851.24133754,86701146.64922504,84205505.16824752,88007599.67022756,78957736.09543002,92159692.13821757,93402751.07178503,90216533.80825007,80424471.98736505,79810062.14090003,90939529.22404507,97666689.67367762,90311251.92741005,84881496.58316255,92616404.4517626,93917514.28999008,80564948.64569752,91999101.40617505,82879035.91137257,94449979.18676007,101051047.1084401,95746670.66697004,91675757.57019258,84151316.76827753,83520921.28166755,97744449.57764003,88262763.47030257,87045908.08892003,89476914.84088251,88367972.06750257,77189574.06883499,90498279.01537503,85117262.68789257,95772933.78494005,83155267.47537753,87630618.89660503,91070442.42653254,97094362.69386756,99611802.7355526
2019-10-21,103818760.44592005,97209925.99132751,80592783.40015258,90516823.40707752,85186920.62508005,79162225.05391006,88514449.08967258,92799101.08202004,89227201.82108252,91779081.3965075,89980189.8463225,86061610.51489504,87014563.13841753,86319063.45700504,83675035.39374752,87319599.67022756,78445736.09543002,91371765.89071757,93202751.07178503,89720533.80825007,80719471.98736505,78908156.40390003,90324481.91304506,97129689.67367762,89919164.21245006,84778496.58316255,91762890.3760126,93480789.67249008,80077948.64569752,91752101.40617505,82898960.28087257,93567204.99191757,100409047.1084401,94764670.66697004,91477061.46104258,83790607.01935753,83156921.28166755,97214323.86804003,87299763.47030257,86596138.73442003,89493181.8088825,87725972.06750257,76698951.311335,89309769.75420502,84521262.68789257,95124573.65629005,82946267.47537753,87167535.70438503,91177717.80903254,96428362.69386756,98882802.7355526
2019-10-22,103111491.28894004,96573925.99132751,80357342.94815257,90625328.28386502,85291827.97708005,78938050.13751006,88346449.08967258,92863023.55202004,88954833.11258252,92191707.7865075,88802698.9263225,85721107.43289503,86106078.22741753,86585594.16400504,83684035.39374752,87403353.62522756,77798736.09543002,91085378.13250506,93300560.97428504,90084641.31070256,80742806.28336506,79074535.21190003,89849481.91304506,96470481.07817762,90187982.60895005,85020496.58316255,91019775.3235126,93314100.39349008,79969948.64569752,91783283.03067505,83146960.28087257,93802172.35481006,100035047.1084401,94741061.24347004,91192905.16604258,83705695.67935753,83233921.28166755,97159809.76804002,86811567.23569506,86341138.73442003,88384025.7463825,87983217.64350258,76497641.414255,88714669.46420503,84777262.68789257,94737119.63930005,82150592.64380753,87298006.10288502,91096717.80903254,96303587.46836756,98422157.8505526
2019-10-23,103151491.28894004,96385530.7313275,80297141.35715258,90409315.08386502,85193197.39877255,79323318.90551007,88550449.08967258,92646935.06502005,89095833.11258252,91916707.7865075,89096762.9333225,85423107.43289503,85856483.84141752,86978594.16400504,83754035.39374752,87594353.62522756,78023710.35993002,91263426.41250506,92991909.48890753,89494260.28870256,80688806.28336506,79318528.28840004,90174697.01904505,96335840.04717761,90164982.60895005,84736483.74116254,90492978.6235126,93619100.39349008,79715948.64569752,92034283.03067505,82813960.28087257,93791647.05193257,100220179.6609401,94338493.77602254,91215905.16604258,84196695.67935753,83225716.66607255,97420809.76804002,87029302.55219507,86052888.91942003,88688245.5478825,88053811.50500259,76173975.221255,89053860.85670502,84700262.68789257,95017349.08480005,82055330.49380754,87558850.21588503,90839555.33797005,96190248.44136757,97968660.4076926
2019-10-24,103055491.28894004,97326931.98182751,80794246.38415258,91201315.08386502,85260543.01177254,80048318.90551007,89064449.08967258,92748677.46102005,90317833.11258252,92087044.9470075,90108351.8933225,86350107.43289503,87101342.36341754,88019594.16400504,84536143.33124752,87644353.62522756,78489261.79743002,91515713.99250506,93964324.90140752,89812260.28870256,80673806.28336506,80203528.28840004,91257697.01904505,96966343.45767762,90328982.60895005,85342483.74116254,91770022.61551261,93907100.39349008,80100721.95269752,92480283.03067505,83670960.28087257,93993813.35993257,101940179.6609401,95500657.48102254,91818411.67804259,85191695.67935753,83585646.58057255,98536809.76804002,87867466.25719507,85887888.91942003,89204878.8333825,88238811.50500259,76276886.976255,89455988.34070502,85222136.86789258,95182407.52830005,83200264.66080754,87908850.21588503,91752456.88397005,96574248.44136757,98641178.8271926
2019-10-25,103545491.28894004,97608931.98182751,81101246.38415258,91368315.08386502,85303338.33922255,80000068.89441006,89399449.08967258,92572677.46102005,90679833.11258252,92590044.9470075,90390351.8933225,86458677.48289503,87175342.36341754,87992594.16400504,84835143.33124752,88003353.62522756,78766261.79743002,91375713.99250506,93933440.97640753,90767260.28870256,81335806.28336506,80451528.28840004,91789697.01904505,96946343.45767762,90734982.60895005,85344483.74116254,92163746.75801261,94302100.39349008,80402562.86269751,92343417.83631505,83812960.28087257,94318813.35993257,102158179.6609401,95582657.48102254,92046411.67804259,85468695.67935753,84175789.67357254,98851809.76804002,88004466.25719507,85913281.37192003,89539878.8333825,88512811.50500259,76499258.30575499,89773995.15270503,85551136.86789258,95478836.49380004,82870282.50605753,88145850.21588503,91832456.88397005,96919248.44136757,98501321.9201926
2019-10-28,103411491.28894004,97596931.98182751,81056246.38415258,90617958.53738502,85631045.57122254,80426232.59941006,89162449.08967258,92394056.04606006,90202833.11258252,93282044.9470075,90107351.8933225,86151677.48289503,87161342.36341754,87876594.16400504,84266143.33124752,87697353.62522756,78644261.79743002,91566713.99250506,93661440.97640753,90539260.28870256,81317806.28336506,80174528.28840004,91371697.01904505,96528343.45767762,90520982.60895005,85223483.74116254,92412053.15001261,94681100.39349008,80357562.86269751,92696647.28181505,83444960.28087257,93857813.35993257,101821179.6609401,95097657.48102254,91783411.67804259,85108695.67935753,83797789.67357254,98312809.76804002,87563109.71071507,85978281.37192003,89378878.8333825,88330811.50500259,76409258.30575499,89686995.15270503,85308136.86789258,94765836.49380004,82583274.70605753,88267850.21588503,91435456.88397005,96823248.44136757,98113321.9201926
2019-10-29,102986009.70844005,97565931.98182751,80812246.38415258,89686527.48538502,85808045.57122254,80273355.58116756,88747449.08967258,91719458.46751004,90254833.11258252,93781044.9470075,89966351.8933225,85722626.79227003,86813342.36341754,87278594.16400504,83551980.85062253,87116353.62522756,78258261.79743002,90953071.67413005,93242470.19435753,90407260.28870256,80927806.28336506,79793528.28840004,91616697.01904505,96053250.92562762,90142982.60895005,84657955.42278755,92948053.15001261,94520100.39349008,79804562.86269751,92559647.28181505,82912960.28087257,93302813.35993257,101332179.6609401,94942657.48102254,91305115.66061759,84804807.46935752,83576789.67357254,97952809.76804002,87512665.44971508,85426234.87805253,88802784.05263,88210811.50500259,76183498.11238,89742995.15270503,84958136.86789258,94472836.49380004,82199588.42130753,88040850.21588503,90265049.07654504,96270471.76916757,97492326.9434426
2019-10-30,103226944.67844005,97381931.98182751,81121246.38415258,89506527.48538502,86198414.56322256,80225164.07316756,88752321.38167259,92167542.72451004,89993589.23708251,94130044.9470075,90021169.9553225,86177077.27427003,86666342.36341754,87209483.45650503,83502470.63199753,87153353.62522756,78179261.79743002,91050995.23513006,93582846.62835753,90231260.28870256,80847122.62186505,79990528.28840004,91649697.01904505,95969559.31112762,90070238.23045005,84557160.22028755,92971053.15001261,94415100.39349008,79579053.55119751,92756647.28181505,82898215.90237257,93379813.35993257,101162216.0754401,94781657.48102254,91130822.86261758,84625784.83335753,83333789.67357254,97933827.37054002,87678665.44971508,85355916.08655253,88633285.86613001,88382811.50500259,76059498.11238,89730995.15270503,84792136.86789258,94384854.09630005,82131101.03480753,88026850.21588503,90375246.57254505,96119181.68716757,97501072.3994426
2019-10-31,102147944.67844005,95574017.72861502,80634246.38415258,89617964.54288502,85196414.56322256,78663762.93018256,88472321.38167259,91864542.72451004,88042007.68088752,92762044.9470075,88317868.62184,84705775.94078754,86216342.36341754,85573482.81052254,82051256.85471752,87079353.62522756,78030261.79743002,90756995.23513006,92029209.35953252,89484260.28870256,79582721.47888005,78800071.80929503,90122472.78642257,94559645.05791512,89689238.23045005,84212160.22028755,91023695.72739011,93814100.39349008,79253053.55119751,92207647.28181505,82495215.90237257,93154813.35993257,99655265.33146009,94558657.48102254,89314461.37613508,82255147.56453252,82872789.67357254,96112607.15404002,87455665.44971508,84625843.45055254,87129078.96514751,88210811.50500259,75703022.03338,89322995.15270503,84689136.86789258,93456875.46085756,81016966.91234754,87113905.92851502,90116246.57254505,95472896.90029757,97260072.3994426
2019-11-01,101725151.65094006,95869290.34050252,81433511.49415258,90615282.11538503,85037087.61072254,79085762.93018256,89155994.42917258,92761835.24451005,88283727.46588752,92852033.4170075,89048186.19434,85983137.84078753,86679342.36341754,86184482.81052254,82751148.22217503,88043117.03772755,78873579.36993003,91139995.23513006,92663571.25953253,90272622.18870257,81080721.47888005,79772071.80929503,91380472.78642257,95843324.53041512,90634001.64295006,85011160.22028755,91431013.2998901,94393954.17099008,79642636.23369752,93288647.28181505,82741254.81239757,94181298.18993255,100377112.5789851,95111657.48102254,89584242.33911508,82070922.47953254,83263812.50794254,96272143.35904002,88734665.44971508,85072888.89055254,87428524.80514751,89215404.64439008,76199339.60587999,89918440.99270502,84877428.03791758,94673909.96835755,81681158.57484753,87321804.03351502,90666564.14504504,95979054.05711007,98207802.14628759
2019-11-04,102318042.45290755,96599843.17652252,81352939.65665257,91010190.67638502,86089349.76922256,79018268.74068256,88565571.88767257,93573341.05501005,88450465.22338751,93679731.4110075,88838597.15084,86367767.23078755,86731166.09321752,86973053.80552253,83085820.23917502,88756374.50722755,79474448.49793002,90590766.18819506,92098815.02153254,90420941.68820256,80819285.42388006,80388562.40779504,90961899.25042257,96443585.20291512,91087789.32895005,84609160.22028755,92168428.31789011,94037471.69499008,79605024.27969752,93256647.28181505,82719123.74639757,94864388.04993257,100788755.3809851,95293657.48102254,88954471.70775758,81599050.87703253,83070810.72594255,95939174.98304002,88832665.44971508,85171171.07955255,87751524.80514751,88609281.37839007,76487915.35688,89976678.54270503,85464969.88441758,94536034.66435756,81351407.83834754,87027086.92401502,90542440.87904505,96689704.96361007,98329835.2747876
2019-11-05,102452387.58540756,96723724.92252252,81928643.54115258,91226190.67638502,86028274.57922256,79025993.52318256,88670106.29667258,93693341.05501005,88539189.96588752,93937731.4110075,89210703.80334,86952767.23078755,86619256.55321753,86996928.63802254,83304820.23917502,89014374.50722755,79470468.35593003,90937471.10519506,92156921.67403252,90395778.74320257,81162740.64438005,80314467.19679503,91101427.71592256,96794274.32441512,91150789.32895005,84475901.36778754,92598428.31789011,94314385.13199008,79586541.43769751,93478644.96681505,82819123.74639757,94840134.10593256,100732755.3809851,95448657.48102254,88827425.47325757,81859178.30853254,83676744.03794254,96858401.92704003,89096665.44971508,85276577.57155254,87935195.0221475,89570281.37839007,76918915.35688,90464678.54270503,85836969.88441758,95190034.66435756,81308427.42034754,87622086.92401502,91166348.10404505,97382704.96361007,99641835.2747876
2019-11-06,102258387.58540756,96987724.92252252,81662643.54115258,91117112.78238502,86084274.57922256,79064013.50716506,88617891.31867258,93619361.03899255,88428189.96588752,93520731.4110075,89200703.80334,86933767.23078755,86860967.73021753,86937928.63802254,83100820.23917502,89192374.50722755,79156144.14513002,91000471.10519506,92210921.67403252,90621302.70620257,80624344.20038006,80049467.19679503,91100427.71592256,96793274.32441512,90966789.32895005,84458901.36778754,92271428.31789011,94195385.13199008,79233951.20668001,93544644.96681505,82957574.86889757,94480134.10593256,100667830.7709851,95259100.33302253,88329046.47325757,81536982.03353253,83583744.03794254,96639383.46904002,89295665.44971508,85360577.57155254,87818195.0221475,89340281.37839007,76850915.35688,90508678.54270503,85736969.88441758,95267034.66435756,81609711.54234754,87539086.92401502,90921922.40904504,97537704.96361007,99373696.1447876
2019-11-07,102383387.58540756,96970724.92252252,81732643.54115258,91052112.78238502,86140274.57922256,79219642.49116506,88817891.31867258,93596182.73999254,88864189.96588752,93502731.4110075,89124703.80334,86824767.23078755,86755967.73021753,87304928.63802254,83277820.23917502,89025374.50722755,79080454.83863002,91080471.10519506,91899921.67403252,90819302.70620257,80745344.20038006,80180467.19679503,91526427.71592256,96505573.55239762,90892789.32895005,84327901.36778754,92469428.31789011,94181385.13199008,79336969.82468002,93659644.96681505,82846314.58247757,94426439.37137756,101016841.9859851,95159100.33302253,88313093.30925757,81962988.04253253,83936744.03794254,96332383.46904002,89144665.44971508,85285577.57155254,88064195.0221475,89061281.37839007,77079915.35688,90799678.54270503,85909969.88441758,95394034.66435756,81437711.54234754,87959086.92401502,90738922.40904504,97652704.96361007,99218696.1447876
2019-11-08,102561387.58540756,97072724.92252252,81638643.54115258,90670378.90578252,85823274.57922256,79323642.49116506,88616891.31867258,93390182.73999254,88725189.96588752,93493997.534405,89108703.80334,86525767.23078755,86704967.73021753,87151928.63802254,83132820.23917502,89075374.50722755,79125454.83863002,91073471.10519506,91884187.79743002,90569302.70620257,80690344.20038006,80195467.19679503,91295427.71592256,96212007.52089763,90892789.32895005,84395901.36778754,92385428.31789011,94168385.13199008,79147969.82468002,93438644.96681505,82918230.03897756,94431812.50087756,100939841.9859851,94792100.33302253,88258093.30925757,81899988.04253253,83932744.03794254,96214383.46904002,89174665.44971508,85120577.57155254,88071195.0221475,88878281.37839007,77163915.35688,90481678.54270503,85922969.88441758,95098034.66435756,81502711.54234754,87826086.92401502,90592922.40904504,97660704.96361007,99214696.1447876
2019-11-11,102307387.58540756,96890724.92252252,81115643.54115258,89896653.37828252,85177274.57922256,79189642.49116506,88487891.31867258,92848182.73999254,88484189.96588752,93086046.871905,88478797.2819525,86140767.23078755,86234967.73021753,86887022.11663504,82560001.83779003,88845374.50722755,78640454.83863002,90732471.10519506,91811722.32443003,89837302.70620257,80353344.20038006,79530467.19679503,90810427.71592256,95637007.52089763,90644789.32895005,84277901.36778754,91724830.53515261,93930385.13199008,78756967.94168001,93121644.96681505,82466230.03897756,93776812.50087756,100404841.9859851,94431100.33302253,87637093.30925757,81426988.04253253,83354744.03794254,95965383.46904002,88891665.44971508,84709577.57155254,87672195.0221475,88305281.37839007,77076915.35688,90080678.54270503,85520969.88441758,94259034.66435756,81093711.54234754,87572086.92401502,90061922.40904504,97529704.96361007,98896696.1447876
2019-11-12,102556387.58540756,96873724.92252252,81332863.51215258,89996653.37828252,85665274.57922256,79104577.06166506,88946356.90867259,93128833.33949254,88515694.29588751,93131837.056905,88709797.2819525,86234767.23078755,86077220.34371753,87098534.83163504,82445740.28779003,88707374.50722755,78940454.83863002,90739471.10519506,91217722.32443003,89890302.70620257,80492344.20038006,79718467.19679503,91047110.33642256,95764007.52089763,90842789.32895005,84244475.72228755,92036347.4651526,94262385.13199008,78995967.94168001,93264231.35431506,82516230.03897756,93980348.10187757,100416869.2309851,94551100.33302253,87551421.31675756,81279713.10453252,83633468.74444255,95981383.46904002,88652916.57221507,84534803.73855254,87972587.6981475,88543109.68589008,77155915.35688,90098205.69720502,85843969.88441758,94739034.66435756,81085190.23984754,87693086.92401502,90290922.40904504,97885220.67611007,99125696.1447876
2019-11-13,102420387.58540756,96485512.84403501,80800832.44043258,89522653.37828252,85592274.57922256,78620577.06166506,88679356.90867259,92609833.33949254,87965694.29588751,92685837.056905,88295643.9979525,85747767.23078755,85467327.02171753,86812534.83163504,81864058.61625002,88235374.50722755,78479488.94395003,90315440.03347506,91010722.32443003,89626302.70620257,80025344.20038006,79252944.48529503,90662110.33642256,94922040.87454763,90453789.32895005,83896475.72228755,91557333.57265261,93675695.99297008,78449093.81185502,92710624.40331505,82226230.03897756,93679348.10187757,99883681.7389601,94029100.33302253,87264025.45269756,80637517.32399254,83196248.31694254,95488916.26604003,88350303.61221507,84361618.78561254,87474587.6981475,88093109.68589008,76529915.35688,89838205.69720502,85529969.88441758,94107034.66435756,80828190.23984754,87315921.70101503,89870922.40904504,96997057.38611007,98398696.1447876
2019-11-14,101363387.58540756,95424130.81653501,80548620.92043258,88725363.91699502,85537060.84072256,78097337.58627756,88664356.90867259,92539833.33949254,87376694.29588751,92096619.4196175,87192643.9979525,85490960.60556254,84680617.99021754,85840821.32024753,81298916.53825003,87779374.50722755,77843427.41245003,89795747.02547505,90257663.08893003,88799809.71220256,79561057.49538006,78896500.01279503,90341110.33642256,94541876.58275762,89784891.65862004,83342038.94568755,90812333.57265261,92948027.16047008,78000647.09267502,92238624.40331505,81747687.96543507,93570348.10187757,99056118.80896011,92956953.55870754,86460297.68893006,79948662.21699253,83010248.31694254,94980916.26604003,87847273.88021506,83843281.59061255,87440587.6981475,87450715.84989008,76387758.45538,89157205.69720502,84514901.34090008,93441034.66435756,80260763.14813754,86858921.70101503,89459749.90504505,96841211.04611006,98122360.1107876
2019-11-15,101144357.24110004,95333514.58703502,79876563.99193257,88351018.61749503,85679060.84072256,78058515.59377755,88473616.73685259,92721833.33949254,87100774.29788752,92037972.950555,86472862.05124,85391619.20756254,84323118.47221753,84938987.73372254,81313731.34075002,87761638.37972756,76474865.73495002,89956136.87597506,89691488.03321753,88430711.05020258,79359896.92926255,78023979.50179504,90242554.85498255,94674273.91025764,89526211.80462006,83068549.46368754,90563785.87565261,92631480.69097008,77440455.50925252,92203975.66581506,81768357.57343507,93328905.29161757,98126683.30846012,92800636.30920754,86139245.73241758,79631615.86147752,82872938.03544255,94685642.79217002,87120273.88021506,83001091.37451753,87501587.6981475,87499834.62639008,76344758.45538,88656389.79152504,84401396.88390008,93354985.34585756,79352061.33413753,86770397.85563502,89238749.90504505,96572426.85361007,97841145.8517876
2019-11-18,100647009.93860005,94707825.13603503,79708200.42093258,87539652.34049502,85560557.22572255,77721333.99027756,87854444.04085258,92448833.33949254,87261774.29788752,91452546.901555,86210562.28624001,85154873.68956254,83612313.66437754,84458959.42322254,81441491.64025003,87508583.15272754,75809474.33612752,89876136.87597506,89055662.00571753,87653053.32909258,79252039.82826255,77315808.02404754,90196128.80598256,94293535.23543763,89137734.78909005,82651822.33918755,90430235.36065261,92780611.83193009,76920028.44623251,92151975.66581506,81268049.08937258,93222344.26311757,97940813.30296011,92529719.36620754,85663278.06691757,79213807.19282253,82545889.20683755,94408117.38467002,86595273.88021506,82757191.76551753,87585125.07969251,87127834.62639008,75948124.73838,88218317.15552503,83742687.37340008,93021315.95885755,78523464.77092004,86460572.86813502,89038749.90504505,96111944.17461006,97532851.28378761
2019-11-19,100473498.42110005,95026508.23603502,79963774.78643258,87740941.15549503,85319430.90072256,77525327.88277756,88092455.68985258,92714108.76999256,87459309.10538751,91819688.57576749,86378342.03624001,84997944.89056255,83911528.45687753,84470215.56322253,81494762.82975003,87908255.06222755,75800133.11562753,89976640.39697506,88851124.68321754,87715848.04709257,79832060.34976256,77651196.21304755,90381909.46598257,94431622.09543763,89327820.30659005,82484822.33918755,90839010.63865262,92565220.80393009,77217775.36373252,92154975.66581506,81614726.35987258,93212742.56061757,98372280.36796011,92850647.40620755,86014629.98441757,79137136.42932253,82665679.48683754,94681439.46167003,86970387.13821507,83027668.47801754,87717649.70219252,87080947.88439009,76133124.73838,87894389.03452502,84113578.27240008,93107315.95885755,79133251.04592004,86663855.99513502,89454315.09054504,96220105.42961007,97925851.28378761
2019-11-20,100187003.25493756,94519464.06732503,79340774.78643258,87330331.37749502,85217430.90072256,77029908.03677756,87773455.68985258,92027108.76999256,87513309.10538751,91134024.9857675,86380342.03624001,85228778.77963755,83896195.36475754,84303185.24972254,81011762.82975003,87403845.36402756,75294133.11562753,89288640.39697506,88763499.25921753,87739707.87059256,79258060.34976256,77419196.21304755,89974909.46598257,93655932.59723763,89210820.30659005,82003515.52774504,90395381.32025261,91876923.97751758,77201727.04123251,91821046.58718005,81299394.32159507,92887742.56061757,99527280.36796011,92450120.65620755,86368629.98441757,78961136.42932253,82107350.45755005,94194439.46167003,87497483.74481508,82674634.92226754,87188649.70219252,86671139.22189008,75908124.73838,87120330.06832503,83703230.72014508,92310103.23885755,79846269.66392004,85994436.14913502,89052315.09054504,95837593.47761007,97734851.28378761
2019-11-21,98730393.13493755,93460555.72732502,78850190.00393258,86634047.77505502,84810227.91572256,75795631.96295007,87048431.56851259,91248905.78499255,87045489.42038752,90071765.97696748,85261342.03624001,84696193.99713755,83627195.36475754,83885185.24972254,80124411.30985004,86871845.36402756,74264024.28968003,87749507.81165504,88364150.52889754,86813772.77964507,78625085.33390756,76897663.11065754,89243327.55839756,92538734.60815763,88742617.32159005,81781312.54274504,89937959.6603226,91267923.97751758,76282524.05623251,91176183.86968005,81293191.33659507,91737842.58811757,99149280.36796011,91532380.13730755,85671415.15773007,78366928.16629253,81606587.74255005,93224439.46167003,86971445.97543508,82435870.48759255,86572649.70219252,86327230.88189009,75142565.00838,86735602.04332504,82840230.72014508,91339927.89991754,79051066.67892005,85208741.01288752,89152292.42054504,94761772.21018007,96363161.5237876
2019-11-22,99291649.12493756,93138399.26552752,78257539.36648259,85976546.67255503,85215067.75572257,74789479.75023757,86407816.93955007,90221857.36803256,86270935.30176751,89459819.46401748,84480759.592745,84347896.35837755,81886661.67331754,83334171.54309753,77971166.42862003,86051110.30953506,73701671.25488003,87079725.83530006,87427457.36574252,85355521.27460256,77900394.41259757,76093404.16565755,88427873.42589757,91178484.75711262,86859057.08694756,80237133.73096254,89377303.49290012,90332397.33086759,75668647.07273751,90892589.69090006,80345142.71216507,89641771.92922257,98042102.10573512,90671196.29852754,84768851.24054256,78158203.08981752,79890703.47115254,92826529.68626252,86372388.17543507,81789284.60374504,84775731.07054001,85073601.59648758,74488350.1491,85823586.38416502,81950510.85951507,89503744.13065255,78657435.63342005,84708807.61969753,87509121.93824755,93052298.08643506,95704358.0641801
2019-11-25,99636755.39693756,93012969.59652752,77863641.6667126,85381794.80855504,85237716.04776257,74687529.39223757,86412301.60355008,90259141.65253256,86179188.50626752,89457231.3975175,83949968.832245,84176765.38816755,81440939.84731755,83173603.87109753,78022503.82006252,85697325.25353506,73676749.01338002,86961270.42230006,86518451.54874252,84960931.48370257,77249619.84109756,75421252.20065755,87989103.54389757,90999848.38811263,86811333.83794755,80040159.29896253,88967790.59290013,90179957.39036757,75198467.38543752,90407067.99390006,80445046.99916507,89054513.38822258,97342338.09723511,90168418.14702754,84272899.25654256,78292394.28231752,79845771.90185253,92653487.24202251,86073706.95343506,81562542.73874503,84518384.31930003,85000214.39648758,74328539.63719,85952343.77566501,81670309.86680508,89028303.05265255,78427193.97142005,84792609.20719752,86973657.84124754,92929377.83893506,94903800.7461801
2019-11-26,99787755.39693756,93115701.04952753,77984327.3077126,85547394.98355502,85386472.12776256,74705655.38073757,86486000.54605007,90714768.23653257,86314083.85826752,89473415.72351749,83911962.960745,84210604.49816754,81518954.51781754,83271768.58209753,78101034.44256252,85756662.66953506,73710587.38102002,87057274.43730006,86493064.23124252,85112630.89370257,77214077.96209756,75274810.94865754,88001248.14689757,91076758.44461264,87023357.77844754,80052668.01696253,88661647.91490012,90106571.37436756,75333583.86643752,90337145.28090006,80331050.52166507,89199113.56322256,97754465.98723511,90446636.89402753,84118231.06954256,78307008.25731751,79657903.50835252,92636922.79802254,86399656.12943506,81747184.13774504,84636337.61780003,84675659.78848758,74586585.47619,85999122.75716501,81777463.97180508,88885023.57665256,78515907.40642005,84651595.90569752,87265148.32524754,92984995.00643505,95151275.27318011
2019-11-27,99544755.39693756,92587157.22902752,77958637.2072126,84995968.74055503,85157101.71176256,74679179.90173757,86502857.86805007,90705154.67653257,85943083.85826752,89680437.45201749,83510590.55074501,84309901.27416755,81550551.71702754,82990120.40709755,77857782.89856252,85399067.64053506,73802681.54252002,86877656.28030005,86528557.18074252,85168379.34970257,77640392.16309756,75663633.49815755,87689267.46639757,90497607.72851263,86422290.65294755,79703319.42196253,88586612.04190013,89809402.98886757,75261344.47843751,90823939.37290007,79926537.35266507,88502950.97472256,97832577.40941511,90491221.35852754,84438980.82004257,77946161.08731753,79249377.20535251,92341803.24252254,86308049.77843507,81490335.03974505,84427593.18580002,85287436.86848757,74533304.51419,85813509.60316503,81355982.09580508,89057067.85255255,78971760.13142005,84580548.01569752,86943505.88287254,93358381.44643505,95477722.3581801
2019-11-28,99568698.08805756,91846312.86245254,77284599.60867509,84111453.44450502,85218739.50176257,74389135.28073756,85946081.21951258,89988298.88979006,84871186.60311252,89057437.45201749,82701774.6908325,84477583.73916756,81285482.95478755,82525120.40709755,77478715.18052503,84712067.64053506,73420681.54252002,86261656.28030005,85478543.58514252,84609455.28387757,77098103.77825756,74974422.57815754,87316373.47889757,89558408.23397513,85350954.01334754,79415382.47585754,87968612.04190013,89180507.25786756,74075997.68755002,90054504.73736256,79155537.35266507,87306108.49132507,96439646.34906511,89070526.68417004,83695557.27254257,77688449.84707752,78578791.87863752,91483302.29906252,85420263.26293507,80898914.43774503,83603302.11630002,84491837.01598758,74402794.61419001,84798638.88716502,80420759.15556508,88095927.57268254,77800375.61914004,84380548.01569752,86416611.89537254,92845626.00233005,94169722.3581801
2019-11-29,99768698.08805756,92388583.80294003,77412575.53567511,83953831.92151003,85601864.14176255,74438631.68523756,86187765.93667257,90213663.53479007,84816992.87011251,89348669.56401749,82439877.7209875,84272583.73916756,81333131.57228754,82200378.61505754,77531259.52052504,84660568.16531256,73597933.33602002,86184559.64280006,85370297.85918501,84841842.92387757,77029230.24738255,75053811.25265755,87999610.42889757,89240575.79258513,85301856.19589004,79787382.47585754,88080165.38048013,89472836.65336756,74144086.69249502,90098951.52136257,79189130.88266507,86731810.55270757,96346771.02756512,88909006.89867005,84173755.13350506,77424072.55707753,78690389.10729253,91465352.23656252,85225237.03597006,81355903.53243004,83834666.70630002,84939207.21305758,74405612.48419002,84641624.02162753,80815864.27866508,88380114.92914504,77582968.34114005,84223195.81169753,86441967.74487254,92876557.56633005,94311483.8737601
2019-12-02,99504698.08805756,91184521.17294002,76530577.20180759,82561330.17116252,84933864.14176255,73435393.08974007,85902713.31267259,89304663.53479007,83802333.45130001,88206187.51765999,80926460.5730075,83430684.55731755,80695131.57228754,80618401.97274753,77337583.48907503,83442021.00032255,73017994.66341752,85376949.16492006,84008418.32730001,83709189.72371006,76024463.16403756,73944725.50597255,86978398.30889758,88295708.28603762,84431672.25567254,78292568.22447003,87265026.02611011,88358519.21557507,73105707.84374502,88238436.62021756,78421490.55083257,86365176.94702756,94139480.25117011,87945920.38750254,82760664.93480507,77073246.98591502,77883228.64762253,90133329.31134503,83980713.81902507,80208604.81171504,82299533.01126753,83460443.16024257,73756210.37103751,83905093.94115503,79748967.68283258,87087983.35564505,76092641.23675005,83730428.19020003,85841677.75740254,92301076.29614255,93061608.1891151
2019-12-03,99526148.87893756,91017810.30172253,75982743.21707259,82509592.68155253,85074712.97251256,73682410.34259006,85444727.45767258,89950097.09479007,83863158.38574001,88024104.67046499,80505838.1891875,83868749.93791756,81057268.65107004,80429797.18121752,77397720.56785753,83566021.00032255,72956082.75657752,85387666.90774006,83697185.762445,82953189.72371006,76505933.81328006,73565357.43667755,85701626.22193758,88152315.05094762,84152361.57317254,78108066.27176502,86803026.02611011,88250560.91196007,72747714.99374501,87820878.18895257,78018490.55083257,85773448.74320257,94029390.65847012,87674582.54312253,82027096.39827007,77325246.98591502,77692245.90047252,89570214.26529002,83255576.21424508,80043855.22939004,82291670.09005003,83290839.17347507,74103210.37103751,82921101.03860503,79586312.80807008,86854562.07923505,75855900.23175004,83203198.23454002,84927589.58809754,91903210.70620255,91795446.79599011
2019-12-04,99566148.87893756,91805810.30172253,76463743.21707259,82645592.68155253,85114712.97251256,74470410.34259006,85462089.35767259,90063097.09479007,84601158.38574001,88124104.67046499,80571354.54918748,83867749.93791756,81141268.65107004,80453488.05371752,77305720.56785753,83746021.00032255,73302082.75657752,85626357.78024006,84154185.762445,83584688.46621007,77229933.81328006,73888357.43667755,85893724.25443758,88308315.05094762,84474361.57317254,78432066.27176502,87471271.73111013,88568588.64800006,72863814.21874502,88273878.18895257,78263682.21333256,85811448.74320257,94264390.65847012,88355582.54312253,82335096.39827007,77265246.98591502,77920448.09472252,90302214.26529002,83546576.21424508,80195540.60939005,82905670.09005003,83668839.17347507,74143210.37103751,82858643.02110504,80054065.21242008,88391661.30423504,76017900.23175004,83132389.89704002,85305589.58809754,91864572.60620256,91936907.9209901
2019-12-05,99206148.87893756,91689810.30172253,76823743.21707259,82452592.68155253,84622712.97251256,74504410.34259006,85586089.35767259,89803097.09479007,84271158.38574001,87920104.67046499,80697354.54918748,83750749.93791756,80979268.65107004,80519488.05371752,77125720.56785753,83860021.00032255,73205082.75657752,85356357.78024006,84625185.762445,83732688.46621007,77349933.81328006,73910357.43667755,85867701.71443757,88269315.05094762,84323361.57317254,78099066.27176502,87789271.73111013,89020588.64800006,72907814.21874502,87866878.18895257,78168682.21333256,85899448.74320257,94376390.65847012,88237582.54312253,82242096.39827007,77085246.98591502,77945448.09472252,90631214.26529002,83367205.61227007,79975540.60939005,83256670.09005003,83258839.17347507,73842210.37103751,82962643.02110504,80416065.21242008,88798661.30423504,76085900.23175004,83020996.44079003,85321589.58809754,92088572.60620256,91990907.9209901
2019-12-06,99246148.87893756,91812810.30172253,76561743.21707259,82633592.68155253,85026712.97251256,74350410.34259006,85558089.35767259,89977097.09479007,84561158.38574001,87971104.67046499,80562354.54918748,83773749.93791756,80847268.65107004,80676488.05371752,77169720.56785753,83774021.00032255,73058082.75657752,85696357.78024006,84640185.762445,83513688.46621007,77189933.81328006,73635357.43667755,85905701.71443757,88431315.05094762,84190361.57317254,78094066.27176502,87771271.73111013,88705588.64800006,72931814.21874502,88275878.18895257,78178682.21333256,85971448.74320257,94045390.65847012,88130582.54312253,82803096.39827007,77265246.98591502,77982448.09472252,90895214.26529002,83496205.61227007,79889540.60939005,83454670.09005003,83202839.17347507,74112210.37103751,83112643.02110504,80376065.21242008,88802661.30423504,75923900.23175004,83125996.44079003,85419589.58809754,92062572.60620256,91810907.9209901
2019-12-09,99022148.87893756,91810810.30172253,76425743.21707259,82826592.68155253,84962712.97251256,74212410.34259006,85402089.35767259,90100097.09479007,84465158.38574001,88211104.67046499,80763354.54918748,83481749.93791756,80733268.65107004,80618488.05371752,76883720.56785753,83834021.00032255,73063082.75657752,85804357.78024006,84437185.762445,83681688.46621007,77111933.81328006,73949357.43667755,86000701.71443757,88376315.05094762,84283361.57317254,77814066.27176502,87531271.73111013,88527588.64800006,72927814.21874502,88363878.18895257,78169682.21333256,86057448.74320257,94037390.65847012,88046582.54312253,82818096.39827007,76947246.98591502,77956448.09472252,90715214.26529002,83711205.61227007,79827540.60939005,83439670.09005003,82966839.17347507,74082210.37103751,83112643.02110504,80424065.21242008,88675661.30423504,75842900.23175004,83247996.44079003,85259589.58809754,91972572.60620256,91705907.9209901
2019-12-10,98930530.33893755,91548810.30172253,76253743.21707259,82872592.68155253,84871094.43251255,73815410.34259006,85138089.35767259,89939930.87229006,84385158.38574001,88299104.67046499,80510354.54918748,83161583.71541755,80631268.65107004,80329488.05371752,76697006.66285753,83700021.00032255,73076082.75657752,85731917.69504006,84165185.762445,83576688.46621007,76860933.81328006,73731357.43667755,85666701.71443757,88325315.05094762,84066318.15685254,77669066.27176502,87387271.73111013,88307588.64800006,72847206.37874502,88331878.18895257,78013682.21333256,85843448.74320257,93845390.65847012,87675761.67576504,82604096.39827007,76728533.08091502,77595058.02947253,90144214.26529002,83644205.61227007,79761540.60939005,83090670.09005003,82986839.17347507,73891974.7975375,82776643.02110504,80031982.29409507,88437661.30423504,75476285.89916004,82964996.44079003,84937589.58809754,91722572.60620256,91574822.1409901
2019-12-11,98930530.33893755,91856810.30172253,76086446.65457259,82912592.68155253,84767094.43251255,74117113.78009006,85144360.60767259,89917930.87229006,84536031.20574,88267104.67046499,80451354.54918748,83155583.71541755,81039268.65107004,80345573.28871752,76697509.88785753,83808292.25032255,73210786.19407752,85855917.69504006,84097688.98744501,83648688.46621007,77274933.81328006,73714357.43667755,85759701.71443757,88346034.13958512,84039318.15685254,78122579.98926502,87645271.73111013,88105859.89800006,72865206.37874502,88485878.18895257,78036767.44833258,85821533.97820257,93903661.90847012,87790032.92576504,82688096.39827007,76793036.30591501,77622571.74697252,90300717.49029003,83670205.61227007,80187540.60939005,83154173.31505004,83506839.17347507,74261974.7975375,82579903.55974254,79835982.29409507,88625661.30423504,75440285.89916004,82995996.44079003,85012462.40809754,91712572.60620256,91534822.1409901
2019-12-12,98930530.33893755,92230810.30172253,76314446.65457259,83034592.68155253,84644094.87251255,74757113.78009006,85176360.60767259,89851930.87229006,84609031.20574,88302104.67046499,80403354.54918748,83239583.71541755,81399268.65107004,80373573.28871752,76625509.88785753,83712292.25032255,73351786.19407752,85809917.69504006,84341688.98744501,83736688.46621007,78049933.81328006,73589357.43667755,85709701.71443757,88424034.13958512,83968318.15685254,78428579.98926502,88245271.73111013,88389859.89800006,72822206.37874502,88561878.18895257,78036767.44833258,85773533.97820257,94054661.90847012,87896032.92576504,82693096.83827007,76793036.30591501,77574571.74697252,90690717.49029003,83657205.61227007,80415540.60939005,83436173.31505004,83880839.17347507,74436974.7975375,82512903.55974254,79992982.73409508,89119661.30423504,75494285.89916004,82948996.44079003,85020462.40809754,91807572.60620256,91594822.1409901
2019-12-13,98930530.33893755,92444810.30172253,76266446.65457259,83090592.68155253,84500094.87251255,74636281.53009006,85200360.60767259,89463930.87229006,84605031.20574,88427104.67046499,80360354.54918748,83209583.71541755,81231268.65107004,80394573.28871752,76697509.88785753,83424292.25032255,73388786.19407752,85639917.69504006,84102657.53224501,83959688.46621007,77882933.81328006,73925525.18667755,85486701.71443757,88361034.13958512,83974318.15685254,78260579.98926502,87921271.73111013,88326859.89800006,72590206.37874502,88559878.18895257,78414767.44833258,85541533.97820257,94069661.90847012,87818032.92576504,82439096.83827007,76793036.30591501,77342571.74697252,90310717.49029003,83571205.61227007,80157540.60939005,83001173.31505004,83924839.17347507,74161974.7975375,82288071.30974254,79924982.73409508,89120661.30423504,75494285.89916004,82895164.19079003,85026462.40809754,91777572.60620256,91594822.1409901
2019-12-16,98930530.33893755,92320146.50172253,76208446.65457259,83068592.68155253,84476094.87251255,74397281.53009006,85200360.60767259,90035267.07229006,84552031.20574,88439104.67046499,80905354.54918748,83737583.71541755,81681268.65107004,80394573.28871752,76729509.88785753,83343628.45032255,73414786.19407752,85629917.69504006,84032657.53224501,83884688.46621007,78106933.81328006,74572525.18667755,85394049.90943758,88301034.13958512,84030318.15685254,78152579.98926502,87843271.73111013,88245859.89800006,72558542.57874502,88511878.18895257,78624767.44833258,85518870.17820257,94651661.90847012,87773369.12576504,82344433.03827007,76793036.30591501,77319907.94697252,90124065.68529004,83998205.61227007,79988876.80939004,82902509.51505002,83828839.17347507,74066974.7975375,82160330.84974255,79792982.73409508,88860661.30423504,76052285.89916004,82895164.19079003,85044462.40809754,92358572.60620256,92214822.1409901
2019-12-17,98930530.33893755,91643146.50172253,76176446.65457259,82778592.68155253,84260094.87251255,74308281.53009006,85080360.60767259,89821267.07229006,83986031.20574,88095104.67046499,80783705.45493749,83755583.71541755,81753268.65107004,80289573.28871752,76697509.88785753,83129628.45032255,73119786.19407752,85419917.69504006,84000657.53224501,83568688.46621007,78015933.81328006,74528525.18667755,85227670.99633758,88031034.13958512,83864318.15685254,78206579.98926502,87663271.73111013,88209859.89800006,72558542.57874502,87967878.18895257,78687767.44833258,85518870.17820257,94498661.90847012,87388369.12576504,81796433.03827007,76793036.30591501,77319907.94697252,90069065.68529004,83639205.61227007,79940876.80939004,82832509.51505002,83500839.17347507,73931974.7975375,82160330.84974255,79651391.03229508,88271661.30423504,76070285.89916004,82790164.19079003,84924462.40809754,92378572.60620256,92234822.1409901
2019-12-18,98930530.33893755,91339146.50172253,75623446.65457259,82863161.78905252,84230170.26251255,73991281.53009006,85056360.60767259,89428848.74479006,83716106.59574002,87943180.06046498,80351705.45493749,83431583.71541755,81459268.65107004,80268573.28871752,76489509.88785753,83002740.24032256,73073786.19407752,85183993.08504006,83401657.53224501,83165688.46621007,77461045.60328007,73765636.97667754,85139670.99633758,88023034.13958512,83610318.15685254,78236579.98926502,87219271.73111013,87561859.89800006,72558542.57874502,87556459.86145256,78393767.44833258,85518870.17820257,94117661.90847012,87124369.12576504,81529002.14577007,76793036.30591501,77319907.94697252,89497065.68529004,83142392.79227006,79650876.80939004,82352509.51505002,83082839.17347507,73827037.62253752,82160330.84974255,79075391.03229508,87446661.30423504,75746285.89916004,82769164.19079003,84774462.40809754,92018572.60620256,91874822.1409901
2019-12-19,98930530.33893755,91228990.43090254,75662456.03207259,82907161.78905252,84230170.26251255,73715162.48509006,84866237.63271259,89428848.74479006,83716106.59574002,87993843.03046498,80258216.60663249,83341583.71541755,81051268.65107004,80091282.06019752,76495432.52785753,82988145.82032256,73072191.77407752,85183993.08504006,83445078.474745,83060399.98621008,77121338.12328006,73750819.28667754,85131670.99633758,88038034.13958512,83591981.12685254,77828579.98926502,87228975.81611013,87608226.95300007,72558542.57874502,87490912.69645257,78372767.44833258,85518870.17820257,94167661.90847012,87093821.96076505,81411231.99577007,76793036.30591501,77319907.94697252,89478975.55279003,83156874.46227007,79263281.11939004,82334802.03505002,82652991.66347507,73397037.62253752,82160330.84974255,79116606.19229507,87422575.62673505,75746285.89916004,82602806.58770002,84476339.43313754,91928572.60620256,91874822.1409901
2019-12-20,98930530.33893755,91454990.43090254,75662456.03207259,83023161.78905252,84230170.26251255,73834411.24759007,84866237.63271259,89628848.74479006,83816106.59574002,88109843.03046498,80428216.60663249,83369527.89383005,81191967.16607004,80091282.06019752,76495432.52785753,82988145.82032256,73159191.77407752,85227993.08504006,83445078.474745,83173209.28121006,77329036.63828006,74210819.28667754,85187670.99633758,88126034.13958512,83591981.12685254,77789278.50426503,87108975.81611013,87608226.95300007,72558542.57874502,87490912.69645257,78687767.44833258,85518870.17820257,94497661.90847012,87093821.96076505,81259176.17418256,76793036.30591501,77319907.94697252,89478975.55279003,83346874.46227007,79223979.63439004,82334802.03505002,82613690.17847507,73362007.31003752,82160330.84974255,79116606.19229507,87422575.62673505,75926285.89916004,82602806.58770002,84473604.54313754,92103705.38120256,92074822.1409901
2019-12-23,98930530.33893755,91694990.43090254,75662456.03207259,83439161.78905252,84230170.26251255,74185411.24759007,84866237.63271259,89668848.74479006,83651106.59574002,88525843.03046498,80462216.60663249,83405527.89383005,81227967.16607004,80091282.06019752,76495432.52785753,82988145.82032256,73419191.77407752,85245993.08504006,83445078.474745,83589209.28121006,77673036.63828006,74177819.28667754,85347670.99633758,88013034.13958512,83526981.12685254,77789278.50426503,87048975.81611013,87603226.95300007,72553542.57874502,87327929.31739007,78624767.44833258,85518870.17820257,94481661.90847012,87093821.96076505,81259176.17418256,76793036.30591501,77319907.94697252,89255974.68622753,83384874.46227007,79223979.63439004,82143401.34180002,82613690.17847507,73362007.31003752,82160330.84974255,79116606.19229507,87422575.62673505,75962285.89916004,82602806.58770002,84473604.54313754,92138705.38120256,92114822.1409901
2019-12-24,98930530.33893755,91696674.10090254,75662456.03207259,83471161.78905252,84230170.26251255,74170411.24759007,84866237.63271259,89928848.74479006,83614546.29574002,88557843.03046498,80683216.60663249,83639527.89383005,81461967.16607004,80091282.06019752,76495432.52785753,82988145.82032256,73457157.52407752,85265993.08504006,83445078.474745,83621209.28121006,77905036.63828006,74256819.28667754,85267670.99633758,88066491.32708512,83544438.31435254,77789278.50426503,87258975.81611013,87594226.95300007,72544542.57874502,87327929.31739007,78498767.44833258,85518870.17820257,94812661.90847012,87093821.96076505,81259176.17418256,76793036.30591501,77319907.94697252,89273431.87372753,83631874.46227007,79223979.63439004,82160858.52930002,82613690.17847507,73362007.31003752,82160330.84974255,79116606.19229507,87422575.62673505,76196285.89916004,82602806.58770002,84473604.54313754,92389705.38120256,92374822.1409901
2019-12-25,98930530.33893755,91760674.10090254,75662456.03207259,83535161.78905252,84230170.26251255,74283411.24759007,84866237.63271259,89828848.74479006,83614546.29574002,88621843.03046498,80598216.60663249,83549527.89383005,81371967.16607004,80091282.06019752,76495432.52785753,82988145.82032256,73505157.52407752,85425993.08504006,83445078.474745,83685209.28121006,77873036.63828006,73976819.28667754,85267670.99633758,88210491.32708512,83544438.31435254,77789278.50426503,87318975.81611013,87594226.95300007,72544542.57874502,87327929.31739007,78288767.44833258,85518870.17820257,94882661.90847012,87093821.96076505,81259176.17418256,76793036.30591501,77319907.94697252,89273431.87372753,83536874.46227007,79223979.63439004,82160858.52930002,82613690.17847507,73362007.31003752,82160330.84974255,79116606.19229507,87422575.62673505,76106285.89916004,82602806.58770002,84473604.54313754,92289705.38120256,92274822.1409901
2019-12-26,98930530.33893755,91548674.10090254,75662456.03207259,83323161.78905252,84230170.26251255,74033411.24759007,84866237.63271259,89468848.74479006,83610546.29574002,88409843.03046498,80292216.60663249,83225527.89383005,81047967.16607004,80091282.06019752,76495432.52785753,82988145.82032256,73346157.52407752,85389993.08504006,83445078.474745,83473209.28121006,77426036.63828006,73724819.28667754,85267670.99633758,88198491.32708512,83544438.31435254,77789278.50426503,87558975.81611013,87590226.95300007,72540542.57874502,87327929.31739007,78330767.44833258,85518870.17820257,94471661.90847012,87093821.96076505,81259176.17418256,76793036.30591501,77319907.94697252,89273431.87372753,83194874.46227007,79223979.63439004,82160858.52930002,82613690.17847507,73362007.31003752,82160330.84974255,79116606.19229507,87422575.62673505,75782285.89916004,82602806.58770002,84473604.54313754,91925705.38120256,91914822.1409901
2019-12-27,98930530.33893755,91968674.10090254,75662456.03207259,83743161.78905252,84230170.26251255,74374411.24759007,84866237.63271259,89468848.74479006,83601546.29574002,88829843.03046498,80292216.60663249,83225527.89383005,81047967.16607004,80091282.06019752,76495432.52785753,82988145.82032256,73661157.52407752,85401993.08504006,83445078.474745,83893209.28121006,77741036.63828006,73835819.28667754,85307670.99633758,88222491.32708512,83544438.31435254,77789278.50426503,87618975.81611013,87581226.95300007,72531542.57874502,87327929.31739007,78456767.44833258,85518870.17820257,94501661.90847012,87093821.96076505,81259176.17418256,76793036.30591501,77319907.94697252,89273431.87372753,83194874.46227007,79223979.63439004,82160858.52930002,82613690.17847507,73362007.31003752,82160330.84974255,79116606.19229507,87422575.62673505,75782285.89916004,82602806.58770002,84473604.54313754,91916705.38120256,91914822.1409901
2019-12-30,98930530.33893755,91948674.10090254,75662456.03207259,83723161.78905252,84230170.26251255,74359411.24759007,84866237.63271259,89228848.74479006,83592546.29574002,88809843.03046498,80088216.60663249,83009527.89383005,80831967.16607004,80091282.06019752,76495432.52785753,82988145.82032256,73646157.52407752,85433993.08504006,83445078.474745,83873209.28121006,77534036.63828006,73674819.28667754,85267670.99633758,88354491.32708512,83544438.31435254,77789278.50426503,87648975.81611013,87572226.95300007,72522542.57874502,87327929.31739007,78498767.44833258,85518870.17820257,94402661.90847012,87093821.96076505,81259176.17418256,76793036.30591501,77319907.94697252,89273431.87372753,82966874.46227007,79223979.63439004,82160858.52930002,82613690.17847507,73362007.31003752,82160330.84974255,79116606.19229507,87422575.62673505,75566285.89916004,82602806.58770002,84473604.54313754,91667705.38120256,91674822.1409901
2019-12-31,98930530.33893755,91956674.10090254,75662456.03207259,83731161.78905252,84230170.26251255,74404411.24759007,84866237.63271259,89268848.74479006,83592546.29574002,88817843.03046498,80122216.60663249,83045527.89383005,80867967.16607004,80091282.06019752,76495432.52785753,82988145.82032256,73652157.52407752,85433993.08504006,83445078.474745,83881209.28121006,77572036.63828006,73586819.28667754,85227670.99633758,88314491.32708512,83544438.31435254,77789278.50426503,87558975.81611013,87572226.95300007,72522542.57874502,87327929.31739007,78372767.44833258,85518870.17820257,94396661.90847012,87093821.96076505,81259176.17418256,76793036.30591501,77319907.94697252,89273431.87372753,83004874.46227007,79223979.63439004,82160858.52930002,82613690.17847507,73362007.31003752,82160330.84974255,79116606.19229507,87422575.62673505,75602285.89916004,82602806.58770002,84473604.54313754,91707705.38120256,91714822.1409901
2020-01-02,98930530.33893755,92112674.10090254,75662456.03207259,83887161.78905252,84230170.26251255,74586411.24759007,84866237.63271259,89508848.74479006,83592546.29574002,88973843.03046498,80326216.60663249,83261527.89383005,81083967.16607004,80091282.06019752,76495432.52785753,82988145.82032256,73769157.52407752,85619993.08504006,83445078.474745,84037209.28121006,77881036.63828006,73778819.28667754,85347670.99633758,88354491.32708512,83544438.31435254,77789278.50426503,87438975.81611013,87572226.95300007,72522542.57874502,87327929.31739007,78372767.44833258,85518870.17820257,94710661.90847012,87093821.96076505,81259176.17418256,76793036.30591501,77319907.94697252,89273431.87372753,83232874.46227007,79223979.63439004,82160858.52930002,82613690.17847507,73362007.31003752,82160330.84974255,79116606.19229507,87422575.62673505,75818285.89916004,82602806.58770002,84473604.54313754,91947705.38120256,91954822.1409901
2020-01-03,98930530.33893755,92072674.10090254,75662456.03207259,83847161.78905252,84230170.26251255,74556411.24759007,84866237.63271259,89308848.74479006,83606546.29574002,88933843.03046498,80156216.60663249,83081527.89383005,80903967.16607004,80091282.06019752,76495432.52785753,82988145.82032256,73739157.52407752,85513993.08504006,83445078.474745,83997209.28121006,77691036.63828006,73592819.28667754,85347670.99633758,88222491.32708512,83544438.31435254,77789278.50426503,87198975.81611013,87586226.95300007,72536542.57874502,87327929.31739007,78330767.44833258,85518870.17820257,94325661.90847012,87093821.96076505,81259176.17418256,76793036.30591501,77319907.94697252,89273431.87372753,83042874.46227007,79223979.63439004,82160858.52930002,82613690.17847507,73362007.31003752,82160330.84974255,79116606.19229507,87422575.62673505,75638285.89916004,82602806.58770002,84473604.54313754,91761705.38120256,91754822.1409901
2020-01-06,98930530.33893755,91884674.10090254,75662456.03207259,83659161.78905252,84230170.26251255,74246411.24759007,84866237.63271259,88728848.74479006,83570546.29574002,88745843.03046498,79663216.60663249,82559527.89383005,80381967.16607004,80091282.06019752,76495432.52785753,82988145.82032256,73598157.52407752,85475993.08504006,83445078.474745,83809209.28121006,77086036.63828006,72932819.28667754,85227670.99633758,88146491.32708512,83544438.31435254,77789278.50426503,87078975.81611013,87550226.95300007,72500542.57874502,87327929.31739007,78162767.44833258,85518870.17820257,93592661.90847012,87093821.96076505,81259176.17418256,76793036.30591501,77319907.94697252,89273431.87372753,82491874.46227007,79223979.63439004,82160858.52930002,82613690.17847507,73362007.31003752,82160330.84974255,79116606.19229507,87422575.62673505,75116285.89916004,82602806.58770002,84473604.54313754,91145705.38120256,91174822.1409901
2020-01-07,98930530.33893755,92072674.10090254,75662456.03207259,83847161.78905252,84230170.26251255,74387411.24759007,84866237.63271259,88798210.64479007,83579546.29574002,88933843.03046498,79722174.22163248,82621953.60383004,80444392.87607004,80091282.06019752,76495432.52785753,82988145.82032256,73739157.52407752,85531993.08504006,83445078.474745,83997209.28121006,77282526.15828006,72991357.35667755,85307670.99633758,88286491.32708512,83544438.31435254,77789278.50426503,87198975.81611013,87559226.95300007,72509542.57874502,87327929.31739007,78156518.42583258,85518870.17820257,93843959.99847013,87093821.96076505,81259176.17418256,76793036.30591501,77319907.94697252,89273431.87372753,82557768.26727007,79223979.63439004,82160858.52930002,82613690.17847507,73362007.31003752,82160330.84974255,79116606.19229507,87422575.62673505,75178711.60916004,82602806.58770002,84473604.54313754,91224067.28120257,91244184.0409901
2020-01-08,98930530.33893755,92156674.10090254,75662456.03207259,83931161.78905252,84230170.26251255,74333411.24759007,84866237.63271259,88798210.64479007,83561546.29574002,89017843.03046498,79722174.22163248,82621953.60383004,80444392.87607004,80091282.06019752,76495432.52785753,82988145.82032256,73802157.52407752,85357993.08504006,83445078.474745,84081209.28121006,77345526.15828006,72973357.35667755,85171670.99633758,88118491.32708512,83544438.31435254,77789278.50426503,86848975.81611013,87541226.95300007,72491542.57874502,87327929.31739007,78156518.42583258,85518870.17820257,93633959.99847013,87093821.96076505,81259176.17418256,76793036.30591501,77319907.94697252,89273431.87372753,82557768.26727007,79223979.63439004,82160858.52930002,82613690.17847507,73362007.31003752,82160330.84974255,79116606.19229507,87422575.62673505,75178711.60916004,82602806.58770002,84473604.54313754,91206067.28120257,91244184.0409901
2020-01-09,98930530.33893755,92688674.10090254,75662456.03207259,84463161.78905252,84230170.26251255,74733313.18759006,84866237.63271259,88798210.64479007,83579546.29574002,89549843.03046498,79722174.22163248,82621953.60383004,80444392.87607004,80091282.06019752,76495432.52785753,82988145.82032256,74201157.52407752,85463993.08504006,83445078.474745,84613209.28121006,77744526.15828006,72991357.35667755,85307670.99633758,88222491.32708512,83544438.31435254,77789278.50426503,86990820.94111013,87559226.95300007,72509542.57874502,87327929.31739007,78156518.42583258,85518870.17820257,93763959.99847013,87093821.96076505,81259176.17418256,76793036.30591501,77319907.94697252,89273431.87372753,82557768.26727007,79223979.63439004,82160858.52930002,82613690.17847507,73362007.31003752,82160330.84974255,79116606.19229507,87422575.62673505,75178711.60916004,82602806.58770002,84473604.54313754,91224067.28120257,91244184.0409901
2020-01-10,98930530.33893755,93032674.10090254,75662456.03207259,84807161.78905252,84230170.26251255,74991313.18759006,84866237.63271259,88798210.64479007,83583546.29574002,89893843.03046498,79722174.22163248,82621953.60383004,80444392.87607004,80091282.06019752,76495432.52785753,82988145.82032256,74459157.52407752,85501993.08504006,83445078.474745,84957209.28121006,78002526.15828006,72995357.35667755,85587670.99633758,88210491.32708512,83544438.31435254,77789278.50426503,86990820.94111013,87563226.95300007,72513542.57874502,87327929.31739007,78156518.42583258,85518870.17820257,93748959.99847013,87093821.96076505,81259176.17418256,76793036.30591501,77319907.94697252,89273431.87372753,82557768.26727007,79223979.63439004,82160858.52930002,82613690.17847507,73362007.31003752,82160330.84974255,79116606.19229507,87422575.62673505,75178711.60916004,82602806.58770002,84473604.54313754,91228067.28120257,91244184.0409901
2020-01-13,98930530.33893755,92784674.10090254,75662456.03207259,84559161.78905252,84230170.26251255,74805313.18759006,84866237.63271259,88798210.64479007,83588546.29574002,89645843.03046498,79722174.22163248,82621953.60383004,80444392.87607004,80091282.06019752,76495432.52785753,82988145.82032256,74273157.52407752,85463993.08504006,83445078.474745,84709209.28121006,77816526.15828006,73000357.35667755,85507670.99633758,88158491.32708512,83544438.31435254,77789278.50426503,86990820.94111013,87568226.95300007,72518542.57874502,87327929.31739007,78156518.42583258,85518870.17820257,93683959.99847013,87093821.96076505,81259176.17418256,76793036.30591501,77319907.94697252,89273431.87372753,82557768.26727007,79223979.63439004,82160858.52930002,82613690.17847507,73362007.31003752,82160330.84974255,79116606.19229507,87422575.62673505,75178711.60916004,82602806.58770002,84473604.54313754,91233067.28120257,91244184.0409901
2020-01-14,98930530.33893755,92784674.10090254,75662456.03207259,84559161.78905252,84230170.26251255,74805313.18759006,84866237.63271259,88798210.64479007,83592546.29574002,89645843.03046498,79722174.22163248,82621953.60383004,80444392.87607004,80091282.06019752,76495432.52785753,82988145.82032256,74273157.52407752,85425993.08504006,83445078.474745,84709209.28121006,77816526.15828006,73004357.35667755,85427670.99633758,88146491.32708512,83544438.31435254,77789278.50426503,86990820.94111013,87572226.95300007,72522542.57874502,87327929.31739007,78156518.42583258,85518870.17820257,93668959.99847013,87093821.96076505,81259176.17418256,76793036.30591501,77319907.94697252,89273431.87372753,82557768.26727007,79223979.63439004,82160858.52930002,82613690.17847507,73362007.31003752,82160330.84974255,79116606.19229507,87422575.62673505,75178711.60916004,82602806.58770002,84473604.54313754,91237067.28120257,91244184.0409901
2020-01-15,98930530.33893755,92972674.10090254,75662456.03207259,84747161.78905252,84230170.26251255,74946313.18759006,84866237.63271259,88798210.64479007,83592546.29574002,89833843.03046498,79722174.22163248,82621953.60383004,80444392.87607004,80091282.06019752,76495432.52785753,82988145.82032256,74414157.52407752,85433993.08504006,83445078.474745,84897209.28121006,77957526.15828006,73004357.35667755,85387670.99633758,88146491.32708512,83544438.31435254,77789278.50426503,86990820.94111013,87572226.95300007,72522542.57874502,87327929.31739007,78156518.42583258,85518870.17820257,93668959.99847013,87093821.96076505,81259176.17418256,76793036.30591501,77319907.94697252,89273431.87372753,82557768.26727007,79223979.63439004,82160858.52930002,82613690.17847507,73362007.31003752,82160330.84974255,79116606.19229507,87422575.62673505,75178711.60916004,82602806.58770002,84473604.54313754,91237067.28120257,91244184.0409901
2020-01-16,98930530.33893755,93596674.10090254,75662456.03207259,85371161.78905252,84230170.26251255,75414313.18759006,84866237.63271259,88798210.64479007,83592546.29574002,90457843.03046498,79722174.22163248,82621953.60383004,80444392.87607004,80091282.06019752,76495432.52785753,82988145.82032256,74882157.52407752,85519993.08504006,83445078.474745,85521209.28121006,78425526.15828006,73004357.35667755,85507670.99633758,88274491.32708512,83544438.31435254,77789278.50426503,86990820.94111013,87572226.95300007,72522542.57874502,87327929.31739007,78156518.42583258,85518870.17820257,93828959.99847013,87093821.96076505,81259176.17418256,76793036.30591501,77319907.94697252,89273431.87372753,82557768.26727007,79223979.63439004,82160858.52930002,82613690.17847507,73362007.31003752,82160330.84974255,79116606.19229507,87422575.62673505,75178711.60916004,82602806.58770002,84473604.54313754,91237067.28120257,91244184.0409901
2020-01-17,98930530.33893755,93492674.10090254,75662456.03207259,85267161.78905252,84230170.26251255,75336313.18759006,84866237.63271259,88798210.64479007,83588546.29574002,90353843.03046498,79722174.22163248,82621953.60383004,80444392.87607004,80091282.06019752,76495432.52785753,82988145.82032256,74804157.52407752,85563993.08504006,83445078.474745,85417209.28121006,78347526.15828006,73000357.35667755,85667670.99633758,88222491.32708512,83544438.31435254,77789278.50426503,86990820.94111013,87568226.95300007,72518542.57874502,87327929.31739007,78156518.42583258,85518870.17820257,93763959.99847013,87093821.96076505,81259176.17418256,76793036.30591501,77319907.94697252,89273431.87372753,82557768.26727007,79223979.63439004,82160858.52930002,82613690.17847507,73362007.31003752,82160330.84974255,79116606.19229507,87422575.62673505,75178711.60916004,82602806.58770002,84473604.54313754,91233067.28120257,91244184.0409901
2020-01-20,98930530.33893755,93452674.10090254,75662456.03207259,85227161.78905252,84230170.26251255,75306313.18759006,84866237.63271259,88798210.64479007,83588546.29574002,90313843.03046498,79722174.22163248,82621953.60383004,80444392.87607004,80091282.06019752,76495432.52785753,82988145.82032256,74774157.52407752,85717993.08504006,83445078.474745,85377209.28121006,78317526.15828006,73000357.35667755,85747670.99633758,88198491.32708512,83544438.31435254,77789278.50426503,86990820.94111013,87568226.95300007,72518542.57874502,87327929.31739007,78156518.42583258,85518870.17820257,93733959.99847013,87093821.96076505,81259176.17418256,76793036.30591501,77319907.94697252,89273431.87372753,82557768.26727007,79223979.63439004,82160858.52930002,82613690.17847507,73362007.31003752,82160330.84974255,79116606.19229507,87422575.62673505,75178711.60916004,82602806.58770002,84473604.54313754,91233067.28120257,91244184.0409901
2020-01-21,98930530.33893755,93596674.10090254,75662456.03207259,85371161.78905252,84230170.26251255,75414313.18759006,84866237.63271259,88798210.64479007,83588546.29574002,90457843.03046498,79722174.22163248,82621953.60383004,80444392.87607004,80091282.06019752,76495432.52785753,82988145.82032256,74882157.52407752,85805993.08504006,83445078.474745,85521209.28121006,78425526.15828006,73000357.35667755,85907670.99633758,87950491.32708512,83544438.31435254,77789278.50426503,86990820.94111013,87568226.95300007,72518542.57874502,87327929.31739007,78156518.42583258,85518870.17820257,93423959.99847013,87093821.96076505,81259176.17418256,76793036.30591501,77319907.94697252,89273431.87372753,82557768.26727007,79223979.63439004,82160858.52930002,82613690.17847507,73362007.31003752,82160330.84974255,79116606.19229507,87422575.62673505,75178711.60916004,82602806.58770002,84473604.54313754,91233067.28120257,91244184.0409901
2020-01-22,98930530.33893755,93912674.10090254,75662456.03207259,85687161.78905252,84230170.26251255,75651313.18759006,84866237.63271259,88798210.64479007,83588546.29574002,90773843.03046498,79722174.22163248,82621953.60383004,80444392.87607004,80091282.06019752,76495432.52785753,82988145.82032256,75119157.52407752,85755993.08504006,83445078.474745,85837209.28121006,78662526.15828006,73000357.35667755,85907670.99633758,87861561.14708513,83544438.31435254,77789278.50426503,86990820.94111013,87568226.95300007,72518542.57874502,87327929.31739007,78156518.42583258,85518870.17820257,93312797.27347013,87093821.96076505,81259176.17418256,76793036.30591501,77319907.94697252,89273431.87372753,82557768.26727007,79223979.63439004,82160858.52930002,82613690.17847507,73362007.31003752,82160330.84974255,79116606.19229507,87422575.62673505,75178711.60916004,82602806.58770002,84473604.54313754,91233067.28120257,91244184.0409901
2020-01-30,98930530.33893755,93324674.10090254,75662456.03207259,85099161.78905252,84230170.26251255,75210313.18759006,84866237.63271259,88798210.64479007,83479432.55159502,90185843.03046498,79722174.22163248,82621953.60383004,80444392.87607004,80091282.06019752,76495432.52785753,82988145.82032256,74678157.52407752,85433993.08504006,83445078.474745,85249209.28121006,78221526.15828006,72906498.78459005,85467670.99633758,87861561.14708513,83544438.31435254,77789278.50426503,86990820.94111013,87474368.38091257,72409428.83460002,87327929.31739007,78156518.42583258,85518870.17820257,93312797.27347013,87093821.96076505,81259176.17418256,76793036.30591501,77319907.94697252,89273431.87372753,82557768.26727007,79223979.63439004,82160858.52930002,82613690.17847507,73362007.31003752,82160330.84974255,79116606.19229507,87422575.62673505,75178711.60916004,82602806.58770002,84473604.54313754,91139208.70911507,91244184.0409901
2020-01-31,98930530.33893755,93202467.41090254,75662456.03207259,84976955.09905252,84230170.26251255,75118658.17009006,84866237.63271259,88798210.64479007,83479432.55159502,90063636.34046498,79722174.22163248,82621953.60383004,80444392.87607004,80091282.06019752,76495432.52785753,82988145.82032256,74586502.50657752,85345447.63004006,83445078.474745,85127002.59121007,78129871.14078006,72906498.78459005,85398851.59633757,87861561.14708513,83544438.31435254,77789278.50426503,86990820.94111013,87474368.38091257,72409428.83460002,87327929.31739007,78156518.42583258,85518870.17820257,93312797.27347013,87093821.96076505,81259176.17418256,76793036.30591501,77319907.94697252,89273431.87372753,82557768.26727007,79223979.63439004,82160858.52930002,82613690.17847507,73362007.31003752,82160330.84974255,79116606.19229507,87422575.62673505,75178711.60916004,82602806.58770002,84473604.54313754,91139208.70911507,91244184.0409901
2020-02-03,98930530.33893755,93202467.41090254,75662456.03207259,84976955.09905252,84230170.26251255,75118658.17009006,84866237.63271259,88798210.64479007,83479432.55159502,90063636.34046498,79722174.22163248,82621953.60383004,80444392.87607004,80091282.06019752,76495432.52785753,82988145.82032256,74586502.50657752,85345447.63004006,83445078.474745,85127002.59121007,78129871.14078006,72906498.78459005,85398851.59633757,87861561.14708513,83544438.31435254,77789278.50426503,86990820.94111013,87474368.38091257,72409428.83460002,87327929.31739007,78156518.42583258,85518870.17820257,93312797.27347013,87093821.96076505,81259176.17418256,76793036.30591501,77319907.94697252,89273431.87372753,82557768.26727007,79223979.63439004,82160858.52930002,82613690.17847507,73362007.31003752,82160330.84974255,79116606.19229507,87422575.62673505,75178711.60916004,82602806.58770002,84473604.54313754,91139208.70911507,91244184.0409901
2020-02-04,98930530.33893755,93202467.41090254,75662456.03207259,84976955.09905252,84230170.26251255,75118658.17009006,84866237.63271259,88798210.64479007,83479432.55159502,90063636.34046498,79722174.22163248,82621953.60383004,80444392.87607004,80091282.06019752,76495432.52785753,82988145.82032256,74586502.50657752,85345447.63004006,83445078.474745,85127002.59121007,78129871.14078006,72906498.78459005,85398851.59633757,87861561.14708513,83544438.31435254,77789278.50426503,86990820.94111013,87474368.38091257,72409428.83460002,87327929.31739007,78156518.42583258,85518870.17820257,93312797.27347013,87093821.96076505,81259176.17418256,76793036.30591501,77319907.94697252,89273431.87372753,82557768.26727007,79223979.63439004,82160858.52930002,82613690.17847507,73362007.31003752,82160330.84974255,79116606.19229507,87422575.62673505,75178711.60916004,82602806.58770002,84473604.54313754,91139208.70911507,91244184.0409901
2020-02-05,98930530.33893755,93202467.41090254,75662456.03207259,84976955.09905252,84230170.26251255,75118658.17009006,84866237.63271259,88798210.64479007,83479432.55159502,90063636.34046498,79722174.22163248,82621953.60383004,80444392.87607004,80091282.06019752,76495432.52785753,82988145.82032256,74586502.50657752,85345447.63004006,83445078.474745,85127002.59121007,78129871.14078006,72906498.78459005,85398851.59633757,87861561.14708513,83544438.31435254,77789278.50426503,86990820.94111013,87474368.38091257,72409428.83460002,87327929.31739007,78156518.42583258,85518870.17820257,93312797.27347013,87093821.96076505,81259176.17418256,76793036.30591501,77319907.94697252,89273431.87372753,82557768.26727007,79223979.63439004,82160858.52930002,82613690.17847507,73362007.31003752,82160330.84974255,79116606.19229507,87422575.62673505,75178711.60916004,82602806.58770002,84473604.54313754,91139208.70911507,91244184.0409901
2020-02-06,98930530.33893755,93202467.41090254,75662456.03207259,84976955.09905252,84230170.26251255,75118658.17009006,84866237.63271259,88798210.64479007,83479432.55159502,90063636.34046498,79722174.22163248,82621953.60383004,80444392.87607004,80091282.06019752,76495432.52785753,82988145.82032256,74586502.50657752,85345447.63004006,83445078.474745,85127002.59121007,78129871.14078006,72906498.78459005,85398851.59633757,87861561.14708513,83544438.31435254,77789278.50426503,86990820.94111013,87474368.38091257,72409428.83460002,87327929.31739007,78156518.42583258,85518870.17820257,93312797.27347013,87093821.96076505,81259176.17418256,76793036.30591501,77319907.94697252,89273431.87372753,82557768.26727007,79223979.63439004,82160858.52930002,82613690.17847507,73362007.31003752,82160330.84974255,79116606.19229507,87422575.62673505,75178711.60916004,82602806.58770002,84473604.54313754,91139208.70911507,91244184.0409901
2020-02-07,98930530.33893755,93202467.41090254,75662456.03207259,84976955.09905252,84230170.26251255,75118658.17009006,84866237.63271259,88798210.64479007,83479432.55159502,90063636.34046498,79722174.22163248,82621953.60383004,80444392.87607004,80091282.06019752,76495432.52785753,82988145.82032256,74586502.50657752,85345447.63004006,83445078.474745,85127002.59121007,78129871.14078006,72906498.78459005,85398851.59633757,87861561.14708513,83544438.31435254,77789278.50426503,86990820.94111013,87474368.38091257,72409428.83460002,87327929.31739007,78156518.42583258,85518870.17820257,93312797.27347013,87093821.96076505,81259176.17418256,76793036.30591501,77319907.94697252,89273431.87372753,82557768.26727007,79223979.63439004,82160858.52930002,82613690.17847507,73362007.31003752,82160330.84974255,79116606.19229507,87422575.62673505,75178711.60916004,82602806.58770002,84473604.54313754,91139208.70911507,91244184.0409901
2020-02-10,98930530.33893755,93202467.41090254,75662456.03207259,84976955.09905252,84230170.26251255,75118658.17009006,84866237.63271259,88798210.64479007,83479432.55159502,90063636.34046498,79722174.22163248,82621953.60383004,80444392.87607004,80091282.06019752,76495432.52785753,82988145.82032256,74586502.50657752,85345447.63004006,83445078.474745,85127002.59121007,78129871.14078006,72906498.78459005,85398851.59633757,87861561.14708513,83544438.31435254,77789278.50426503,86990820.94111013,87474368.38091257,72409428.83460002,87327929.31739007,78156518.42583258,85518870.17820257,93312797.27347013,87093821.96076505,81259176.17418256,76793036.30591501,77319907.94697252,89273431.87372753,82557768.26727007,79223979.63439004,82160858.52930002,82613690.17847507,73362007.31003752,82160330.84974255,79116606.19229507,87422575.62673505,75178711.60916004,82602806.58770002,84473604.54313754,91139208.70911507,91244184.0409901
2020-02-11,98930530.33893755,93202467.41090254,75662456.03207259,84976955.09905252,84230170.26251255,75118658.17009006,84866237.63271259,88798210.64479007,83479432.55159502,90063636.34046498,79722174.22163248,82621953.60383004,80444392.87607004,80091282.06019752,76495432.52785753,82988145.82032256,74586502.50657752,85345447.63004006,83445078.474745,85127002.59121007,78129871.14078006,72906498.78459005,85398851.59633757,87861561.14708513,83544438.31435254,77789278.50426503,86990820.94111013,87474368.38091257,72409428.83460002,87327929.31739007,78156518.42583258,85518870.17820257,93312797.27347013,87093821.96076505,81259176.17418256,76793036.30591501,77319907.94697252,89273431.87372753,82557768.26727007,79223979.63439004,82160858.52930002,82613690.17847507,73362007.31003752,82160330.84974255,79116606.19229507,87422575.62673505,75178711.60916004,82602806.58770002,84473604.54313754,91139208.70911507,91244184.0409901
2020-02-12,98930530.33893755,93202467.41090254,75662456.03207259,84976955.09905252,84230170.26251255,75118658.17009006,84866237.63271259,88798210.64479007,83479432.55159502,90063636.34046498,79722174.22163248,82621953.60383004,80444392.87607004,80091282.06019752,76495432.52785753,82988145.82032256,74586502.50657752,85345447.63004006,83445078.474745,85127002.59121007,78129871.14078006,72906498.78459005,85398851.59633757,87861561.14708513,83544438.31435254,77789278.50426503,86990820.94111013,87474368.38091257,72409428.83460002,87327929.31739007,78156518.42583258,85518870.17820257,93312797.27347013,87093821.96076505,81259176.17418256,76793036.30591501,77319907.94697252,89273431.87372753,82557768.26727007,79223979.63439004,82160858.52930002,82613690.17847507,73362007.31003752,82160330.84974255,79116606.19229507,87422575.62673505,75178711.60916004,82602806.58770002,84473604.54313754,91139208.70911507,91244184.0409901
2020-02-13,98930530.33893755,93202467.41090254,75662456.03207259,84976955.09905252,84230170.26251255,75118658.17009006,84866237.63271259,88798210.64479007,83479432.55159502,90063636.34046498,79722174.22163248,82621953.60383004,80444392.87607004,80091282.06019752,76495432.52785753,82988145.82032256,74586502.50657752,85345447.63004006,83445078.474745,85127002.59121007,78129871.14078006,72906498.78459005,85398851.59633757,87861561.14708513,83544438.31435254,77789278.50426503,86990820.94111013,87474368.38091257,72409428.83460002,87327929.31739007,78156518.42583258,85518870.17820257,93312797.27347013,87093821.96076505,81259176.17418256,76793036.30591501,77319907.94697252,89273431.87372753,82557768.26727007,79223979.63439004,82160858.52930002,82613690.17847507,73362007.31003752,82160330.84974255,79116606.19229507,87422575.62673505,75178711.60916004,82602806.58770002,84473604.54313754,91139208.70911507,91244184.0409901
2020-02-14,98930530.33893755,93202467.41090254,75662456.03207259,84976955.09905252,84230170.26251255,75118658.17009006,84866237.63271259,88798210.64479007,83479432.55159502,90063636.34046498,79722174.22163248,82621953.60383004,80444392.87607004,80091282.06019752,76495432.52785753,82988145.82032256,74586502.50657752,85345447.63004006,83445078.474745,85127002.59121007,78129871.14078006,72906498.78459005,85398851.59633757,87861561.14708513,83544438.31435254,77789278.50426503,86990820.94111013,87474368.38091257,72409428.83460002,87327929.31739007,78156518.42583258,85518870.17820257,93312797.27347013,87093821.96076505,81259176.17418256,76793036.30591501,77319907.94697252,89273431.87372753,82557768.26727007,79223979.63439004,82160858.52930002,82613690.17847507,73362007.31003752,82160330.84974255,79116606.19229507,87422575.62673505,75178711.60916004,82602806.58770002,84473604.54313754,91139208.70911507,91244184.0409901
2020-02-17,98930530.33893755,93202467.41090254,75662456.03207259,84976955.09905252,84230170.26251255,75118658.17009006,84866237.63271259,88798210.64479007,83479432.55159502,90063636.34046498,79722174.22163248,82621953.60383004,80444392.87607004,80091282.06019752,76495432.52785753,82988145.82032256,74586502.50657752,85345447.63004006,83445078.474745,85127002.59121007,78129871.14078006,72906498.78459005,85398851.59633757,87861561.14708513,83544438.31435254,77789278.50426503,86990820.94111013,87474368.38091257,72409428.83460002,87327929.31739007,78156518.42583258,85518870.17820257,93312797.27347013,87093821.96076505,81259176.17418256,76793036.30591501,77319907.94697252,89273431.87372753,82557768.26727007,79223979.63439004,82160858.52930002,82613690.17847507,73362007.31003752,82160330.84974255,79116606.19229507,87422575.62673505,75178711.60916004,82602806.58770002,84473604.54313754,91139208.70911507,91244184.0409901
2020-02-18,98930530.33893755,93202467.41090254,75662456.03207259,84976955.09905252,84230170.26251255,75118658.17009006,84866237.63271259,88798210.64479007,83479432.55159502,90063636.34046498,79722174.22163248,82621953.60383004,80444392.87607004,80091282.06019752,76495432.52785753,82988145.82032256,74586502.50657752,85345447.63004006,83445078.474745,85127002.59121007,78129871.14078006,72906498.78459005,85398851.59633757,87861561.14708513,83544438.31435254,77789278.50426503,86990820.94111013,87474368.38091257,72409428.83460002,87327929.31739007,78156518.42583258,85518870.17820257,93312797.27347013,87093821.96076505,81259176.17418256,76793036.30591501,77319907.94697252,89273431.87372753,82557768.26727007,79223979.63439004,82160858.52930002,82613690.17847507,73362007.31003752,82160330.84974255,79116606.19229507,87422575.62673505,75178711.60916004,82602806.58770002,84473604.54313754,91139208.70911507,91244184.0409901
2020-02-19,98930530.33893755,93202467.41090254,75662456.03207259,84976955.09905252,84230170.26251255,75118658.17009006,84866237.63271259,88798210.64479007,83479432.55159502,90063636.34046498,79722174.22163248,82621953.60383004,80444392.87607004,80091282.06019752,76495432.52785753,82988145.82032256,74586502.50657752,85345447.63004006,83445078.474745,85127002.59121007,78129871.14078006,72906498.78459005,85398851.59633757,87861561.14708513,83544438.31435254,77789278.50426503,86990820.94111013,87474368.38091257,72409428.83460002,87327929.31739007,78156518.42583258,85518870.17820257,93312797.27347013,87093821.96076505,81259176.17418256,76793036.30591501,77319907.94697252,89273431.87372753,82557768.26727007,79223979.63439004,82160858.52930002,82613690.17847507,73362007.31003752,82160330.84974255,79116606.19229507,87422575.62673505,75178711.60916004,82602806.58770002,84473604.54313754,91139208.70911507,91244184.0409901
2020-02-20,98930530.33893755,93202467.41090254,75662456.03207259,84976955.09905252,84230170.26251255,75118658.17009006,84866237.63271259,88798210.64479007,83479432.55159502,90063636.34046498,79722174.22163248,82621953.60383004,80444392.87607004,80091282.06019752,76495432.52785753,82988145.82032256,74586502.50657752,85345447.63004006,83445078.474745,85127002.59121007,78129871.14078006,72906498.78459005,85398851.59633757,87861561.14708513,83544438.31435254,77789278.50426503,86990820.94111013,87474368.38091257,72409428.83460002,87327929.31739007,78156518.42583258,85518870.17820257,93312797.27347013,87093821.96076505,81259176.17418256,76793036.30591501,77319907.94697252,89273431.87372753,82557768.26727007,79223979.63439004,82160858.52930002,82613690.17847507,73362007.31003752,82160330.84974255,79116606.19229507,87422575.62673505,75178711.60916004,82602806.58770002,84473604.54313754,91139208.70911507,91244184.0409901
2020-02-21,98930530.33893755,93202467.41090254,75662456.03207259,84976955.09905252,84230170.26251255,75118658.17009006,84866237.63271259,88798210.64479007,83479432.55159502,90063636.34046498,79722174.22163248,82621953.60383004,80444392.87607004,80091282.06019752,76495432.52785753,82988145.82032256,74586502.50657752,85345447.63004006,83445078.474745,85127002.59121007,78129871.14078006,72906498.78459005,85398851.59633757,87861561.14708513,83544438.31435254,77789278.50426503,86990820.94111013,87474368.38091257,72409428.83460002,87327929.31739007,78156518.42583258,85518870.17820257,93312797.27347013,87093821.96076505,81259176.17418256,76793036.30591501,77319907.94697252,89273431.87372753,82557768.26727007,79223979.63439004,82160858.52930002,82613690.17847507,73362007.31003752,82160330.84974255,79116606.19229507,87422575.62673505,75178711.60916004,82602806.58770002,84473604.54313754,91139208.70911507,91244184.0409901
2020-02-24,98930530.33893755,93202467.41090254,75662456.03207259,84976955.09905252,84230170.26251255,75118658.17009006,84866237.63271259,88798210.64479007,83479432.55159502,90063636.34046498,79722174.22163248,82621953.60383004,80444392.87607004,80091282.06019752,76495432.52785753,82988145.82032256,74586502.50657752,85345447.63004006,83445078.474745,85127002.59121007,78129871.14078006,72906498.78459005,85398851.59633757,87861561.14708513,83544438.31435254,77789278.50426503,86990820.94111013,87474368.38091257,72409428.83460002,87327929.31739007,78156518.42583258,85518870.17820257,93312797.27347013,87093821.96076505,81259176.17418256,76793036.30591501,77319907.94697252,89273431.87372753,82557768.26727007,79223979.63439004,82160858.52930002,82613690.17847507,73362007.31003752,82160330.84974255,79116606.19229507,87422575.62673505,75178711.60916004,82602806.58770002,84473604.54313754,91139208.70911507,91244184.0409901
2020-02-25,98930530.33893755,93202467.41090254,75662456.03207259,84976955.09905252,84230170.26251255,75118658.17009006,84866237.63271259,88798210.64479007,83479432.55159502,90063636.34046498,79722174.22163248,82621953.60383004,80444392.87607004,80091282.06019752,76495432.52785753,82988145.82032256,74586502.50657752,85345447.63004006,83445078.474745,85127002.59121007,78129871.14078006,72906498.78459005,85398851.59633757,87861561.14708513,83544438.31435254,77789278.50426503,86990820.94111013,87474368.38091257,72409428.83460002,87327929.31739007,78156518.42583258,85518870.17820257,93312797.27347013,87093821.96076505,81259176.17418256,76793036.30591501,77319907.94697252,89273431.87372753,82557768.26727007,79223979.63439004,82160858.52930002,82613690.17847507,73362007.31003752,82160330.84974255,79116606.19229507,87422575.62673505,75178711.60916004,82602806.58770002,84473604.54313754,91139208.70911507,91244184.0409901
2020-02-26,98930530.33893755,93202467.41090254,75662456.03207259,84976955.09905252,84230170.26251255,75118658.17009006,84866237.63271259,88798210.64479007,83479432.55159502,90063636.34046498,79722174.22163248,82621953.60383004,80444392.87607004,80091282.06019752,76495432.52785753,82988145.82032256,74586502.50657752,85345447.63004006,83445078.474745,85127002.59121007,78129871.14078006,72906498.78459005,85398851.59633757,87861561.14708513,83544438.31435254,77789278.50426503,86990820.94111013,87474368.38091257,72409428.83460002,87327929.31739007,78156518.42583258,85518870.17820257,93312797.27347013,87093821.96076505,81259176.17418256,76793036.30591501,77319907.94697252,89273431.87372753,82557768.26727007,79223979.63439004,82160858.52930002,82613690.17847507,73362007.31003752,82160330.84974255,79116606.19229507,87422575.62673505,75178711.60916004,82602806.58770002,84473604.54313754,91139208.70911507,91244184.0409901
2020-02-27,98930530.33893755,93202467.41090254,75662456.03207259,84976955.09905252,84230170.26251255,75118658.17009006,84866237.63271259,88798210.64479007,83479432.55159502,90063636.34046498,79722174.22163248,82621953.60383004,80444392.87607004,80091282.06019752,76495432.52785753,82988145.82032256,74586502.50657752,85345447.63004006,83445078.474745,85127002.59121007,78129871.14078006,72906498.78459005,85398851.59633757,87861561.14708513,83544438.31435254,77789278.50426503,86990820.94111013,87474368.38091257,72409428.83460002,87327929.31739007,78156518.42583258,85518870.17820257,93312797.27347013,87093821.96076505,81259176.17418256,76793036.30591501,77319907.94697252,89273431.87372753,82557768.26727007,79223979.63439004,82160858.52930002,82613690.17847507,73362007.31003752,82160330.84974255,79116606.19229507,87422575.62673505,75178711.60916004,82602806.58770002,84473604.54313754,91139208.70911507,91244184.0409901
2020-02-28,98930530.33893755,93202467.41090254,75662456.03207259,84976955.09905252,84230170.26251255,75118658.17009006,84866237.63271259,88798210.64479007,83479432.55159502,90063636.34046498,79722174.22163248,82621953.60383004,80444392.87607004,80091282.06019752,76495432.52785753,82988145.82032256,74586502.50657752,85345447.63004006,83445078.474745,85127002.59121007,78129871.14078006,72906498.78459005,85398851.59633757,87861561.14708513,83544438.31435254,77789278.50426503,86990820.94111013,87474368.38091257,72409428.83460002,87327929.31739007,78156518.42583258,85518870.17820257,93312797.27347013,87093821.96076505,81259176.17418256,76793036.30591501,77319907.94697252,89273431.87372753,82557768.26727007,79223979.63439004,82160858.52930002,82613690.17847507,73362007.31003752,82160330.84974255,79116606.19229507,87422575.62673505,75178711.60916004,82602806.58770002,84473604.54313754,91139208.70911507,91244184.0409901
2020-03-02,98930530.33893755,93202467.41090254,75662456.03207259,84976955.09905252,84230170.26251255,75118658.17009006,84866237.63271259,88798210.64479007,83479432.55159502,90063636.34046498,79722174.22163248,82621953.60383004,80444392.87607004,80091282.06019752,76495432.52785753,82988145.82032256,74586502.50657752,85345447.63004006,83445078.474745,85127002.59121007,78129871.14078006,72906498.78459005,85398851.59633757,87861561.14708513,83544438.31435254,77789278.50426503,86990820.94111013,87474368.38091257,72409428.83460002,87327929.31739007,78156518.42583258,85518870.17820257,93312797.27347013,87093821.96076505,81259176.17418256,76793036.30591501,77319907.94697252,89273431.87372753,82557768.26727007,79223979.63439004,82160858.52930002,82613690.17847507,73362007.31003752,82160330.84974255,79116606.19229507,87422575.62673505,75178711.60916004,82602806.58770002,84473604.54313754,91139208.70911507,91244184.0409901
2020-03-03,98930530.33893755,93202467.41090254,75662456.03207259,84976955.09905252,84230170.26251255,75118658.17009006,84866237.63271259,88798210.64479007,83479432.55159502,90063636.34046498,79722174.22163248,82621953.60383004,80444392.87607004,80091282.06019752,76495432.52785753,82988145.82032256,74586502.50657752,85345447.63004006,83445078.474745,85127002.59121007,78129871.14078006,72906498.78459005,85398851.59633757,87861561.14708513,83544438.31435254,77789278.50426503,86990820.94111013,87474368.38091257,72409428.83460002,87327929.31739007,78156518.42583258,85518870.17820257,93312797.27347013,87093821.96076505,81259176.17418256,76793036.30591501,77319907.94697252,89273431.87372753,82557768.26727007,79223979.63439004,82160858.52930002,82613690.17847507,73362007.31003752,82160330.84974255,79116606.19229507,87422575.62673505,75178711.60916004,82602806.58770002,84473604.54313754,91139208.70911507,91244184.0409901
2020-03-04,98930530.33893755,93202467.41090254,75662456.03207259,84976955.09905252,84230170.26251255,75118658.17009006,84866237.63271259,88798210.64479007,83479432.55159502,90063636.34046498,79722174.22163248,82621953.60383004,80444392.87607004,80091282.06019752,76495432.52785753,82988145.82032256,74586502.50657752,85345447.63004006,83445078.474745,85127002.59121007,78129871.14078006,72906498.78459005,85398851.59633757,87861561.14708513,83544438.31435254,77789278.50426503,86990820.94111013,87474368.38091257,72409428.83460002,87327929.31739007,78156518.42583258,85518870.17820257,93312797.27347013,87093821.96076505,81259176.17418256,76793036.30591501,77319907.94697252,89273431.87372753,82557768.26727007,79223979.63439004,82160858.52930002,82613690.17847507,73362007.31003752,82160330.84974255,79116606.19229507,87422575.62673505,75178711.60916004,82602806.58770002,84473604.54313754,91139208.70911507,91244184.0409901
2020-03-05,98930530.33893755,93202467.41090254,75662456.03207259,84976955.09905252,84230170.26251255,75118658.17009006,84866237.63271259,88798210.64479007,83479432.55159502,90063636.34046498,79722174.22163248,82621953.60383004,80444392.87607004,80091282.06019752,76495432.52785753,82988145.82032256,74586502.50657752,85345447.63004006,83445078.474745,85127002.59121007,78129871.14078006,72906498.78459005,85398851.59633757,87861561.14708513,83544438.31435254,77789278.50426503,86990820.94111013,87474368.38091257,72409428.83460002,87327929.31739007,78156518.42583258,85518870.17820257,93312797.27347013,87093821.96076505,81259176.17418256,76793036.30591501,77319907.94697252,89273431.87372753,82557768.26727007,79223979.63439004,82160858.52930002,82613690.17847507,73362007.31003752,82160330.84974255,79116606.19229507,87422575.62673505,75178711.60916004,82602806.58770002,84473604.54313754,91139208.70911507,91244184.0409901
2020-03-06,98930530.33893755,93202467.41090254,75662456.03207259,84976955.09905252,84230170.26251255,75118658.17009006,84866237.63271259,88798210.64479007,83479432.55159502,90063636.34046498,79722174.22163248,82621953.60383004,80444392.87607004,80091282.06019752,76495432.52785753,82988145.82032256,74586502.50657752,85345447.63004006,83445078.474745,85127002.59121007,78129871.14078006,72906498.78459005,85398851.59633757,87861561.14708513,83544438.31435254,77789278.50426503,86990820.94111013,87474368.38091257,72409428.83460002,87327929.31739007,78156518.42583258,85518870.17820257,93312797.27347013,87093821.96076505,81259176.17418256,76793036.30591501,77319907.94697252,89273431.87372753,82557768.26727007,79223979.63439004,82160858.52930002,82613690.17847507,73362007.31003752,82160330.84974255,79116606.19229507,87422575.62673505,75178711.60916004,82602806.58770002,84473604.54313754,91139208.70911507,91244184.0409901
2020-03-09,98930530.33893755,93202467.41090254,75662456.03207259,84976955.09905252,84230170.26251255,75118658.17009006,84866237.63271259,88798210.64479007,83479432.55159502,90063636.34046498,79722174.22163248,82621953.60383004,80444392.87607004,80091282.06019752,76495432.52785753,82988145.82032256,74586502.50657752,85345447.63004006,83445078.474745,85127002.59121007,78129871.14078006,72906498.78459005,85398851.59633757,87861561.14708513,83544438.31435254,77789278.50426503,86990820.94111013,87474368.38091257,72409428.83460002,87327929.31739007,78156518.42583258,85518870.17820257,93312797.27347013,87093821.96076505,81259176.17418256,76793036.30591501,77319907.94697252,89273431.87372753,82557768.26727007,79223979.63439004,82160858.52930002,82613690.17847507,73362007.31003752,82160330.84974255,79116606.19229507,87422575.62673505,75178711.60916004,82602806.58770002,84473604.54313754,91139208.70911507,91244184.0409901
2020-03-10,98930530.33893755,93202467.41090254,75662456.03207259,84976955.09905252,84230170.26251255,75118658.17009006,84866237.63271259,88798210.64479007,83479432.55159502,90063636.34046498,79722174.22163248,82621953.60383004,80444392.87607004,80091282.06019752,76495432.52785753,82988145.82032256,74586502.50657752,85345447.63004006,83445078.474745,85127002.59121007,78129871.14078006,72906498.78459005,85398851.59633757,87861561.14708513,83544438.31435254,77789278.50426503,86990820.94111013,87474368.38091257,72409428.83460002,87327929.31739007,78156518.42583258,85518870.17820257,93312797.27347013,87093821.96076505,81259176.17418256,76793036.30591501,77319907.94697252,89273431.87372753,82557768.26727007,79223979.63439004,82160858.52930002,82613690.17847507,73362007.31003752,82160330.84974255,79116606.19229507,87422575.62673505,75178711.60916004,82602806.58770002,84473604.54313754,91139208.70911507,91244184.0409901
2020-03-11,98930530.33893755,93202467.41090254,75662456.03207259,84976955.09905252,84230170.26251255,75118658.17009006,84866237.63271259,88798210.64479007,83479432.55159502,90063636.34046498,79722174.22163248,82621953.60383004,80444392.87607004,80091282.06019752,76495432.52785753,82988145.82032256,74586502.50657752,85345447.63004006,83445078.474745,85127002.59121007,78129871.14078006,72906498.78459005,85398851.59633757,87861561.14708513,83544438.31435254,77789278.50426503,86990820.94111013,87474368.38091257,72409428.83460002,87327929.31739007,78156518.42583258,85518870.17820257,93312797.27347013,87093821.96076505,81259176.17418256,76793036.30591501,77319907.94697252,89273431.87372753,82557768.26727007,79223979.63439004,82160858.52930002,82613690.17847507,73362007.31003752,82160330.84974255,79116606.19229507,87422575.62673505,75178711.60916004,82602806.58770002,84473604.54313754,91139208.70911507,91244184.0409901
2020-03-12,98930530.33893755,93202467.41090254,75662456.03207259,84976955.09905252,84230170.26251255,75118658.17009006,84866237.63271259,88798210.64479007,83479432.55159502,90063636.34046498,79722174.22163248,82621953.60383004,80444392.87607004,80091282.06019752,76495432.52785753,82988145.82032256,74586502.50657752,85345447.63004006,83445078.474745,85127002.59121007,78129871.14078006,72906498.78459005,85398851.59633757,87861561.14708513,83544438.31435254,77789278.50426503,86990820.94111013,87474368.38091257,72409428.83460002,87327929.31739007,78156518.42583258,85518870.17820257,93312797.27347013,87093821.96076505,81259176.17418256,76793036.30591501,77319907.94697252,89273431.87372753,82557768.26727007,79223979.63439004,82160858.52930002,82613690.17847507,73362007.31003752,82160330.84974255,79116606.19229507,87422575.62673505,75178711.60916004,82602806.58770002,84473604.54313754,91139208.70911507,91244184.0409901
2020-03-13,98930530.33893755,93202467.41090254,75662456.03207259,84976955.09905252,84230170.26251255,75118658.17009006,84866237.63271259,88798210.64479007,83479432.55159502,90063636.34046498,79722174.22163248,82621953.60383004,80444392.87607004,80091282.06019752,76495432.52785753,82988145.82032256,74586502.50657752,85345447.63004006,83445078.474745,85127002.59121007,78129871.14078006,72906498.78459005,85398851.59633757,87861561.14708513,83544438.31435254,77789278.50426503,86990820.94111013,87474368.38091257,72409428.83460002,87327929.31739007,78156518.42583258,85518870.17820257,93312797.27347013,87093821.96076505,81259176.17418256,76793036.30591501,77319907.94697252,89273431.87372753,82557768.26727007,79223979.63439004,82160858.52930002,82613690.17847507,73362007.31003752,82160330.84974255,79116606.19229507,87422575.62673505,75178711.60916004,82602806.58770002,84473604.54313754,91139208.70911507,91244184.0409901
2020-03-16,98930530.33893755,93202467.41090254,75662456.03207259,84976955.09905252,84230170.26251255,75118658.17009006,84866237.63271259,88798210.64479007,83479432.55159502,90063636.34046498,79722174.22163248,82621953.60383004,80444392.87607004,80091282.06019752,76495432.52785753,82988145.82032256,74586502.50657752,85345447.63004006,83445078.474745,85127002.59121007,78129871.14078006,72906498.78459005,85398851.59633757,87861561.14708513,83544438.31435254,77789278.50426503,86990820.94111013,87474368.38091257,72409428.83460002,87327929.31739007,78156518.42583258,85518870.17820257,93312797.27347013,87093821.96076505,81259176.17418256,76793036.30591501,77319907.94697252,89273431.87372753,82557768.26727007,79223979.63439004,82160858.52930002,82613690.17847507,73362007.31003752,82160330.84974255,79116606.19229507,87422575.62673505,75178711.60916004,82602806.58770002,84473604.54313754,91139208.70911507,91244184.0409901
2020-03-17,98930530.33893755,93202467.41090254,75662456.03207259,84976955.09905252,84230170.26251255,75118658.17009006,84866237.63271259,88798210.64479007,83479432.55159502,90063636.34046498,79722174.22163248,82621953.60383004,80444392.87607004,80091282.06019752,76495432.52785753,82988145.82032256,74586502.50657752,85345447.63004006,83445078.474745,85127002.59121007,78129871.14078006,72906498.78459005,85398851.59633757,87861561.14708513,83544438.31435254,77789278.50426503,86990820.94111013,87474368.38091257,72409428.83460002,87327929.31739007,78156518.42583258,85518870.17820257,93312797.27347013,87093821.96076505,81259176.17418256,76793036.30591501,77319907.94697252,89273431.87372753,82557768.26727007,79223979.63439004,82160858.52930002,82613690.17847507,73362007.31003752,82160330.84974255,79116606.19229507,87422575.62673505,75178711.60916004,82602806.58770002,84473604.54313754,91139208.70911507,91244184.0409901
2020-03-18,98930530.33893755,93202467.41090254,75662456.03207259,84976955.09905252,84230170.26251255,75118658.17009006,84866237.63271259,88798210.64479007,83479432.55159502,90063636.34046498,79722174.22163248,82621953.60383004,80444392.87607004,80091282.06019752,76495432.52785753,82988145.82032256,74586502.50657752,85345447.63004006,83445078.474745,85127002.59121007,78129871.14078006,72906498.78459005,85398851.59633757,87861561.14708513,83544438.31435254,77789278.50426503,86990820.94111013,87474368.38091257,72409428.83460002,87327929.31739007,78156518.42583258,85518870.17820257,93312797.27347013,87093821.96076505,81259176.17418256,76793036.30591501,77319907.94697252,89273431.87372753,82557768.26727007,79223979.63439004,82160858.52930002,82613690.17847507,73362007.31003752,82160330.84974255,79116606.19229507,87422575.62673505,75178711.60916004,82602806.58770002,84473604.54313754,91139208.70911507,91244184.0409901
2020-03-19,98930530.33893755,93202467.41090254,75662456.03207259,84976955.09905252,84230170.26251255,75118658.17009006,84866237.63271259,88798210.64479007,83479432.55159502,90063636.34046498,79722174.22163248,82621953.60383004,80444392.87607004,80091282.06019752,76495432.52785753,82988145.82032256,74586502.50657752,85345447.63004006,83445078.474745,85127002.59121007,78129871.14078006,72906498.78459005,85398851.59633757,87861561.14708513,83544438.31435254,77789278.50426503,86990820.94111013,87474368.38091257,72409428.83460002,87327929.31739007,78156518.42583258,85518870.17820257,93312797.27347013,87093821.96076505,81259176.17418256,76793036.30591501,77319907.94697252,89273431.87372753,82557768.26727007,79223979.63439004,82160858.52930002,82613690.17847507,73362007.31003752,82160330.84974255,79116606.19229507,87422575.62673505,75178711.60916004,82602806.58770002,84473604.54313754,91139208.70911507,91244184.0409901
2020-03-20,98930530.33893755,93202467.41090254,75662456.03207259,84976955.09905252,84230170.26251255,75118658.17009006,84866237.63271259,88798210.64479007,83479432.55159502,90063636.34046498,79722174.22163248,82621953.60383004,80444392.87607004,80091282.06019752,76495432.52785753,82988145.82032256,74586502.50657752,85345447.63004006,83445078.474745,85127002.59121007,78129871.14078006,72906498.78459005,85398851.59633757,87861561.14708513,83544438.31435254,77789278.50426503,86990820.94111013,87474368.38091257,72409428.83460002,87327929.31739007,78156518.42583258,85518870.17820257,93312797.27347013,87093821.96076505,81259176.17418256,76793036.30591501,77319907.94697252,89273431.87372753,82557768.26727007,79223979.63439004,82160858.52930002,82613690.17847507,73362007.31003752,82160330.84974255,79116606.19229507,87422575.62673505,75178711.60916004,82602806.58770002,84473604.54313754,91139208.70911507,91244184.0409901
2020-03-23,98930530.33893755,93202467.41090254,75662456.03207259,84976955.09905252,84230170.26251255,75118658.17009006,84866237.63271259,88798210.64479007,83479432.55159502,90063636.34046498,79722174.22163248,82621953.60383004,80444392.87607004,80091282.06019752,76495432.52785753,82988145.82032256,74586502.50657752,85345447.63004006,83445078.474745,85127002.59121007,78129871.14078006,72906498.78459005,85398851.59633757,87861561.14708513,83544438.31435254,77789278.50426503,86990820.94111013,87474368.38091257,72409428.83460002,87327929.31739007,78156518.42583258,85518870.17820257,93312797.27347013,87093821.96076505,81259176.17418256,76793036.30591501,77319907.94697252,89273431.87372753,82557768.26727007,79223979.63439004,82160858.52930002,82613690.17847507,73362007.31003752,82160330.84974255,79116606.19229507,87422575.62673505,75178711.60916004,82602806.58770002,84473604.54313754,91139208.70911507,91244184.0409901
2020-03-24,98930530.33893755,93202467.41090254,75662456.03207259,84976955.09905252,84230170.26251255,75118658.17009006,84866237.63271259,88798210.64479007,83479432.55159502,90063636.34046498,79722174.22163248,82621953.60383004,80444392.87607004,80091282.06019752,76495432.52785753,82988145.82032256,74586502.50657752,85345447.63004006,83445078.474745,85127002.59121007,78129871.14078006,72906498.78459005,85398851.59633757,87861561.14708513,83544438.31435254,77789278.50426503,86990820.94111013,87474368.38091257,72409428.83460002,87327929.31739007,78156518.42583258,85518870.17820257,93312797.27347013,87093821.96076505,81259176.17418256,76793036.30591501,77319907.94697252,89273431.87372753,82557768.26727007,79223979.63439004,82160858.52930002,82613690.17847507,73362007.31003752,82160330.84974255,79116606.19229507,87422575.62673505,75178711.60916004,82602806.58770002,84473604.54313754,91139208.70911507,91244184.0409901
2020-03-25,98930530.33893755,93202467.41090254,75662456.03207259,84976955.09905252,84230170.26251255,75118658.17009006,84866237.63271259,88798210.64479007,83479432.55159502,90063636.34046498,79722174.22163248,82621953.60383004,80444392.87607004,80091282.06019752,76495432.52785753,82988145.82032256,74586502.50657752,85345447.63004006,83445078.474745,85127002.59121007,78129871.14078006,72906498.78459005,85398851.59633757,87861561.14708513,83544438.31435254,77789278.50426503,86990820.94111013,87474368.38091257,72409428.83460002,87327929.31739007,78156518.42583258,85518870.17820257,93312797.27347013,87093821.96076505,81259176.17418256,76793036.30591501,77319907.94697252,89273431.87372753,82557768.26727007,79223979.63439004,82160858.52930002,82613690.17847507,73362007.31003752,82160330.84974255,79116606.19229507,87422575.62673505,75178711.60916004,82602806.58770002,84473604.54313754,91139208.70911507,91244184.0409901
2020-03-26,98930530.33893755,93202467.41090254,75662456.03207259,84976955.09905252,84230170.26251255,75118658.17009006,84866237.63271259,88798210.64479007,83479432.55159502,90063636.34046498,79722174.22163248,82621953.60383004,80444392.87607004,80091282.06019752,76495432.52785753,82988145.82032256,74586502.50657752,85345447.63004006,83445078.474745,85127002.59121007,78129871.14078006,72906498.78459005,85398851.59633757,87861561.14708513,83544438.31435254,77789278.50426503,86990820.94111013,87474368.38091257,72409428.83460002,87327929.31739007,78156518.42583258,85518870.17820257,93312797.27347013,87093821.96076505,81259176.17418256,76793036.30591501,77319907.94697252,89273431.87372753,82557768.26727007,79223979.63439004,82160858.52930002,82613690.17847507,73362007.31003752,82160330.84974255,79116606.19229507,87422575.62673505,75178711.60916004,82602806.58770002,84473604.54313754,91139208.70911507,91244184.0409901
2020-03-27,98930530.33893755,93202467.41090254,75662456.03207259,84976955.09905252,84230170.26251255,75118658.17009006,84866237.63271259,88798210.64479007,83479432.55159502,90063636.34046498,79722174.22163248,82621953.60383004,80444392.87607004,80091282.06019752,76495432.52785753,82988145.82032256,74586502.50657752,85345447.63004006,83445078.474745,85127002.59121007,78129871.14078006,72906498.78459005,85398851.59633757,87861561.14708513,83544438.31435254,77789278.50426503,86990820.94111013,87474368.38091257,72409428.83460002,87327929.31739007,78156518.42583258,85518870.17820257,93312797.27347013,87093821.96076505,81259176.17418256,76793036.30591501,77319907.94697252,89273431.87372753,82557768.26727007,79223979.63439004,82160858.52930002,82613690.17847507,73362007.31003752,82160330.84974255,79116606.19229507,87422575.62673505,75178711.60916004,82602806.58770002,84473604.54313754,91139208.70911507,91244184.0409901
2020-03-30,98930530.33893755,93202467.41090254,75662456.03207259,84976955.09905252,84230170.26251255,75118658.17009006,84866237.63271259,88798210.64479007,83479432.55159502,90063636.34046498,79722174.22163248,82621953.60383004,80444392.87607004,80091282.06019752,76495432.52785753,82988145.82032256,74586502.50657752,85345447.63004006,83445078.474745,85127002.59121007,78129871.14078006,72906498.78459005,85398851.59633757,87861561.14708513,83544438.31435254,77789278.50426503,86990820.94111013,87474368.38091257,72409428.83460002,87327929.31739007,78156518.42583258,85518870.17820257,93312797.27347013,87093821.96076505,81259176.17418256,76793036.30591501,77319907.94697252,89273431.87372753,82557768.26727007,79223979.63439004,82160858.52930002,82613690.17847507,73362007.31003752,82160330.84974255,79116606.19229507,87422575.62673505,75178711.60916004,82602806.58770002,84473604.54313754,91139208.70911507,91244184.0409901
2020-03-31,98930530.33893755,93202467.41090254,75662456.03207259,84976955.09905252,84230170.26251255,75118658.17009006,84866237.63271259,88798210.64479007,83479432.55159502,90063636.34046498,79722174.22163248,82621953.60383004,80444392.87607004,80091282.06019752,76495432.52785753,82988145.82032256,74586502.50657752,85345447.63004006,83445078.474745,85127002.59121007,78129871.14078006,72906498.78459005,85398851.59633757,87861561.14708513,83544438.31435254,77789278.50426503,86990820.94111013,87474368.38091257,72409428.83460002,87327929.31739007,78156518.42583258,85518870.17820257,93312797.27347013,87093821.96076505,81259176.17418256,76793036.30591501,77319907.94697252,89273431.87372753,82557768.26727007,79223979.63439004,82160858.52930002,82613690.17847507,73362007.31003752,82160330.84974255,79116606.19229507,87422575.62673505,75178711.60916004,82602806.58770002,84473604.54313754,91139208.70911507,91244184.0409901
2020-04-01,98930530.33893755,93202467.41090254,75662456.03207259,84976955.09905252,84230170.26251255,75118658.17009006,84866237.63271259,88798210.64479007,83479432.55159502,90063636.34046498,79722174.22163248,82621953.60383004,80444392.87607004,80091282.06019752,76495432.52785753,82988145.82032256,74586502.50657752,85345447.63004006,83445078.474745,85127002.59121007,78129871.14078006,72906498.78459005,85398851.59633757,87861561.14708513,83544438.31435254,77789278.50426503,86990820.94111013,87474368.38091257,72409428.83460002,87327929.31739007,78156518.42583258,85518870.17820257,93312797.27347013,87093821.96076505,81259176.17418256,76793036.30591501,77319907.94697252,89273431.87372753,82557768.26727007,79223979.63439004,82160858.52930002,82613690.17847507,73362007.31003752,82160330.84974255,79116606.19229507,87422575.62673505,75178711.60916004,82602806.58770002,84473604.54313754,91139208.70911507,91244184.0409901
2020-04-03,98930530.33893755,93202467.41090254,75662456.03207259,84976955.09905252,84230170.26251255,75118658.17009006,84866237.63271259,88798210.64479007,83479432.55159502,90063636.34046498,79722174.22163248,82621953.60383004,80444392.87607004,80091282.06019752,76495432.52785753,82988145.82032256,74586502.50657752,85345447.63004006,83445078.474745,85127002.59121007,78129871.14078006,72906498.78459005,85398851.59633757,87861561.14708513,83544438.31435254,77789278.50426503,86990820.94111013,87474368.38091257,72409428.83460002,87327929.31739007,78156518.42583258,85518870.17820257,93312797.27347013,87093821.96076505,81259176.17418256,76793036.30591501,77319907.94697252,89273431.87372753,82557768.26727007,79223979.63439004,82160858.52930002,82613690.17847507,73362007.31003752,82160330.84974255,79116606.19229507,87422575.62673505,75178711.60916004,82602806.58770002,84473604.54313754,91139208.70911507,91244184.0409901
2020-04-06,98930530.33893755,93202467.41090254,75662456.03207259,84976955.09905252,84230170.26251255,75118658.17009006,84866237.63271259,88798210.64479007,83479432.55159502,90063636.34046498,79722174.22163248,82621953.60383004,80444392.87607004,80091282.06019752,76495432.52785753,82988145.82032256,74586502.50657752,85345447.63004006,83445078.474745,85127002.59121007,78129871.14078006,72906498.78459005,85398851.59633757,87861561.14708513,83544438.31435254,77789278.50426503,86990820.94111013,87474368.38091257,72409428.83460002,87327929.31739007,78156518.42583258,85518870.17820257,93312797.27347013,87093821.96076505,81259176.17418256,76793036.30591501,77319907.94697252,89273431.87372753,82557768.26727007,79223979.63439004,82160858.52930002,82613690.17847507,73362007.31003752,82160330.84974255,79116606.19229507,87422575.62673505,75178711.60916004,82602806.58770002,84473604.54313754,91139208.70911507,91244184.0409901
2020-04-07,98930530.33893755,93202467.41090254,75662456.03207259,84976955.09905252,84230170.26251255,75118658.17009006,84866237.63271259,88798210.64479007,83479432.55159502,90063636.34046498,79722174.22163248,82621953.60383004,80444392.87607004,80091282.06019752,76495432.52785753,82988145.82032256,74586502.50657752,85345447.63004006,83445078.474745,85127002.59121007,78129871.14078006,72906498.78459005,85398851.59633757,87861561.14708513,83544438.31435254,77789278.50426503,86990820.94111013,87474368.38091257,72409428.83460002,87327929.31739007,78156518.42583258,85518870.17820257,93312797.27347013,87093821.96076505,81259176.17418256,76793036.30591501,77319907.94697252,89273431.87372753,82557768.26727007,79223979.63439004,82160858.52930002,82613690.17847507,73362007.31003752,82160330.84974255,79116606.19229507,87422575.62673505,75178711.60916004,82602806.58770002,84473604.54313754,91139208.70911507,91244184.0409901
2020-04-08,98930530.33893755,93202467.41090254,75662456.03207259,84976955.09905252,84230170.26251255,75118658.17009006,84866237.63271259,88798210.64479007,83479432.55159502,90063636.34046498,79722174.22163248,82621953.60383004,80444392.87607004,80091282.06019752,76495432.52785753,82988145.82032256,74586502.50657752,85345447.63004006,83445078.474745,85127002.59121007,78129871.14078006,72906498.78459005,85398851.59633757,87861561.14708513,83544438.31435254,77789278.50426503,86990820.94111013,87474368.38091257,72409428.83460002,87327929.31739007,78156518.42583258,85518870.17820257,93312797.27347013,87093821.96076505,81259176.17418256,76793036.30591501,77319907.94697252,89273431.87372753,82557768.26727007,79223979.63439004,82160858.52930002,82613690.17847507,73362007.31003752,82160330.84974255,79116606.19229507,87422575.62673505,75178711.60916004,82602806.58770002,84473604.54313754,91139208.70911507,91244184.0409901
2020-04-09,98930530.33893755,93202467.41090254,75662456.03207259,84976955.09905252,84230170.26251255,75118658.17009006,84866237.63271259,88798210.64479007,83479432.55159502,90063636.34046498,79722174.22163248,82621953.60383004,80444392.87607004,80091282.06019752,76495432.52785753,82988145.82032256,74586502.50657752,85345447.63004006,83445078.474745,85127002.59121007,78129871.14078006,72906498.78459005,85398851.59633757,87861561.14708513,83544438.31435254,77789278.50426503,86990820.94111013,87474368.38091257,72409428.83460002,87327929.31739007,78156518.42583258,85518870.17820257,93312797.27347013,87093821.96076505,81259176.17418256,76793036.30591501,77319907.94697252,89273431.87372753,82557768.26727007,79223979.63439004,82160858.52930002,82613690.17847507,73362007.31003752,82160330.84974255,79116606.19229507,87422575.62673505,75178711.60916004,82602806.58770002,84473604.54313754,91139208.70911507,91244184.0409901
2020-04-10,98930530.33893755,93202467.41090254,75662456.03207259,84976955.09905252,84230170.26251255,75118658.17009006,84866237.63271259,88798210.64479007,83479432.55159502,90063636.34046498,79722174.22163248,82621953.60383004,80444392.87607004,80091282.06019752,76495432.52785753,82988145.82032256,74586502.50657752,85345447.63004006,83445078.474745,85127002.59121007,78129871.14078006,72906498.78459005,85398851.59633757,87861561.14708513,83544438.31435254,77789278.50426503,86990820.94111013,87474368.38091257,72409428.83460002,87327929.31739007,78156518.42583258,85518870.17820257,93312797.27347013,87093821.96076505,81259176.17418256,76793036.30591501,77319907.94697252,89273431.87372753,82557768.26727007,79223979.63439004,82160858.52930002,82613690.17847507,73362007.31003752,82160330.84974255,79116606.19229507,87422575.62673505,75178711.60916004,82602806.58770002,84473604.54313754,91139208.70911507,91244184.0409901
2020-04-13,98930530.33893755,93202467.41090254,75662456.03207259,84976955.09905252,84230170.26251255,75118658.17009006,84866237.63271259,88798210.64479007,83479432.55159502,90063636.34046498,79722174.22163248,82621953.60383004,80444392.87607004,80091282.06019752,76495432.52785753,82988145.82032256,74586502.50657752,85345447.63004006,83445078.474745,85127002.59121007,78129871.14078006,72906498.78459005,85398851.59633757,87861561.14708513,83544438.31435254,77789278.50426503,86990820.94111013,87474368.38091257,72409428.83460002,87327929.31739007,78156518.42583258,85518870.17820257,93312797.27347013,87093821.96076505,81259176.17418256,76793036.30591501,77319907.94697252,89273431.87372753,82557768.26727007,79223979.63439004,82160858.52930002,82613690.17847507,73362007.31003752,82160330.84974255,79116606.19229507,87422575.62673505,75178711.60916004,82602806.58770002,84473604.54313754,91139208.70911507,91244184.0409901
2020-04-14,98930530.33893755,93202467.41090254,75662456.03207259,84976955.09905252,84230170.26251255,75118658.17009006,84866237.63271259,88798210.64479007,83479432.55159502,90063636.34046498,79722174.22163248,82621953.60383004,80444392.87607004,80091282.06019752,76495432.52785753,82988145.82032256,74586502.50657752,85345447.63004006,83445078.474745,85127002.59121007,78129871.14078006,72906498.78459005,85398851.59633757,87861561.14708513,83544438.31435254,77789278.50426503,86990820.94111013,87474368.38091257,72409428.83460002,87327929.31739007,78156518.42583258,85518870.17820257,93312797.27347013,87093821.96076505,81259176.17418256,76793036.30591501,77319907.94697252,89273431.87372753,82557768.26727007,79223979.63439004,82160858.52930002,82613690.17847507,73362007.31003752,82160330.84974255,79116606.19229507,87422575.62673505,75178711.60916004,82602806.58770002,84473604.54313754,91139208.70911507,91244184.0409901
2020-04-15,98930530.33893755,93202467.41090254,75662456.03207259,84976955.09905252,84230170.26251255,75118658.17009006,84866237.63271259,88798210.64479007,83479432.55159502,90063636.34046498,79722174.22163248,82621953.60383004,80444392.87607004,80091282.06019752,76495432.52785753,82988145.82032256,74586502.50657752,85345447.63004006,83445078.474745,85127002.59121007,78129871.14078006,72906498.78459005,85398851.59633757,87861561.14708513,83544438.31435254,77789278.50426503,86990820.94111013,87474368.38091257,72409428.83460002,87327929.31739007,78156518.42583258,85518870.17820257,93312797.27347013,87093821.96076505,81259176.17418256,76793036.30591501,77319907.94697252,89273431.87372753,82557768.26727007,79223979.63439004,82160858.52930002,82613690.17847507,73362007.31003752,82160330.84974255,79116606.19229507,87422575.62673505,75178711.60916004,82602806.58770002,84473604.54313754,91139208.70911507,91244184.0409901
2020-04-16,98930530.33893755,93202467.41090254,75662456.03207259,84976955.09905252,84230170.26251255,75118658.17009006,84866237.63271259,88798210.64479007,83479432.55159502,90063636.34046498,79722174.22163248,82621953.60383004,80444392.87607004,80091282.06019752,76495432.52785753,82988145.82032256,74586502.50657752,85345447.63004006,83445078.474745,85127002.59121007,78129871.14078006,72906498.78459005,85398851.59633757,87861561.14708513,83544438.31435254,77789278.50426503,86990820.94111013,87474368.38091257,72409428.83460002,87327929.31739007,78156518.42583258,85518870.17820257,93312797.27347013,87093821.96076505,81259176.17418256,76793036.30591501,77319907.94697252,89273431.87372753,82557768.26727007,79223979.63439004,82160858.52930002,82613690.17847507,73362007.31003752,82160330.84974255,79116606.19229507,87422575.62673505,75178711.60916004,82602806.58770002,84473604.54313754,91139208.70911507,91244184.0409901
2020-04-17,98930530.33893755,93202467.41090254,75662456.03207259,84976955.09905252,84230170.26251255,75118658.17009006,84866237.63271259,88798210.64479007,83479432.55159502,90063636.34046498,79722174.22163248,82621953.60383004,80444392.87607004,80091282.06019752,76495432.52785753,82988145.82032256,74586502.50657752,85345447.63004006,83445078.474745,85127002.59121007,78129871.14078006,72906498.78459005,85398851.59633757,87861561.14708513,83544438.31435254,77789278.50426503,86990820.94111013,87474368.38091257,72409428.83460002,87327929.31739007,78156518.42583258,85518870.17820257,93312797.27347013,87093821.96076505,81259176.17418256,76793036.30591501,77319907.94697252,89273431.87372753,82557768.26727007,79223979.63439004,82160858.52930002,82613690.17847507,73362007.31003752,82160330.84974255,79116606.19229507,87422575.62673505,75178711.60916004,82602806.58770002,84473604.54313754,91139208.70911507,91244184.0409901
2020-04-20,98930530.33893755,93202467.41090254,75662456.03207259,84976955.09905252,84230170.26251255,75118658.17009006,84866237.63271259,88798210.64479007,83479432.55159502,90063636.34046498,79722174.22163248,82621953.60383004,80444392.87607004,80091282.06019752,76495432.52785753,82988145.82032256,74586502.50657752,85345447.63004006,83445078.474745,85127002.59121007,78129871.14078006,72906498.78459005,85398851.59633757,87861561.14708513,83544438.31435254,77789278.50426503,86990820.94111013,87474368.38091257,72409428.83460002,87327929.31739007,78156518.42583258,85518870.17820257,93312797.27347013,87093821.96076505,81259176.17418256,76793036.30591501,77319907.94697252,89273431.87372753,82557768.26727007,79223979.63439004,82160858.52930002,82613690.17847507,73362007.31003752,82160330.84974255,79116606.19229507,87422575.62673505,75178711.60916004,82602806.58770002,84473604.54313754,91139208.70911507,91244184.0409901
2020-04-21,98930530.33893755,93202467.41090254,75662456.03207259,84976955.09905252,84230170.26251255,75118658.17009006,84866237.63271259,88798210.64479007,83479432.55159502,90063636.34046498,79722174.22163248,82621953.60383004,80444392.87607004,80091282.06019752,76495432.52785753,82988145.82032256,74586502.50657752,85345447.63004006,83445078.474745,85127002.59121007,78129871.14078006,72906498.78459005,85398851.59633757,87861561.14708513,83544438.31435254,77789278.50426503,86990820.94111013,87474368.38091257,72409428.83460002,87327929.31739007,78156518.42583258,85518870.17820257,93312797.27347013,87093821.96076505,81259176.17418256,76793036.30591501,77319907.94697252,89273431.87372753,82557768.26727007,79223979.63439004,82160858.52930002,82613690.17847507,73362007.31003752,82160330.84974255,79116606.19229507,87422575.62673505,75178711.60916004,82602806.58770002,84473604.54313754,91139208.70911507,91244184.0409901
2020-04-22,98930530.33893755,93202467.41090254,75662456.03207259,84976955.09905252,84230170.26251255,75118658.17009006,84866237.63271259,88798210.64479007,83479432.55159502,90063636.34046498,79722174.22163248,82621953.60383004,80444392.87607004,80091282.06019752,76495432.52785753,82988145.82032256,74586502.50657752,85345447.63004006,83445078.474745,85127002.59121007,78129871.14078006,72906498.78459005,85398851.59633757,87861561.14708513,83544438.31435254,77789278.50426503,86990820.94111013,87474368.38091257,72409428.83460002,87327929.31739007,78156518.42583258,85518870.17820257,93312797.27347013,87093821.96076505,81259176.17418256,76793036.30591501,77319907.94697252,89273431.87372753,82557768.26727007,79223979.63439004,82160858.52930002,82613690.17847507,73362007.31003752,82160330.84974255,79116606.19229507,87422575.62673505,75178711.60916004,82602806.58770002,84473604.54313754,91139208.70911507,91244184.0409901
2020-04-23,98930530.33893755,93202467.41090254,75662456.03207259,84976955.09905252,84230170.26251255,75118658.17009006,84866237.63271259,88798210.64479007,83479432.55159502,90063636.34046498,79722174.22163248,82621953.60383004,80444392.87607004,80091282.06019752,76495432.52785753,82988145.82032256,74586502.50657752,85345447.63004006,83445078.474745,85127002.59121007,78129871.14078006,72906498.78459005,85398851.59633757,87861561.14708513,83544438.31435254,77789278.50426503,86990820.94111013,87474368.38091257,72409428.83460002,87327929.31739007,78156518.42583258,85518870.17820257,93312797.27347013,87093821.96076505,81259176.17418256,76793036.30591501,77319907.94697252,89273431.87372753,82557768.26727007,79223979.63439004,82160858.52930002,82613690.17847507,73362007.31003752,82160330.84974255,79116606.19229507,87422575.62673505,75178711.60916004,82602806.58770002,84473604.54313754,91139208.70911507,91244184.0409901
2020-04-24,98930530.33893755,93202467.41090254,75662456.03207259,84976955.09905252,84230170.26251255,75118658.17009006,84866237.63271259,88798210.64479007,83479432.55159502,90063636.34046498,79722174.22163248,82621953.60383004,80444392.87607004,80091282.06019752,76495432.52785753,82988145.82032256,74586502.50657752,85345447.63004006,83445078.474745,85127002.59121007,78129871.14078006,72906498.78459005,85398851.59633757,87861561.14708513,83544438.31435254,77789278.50426503,86990820.94111013,87474368.38091257,72409428.83460002,87327929.31739007,78156518.42583258,85518870.17820257,93312797.27347013,87093821.96076505,81259176.17418256,76793036.30591501,77319907.94697252,89273431.87372753,82557768.26727007,79223979.63439004,82160858.52930002,82613690.17847507,73362007.31003752,82160330.84974255,79116606.19229507,87422575.62673505,75178711.60916004,82602806.58770002,84473604.54313754,91139208.70911507,91244184.0409901
2020-04-27,98930530.33893755,93202467.41090254,75662456.03207259,84976955.09905252,84230170.26251255,75118658.17009006,84866237.63271259,88798210.64479007,83479432.55159502,90063636.34046498,79722174.22163248,82621953.60383004,80444392.87607004,80091282.06019752,76495432.52785753,82988145.82032256,74586502.50657752,85345447.63004006,83445078.474745,85127002.59121007,78129871.14078006,72906498.78459005,85398851.59633757,87861561.14708513,83544438.31435254,77789278.50426503,86990820.94111013,87474368.38091257,72409428.83460002,87327929.31739007,78156518.42583258,85518870.17820257,93312797.27347013,87093821.96076505,81259176.17418256,76793036.30591501,77319907.94697252,89273431.87372753,82557768.26727007,79223979.63439004,82160858.52930002,82613690.17847507,73362007.31003752,82160330.84974255,79116606.19229507,87422575.62673505,75178711.60916004,82602806.58770002,84473604.54313754,91139208.70911507,91244184.0409901
2020-04-28,98930530.33893755,93202467.41090254,75662456.03207259,84976955.09905252,84230170.26251255,75118658.17009006,84866237.63271259,88798210.64479007,83479432.55159502,90063636.34046498,79722174.22163248,82621953.60383004,80444392.87607004,80091282.06019752,76495432.52785753,82988145.82032256,74586502.50657752,85345447.63004006,83445078.474745,85127002.59121007,78129871.14078006,72906498.78459005,85398851.59633757,87861561.14708513,83544438.31435254,77789278.50426503,86990820.94111013,87474368.38091257,72409428.83460002,87327929.31739007,78156518.42583258,85518870.17820257,93312797.27347013,87093821.96076505,81259176.17418256,76793036.30591501,77319907.94697252,89273431.87372753,82557768.26727007,79223979.63439004,82160858.52930002,82613690.17847507,73362007.31003752,82160330.84974255,79116606.19229507,87422575.62673505,75178711.60916004,82602806.58770002,84473604.54313754,91139208.70911507,91244184.0409901
2020-04-29,98930530.33893755,93202467.41090254,75662456.03207259,84976955.09905252,84230170.26251255,75118658.17009006,84866237.63271259,88798210.64479007,83479432.55159502,90063636.34046498,79722174.22163248,82621953.60383004,80444392.87607004,80091282.06019752,76495432.52785753,82988145.82032256,74586502.50657752,85345447.63004006,83445078.474745,85127002.59121007,78129871.14078006,72906498.78459005,85398851.59633757,87861561.14708513,83544438.31435254,77789278.50426503,86990820.94111013,87474368.38091257,72409428.83460002,87327929.31739007,78156518.42583258,85518870.17820257,93312797.27347013,87093821.96076505,81259176.17418256,76793036.30591501,77319907.94697252,89273431.87372753,82557768.26727007,79223979.63439004,82160858.52930002,82613690.17847507,73362007.31003752,82160330.84974255,79116606.19229507,87422575.62673505,75178711.60916004,82602806.58770002,84473604.54313754,91139208.70911507,91244184.0409901
2020-05-04,98930530.33893755,93202467.41090254,75662456.03207259,84976955.09905252,84230170.26251255,75118658.17009006,84866237.63271259,88798210.64479007,83479432.55159502,90063636.34046498,79722174.22163248,82621953.60383004,80444392.87607004,80091282.06019752,76495432.52785753,82988145.82032256,74586502.50657752,85345447.63004006,83445078.474745,85127002.59121007,78129871.14078006,72906498.78459005,85398851.59633757,87861561.14708513,83544438.31435254,77789278.50426503,86990820.94111013,87474368.38091257,72409428.83460002,87327929.31739007,78156518.42583258,85518870.17820257,93312797.27347013,87093821.96076505,81259176.17418256,76793036.30591501,77319907.94697252,89273431.87372753,82557768.26727007,79223979.63439004,82160858.52930002,82613690.17847507,73362007.31003752,82160330.84974255,79116606.19229507,87422575.62673505,75178711.60916004,82602806.58770002,84473604.54313754,91139208.70911507,91244184.0409901
2020-05-05,98930530.33893755,93202467.41090254,75662456.03207259,84976955.09905252,84230170.26251255,75118658.17009006,84866237.63271259,88798210.64479007,83479432.55159502,90063636.34046498,79722174.22163248,82621953.60383004,80444392.87607004,80091282.06019752,76495432.52785753,82988145.82032256,74586502.50657752,85345447.63004006,83445078.474745,85127002.59121007,78129871.14078006,72906498.78459005,85398851.59633757,87861561.14708513,83544438.31435254,77789278.50426503,86990820.94111013,87474368.38091257,72409428.83460002,87327929.31739007,78156518.42583258,85518870.17820257,93312797.27347013,87093821.96076505,81259176.17418256,76793036.30591501,77319907.94697252,89273431.87372753,82557768.26727007,79223979.63439004,82160858.52930002,82613690.17847507,73362007.31003752,82160330.84974255,79116606.19229507,87422575.62673505,75178711.60916004,82602806.58770002,84473604.54313754,91139208.70911507,91244184.0409901
2020-05-06,98930530.33893755,93202467.41090254,75662456.03207259,84976955.09905252,84230170.26251255,75118658.17009006,84866237.63271259,88798210.64479007,83479432.55159502,90063636.34046498,79722174.22163248,82621953.60383004,80444392.87607004,80091282.06019752,76495432.52785753,82988145.82032256,74586502.50657752,85345447.63004006,83445078.474745,85127002.59121007,78129871.14078006,72906498.78459005,85398851.59633757,87861561.14708513,83544438.31435254,77789278.50426503,86990820.94111013,87474368.38091257,72409428.83460002,87327929.31739007,78156518.42583258,85518870.17820257,93312797.27347013,87093821.96076505,81259176.17418256,76793036.30591501,77319907.94697252,89273431.87372753,82557768.26727007,79223979.63439004,82160858.52930002,82613690.17847507,73362007.31003752,82160330.84974255,79116606.19229507,87422575.62673505,75178711.60916004,82602806.58770002,84473604.54313754,91139208.70911507,91244184.0409901
2020-05-07,98930530.33893755,93202467.41090254,75662456.03207259,84976955.09905252,84230170.26251255,75118658.17009006,84866237.63271259,88798210.64479007,83479432.55159502,90063636.34046498,79722174.22163248,82621953.60383004,80444392.87607004,80091282.06019752,76495432.52785753,82988145.82032256,74586502.50657752,85345447.63004006,83445078.474745,85127002.59121007,78129871.14078006,72906498.78459005,85398851.59633757,87861561.14708513,83544438.31435254,77789278.50426503,86990820.94111013,87474368.38091257,72409428.83460002,87327929.31739007,78156518.42583258,85518870.17820257,93312797.27347013,87093821.96076505,81259176.17418256,76793036.30591501,77319907.94697252,89273431.87372753,82557768.26727007,79223979.63439004,82160858.52930002,82613690.17847507,73362007.31003752,82160330.84974255,79116606.19229507,87422575.62673505,75178711.60916004,82602806.58770002,84473604.54313754,91139208.70911507,91244184.0409901
2020-05-08,98930530.33893755,93202467.41090254,75662456.03207259,84976955.09905252,84230170.26251255,75118658.17009006,84866237.63271259,88798210.64479007,83479432.55159502,90063636.34046498,79722174.22163248,82621953.60383004,80444392.87607004,80091282.06019752,76495432.52785753,82988145.82032256,74586502.50657752,85345447.63004006,83445078.474745,85127002.59121007,78129871.14078006,72906498.78459005,85398851.59633757,87861561.14708513,83544438.31435254,77789278.50426503,86990820.94111013,87474368.38091257,72409428.83460002,87327929.31739007,78156518.42583258,85518870.17820257,93312797.27347013,87093821.96076505,81259176.17418256,76793036.30591501,77319907.94697252,89273431.87372753,82557768.26727007,79223979.63439004,82160858.52930002,82613690.17847507,73362007.31003752,82160330.84974255,79116606.19229507,87422575.62673505,75178711.60916004,82602806.58770002,84473604.54313754,91139208.70911507,91244184.0409901
2020-05-11,98930530.33893755,93202467.41090254,75662456.03207259,84976955.09905252,84230170.26251255,75118658.17009006,84866237.63271259,88798210.64479007,83479432.55159502,90063636.34046498,79722174.22163248,82621953.60383004,80444392.87607004,80091282.06019752,76495432.52785753,82988145.82032256,74586502.50657752,85345447.63004006,83445078.474745,85127002.59121007,78129871.14078006,72906498.78459005,85398851.59633757,87861561.14708513,83544438.31435254,77789278.50426503,86990820.94111013,87474368.38091257,72409428.83460002,87327929.31739007,78156518.42583258,85518870.17820257,93312797.27347013,87093821.96076505,81259176.17418256,76793036.30591501,77319907.94697252,89273431.87372753,82557768.26727007,79223979.63439004,82160858.52930002,82613690.17847507,73362007.31003752,82160330.84974255,79116606.19229507,87422575.62673505,75178711.60916004,82602806.58770002,84473604.54313754,91139208.70911507,91244184.0409901
2020-05-12,98930530.33893755,93202467.41090254,75662456.03207259,84976955.09905252,84230170.26251255,75118658.17009006,84866237.63271259,88798210.64479007,83479432.55159502,90063636.34046498,79722174.22163248,82621953.60383004,80444392.87607004,80091282.06019752,76495432.52785753,82988145.82032256,74586502.50657752,85345447.63004006,83445078.474745,85127002.59121007,78129871.14078006,72906498.78459005,85398851.59633757,87861561.14708513,83544438.31435254,77789278.50426503,86990820.94111013,87474368.38091257,72409428.83460002,87327929.31739007,78156518.42583258,85518870.17820257,93312797.27347013,87093821.96076505,81259176.17418256,76793036.30591501,77319907.94697252,89273431.87372753,82557768.26727007,79223979.63439004,82160858.52930002,82613690.17847507,73362007.31003752,82160330.84974255,79116606.19229507,87422575.62673505,75178711.60916004,82602806.58770002,84473604.54313754,91139208.70911507,91244184.0409901
2020-05-13,98930530.33893755,93202467.41090254,75662456.03207259,84976955.09905252,84230170.26251255,75118658.17009006,84866237.63271259,88798210.64479007,83479432.55159502,90063636.34046498,79722174.22163248,82621953.60383004,80444392.87607004,80091282.06019752,76495432.52785753,82988145.82032256,74586502.50657752,85345447.63004006,83445078.474745,85127002.59121007,78129871.14078006,72906498.78459005,85398851.59633757,87861561.14708513,83544438.31435254,77789278.50426503,86990820.94111013,87474368.38091257,72409428.83460002,87327929.31739007,78156518.42583258,85518870.17820257,93312797.27347013,87093821.96076505,81259176.17418256,76793036.30591501,77319907.94697252,89273431.87372753,82557768.26727007,79223979.63439004,82160858.52930002,82613690.17847507,73362007.31003752,82160330.84974255,79116606.19229507,87422575.62673505,75178711.60916004,82602806.58770002,84473604.54313754,91139208.70911507,91244184.0409901
2020-05-14,98930530.33893755,93202467.41090254,75662456.03207259,84976955.09905252,84230170.26251255,75118658.17009006,84866237.63271259,88798210.64479007,83479432.55159502,90063636.34046498,79722174.22163248,82621953.60383004,80444392.87607004,80091282.06019752,76495432.52785753,82988145.82032256,74586502.50657752,85345447.63004006,83445078.474745,85127002.59121007,78129871.14078006,72906498.78459005,85398851.59633757,87861561.14708513,83544438.31435254,77789278.50426503,86990820.94111013,87474368.38091257,72409428.83460002,87327929.31739007,78156518.42583258,85518870.17820257,93312797.27347013,87093821.96076505,81259176.17418256,76793036.30591501,77319907.94697252,89273431.87372753,82557768.26727007,79223979.63439004,82160858.52930002,82613690.17847507,73362007.31003752,82160330.84974255,79116606.19229507,87422575.62673505,75178711.60916004,82602806.58770002,84473604.54313754,91139208.70911507,91244184.0409901
2020-05-15,98930530.33893755,93202467.41090254,75662456.03207259,84976955.09905252,84230170.26251255,75118658.17009006,84866237.63271259,88798210.64479007,83479432.55159502,90063636.34046498,79722174.22163248,82621953.60383004,80444392.87607004,80091282.06019752,76495432.52785753,82988145.82032256,74586502.50657752,85345447.63004006,83445078.474745,85127002.59121007,78129871.14078006,72906498.78459005,85398851.59633757,87861561.14708513,83544438.31435254,77789278.50426503,86990820.94111013,87474368.38091257,72409428.83460002,87327929.31739007,78156518.42583258,85518870.17820257,93312797.27347013,87093821.96076505,81259176.17418256,76793036.30591501,77319907.94697252,89273431.87372753,82557768.26727007,79223979.63439004,82160858.52930002,82613690.17847507,73362007.31003752,82160330.84974255,79116606.19229507,87422575.62673505,75178711.60916004,82602806.58770002,84473604.54313754,91139208.70911507,91244184.0409901
2020-05-18,98930530.33893755,93202467.41090254,75662456.03207259,84976955.09905252,84230170.26251255,75118658.17009006,84866237.63271259,88798210.64479007,83479432.55159502,90063636.34046498,79722174.22163248,82621953.60383004,80444392.87607004,80091282.06019752,76495432.52785753,82988145.82032256,74586502.50657752,85345447.63004006,83445078.474745,85127002.59121007,78129871.14078006,72906498.78459005,85398851.59633757,87861561.14708513,83544438.31435254,77789278.50426503,86990820.94111013,87474368.38091257,72409428.83460002,87327929.31739007,78156518.42583258,85518870.17820257,93312797.27347013,87093821.96076505,81259176.17418256,76793036.30591501,77319907.94697252,89273431.87372753,82557768.26727007,79223979.63439004,82160858.52930002,82613690.17847507,73362007.31003752,82160330.84974255,79116606.19229507,87422575.62673505,75178711.60916004,82602806.58770002,84473604.54313754,91139208.70911507,91244184.0409901
2020-05-19,98930530.33893755,93202467.41090254,75662456.03207259,84976955.09905252,84230170.26251255,75118658.17009006,84866237.63271259,88798210.64479007,83479432.55159502,90063636.34046498,79722174.22163248,82621953.60383004,80444392.87607004,80091282.06019752,76495432.52785753,82988145.82032256,74586502.50657752,85345447.63004006,83445078.474745,85127002.59121007,78129871.14078006,72906498.78459005,85398851.59633757,87861561.14708513,83544438.31435254,77789278.50426503,86990820.94111013,87474368.38091257,72409428.83460002,87327929.31739007,78156518.42583258,85518870.17820257,93312797.27347013,87093821.96076505,81259176.17418256,76793036.30591501,77319907.94697252,89273431.87372753,82557768.26727007,79223979.63439004,82160858.52930002,82613690.17847507,73362007.31003752,82160330.84974255,79116606.19229507,87422575.62673505,75178711.60916004,82602806.58770002,84473604.54313754,91139208.70911507,91244184.0409901
2020-05-20,98930530.33893755,93202467.41090254,75662456.03207259,84976955.09905252,84230170.26251255,75118658.17009006,84866237.63271259,88798210.64479007,83479432.55159502,90063636.34046498,79722174.22163248,82621953.60383004,80444392.87607004,80091282.06019752,76495432.52785753,82988145.82032256,74586502.50657752,85345447.63004006,83445078.474745,85127002.59121007,78129871.14078006,72906498.78459005,85398851.59633757,87861561.14708513,83544438.31435254,77789278.50426503,86990820.94111013,87474368.38091257,72409428.83460002,87327929.31739007,78156518.42583258,85518870.17820257,93312797.27347013,87093821.96076505,81259176.17418256,76793036.30591501,77319907.94697252,89273431.87372753,82557768.26727007,79223979.63439004,82160858.52930002,82613690.17847507,73362007.31003752,82160330.84974255,79116606.19229507,87422575.62673505,75178711.60916004,82602806.58770002,84473604.54313754,91139208.70911507,91244184.0409901
2020-05-21,98930530.33893755,93202467.41090254,75662456.03207259,84976955.09905252,84230170.26251255,75118658.17009006,84866237.63271259,88798210.64479007,83479432.55159502,90063636.34046498,79722174.22163248,82621953.60383004,80444392.87607004,80091282.06019752,76495432.52785753,82988145.82032256,74586502.50657752,85345447.63004006,83445078.474745,85127002.59121007,78129871.14078006,72906498.78459005,85398851.59633757,87861561.14708513,83544438.31435254,77789278.50426503,86990820.94111013,87474368.38091257,72409428.83460002,87327929.31739007,78156518.42583258,85518870.17820257,93312797.27347013,87093821.96076505,81259176.17418256,76793036.30591501,77319907.94697252,89273431.87372753,82557768.26727007,79223979.63439004,82160858.52930002,82613690.17847507,73362007.31003752,82160330.84974255,79116606.19229507,87422575.62673505,75178711.60916004,82602806.58770002,84473604.54313754,91139208.70911507,91244184.0409901
2020-05-22,98930530.33893755,93202467.41090254,75662456.03207259,84976955.09905252,84230170.26251255,75118658.17009006,84866237.63271259,88798210.64479007,83479432.55159502,90063636.34046498,79722174.22163248,82621953.60383004,80444392.87607004,80091282.06019752,76495432.52785753,82988145.82032256,74586502.50657752,85345447.63004006,83445078.474745,85127002.59121007,78129871.14078006,72906498.78459005,85398851.59633757,87861561.14708513,83544438.31435254,77789278.50426503,86990820.94111013,87474368.38091257,72409428.83460002,87327929.31739007,78156518.42583258,85518870.17820257,93312797.27347013,87093821.96076505,81259176.17418256,76793036.30591501,77319907.94697252,89273431.87372753,82557768.26727007,79223979.63439004,82160858.52930002,82613690.17847507,73362007.31003752,82160330.84974255,79116606.19229507,87422575.62673505,75178711.60916004,82602806.58770002,84473604.54313754,91139208.70911507,91244184.0409901
2020-05-25,98930530.33893755,93202467.41090254,75662456.03207259,84976955.09905252,84230170.26251255,75118658.17009006,84866237.63271259,88798210.64479007,83479432.55159502,90063636.34046498,79722174.22163248,82621953.60383004,80444392.87607004,80091282.06019752,76495432.52785753,82988145.82032256,74586502.50657752,85345447.63004006,83445078.474745,85127002.59121007,78129871.14078006,72906498.78459005,85398851.59633757,87861561.14708513,83544438.31435254,77789278.50426503,86990820.94111013,87474368.38091257,72409428.83460002,87327929.31739007,78156518.42583258,85518870.17820257,93312797.27347013,87093821.96076505,81259176.17418256,76793036.30591501,77319907.94697252,89273431.87372753,82557768.26727007,79223979.63439004,82160858.52930002,82613690.17847507,73362007.31003752,82160330.84974255,79116606.19229507,87422575.62673505,75178711.60916004,82602806.58770002,84473604.54313754,91139208.70911507,91244184.0409901
2020-05-26,98930530.33893755,93202467.41090254,75662456.03207259,84976955.09905252,84230170.26251255,75118658.17009006,84866237.63271259,88798210.64479007,83479432.55159502,90063636.34046498,79722174.22163248,82621953.60383004,80444392.87607004,80091282.06019752,76495432.52785753,82988145.82032256,74586502.50657752,85345447.63004006,83445078.474745,85127002.59121007,78129871.14078006,72906498.78459005,85398851.59633757,87861561.14708513,83544438.31435254,77789278.50426503,86990820.94111013,87474368.38091257,72409428.83460002,87327929.31739007,78156518.42583258,85518870.17820257,93312797.27347013,87093821.96076505,81259176.17418256,76793036.30591501,77319907.94697252,89273431.87372753,82557768.26727007,79223979.63439004,82160858.52930002,82613690.17847507,73362007.31003752,82160330.84974255,79116606.19229507,87422575.62673505,75178711.60916004,82602806.58770002,84473604.54313754,91139208.70911507,91244184.0409901
2020-05-27,98930530.33893755,93202467.41090254,75662456.03207259,84976955.09905252,84230170.26251255,75118658.17009006,84866237.63271259,88798210.64479007,83479432.55159502,90063636.34046498,79722174.22163248,82621953.60383004,80444392.87607004,80091282.06019752,76495432.52785753,82988145.82032256,74586502.50657752,85345447.63004006,83445078.474745,85127002.59121007,78129871.14078006,72906498.78459005,85398851.59633757,87861561.14708513,83544438.31435254,77789278.50426503,86990820.94111013,87474368.38091257,72409428.83460002,87327929.31739007,78156518.42583258,85518870.17820257,93312797.27347013,87093821.96076505,81259176.17418256,76793036.30591501,77319907.94697252,89273431.87372753,82557768.26727007,79223979.63439004,82160858.52930002,82613690.17847507,73362007.31003752,82160330.84974255,79116606.19229507,87422575.62673505,75178711.60916004,82602806.58770002,84473604.54313754,91139208.70911507,91244184.0409901
2020-05-28,98930530.33893755,93202467.41090254,75662456.03207259,84976955.09905252,84230170.26251255,75118658.17009006,84866237.63271259,88798210.64479007,83479432.55159502,90063636.34046498,79722174.22163248,82621953.60383004,80444392.87607004,80091282.06019752,76495432.52785753,82988145.82032256,74586502.50657752,85345447.63004006,83445078.474745,85127002.59121007,78129871.14078006,72906498.78459005,85398851.59633757,87861561.14708513,83544438.31435254,77789278.50426503,86990820.94111013,87474368.38091257,72409428.83460002,87327929.31739007,78156518.42583258,85518870.17820257,93312797.27347013,87093821.96076505,81259176.17418256,76793036.30591501,77319907.94697252,89273431.87372753,82557768.26727007,79223979.63439004,82160858.52930002,82613690.17847507,73362007.31003752,82160330.84974255,79116606.19229507,87422575.62673505,75178711.60916004,82602806.58770002,84473604.54313754,91139208.70911507,91244184.0409901
2020-05-29,98930530.33893755,93202467.41090254,75662456.03207259,84976955.09905252,84230170.26251255,75118658.17009006,84866237.63271259,88798210.64479007,83479432.55159502,90063636.34046498,79722174.22163248,82621953.60383004,80444392.87607004,80091282.06019752,76495432.52785753,82988145.82032256,74586502.50657752,85345447.63004006,83445078.474745,85127002.59121007,78129871.14078006,72906498.78459005,85398851.59633757,87861561.14708513,83544438.31435254,77789278.50426503,86990820.94111013,87474368.38091257,72409428.83460002,87327929.31739007,78156518.42583258,85518870.17820257,93312797.27347013,87093821.96076505,81259176.17418256,76793036.30591501,77319907.94697252,89273431.87372753,82557768.26727007,79223979.63439004,82160858.52930002,82613690.17847507,73362007.31003752,82160330.84974255,79116606.19229507,87422575.62673505,75178711.60916004,82602806.58770002,84473604.54313754,91139208.70911507,91244184.0409901
2020-06-01,98930530.33893755,93202467.41090254,75662456.03207259,84976955.09905252,84230170.26251255,75118658.17009006,84866237.63271259,88798210.64479007,83479432.55159502,90063636.34046498,79722174.22163248,82621953.60383004,80444392.87607004,80091282.06019752,76495432.52785753,82988145.82032256,74586502.50657752,85345447.63004006,83445078.474745,85127002.59121007,78129871.14078006,72906498.78459005,85398851.59633757,87861561.14708513,83544438.31435254,77789278.50426503,86990820.94111013,87474368.38091257,72409428.83460002,87327929.31739007,78156518.42583258,85518870.17820257,93312797.27347013,87093821.96076505,81259176.17418256,76793036.30591501,77319907.94697252,89273431.87372753,82557768.26727007,79223979.63439004,82160858.52930002,82613690.17847507,73362007.31003752,82160330.84974255,79116606.19229507,87422575.62673505,75178711.60916004,82602806.58770002,84473604.54313754,91139208.70911507,91244184.0409901
2020-06-02,98930530.33893755,93202467.41090254,75662456.03207259,84976955.09905252,84230170.26251255,75118658.17009006,84866237.63271259,88798210.64479007,83479432.55159502,90063636.34046498,79722174.22163248,82621953.60383004,80444392.87607004,80091282.06019752,76495432.52785753,82988145.82032256,74586502.50657752,85345447.63004006,83445078.474745,85127002.59121007,78129871.14078006,72906498.78459005,85398851.59633757,87861561.14708513,83544438.31435254,77789278.50426503,86990820.94111013,87474368.38091257,72409428.83460002,87327929.31739007,78156518.42583258,85518870.17820257,93312797.27347013,87093821.96076505,81259176.17418256,76793036.30591501,77319907.94697252,89273431.87372753,82557768.26727007,79223979.63439004,82160858.52930002,82613690.17847507,73362007.31003752,82160330.84974255,79116606.19229507,87422575.62673505,75178711.60916004,82602806.58770002,84473604.54313754,91139208.70911507,91244184.0409901
2020-06-03,98930530.33893755,93202467.41090254,75662456.03207259,84976955.09905252,84230170.26251255,75118658.17009006,84866237.63271259,88798210.64479007,83479432.55159502,90063636.34046498,79722174.22163248,82621953.60383004,80444392.87607004,80091282.06019752,76495432.52785753,82988145.82032256,74586502.50657752,85345447.63004006,83445078.474745,85127002.59121007,78129871.14078006,72906498.78459005,85398851.59633757,87861561.14708513,83544438.31435254,77789278.50426503,86990820.94111013,87474368.38091257,72409428.83460002,87327929.31739007,78156518.42583258,85518870.17820257,93312797.27347013,87093821.96076505,81259176.17418256,76793036.30591501,77319907.94697252,89273431.87372753,82557768.26727007,79223979.63439004,82160858.52930002,82613690.17847507,73362007.31003752,82160330.84974255,79116606.19229507,87422575.62673505,75178711.60916004,82602806.58770002,84473604.54313754,91139208.70911507,91244184.0409901
2020-06-04,98930530.33893755,93202467.41090254,75662456.03207259,84976955.09905252,84230170.26251255,75118658.17009006,84866237.63271259,88798210.64479007,83479432.55159502,90063636.34046498,79722174.22163248,82621953.60383004,80444392.87607004,80091282.06019752,76495432.52785753,82988145.82032256,74586502.50657752,85345447.63004006,83445078.474745,85127002.59121007,78129871.14078006,72906498.78459005,85398851.59633757,87861561.14708513,83544438.31435254,77789278.50426503,86990820.94111013,87474368.38091257,72409428.83460002,87327929.31739007,78156518.42583258,85518870.17820257,93312797.27347013,87093821.96076505,81259176.17418256,76793036.30591501,77319907.94697252,89273431.87372753,82557768.26727007,79223979.63439004,82160858.52930002,82613690.17847507,73362007.31003752,82160330.84974255,79116606.19229507,87422575.62673505,75178711.60916004,82602806.58770002,84473604.54313754,91139208.70911507,91244184.0409901
2020-06-05,98930530.33893755,93202467.41090254,75662456.03207259,84976955.09905252,84230170.26251255,75118658.17009006,84866237.63271259,88798210.64479007,83479432.55159502,90063636.34046498,79722174.22163248,82621953.60383004,80444392.87607004,80091282.06019752,76495432.52785753,82988145.82032256,74586502.50657752,85345447.63004006,83445078.474745,85127002.59121007,78129871.14078006,72906498.78459005,85398851.59633757,87861561.14708513,83544438.31435254,77789278.50426503,86990820.94111013,87474368.38091257,72409428.83460002,87327929.31739007,78156518.42583258,85518870.17820257,93312797.27347013,87093821.96076505,81259176.17418256,76793036.30591501,77319907.94697252,89273431.87372753,82557768.26727007,79223979.63439004,82160858.52930002,82613690.17847507,73362007.31003752,82160330.84974255,79116606.19229507,87422575.62673505,75178711.60916004,82602806.58770002,84473604.54313754,91139208.70911507,91244184.0409901
2020-06-08,98930530.33893755,93202467.41090254,75662456.03207259,84976955.09905252,84230170.26251255,75118658.17009006,84866237.63271259,88798210.64479007,83479432.55159502,90063636.34046498,79722174.22163248,82621953.60383004,80444392.87607004,80091282.06019752,76495432.52785753,82988145.82032256,74586502.50657752,85345447.63004006,83445078.474745,85127002.59121007,78129871.14078006,72906498.78459005,85398851.59633757,87861561.14708513,83544438.31435254,77789278.50426503,86990820.94111013,87474368.38091257,72409428.83460002,87327929.31739007,78156518.42583258,85518870.17820257,93312797.27347013,87093821.96076505,81259176.17418256,76793036.30591501,77319907.94697252,89273431.87372753,82557768.26727007,79223979.63439004,82160858.52930002,82613690.17847507,73362007.31003752,82160330.84974255,79116606.19229507,87422575.62673505,75178711.60916004,82602806.58770002,84473604.54313754,91139208.70911507,91244184.0409901
2020-06-09,98930530.33893755,93202467.41090254,75662456.03207259,84976955.09905252,84230170.26251255,75118658.17009006,84866237.63271259,88798210.64479007,83479432.55159502,90063636.34046498,79722174.22163248,82621953.60383004,80444392.87607004,80091282.06019752,76495432.52785753,82988145.82032256,74586502.50657752,85345447.63004006,83445078.474745,85127002.59121007,78129871.14078006,72906498.78459005,85398851.59633757,87861561.14708513,83544438.31435254,77789278.50426503,86990820.94111013,87474368.38091257,72409428.83460002,87327929.31739007,78156518.42583258,85518870.17820257,93312797.27347013,87093821.96076505,81259176.17418256,76793036.30591501,77319907.94697252,89273431.87372753,82557768.26727007,79223979.63439004,82160858.52930002,82613690.17847507,73362007.31003752,82160330.84974255,79116606.19229507,87422575.62673505,75178711.60916004,82602806.58770002,84473604.54313754,91139208.70911507,91244184.0409901
2020-06-10,98930530.33893755,93202467.41090254,75662456.03207259,84976955.09905252,84230170.26251255,75118658.17009006,84866237.63271259,88798210.64479007,83479432.55159502,90063636.34046498,79722174.22163248,82621953.60383004,80444392.87607004,80091282.06019752,76495432.52785753,82988145.82032256,74586502.50657752,85345447.63004006,83445078.474745,85127002.59121007,78129871.14078006,72906498.78459005,85398851.59633757,87861561.14708513,83544438.31435254,77789278.50426503,86990820.94111013,87474368.38091257,72409428.83460002,87327929.31739007,78156518.42583258,85518870.17820257,93312797.27347013,87093821.96076505,81259176.17418256,76793036.30591501,77319907.94697252,89273431.87372753,82557768.26727007,79223979.63439004,82160858.52930002,82613690.17847507,73362007.31003752,82160330.84974255,79116606.19229507,87422575.62673505,75178711.60916004,82602806.58770002,84473604.54313754,91139208.70911507,91244184.0409901
2020-06-11,98930530.33893755,93202467.41090254,75662456.03207259,84976955.09905252,84230170.26251255,75118658.17009006,84866237.63271259,88798210.64479007,83479432.55159502,90063636.34046498,79722174.22163248,82621953.60383004,80444392.87607004,80091282.06019752,76495432.52785753,82988145.82032256,74586502.50657752,85345447.63004006,83445078.474745,85127002.59121007,78129871.14078006,72906498.78459005,85398851.59633757,87861561.14708513,83544438.31435254,77789278.50426503,86990820.94111013,87474368.38091257,72409428.83460002,87327929.31739007,78156518.42583258,85518870.17820257,93312797.27347013,87093821.96076505,81259176.17418256,76793036.30591501,77319907.94697252,89273431.87372753,82557768.26727007,79223979.63439004,82160858.52930002,82613690.17847507,73362007.31003752,82160330.84974255,79116606.19229507,87422575.62673505,75178711.60916004,82602806.58770002,84473604.54313754,91139208.70911507,91244184.0409901
2020-06-12,98930530.33893755,93202467.41090254,75662456.03207259,84976955.09905252,84230170.26251255,75118658.17009006,84866237.63271259,88798210.64479007,83479432.55159502,90063636.34046498,79722174.22163248,82621953.60383004,80444392.87607004,80091282.06019752,76495432.52785753,82988145.82032256,74586502.50657752,85345447.63004006,83445078.474745,85127002.59121007,78129871.14078006,72906498.78459005,85398851.59633757,87861561.14708513,83544438.31435254,77789278.50426503,86990820.94111013,87474368.38091257,72409428.83460002,87327929.31739007,78156518.42583258,85518870.17820257,93312797.27347013,87093821.96076505,81259176.17418256,76793036.30591501,77319907.94697252,89273431.87372753,82557768.26727007,79223979.63439004,82160858.52930002,82613690.17847507,73362007.31003752,82160330.84974255,79116606.19229507,87422575.62673505,75178711.60916004,82602806.58770002,84473604.54313754,91139208.70911507,91244184.0409901
2020-06-15,98930530.33893755,93202467.41090254,75662456.03207259,84976955.09905252,84230170.26251255,75118658.17009006,84866237.63271259,88798210.64479007,83479432.55159502,90063636.34046498,79722174.22163248,82621953.60383004,80444392.87607004,80091282.06019752,76495432.52785753,82988145.82032256,74586502.50657752,85345447.63004006,83445078.474745,85127002.59121007,78129871.14078006,72906498.78459005,85398851.59633757,87861561.14708513,83544438.31435254,77789278.50426503,86990820.94111013,87474368.38091257,72409428.83460002,87327929.31739007,78156518.42583258,85518870.17820257,93312797.27347013,87093821.96076505,81259176.17418256,76793036.30591501,77319907.94697252,89273431.87372753,82557768.26727007,79223979.63439004,82160858.52930002,82613690.17847507,73362007.31003752,82160330.84974255,79116606.19229507,87422575.62673505,75178711.60916004,82602806.58770002,84473604.54313754,91139208.70911507,91244184.0409901
2020-06-16,98930530.33893755,93202467.41090254,75662456.03207259,84976955.09905252,84230170.26251255,75118658.17009006,84866237.63271259,88798210.64479007,83479432.55159502,90063636.34046498,79722174.22163248,82621953.60383004,80444392.87607004,80091282.06019752,76495432.52785753,82988145.82032256,74586502.50657752,85345447.63004006,83445078.474745,85127002.59121007,78129871.14078006,72906498.78459005,85398851.59633757,87861561.14708513,83544438.31435254,77789278.50426503,86990820.94111013,87474368.38091257,72409428.83460002,87327929.31739007,78156518.42583258,85518870.17820257,93312797.27347013,87093821.96076505,81259176.17418256,76793036.30591501,77319907.94697252,89273431.87372753,82557768.26727007,79223979.63439004,82160858.52930002,82613690.17847507,73362007.31003752,82160330.84974255,79116606.19229507,87422575.62673505,75178711.60916004,82602806.58770002,84473604.54313754,91139208.70911507,91244184.0409901
2020-06-17,98930530.33893755,93202467.41090254,75662456.03207259,84976955.09905252,84230170.26251255,75118658.17009006,84866237.63271259,88798210.64479007,83479432.55159502,90063636.34046498,79722174.22163248,82621953.60383004,80444392.87607004,80091282.06019752,76495432.52785753,82988145.82032256,74586502.50657752,85345447.63004006,83445078.474745,85127002.59121007,78129871.14078006,72906498.78459005,85398851.59633757,87861561.14708513,83544438.31435254,77789278.50426503,86990820.94111013,87474368.38091257,72409428.83460002,87327929.31739007,78156518.42583258,85518870.17820257,93312797.27347013,87093821.96076505,81259176.17418256,76793036.30591501,77319907.94697252,89273431.87372753,82557768.26727007,79223979.63439004,82160858.52930002,82613690.17847507,73362007.31003752,82160330.84974255,79116606.19229507,87422575.62673505,75178711.60916004,82602806.58770002,84473604.54313754,91139208.70911507,91244184.0409901
2020-06-18,98930530.33893755,93202467.41090254,75662456.03207259,84976955.09905252,84230170.26251255,75118658.17009006,84866237.63271259,88798210.64479007,83479432.55159502,90063636.34046498,79722174.22163248,82621953.60383004,80444392.87607004,80091282.06019752,76495432.52785753,82988145.82032256,74586502.50657752,85345447.63004006,83445078.474745,85127002.59121007,78129871.14078006,72906498.78459005,85398851.59633757,87861561.14708513,83544438.31435254,77789278.50426503,86990820.94111013,87474368.38091257,72409428.83460002,87327929.31739007,78156518.42583258,85518870.17820257,93312797.27347013,87093821.96076505,81259176.17418256,76793036.30591501,77319907.94697252,89273431.87372753,82557768.26727007,79223979.63439004,82160858.52930002,82613690.17847507,73362007.31003752,82160330.84974255,79116606.19229507,87422575.62673505,75178711.60916004,82602806.58770002,84473604.54313754,91139208.70911507,91244184.0409901
2020-06-19,98930530.33893755,93202467.41090254,75662456.03207259,84976955.09905252,84230170.26251255,75118658.17009006,84866237.63271259,88798210.64479007,83479432.55159502,90063636.34046498,79722174.22163248,82621953.60383004,80444392.87607004,80091282.06019752,76495432.52785753,82988145.82032256,74586502.50657752,85345447.63004006,83445078.474745,85127002.59121007,78129871.14078006,72906498.78459005,85398851.59633757,87861561.14708513,83544438.31435254,77789278.50426503,86990820.94111013,87474368.38091257,72409428.83460002,87327929.31739007,78156518.42583258,85518870.17820257,93312797.27347013,87093821.96076505,81259176.17418256,76793036.30591501,77319907.94697252,89273431.87372753,82557768.26727007,79223979.63439004,82160858.52930002,82613690.17847507,73362007.31003752,82160330.84974255,79116606.19229507,87422575.62673505,75178711.60916004,82602806.58770002,84473604.54313754,91139208.70911507,91244184.0409901
2020-06-22,98930530.33893755,93202467.41090254,75662456.03207259,84976955.09905252,84230170.26251255,75118658.17009006,84866237.63271259,88798210.64479007,83479432.55159502,90063636.34046498,79722174.22163248,82621953.60383004,80444392.87607004,80091282.06019752,76495432.52785753,82988145.82032256,74586502.50657752,85345447.63004006,83445078.474745,85127002.59121007,78129871.14078006,72906498.78459005,85398851.59633757,87861561.14708513,83544438.31435254,77789278.50426503,86990820.94111013,87474368.38091257,72409428.83460002,87327929.31739007,78156518.42583258,85518870.17820257,93312797.27347013,87093821.96076505,81259176.17418256,76793036.30591501,77319907.94697252,89273431.87372753,82557768.26727007,79223979.63439004,82160858.52930002,82613690.17847507,73362007.31003752,82160330.84974255,79116606.19229507,87422575.62673505,75178711.60916004,82602806.58770002,84473604.54313754,91139208.70911507,91244184.0409901
2020-06-23,98930530.33893755,93202467.41090254,75662456.03207259,84976955.09905252,84230170.26251255,75118658.17009006,84866237.63271259,88798210.64479007,83479432.55159502,90063636.34046498,79722174.22163248,82621953.60383004,80444392.87607004,80091282.06019752,76495432.52785753,82988145.82032256,74586502.50657752,85345447.63004006,83445078.474745,85127002.59121007,78129871.14078006,72906498.78459005,85398851.59633757,87861561.14708513,83544438.31435254,77789278.50426503,86990820.94111013,87474368.38091257,72409428.83460002,87327929.31739007,78156518.42583258,85518870.17820257,93312797.27347013,87093821.96076505,81259176.17418256,76793036.30591501,77319907.94697252,89273431.87372753,82557768.26727007,79223979.63439004,82160858.52930002,82613690.17847507,73362007.31003752,82160330.84974255,79116606.19229507,87422575.62673505,75178711.60916004,82602806.58770002,84473604.54313754,91139208.70911507,91244184.0409901
2020-06-24,98930530.33893755,93202467.41090254,75662456.03207259,84976955.09905252,84230170.26251255,75118658.17009006,84866237.63271259,88798210.64479007,83479432.55159502,90063636.34046498,79722174.22163248,82621953.60383004,80444392.87607004,80091282.06019752,76495432.52785753,82988145.82032256,74586502.50657752,85345447.63004006,83445078.474745,85127002.59121007,78129871.14078006,72906498.78459005,85398851.59633757,87861561.14708513,83544438.31435254,77789278.50426503,86990820.94111013,87474368.38091257,72409428.83460002,87327929.31739007,78156518.42583258,85518870.17820257,93312797.27347013,87093821.96076505,81259176.17418256,76793036.30591501,77319907.94697252,89273431.87372753,82557768.26727007,79223979.63439004,82160858.52930002,82613690.17847507,73362007.31003752,82160330.84974255,79116606.19229507,87422575.62673505,75178711.60916004,82602806.58770002,84473604.54313754,91139208.70911507,91244184.0409901
2020-06-25,98930530.33893755,93202467.41090254,75662456.03207259,84976955.09905252,84230170.26251255,75118658.17009006,84866237.63271259,88798210.64479007,83479432.55159502,90063636.34046498,79722174.22163248,82621953.60383004,80444392.87607004,80091282.06019752,76495432.52785753,82988145.82032256,74586502.50657752,85345447.63004006,83445078.474745,85127002.59121007,78129871.14078006,72906498.78459005,85398851.59633757,87861561.14708513,83544438.31435254,77789278.50426503,86990820.94111013,87474368.38091257,72409428.83460002,87327929.31739007,78156518.42583258,85518870.17820257,93312797.27347013,87093821.96076505,81259176.17418256,76793036.30591501,77319907.94697252,89273431.87372753,82557768.26727007,79223979.63439004,82160858.52930002,82613690.17847507,73362007.31003752,82160330.84974255,79116606.19229507,87422575.62673505,75178711.60916004,82602806.58770002,84473604.54313754,91139208.70911507,91244184.0409901
2020-06-26,98930530.33893755,93202467.41090254,75662456.03207259,84976955.09905252,84230170.26251255,75118658.17009006,84866237.63271259,88798210.64479007,83479432.55159502,90063636.34046498,79722174.22163248,82621953.60383004,80444392.87607004,80091282.06019752,76495432.52785753,82988145.82032256,74586502.50657752,85345447.63004006,83445078.474745,85127002.59121007,78129871.14078006,72906498.78459005,85398851.59633757,87861561.14708513,83544438.31435254,77789278.50426503,86990820.94111013,87474368.38091257,72409428.83460002,87327929.31739007,78156518.42583258,85518870.17820257,93312797.27347013,87093821.96076505,81259176.17418256,76793036.30591501,77319907.94697252,89273431.87372753,82557768.26727007,79223979.63439004,82160858.52930002,82613690.17847507,73362007.31003752,82160330.84974255,79116606.19229507,87422575.62673505,75178711.60916004,82602806.58770002,84473604.54313754,91139208.70911507,91244184.0409901
2020-06-29,98930530.33893755,93202467.41090254,75662456.03207259,84976955.09905252,84230170.26251255,75118658.17009006,84866237.63271259,88798210.64479007,83479432.55159502,90063636.34046498,79722174.22163248,82621953.60383004,80444392.87607004,80091282.06019752,76495432.52785753,82988145.82032256,74586502.50657752,85345447.63004006,83445078.474745,85127002.59121007,78129871.14078006,72906498.78459005,85398851.59633757,87861561.14708513,83544438.31435254,77789278.50426503,86990820.94111013,87474368.38091257,72409428.83460002,87327929.31739007,78156518.42583258,85518870.17820257,93312797.27347013,87093821.96076505,81259176.17418256,76793036.30591501,77319907.94697252,89273431.87372753,82557768.26727007,79223979.63439004,82160858.52930002,82613690.17847507,73362007.31003752,82160330.84974255,79116606.19229507,87422575.62673505,75178711.60916004,82602806.58770002,84473604.54313754,91139208.70911507,91244184.0409901
2020-06-30,98930530.33893755,93202467.41090254,75662456.03207259,84976955.09905252,84230170.26251255,75118658.17009006,84866237.63271259,88798210.64479007,83479432.55159502,90063636.34046498,79722174.22163248,82621953.60383004,80444392.87607004,80091282.06019752,76495432.52785753,82988145.82032256,74586502.50657752,85345447.63004006,83445078.474745,85127002.59121007,78129871.14078006,72906498.78459005,85398851.59633757,87861561.14708513,83544438.31435254,77789278.50426503,86990820.94111013,87474368.38091257,72409428.83460002,87327929.31739007,78156518.42583258,85518870.17820257,93312797.27347013,87093821.96076505,81259176.17418256,76793036.30591501,77319907.94697252,89273431.87372753,82557768.26727007,79223979.63439004,82160858.52930002,82613690.17847507,73362007.31003752,82160330.84974255,79116606.19229507,87422575.62673505,75178711.60916004,82602806.58770002,84473604.54313754,91139208.70911507,91244184.0409901
2020-07-01,98930530.33893755,93202467.41090254,75662456.03207259,84976955.09905252,84230170.26251255,75118658.17009006,84866237.63271259,88798210.64479007,83479432.55159502,90063636.34046498,79722174.22163248,82621953.60383004,80444392.87607004,80091282.06019752,76495432.52785753,82988145.82032256,74586502.50657752,85345447.63004006,83445078.474745,85127002.59121007,78129871.14078006,72906498.78459005,85398851.59633757,87861561.14708513,83544438.31435254,77789278.50426503,86990820.94111013,87474368.38091257,72409428.83460002,87327929.31739007,78156518.42583258,85518870.17820257,93312797.27347013,87093821.96076505,81259176.17418256,76793036.30591501,77319907.94697252,89273431.87372753,82557768.26727007,79223979.63439004,82160858.52930002,82613690.17847507,73362007.31003752,82160330.84974255,79116606.19229507,87422575.62673505,75178711.60916004,82602806.58770002,84473604.54313754,91139208.70911507,91244184.0409901
2020-07-02,98930530.33893755,93202467.41090254,75662456.03207259,84976955.09905252,84230170.26251255,75118658.17009006,84866237.63271259,88798210.64479007,83479432.55159502,90063636.34046498,79722174.22163248,82621953.60383004,80444392.87607004,80091282.06019752,76495432.52785753,82988145.82032256,74586502.50657752,85345447.63004006,83445078.474745,85127002.59121007,78129871.14078006,72906498.78459005,85398851.59633757,87861561.14708513,83544438.31435254,77789278.50426503,86990820.94111013,87474368.38091257,72409428.83460002,87327929.31739007,78156518.42583258,85518870.17820257,93312797.27347013,87093821.96076505,81259176.17418256,76793036.30591501,77319907.94697252,89273431.87372753,82557768.26727007,79223979.63439004,82160858.52930002,82613690.17847507,73362007.31003752,82160330.84974255,79116606.19229507,87422575.62673505,75178711.60916004,82602806.58770002,84473604.54313754,91139208.70911507,91244184.0409901
2020-07-03,98930530.33893755,93202467.41090254,75662456.03207259,84976955.09905252,84230170.26251255,75118658.17009006,84866237.63271259,88798210.64479007,83479432.55159502,90063636.34046498,79722174.22163248,82621953.60383004,80444392.87607004,80091282.06019752,76495432.52785753,82988145.82032256,74586502.50657752,85345447.63004006,83445078.474745,85127002.59121007,78129871.14078006,72906498.78459005,85398851.59633757,87861561.14708513,83544438.31435254,77789278.50426503,86990820.94111013,87474368.38091257,72409428.83460002,87327929.31739007,78156518.42583258,85518870.17820257,93312797.27347013,87093821.96076505,81259176.17418256,76793036.30591501,77319907.94697252,89273431.87372753,82557768.26727007,79223979.63439004,82160858.52930002,82613690.17847507,73362007.31003752,82160330.84974255,79116606.19229507,87422575.62673505,75178711.60916004,82602806.58770002,84473604.54313754,91139208.70911507,91244184.0409901
2020-07-06,98930530.33893755,93202467.41090254,75662456.03207259,84976955.09905252,84230170.26251255,75118658.17009006,84866237.63271259,88798210.64479007,83479432.55159502,90063636.34046498,79722174.22163248,82621953.60383004,80444392.87607004,80091282.06019752,76495432.52785753,82988145.82032256,74586502.50657752,85345447.63004006,83445078.474745,85127002.59121007,78129871.14078006,72906498.78459005,85398851.59633757,87861561.14708513,83544438.31435254,77789278.50426503,86990820.94111013,87474368.38091257,72409428.83460002,87327929.31739007,78156518.42583258,85518870.17820257,93312797.27347013,87093821.96076505,81259176.17418256,76793036.30591501,77319907.94697252,89273431.87372753,82557768.26727007,79223979.63439004,82160858.52930002,82613690.17847507,73362007.31003752,82160330.84974255,79116606.19229507,87422575.62673505,75178711.60916004,82602806.58770002,84473604.54313754,91139208.70911507,91244184.0409901
2020-07-07,98930530.33893755,93202467.41090254,75662456.03207259,84976955.09905252,84230170.26251255,75118658.17009006,84866237.63271259,88798210.64479007,83479432.55159502,90063636.34046498,79722174.22163248,82621953.60383004,80444392.87607004,80091282.06019752,76495432.52785753,82988145.82032256,74586502.50657752,85345447.63004006,83445078.474745,85127002.59121007,78129871.14078006,72906498.78459005,85398851.59633757,87861561.14708513,83544438.31435254,77789278.50426503,86990820.94111013,87474368.38091257,72409428.83460002,87327929.31739007,78156518.42583258,85518870.17820257,93312797.27347013,87093821.96076505,81259176.17418256,76793036.30591501,77319907.94697252,89273431.87372753,82557768.26727007,79223979.63439004,82160858.52930002,82613690.17847507,73362007.31003752,82160330.84974255,79116606.19229507,87422575.62673505,75178711.60916004,82602806.58770002,84473604.54313754,91139208.70911507,91244184.0409901
2020-07-08,98930530.33893755,93202467.41090254,75662456.03207259,84976955.09905252,84230170.26251255,75118658.17009006,84866237.63271259,88798210.64479007,83479432.55159502,90063636.34046498,79722174.22163248,82621953.60383004,80444392.87607004,80091282.06019752,76495432.52785753,82988145.82032256,74586502.50657752,85345447.63004006,83445078.474745,85127002.59121007,78129871.14078006,72906498.78459005,85398851.59633757,87861561.14708513,83544438.31435254,77789278.50426503,86990820.94111013,87474368.38091257,72409428.83460002,87327929.31739007,78156518.42583258,85518870.17820257,93312797.27347013,87093821.96076505,81259176.17418256,76793036.30591501,77319907.94697252,89273431.87372753,82557768.26727007,79223979.63439004,82160858.52930002,82613690.17847507,73362007.31003752,82160330.84974255,79116606.19229507,87422575.62673505,75178711.60916004,82602806.58770002,84473604.54313754,91139208.70911507,91244184.0409901
2020-07-09,98930530.33893755,93202467.41090254,75662456.03207259,84976955.09905252,84230170.26251255,75118658.17009006,84866237.63271259,88798210.64479007,83479432.55159502,90063636.34046498,79722174.22163248,82621953.60383004,80444392.87607004,80091282.06019752,76495432.52785753,82988145.82032256,74586502.50657752,85345447.63004006,83445078.474745,85127002.59121007,78129871.14078006,72906498.78459005,85398851.59633757,87861561.14708513,83544438.31435254,77789278.50426503,86990820.94111013,87474368.38091257,72409428.83460002,87327929.31739007,78156518.42583258,85518870.17820257,93312797.27347013,87093821.96076505,81259176.17418256,76793036.30591501,77319907.94697252,89273431.87372753,82557768.26727007,79223979.63439004,82160858.52930002,82613690.17847507,73362007.31003752,82160330.84974255,79116606.19229507,87422575.62673505,75178711.60916004,82602806.58770002,84473604.54313754,91139208.70911507,91244184.0409901
2020-07-10,98930530.33893755,93202467.41090254,75662456.03207259,84976955.09905252,84230170.26251255,75118658.17009006,84866237.63271259,88798210.64479007,83479432.55159502,90063636.34046498,79722174.22163248,82621953.60383004,80444392.87607004,80091282.06019752,76495432.52785753,82988145.82032256,74586502.50657752,85345447.63004006,83445078.474745,85127002.59121007,78129871.14078006,72906498.78459005,85398851.59633757,87861561.14708513,83544438.31435254,77789278.50426503,86990820.94111013,87474368.38091257,72409428.83460002,87327929.31739007,78156518.42583258,85518870.17820257,93312797.27347013,87093821.96076505,81259176.17418256,76793036.30591501,77319907.94697252,89273431.87372753,82557768.26727007,79223979.63439004,82160858.52930002,82613690.17847507,73362007.31003752,82160330.84974255,79116606.19229507,87422575.62673505,75178711.60916004,82602806.58770002,84473604.54313754,91139208.70911507,91244184.0409901
2020-07-13,98930530.33893755,93202467.41090254,75662456.03207259,84976955.09905252,84230170.26251255,75118658.17009006,84866237.63271259,88798210.64479007,83479432.55159502,90063636.34046498,79722174.22163248,82621953.60383004,80444392.87607004,80091282.06019752,76495432.52785753,82988145.82032256,74586502.50657752,85345447.63004006,83445078.474745,85127002.59121007,78129871.14078006,72906498.78459005,85398851.59633757,87861561.14708513,83544438.31435254,77789278.50426503,86990820.94111013,87474368.38091257,72409428.83460002,87327929.31739007,78156518.42583258,85518870.17820257,93312797.27347013,87093821.96076505,81259176.17418256,76793036.30591501,77319907.94697252,89273431.87372753,82557768.26727007,79223979.63439004,82160858.52930002,82613690.17847507,73362007.31003752,82160330.84974255,79116606.19229507,87422575.62673505,75178711.60916004,82602806.58770002,84473604.54313754,91139208.70911507,91244184.0409901
2020-07-14,98930530.33893755,93202467.41090254,75662456.03207259,84976955.09905252,84230170.26251255,75118658.17009006,84866237.63271259,88798210.64479007,83479432.55159502,90063636.34046498,79722174.22163248,82621953.60383004,80444392.87607004,80091282.06019752,76495432.52785753,82988145.82032256,74586502.50657752,85345447.63004006,83445078.474745,85127002.59121007,78129871.14078006,72906498.78459005,85398851.59633757,87861561.14708513,83544438.31435254,77789278.50426503,86990820.94111013,87474368.38091257,72409428.83460002,87327929.31739007,78156518.42583258,85518870.17820257,93312797.27347013,87093821.96076505,81259176.17418256,76793036.30591501,77319907.94697252,89273431.87372753,82557768.26727007,79223979.63439004,82160858.52930002,82613690.17847507,73362007.31003752,82160330.84974255,79116606.19229507,87422575.62673505,75178711.60916004,82602806.58770002,84473604.54313754,91139208.70911507,91244184.0409901
2020-07-15,98930530.33893755,93202467.41090254,75662456.03207259,84976955.09905252,84230170.26251255,75118658.17009006,84866237.63271259,88798210.64479007,83479432.55159502,90063636.34046498,79722174.22163248,82621953.60383004,80444392.87607004,80091282.06019752,76495432.52785753,82988145.82032256,74586502.50657752,85345447.63004006,83445078.474745,85127002.59121007,78129871.14078006,72906498.78459005,85398851.59633757,87861561.14708513,83544438.31435254,77789278.50426503,86990820.94111013,87474368.38091257,72409428.83460002,87327929.31739007,78156518.42583258,85518870.17820257,93312797.27347013,87093821.96076505,81259176.17418256,76793036.30591501,77319907.94697252,89273431.87372753,82557768.26727007,79223979.63439004,82160858.52930002,82613690.17847507,73362007.31003752,82160330.84974255,79116606.19229507,87422575.62673505,75178711.60916004,82602806.58770002,84473604.54313754,91139208.70911507,91244184.0409901
2020-07-16,98930530.33893755,93202467.41090254,75662456.03207259,84976955.09905252,84230170.26251255,75118658.17009006,84866237.63271259,88798210.64479007,83479432.55159502,90063636.34046498,79722174.22163248,82621953.60383004,80444392.87607004,80091282.06019752,76495432.52785753,82988145.82032256,74586502.50657752,85345447.63004006,83445078.474745,85127002.59121007,78129871.14078006,72906498.78459005,85398851.59633757,87861561.14708513,83544438.31435254,77789278.50426503,86990820.94111013,87474368.38091257,72409428.83460002,87327929.31739007,78156518.42583258,85518870.17820257,93312797.27347013,87093821.96076505,81259176.17418256,76793036.30591501,77319907.94697252,89273431.87372753,82557768.26727007,79223979.63439004,82160858.52930002,82613690.17847507,73362007.31003752,82160330.84974255,79116606.19229507,87422575.62673505,75178711.60916004,82602806.58770002,84473604.54313754,91139208.70911507,91244184.0409901
2020-07-17,98930530.33893755,93202467.41090254,75662456.03207259,84976955.09905252,84230170.26251255,75118658.17009006,84866237.63271259,88798210.64479007,83479432.55159502,90063636.34046498,79722174.22163248,82621953.60383004,80444392.87607004,80091282.06019752,76495432.52785753,82988145.82032256,74586502.50657752,85345447.63004006,83445078.474745,85127002.59121007,78129871.14078006,72906498.78459005,85398851.59633757,87861561.14708513,83544438.31435254,77789278.50426503,86990820.94111013,87474368.38091257,72409428.83460002,87327929.31739007,78156518.42583258,85518870.17820257,93312797.27347013,87093821.96076505,81259176.17418256,76793036.30591501,77319907.94697252,89273431.87372753,82557768.26727007,79223979.63439004,82160858.52930002,82613690.17847507,73362007.31003752,82160330.84974255,79116606.19229507,87422575.62673505,75178711.60916004,82602806.58770002,84473604.54313754,91139208.70911507,91244184.0409901
2020-07-20,98930530.33893755,93202467.41090254,75662456.03207259,84976955.09905252,84230170.26251255,75118658.17009006,84866237.63271259,88798210.64479007,83479432.55159502,90063636.34046498,79722174.22163248,82621953.60383004,80444392.87607004,80091282.06019752,76495432.52785753,82988145.82032256,74586502.50657752,85345447.63004006,83445078.474745,85127002.59121007,78129871.14078006,72906498.78459005,85398851.59633757,87861561.14708513,83544438.31435254,77789278.50426503,86990820.94111013,87474368.38091257,72409428.83460002,87327929.31739007,78156518.42583258,85518870.17820257,93312797.27347013,87093821.96076505,81259176.17418256,76793036.30591501,77319907.94697252,89273431.87372753,82557768.26727007,79223979.63439004,82160858.52930002,82613690.17847507,73362007.31003752,82160330.84974255,79116606.19229507,87422575.62673505,75178711.60916004,82602806.58770002,84473604.54313754,91139208.70911507,91244184.0409901
2020-07-21,98930530.33893755,93202467.41090254,75662456.03207259,84976955.09905252,84230170.26251255,75118658.17009006,84866237.63271259,88798210.64479007,83479432.55159502,90063636.34046498,79722174.22163248,82621953.60383004,80444392.87607004,80091282.06019752,76495432.52785753,82988145.82032256,74586502.50657752,85345447.63004006,83445078.474745,85127002.59121007,78129871.14078006,72906498.78459005,85398851.59633757,87861561.14708513,83544438.31435254,77789278.50426503,86990820.94111013,87474368.38091257,72409428.83460002,87327929.31739007,78156518.42583258,85518870.17820257,93312797.27347013,87093821.96076505,81259176.17418256,76793036.30591501,77319907.94697252,89273431.87372753,82557768.26727007,79223979.63439004,82160858.52930002,82613690.17847507,73362007.31003752,82160330.84974255,79116606.19229507,87422575.62673505,75178711.60916004,82602806.58770002,84473604.54313754,91139208.70911507,91244184.0409901
2020-07-22,98930530.33893755,93202467.41090254,75662456.03207259,84976955.09905252,84230170.26251255,75118658.17009006,84866237.63271259,88798210.64479007,83479432.55159502,90063636.34046498,79722174.22163248,82621953.60383004,80444392.87607004,80091282.06019752,76495432.52785753,82988145.82032256,74586502.50657752,85345447.63004006,83445078.474745,85127002.59121007,78129871.14078006,72906498.78459005,85398851.59633757,87861561.14708513,83544438.31435254,77789278.50426503,86990820.94111013,87474368.38091257,72409428.83460002,87327929.31739007,78156518.42583258,85518870.17820257,93312797.27347013,87093821.96076505,81259176.17418256,76793036.30591501,77319907.94697252,89273431.87372753,82557768.26727007,79223979.63439004,82160858.52930002,82613690.17847507,73362007.31003752,82160330.84974255,79116606.19229507,87422575.62673505,75178711.60916004,82602806.58770002,84473604.54313754,91139208.70911507,91244184.0409901
2020-07-23,98930530.33893755,93202467.41090254,75662456.03207259,84976955.09905252,84230170.26251255,75118658.17009006,84866237.63271259,88798210.64479007,83479432.55159502,90063636.34046498,79722174.22163248,82621953.60383004,80444392.87607004,80091282.06019752,76495432.52785753,82988145.82032256,74586502.50657752,85345447.63004006,83445078.474745,85127002.59121007,78129871.14078006,72906498.78459005,85398851.59633757,87861561.14708513,83544438.31435254,77789278.50426503,86990820.94111013,87474368.38091257,72409428.83460002,87327929.31739007,78156518.42583258,85518870.17820257,93312797.27347013,87093821.96076505,81259176.17418256,76793036.30591501,77319907.94697252,89273431.87372753,82557768.26727007,79223979.63439004,82160858.52930002,82613690.17847507,73362007.31003752,82160330.84974255,79116606.19229507,87422575.62673505,75178711.60916004,82602806.58770002,84473604.54313754,91139208.70911507,91244184.0409901
2020-07-24,98930530.33893755,93202467.41090254,75662456.03207259,84976955.09905252,84230170.26251255,75118658.17009006,84866237.63271259,88798210.64479007,83479432.55159502,90063636.34046498,79722174.22163248,82621953.60383004,80444392.87607004,80091282.06019752,76495432.52785753,82988145.82032256,74586502.50657752,85345447.63004006,83445078.474745,85127002.59121007,78129871.14078006,72906498.78459005,85398851.59633757,87861561.14708513,83544438.31435254,77789278.50426503,86990820.94111013,87474368.38091257,72409428.83460002,87327929.31739007,78156518.42583258,85518870.17820257,93312797.27347013,87093821.96076505,81259176.17418256,76793036.30591501,77319907.94697252,89273431.87372753,82557768.26727007,79223979.63439004,82160858.52930002,82613690.17847507,73362007.31003752,82160330.84974255,79116606.19229507,87422575.62673505,75178711.60916004,82602806.58770002,84473604.54313754,91139208.70911507,91244184.0409901
2020-07-27,98930530.33893755,93202467.41090254,75662456.03207259,84976955.09905252,84230170.26251255,75118658.17009006,84866237.63271259,88798210.64479007,83479432.55159502,90063636.34046498,79722174.22163248,82621953.60383004,80444392.87607004,80091282.06019752,76495432.52785753,82988145.82032256,74586502.50657752,85345447.63004006,83445078.474745,85127002.59121007,78129871.14078006,72906498.78459005,85398851.59633757,87861561.14708513,83544438.31435254,77789278.50426503,86990820.94111013,87474368.38091257,72409428.83460002,87327929.31739007,78156518.42583258,85518870.17820257,93312797.27347013,87093821.96076505,81259176.17418256,76793036.30591501,77319907.94697252,89273431.87372753,82557768.26727007,79223979.63439004,82160858.52930002,82613690.17847507,73362007.31003752,82160330.84974255,79116606.19229507,87422575.62673505,75178711.60916004,82602806.58770002,84473604.54313754,91139208.70911507,91244184.0409901
2020-07-28,98930530.33893755,93202467.41090254,75662456.03207259,84976955.09905252,84230170.26251255,75118658.17009006,84866237.63271259,88798210.64479007,83479432.55159502,90063636.34046498,79722174.22163248,82621953.60383004,80444392.87607004,80091282.06019752,76495432.52785753,82988145.82032256,74586502.50657752,85345447.63004006,83445078.474745,85127002.59121007,78129871.14078006,72906498.78459005,85398851.59633757,87861561.14708513,83544438.31435254,77789278.50426503,86990820.94111013,87474368.38091257,72409428.83460002,87327929.31739007,78156518.42583258,85518870.17820257,93312797.27347013,87093821.96076505,81259176.17418256,76793036.30591501,77319907.94697252,89273431.87372753,82557768.26727007,79223979.63439004,82160858.52930002,82613690.17847507,73362007.31003752,82160330.84974255,79116606.19229507,87422575.62673505,75178711.60916004,82602806.58770002,84473604.54313754,91139208.70911507,91244184.0409901
2020-07-29,98930530.33893755,93202467.41090254,75662456.03207259,84976955.09905252,84230170.26251255,75118658.17009006,84866237.63271259,88798210.64479007,83479432.55159502,90063636.34046498,79722174.22163248,82621953.60383004,80444392.87607004,80091282.06019752,76495432.52785753,82988145.82032256,74586502.50657752,85345447.63004006,83445078.474745,85127002.59121007,78129871.14078006,72906498.78459005,85398851.59633757,87861561.14708513,83544438.31435254,77789278.50426503,86990820.94111013,87474368.38091257,72409428.83460002,87327929.31739007,78156518.42583258,85518870.17820257,93312797.27347013,87093821.96076505,81259176.17418256,76793036.30591501,77319907.94697252,89273431.87372753,82557768.26727007,79223979.63439004,82160858.52930002,82613690.17847507,73362007.31003752,82160330.84974255,79116606.19229507,87422575.62673505,75178711.60916004,82602806.58770002,84473604.54313754,91139208.70911507,91244184.0409901
2020-07-30,98930530.33893755,93202467.41090254,75662456.03207259,84976955.09905252,84230170.26251255,75118658.17009006,84866237.63271259,88798210.64479007,83479432.55159502,90063636.34046498,79722174.22163248,82621953.60383004,80444392.87607004,80091282.06019752,76495432.52785753,82988145.82032256,74586502.50657752,85345447.63004006,83445078.474745,85127002.59121007,78129871.14078006,72906498.78459005,85398851.59633757,87861561.14708513,83544438.31435254,77789278.50426503,86990820.94111013,87474368.38091257,72409428.83460002,87327929.31739007,78156518.42583258,85518870.17820257,93312797.27347013,87093821.96076505,81259176.17418256,76793036.30591501,77319907.94697252,89273431.87372753,82557768.26727007,79223979.63439004,82160858.52930002,82613690.17847507,73362007.31003752,82160330.84974255,79116606.19229507,87422575.62673505,75178711.60916004,82602806.58770002,84473604.54313754,91139208.70911507,91244184.0409901
2020-07-31,98930530.33893755,93202467.41090254,75662456.03207259,84976955.09905252,84230170.26251255,75118658.17009006,84866237.63271259,88798210.64479007,83479432.55159502,90063636.34046498,79722174.22163248,82621953.60383004,80444392.87607004,80091282.06019752,76495432.52785753,82988145.82032256,74586502.50657752,85345447.63004006,83445078.474745,85127002.59121007,78129871.14078006,72906498.78459005,85398851.59633757,87861561.14708513,83544438.31435254,77789278.50426503,86990820.94111013,87474368.38091257,72409428.83460002,87327929.31739007,78156518.42583258,85518870.17820257,93312797.27347013,87093821.96076505,81259176.17418256,76793036.30591501,77319907.94697252,89273431.87372753,82557768.26727007,79223979.63439004,82160858.52930002,82613690.17847507,73362007.31003752,82160330.84974255,79116606.19229507,87422575.62673505,75178711.60916004,82602806.58770002,84473604.54313754,91139208.70911507,91244184.0409901
2020-08-03,98930530.33893755,93202467.41090254,75662456.03207259,84976955.09905252,84230170.26251255,75118658.17009006,84866237.63271259,88798210.64479007,83479432.55159502,90063636.34046498,79722174.22163248,82621953.60383004,80444392.87607004,80091282.06019752,76495432.52785753,82988145.82032256,74586502.50657752,85345447.63004006,83445078.474745,85127002.59121007,78129871.14078006,72906498.78459005,85398851.59633757,87861561.14708513,83544438.31435254,77789278.50426503,86990820.94111013,87474368.38091257,72409428.83460002,87327929.31739007,78156518.42583258,85518870.17820257,93312797.27347013,87093821.96076505,81259176.17418256,76793036.30591501,77319907.94697252,89273431.87372753,82557768.26727007,79223979.63439004,82160858.52930002,82613690.17847507,73362007.31003752,82160330.84974255,79116606.19229507,87422575.62673505,75178711.60916004,82602806.58770002,84473604.54313754,91139208.70911507,91244184.0409901
2020-08-04,98930530.33893755,93202467.41090254,75662456.03207259,84976955.09905252,84230170.26251255,75118658.17009006,84866237.63271259,88798210.64479007,83479432.55159502,90063636.34046498,79722174.22163248,82621953.60383004,80444392.87607004,80091282.06019752,76495432.52785753,82988145.82032256,74586502.50657752,85345447.63004006,83445078.474745,85127002.59121007,78129871.14078006,72906498.78459005,85398851.59633757,87861561.14708513,83544438.31435254,77789278.50426503,86990820.94111013,87474368.38091257,72409428.83460002,87327929.31739007,78156518.42583258,85518870.17820257,93312797.27347013,87093821.96076505,81259176.17418256,76793036.30591501,77319907.94697252,89273431.87372753,82557768.26727007,79223979.63439004,82160858.52930002,82613690.17847507,73362007.31003752,82160330.84974255,79116606.19229507,87422575.62673505,75178711.60916004,82602806.58770002,84473604.54313754,91139208.70911507,91244184.0409901
2020-08-05,98930530.33893755,93202467.41090254,75662456.03207259,84976955.09905252,84230170.26251255,75118658.17009006,84866237.63271259,88798210.64479007,83479432.55159502,90063636.34046498,79722174.22163248,82621953.60383004,80444392.87607004,80091282.06019752,76495432.52785753,82988145.82032256,74586502.50657752,85345447.63004006,83445078.474745,85127002.59121007,78129871.14078006,72906498.78459005,85398851.59633757,87861561.14708513,83544438.31435254,77789278.50426503,86990820.94111013,87474368.38091257,72409428.83460002,87327929.31739007,78156518.42583258,85518870.17820257,93312797.27347013,87093821.96076505,81259176.17418256,76793036.30591501,77319907.94697252,89273431.87372753,82557768.26727007,79223979.63439004,82160858.52930002,82613690.17847507,73362007.31003752,82160330.84974255,79116606.19229507,87422575.62673505,75178711.60916004,82602806.58770002,84473604.54313754,91139208.70911507,91244184.0409901
2020-08-06,98930530.33893755,93202467.41090254,75662456.03207259,84976955.09905252,84230170.26251255,75118658.17009006,84866237.63271259,88798210.64479007,83479432.55159502,90063636.34046498,79722174.22163248,82621953.60383004,80444392.87607004,80091282.06019752,76495432.52785753,82988145.82032256,74586502.50657752,85345447.63004006,83445078.474745,85127002.59121007,78129871.14078006,72906498.78459005,85398851.59633757,87861561.14708513,83544438.31435254,77789278.50426503,86990820.94111013,87474368.38091257,72409428.83460002,87327929.31739007,78156518.42583258,85518870.17820257,93312797.27347013,87093821.96076505,81259176.17418256,76793036.30591501,77319907.94697252,89273431.87372753,82557768.26727007,79223979.63439004,82160858.52930002,82613690.17847507,73362007.31003752,82160330.84974255,79116606.19229507,87422575.62673505,75178711.60916004,82602806.58770002,84473604.54313754,91139208.70911507,91244184.0409901
2020-08-07,98930530.33893755,93202467.41090254,75662456.03207259,84976955.09905252,84230170.26251255,75118658.17009006,84866237.63271259,88798210.64479007,83479432.55159502,90063636.34046498,79722174.22163248,82621953.60383004,80444392.87607004,80091282.06019752,76495432.52785753,82988145.82032256,74586502.50657752,85345447.63004006,83445078.474745,85127002.59121007,78129871.14078006,72906498.78459005,85398851.59633757,87861561.14708513,83544438.31435254,77789278.50426503,86990820.94111013,87474368.38091257,72409428.83460002,87327929.31739007,78156518.42583258,85518870.17820257,93312797.27347013,87093821.96076505,81259176.17418256,76793036.30591501,77319907.94697252,89273431.87372753,82557768.26727007,79223979.63439004,82160858.52930002,82613690.17847507,73362007.31003752,82160330.84974255,79116606.19229507,87422575.62673505,75178711.60916004,82602806.58770002,84473604.54313754,91139208.70911507,91244184.0409901
2020-08-10,98930530.33893755,93202467.41090254,75662456.03207259,84976955.09905252,84230170.26251255,75118658.17009006,84866237.63271259,88798210.64479007,83479432.55159502,90063636.34046498,79722174.22163248,82621953.60383004,80444392.87607004,80091282.06019752,76495432.52785753,82988145.82032256,74586502.50657752,85345447.63004006,83445078.474745,85127002.59121007,78129871.14078006,72906498.78459005,85398851.59633757,87861561.14708513,83544438.31435254,77789278.50426503,86990820.94111013,87474368.38091257,72409428.83460002,87327929.31739007,78156518.42583258,85518870.17820257,93312797.27347013,87093821.96076505,81259176.17418256,76793036.30591501,77319907.94697252,89273431.87372753,82557768.26727007,79223979.63439004,82160858.52930002,82613690.17847507,73362007.31003752,82160330.84974255,79116606.19229507,87422575.62673505,75178711.60916004,82602806.58770002,84473604.54313754,91139208.70911507,91244184.0409901
2020-08-11,98930530.33893755,93202467.41090254,75662456.03207259,84976955.09905252,84230170.26251255,75118658.17009006,84866237.63271259,88798210.64479007,83479432.55159502,90063636.34046498,79722174.22163248,82621953.60383004,80444392.87607004,80091282.06019752,76495432.52785753,82988145.82032256,74586502.50657752,85345447.63004006,83445078.474745,85127002.59121007,78129871.14078006,72906498.78459005,85398851.59633757,87861561.14708513,83544438.31435254,77789278.50426503,86990820.94111013,87474368.38091257,72409428.83460002,87327929.31739007,78156518.42583258,85518870.17820257,93312797.27347013,87093821.96076505,81259176.17418256,76793036.30591501,77319907.94697252,89273431.87372753,82557768.26727007,79223979.63439004,82160858.52930002,82613690.17847507,73362007.31003752,82160330.84974255,79116606.19229507,87422575.62673505,75178711.60916004,82602806.58770002,84473604.54313754,91139208.70911507,91244184.0409901
2020-08-12,98930530.33893755,93202467.41090254,75662456.03207259,84976955.09905252,84230170.26251255,75118658.17009006,84866237.63271259,88798210.64479007,83479432.55159502,90063636.34046498,79722174.22163248,82621953.60383004,80444392.87607004,80091282.06019752,76495432.52785753,82988145.82032256,74586502.50657752,85345447.63004006,83445078.474745,85127002.59121007,78129871.14078006,72906498.78459005,85398851.59633757,87861561.14708513,83544438.31435254,77789278.50426503,86990820.94111013,87474368.38091257,72409428.83460002,87327929.31739007,78156518.42583258,85518870.17820257,93312797.27347013,87093821.96076505,81259176.17418256,76793036.30591501,77319907.94697252,89273431.87372753,82557768.26727007,79223979.63439004,82160858.52930002,82613690.17847507,73362007.31003752,82160330.84974255,79116606.19229507,87422575.62673505,75178711.60916004,82602806.58770002,84473604.54313754,91139208.70911507,91244184.0409901
2020-08-13,98930530.33893755,93202467.41090254,75662456.03207259,84976955.09905252,84230170.26251255,75118658.17009006,84866237.63271259,88798210.64479007,83479432.55159502,90063636.34046498,79722174.22163248,82621953.60383004,80444392.87607004,80091282.06019752,76495432.52785753,82988145.82032256,74586502.50657752,85345447.63004006,83445078.474745,85127002.59121007,78129871.14078006,72906498.78459005,85398851.59633757,87861561.14708513,83544438.31435254,77789278.50426503,86990820.94111013,87474368.38091257,72409428.83460002,87327929.31739007,78156518.42583258,85518870.17820257,93312797.27347013,87093821.96076505,81259176.17418256,76793036.30591501,77319907.94697252,89273431.87372753,82557768.26727007,79223979.63439004,82160858.52930002,82613690.17847507,73362007.31003752,82160330.84974255,79116606.19229507,87422575.62673505,75178711.60916004,82602806.58770002,84473604.54313754,91139208.70911507,91244184.0409901
2020-08-14,98930530.33893755,93202467.41090254,75662456.03207259,84976955.09905252,84230170.26251255,75118658.17009006,84866237.63271259,88798210.64479007,83479432.55159502,90063636.34046498,79722174.22163248,82621953.60383004,80444392.87607004,80091282.06019752,76495432.52785753,82988145.82032256,74586502.50657752,85345447.63004006,83445078.474745,85127002.59121007,78129871.14078006,72906498.78459005,85398851.59633757,87861561.14708513,83544438.31435254,77789278.50426503,86990820.94111013,87474368.38091257,72409428.83460002,87327929.31739007,78156518.42583258,85518870.17820257,93312797.27347013,87093821.96076505,81259176.17418256,76793036.30591501,77319907.94697252,89273431.87372753,82557768.26727007,79223979.63439004,82160858.52930002,82613690.17847507,73362007.31003752,82160330.84974255,79116606.19229507,87422575.62673505,75178711.60916004,82602806.58770002,84473604.54313754,91139208.70911507,91244184.0409901
2020-08-17,98930530.33893755,93202467.41090254,75662456.03207259,84976955.09905252,84230170.26251255,75118658.17009006,84866237.63271259,88798210.64479007,83479432.55159502,90063636.34046498,79722174.22163248,82621953.60383004,80444392.87607004,80091282.06019752,76495432.52785753,82988145.82032256,74586502.50657752,85345447.63004006,83445078.474745,85127002.59121007,78129871.14078006,72906498.78459005,85398851.59633757,87861561.14708513,83544438.31435254,77789278.50426503,86990820.94111013,87474368.38091257,72409428.83460002,87327929.31739007,78156518.42583258,85518870.17820257,93312797.27347013,87093821.96076505,81259176.17418256,76793036.30591501,77319907.94697252,89273431.87372753,82557768.26727007,79223979.63439004,82160858.52930002,82613690.17847507,73362007.31003752,82160330.84974255,79116606.19229507,87422575.62673505,75178711.60916004,82602806.58770002,84473604.54313754,91139208.70911507,91244184.0409901
2020-08-18,98930530.33893755,93202467.41090254,75662456.03207259,84976955.09905252,84230170.26251255,75118658.17009006,84866237.63271259,88798210.64479007,83479432.55159502,90063636.34046498,79722174.22163248,82621953.60383004,80444392.87607004,80091282.06019752,76495432.52785753,82988145.82032256,74586502.50657752,85345447.63004006,83445078.474745,85127002.59121007,78129871.14078006,72906498.78459005,85398851.59633757,87861561.14708513,83544438.31435254,77789278.50426503,86990820.94111013,87474368.38091257,72409428.83460002,87327929.31739007,78156518.42583258,85518870.17820257,93312797.27347013,87093821.96076505,81259176.17418256,76793036.30591501,77319907.94697252,89273431.87372753,82557768.26727007,79223979.63439004,82160858.52930002,82613690.17847507,73362007.31003752,82160330.84974255,79116606.19229507,87422575.62673505,75178711.60916004,82602806.58770002,84473604.54313754,91139208.70911507,91244184.0409901
2020-08-19,98930530.33893755,93202467.41090254,75662456.03207259,84976955.09905252,84230170.26251255,75118658.17009006,84866237.63271259,88798210.64479007,83479432.55159502,90063636.34046498,79722174.22163248,82621953.60383004,80444392.87607004,80091282.06019752,76495432.52785753,82988145.82032256,74586502.50657752,85345447.63004006,83445078.474745,85127002.59121007,78129871.14078006,72906498.78459005,85398851.59633757,87861561.14708513,83544438.31435254,77789278.50426503,86990820.94111013,87474368.38091257,72409428.83460002,87327929.31739007,78156518.42583258,85518870.17820257,93312797.27347013,87093821.96076505,81259176.17418256,76793036.30591501,77319907.94697252,89273431.87372753,82557768.26727007,79223979.63439004,82160858.52930002,82613690.17847507,73362007.31003752,82160330.84974255,79116606.19229507,87422575.62673505,75178711.60916004,82602806.58770002,84473604.54313754,91139208.70911507,91244184.0409901
2020-08-20,98930530.33893755,93202467.41090254,75662456.03207259,84976955.09905252,84230170.26251255,75118658.17009006,84866237.63271259,88798210.64479007,83479432.55159502,90063636.34046498,79722174.22163248,82621953.60383004,80444392.87607004,80091282.06019752,76495432.52785753,82988145.82032256,74586502.50657752,85345447.63004006,83445078.474745,85127002.59121007,78129871.14078006,72906498.78459005,85398851.59633757,87861561.14708513,83544438.31435254,77789278.50426503,86990820.94111013,87474368.38091257,72409428.83460002,87327929.31739007,78156518.42583258,85518870.17820257,93312797.27347013,87093821.96076505,81259176.17418256,76793036.30591501,77319907.94697252,89273431.87372753,82557768.26727007,79223979.63439004,82160858.52930002,82613690.17847507,73362007.31003752,82160330.84974255,79116606.19229507,87422575.62673505,75178711.60916004,82602806.58770002,84473604.54313754,91139208.70911507,91244184.0409901
2020-08-21,98930530.33893755,93202467.41090254,75662456.03207259,84976955.09905252,84230170.26251255,75118658.17009006,84866237.63271259,88798210.64479007,83479432.55159502,90063636.34046498,79722174.22163248,82621953.60383004,80444392.87607004,80091282.06019752,76495432.52785753,82988145.82032256,74586502.50657752,85345447.63004006,83445078.474745,85127002.59121007,78129871.14078006,72906498.78459005,85398851.59633757,87861561.14708513,83544438.31435254,77789278.50426503,86990820.94111013,87474368.38091257,72409428.83460002,87327929.31739007,78156518.42583258,85518870.17820257,93312797.27347013,87093821.96076505,81259176.17418256,76793036.30591501,77319907.94697252,89273431.87372753,82557768.26727007,79223979.63439004,82160858.52930002,82613690.17847507,73362007.31003752,82160330.84974255,79116606.19229507,87422575.62673505,75178711.60916004,82602806.58770002,84473604.54313754,91139208.70911507,91244184.0409901
2020-08-24,98930530.33893755,93202467.41090254,75662456.03207259,84976955.09905252,84230170.26251255,75118658.17009006,84866237.63271259,88798210.64479007,83479432.55159502,90063636.34046498,79722174.22163248,82621953.60383004,80444392.87607004,80091282.06019752,76495432.52785753,82988145.82032256,74586502.50657752,85345447.63004006,83445078.474745,85127002.59121007,78129871.14078006,72906498.78459005,85398851.59633757,87861561.14708513,83544438.31435254,77789278.50426503,86990820.94111013,87474368.38091257,72409428.83460002,87327929.31739007,78156518.42583258,85518870.17820257,93312797.27347013,87093821.96076505,81259176.17418256,76793036.30591501,77319907.94697252,89273431.87372753,82557768.26727007,79223979.63439004,82160858.52930002,82613690.17847507,73362007.31003752,82160330.84974255,79116606.19229507,87422575.62673505,75178711.60916004,82602806.58770002,84473604.54313754,91139208.70911507,91244184.0409901
2020-08-25,98930530.33893755,93202467.41090254,75662456.03207259,84976955.09905252,84230170.26251255,75118658.17009006,84866237.63271259,88798210.64479007,83479432.55159502,90063636.34046498,79722174.22163248,82621953.60383004,80444392.87607004,80091282.06019752,76495432.52785753,82988145.82032256,74586502.50657752,85345447.63004006,83445078.474745,85127002.59121007,78129871.14078006,72906498.78459005,85398851.59633757,87861561.14708513,83544438.31435254,77789278.50426503,86990820.94111013,87474368.38091257,72409428.83460002,87327929.31739007,78156518.42583258,85518870.17820257,93312797.27347013,87093821.96076505,81259176.17418256,76793036.30591501,77319907.94697252,89273431.87372753,82557768.26727007,79223979.63439004,82160858.52930002,82613690.17847507,73362007.31003752,82160330.84974255,79116606.19229507,87422575.62673505,75178711.60916004,82602806.58770002,84473604.54313754,91139208.70911507,91244184.0409901
2020-08-26,98930530.33893755,93202467.41090254,75662456.03207259,84976955.09905252,84230170.26251255,75118658.17009006,84866237.63271259,88798210.64479007,83479432.55159502,90063636.34046498,79722174.22163248,82621953.60383004,80444392.87607004,80091282.06019752,76495432.52785753,82988145.82032256,74586502.50657752,85345447.63004006,83445078.474745,85127002.59121007,78129871.14078006,72906498.78459005,85398851.59633757,87861561.14708513,83544438.31435254,77789278.50426503,86990820.94111013,87474368.38091257,72409428.83460002,87327929.31739007,78156518.42583258,85518870.17820257,93312797.27347013,87093821.96076505,81259176.17418256,76793036.30591501,77319907.94697252,89273431.87372753,82557768.26727007,79223979.63439004,82160858.52930002,82613690.17847507,73362007.31003752,82160330.84974255,79116606.19229507,87422575.62673505,75178711.60916004,82602806.58770002,84473604.54313754,91139208.70911507,91244184.0409901
2020-08-27,98930530.33893755,93202467.41090254,75662456.03207259,84976955.09905252,84230170.26251255,75118658.17009006,84866237.63271259,88798210.64479007,83479432.55159502,90063636.34046498,79722174.22163248,82621953.60383004,80444392.87607004,80091282.06019752,76495432.52785753,82988145.82032256,74586502.50657752,85345447.63004006,83445078.474745,85127002.59121007,78129871.14078006,72906498.78459005,85398851.59633757,87861561.14708513,83544438.31435254,77789278.50426503,86990820.94111013,87474368.38091257,72409428.83460002,87327929.31739007,78156518.42583258,85518870.17820257,93312797.27347013,87093821.96076505,81259176.17418256,76793036.30591501,77319907.94697252,89273431.87372753,82557768.26727007,79223979.63439004,82160858.52930002,82613690.17847507,73362007.31003752,82160330.84974255,79116606.19229507,87422575.62673505,75178711.60916004,82602806.58770002,84473604.54313754,91139208.70911507,91244184.0409901
2020-08-28,98930530.33893755,93202467.41090254,75662456.03207259,84976955.09905252,84230170.26251255,75118658.17009006,84866237.63271259,88798210.64479007,83479432.55159502,90063636.34046498,79722174.22163248,82621953.60383004,80444392.87607004,80091282.06019752,76495432.52785753,82988145.82032256,74586502.50657752,85345447.63004006,83445078.474745,85127002.59121007,78129871.14078006,72906498.78459005,85398851.59633757,87861561.14708513,83544438.31435254,77789278.50426503,86990820.94111013,87474368.38091257,72409428.83460002,87327929.31739007,78156518.42583258,85518870.17820257,93312797.27347013,87093821.96076505,81259176.17418256,76793036.30591501,77319907.94697252,89273431.87372753,82557768.26727007,79223979.63439004,82160858.52930002,82613690.17847507,73362007.31003752,82160330.84974255,79116606.19229507,87422575.62673505,75178711.60916004,82602806.58770002,84473604.54313754,91139208.70911507,91244184.0409901
2020-08-31,98930530.33893755,93202467.41090254,75662456.03207259,84976955.09905252,84230170.26251255,75118658.17009006,84866237.63271259,88798210.64479007,83479432.55159502,90063636.34046498,79722174.22163248,82621953.60383004,80444392.87607004,80091282.06019752,76495432.52785753,82988145.82032256,74586502.50657752,85345447.63004006,83445078.474745,85127002.59121007,78129871.14078006,72906498.78459005,85398851.59633757,87861561.14708513,83544438.31435254,77789278.50426503,86990820.94111013,87474368.38091257,72409428.83460002,87327929.31739007,78156518.42583258,85518870.17820257,93312797.27347013,87093821.96076505,81259176.17418256,76793036.30591501,77319907.94697252,89273431.87372753,82557768.26727007,79223979.63439004,82160858.52930002,82613690.17847507,73362007.31003752,82160330.84974255,79116606.19229507,87422575.62673505,75178711.60916004,82602806.58770002,84473604.54313754,91139208.70911507,91244184.0409901
2020-09-01,98930530.33893755,93202467.41090254,75662456.03207259,84976955.09905252,84230170.26251255,75118658.17009006,84866237.63271259,88798210.64479007,83479432.55159502,90063636.34046498,79722174.22163248,82621953.60383004,80444392.87607004,80091282.06019752,76495432.52785753,82988145.82032256,74586502.50657752,85345447.63004006,83445078.474745,85127002.59121007,78129871.14078006,72906498.78459005,85398851.59633757,87861561.14708513,83544438.31435254,77789278.50426503,86990820.94111013,87474368.38091257,72409428.83460002,87327929.31739007,78156518.42583258,85518870.17820257,93312797.27347013,87093821.96076505,81259176.17418256,76793036.30591501,77319907.94697252,89273431.87372753,82557768.26727007,79223979.63439004,82160858.52930002,82613690.17847507,73362007.31003752,82160330.84974255,79116606.19229507,87422575.62673505,75178711.60916004,82602806.58770002,84473604.54313754,91139208.70911507,91244184.0409901
2020-09-03,99276740.99043755,93274763.71340255,75763760.5315726,84843529.26205252,84104576.42801256,75276344.19909006,84756315.19721258,88700744.48829007,83399863.52909502,90172925.53546497,79577618.4081325,83068572.48933004,80350453.13307004,80036966.88919751,76406169.38985753,83052379.28082256,74581296.69107752,85187270.74304007,83390883.57874501,84950786.98171008,78012284.50628006,72934612.67159005,85447976.68933757,87797410.57658514,83619813.65885255,77794800.03426503,87543135.25261015,87343854.39141257,72360052.82460001,87562770.04239006,77913290.70583259,85512464.04870257,93017009.12497014,87084592.64376506,81267527.70368257,76571723.03641501,77089595.27747253,89405614.80572754,82469117.09227008,79189214.99639004,82375033.85530004,82562779.85347506,73021987.21453753,82107823.76474255,78772678.85529508,87230474.58773506,75169534.12216003,82349461.60170004,84633769.96463753,91032204.73011509,90754869.8759901
2020-09-04,99518412.51793756,93606702.19990256,76193045.2220726,84837705.78805251,84350167.40001255,75319579.65359007,85407414.87821259,88585344.57079007,83980587.38509503,90057364.22046499,79754176.75913249,83217752.21833004,80654326.97757003,80309789.90069751,76909243.95435753,83241998.67382257,74658468.01107752,85355544.32904008,83594522.98374501,84928637.71271007,78077604.81778006,72846696.54059005,85382098.18233757,87829901.89458513,83638241.53485256,77772178.97876503,87883265.55161014,87514931.66041258,72301383.53910002,87830419.45339006,78080212.87283258,85675307.37670258,93161879.47097012,87134387.24326506,81183642.19068256,76539479.70741501,77333201.85847251,89861906.60372755,82841488.73527008,78971904.92989004,82318495.84780003,83061896.94347507,72808778.50053751,82292229.72724256,79195275.63329507,87326275.88873506,75354627.59116003,82686468.62570003,84491892.86063753,91516472.11311507,90491189.08899009
2020-09-07,98211788.20269756,92070578.14890257,75854675.2120726,83374734.58553752,83878143.00301257,74081286.29511507,84236346.04321508,86884997.49576007,83010318.14559503,88560268.88596499,78125022.0811325,82628380.60233004,80329955.36157003,79110581.79569751,75917822.71435753,81931841.30032256,73653627.98506251,83898786.69704008,82328066.731745,83468655.54571007,77337603.03778006,71573410.78759006,84238126.41833757,87170868.49758513,82790117.87185255,76875486.86708502,87296927.66411014,86412075.30099757,71103850.55524002,86303764.17989007,77367120.52115259,84795305.78870258,92021272.52897014,86228197.10683507,80140544.42718506,75623373.05641502,77198713.58547251,89650223.40772754,82024168.76427007,77756485.49889004,80917194.28280003,82008543.34547506,72155029.02054003,80971339.74680756,78556012.89229508,86259873.46973504,74523862.07072003,81442786.56526503,83485073.38363753,90363708.27811508,89603169.8859901
2020-09-08,98636316.26519756,92485354.12140256,76270360.3365726,83453892.49353752,84559216.05401257,74261754.39161506,84539629.52471508,87426301.09976007,83413182.87659504,88851099.496465,78650493.17271249,82771983.37133005,80776032.62157004,79806951.22169751,76233062.31840754,82209130.58482257,73939003.22806253,84078614.76236008,82770704.521745,83682426.91021007,77687922.84778006,72070219.77809004,84621704.50533757,87782129.55508514,82662219.04535255,77080074.85158503,87528231.25911014,86760300.85099757,71211764.74074003,86705229.29089007,77601873.59215258,84949679.92420256,92367594.66183014,86640578.94783506,80291312.40568507,75573752.69761503,77452852.2754725,89939223.40772754,82058856.58427007,78000146.88232005,81226705.94680002,82346275.48140506,72264948.99054003,81262522.86380756,79013867.01129508,86162225.93532504,74582200.08672002,82176235.14576502,84074732.97863753,90655382.39061508,90231786.37149009
2020-09-09,98882178.76040757,92920354.12140256,76686951.67863509,83103649.91486752,84860903.99901256,74784664.14361507,84954629.52471508,87586936.08976007,83112486.06095003,89277099.496465,78445571.0975125,82760576.78630504,81181500.90957004,79987391.77669752,76656184.16240753,82772852.38703257,74440003.22806253,83860229.10783508,83062252.610745,83259552.40882757,77799427.13602507,72485219.77809004,84333014.72033757,88520129.55508514,82520486.67512256,77275456.36358503,88133212.80911015,87391241.15749757,71085727.65574002,87497259.71575508,77846520.26315258,85163697.05620256,92400029.12883013,86995578.94783506,79887663.49980506,75595104.00584252,77840259.19176751,89922847.55893755,82084856.58427007,78066811.00932005,81370643.00071503,82320930.25061506,73171573.57154003,81605973.23272255,78875588.33624008,86430934.50621505,75080664.59222002,82575725.20624003,84042948.76158753,90719562.74875009,90340886.2468076
2020-09-10,98097535.84561756,93365354.12140256,76715992.8101351,82975777.50936753,84630302.84501258,74898664.14361507,85557629.52471508,88123886.56726007,83260462.65195003,89237099.496465,78329509.9720125,82748487.74730505,81360500.90957004,80299760.00469752,76969970.95290753,82734248.63003257,74213003.22806253,83706054.41783507,83588252.610745,83253295.87082757,77766823.37902507,72574219.77809004,84231648.78519258,88704129.55508514,82592255.65062256,77556855.20958503,87799212.80911015,86926579.36749758,71115317.81574002,87721996.07025507,78154520.26315258,85043474.33020256,92958029.12883013,87439578.94783506,80042672.11180507,75537293.63934253,77791658.03776751,89494075.90593755,82196293.12312508,78445388.06182005,81166567.06921503,82737118.37061507,73076573.57154003,81444741.10072255,78638564.73324008,86277060.08871505,75062548.52622002,82127333.18124002,83941149.89658754,90662801.40625009,89784535.8518076
2020-09-11,97650061.06811757,93804354.12140256,77158992.8101351,83008777.50936753,85166302.84501258,74926664.14361507,85548629.52471508,88556886.56726007,83590462.65195003,89275099.496465,78420509.9720125,82510487.74730505,81846500.90957004,80528760.00469752,77184970.95290753,83190248.63003257,74234003.22806253,83780054.41783507,83825252.610745,83341295.87082757,77837823.37902507,73187219.77809004,84169616.57019258,89290129.55508514,83144255.65062256,78159855.20958503,88203212.80911015,87145579.36749758,71389317.81574002,87905996.07025507,78439520.26315258,84818474.33020256,93116029.12883013,87608578.94783506,80037672.11180507,75664293.63934253,78045658.03776751,89523075.90593755,82287571.29712507,78422388.06182005,81096567.06921503,82759514.49311507,73200573.57154003,81699034.28372256,78971564.73324008,86768060.08871505,75262548.52622002,82389191.10324003,84140149.89658754,91270801.40625009,89499535.8518076
2020-09-14,98452134.22061758,96109354.12140256,77848992.8101351,83937777.50936753,85923302.84501258,75119664.14361507,85578629.52471508,90270886.56726007,83698462.65195003,89576099.496465,78846509.9720125,83700487.74730505,81809500.90957004,81056760.00469752,77468970.95290753,83852248.63003257,75169003.22806253,84418054.41783507,83982252.610745,83317295.87082757,78220823.37902507,74191219.77809004,85025616.57019258,90615129.55508514,83912255.65062256,79257855.20958503,88773212.80911015,88388579.36749758,72551317.81574002,88149996.07025507,78855520.26315258,86596474.33020256,93540029.12883013,88406578.94783506,80409672.11180507,76268293.63934253,78165658.03776751,90763075.90593755,82797571.29712507,79735388.06182005,82075567.06921503,84181514.49311507,74859573.57154003,82534034.28372256,79667564.73324008,87193060.08871505,75813548.52622002,83362191.10324003,83937149.89658754,92996801.40625009,90618535.8518076
2020-09-15,98955134.22061758,96425354.12140256,77619992.8101351,84395701.38044252,86274302.84501258,74914664.14361507,85550629.52471508,90948886.56726007,83863462.65195003,89783099.496465,78749509.9720125,84512487.74730505,81571500.90957004,80963760.00469752,77180970.95290753,83729248.63003257,75474619.14211252,84807054.41783507,84352252.610745,83276122.77651507,78484823.37902507,73920219.77809004,85583616.57019258,90076129.55508514,83874871.56467256,79001855.20958503,88884212.80911015,88043579.36749758,72927317.81574002,88322996.07025507,79132520.26315258,87265301.23589008,93588029.12883013,88322513.31141005,80688908.60249257,76281293.63934253,77836658.03776751,90859075.90593755,82578318.09915507,80280388.06182005,82299393.97490254,84990514.49311507,75147189.48559003,82971781.08575256,79706564.73324008,86663153.27313504,76271548.52622002,83429191.10324003,83970149.89658754,93563801.40625009,90787535.8518076
2020-09-16,99697134.22061758,97006354.12140256,77748992.8101351,84367758.82244252,85972160.34001257,75039048.15361507,85276711.59121509,91727886.56726007,83694462.65195003,89678099.496465,78895509.9720125,84111487.74730505,81619500.90957004,81190289.71719751,77351970.95290753,84031927.95503257,76004887.91011252,85584054.41783507,84441867.893745,83505571.44951507,78777823.37902507,74337977.72859006,85894616.57019258,91179375.65708514,84223429.70367256,79365855.20958503,89792212.80911015,89091823.28899758,73541856.33574003,89201817.33975507,79733520.26315258,88150813.95089008,94033029.12883013,87944568.25191006,81396366.88449258,76720293.63934253,78019323.51726751,90981075.90593755,82554918.36665508,80446388.06182005,82489842.64790253,84954514.49311507,75506045.00359003,82674608.98975256,79984564.73324008,86504355.12513505,76037154.54572003,84306483.19424003,84092149.89658754,94190801.40625009,92020535.8518076
2020-09-17,99246134.22061758,96383354.12140256,78389992.8101351,84043758.82244252,86240160.34001257,75089048.15361507,85580711.59121509,91271886.56726007,83545462.65195003,89539099.496465,78419509.9720125,83750487.74730505,81820500.90957004,81725289.71719751,77653970.95290753,84083927.95503257,76135887.91011252,85158054.41783507,84107867.893745,83726571.44951507,79130823.37902507,74216977.72859006,85309546.03998257,91862375.65708514,84271429.70367256,79505855.20958503,89280212.80911015,88616823.28899758,73468856.33574003,89221817.33975507,79766520.26315258,88059813.95089008,94607029.12883013,87378568.25191006,81317366.88449258,77060293.63934253,78356323.51726751,90749075.90593755,82518918.36665508,80367388.06182005,82445842.64790253,84495514.49311507,75802045.00359003,82208608.98975256,79550564.73324008,86324355.12513505,75654154.54572003,84076483.19424003,84147149.89658754,93787801.40625009,91639535.8518076
2020-09-18,100443547.75511757,97274758.21440256,78897992.8101351,84832544.03844252,86906036.21001257,75539492.88061507,86268577.08021508,92343728.85326007,84114462.65195003,90391871.229965,79001245.9715125,84856030.28780505,82429500.90957004,82555289.71719751,78209970.95290753,84383823.80303256,76657942.64511251,86004054.41783507,84621867.893745,84128571.44951507,79518823.37902507,75119977.72859006,85705408.96498257,92927375.65708514,85166429.70367256,80489855.20958503,90562436.52261014,89641486.75649758,74159372.85074003,90030817.33975507,79983520.26315258,88861047.07089007,95474029.12883013,87837582.43991005,81770366.88449258,77552293.63934253,78861323.51726751,91867375.16293755,83239918.36665508,80981423.85832004,83351842.64790253,85581940.09311506,76540946.94359003,82572764.99375255,80256564.73324008,86696355.12513505,75767323.44622004,85240483.19424003,84748202.39808753,95211197.85925008,92462923.5543076
2020-09-21,100294547.75511757,97329758.21440256,79502992.8101351,85350544.03844252,86779036.21001257,75553492.88061507,86222577.08021508,92690728.85326007,84091462.65195003,91121871.229965,79099245.9715125,85386030.28780505,82579500.90957004,82852289.71719751,78256970.95290753,85000823.80303256,76387942.64511251,86222054.41783507,84882867.893745,84543571.44951507,79753823.37902507,75055977.72859006,86553408.96498257,92944375.65708514,85608429.70367256,80569855.20958503,90437436.52261014,89677486.75649758,74168372.85074003,90285817.33975507,79811520.26315258,88820047.07089007,95457029.12883013,88026582.43991005,82236366.88449258,78080293.63934253,78694323.51726751,92134375.16293755,83241918.36665508,81193423.85832004,84312842.64790253,86255940.09311506,76634500.67959003,83475764.99375255,79920564.73324008,86747355.12513505,75798323.44622004,85553483.19424003,85292202.39808753,95455197.85925008,93113923.5543076
2020-09-22,100116547.75511757,97475758.21440256,79272285.33013509,85207544.03844252,86253036.21001257,76192110.03684507,86069577.08021508,93187728.85326007,83975462.65195003,91680871.229965,78916245.9715125,86055030.28780505,82388301.14157003,82420289.71719751,77832935.57109503,85288823.80303256,76787942.64511251,86552054.41783507,85012277.80659501,84297571.44951507,80240823.37902507,75402977.72859006,86318277.94007258,92692514.68708515,85666591.96307255,80424258.91328503,91139436.52261014,89774486.75649758,74643372.85074003,90113817.33975507,80288154.25007759,88974047.07089007,95476045.65458514,88013417.59655507,82295137.49247257,77943293.63934253,78793507.68026751,92250375.16293755,83678074.29569007,80898145.28274505,84861842.64790253,86500940.09311506,77169500.67959003,83992764.99375255,80203564.73324008,87207355.12513505,75660323.44622004,85755483.19424003,84910202.39808753,96080197.85925008,93134923.5543076
2020-09-23,101086561.13550507,98402758.21440256,80106805.4481351,85908544.03844252,87086036.21001257,76314811.95334508,86911577.08021508,94136728.85326007,84703462.65195003,92705871.229965,79465245.9715125,86187354.35980505,82914301.14157003,82830310.23219751,78527337.51859504,86378667.98653257,77237942.64511251,87029727.07383507,85686365.866595,85443571.44951507,81286823.37902507,76524977.72859006,86912737.42207257,94176514.68708515,85802279.18307257,81143419.51678503,91092436.52261014,91329486.75649758,75238372.85074003,90764817.33975507,80750517.47507758,90023047.07089007,95877320.12708515,88351491.94905506,83446671.21647257,79184293.63934253,79492507.68026751,92996375.16293755,84154022.27169009,81789671.10524505,85551842.64790253,87351940.09311506,77523500.67959003,84229367.73175256,80897564.73324008,87477785.71520504,76303323.44622004,86793483.19424003,86180202.39808753,96274197.85925008,94885923.5543076
2020-09-24,101025017.01750506,98642758.21440256,79949805.4481351,85579544.03844252,86900467.55101258,76138811.95334508,86613577.08021508,93994728.85326007,84870462.65195003,92473871.229965,79039245.9715125,85840354.35980505,82646301.14157003,82717310.23219751,77910337.51859504,85869667.98653257,77404105.52261253,87344727.07383507,84879365.866595,85569571.44951507,81148823.37902507,75889977.72859006,86448737.42207257,94408514.68708515,85260279.18307257,80508419.51678503,91630436.52261014,91722486.75649758,75416372.85074003,90989353.14375506,80219712.3735776,89927047.07089007,95203320.12708515,88181491.94905506,82740671.21647257,79235293.63934253,79185507.68026751,92624375.16293755,83767022.27169009,81600671.10524505,84914842.64790253,86753940.09311506,77387638.64359003,83745367.73175256,80507564.73324008,87075936.31270504,75930181.84222004,86931483.19424003,86144202.39808753,96634197.85925008,95361923.5543076
2020-09-25,101023017.01750506,99169758.21440256,79801805.4481351,85743544.03844252,87184467.55101258,76185969.74069507,86165577.08021508,94639728.85326007,84616462.65195003,93287871.229965,78718245.9715125,86649354.35980505,82397301.14157003,83141310.23219751,77656337.51859504,85667667.98653257,77983105.52261253,87712884.86118507,85097365.866595,85251571.44951507,81216823.37902507,75970977.72859006,86557737.42207257,94477514.68708515,85227279.18307257,80463419.51678503,92448436.52261014,92057486.75649758,75243372.85074003,91110353.14375506,80033712.3735776,89967047.07089007,94833320.12708515,88395491.94905506,82342003.09662756,79468293.63934253,78853665.46761751,93319375.16293755,84040022.27169009,82105671.10524505,85894842.64790253,87343940.09311506,78267638.64359003,84304951.93541256,80405564.73324008,87510520.51636505,75773181.84222004,86941483.19424003,86641202.39808753,96917197.85925008,95629923.5543076
2020-09-28,102017510.60211007,100923758.21440256,80231821.64660509,86186544.03844252,87926467.55101258,77634443.63169508,86973577.08021508,96702728.85326007,85334462.65195003,94282871.229965,78865685.511455,87831354.35980505,82627301.14157003,84670310.23219751,77685337.51859504,86979667.98653257,78959105.52261253,88863503.83918507,85527365.866595,86125103.33154008,81869823.37902507,76891977.72859006,87121956.60909757,96188514.68708515,85775279.18307257,81252419.51678503,94012436.52261014,93423486.75649758,76327372.85074003,91847353.14375506,80920712.3735776,91216047.07089007,95578320.12708515,88736425.09448756,82804441.36662757,80152293.63934253,80035303.85761751,94175868.74754255,85382022.27169009,83043671.10524505,87832842.64790253,88363940.09311506,79853638.64359003,85181976.85791256,81088096.61526507,87868687.42436504,76187803.93917504,87750483.19424003,87769202.39808753,99189197.85925008,96517923.5543076
2020-09-29,100391802.64557257,99131758.21440256,78685496.9501051,85086544.03844252,87037467.55101258,76977443.63169508,85830577.08021508,94505836.60276006,84519384.30496503,93023871.229965,78561570.340955,86413484.58703505,82076235.08757004,83304310.23219751,77174682.57111004,85519667.98653257,77710105.52261253,87341503.83918507,84993176.63909501,85186677.28254008,80218501.97802506,75184977.72859006,85655463.40759757,93677514.68708515,84796279.18307257,80019419.51678503,92090436.52261014,91530486.75649758,75120372.85074003,89918353.14375506,79310712.3735776,89611047.07089007,94657320.12708515,87472192.36248757,81855901.77212757,78775293.63934253,79012303.85761751,92435345.84154254,84431944.78573008,81429671.10524505,86893842.64790253,86846192.92961507,78257638.64359003,83813585.40591256,79895959.54026508,86738687.42436504,75275606.12667504,86261153.28274003,86472413.41058753,98165197.85925008,93765569.3293076
2020-09-30,101185943.93907258,99761755.93740256,79245496.9501051,85320481.49344252,87394467.55101258,77322023.68419507,86427176.71671508,94936600.76526007,84867866.39446503,93513748.47646499,78884570.340955,86974785.69453505,82371235.08757004,83923310.23219751,77743701.18911004,86218207.85203256,77841387.21961252,87536197.24468508,85534862.47009501,85652677.28254008,80532142.76552507,75560704.18759005,86281127.81759757,93861208.07158515,84993835.72207256,80568643.80278504,92906872.75261015,91992886.53199758,75548717.52574003,90437530.50275508,79552107.15857759,89849304.15939008,94895459.24708515,88135192.36248757,82081824.96712758,79306986.27684253,79916303.85761751,92675031.67254254,84623368.96523008,82059431.70274505,87402793.63790253,87548694.64661507,78787996.49309003,84738971.65691257,80304959.54026508,87365223.76536505,76096606.12667504,86482443.72424003,87079413.41058753,98995546.40325008,94908250.44080761
2020-10-01,102563943.93907258,101383755.93740256,80133496.9501051,86322481.49344252,89102467.55101258,77423933.55719507,87041176.71671508,95940600.76526007,85165095.13846503,95023748.47646499,79530570.340955,87770785.69453505,83798235.08757004,85367310.23219751,78498701.18911004,86040717.50203256,78201351.40461253,88924197.24468508,87124862.47009501,85834677.28254008,81054142.76552507,76071704.18759005,87297127.81759757,94439587.51458515,85531835.72207256,81351643.80278504,94483872.75261015,93009886.53199758,76008717.52574003,91724167.09275508,80359844.22907759,90470304.15939008,96075459.24708515,88922192.36248757,82771824.96712758,80408986.27684253,80236104.37011752,94240031.67254254,84900368.96523008,83219431.70274505,88404793.63790253,88621694.64661507,79605996.49309003,85722772.16941255,80789959.54026508,88711223.76536505,76727606.12667504,87389443.72424003,88804413.41058753,100217546.40325008,95776250.44080761
2020-10-02,102995943.93907258,100969755.93740256,79627972.4403576,86689481.49344252,89036467.55101258,78044427.25719507,87562176.71671508,95719536.41449007,85367095.13846503,95328748.47646499,79361045.8312075,87860721.34376505,83532055.42547004,85251310.23219751,78153701.18911004,86538587.93153256,78079685.63185002,88075949.98505507,87532862.47009501,86371350.02995507,80461142.76552507,75771704.18759005,86776824.26478757,94815587.51458515,85242896.16337256,81908643.80278504,94559872.75261015,93257886.53199758,76316717.52574003,91264167.09275508,80167844.22907759,89754173.72379008,95691691.55439514,87983235.30047756,82425824.96712758,79992986.27684253,80506990.20561752,94385031.67254254,85259070.70215258,83609431.70274505,88953793.63790253,88440694.64661507,79408232.79035002,85619000.91341256,80262033.14789008,88272223.76536505,76324606.12667504,86892883.57905003,89438413.41058753,99839413.89302008,95735250.44080761
2020-10-05,105171943.93907258,102432755.93740256,81003871.5863576,88034481.49344252,90511467.55101258,78958427.25719507,88954176.71671508,98280812.78849007,87140095.13846503,96611748.47646499,80327644.7972075,88828189.03176506,83822610.66597004,86560310.23219751,79495701.18911004,88192587.93153256,79397105.08985002,89816964.30155508,88923862.47009501,87550753.87895507,82184142.76552507,77079704.18759005,87974847.19328758,96609587.51458515,86720238.77637255,83640643.80278504,95829872.75261015,94166886.53199758,77668717.52574003,92178167.09275508,81722844.22907759,89979730.17329007,96848777.81439514,89822440.23847756,83866824.96712758,81419986.27684253,82859990.20561752,95904031.67254254,86776598.42615257,84894431.70274505,89932793.63790253,90096694.64661507,80351926.21335003,86842000.91341256,82317784.10539007,89799223.76536505,77577606.12667504,87838710.08905002,91077413.41058753,100777699.67302008,95934250.44080761
2020-10-06,106509462.58614257,102328274.58447257,82877871.5863576,88009481.49344252,91161467.55101258,79775427.25719507,89722176.71671508,99366812.78849007,89308095.13846503,97122748.47646499,80738644.7972075,90094189.03176506,84439610.66597004,86875310.23219751,79768701.18911004,89386587.93153256,80115105.08985002,90404964.30155508,88745862.47009501,89202753.87895507,84264142.76552507,77458704.18759005,88773847.19328758,98184106.16165516,87362238.77637255,84890674.42678504,96761872.75261015,94174595.76399758,78819717.52574003,92970167.09275508,82862844.22907759,90723730.17329007,98351941.11939515,89955440.23847756,84329824.96712758,82480986.27684253,84468990.20561752,96563031.67254254,88189117.07322258,84753431.70274505,90711793.63790253,90485694.64661507,80766926.21335003,87199000.91341256,82473784.10539007,90101223.76536505,78615606.12667504,88016710.08905002,92151727.40558754,102496699.67302008,97085250.44080761
2020-10-07,105887462.58614257,101118040.05247256,82988871.5863576,87747481.49344252,91613467.55101258,79773427.25719507,90129176.71671508,98893812.78849007,89650095.13846503,96282748.47646499,80500644.7972075,89825189.03176506,84836573.29445004,86529310.23219751,78973701.18911004,89981587.93153256,80630105.08985002,90286964.30155508,88721862.47009501,90138753.87895507,84360142.76552507,77316389.70209005,88073847.19328758,98649772.16965514,87392238.77637255,84403674.42678504,96563872.75261015,94196595.76399758,78884717.52574003,92650167.09275508,82052844.22907759,90331730.17329007,97944941.11939515,88880440.23847756,83959824.96712758,82954986.27684253,84539990.20561752,96257031.67254254,87975349.62022258,84366431.70274505,90848793.63790253,89773747.28161506,80515926.21335003,87656000.91341256,81634784.10539007,89636223.76536505,78076606.12667504,87384710.08905002,92778727.40558754,101570699.67302008,97932882.4198076
2020-10-08,104668547.64614257,100518040.05247256,82492871.5863576,87406481.49344252,91284467.55101258,79105427.25719507,89868176.71671508,98377812.78849007,88427095.13846503,95960748.47646499,80072644.7972075,89252189.03176506,84430993.45395003,86537310.23219751,78225661.82544003,90050587.93153256,80361105.08985002,89851964.30155508,88263862.47009501,89565753.87895507,83958142.76552507,76729129.76018505,87520847.19328758,97700772.16965514,87354238.77637255,83149674.42678504,95924872.75261015,93867595.76399758,78591717.52574003,92006167.09275508,81567844.22907759,90083730.17329007,97382941.11939515,88289584.30805756,83931824.96712758,82810986.27684253,83597990.20561752,95214031.67254254,86847349.62022258,83996431.70274505,90235793.63790253,89162747.28161506,80092926.21335003,87548000.91341256,81187784.10539007,88806905.97918504,78040606.12667504,87090854.15863003,91577861.44716254,101058699.67302008,97794882.4198076
2020-10-09,105602626.37814257,101312469.70747256,82755871.5863576,87722481.49344252,91828467.55101258,79179151.97569507,90858176.71671508,98461224.42699008,88408717.24596503,96165748.47646499,80226644.7972075,89526189.03176506,84924993.45395003,87429310.23219751,78500260.79144004,90393587.93153256,80214105.08985002,89562964.30155508,88698940.968095,89332091.43145508,83867142.76552507,77089279.05618505,87935847.19328758,98027617.57765515,87103947.65237255,83482987.69928503,96319872.75261015,94222595.76399758,78918036.92274003,92176183.90275508,81736844.22907759,90278730.17329007,97989941.11939515,88379194.48005757,84186979.07712758,82984986.27684253,84121052.04361752,95556421.54754254,86520997.44322258,83837003.93274504,90404686.60790253,89403747.28161506,80320926.21335003,88269000.91341256,81302784.10539007,89225438.10618505,78600606.12667504,87342386.28563002,91739388.91966254,101433720.20552008,97754882.4198076
2020-10-12,103583626.37814257,99330469.70747256,81269871.5863576,87505481.49344252,90722467.55101258,78511151.97569507,90227176.71671508,97812224.42699008,86764717.24596503,94969748.47646499,79297644.7972075,88345189.03176506,83537993.45395003,87595310.23219751,77992260.79144004,90158587.93153256,79003105.08985002,87918964.30155508,87882940.968095,88478983.24506508,82103142.76552507,76856279.05618505,86586847.19328758,96840617.57765515,86968587.03437255,81995987.69928503,95298872.75261015,94461595.76399758,77374036.92274003,91118183.90275508,80230844.22907759,90416730.17329007,96123444.03462015,87182194.48005757,83309979.07712758,81575986.27684253,83482052.04361752,95101421.54754254,85723997.44322258,83060003.93274504,90173686.60790253,88579747.28161506,79587926.21335003,87736000.91341256,80337203.07712758,88181438.10618505,77976606.12667504,87281386.28563002,90256388.91966254,100007720.20552008,96856882.4198076
2020-10-13,104665926.79614256,98527276.95447257,81783700.1243576,87914616.74994251,91731058.85701257,78223932.07319507,90996064.28621508,97650416.77667008,86656757.70496504,94767737.592465,79135880.2287075,88864475.09326506,83823602.51395003,87704310.23219751,77967373.78494005,90634156.17403257,79354105.08985002,87989132.34905508,87532304.21959502,88990826.79141507,82378127.79952507,77612518.42318505,86682555.33328757,97482510.85165516,87149587.03437255,82032639.92728503,95870137.40861015,94708819.04499757,77683036.92274003,90893651.71075508,80088534.7215776,90327730.17329007,95650153.06062014,86617163.15555756,83458232.44262758,81419241.30384253,83910871.37861753,95820941.11754255,85653115.15072258,82960225.12274505,90444849.94240253,88338536.46161507,79768201.95485002,88087017.16541256,80479278.61562757,88622250.02618505,78119184.37067503,88230311.72063002,90200099.83466254,100181937.97702008,97517278.4023076
2020-10-14,105880926.79614256,98752578.92447257,82344700.1243576,88242616.74994251,91484475.67401257,78639690.83719507,91562303.97621508,97865848.85267009,86509757.70496504,95934737.592465,79615880.2287075,88668707.56578505,83540894.63395004,87842100.25219752,78053634.04894005,91304644.47403257,80141535.31635003,88303418.02755508,87578640.38859501,89178315.09141508,82333218.42202507,78447947.28718506,86575787.80580758,97871510.85165516,87397559.74187256,83342639.92728503,95805137.40861015,95111067.20099758,77816036.92274003,90895836.67165507,80410411.6090776,90909730.17329007,96340070.52012014,86797864.50343756,84008250.12862757,81563118.19134253,84698330.37861753,95361941.11754255,86022115.15072258,82855225.12274505,91324804.46140254,88585536.46161507,80715201.95485002,88653588.25341257,80135323.89562759,88365437.81418505,78527352.28467503,88574890.11013003,89961402.17654255,100672174.30802009,97411374.6683076
2020-10-15,107008926.79614256,98923691.09448758,82927700.1243576,88422291.23794252,91536934.43301257,78557690.83719507,92119303.97621508,97877848.85267009,86139869.87498005,96175737.592465,79938880.2287075,88612460.80928506,83553702.84295005,89049100.25219752,77913634.04894005,91762644.47403257,80083535.31635003,88075364.47755508,87728640.38859501,88997315.09141508,82220218.42202507,78610947.28718506,86977445.00780757,98434510.85165516,87448559.74187256,84129639.92728503,96197125.28561015,95171067.20099758,77798036.92274003,91341542.47915508,80704751.6190776,90966730.17329007,96584070.52012014,86273672.39543757,84184250.12862757,81377372.67334253,84798330.37861753,95620941.11754255,86044823.95414259,82187167.71807005,92196804.46140254,89246536.46161507,81611201.95485002,88434000.08391257,80061323.89562759,88057481.92418505,78910352.28467503,89353890.11013003,89139662.32004255,101583174.30802009,97180374.6683076
2020-10-16,107157926.79614256,98789970.93070757,83601156.6018576,89109291.23794252,91524957.20351258,78670004.01369508,92380667.55071509,98337848.85267009,86421152.60748005,96250737.592465,80686880.2287075,89664460.80928506,83941187.91395004,89232059.79319751,78363634.04894005,91924644.47403257,80171449.09135002,88648364.47755508,87592640.38859501,88938520.59441507,82445942.24948508,79438947.28718506,86982724.03930756,99716151.96965516,87673559.74187256,85196639.92728503,96603125.28561015,95560067.20099758,78470336.72274002,91184267.22165507,80762751.6190776,91585730.17329007,97665070.52012014,86312891.34283257,84446250.12862757,81612372.67334253,85715047.09761752,96895941.11754255,86925971.84714258,82168206.34807006,92948804.46140254,90009089.08407506,81774201.95485002,88364061.46741258,80924323.89562759,89376481.92418505,79084352.28467503,89789890.11013003,89690009.15904255,102248174.30802009,98444514.2773076
2020-10-19,107633926.79614256,99213588.46820757,83878156.6018576,89987291.23794252,91738725.99219258,78794004.01369508,93421601.4682151,98794885.93167008,86354793.68798004,97457737.592465,80987430.23078251,90025196.54672505,83750187.91395004,89324452.78669752,78584360.24044004,91907675.59353256,80442449.09135002,88606364.47755508,88209079.00909501,89811551.71391508,83008332.99098507,80141947.28718506,86500358.37680757,100864151.96965516,88248005.69065256,85863639.92728503,96773785.28810015,96637067.20099758,79080127.70424002,91573750.86915508,80947301.6211526,91834730.17329007,98011070.52012014,86262843.27833256,84080250.12862757,82038372.67334253,86374047.09761752,98078941.11754255,87465971.84714258,81824202.17307006,93915804.46140254,90408496.99407507,82288201.95485002,88915061.46741258,81305355.01512758,89656481.92418505,80058352.28467503,90574890.11013003,90224009.15904255,102420174.30802009,99801514.2773076
2020-10-20,107642910.96614257,99272588.46820757,83933156.6018576,90174291.23794252,91878109.02619258,78847989.47419508,93547601.4682151,99098885.93167008,86755420.87198004,97742737.592465,81145348.18878251,90115335.01922506,83668197.13066004,89141414.46969752,78646901.61785005,91221107.44553256,80279449.09135002,88899364.47755508,87964079.00909501,90369863.70891508,82992332.99098507,80775947.28718506,86549358.37680757,100807151.96965516,88445203.21665256,86135639.92728503,97365104.67810015,96912067.20099758,79367127.70424002,91546750.86915508,81113033.3786526,92201762.73129007,98306070.52012014,86670834.54651256,84241250.12862757,82419169.59034254,87149047.09761752,97739941.11754255,87659971.84714258,82102191.85057005,93744804.46140254,91296496.99407507,82377201.95485002,89303521.99741258,82243155.40262759,90254481.92418505,80732352.28467503,90641890.11013003,90237009.15904255,102707380.62302008,99372514.2773076
2020-10-21,106448783.39864257,99090432.61205757,83216156.6018576,89654046.55980502,91441109.02619258,78309398.44169508,92940601.4682151,97877983.31517008,86216176.19384255,96916737.592465,80315348.18878251,89246337.67172506,83075766.33116004,88528414.46969752,77726743.98035005,89857862.76739506,80101289.00935003,88759641.49205509,87245079.00909501,89243863.70891508,82523332.99098507,79743947.28718506,86567358.37680757,99086151.96965516,87019938.42565256,85203639.92728503,95963104.67810015,95589067.20099758,78432127.70424002,90753750.86915508,80488222.0986526,91998793.00179008,97403070.52012014,85832686.16401257,84122475.42862758,81385461.21684253,86424047.09761752,96235380.07654256,86865971.84714258,81080470.83257006,92813804.46140254,90218496.99407507,81968201.95485002,88565521.99741258,80938155.40262759,88820481.92418505,79847352.28467503,89416596.95013003,89311009.15904255,101779380.62302008,97299514.2773076
2020-10-22,107860783.39864257,99525668.36205757,84191156.6018576,90486744.22080502,92473109.02619258,78512398.44169508,93861601.4682151,98364287.21741009,86525928.95134255,97419078.922465,80757348.18878251,90149337.67172506,83424766.33116004,89070414.46969752,78542523.61285004,91414324.85239506,80408289.00935003,89543641.49205509,87545855.641595,90102863.70891508,82903332.99098507,80682947.28718506,87259358.37680757,99991744.70465516,87259715.61665256,85905639.92728503,96445344.74810015,96429072.72999758,79093127.70424002,91334750.86915508,80732222.0986526,93644793.00179008,98330831.90012015,86860686.16401257,85065715.43862757,81789158.98717253,87482047.09761752,97013119.65554255,87338278.44414258,81738470.83257006,93528632.92107753,91102359.63407508,82647159.29535003,89357521.99741258,81785155.40262759,89626481.92418505,80614899.97917505,90357603.72063002,89659547.44754255,102211380.62302008,98566912.5418076
2020-10-23,108531783.39864257,100579456.21955757,84518156.6018576,91312161.27880502,93699109.02619258,79432398.44169508,94250273.25821508,99632465.33141008,86981551.80984254,97392078.922465,80909447.93678251,90381337.67172506,83883766.33116004,90686414.46969752,78826523.61285004,91474324.85239506,81362289.00935003,89946641.49205509,88515855.641595,90628863.70891508,83551332.99098507,81184947.28718506,87822358.37680757,100365455.13965516,87267715.61665256,86210639.92728503,96855344.74810015,96334072.72999758,79376127.70424002,91888750.86915508,80919222.0986526,94497793.00179008,98765382.71512015,87444686.16401257,85893715.43862757,82118512.20617253,87701047.09761752,96835119.65554255,87358151.55414258,81555470.83257006,93909155.04207753,91838359.63407508,83152159.29535003,90323521.99741258,82250155.40262759,89580481.92418505,81223899.97917505,91355603.72063002,90027547.44754255,103234168.48052008,98556912.5418076
2020-10-26,106853474.70898508,98895456.21955757,83150156.6018576,89896161.27880502,92917109.02619258,77589398.44169508,92662273.25821508,98226465.33141008,85950551.80984254,95818224.850965,79487447.93678251,88738337.67172506,82368766.33116004,89837414.46969752,77580523.61285004,89622324.85239506,79934289.00935003,88178641.49205509,88267363.68759501,89064863.70891508,82944332.99098507,79736947.28718506,86321358.37680757,98499455.13965516,85684829.39590757,84746639.92728503,95283344.74810015,94188433.88899758,78012127.70424002,91030750.86915508,79776222.0986526,92175793.00179008,96155382.71512015,85673304.51553255,84259715.43862757,80179512.20617253,86215047.09761752,94838051.15654255,85831151.55414258,79829470.83257006,92505155.04207753,90223359.63407508,82279159.29535003,89587521.99741258,79751155.40262759,87518481.92418505,79894899.97917505,89664603.72063002,88325380.36335255,101735168.48052008,96214840.3323076
2020-10-27,105897190.74159756,97635958.90055758,82634156.6018576,89238673.50180502,92826162.82669258,76337287.78500758,91205498.64266509,97583894.51641008,85158918.07884255,94355872.66249,78689650.0922825,87542606.44419006,81680602.58150004,89224451.83769752,76510405.02350004,87986106.64176756,78991170.32135002,87026750.00705509,87695401.71059501,88462668.18109007,82512332.99098507,78827772.11218506,85647617.56640758,98019396.04257515,84456755.64090505,83543727.93464503,93853359.20155016,93362174.68949758,77446243.12359503,90275597.43104258,79389805.5746526,91058000.01156007,95260994.69212015,83957399.33767006,83546169.84362757,79593126.63747753,85361779.05390252,92984436.01111256,84759570.40514259,79256112.33097005,91221164.29354253,89189302.11627507,81671357.64785002,89103878.37441258,78963615.70462757,86837649.23868506,79150986.59129754,88849514.23413002,87358924.18624005,101308159.75702009,95456276.1248076
2020-10-28,104147502.19909757,95718507.57183507,81173979.1356576,87327567.18080501,90557840.34469259,75270569.90079509,89539145.8431651,95809477.95841008,83118736.77779256,92148132.46801999,77258015.66922751,86047648.00007507,80236505.24138004,88664459.93269752,74231613.10437505,86893317.17076756,77770349.62085003,85064931.6235551,86236992.04315501,86925421.55973506,81264090.07276008,77542358.15118507,83650447.46940757,96915284.97735015,83521449.40090506,82185675.78264503,91473144.19817515,91330528.30385758,76111407.74209502,88701735.20350258,78454030.3104526,88481258.17556007,92366256.24962015,82191045.11367007,81426889.31750257,78574428.66897753,83572457.08140253,91418297.12807757,82604572.9650476,78103936.51692006,89271703.07154253,87583880.77627507,80756583.67827003,86711842.36091258,78722750.26712759,85785931.32068506,77866317.67767754,87596875.91063002,85789434.30024005,98974973.58802009,93862770.9263076
2020-10-29,103464849.30409758,95171883.69433507,80767213.8031576,86889291.36176503,89756151.85015759,74520046.08327009,89175701.63316509,94892786.48635009,82618220.96029255,92193431.85302,77372343.47422752,85685184.20507507,79995759.53881253,87439177.57679252,73533495.26228505,86117911.02786255,77280088.67387003,84502122.01605509,85703477.805655,86436384.82223508,80681414.51026008,77152538.49118507,82968883.88372508,96864290.57235014,83589339.99340506,81862654.77014503,90986534.05067515,91019290.57635757,75521000.52155504,88170146.79350257,78226184.0704526,87729365.68806008,91587781.54462016,81520081.58867006,80791104.73610757,78466978.75124253,83089508.94640252,91265275.39057755,82247365.40025258,78066405.90692006,88992491.19904253,86827359.18127507,79641680.93327004,86193992.46571758,78529924.15712759,84878357.07523006,77529209.85017754,86448428.82563002,85655311.33150755,98164814.54052009,92932356.7417476
2020-10-30,103539849.30409758,95614007.19433507,80724744.4381576,87089786.45176502,89807309.84276758,74739046.08327009,89187436.2631651,95066052.73635009,82459794.86544006,92276731.99079499,77347343.47422752,85537759.55392757,79972759.53881253,87458912.20679252,73327887.11077255,86252108.84027755,77292331.08855754,84872824.0285551,85881165.82815501,86569651.07223508,80798211.39526008,77033273.12118506,83228883.88372508,96668679.06560515,83547274.74131507,81977043.26340003,91161534.05067515,91132280.74886757,75384230.78897002,88008453.66298008,78234184.0704526,87899365.68806008,92159905.04462016,81729081.58867006,81065548.20436257,78427913.49915254,83175508.94640252,90960524.42240755,82388296.96266758,77949960.29910755,89056491.19904253,87195889.81627508,79734947.18327004,86269992.46571758,78778924.15712759,85033310.90773006,77344876.04259254,86535361.10554503,85793311.33150755,98010128.31117259,93042356.7417476
2020-11-02,103522170.10509758,95662570.75143507,80698918.5551576,87274938.95076501,89879077.71076758,75775282.13777009,90088675.62216511,95100926.96885009,82425232.38123006,92897148.95629498,77655092.53022751,85983936.42421757,80028807.17781253,88546627.45079252,73379113.45477255,87133324.98427755,77953181.38217004,86357803.90555508,86238968.71715501,87512201.81723508,80918307.55976008,77534572.50718507,83905404.61072508,96743714.00310515,84198823.07731506,82008856.75840002,92142686.54967515,91870158.68286759,75649594.41997002,88202481.68698008,78737624.6479526,88619012.88406007,92365782.97862016,81651289.58037007,81393015.69836256,78399789.53165254,83364638.38069251,91118656.30940756,83188972.78266758,78759664.13410756,90132927.47504252,88237777.15627508,80640634.00627002,86180000.47771758,79932663.80712758,85582272.49873006,77587590.07759254,88057804.88604504,85900199.27150756,98587347.64917259,93720204.6667476
2020-11-03,103029088.17359757,95956032.65143508,81068554.1571576,88179542.13476501,90488303.06676757,76364081.02977009,91133402.57966511,95388869.8583501,82882099.32123005,93116831.689795,77717819.18322751,85816982.37371758,80786946.07981253,89004557.82379252,73748969.77977255,87264698.12277755,78021867.70667003,87362348.65055509,86452584.70415501,88326653.00973508,81180221.42826009,77814254.33618507,84129154.08172508,97413783.36160515,85109162.80081506,81900717.39390004,93123726.19467516,92797237.25336757,75771071.21847002,88183608.98598008,79482624.6479526,89405819.88956007,92627641.31562015,82123721.85937005,82559203.53186256,78928499.97565253,83716972.99969253,91249534.75990756,83652640.20266758,79909918.79760756,90931044.16804253,88514286.88027509,80577697.65127003,86467080.84821758,80907663.80712758,86235591.50873007,77850400.17559254,88958066.05704504,86260279.73450756,99252962.24217258,95224846.6747476
2020-11-04,103269435.90909758,96575832.35543507,81703268.5981576,89789141.10076502,90610849.91626757,77459357.9022701,92071840.24966511,96686580.2008501,83142568.02423005,95459867.91979499,78254819.18322751,86683480.29171757,82027946.07981253,90890557.82379252,73642086.56527255,89901090.17477755,78510977.57867004,87585348.65055509,87133079.81615502,88982779.69973508,82071150.59226008,78812254.33618507,85086154.08172508,97843783.36160515,85674293.38631506,82510646.55790003,93893912.51467516,93663323.51336758,76526812.76997001,88739641.21898007,80401624.6479526,89504467.59306008,92635415.80162016,82370419.68537006,83308579.16286257,79062875.60665253,84011067.47469252,92159099.21240756,84169640.20266758,80674918.79760756,91286044.16804253,88663286.88027509,81855113.12127003,86966527.73021759,81863663.80712758,86575874.68573007,78888600.60909253,90222182.93504503,86875279.73450756,99377197.39217259,95864846.6747476
2020-11-05,102998115.72609758,96663832.35543507,81235268.5981576,88513141.10076502,90885849.91626757,76777357.9022701,91491840.24966511,96384580.2008501,82406568.02423005,94452867.91979499,77967819.18322751,85921480.29171757,80977946.07981253,89477557.82379252,73486480.21427254,89225090.17477755,78328977.57867004,87427348.65055509,86694079.81615502,88320779.69973508,82120150.59226008,78372254.33618507,84310154.08172508,97605783.36160515,85093293.38631506,82177646.55790003,93477912.51467516,92765323.51336758,76109812.76997001,88824641.21898007,79975624.6479526,89273467.59306008,92404415.80162016,82374419.68537006,82923579.16286257,79200875.60665253,83878067.47469252,90911041.58540756,83702640.20266758,80198918.79760756,91029044.16804253,88771286.88027509,81620631.43927003,86615527.73021759,81079663.80712758,86509874.68573007,78087968.44909254,89354894.57004504,86511279.73450756,99497197.39217259,95584846.6747476
2020-11-06,104912115.72609758,96521832.35543507,81133268.5981576,89049141.10076502,90707849.91626757,77787357.9022701,92087840.24966511,96830580.2008501,82906568.02423005,94666867.91979499,77679819.18322751,86535480.29171757,81134946.07981253,90203557.82379252,73748480.21427254,90414090.17477755,78252977.57867004,87953348.65055509,86881079.81615502,89315779.69973508,82096150.59226008,78230254.33618507,84638154.08172508,98168783.36160515,85305293.38631506,82035646.55790003,93829750.24468017,93966323.51336758,76679812.76997001,89046641.21898007,80324624.6479526,89929467.59306008,92516415.80162016,82921419.68537006,83281579.16286257,78976875.60665253,83850067.47469252,91969041.58540756,83827477.93267259,80770918.79760756,91272044.16804253,89085286.88027509,82354631.43927003,86449527.73021759,81671663.80712758,86602874.68573007,78317183.88259253,90485894.57004504,86584279.73450756,99764197.39217259,96092846.6747476
2020-11-09,106168115.72609758,98353832.35543507,81848268.5981576,90143141.10076502,92082849.91626757,79356357.9022701,93336840.24966511,97838580.2008501,84245568.02423005,95768867.91979499,78084819.18322751,87390480.29171757,81757946.07981253,90531557.82379252,75263480.21427254,91709090.17477755,79535977.57867004,88887348.65055509,87354079.81615502,90871779.69973508,83165150.59226008,79670254.33618507,85684154.08172508,99871783.36160515,86358293.38631506,82459646.55790003,94411126.67868017,95588323.51336758,77091812.76997001,89894641.21898007,81353624.6479526,92340467.59306008,93644415.80162016,84496419.68537006,85027579.16286257,79593875.60665253,85614067.47469252,92893041.58540756,85063183.26317258,82731918.79760756,92638044.16804253,90444286.88027509,83268631.43927003,87758527.73021759,82602663.80712758,88201874.68573007,79204183.88259253,92020894.57004504,88329279.73450756,101210197.39217259,97922846.6747476
2020-11-10,104626115.72609758,99612832.35543507,81899336.5631576,89432659.24048002,92218849.91626757,78393357.9022701,92873840.24966511,97407580.2008501,84756568.02423005,94342784.197795,78056071.16072752,87496480.29171757,82044946.07981253,90268557.82379252,75382480.21427254,91213090.17477755,79842441.07454503,89026348.65055509,87667079.81615502,91356904.20223507,83141150.59226008,79858969.09118506,85673154.08172508,99554471.85797265,86045293.38631506,82444646.55790003,93738126.67868017,95710323.51336758,76513284.27947003,89291355.16819508,81136081.6779526,91874467.59306008,93717752.33162016,84176419.68537006,85764579.16286257,79498875.60665253,85439067.47469252,92148875.31390756,84939183.89067258,82559918.79760756,92290694.28725752,89570286.88027509,81830631.43927003,87660843.63590759,81944395.37112758,88542602.04973006,78614183.88259253,92008894.57004504,88325279.73450756,100862197.39217259,97766114.9627476
2020-11-11,105143115.72609758,100379832.35543507,81990950.1601576,89694667.25248002,92187849.91626757,78644357.9022701,93481840.24966511,97963237.85035011,85591568.02423005,94312784.197795,78232071.16072752,87838480.29171757,82753946.07981253,91319922.37929252,75397480.21427254,91318090.17477755,80132610.38254504,89583348.65055509,88171140.65935001,91905904.20223507,83042150.59226008,80571969.09118506,85675897.42322508,100259465.35847266,86842892.60881506,83502640.98290004,94061047.51668017,96990323.51336758,76781265.43447003,89201455.64319508,81539081.6779526,92866674.87706007,93875752.33162016,83949419.68537006,86667579.16286257,80043875.60665253,86223067.47469252,92987875.31390756,85217183.89067258,83189918.79760756,93167193.53425753,89997152.74027508,81486817.12327003,87746133.71740758,82613395.37112758,89299602.04973006,78817183.88259253,92919894.57004504,89011300.87300757,101714197.39217259,98479393.68574761
2020-11-12,105857115.72609758,100330832.35543507,82418950.1601576,90979760.41498002,92687849.91626757,79384357.9022701,94173710.18566512,98470237.85035011,85813568.02423005,95146030.072565,78736472.91422752,87797480.29171757,82979946.07981253,91982532.55129252,75776480.21427254,91431090.17477755,80528610.38254504,89987348.65055509,88101987.97535,92652904.20223507,84020150.59226008,81248969.09118506,86676897.42322508,101147465.35847266,87007892.60881506,83536640.98290004,94343047.51668017,96944323.51336758,76995265.43447003,89867455.64319508,81237081.6779526,93306674.87706007,94942752.33162016,85312419.68537006,87299579.16286257,80261875.60665253,86804067.47469252,93725875.31390756,85682183.89067258,84351918.79760756,93946258.73730753,90020152.74027508,81439817.12327003,88394133.71740758,82586395.37112758,89338602.04973006,78985183.88259253,92307894.57004504,89581300.87300757,101778770.25267258,98480393.68574761
2020-11-13,106011688.38009758,100854832.35543507,83013950.1601576,91839705.78798002,93478849.91626757,79434311.08527009,95053710.18566512,99215237.85035011,86297568.02423005,96208975.445565,79634472.91422752,88433728.90621758,83205617.32181253,93025400.41129252,75792480.21427254,91961097.50477755,81052610.38254504,90279348.65055509,88713987.97535,93297904.20223507,84657150.59226008,82064969.09118506,87337897.42322508,101824465.35847266,87866892.60881506,84413640.98290004,95470047.51668017,97459614.62536758,78016358.86847003,90394960.86469509,81616085.3279526,93186674.87706007,96056752.33162016,85478419.68537006,87387579.16286257,80675875.60665253,87827067.47469252,94774931.40040757,86310183.89067258,84804918.79760756,94671603.25180753,90485152.74027508,81563906.71227004,89519133.71740758,83601725.92112759,89387602.04973006,79781627.52659254,92903610.42454503,90239300.87300757,102024770.25267258,98934393.68574761
2020-11-16,104275119.87296008,99671832.35543507,81962950.1601576,90427705.78798002,92191126.19026758,78175311.08527009,93668710.18566512,97893237.85035011,85731568.02423005,94681764.566065,78929472.91422752,87573102.44821757,82118617.32181253,91641400.41129252,74063480.21427254,90716097.50477755,79686610.38254504,89743348.65055509,87342451.67874001,92429558.10123508,83015467.19326007,81220739.27968507,86659897.42322508,100957465.35847266,87201892.60881506,83531640.98290004,94590047.51668017,96443614.62536758,77583358.86847003,89960960.86469509,80314085.3279526,91545734.85135007,95010812.30591016,83688479.65966006,85930579.16286257,79292014.87304254,87087531.17808253,93775931.40040757,85550183.89067258,83909918.79760756,93585603.25180753,89445152.74027508,80301473.26177004,89047193.69169758,82895725.92112759,89143602.04973006,78745627.52659254,91772874.29254504,89150300.87300757,101214770.25267258,97995979.4571676
2020-11-17,107756119.87296008,100955460.09693508,83906950.1601576,92789705.78798002,93071584.38526759,80299086.71077009,95265710.18566512,100036237.85035011,87467568.02423005,96008764.566065,80370472.91422752,89193102.44821757,84183617.32181253,93777400.41129252,75267760.22827256,91915275.47477755,81002956.55304503,91282017.5715551,88940063.85374,94987558.10123508,84136962.25376008,82915739.27968507,88461897.42322508,103889465.35847266,88683892.60881506,85182640.98290004,96464047.51668017,98800202.94286758,79322358.86847003,90996960.86469509,81953312.8204526,93310229.91185006,95907710.25191016,85320717.47166006,87603493.87536256,80200076.33554253,88688343.47308253,96141931.40040757,87866183.89067258,85687918.79760756,95753603.25180753,90356134.99327508,81436920.24177003,90287604.44519758,84329725.92112759,90697602.04973006,79782627.52659254,93974528.80454504,90961076.70150755,102811770.25267258,99537437.6521676
2020-11-18,108674466.99046008,101605460.09693508,84639950.1601576,94659705.78798002,92959584.38526759,81891086.71077009,95756710.18566512,100492237.85035011,87963568.02423005,96032764.566065,80926472.91422752,90009102.44821757,85456617.32181253,94498400.41129252,76186950.74827255,93673275.47477755,81742956.55304503,91452017.5715551,88929063.85374,95875558.10123508,84625962.25376008,83259739.27968507,88557897.42322508,106206465.35847266,89508892.60881506,85461640.98290004,96951047.51668017,99465202.94286758,79982358.86847003,91707960.86469509,82512682.2484526,94518385.30935007,96352710.25191016,86004717.47166006,89069493.87536256,80300076.33554253,89440343.47308253,97332931.40040757,88555183.89067258,87011918.79760756,96335603.25180753,90294134.99327508,81850694.91277003,90923604.44519758,84776725.92112759,91716602.04973006,80651627.52659254,94575528.80454504,92381076.70150755,103293770.25267258,100229375.0221676
2020-11-19,108990466.99046008,101977460.09693508,85426950.1601576,95035705.78798002,94077584.38526759,82623086.71077009,96859710.18566512,101119237.85035011,89009568.02423005,97089764.566065,81012472.91422752,91023102.44821757,86503617.32181253,95130400.41129252,76728950.74827255,93646275.47477755,82868956.55304503,91325017.5715551,89531063.85374,96332558.10123508,84753962.25376008,83798739.27968507,89165897.42322508,107007465.35847266,90190892.60881506,85817640.98290004,97042047.51668017,99619202.94286758,80316358.86847003,91849960.86469509,82902682.2484526,95756385.30935007,97231710.25191016,87421717.47166006,90110493.87536256,80815076.33554253,89817343.47308253,98191931.40040757,89437183.89067258,87507918.79760756,97102603.25180753,90387134.99327508,82001694.91277003,91491604.44519758,85606725.92112759,92354602.04973006,80973627.52659254,94725528.80454504,92531076.70150755,103915770.25267258,101159375.0221676
2020-11-20,108797466.99046008,102850460.09693508,86569950.1601576,96131705.78798002,95376584.38526759,83272086.71077009,97350710.18566512,101376237.85035011,89524568.02423005,98635764.566065,81552472.91422752,92090102.44821757,86928617.32181253,96236400.41129252,77179950.74827255,95391275.47477755,83478956.55304503,91622017.5715551,90396063.85374,96657558.10123508,86590962.25376008,83849739.27968507,89730897.42322508,107711465.35847266,91383892.60881506,86451640.98290004,98607047.51668017,99565202.94286758,81416358.86847003,93134960.86469509,83846682.2484526,95803385.30935007,98332710.25191016,88027717.47166006,90909493.87536256,81971076.33554253,90056343.47308253,98497931.40040757,91037183.89067258,87985918.79760756,97392603.25180753,91736134.99327508,83661694.91277003,91260604.44519758,86616725.92112759,92772602.04973006,81978627.52659254,95580528.80454504,92469076.70150755,105769770.25267258,100908375.0221676
2020-11-23,108913466.99046008,103117460.09693508,86954950.1601576,95515705.78798002,96018584.38526759,83794086.71077009,97257710.18566512,101577237.85035011,90412568.02423005,99048764.566065,82274472.91422752,92847102.44821757,87442617.32181253,96244400.41129252,77882950.74827255,95066275.47477755,83752956.55304503,91750017.5715551,90575063.85374,95987558.10123508,86794962.25376008,83894739.27968507,90231897.42322508,107785465.35847266,91614892.60881506,86682640.98290004,99107047.51668017,99213202.94286758,82107358.86847003,93401960.86469509,84260682.2484526,95942385.30935007,98958710.25191016,87819717.47166006,91192493.87536256,82326076.33554253,89958343.47308253,98708931.40040757,91622183.89067258,88270918.79760756,97117603.25180753,91992134.99327508,84389694.91277003,91646604.44519758,87087725.92112759,93333602.04973006,82291627.52659254,95544528.80454504,93270076.70150755,105995770.25267258,100940375.0221676
2020-11-24,108378929.58796008,103359460.09693508,87060950.1601576,95275705.78798002,95547584.38526759,84741086.71077009,97009174.86466512,101515237.85035011,90188165.46273005,98611764.566065,82137472.91422752,92619102.44821757,87478617.32181253,95933400.41129252,78421950.74827255,93941275.47477755,84257956.55304503,91436913.1085551,90212063.85374,95366073.41023508,85813962.25376008,84561739.27968507,90198897.42322508,107812246.24647266,91819348.48181507,86457640.98290004,98006360.62418017,99514202.94286758,81416647.50097002,92660960.86469509,83637945.0859526,96777221.12885007,98169710.25191016,88258717.47166006,91768493.87536256,82462076.33554253,90614343.47308253,98076497.83790757,91330484.67067258,88847789.49960756,97529939.47280753,92446134.99327508,83822694.91277003,91285604.44519758,87956725.92112759,94332308.07273006,81780627.52659254,95842226.12304504,93683076.70150755,106423170.31267259,100694489.8096676
2020-11-25,108286929.58796008,104288460.09693508,87125950.1601576,96117705.78798002,95472584.38526759,85173086.71077009,96583174.86466512,101988237.85035011,89315165.46273005,98878764.566065,82326472.91422752,92160102.44821757,87706617.32181253,95731400.41129252,77914950.74827255,94751275.47477755,84276956.55304503,91925913.1085551,90825063.85374,95832073.41023508,85955962.25376008,84546739.27968507,90409897.42322508,107579246.24647266,91227348.48181507,86540640.98290004,98434360.62418017,100054202.94286758,80927647.50097002,93765960.86469509,83072945.0859526,96947221.12885007,98643710.25191016,88806717.47166006,91913493.87536256,82549076.33554253,90287343.47308253,98014497.83790757,92170484.67067258,88791789.49960756,98175939.47280753,93337134.99327508,84383694.91277003,91610604.44519758,86788725.92112759,95131308.07273006,81833627.52659254,96689226.12304504,93957076.70150755,107533170.31267259,101115489.8096676
2020-11-26,108829201.95796008,104163754.21616007,87594950.1601576,96866498.70102501,95773584.38526759,85580776.21681508,96451174.86466512,102295531.9695751,89164133.14823005,100147557.47911,82488472.91422752,92600125.59221758,87697480.06796253,95798400.41129252,77737405.99827255,95478275.47477755,84485956.55304503,93235913.1085551,92130897.68183501,97124073.41023508,86319962.25376008,84720739.27968507,91066897.42322508,107796593.73447266,90809918.85431506,86852474.81099503,99964727.07368016,101233202.94286758,81502725.57647002,95138960.86469509,82904854.5151026,96570221.12885007,99882710.25191016,88981635.23975506,92106493.87536256,82955076.33554253,90355343.47308253,98690741.81540756,93197896.14717259,88952789.49960756,98453939.47280753,94685134.99327508,85261694.91277003,91888146.44639759,86408004.73612759,95433308.07273006,82014627.52659254,97635226.12304504,94327076.70150755,108142170.31267259,101511489.8096676
2020-11-27,109489201.95796008,104587619.14416008,88033950.1601576,97378165.30902502,96418584.38526759,86398433.41881509,97309174.86466512,102795717.6895751,89913133.14823005,100817356.66661,82589472.91422752,93484125.59221758,88242713.21496253,96036400.41129252,77903405.99827255,95850275.47477755,85125956.55304503,92811913.1085551,91993113.11533502,97133073.41023508,86519962.25376008,85143739.27968507,91420897.42322508,108441593.73447266,91337918.85431506,86796247.68199503,99406727.07368016,101204202.94286758,81207725.57647002,95951960.86469509,83343267.7701026,97531221.12885007,100133710.25191016,89550872.18975505,92651493.87536256,83133076.33554253,91229343.47308253,98735741.81540756,93420896.14717259,90043789.49960756,99410939.47280753,94879134.99327508,85658694.91277003,92595659.16139759,87160062.07662758,96154308.07273006,82217627.52659254,97296226.12304504,94812076.70150755,108923170.31267259,102162489.8096676
2020-11-30,108537201.95796008,103793619.14416008,87368950.1601576,97038165.30902502,96020584.38526759,86021433.41881509,96194174.86466512,101484717.6895751,90117133.14823005,99726356.66661,82249472.91422752,92935125.59221758,87572713.21496253,94709400.41129252,77896405.99827255,94759275.47477755,84246956.55304503,92061913.1085551,90943113.11533502,95750073.41023508,86065962.25376008,84605739.27968507,90970897.42322508,108121593.73447266,90847918.85431506,86036247.68199503,98759727.07368016,100176202.94286758,80440725.57647002,95376960.86469509,82263798.4055776,97626221.12885007,99902710.25191016,88893872.18975505,92860493.87536256,82311076.33554253,90875343.47308253,98411741.81540756,92629946.48590758,90032789.49960756,98268939.47280753,94245134.99327508,84900694.91277003,92960659.16139759,86168062.07662758,95678308.07273006,81839627.52659254,95896226.12304504,95299076.70150755,107925170.31267259,102100489.8096676
2020-12-01,109418605.85971008,104836619.14416008,87458968.1071576,98514165.30902502,96044584.38526759,87254355.4888151,96619126.20207511,102630717.6895751,90677133.14823005,99487356.66661,82812472.91422752,93325125.59221758,87659713.21496253,94938400.41129252,79026177.21577255,95232275.47477755,84513956.55304503,92707913.1085551,91753325.71783501,96426073.41023508,86256992.20976008,85079739.27968507,91352897.42322508,108854593.73447266,91508918.85431506,86939247.68199503,99546087.57568017,100796677.90486757,80568828.83247003,95753960.86469509,83121329.7295776,98509832.20635007,100363710.25191016,89225872.18975505,93716493.87536256,82473898.30054253,91816343.47308253,98969741.81540756,93069278.43090758,91246789.49960756,98699478.87380752,94788134.99327508,85100152.62527004,93687659.16139759,86884062.07662758,96070308.07273006,82653830.33809254,96395494.76204504,96993076.70150755,107897670.64667259,102808489.8096676
2020-12-02,109678171.20771009,105301619.14416008,87867968.1071576,98929165.30902502,96839584.38526759,87386922.6368151,96974184.34557511,102880717.6895751,91129133.14823005,100380356.66661,83158472.91422752,94207125.59221758,88057713.21496253,95253400.41129252,79128177.21577255,95671275.47477755,85007956.55304503,92335913.1085551,92190325.71783501,96779073.41023508,87002992.20976008,85211739.27968507,92053897.42322508,109520593.73447266,92237918.85431506,87018247.68199503,100141087.57568017,100791677.90486757,80655828.83247003,95356960.86469509,83750329.7295776,99330636.79385006,100575710.25191016,89784872.18975505,93576493.87536256,83007898.30054253,92391343.47308253,99576741.81540756,93292278.43090758,92003789.49960756,100010478.87380752,94317134.99327508,85838152.62527004,94354659.16139759,87603062.07662758,96025308.07273006,83038830.33809254,96465494.76204504,97065076.70150755,107524670.64667259,103627489.8096676
2020-12-03,110702171.20771009,106540619.14416008,88810968.1071576,99815165.30902502,96890584.38526759,88406306.67931509,97839184.34557511,103555717.6895751,91730133.14823005,102227356.66661,83953472.91422752,95608125.59221758,89277713.21496253,96120400.41129252,79442177.21577255,96236275.47477755,86374956.55304503,92563913.1085551,93932325.71783501,97096073.41023508,87292992.20976008,85617739.27968507,92238897.42322508,110814593.73447266,93326918.85431506,87950247.68199503,101090087.57568017,101270677.90486757,80814828.83247003,95761896.75269508,83939329.7295776,100494636.79385006,100999710.25191016,89537189.98650506,94630493.87536256,83251898.30054253,92587343.47308253,100926741.81540756,95012985.16690758,92511789.49960756,101124478.87380752,96343801.42077509,86628707.96977003,94748659.16139759,88361062.07662758,96524209.22423007,83445830.33809254,97423494.76204504,97541076.70150755,108199096.0456726,105065489.8096676
2020-12-04,112529171.20771009,106473619.14416008,89362968.1071576,100859165.30902502,96487584.38526759,89273306.67931509,99182184.34557511,103825717.6895751,92042133.14823005,103771356.66661,83746472.91422752,95177125.59221758,90228713.21496253,97577400.41129252,79753177.21577255,96235275.47477755,86415956.55304503,93433913.1085551,94223325.71783501,98724073.41023508,87188992.20976008,85221739.27968507,92622897.42322508,112318593.73447266,93098918.85431506,88544247.68199503,101252087.57568017,101706677.90486757,81429828.83247003,95772896.75269508,83979357.5945276,101218636.79385006,101473710.25191016,91060553.21150506,95995493.87536256,84173898.30054253,92242343.47308253,101545741.81540756,94335985.16690758,93740789.49960756,101811478.87380752,96434801.42077509,86586707.96977003,94445659.16139759,88543062.07662758,97058209.22423007,83389830.33809254,97633494.76204504,98213076.70150755,108891096.0456726,105692489.8096676
2020-12-07,112435171.20771009,107639619.14416008,89939968.1071576,102163165.30902502,97284584.38526759,90242306.67931509,99709184.34557511,104668717.6895751,92303133.14823005,103360479.74561,84368472.91422752,96273223.05621758,90859713.21496253,97958400.41129252,80108177.21577255,97219275.47477755,86701578.12304503,93894913.1085551,94455325.71783501,99201073.41023508,87605992.20976008,86980739.27968507,93459897.42322508,112940593.73447266,93283918.85431506,88973247.68199503,101664087.57568017,103222677.90486757,82309828.83247003,96754896.75269508,84158273.0510276,101632636.79385006,101522331.82191016,91556553.21150506,96023493.87536256,84493898.30054253,93581343.47308253,101688839.27940756,95345985.16690758,93600789.49960756,101528795.26980752,97268801.42077509,87291707.96977003,95501659.16139759,89388062.07662758,97593209.22423007,84374586.19509254,98099494.76204504,98629076.70150755,109049977.18067259,107016489.8096676
2020-12-08,112720171.20771009,108511619.14416008,90502968.1071576,102099165.30902502,97885584.38526759,90955306.67931509,99738184.34557511,104622717.6895751,92698133.14823005,103177387.06261,85385472.91422752,96224223.05621758,91001713.21496253,97614400.41129252,80181177.21577255,97622275.47477755,87436150.87404503,93934913.1085551,94150325.71783501,99835073.41023508,87980992.20976008,87495739.27968507,94485897.42322508,113412593.73447266,93426918.85431506,88937247.68199503,101614087.57568017,104049677.90486757,82952828.83247003,97332896.75269508,84031273.0510276,102290636.79385006,102016016.61591017,91601553.21150506,95724179.98736256,84410898.30054253,94480343.47308253,102355839.27940756,95322985.16690758,94193020.93860756,102014348.70080753,97596801.42077509,87637707.96977003,96686659.16139759,90082062.07662758,98643209.22423007,84462586.19509254,98381494.76204504,99595076.70150755,108847977.18067259,107624489.8096676
2020-12-09,113410171.20771009,109918619.14416008,91622968.1071576,102327165.30902502,99273584.38526759,91761306.67931509,100278184.34557511,105170717.6895751,93237133.14823005,103959387.06261,86882472.91422752,97043223.05621758,91556713.21496253,98566400.41129252,80553177.21577255,98330275.47477755,87798150.87404503,95080913.1085551,94678325.71783501,100646073.41023508,88819746.00626008,88657739.27968507,96453897.42322508,114169593.73447266,94400918.85431506,89667247.68199503,102216087.57568017,105559677.90486757,84312828.83247003,98497896.75269508,84519273.0510276,102920636.79385006,103593016.61591017,92444553.21150506,96216179.98736256,85098898.30054253,95801343.47308253,103421839.27940756,96627985.16690758,94936020.93860756,102873348.70080753,98029801.42077509,88431707.96977003,98238659.16139759,90673062.07662758,99930209.22423007,84866586.19509254,99648494.76204504,100213076.70150755,109376977.18067259,109262489.8096676
2020-12-10,110769171.20771009,108617619.14416008,90740968.1071576,100289165.30902502,98437584.38526759,89906306.67931509,98511184.34557511,103564717.6895751,91234133.14823005,102318387.06261,86382472.91422752,95443223.05621758,89176713.21496253,97455400.41129252,79348177.21577255,97351275.47477755,85759150.87404503,94221913.1085551,93221325.71783501,99504073.41023508,88104746.00626008,87758739.27968507,95425897.42322508,112458593.73447266,92987918.85431506,88806247.68199503,101009087.57568017,104414677.90486757,83644828.83247003,97861896.75269508,83218273.0510276,101167636.79385006,102986016.61591017,90695553.21150506,94096179.98736256,84577898.30054253,94659343.47308253,101403839.27940756,94894985.16690758,93470020.93860756,101495348.70080753,97013801.42077509,87451707.96977003,97232659.16139759,89870062.07662758,98967209.22423007,83455586.19509254,98222494.76204504,98665076.70150755,108524032.22128509,107579489.8096676
2020-12-11,112769252.1537101,110458619.14416008,92033968.1071576,101652542.98652501,99949015.08526759,91540849.8793151,99515184.34557511,105082839.8300751,92421648.87673005,104486387.06261,87210472.91422752,97424223.05621758,91226463.30396253,99323400.41129252,80319255.54277255,98727275.47477755,86774702.39846003,95419913.1085551,95019037.76533502,101031442.59023508,88634746.00626008,89139739.27968507,96776897.42322508,114985931.48947266,94455918.85431506,90198122.47999504,101882087.57568017,106651677.90486757,85345828.83247003,98527896.75269508,84818273.0510276,102436618.53285007,104059016.61591017,91996270.07950506,94941972.47936258,86027898.30054253,96672343.47308253,102807839.27940756,96374985.16690758,95017573.95060757,102494348.70080753,98195801.42077509,88821707.96977003,98683659.16139759,91734062.07662758,100211209.22423007,84613080.03809254,100014494.76204504,99899748.52150756,108938266.1712851,109649489.8096676
2020-12-14,115485252.1537101,113548619.14416008,94053968.1071576,104471542.98652501,101419015.08526759,94738356.9913151,101467184.34557511,106718839.8300751,93227648.87673005,106719387.06261,88749472.91422752,99555223.05621758,92617463.30396253,101347400.41129252,81724255.54277255,100170275.47477755,88539102.54596004,96523913.1085551,97222037.76533502,103627625.20873508,90042746.00626008,91165739.27968507,98221897.42322508,117751931.48947266,95686918.85431506,91978122.47999504,104270087.57568017,108901677.90486757,86721828.83247003,99802896.75269508,86661273.0510276,103775618.53285007,105174016.61591017,94239270.07950506,96690972.47936258,87823898.30054253,98594343.47308253,104419839.27940756,98092985.16690758,96154573.95060757,104460348.70080753,99598801.42077509,89775707.96977003,100692659.16139759,93953062.07662758,102040209.22423007,86271080.03809254,101584494.76204504,100995748.52150756,110547266.1712851,111239489.8096676
2020-12-15,115610252.1537101,113655619.14416008,93757968.1071576,105323542.98652501,102438015.08526759,94754356.9913151,101976184.34557511,105696839.8300751,93595648.87673005,107361387.06261,89188472.91422752,98968223.05621758,93311463.30396253,102424400.41129252,81388255.54277255,101191275.47477755,88762102.54596004,96490913.1085551,97326037.76533502,104520625.20873508,90804746.00626008,91178739.27968507,98753897.42322508,118463931.48947266,96012918.85431506,92656122.47999504,104802087.57568017,108922677.90486757,87065828.83247003,99782896.75269508,87682273.0510276,103595618.53285007,106014016.61591017,94589270.07950506,96440972.47936258,88314898.30054253,98165343.47308253,105215839.27940756,97406985.16690758,95971573.95060757,103732348.70080753,99524801.42077509,89012707.96977003,100785659.16139759,94757062.07662758,101891209.22423007,85825080.03809254,101211494.76204504,101124748.52150756,110972266.1712851,111093489.8096676
2020-12-16,116345252.1537101,115040619.14416008,94745968.1071576,106595542.98652501,103740015.08526759,96208356.9913151,102361184.34557511,106978839.8300751,94169648.87673005,108291387.06261,90007472.91422752,100054223.05621758,94224463.30396253,102943400.41129252,82445255.54277255,102195275.47477755,89606102.54596004,97932913.1085551,98937037.76533502,105519625.20873508,91910746.00626008,92688739.27968507,99656897.42322508,119991931.48947266,97603918.85431506,93816122.47999504,107132087.57568017,110636677.90486757,88240828.83247003,100834896.75269508,89101273.0510276,104551618.53285007,107460016.61591017,95759270.07950506,96998972.47936258,89339898.30054253,99645343.47308253,106226839.27940756,99189985.16690758,96944573.95060757,104614348.70080753,100958801.42077509,90218707.96977003,101971659.16139759,94789062.07662758,102447209.22423007,87030080.03809254,102868494.76204504,103828748.52150756,112690266.1712851,113329489.8096676
2020-12-17,115530252.1537101,114097619.14416008,93856968.1071576,106246542.98652501,102168015.08526759,96250356.9913151,101999184.34557511,106367839.8300751,93027648.87673005,108662387.06261,89329472.91422752,100258223.05621758,93532463.30396253,102853400.41129252,81653255.54277255,101733275.47477755,89089102.54596004,96795913.1085551,98867037.76533502,104601625.20873508,91634746.00626008,91993739.27968507,98426897.42322508,120802931.48947266,97339918.85431506,93650122.47999504,106537087.57568017,110150677.90486757,87978828.83247003,100265896.75269508,88732273.0510276,103975618.53285007,106971016.61591017,95289270.07950506,97247972.47936258,89014898.30054253,99288343.47308253,106199839.27940756,99610985.16690758,96018573.95060757,103534348.70080753,100626801.42077509,90022707.96977003,101939659.16139759,94445062.07662758,101786209.22423007,86781080.03809254,102139494.76204504,103210748.52150756,112298266.1712851,113333489.8096676
2020-12-18,118312252.1537101,115792619.14416008,95484011.9696576,108514162.26902501,103637162.29076758,99493356.9913151,102610184.34557511,108042839.8300751,93481648.87673005,110205387.06261,91113598.80622752,101966862.94271758,94728535.67496254,104742400.41129252,82252255.54277255,102980275.47477755,90195102.54596004,97524913.1085551,100950037.76533502,106737625.20873508,92687746.00626008,93820079.10068506,99960897.42322508,123458931.48947266,98954918.85431506,95462122.47999504,108023087.57568017,112373677.90486757,89580828.83247003,100866606.19569509,90804273.0510276,104516618.53285007,108312016.61591017,96724632.91250506,97555972.47936258,90813478.86554253,101047343.47308253,107272581.12740757,100952285.5639076,97060573.95060757,104000348.70080753,101239801.42077509,91166707.96977003,104124659.16139759,96524062.07662758,103195209.22423007,88189080.03809254,103082304.15854503,104680685.21150756,112984266.1712851,114636489.8096676
2020-12-21,120947252.1537101,118496619.14416008,97504539.4906576,111819162.26902501,105174162.29076758,103827356.9913151,103232184.34557511,109308839.8300751,94577648.87673005,112490387.06261,92449598.80622752,103643862.94271758,96712535.67496254,106262400.41129252,83209255.54277255,104484275.47477755,92378102.54596004,98511913.1085551,103148037.76533502,109209625.20873508,94189746.00626008,94959079.10068506,102380897.42322508,126843931.48947266,100188918.85431506,96856122.47999504,109641087.57568017,113893677.90486757,90681828.83247003,102238606.19569509,92073273.0510276,106140618.53285007,109561016.61591017,99486632.91250506,99718972.47936258,91968478.86554253,102158343.47308253,109451581.12740757,103254285.5639076,97960573.95060757,104915348.70080753,102403801.42077509,91488707.96977003,106709659.16139759,98109062.07662758,105312209.22423007,88704080.03809254,104798304.15854503,105432685.21150756,114377266.1712851,115941489.8096676
2020-12-22,123493252.1537101,120616619.14416008,98202539.4906576,114722162.26902501,105701162.29076758,107430356.9913151,105630476.31207511,111157839.8300751,95464648.87673005,116490387.06261,93620598.80622752,105361862.94271758,98560535.67496254,108611400.41129252,83458255.54277255,107287275.47477755,94919102.54596004,98746649.91805509,104964037.76533502,111586625.20873508,96403746.00626008,95912079.10068506,103829897.42322508,129832931.48947266,101907918.85431506,97497122.47999504,110670097.47268017,114968677.90486757,91468828.83247003,104120606.19569509,93423273.0510276,106686618.53285007,111025016.61591017,101773632.91250506,101294972.47936258,93654478.86554253,103069343.47308253,111309581.12740757,105152285.5639076,99828573.95060757,107227348.70080753,103609801.42077509,91974707.96977003,108244659.16139759,99645062.07662758,106473209.22423007,89613080.03809254,105852304.15854503,105616685.21150756,116536266.1712851,116413489.8096676
2020-12-23,121236252.1537101,119610301.58166008,98044539.4906576,112321162.26902501,105368162.29076758,105020356.9913151,105581476.31207511,110905839.8300751,95849457.98623005,115922387.06261,93241598.80622752,103758648.44021758,98733535.67496254,107606400.41129252,83235255.54277255,105863430.96227755,94486102.54596004,98604649.91805509,104075037.76533502,110117418.31223509,96690746.00626008,95205079.10068506,102679897.42322508,128242931.48947266,102666918.85431506,96792122.47999504,109876097.47268017,114541677.90486757,91070828.83247003,103038606.19569509,92197273.0510276,107241579.50335008,110214016.61591017,99776632.91250506,101204972.47936258,93335478.86554253,102647343.47308253,110538581.12740757,104657285.5639076,100199573.95060757,108781348.70080753,103683801.42077509,92573707.96977003,107039711.38589759,99298062.07662758,105804209.22423007,89172080.03809254,105734304.15854503,105314685.21150756,116478176.51178509,115876489.8096676
2020-12-24,120396518.9547101,117982301.58166008,97035539.4906576,111368259.94402502,103082731.89335008,103596945.1663151,103326476.31207511,109612839.8300751,94739457.98623005,114613902.37161,92179598.80622752,102588712.67921758,97995111.24996254,105939950.17729253,82341255.54277255,104877398.52627754,92977766.97154753,97371649.91805509,102799037.76533502,109053392.73323508,95649570.50126009,93844079.10068506,100683897.42322508,127089269.82797265,100929918.85431506,95212122.47999504,108981613.76668017,113868768.59486759,89829828.83247003,102062289.9462151,90203276.0395276,105767579.50335008,109442801.88691017,98629588.31850506,100109680.20386258,91864478.86554253,101167343.47308253,110097272.87890756,103936486.6839076,98564573.95060757,107166348.70080753,103103801.42077509,91558707.96977003,106163515.2688976,97576062.07662758,104419209.22423007,88175080.03809254,104683802.21125504,104076685.21150756,115057176.51178509,114082489.8096676
2020-12-25,122749829.77721009,118102917.93416008,97673022.9786576,111578453.54752502,104909494.49435009,103751778.1463151,104224839.73057511,110647399.4910751,95655691.30723006,117459089.72161001,92546038.89872752,104299712.67921758,99011481.16796254,107481749.46229252,83421255.54277255,105758747.08927755,94668016.85804753,98179599.4145551,104306132.66333503,110435648.55873509,96124236.79276009,95020220.64068507,101545081.72922508,129104462.18247266,101370671.79531507,96341739.53849503,110720613.76668017,116011768.59486759,91297606.63947003,103124571.14671509,91247015.2440276,107037238.45135008,110981164.80191018,100372010.00050506,101181260.26286258,93055661.39154252,102588474.80908252,112192142.84440756,104454310.13990758,100323759.66560756,108355873.58480753,104573573.10927507,92748259.37377003,107320394.64939758,98969781.54262759,104903375.19123007,89063080.03809254,105815144.32575503,105630685.21150756,115970398.5088051,115945909.44466761
2020-12-28,124068829.77721009,119990917.93416008,98639022.9786576,112228453.54752502,106887494.49435009,104923912.84831509,104527839.73057511,111491399.4910751,95939691.30723006,119398089.72161001,93326150.17372753,106102712.67921758,99867481.16796254,109480334.22229253,84392255.54277255,107717747.08927755,96216016.85804753,99687599.4145551,107044132.66333503,110992525.04505008,97244236.79276009,95600987.90868507,102935081.72922508,131900462.18247266,102515671.79531507,97931739.53849503,112498613.76668017,117553768.59486759,92049606.63947003,104631571.14671509,92317015.2440276,109818238.45135008,112409164.80191018,102023010.00050506,102255260.26286258,94216945.16854253,103290924.28508253,113656142.84440756,107127310.13990758,101241759.66560756,110399873.58480753,106900573.10927507,93650259.37377003,107954394.64939758,99304781.54262759,106769375.19123007,88972080.03809254,107841144.32575503,107442685.21150756,118684863.79680508,118507909.44466761
2020-12-29,124764829.77721009,120928917.93416008,99933022.9786576,113867453.54752502,109756494.49435009,106244912.84831509,107344839.73057511,112971399.4910751,97724691.30723006,121793089.72161001,94586150.17372753,106387712.67921758,100988481.16796254,111905334.22229253,85464255.54277255,110565747.08927755,96125016.85804753,101295599.4145551,108231132.66333503,111878859.05505009,99907236.79276009,96794987.90868507,105198081.72922508,135669462.18247265,103698671.79531507,99274739.53849503,113726613.76668017,119122768.59486759,93790606.63947003,106589571.14671509,93654015.2440276,112145238.45135008,114713164.80191018,103719010.00050506,103551260.26286258,95636945.16854253,104699924.28508253,114525142.84440756,108490310.13990758,103206759.66560756,113453873.58480753,107936573.10927507,94153259.37377003,109672394.64939758,100488781.54262759,108104375.19123007,89951080.03809254,109403144.32575503,109360685.21150756,120178863.79680508,120406909.44466761
2020-12-30,124170829.77721009,119727917.93416008,99700022.9786576,113389453.54752502,108934494.49435009,104932912.84831509,107771839.73057511,112190399.4910751,97874691.30723006,121418089.72161001,94392150.17372753,106297712.67921758,101103481.16796254,112012334.22229253,85241255.54277255,110012747.08927755,95058016.85804753,100713599.4145551,107527132.66333503,110629859.05505009,99457236.79276009,96517987.90868507,104332081.72922508,134992462.18247265,104152671.79531507,99893739.53849503,112877613.76668017,118832768.59486759,93437606.63947003,105748571.14671509,94045015.2440276,111509238.45135008,114048164.80191018,103073010.00050506,103372260.26286258,95777945.16854253,104581924.28508253,113688142.84440756,107300310.13990758,102985759.66560756,113317873.58480753,107148573.10927507,93779259.37377003,109158394.64939758,100255781.54262759,107638375.19123007,89708080.03809254,109367144.32575503,109480685.21150756,119921863.79680508,120388909.44466761
2020-12-31,125974829.77721009,119735917.93416008,99957022.9786576,114403453.54752502,109024494.49435009,105228281.91384009,107789839.73057511,113139399.4910751,98067691.30723006,122195089.72161001,94387150.17372753,107612712.67921758,101209481.16796254,112195334.22229253,85552255.54277255,109449747.08927755,95959016.85804753,100871599.4145551,108014132.66333503,111022859.05505009,100001236.79276009,97086987.90868507,104978081.72922508,135200462.18247265,104416671.79531507,100588739.53849503,113696613.76668017,120163768.59486759,94352606.63947003,105975571.14671509,94226015.2440276,111735238.45135008,113892164.80191018,103812010.00050506,103593260.26286258,95911945.16854253,105254924.28508253,114882142.84440756,108395310.13990758,103533759.66560756,113703873.58480753,107350573.10927507,95200259.37377003,110038394.64939758,100750781.54262759,108050375.19123007,90582080.03809254,109852144.32575503,110174685.21150756,120144863.79680508,121503909.44466761
