,strat,r0,r1,r2,r3,r4,r5,r6,r7,r8,r9,r10,r11,r12,r13,r14,r15,r16,r17,r18,r19,r20,r21,r22,r23,r24,r25,r26,r27,r28,r29,r30,r31,r32,r33,r34,r35,r36,r37,r38,r39,r40,r41,r42,r43,r44,r45,r46,r47,r48,r49
2018-01-02,100000000.0,100000000.0,100000000.0,100000000.0,100000000.0,100000000.0,100000000.0,100000000.0,100000000.0,100000000.0,100000000.0,100000000.0,100000000.0,100000000.0,100000000.0,100000000.0,100000000.0,100000000.0,100000000.0,100000000.0,100000000.0,100000000.0,100000000.0,100000000.0,100000000.0,100000000.0,100000000.0,100000000.0,100000000.0,100000000.0,100000000.0,100000000.0,100000000.0,100000000.0,100000000.0,100000000.0,100000000.0,100000000.0,100000000.0,100000000.0,100000000.0,100000000.0,100000000.0,100000000.0,100000000.0,100000000.0,100000000.0,100000000.0,100000000.0,100000000.0,100000000.0
2018-01-03,100575722.85000001,99745822.919,99824501.527,101012920.4775,100636155.0185,99972596.0675,100141569.66749999,100201258.28150001,100212508.8285,100435060.9585,100038185.332,99610598.18100001,100055731.66499999,100026674.73050001,100187200.544,100555651.017,100458032.233,99880124.40050001,99886667.92750001,99631220.65750001,100176802.8055,99563409.5625,100313533.945,100145976.212,100091805.30700001,101010621.396,100358364.54450001,100118391.85800001,100613992.91950002,99811630.802,99892251.968,100013735.16350001,100632616.58700001,100185776.48900001,100006878.4505,99844775.3815,100510151.31700002,100279247.47250001,99844154.71399999,100740555.05550002,100188422.07900001,100003120.9945,100063447.09400001,99815459.6015,100611648.211,99996578.16,99832522.13000001,99794235.6665,99624188.83950001,100324034.64199999,100173786.5965
2018-01-04,101151468.31500001,99940791.525,100281971.72549999,101566520.76300001,100941712.77849999,100669320.219,101300830.33999999,100707325.24000001,100695252.39199999,101096443.6135,100193586.993,100341675.34850001,100643127.42749998,100820072.99450001,100883089.102,100719266.31150001,101297558.775,100307629.42600001,100682053.08400002,100334404.78950001,100657573.193,99800442.40450001,101150764.0085,100657277.61,100436898.38800001,101931386.882,100783858.4655,100819904.59100002,101000348.75950003,100016350.255,100181061.67799999,100222321.73250002,101030648.7275,100454668.85000001,100562042.7735,100354739.58450001,101535538.27350001,100423625.1245,100371686.15749997,101454311.43100002,101038950.42100002,100705422.7985,101103346.35950002,100690409.49700001,101211483.0375,100623714.36649998,100819540.6645,100059774.6145,99994686.9605,100393278.31149998,100304690.26499999
2018-01-05,101293269.80100001,99591570.157,100518508.17899999,101181659.28150001,100072966.89099999,100422362.171,101016039.47799999,99760494.93800001,100307226.052,101052692.613,99553933.884,99957107.6285,99918668.87249999,100967708.66550002,100004586.93949999,100372640.95050001,100208795.32650001,99170853.35550001,100413897.40450004,99945101.10200003,100139588.4175,99571557.16550002,100738421.94299999,100078082.956,99474027.53350002,101176777.225,100414656.6275,101271831.62850001,99954725.50850002,98934502.308,100259146.4515,100172876.75050001,101048634.45250002,99522337.88400002,100392857.11050001,98966927.44550002,100864635.77150002,99840823.63950002,99126312.83599998,101089697.91500002,100831022.35600004,99641426.389,100330816.57600002,101015618.91800001,101475446.9125,99428325.85799998,101168728.155,99088997.74200001,99343806.459,99356779.2875,99805180.4855
2018-01-08,102339269.80100001,100382955.00400001,102158459.01949999,103103503.27850002,101258134.63299999,101211327.22800002,101112791.06649998,99692258.15600002,100757872.297,102071434.83400002,99124332.13250001,99964120.7905,100201077.19749999,101726271.96000002,100805848.0695,101748867.04100001,100493915.2425,99158642.19700003,100910828.91300005,100330870.69900003,101158158.9095,100060905.75800002,101781297.5075,101020582.56650001,100072768.89800002,103039542.7735,101781343.04850002,102243144.21350002,101683496.74150003,100781954.496,102347130.85749999,101475714.09,101680865.20850003,100362309.24400002,101179753.08200002,100202588.82850003,100103707.48100002,100892054.74300003,100381388.0885,101439790.77900001,101231066.10200003,100562135.49650002,100533512.15,102117017.38550001,102394732.22749999,100645316.34399998,101631118.85199998,99890949.081,100859296.07800001,100178238.221,101480964.13299999
2018-01-09,103199269.80100001,100239652.1665,102152502.36099999,103786773.97000003,102335953.6575,102933017.19050002,102003141.44749999,101100755.78400002,102082393.34200001,102158580.11350003,100934816.671,101182662.1985,101261976.35700001,101937139.20850003,102495841.50400001,102222783.44350001,101114628.84550002,99598563.06750004,101582538.29850003,101473246.43450004,102031509.74650002,100956888.75150003,102127515.3025,102278118.84899999,100044434.57600002,104354094.1,103040735.95000003,102912947.43800004,102907640.67200005,102792352.76550001,102866281.6805,102226311.21700001,102588711.39350003,102467759.16800003,100997555.08000001,101312371.89100003,101184637.92150003,102964788.82400003,101958625.43299998,103424157.38050002,102530792.55750003,101324022.53500003,102203941.576,102319454.45650002,102321471.73349999,101777529.44099998,102564007.08299999,100368397.66450003,103001855.685,100592920.08600001,102543636.3475
2018-01-10,104499615.61700001,100116318.51599999,102639862.52649999,104017906.31550004,103340177.56349999,103193285.08550002,101998454.64299998,101465602.65700002,102990116.40400001,102172625.46750003,101471400.10450001,101319761.871,100444912.95500001,102352532.57300004,103592670.2495,103343055.31800002,103163091.09450002,99450111.96500003,101640593.02550003,102708803.65200004,103431357.17450002,101536840.58350003,103099097.879,104129523.619,100043068.12400001,104802841.719,104071494.28800002,103858730.85000005,104647318.97250006,104092280.18550003,102353005.8905,103165827.30650002,104820922.79900002,103964186.57150003,102472675.576,101982374.01100002,101889186.45000002,104734112.05350004,102712567.15949997,104600383.23150003,103419921.37050003,102301601.01700002,102280756.347,101535856.10900003,101379839.118,102187722.4135,102904781.40749998,102760190.01150003,105142397.72550002,100515255.9775,103393595.66349998
2018-01-11,104774267.71450001,100856610.60099998,103427652.72399999,103966113.19650003,104739694.98599999,103991039.38550001,102701105.17599998,102238783.66150004,103529645.32650001,103648911.34050003,101418336.43400002,101844688.817,100330882.23250002,102445522.04450004,104987176.27000001,103958445.40650001,105861510.98250002,99774394.46050003,102540106.60050003,103606746.14750004,104936411.22050002,102401934.41900003,102586476.105,104565068.74150002,100460080.996,105884838.8545,105707114.84700002,104301157.11700004,106342494.58850005,105314252.32650001,103826274.678,103693812.01450002,105330293.18250003,103858577.89250004,103122403.8775,102267188.48200002,102197523.96750002,105034075.10650003,102837030.31349997,105433228.72200003,105231823.56050004,103350695.61250001,103120169.234,102044311.79800002,101316605.6525,102941079.05649999,103236285.08449998,104349524.80300003,106678411.41550002,100586147.2495,104311292.5155
2018-01-12,104967267.71450001,99848352.37449998,102935157.27849999,102724912.65100004,104125869.3985,102591036.45550004,102780188.7895,102488544.53500004,102988893.05700001,102831061.63950002,100015693.67300001,100867024.03999999,100433388.04750001,101715642.09100005,105171243.8375,102432031.10100003,102820633.61200002,98498872.85600004,101821047.04650004,103028814.60050003,104893176.93400002,102094747.83450003,100467040.326,103593252.9355,98656772.628,105914167.20749998,104451355.54450002,103299293.29350005,104575458.64300007,105083815.26550001,103863318.711,102657589.599,104507721.92200002,102936002.47400004,103212265.67200002,101688222.03850003,102118883.09050001,104527942.10900004,100726677.18249997,104477510.44700003,103443577.22150004,103310743.17700002,102349289.29800001,101038617.11300004,100870749.40450001,102242080.6545,102826836.46049997,103802815.12350002,106271272.333,99248405.59150001,103313689.1805
2018-01-15,105861152.65450002,99178007.78099999,104422803.1885,103807504.25900003,105109425.44849999,104072489.16800004,104509207.91349998,104043167.33900005,104629069.8235,103274824.69450003,101234365.91400002,100664949.07800001,100024232.12250002,101889296.27950004,106198820.44300002,101909561.64450003,102826619.99100003,98497092.01500005,102854861.82050005,103725759.29550004,105048916.83700003,102462316.62500003,101767626.7785,104913335.60750002,98293557.18050002,105649679.3615,104707023.02700002,102292158.60650006,105090616.87350006,106986386.84100002,105215589.91300002,103779192.05650002,105532965.46150002,103872182.37400004,104751792.46000002,102543794.63600004,102738715.40200001,104326753.65450005,100674193.39949997,104622382.90400001,104862559.67100003,104073201.58500004,103033165.38650002,102155845.90000004,101425930.158,102673294.115,102617231.83549997,104297417.79350002,107711549.762,99820754.01650003,104464309.5365
2018-01-16,105929152.65450002,98262399.47799999,104037825.4485,103996481.24500003,105269591.7735,105477314.28800005,104828945.01149999,102970674.23600006,105495306.85050002,104624072.06000003,101464138.96150002,102298800.7935,99634686.19450001,102670055.09450004,106822489.38900001,101895625.87300003,101764248.56000002,97269034.02800004,104399495.91800004,103518994.97300002,105292359.45500003,103356190.57050005,101692905.449,104644434.74350002,98789187.78000002,105991315.2495,105016337.70600003,103914216.29400006,105798256.84050006,107071288.61500002,106477934.04550001,103757148.79050002,105249676.79400003,103293728.54350005,105728007.93950002,102688357.70400003,102649343.36600003,104696421.10150005,101294576.25849998,104884151.96050003,104937156.06750005,104144308.55950004,102649854.164,101686941.30350003,101422194.596,102748380.25349998,103218006.94049996,104809195.33850002,108195864.3355,99836145.74600002,104129806.7565
2018-01-17,104256790.00200002,96192204.23799998,101747785.4335,102048199.64500004,103389591.7735,102570227.16400005,102196751.62149999,99641629.80600005,102435255.24450001,103084583.62100005,98401917.42150001,100256602.065,97925840.66900001,99549980.18950005,104212030.38800001,99159063.78250003,99741990.54000002,93806805.43500005,102610152.52900004,100678360.22100003,103712856.16900003,101166774.13050005,98851087.44000001,102629476.94250003,97101400.04700002,103389016.31549999,102327635.89600004,100528555.90750006,102967433.75300007,103403064.70950003,104159715.77050003,101994521.43450004,102880103.37950003,99990770.25800005,104607861.76800004,100083398.47650003,100604357.94250003,101571350.26100007,98711309.22449999,101628259.60000002,102440940.17050005,101748536.39500003,100143138.86450002,99198869.48700003,99256495.16600001,99335718.546,100491237.16449997,103190060.42950003,105880142.649,97853812.57750002,102227527.66300002
2018-01-18,104910790.00200002,95336252.05199999,101793372.33382002,102844558.16500004,104048871.05088249,101710844.89450005,101520660.68863499,99934926.58842757,103432449.67797501,104081419.03500006,99112677.401315,100631564.032,98942297.55387501,100569343.95497254,105270012.71400002,100245539.60400003,99424394.43979752,93565953.51938255,103375705.21100006,101756481.66337502,104382329.35182004,101848799.13300005,98832363.81300002,103198811.42350002,97394544.76550004,104130525.362,101947881.90550005,101406679.30400006,104444653.07538508,104769218.48300003,103899624.13882002,102511005.63950004,102741002.72750004,99768147.42400005,103453141.11000003,101310478.48800004,100821060.30788252,102231165.59650007,99679863.29902248,101332845.46452504,102900107.32900006,102105654.14750004,100225972.58450001,98919742.10631503,98910951.186,100852848.60300002,101065107.76788248,104645981.60650003,106001418.77000001,99101602.77750003,103315751.92250001
2018-01-19,104669790.00200002,95270302.49249998,102345919.73882002,103506587.39150004,104588207.4608825,101785557.39250006,101886116.487135,99428204.86642757,104679099.29597503,105256405.14750007,99093447.79531501,99234218.92450002,99609107.02587503,101203932.01247254,105815827.71350002,100302469.33000004,97812690.04779752,92298798.40938257,103493856.50600006,101923916.86637503,104848063.20832004,101798799.13300005,99387714.69450001,103312272.91250002,97255070.08300003,104355805.15,102329756.99550003,101321449.77750008,104331662.18388508,103775872.78500004,104089477.84532002,104129230.40050004,101861520.95700003,99849770.18100005,101964796.32400003,101161138.14500004,101081548.61688253,101583540.18600006,98980680.75052248,101768084.12902504,102926300.83950007,101787315.84900004,98260217.56250003,99730123.63981503,97118716.74900001,101310291.70400003,100124427.26238248,105091654.64050002,105255999.502,99288404.90300003,104324300.53800002
2018-01-22,108362790.00200002,98474277.1115,104722280.45282002,106053054.18650004,108458223.0788825,104683414.48550005,104824276.89463499,103059428.89292759,106512825.03397502,107714954.02400008,100693783.20331502,101087290.60050002,101415112.86587504,103666017.77247255,108013045.67550004,102758257.08800003,99687442.03629752,94298671.31638256,105467365.01450005,102655528.20987503,106974055.01882003,104811692.08300005,102389202.20350002,103548194.74050002,100108361.12900004,105772965.4255,105480470.29750004,104370853.59000006,107649784.56388508,105488802.05100003,106351659.59182003,107895892.10550004,103831175.29500005,100700161.48850006,103538229.20800003,103542820.53000003,103753279.75488253,103272843.75800006,100516665.12952249,103653245.44352505,104440947.28150007,104571127.53900003,99630545.37050003,102824161.47581504,97806359.582,102887836.26450002,102158903.19238248,107873645.04550003,107840463.1245,102548968.38300002,106846867.52100001
2018-01-23,109595790.00200002,99211849.2315,105877927.98482002,107167655.33050004,109592535.72888249,105171914.76350006,105371083.541135,102772721.77292758,107811707.45497502,108760401.25500008,100563053.42581503,100644275.8125,102206726.24437502,104085930.74197255,108733544.45150004,102069726.99450004,100715281.85429752,94720633.15938257,105979775.02250007,102549671.47487503,107886640.37882003,105786692.08300005,103212510.20300002,103783420.76300003,100593218.60700004,106078095.59800002,106314663.25900005,105352371.58800007,109007024.15288508,105911112.92050004,107151807.88832003,109189713.13450004,104339888.95850003,100566220.33300006,104039433.95950004,104436957.68100004,104250392.73388252,103236102.00300005,100835248.56952249,103540135.57552506,104899045.16100007,105051427.34650004,99947003.34350003,104008728.41881505,98454907.98050001,103394713.82550001,102719143.57538249,108290743.40450002,108307944.57050002,103663747.76300001,107728409.02000001
2018-01-24,108873873.86200002,98170381.9955,105065857.83132003,106324279.20600004,108810411.3273825,104721483.31450006,104159201.738635,102188916.7109276,107216387.75047503,107947939.75100009,99989394.76731503,100473112.45300001,101399334.77137503,103912683.83197255,108156386.37050004,101384113.81550004,100308245.64729752,94489358.17588258,105599997.95250008,102346032.84087504,107679231.45882003,105236156.77100006,102511968.32500003,103923453.65650003,100076485.57500005,105473441.40600002,105669418.17200005,105103184.69700009,108531556.47888508,105247794.73400006,106334789.83132002,108654508.52250004,103767342.62350003,100073493.23200008,103285540.15650004,104124291.83050005,103633202.58988252,102772556.65650007,100896566.23252249,103362749.69902508,104735045.72250009,104779440.79050004,99834239.67500004,103261049.77981505,98163897.01550001,103618629.27150002,102701080.6788825,107646558.28250003,108070391.63700002,103077537.74250002,107006142.49100003
2018-01-25,110265127.82400002,99986642.62849998,105303262.07882003,105234565.31450003,110218161.1863825,105957883.33800006,103521286.33263499,102965099.5419276,107896876.12597504,109921569.76300009,100505023.98031504,100870644.764,99972812.38637502,104028334.92997256,108702914.42550004,103121900.72950003,101531758.59229751,94850481.47388257,105557642.55150007,103381095.33937505,107946440.39382003,106293556.91850005,101970333.10350004,104109308.41300003,101136405.98850004,105870470.84200004,106750809.85700005,104502961.8120001,110409556.47888508,104251366.14450006,105323426.17732002,110415829.21700004,103312850.90400004,100760217.16850007,103868104.87700005,104063186.19200006,105704856.80088252,102589539.06350008,102426264.75302249,104688134.18252508,104879005.49100009,106652509.86800003,101999494.53050004,104483866.34081504,98551476.43650001,103793900.24900003,103585490.3338825,107299192.05000003,108475229.43300003,104513057.86050002,107388850.80350003
2018-01-26,110982138.75650002,100592635.611,104305360.23982003,106004192.40950005,110776449.6913825,105424999.75950007,104568145.439135,102229879.7874276,108066184.48397505,110169527.93150009,100162077.36281505,100196545.61550002,100755043.55187503,104584215.14097255,108123130.71600005,103861438.99850003,100817790.37479752,94557215.26088257,104728466.74750006,103555973.10187505,107728894.94232003,106541581.15100005,102372846.99900003,104021252.73300004,101560581.62900004,104894772.18600003,106025470.34700006,103954170.92150009,110827048.79638508,103592781.63700005,105854011.91432002,110914880.81200004,103884568.35500005,102617343.63000008,105771687.07500005,104053623.49450006,105922716.79038253,102344384.75350007,102488299.8000225,106286721.46552509,105006495.73200008,106229981.86250004,103080971.07450004,104419529.35481505,98658696.55150001,103213394.74800003,103763490.83588248,108388287.83200003,109512130.66850002,104557931.73750003,107847568.65500003
2018-01-29,111492786.71700002,101288067.8865,104285288.78482005,105082916.68450004,112090186.80138251,106084442.64500007,104531510.230635,101936625.8639276,107769766.89497505,109512499.0325001,99707881.67231506,101966937.65350002,100487470.22187503,103761979.62897256,108122744.78250006,103079512.63800004,100505912.48879752,94235225.99438259,104943597.63300008,101994034.67137505,107762066.25782004,106458835.07450007,101965403.19750004,104699933.46800002,101309132.26000005,104390467.95100003,107693324.25600007,104818598.71800008,112365448.52738509,104446512.29450007,104857576.30182001,111752261.63100004,104838426.59650007,103590939.01950009,106774623.49050006,105645926.21350005,106369907.58788253,103475005.77700007,102643794.21602249,106173613.8695251,104861916.65050009,107127119.19000006,103776728.78600004,104097032.40581505,100317777.84450002,101203528.40450005,104167826.85188249,107236042.09050004,108883747.40000004,103980242.01450002,109935114.69150002
2018-01-30,110298556.53390002,100261099.021,104195745.26682004,103374866.63820505,112724373.73888251,104942627.46450007,102878497.115845,102355570.27892761,108075799.00747505,109666774.9920001,100040606.00331506,101619826.41050003,99048244.54158002,103077966.69247255,109217726.07250005,104565888.23850006,99251160.55079752,94017176.12788258,104594575.44700009,102169169.11287506,108247602.64032003,108101186.60400006,101325242.06050004,104657102.98800004,100676816.66700006,103112533.88050005,106937321.13350007,104133039.1605001,111609716.90738508,104040906.39950007,103803361.76503001,110867803.98400003,103888301.61768508,104603331.70850009,107296418.51500005,104835484.26400006,106403014.88288254,103636142.58300008,103038863.6930225,106708203.09602511,104617376.21500011,107231970.82900006,102854424.48121005,104252034.92531505,101955476.78800002,100417760.30900005,104700941.56338249,108266540.54700005,108996867.40250003,103838183.30600002,109481768.51550004
2018-01-31,106820615.97890003,96217965.373,101147681.20296004,98991296.57920505,109110059.08388251,102071836.76127507,100190787.42569502,99099288.74842761,105282055.68297505,107829948.18500012,96955741.09881505,99137109.83700004,96970705.22108003,100101842.44647256,106347015.47600007,100917997.51650006,97874293.61039752,90850061.47188258,101918928.47300008,100202837.11703005,106446056.41232005,105493337.67850007,97850823.49914004,102079751.10050005,98684327.60200006,100026734.59613755,104910671.79600006,101182601.0505001,108792422.76438509,100874407.7890001,102133468.08903003,106038690.98800004,101401671.39168507,102909327.6645001,105477578.87100005,101435984.70450005,104085612.12765753,100879273.54365508,99272817.6000225,104649665.14602512,103768012.77450012,103432563.10250005,98603824.46871006,100451279.74531505,98721056.07400003,97595070.04850005,102102969.66438249,105483030.58150005,106842691.42500004,100245309.67100003,106243739.13950004
2018-02-01,103477615.97890003,93573961.916025,98268691.54096004,95305034.80570504,107627737.12544753,99914856.33977507,98548681.35162002,96235774.13727762,102077272.50297505,103976626.44250011,93893945.73231505,97109386.38786504,94786556.43358004,97154963.94407755,103944671.33500007,99092756.01394506,96132263.81858753,88616413.6043826,99588818.1405001,98256197.39103006,103495003.56532004,102232470.15806508,95553100.43564004,99095298.20588005,97090367.88913006,98655229.78263757,102466106.16238007,97443403.8850001,106419767.3202351,97655745.15300009,99891333.47353002,102749690.04836504,98902220.09868507,100404012.76450011,103489746.87600008,97705228.93379006,101113843.20365754,98916516.51015508,97282240.36571251,101294713.4550251,102298115.68845013,101587205.42224506,95890901.67808005,97470413.95284507,97118553.98550002,95344403.07559004,99455860.3243925,103559499.78500006,104331228.47150004,97139269.64501503,104100376.10450006
2018-02-02,105010370.81640002,93763751.2415025,99016293.72146004,96488691.37977004,107828797.68244752,101086419.46627507,98492475.13912001,96579948.18977763,103397191.52197506,103349814.46030012,95766413.16181506,97553651.21652004,96001468.50558004,97726772.53957756,104620285.82350008,99489034.46901007,96240836.77820504,89206536.0153501,99829043.4210001,98654565.73153006,103849308.67782006,102825847.50906508,96696346.28114003,98924264.01588006,95857934.13163006,98835243.77113757,102843593.05681507,97836441.8993001,106805499.6947351,98562517.09661758,100339878.11553003,103325002.37386504,99855215.48968506,101279731.7445001,105173826.68830007,98712196.87840757,102489449.06765753,99958847.16515508,96849778.18413001,100971333.78702512,101790686.47245012,102356736.51724505,97032580.66258006,97380475.39628007,97935378.06136003,95582226.86059004,99075645.58439249,103931186.49150005,104411255.72850004,97032242.08751503,105487253.80350006
2018-02-05,101257370.81640002,89552403.1085025,95010910.82646005,92203904.58532006,103626797.00188252,96120855.82577507,93997066.41575502,92172174.93827763,97874827.98897506,99020774.59367514,91243693.03631507,93528192.08452006,93012272.21891503,92815471.00457756,100025184.45063509,95012371.79542509,93136546.26075254,86009233.8848751,95602431.9395001,94581429.07653005,99315510.14682005,98968699.7301651,92915753.33257504,94611360.18488005,92211635.74863006,94465811.27063759,99921122.77631506,94344414.4083476,102050778.02823511,93787492.34425259,95413252.72253002,98541690.76636505,94621931.27668506,98453916.53550011,101978377.72480008,95715377.09690757,98996498.22115754,96155861.10015509,92950969.67263001,96792348.09502512,99140127.67995012,97720674.58074506,92574612.19708008,93782063.69978008,93474405.66536003,92219468.80009004,95207841.8588925,99406575.71100006,100913987.80550003,93012037.98601504,100599075.12400006
2018-02-06,97089363.50363003,86025096.74950251,91505721.88846005,89577069.63932005,99344042.55888255,91943670.14035007,90000084.73436002,90044352.69777763,92596117.87597507,96917751.67467514,87752819.06131506,90375039.64420006,90534282.96239755,89753394.19007756,96558907.96287759,92028498.80242509,90902857.78575253,84169833.93653262,91622153.46280259,91165789.11603007,94646193.05342506,95928283.26864758,90032481.07835503,90108208.81088006,88468429.46013007,91252824.33963759,97403455.27481507,90284784.8210876,98100150.2372351,91286730.02903008,90743787.48653002,94524825.51286505,89656536.82068506,95426798.87900011,99452066.14237508,93002169.32928756,95785127.21140003,92769225.58705258,89667205.02663001,93058037.67602514,95643618.31995013,94508583.43224506,89699807.70976758,89942099.43878007,89769584.10836253,89284038.78759004,93107079.00539249,95928473.73360506,96954339.64324254,88193481.07475753,97192699.59067756
2018-02-07,99274724.24513003,89297998.42891,92436818.13446005,90467924.63282007,100739422.90280755,90864730.47635007,91796789.20886004,92273283.60827763,95410588.39247507,99462541.93867514,89867895.31914008,92386262.58520006,91528926.71989754,91358499.06307755,98817331.08470258,93755306.81992508,92790686.56916004,84049568.03403261,93083617.0553026,92490977.47653006,95651796.12692505,97979315.42014758,90298325.27285503,90814567.55731258,89395353.63356255,91288004.2801376,98657380.49031508,92636522.4450876,99559570.54973511,91003393.6430301,93233471.89503002,97635803.51486506,91446986.16518506,95774697.4535001,99943822.92187509,94320102.74628758,96387542.89840004,93319538.62305257,90907993.69063002,92860667.64843264,95835684.19037512,96323062.60524507,91387850.62776758,92411775.03612006,92511103.46377003,91600426.50409004,94729857.33039251,98449080.81860507,97292975.95324257,88906471.85819003,99041874.71667756
2018-02-08,96637151.33913003,87678969.40941001,90288437.51996005,87654507.27382007,99619529.36930755,90052554.39235008,91096597.05686004,91050549.46627763,93569001.41397507,97293368.49017513,87796271.84464008,91376005.90670004,90512824.07939753,90396518.40807755,96753373.30270259,91340577.05592507,90996699.12516004,83074711.14603263,92965060.8968026,90960055.05253007,94107302.20142505,96483802.55764759,89318684.83285503,89450183.66131257,89893719.59956256,90269161.1196376,98098244.09281507,89923712.6625876,96832020.46173511,90793031.74653012,90994754.19653004,94997757.43686506,90942701.21468507,94098554.61050011,97416098.0323751,92819525.70078757,94359575.41990003,91772254.04655257,90125188.16913003,91919583.67943265,95268128.80037513,94385974.30024508,89526431.70926759,91188553.37712008,90161946.92227003,90407160.76409005,94756625.4328925,96750301.41860507,96637929.64724256,87850933.02619004,96165669.69717757
2018-02-09,95647093.72876003,87515647.19623002,88606654.91878006,86026730.45498008,97928902.97943756,89374053.29102758,89857382.52286005,90996148.98977764,91695874.13148758,95619773.25833514,86949970.00314008,89990535.25337756,88932153.12889753,90142608.63607755,95368686.07620257,90443316.54942507,90139514.68566003,82772725.21903263,94116324.0023026,90171760.34703007,92840345.87742506,96162330.9256476,88181745.35685503,88832118.91931257,89273152.12806256,88385469.79013759,97905747.62181509,88362041.00874761,97356585.35173512,89900518.75053012,90200960.53652754,93405266.90137756,91312500.44418508,93549649.92750011,95576866.25287509,93137700.27828759,93656912.89240004,91556305.54555257,88620964.63863003,90781778.08293265,95094908.18387513,94084344.52975757,87902577.77776757,88369662.82825008,89816705.81927004,89663425.44259006,95330340.75389251,96045219.72260508,96277705.88774256,87951664.42369004,95396294.47617759
2018-02-12,98869790.25326003,91322990.82423003,90433150.42478006,88236848.70648006,100085929.89993757,91380779.76352757,90664321.97486006,93689149.41727763,95011555.65348758,98365421.14983514,89342895.46564007,91785746.36537758,92547326.50489753,92681580.93357757,98330483.87870258,92601638.19442508,92968773.99416006,85178356.96353263,96909372.25680262,93123364.46853006,95598937.95142505,99004358.2346476,89358079.14135504,91180085.70281257,91499439.74656257,90795518.84613758,99755618.37481509,91972088.5842476,100475059.94623512,91721362.28953013,92694256.78102756,95964771.34737755,93272080.77118509,96690892.84750012,96439829.9723751,95614084.38828757,96178593.92790003,92473474.50855257,89160541.87013003,93596476.07793264,98356078.64237513,96127746.65225759,89796681.46376759,89688001.81575009,91296439.80977005,92180154.46159005,98637408.93389252,98540567.79010506,98431640.83474256,90107386.99019003,98239393.6006776
2018-02-13,99801790.25326003,92939493.90873003,90526374.89228006,89170168.85098006,101805790.57343757,92651114.97052756,92114008.36686006,94722670.89327765,96731147.28648758,99377839.41283514,90155671.00764008,92790243.68737757,93974098.69289754,93729490.63807756,99983772.22170258,94157030.11792508,94431420.37116006,87628734.38853264,97834519.94030261,94690412.62153007,96271180.65142506,100969007.99514762,91129884.04035504,92230940.16831258,93459087.67656256,91586428.5846376,101654460.6593151,92898224.7947476,102254185.72273512,92770085.05703013,93391308.74602756,96050438.21637756,94413645.45618507,98391983.10850011,96520845.88087511,97016911.64978758,96817196.88440004,93630763.57555257,90458611.71163003,94842684.76743263,99290326.96037513,97510572.5572576,91328103.33976758,90916508.59825009,92868246.98177004,93163096.22659005,99798278.64989252,99668946.76510507,100468871.06224257,91638334.91619003,98887804.9711776
2018-02-21,100713779.99326003,94571613.17423002,91582606.06628007,90173733.57348005,103401124.97243758,93983867.81302758,93045346.66936007,95497577.89927766,98051546.49598758,100384959.23483515,90295620.66314009,94103535.05737758,95218396.60139754,94983338.92707756,100203213.89820258,95378927.41542509,96358995.19916007,88654394.97003263,99107287.44430262,95802183.32303007,97549433.07642506,102207879.47714762,92430331.70285505,94261628.72081257,95371063.95406257,91872756.3486376,102392314.03331509,93526400.2032476,102937088.38873512,93674183.01603013,94368216.22702757,97053155.39087756,95287119.8741851,99635112.44350012,97608148.19737512,97058933.69428758,98009369.39440003,94497509.39855257,90538235.81163004,96252492.92043264,100571028.52787513,98857472.09025759,92277166.88226758,91452902.35425009,93885029.55377004,94889820.38659006,100699724.68289253,100338628.87360506,102181959.42624256,93130807.26519004,99329216.44167759
2018-02-22,99853779.99326003,92781414.70523003,90607593.10328007,89409780.47598006,102336642.95993757,92432217.84102759,91867022.18736008,94247593.59027766,96855142.65398759,99183939.74533515,88621997.51114008,92744391.05837758,93580486.23089755,94345699.77357756,98846660.98770258,94562041.5559251,95174834.41066006,87402826.17703263,98189816.00280263,94592341.55103007,96984169.77442506,100934749.84714763,91731584.67385504,92616042.50731258,94029536.46006256,92116485.6906376,101726092.95931509,92960289.66574761,101529446.66323511,93471584.88003014,92792262.33652756,95540679.30587757,94076981.13368511,98268450.59550013,96582228.4508751,95365272.90428759,96767426.61240003,93501296.93355256,90213493.50063005,94662583.94393264,99795937.70537513,97102395.5762576,90704116.24626759,90794839.35425009,92676000.48977005,94115451.76759006,99562181.17589253,99559458.00160506,100187623.93974258,91681496.49319004,96932279.54467759
2018-02-23,101394779.99326003,93571784.20823003,91387155.9897801,90739562.45498006,103513024.47993758,94418998.46002758,92746588.50186008,97304913.76577765,99488526.60098758,101341448.94783515,90198215.08814009,94734092.82987759,95302876.74289756,96756693.54807755,101155661.02620259,96642487.3729251,97321460.71066007,88626631.95403263,99690290.36230263,96365260.34303007,99198156.89242506,102117825.07964763,92961325.00685504,93954843.76731259,95402575.13156258,93874163.4151376,103486008.01831509,94754527.97324762,102931203.26923512,94881846.52053015,94101449.66052756,96879274.83887756,95704620.5676851,99434103.47950014,97489621.95287511,97031060.5902876,97911956.83290002,95265912.45055257,91509240.04213005,95437854.09693265,101510838.91537514,99253430.1452576,92613175.33076759,92454927.6402501,93533316.30477005,96289177.99459006,102487142.65739253,101277313.76310506,102869917.67224258,93618275.94419004,99440901.0876776
2018-02-26,101323779.99326003,92882518.28923003,91023470.3877801,90256087.07248005,102208839.10793759,94529436.67602758,92578178.76686007,97254267.50627765,99234861.05548759,101301324.42983514,89342515.95864008,94479486.7083776,95586806.10589756,96211876.66807756,101489169.79820259,95550157.68642509,96630477.11916006,88542129.17003265,98856518.61080264,96783711.01053007,98920090.59992507,102313411.32014763,92644911.37235504,92120134.48681259,95036285.34456258,93135024.08013761,103159334.9008151,95000792.32574762,101873897.94523512,94845980.11903015,94332086.72252756,96361005.93237756,95366121.77468511,99263429.76000014,97564286.67687511,96737413.26578759,97223337.51040003,94980208.97955257,91508230.43763006,95394276.39843264,100931589.09437513,98757923.96225761,92415904.2847676,92576281.5952501,92268156.78677006,96006335.70509005,101862994.26239252,101755229.80060506,102656862.44124258,94066573.36169004,100416117.04417759
2018-02-27,102197779.99326003,93432325.04523003,91539443.9877801,89939081.20048006,102838718.4949376,95096130.07802758,93236319.05936006,97089826.90877765,98836962.95948759,101622882.80833516,90092192.28964008,94912876.18937759,96362574.46989757,97500743.76957756,102446794.5787026,96271121.7964251,97323854.63516006,89263353.48503265,100057537.95930263,98313704.95103008,98636764.73092507,102883432.31964764,92641238.46885505,92258519.75881259,93978897.41956258,93142759.35813761,102987424.8638151,95809064.47774762,102587057.08073513,95864788.05103016,96125160.47852758,96076749.75037757,96338356.96868512,99898889.65000015,98493197.23737511,97269793.1147876,97273663.86540003,95111059.42705257,91166794.50213005,95854673.98793262,101835935.03187513,98391092.7127576,93517453.07476759,93098028.62475011,92122748.88477007,96705297.03309005,103159358.67989253,101986009.60110506,104145222.32624258,94809215.53369004,100422229.65717758
2018-02-28,102789024.40326004,93393058.36523005,91520402.75878009,90490908.85198006,102474562.4019376,94876486.25052759,93040564.57486007,97408824.36677766,98646475.6959876,101876301.10833515,89549716.9931401,95864312.62587759,96118060.70539756,98996187.21907756,102366042.1957026,96936731.9374251,97836841.31716007,89070162.25053266,100365725.05430263,98714849.49403009,99062639.39192507,103233095.44164766,92284715.08485505,93095520.33281258,95117310.51706259,93926032.30513762,103979463.4413151,96054488.80724762,103119986.15873514,96492943.19003016,96360471.46902756,95861015.00437757,96593035.9991851,99280861.08300015,97709351.16487512,96858445.3207876,97907804.46140003,95697536.33705258,91765249.59613006,95880453.91893265,101902018.51887515,99240439.75275761,94428946.95676759,93189430.7987501,92436716.38777007,96901434.13609006,104701618.97489253,102184453.59260507,105432980.47324258,95559088.30669004,101390019.85467759
2018-03-01,102395024.40326004,92666146.10673004,91141667.78778008,89474143.58148006,101632473.1399376,94120469.52752759,92207169.15636006,96893002.34427765,97482239.1134876,101059890.98783515,88568156.5721401,94911482.58387758,96948362.69339757,97327971.12457757,101844034.9052026,96177850.2434251,96568652.83216007,89063744.44503266,99765699.42230263,98045782.5260301,98138518.33792506,102953659.37814766,92225860.46735507,91941879.05931258,95080061.12456259,92978731.29063761,102772240.17331511,95057667.41924763,102986383.77373515,96288909.68053016,96365768.84802756,95780240.18437757,95860427.36868511,99285830.47500014,97412180.64837512,96482854.40228759,97490570.32340004,94566908.21305257,91383111.35863006,95019460.52243266,101462201.21787515,98290190.66375762,93677011.1737676,93462555.47775011,91993181.21327008,95753824.33409005,103928803.58789253,102384289.99160506,104576460.0822426,94575880.19369003,100261228.05117759
2018-03-02,103021024.40326004,93033865.59273005,90864090.92678007,90317345.21348006,101830362.26643759,94561107.29552759,92035833.28786007,98522709.87377766,97632212.8414876,101854070.60883516,88999848.18164009,95833045.82187758,98324208.69039756,98339493.54357757,101078341.5047026,96379362.54842511,96750343.52216007,89765856.60653266,100415452.57930264,98273418.39903009,99116250.01642507,103453365.41014767,93133352.40785506,92724832.86081259,95437303.3590626,92694862.98963761,102997321.3498151,94795854.01324762,103486060.62723514,97599724.64003018,97770278.67402756,95876842.51237758,95663297.1376851,99342449.92250015,96798013.73337513,96736609.5832876,98256658.15840004,94764531.69555257,91418623.84663007,96351927.56243265,102167320.34887514,98392971.37225762,94034057.5002676,94037455.7637501,92701991.29027009,96140242.03459007,104533652.70689254,102718645.95810506,104900906.8722426,95923116.35569003,101312515.81867759
2018-03-05,101442383.32676004,91025663.29523006,89998120.2422801,89405563.43098006,101433476.13693759,91243898.3115276,90902969.98393007,96086158.52027765,95421741.3864876,100213762.86533517,87695866.5956401,94667916.5248776,96177973.43539757,96889770.70207757,98960121.0422026,95814260.5269251,96377966.93366009,87220453.93753266,99126029.89930263,95757405.43153009,97243027.22292507,102166743.30814767,93549089.73185506,91212126.9633126,93830170.4530626,90806652.59563762,101032053.18881512,92226770.84774762,100895798.56673515,97113440.13253018,95572149.14402756,93275523.71137758,93368071.94268511,98355798.04750015,94020209.24087514,94776608.3057876,95676748.11290005,92089542.64205258,90354202.52613007,94623086.99193266,101096587.25087515,95850307.0862576,92296663.9402676,91335369.28432012,90514581.72127008,94243316.58209006,103427969.87989253,100422499.01710507,101561737.6982426,95479843.93869004,98938302.91467759
2018-03-06,103332644.69176003,92892795.41023006,90816159.88978009,90387255.33298005,102320524.6724376,93061073.96852759,91932610.48293008,97902033.71127766,96980999.6814876,101952035.62483516,88817326.45564009,97673630.8648776,98325707.06469756,98866473.43457757,100092533.96370259,97039929.7119251,96819949.81666008,89222466.58753267,100147266.90926263,98183946.85353008,99043775.91542506,103442960.94614768,94696739.52635506,93362332.0133126,94935884.7190626,91498664.46063763,103053705.3918151,93676894.64574762,103042738.88373515,98518063.71453017,97311071.14552757,94943143.20837758,95344631.1946451,98903511.53400016,95239997.36237514,96653110.08828759,97609403.66090004,94552066.26455258,91218587.97313006,96695731.95393266,102516602.59437515,97200136.4222576,94314503.5602676,93470928.68932012,91317009.81057008,95428614.16359007,105042584.93439254,102413895.28060506,103868585.20874262,97777136.22069004,101024379.8796776
2018-03-07,101629644.69176003,90761370.66273005,90027486.21478009,88530617.86548005,100557319.22893761,91683141.07952759,90690801.27743007,97114564.65077765,95639519.8239876,100168396.82983518,87493269.16224009,97877354.7618776,96592615.35269757,97398974.59757757,98386782.5577026,95733196.1089251,94809167.64616007,87422876.30103266,97935902.11426263,97772036.02003008,98137110.47642507,101988246.17364767,93944657.51635507,93016945.4553126,93485220.8995626,90111405.43863763,101705503.34431511,92571761.85524763,102590045.14573516,96817606.12153018,96173225.46252757,92765813.25687759,93893660.7741451,97423135.07000016,94542742.91187514,96175368.00578758,96475443.90990004,93254669.70905258,90018326.30963007,96041785.36743265,100007544.55787516,94959267.48075761,93103660.47126758,92565770.96532011,90392801.75657007,93413196.81959006,102654760.37339254,101501211.16660507,101734434.01474261,97278136.41919003,99582438.91567759
2018-03-08,101632644.69176003,91031340.68723005,90160798.0422801,88843430.29398005,101516831.21193762,92642441.46352759,90652699.01993006,97221902.55327766,95737696.73798761,100380985.68583517,87917747.72474009,98677324.0063776,97003942.90569755,97530882.86607757,98182280.5117026,95946142.82992512,95133801.82766008,87374796.27653266,98243437.35026263,97466477.7990301,97877659.60892507,102438912.75064768,94031062.16185507,93437539.3288126,93891279.5415626,90580243.08663763,101942578.9983151,92271197.36374763,102528402.68673515,97294257.06203018,95772059.34802757,92509738.2863776,93686832.4821451,97310365.28900015,95397512.54887514,96916986.74428758,95440077.54740004,92955397.70505257,89470362.35563007,95178260.25743267,100159131.49287516,94741750.72025761,93249563.09426759,92259415.5363201,91803867.14957006,92786480.00559007,103169643.12789254,101227207.35810506,101821326.89124261,97047833.20619003,99391120.8241776
2018-03-09,101748644.69176003,90983683.89323005,90280219.97278011,89273192.64148004,101045262.70093761,92612698.32952759,90796757.94893008,97470231.89027765,95849151.92748761,100376905.91783518,87688190.36124009,98440780.28537759,97333978.72819756,97452884.17307757,98053789.73420261,95949925.94342512,95132100.35316008,87547306.62703267,98348733.76526263,97437141.71253009,97745195.08392507,101983998.72464767,93328058.44735506,92464113.0198126,93696082.50506261,90362856.01963763,102018628.83181511,92354257.30674763,102858399.79123516,97869997.19603018,95529523.03552757,92413567.2478776,93901924.3246451,97364696.33800015,96343508.02887514,96963023.67178759,96059880.58840004,93275363.21405257,89291984.56313007,95165886.49393266,100447360.35537517,92971937.19175762,93435131.5462676,91632589.38632011,91016311.68107006,92593439.26909007,103513302.12639254,102187627.39210507,101688216.41324261,97148691.67219004,99430732.14767759
2018-03-12,102043644.69176003,91124091.26573007,90269831.9922801,89368808.80598004,100224113.4399376,93041170.4205276,90991871.10393009,97663844.41877766,96538125.63748762,100602603.09783517,87778345.8947401,98510255.94837761,96873556.59269756,97768218.99907757,98545249.3432026,95831179.16942513,95532796.18066007,87441530.67453268,98600251.91826263,97361228.00603008,97804076.82992508,101938597.30514768,92719839.48285507,92320613.5393126,94055320.6640626,90826303.63013764,102271098.97181511,92461437.67824763,103169334.82673517,97957781.79153019,94626656.92552759,93026409.72337759,94624349.5986451,97162075.42150016,97438975.02437514,96530869.26428759,96534052.51190004,93843645.88805257,89511446.89063007,95250787.41893266,100418298.24987517,93372645.05475762,94026099.2822676,92025148.0003201,90473165.61557007,92437985.84759007,102994808.77139254,102817190.10310508,101667870.7767426,96677735.95119004,100257009.7996776
2018-03-13,102512644.69176003,91653601.44223008,90297931.45878011,90339720.96098006,100727971.67243761,93338733.7585276,91617537.48243007,97172770.45977767,97581727.42498761,101191749.99383517,87896587.7607401,99512884.0508776,97579012.63019755,98536352.78607757,98446673.58470261,96569951.86842513,96234493.98766008,87587171.88503267,99091405.06576264,97109948.45953009,98474259.12842508,101870397.19264768,93131537.79585508,92251571.7803126,94596664.42156261,91258821.79013763,103064862.6533151,91445919.48324764,103179490.53123516,98639967.51153019,95699174.16352758,92794862.20587759,94947916.63964511,98488395.74800016,97870828.32487513,96920386.32928759,97354474.99740005,93680672.46455257,90394832.40213007,95536102.14843267,100638090.52687517,93899223.84475762,94177848.26576759,92120276.69032012,92272025.58757007,93114948.66259009,103063666.92489254,102954123.57960509,102005992.2317426,96975574.81869003,100175238.7926776
2018-03-14,102810644.69176003,92252973.22873007,90839474.7257801,90979708.36098005,102042570.35143761,94229866.7240276,92121127.81493007,97330114.99577767,97832910.33848761,101840312.54433517,88030534.4897401,99562779.25387761,97590171.55069757,99359675.62057757,98748541.52220261,97579642.28792512,96889605.68216008,88452212.24153268,99388076.63476264,97997315.18353009,98864982.30492508,102627656.00464767,92870127.10235506,93022665.07531261,94482344.80806261,92295241.77113762,103514593.75581512,92227523.52224763,103609427.95973517,99197667.45653018,95706549.92902759,93254929.10837759,95476971.30164512,98726590.42750016,97949223.20737514,97798360.13628758,97696400.00290006,94359864.20405257,91788564.52113007,96047986.88593267,101519923.27237517,94076623.36075762,94562805.5407676,92602750.92682013,92577165.61257006,93104856.08659008,104096941.25589254,104015780.89660509,102030388.47874261,96789918.79419005,100778126.7051776
2018-03-15,103858644.69176003,93919998.67023006,90774389.7532801,92093402.56848004,103066357.05543762,94764005.76202762,92848456.37443008,97194026.80227768,98506401.38598761,102600502.76433517,88301435.3742401,101221531.5333776,98851908.48319757,100311677.56957756,99147023.40620261,97996985.40792514,97568320.19516008,88856817.85553268,100399739.27126265,97846788.79103011,99822703.42442508,103574716.44314769,93311000.71185505,93984748.9048126,94939014.4530626,91862973.66863763,104784872.0033151,91938735.67024763,105586813.65773517,100310368.42653018,96228222.75002758,94304390.02737759,96148190.64114511,99690991.57750016,98566377.32337514,98319023.45928758,98480106.08840007,95317549.45455256,92764162.86013007,97547861.88093266,101749127.53487517,94552701.37675762,94478180.49426758,93012060.15832013,92840932.22107005,93293144.72509009,105577854.64589255,104807389.55960509,103070467.6402426,97610861.76019004,101879438.4966776
2018-03-16,104430644.69176003,94976365.17423007,91185873.84528011,93997601.54248005,102711862.81343763,95112749.95502762,93669027.12343007,97132988.74027768,99029808.7444876,102899452.67533518,87665504.4462401,102396629.3848776,99677508.06519756,100938018.69507757,98467162.96470262,98633048.88692515,97077746.05316007,88764090.87853268,100692645.34126264,98177505.9305301,99981745.76692508,103872266.66614768,93378303.10035506,93251694.94031261,95185195.64856261,91950003.58263764,105227784.46081512,92133550.08474763,106255919.24773517,100696680.13553019,95703700.7225276,95271609.9618776,97263843.63364512,100168563.41600017,98983005.26137514,98622060.5602876,99054614.03890005,95052516.12205257,94250791.08263007,97250429.03793266,101862954.33137518,94192390.93775763,94446359.03226759,93678308.38382012,93174455.92107005,94036649.96859008,105819996.11539255,105302349.6886051,103737929.14924261,97611081.52769005,102911916.36567761
2018-03-19,105118601.45176004,94877945.47423008,91824830.33028011,94707880.51248005,102355531.92843762,96584817.99702762,94105219.26693007,98048200.83127767,99702084.7369876,103095263.44933519,88091592.7122401,103249442.04737762,99171176.67719758,100297996.32207757,99207372.43420261,101099625.41092514,97881489.94516009,89642003.62953268,100952473.94376265,98210580.2185301,100077333.50342509,104630463.66114768,92998510.55035506,94160146.11181262,95158575.33756262,91943961.26963763,105854355.98581511,92552082.54124764,106617303.44273517,101575563.7405302,96409223.33602759,94876754.7763776,96595299.04564512,99954733.34600016,98500488.27037515,99165202.8322876,98822978.35590005,95098120.38155258,94201220.26513007,96850255.81993268,102408646.93137518,94391899.56875762,96171650.26476759,93288770.13282013,94002143.11807007,95167159.33109008,106019506.41039255,105166744.3516051,104694809.10174263,98349720.70369005,103788633.58567762
2018-03-20,105048346.90776004,94702328.7962301,91518680.97478011,94195481.31298006,102176638.70943764,95552052.92902762,94583155.56093007,97565474.50977767,100062289.42698759,103157345.9153352,87871895.8947401,102943306.99887761,98670181.96969758,100340247.55957757,98453356.7112026,101144148.57842514,97683708.91166009,88610516.0995327,100852350.20876265,98225418.6235301,99839585.03642508,104382172.00964768,93176468.66585505,94279956.79881261,95400986.19706261,91284591.24213763,105577491.67581512,93380647.56574763,107033075.58473517,102306883.70403019,96388387.71852759,94439689.5503776,95892092.58414513,100189972.12800017,98572299.77637514,98656773.7492876,99400784.45690006,94699593.51755258,93941400.55713007,96785899.57993269,101949979.59287518,94559939.95625764,96135392.57726759,93528072.24432012,93635039.05357006,94594830.77809007,106057598.30289255,104615669.7531051,104315211.23674262,98448122.66019005,103424798.78817762
2018-03-21,105540346.90776004,94884375.3882301,91904233.6862801,94511765.68998006,101980684.29843764,96634220.34302762,95262660.74093008,97807905.97877768,100525365.1804876,103618632.4303352,88217561.1367401,103045190.7738776,99049778.43469758,100585397.13457757,98903926.4772026,101359749.92142515,97891521.0166601,89263019.30753268,101111350.20876265,98425683.9730301,100231012.52792509,104806975.08764768,94240810.49985506,94343916.24881263,96239916.96056262,91753333.95563763,106298511.02881512,93740797.31524763,107783906.64273517,102815982.02153018,96533226.9065276,94815552.53737761,96790997.05914512,100528920.91200016,99550256.84137514,99099999.60428761,100426531.54990004,95496680.57755259,94938549.39763007,97111829.4474327,102977610.93387519,94995276.78375763,97060933.6537676,93903432.19082013,94126611.60357007,95061979.70709008,106461203.67489254,105076963.7281051,104721243.14674261,99385558.31519005,103795132.73017763
2018-03-22,105156346.90776004,94529311.4532301,91084620.3977801,94755425.37198007,101444010.04593764,96046152.44102763,94594892.31793009,97636984.34377766,99889500.0329876,103022632.4303352,87464407.73674011,102600699.9928776,98706287.77469759,100143968.97457756,98389635.2802026,100826115.76392515,97079867.7021601,89320183.68153268,100772350.20876265,97388330.12053011,99598463.98642509,104177543.85964769,93426216.44785506,93789574.48081264,95216912.09256262,90935550.62863761,105749775.16981512,92965400.04624763,107009817.79723516,102366902.8375302,95786957.7710276,93737913.34137762,97488752.21814513,99909803.12050018,99366160.93637516,98461234.45728761,100204344.06240004,95147502.87005258,94182788.80313009,96854839.8214327,101489028.43387517,93930713.83925763,96640388.4287676,93406113.95432013,94073711.59657006,94347580.80709007,105646147.21489255,104679043.84510511,103803802.04674262,98795391.96269006,102716512.92217763
2018-03-23,102997145.42526004,92601857.5224101,88938916.5657801,92415440.67048007,99402990.55593765,93917366.79952762,92418363.52043009,95645748.25827765,97740611.18448761,100718275.06283519,85615770.7372401,100700610.36902761,96999023.82469758,98465592.87757757,97337188.7387026,98493654.53592515,94291609.3521601,87235237.0330327,98814626.27730015,94933888.2579101,96727423.2944251,102210900.61764768,92108824.08835506,91905755.11681262,92722945.67706263,88745930.47227512,102865514.65731512,90418029.92074762,105005599.27123517,99915647.32803018,93608749.1685276,91368946.25737762,95960133.78314513,97903058.47568017,97198702.22287515,96653172.23928761,97351531.10090005,92984943.49705258,91649916.69513008,95023260.6824327,97976205.30787517,92044955.77025764,94234329.96326761,91386843.79332015,92146231.37357005,91607141.92909008,102669703.28666756,102648842.36260511,101170493.20641762,95288219.88519005,99932653.11267763
2018-03-26,104959145.42526004,94414970.5144101,90219639.6617801,94145333.49048007,100814861.38743764,93861880.03452763,93792032.40043008,96142800.52777766,99892584.8769876,102686275.06283519,86663159.15724011,102787900.12352762,97939228.68469758,99295028.22507757,97334054.02770258,100346118.98892516,94388979.2636601,87078410.23953271,100384287.28230014,95836608.39791009,97792355.92442511,104555690.6256477,92235619.21685508,93619542.88981263,94571400.20706263,89331770.50727512,104608500.81381512,91688460.47974762,106851281.51623517,100550142.48903018,95216371.2125276,92818202.07487762,97276293.09064513,99274972.23818018,99027961.09287515,97514678.50128764,99122137.54090005,93978760.07605259,91738781.41613008,97146533.0559327,99158388.52287517,92387944.70375764,95267701.26326762,93014119.99832015,93724389.21457008,92985581.58159009,104136352.52666755,104469842.36260511,102450229.2564176,96502177.73269005,101131927.77367763
2018-03-27,104290145.42526004,93370832.1609101,89174419.70978011,93513144.48298007,100672198.89243767,92935801.89002763,93418548.72443008,94865568.89977765,98831310.3384876,101970585.2578352,86663640.01224011,101640047.42552762,96883495.74719758,98047043.97757757,97013578.66520259,99611785.59692517,93007548.1746601,86536721.43153271,99317879.35280016,95031472.8064101,97189435.9849251,103151663.61364768,90956482.23935507,93409221.82731262,93911905.52456263,88019187.02227512,104318971.68331513,91124562.50874764,106155679.26373518,98956938.07053018,94388374.4670276,92081279.53687762,97020151.72314513,98732050.88968018,98152090.38587515,97018507.82528764,98173731.01340005,93207029.1550526,91722850.80463007,96327116.5494327,98679119.33537519,91715555.35175765,94401595.65226763,92483259.49382015,93092050.81957006,92200460.27609009,103787930.27316755,103755856.78060511,101997532.67841761,95291468.02019005,100778307.03967762
2018-03-28,103500787.52676004,93319696.6149101,89081819.52178012,92876347.20098007,100295817.75393766,91880845.54852763,92483295.27293009,93855295.84377766,98288777.89498761,101272922.7763352,86956175.70874012,101276327.73302762,96096155.82219759,96982253.22707757,96901994.38020259,98987690.58642516,92258256.1456601,86062628.09953271,98506088.37130016,94490811.1429101,96826801.36942512,102279289.26014769,89697060.56935507,92443688.96931264,92802223.52956264,86795472.78877512,103360452.12781513,90824782.05974764,105058381.40123518,97686897.91803019,93326873.72252761,91209547.00437762,96455147.60664514,98236390.36368018,97518946.91237515,96244063.14428765,97498044.72590005,92820906.9975526,91590460.28463009,95668574.8759327,97866319.33637518,90988579.87825765,94016132.69126764,91979717.07282014,92249930.91957006,91029725.30759008,103231216.56066756,103112029.2001051,101309013.51691762,94559555.10219005,100456902.86717764
2018-03-29,103139787.52676004,93025689.7024101,88434626.49828012,92283715.09148006,99680518.06543767,91525362.47302763,91441045.98943008,93078708.30477765,97726387.90098761,100508583.7998352,86059348.97424011,100839978.11802763,95349767.11719759,96763469.71907757,96686354.97970259,98649070.51042517,91995150.4516601,85175497.74153271,98210729.28130016,94090547.58541009,96036305.09692511,101849458.74064767,89166248.68935508,91636249.14481263,92464697.21956263,85880467.91876262,102521324.76931512,90493813.79424763,104338459.89723518,96611716.67253019,92911040.49202761,91118511.71737762,95881973.57114513,97728598.70718017,96918005.40487514,95576721.42528766,96322336.00440006,92515665.1805526,90165264.77563009,95074556.9639327,97623749.78937519,90213057.24325764,93697090.05726764,91565961.52732015,91884721.17207006,90599602.15109009,102817576.77366756,102948171.54060511,101055384.37041761,93908844.86369006,99657489.18717763
2018-03-30,102838787.52676004,92635943.2864101,88419349.69178012,92609892.17448007,99645132.09993768,92103557.08652763,91431312.97993009,93692947.95727766,97491495.69182512,100090131.2258352,86258287.66674012,101204439.90552762,95203048.71369758,96472342.44057757,97639252.2672026,98934896.55592516,91929894.4376601,85712079.0730327,97910160.95580016,95002281.80884258,96559920.35142511,102542094.51664768,88995248.68935508,92254034.51031265,92376566.44906263,86384979.42426261,102337726.17474014,90487797.16924764,103636131.36023518,96769594.01553018,92982711.41052762,91655773.48837762,95651546.33114514,97517706.19768018,96934317.13287514,95910039.62628765,96466582.45590007,92599125.8630526,91124279.89578758,95577744.1809327,97618556.50787519,90241797.79147264,93784761.40376765,90893947.92425264,91939590.40157007,90886908.5460901,103352991.95516756,102602767.12310511,100993107.07241762,95425766.22969006,99786960.68767764
2018-04-02,104717787.52676004,94012093.8904101,89294318.80928011,93300817.74448007,100758403.39743768,93547446.77202764,92959095.36143008,95391656.37227766,98164180.17082512,101512781.9908352,86532786.0452401,102851706.56402762,96486126.7436976,97495628.06707758,98939321.6087026,100080149.09392516,93901803.34616008,87121158.57253271,98967366.68330017,96527830.21834259,98520433.35392511,104370425.2736477,90429535.88935506,92992499.16531265,94636493.11156264,87865048.60826261,103325839.17324014,91363762.68374765,105765718.14923519,98730363.8260302,95465074.34752761,94013500.51837762,97495595.70264512,98636456.92118017,98886780.61987513,97202811.50578766,97918020.10690007,93466557.7690526,92217316.09778757,96667355.3079327,98940557.49037519,90790674.49147265,94362932.41526765,91230122.30175266,93905929.91307007,92116830.9685901,106016223.88116756,102649725.30110511,101950430.3429176,97190261.69419006,102039911.45467764
2018-04-03,104752787.52676004,94038363.8814101,89791674.24328011,94050300.23648007,100575123.96543768,94164741.13602763,92874345.51443008,95605740.86627766,99032787.61432514,101796253.6383352,86887331.9272401,102620011.85802764,96789916.3336976,98270434.91857758,100453844.6647026,100952165.32492517,94382428.43716009,87746017.7170327,98782606.86080018,96653356.17584258,98091230.04992512,104327691.4501477,91113572.71935508,94433704.02481264,94747787.73156264,88516742.30826262,103586034.32224014,91796030.73224765,106333100.17923519,98741143.08353019,95756342.68002762,94938183.67287762,97586969.65414514,97969382.68168017,98897714.19537514,96287709.67578764,98505347.34140007,93475754.87905261,92739651.55528757,96474094.0559327,100177972.22637518,91356935.32897265,94811473.69326764,91236822.50175264,93504434.65907007,93278520.3835901,106694205.61766757,102945660.62660511,101827391.45691761,97672773.56669006,102966818.21767764
2018-04-04,104847127.96026003,93413368.4474101,89292242.52328011,94500420.56648007,100555336.7789377,94590130.56752764,92725629.63943008,94775453.52177766,99269129.48032513,101124800.3603352,86934618.3507401,101723451.11302763,96321467.4496976,98393550.56857757,100370368.4977026,100538982.47592518,93509685.69316009,87671346.31603271,98158878.31730017,96453768.23984258,97706314.41642512,104578728.65114771,91751645.94135508,94248214.65781265,94493505.52406263,88137657.77676262,103560121.83024015,91186816.90774764,105911899.59873518,98662364.99653019,95924328.72652763,94561533.59737763,96503764.09264514,97714875.08168018,98890479.04237515,95823309.66178766,97725468.56640007,92783873.89955261,92782861.75578758,96606144.87193272,100309455.9693752,91609801.72147265,94724782.46476765,90951541.06775264,93080438.92707007,94381093.14359011,106354118.80666757,102936469.1746051,102104723.85091762,97075998.76169007,102684954.74217764
2018-04-05,105048127.96026003,93667880.9684101,89623798.21128011,94540042.88498008,101203038.70143768,94889050.58602764,92539151.34543008,94888399.28627767,99281555.24182513,100952190.79133521,87730780.6942401,101423172.94552763,96523175.24569759,98569718.89957757,100565634.5047026,101011901.18342517,93318163.4296601,87468264.1105327,98428685.19730017,96665162.79334259,97992185.28992513,105613863.74114771,92436106.39685509,94451619.27631265,95144464.31356265,88313889.84276262,103597712.80224015,91884436.55674765,106347313.46273519,99215672.5945302,96109346.01602763,94575357.02537763,96365033.06264514,98533930.63118018,98960936.89487514,96230846.43478766,98298149.63140008,93134483.9850526,93337974.20178758,96249932.89893271,101522305.4038752,91276051.79497266,95513748.00776765,91673742.18125266,93181518.02507007,94673398.65259011,105716616.70816757,103246427.74510512,103268463.94441763,97026661.40719005,102563378.05367765
2018-04-06,105663127.96026003,94159197.57041012,89455246.59128012,95402319.33998008,101573090.5524377,95368569.71102764,92842204.99343008,94795951.39027767,99576317.97132514,101495843.65833521,88079525.20674011,101410874.72479263,97094324.44219759,98996340.37907757,100895764.8047026,101814464.71142517,93973936.6346601,87568061.1740327,98586533.47080018,97014242.94134259,97960189.23492512,105864866.82914771,92766113.54535508,94951240.75581264,95363766.85456264,88160940.85976264,103580864.85674015,91910565.71524765,106482595.52073519,99646852.6090302,96274315.04802763,94524156.49264263,96126984.22964515,98806329.82768019,98944635.74637514,96380051.49878767,98404662.18416506,92920782.1390526,93366156.42678759,97271937.23593271,102431722.8918752,91841414.87947266,95512390.94726764,92010775.78425264,93742636.76857007,95321286.36759011,106811562.57816757,104204978.62810512,103806626.01141763,97496112.53569007,102442454.74117765
2018-04-09,106862127.96026003,95279477.65241012,90106440.19678012,96036105.63998008,102025128.21043769,95910519.76002765,94063692.43593009,95888932.53627767,100303261.00482515,102482917.91033521,88802621.87474011,101989695.57129264,98010739.4026976,99971983.74207757,101662955.74470259,103117570.72792518,94865716.92216009,88052822.1520327,98701029.45280018,98623055.5578426,98543513.94492513,106385150.55414772,93245169.91635509,95436689.44581264,95736221.75906265,88893400.96676263,104482868.89474016,93206065.79524764,107622364.11423519,100266591.34103021,97341823.87252763,95749974.16914263,96825400.63414514,99381355.7656802,100008256.15737516,96715970.34278767,98859456.98216507,93439273.3635526,95197894.84878758,98328003.5694327,102569727.9523752,92511284.37697266,96789419.05926764,93116469.80025266,94729218.06907007,95082007.5405901,107171540.32816759,105398959.12310511,104196656.96891762,98683648.33669005,102467960.83767764
2018-04-10,106189835.89376004,94990042.87141012,89449925.31428012,95774571.29548007,101976162.5139377,95343800.08652765,93713654.0719301,96007509.18577766,99563965.33032516,101094216.03883523,87094952.61874011,101943512.89029263,97606016.1071976,99254366.09407759,100674905.39870259,103234587.37242518,93866204.50616011,87128656.57253271,98355741.58930019,97845007.8408426,97481813.98642513,105398876.0946477,92794789.6508551,94811083.40981266,95329235.39356264,88283551.56776264,103605137.87724015,92126116.48374765,106097525.80423519,99694093.5035302,96839371.59902763,95714943.56264263,96008614.42014515,98713147.5606802,99564747.96937515,95336784.50078768,98361464.32116507,93214974.37105262,93677618.92378758,97644089.7904327,101818089.85137519,92064522.76597266,95676423.25226764,92658021.39525265,93265037.27757007,93874989.15809011,106511009.98666759,105118085.87560512,103651315.42891763,98264879.34769006,101752522.88117765
2018-04-11,103810904.04326004,92115859.27941012,87253897.32778013,93846545.19948009,99568665.2374377,93628574.48852766,90894095.8294301,94118291.84527767,96740982.97182515,97456790.81833522,83924373.98074012,99621443.11329263,94505365.2686976,96680803.07157758,98026517.7617026,100698939.07942519,92124730.0911601,84426664.98153272,97134461.14730018,95733343.1513426,94494626.59342512,102170849.19464771,90556220.3488551,92668280.84331265,92848827.98756266,86755973.67715764,100063228.25624016,89532938.65774766,103184622.53373519,97414300.15753022,94368478.98752764,93954585.35214263,94330741.41314515,95719584.55557519,96225193.07487515,93805942.74078768,96382071.43466507,90727818.4730526,90237699.58178759,95644075.39043272,99258496.1033752,90275718.21097267,93093416.35226765,90834402.09925266,90772138.12057006,91432349.60909012,104661833.92416759,102117503.20860513,101510812.57541764,96188631.56669006,100088659.22767766
2018-04-12,103701901.48976004,92196394.40041013,86922997.18978012,93922349.83298008,99444201.6139377,94141711.49852765,90314155.6199301,93680713.59977767,96804876.38282517,97295970.10433523,83620687.92124012,99827044.85479264,94534416.6011976,96469869.73807758,98062510.5627026,100625120.17592517,92442784.35516012,84560953.06553271,98033438.10080019,96127176.62984261,94736636.08192512,100872504.02014771,90497069.7283551,92428355.36881265,92058048.55656266,86788524.88315764,100016780.70474015,90846189.22024766,103676694.01723519,97249724.24103022,93809563.89202763,93307789.71864264,94557448.54064517,95336884.1050752,95527616.22937515,92698958.51278768,96786251.08916508,91074882.66955261,89264932.53828758,95892208.46343271,99877623.9438752,90135109.14047267,92569916.24726765,91271320.05025266,90432020.26707006,90901030.55259013,104812070.6331676,102399833.56410512,101762485.63041764,95470674.28019005,99709799.70917766
2018-04-13,102051901.48976004,90917227.60441013,85378763.31128013,92667966.94759008,98559694.43893771,92328563.14952765,88985321.53905511,92553013.54977766,94610571.62332517,96165340.70483524,82546476.95873512,99297599.43154263,93356845.11219761,94358735.17907758,95619464.78370261,98670569.83792517,90988413.81189011,83717040.12753272,97406105.71330018,94894761.6373426,92553966.18442513,99766976.53164771,89001378.0963551,91071253.42181265,90681823.43317266,86761764.24265763,97981914.76674016,89078164.74024767,102147290.7137352,96927086.5825302,92047203.57402763,91687381.15014264,92730485.09049517,94033956.6325752,93653005.88637516,91559325.89528769,95549764.02416506,90672796.33955261,87820207.22978759,95115365.47293271,98532365.77825521,89122593.46997267,91189004.91776764,89473414.61186266,88663102.92507006,89713234.31826013,103393977.1161676,100954955.97410512,100703254.96941763,94149062.39319006,97940484.25917765
2018-04-16,100942887.47167754,89400705.89141013,84310768.59137014,91486176.65059009,97523875.45993769,91343224.95764765,88095141.1105551,91551791.98277766,93225765.81173018,94882503.66101024,81399330.35973513,98470284.63854265,92095492.5766976,93049710.1223476,95260072.6506176,97431177.36760017,90405813.25989011,83513744.50503272,95800399.54830019,94297866.6984126,91353533.38542514,98797633.7566477,88074408.6239176,90581405.57281268,89183731.66467266,86631195.32515764,96294370.78114516,88907169.95600766,100899720.7377352,95369796.3400302,91416170.15802763,90891259.58214264,92574592.51755768,92340815.66969019,91948090.35187516,91048064.17734268,95491224.54616508,90269325.92805262,87223683.11978759,94163257.76093271,97549664.06575522,88188818.09229267,90343083.85438764,88825162.30586267,87757040.82907006,88514365.46826014,101227785.3136676,99828061.55486012,100057200.63041763,92746222.52169007,96494612.04567763
2018-04-17,102845887.47167754,90709876.86791013,85327720.83987013,92774711.1175901,98802713.3449377,92235007.25314766,89004226.0055551,92743603.59573767,94521094.56623018,96363735.80951025,81976230.91873512,99735909.40304264,93092641.78919761,94324774.7633476,95384018.2016176,98368941.78260016,90958735.0148901,84222140.17003272,96223163.6158002,95426911.03191261,92419394.96192513,100138626.81664771,89215371.3759176,92184879.10331266,90400668.26517266,87347807.35165764,98210332.98664516,89601775.13050768,102210891.9677352,97307552.2495302,93677133.14452763,91745395.71014264,94112400.89955768,93448707.30519019,93191285.22637516,91491269.1913427,96138650.35466507,91521909.44655262,87671715.96578759,94997668.46593271,98358374.19875522,89090426.03979267,91603936.07488765,90822108.65636267,88707359.77407007,89498617.57126014,103200680.1586676,100161865.58086012,101438031.98341763,93888403.33519009,98032631.92117764
2018-04-18,101152887.47167754,89481854.67041014,83411661.47137013,91183068.13959008,98245833.6364377,90182190.18564765,87858967.66805509,90859734.95473766,92494836.41273017,94343775.95151025,80370819.74423513,97513025.76754265,91350213.57019761,92680258.69034758,94634939.14011762,95521411.49010018,89776226.35589011,82654971.36603272,94724857.3988002,93076139.55741262,90761391.98742513,98963436.9956477,87692461.43991761,91334734.58681266,88544270.89267266,86312506.30115765,95943673.21264517,88608982.70450768,100333576.8217352,95973942.8050302,91622954.32452764,90458981.42964265,92485677.62855767,92375137.82869019,92141591.64637516,89150149.2403427,94406103.18616508,89965436.07655263,85798829.85328759,93877978.3704327,97044846.50125521,87833253.69979268,89862051.07788765,89258298.61436266,87669847.29007006,89155131.61776015,100986021.42866759,98387640.49686013,100179271.73591763,92012163.10569009,96188660.67117764
2018-04-19,98969457.03782754,86713113.44934763,81714017.44519763,87965944.5950151,96640210.40543771,87811362.73134264,85787336.59135509,89004773.01223767,88967036.30723017,92261293.06401023,78518313.43378513,95640204.05704264,89408979.77611262,90205069.4058476,92908130.4113301,93187215.02624017,88457481.31589012,81143775.65603273,93132826.6068002,91266467.61796261,88410728.64668015,96632060.03751771,86141620.0796276,90047116.54852267,87416520.35761017,84513382.98165764,93387422.85914516,85658965.12317768,97689200.5311952,93692386.5395302,89836092.72487764,87833915.31896764,90435245.27355766,90548127.73806019,90123254.93810517,88009119.7730077,91357283.68616508,88005927.72255263,82907293.57522759,91264530.23793271,94351648.03225523,86214188.06820267,87676206.85275765,88067912.28341267,86121629.93467006,87571168.14876015,98918470.7690776,95997138.44558012,97942589.04841763,90033775.08769009,94554052.50260264
2018-04-20,99929505.96241754,88006500.25084764,82776672.75419763,88175277.4906051,97457885.27743772,88207099.81634265,87037010.18960759,90211571.03049017,90307790.30623017,93558822.22751024,78507680.82350513,97270781.34404264,90895385.65911262,91474393.79734759,94130616.11483012,94475995.87074018,90057837.5518901,82480479.83553272,95298612.6413002,91021582.1849626,89848873.57068014,96950901.29795772,87525802.10362762,91222915.15211266,88992147.32261017,86040683.27115764,96029201.88264517,85904827.65097767,98529793.02170019,95036177.10953021,91426603.57687764,90010659.22696763,91588375.06599517,92031327.74306019,91663194.78960516,89710786.58350772,92341344.81293508,88851023.05080512,84826269.1207276,92807003.98830771,95290102.90602523,87561652.07408768,88534667.37225765,89365495.89791267,87094818.53310756,89395776.01376015,100362984.8430776,95404275.41885012,98761738.95050764,92202028.88019009,96565503.53810266
2018-04-23,96943576.18456754,85435998.98788765,80346585.31399763,82184522.6562426,92316663.39893773,85887544.40284266,84721031.7141076,87841935.37199017,84366171.07973018,90010171.03701024,75039286.46923013,93778017.72554263,86947990.33511262,86219848.24434759,90454754.4528301,90411502.41074017,86757189.19402261,79021262.52859272,90849479.3808002,88223671.72246261,86790159.10868014,94024772.43395771,83060381.17638762,87623084.16761266,85452775.36661017,82511829.71641764,91537395.43895517,83985373.90047768,94590127.7183002,91312784.0455302,87601541.71187764,85955297.57796764,88225556.12599517,88241305.48006019,86992853.13060516,85364967.31950772,88263121.85893507,84658844.56130512,81907004.53446761,90065395.52284771,91932811.98752522,84101862.46308768,84894783.85629764,85180411.61691266,83991029.85922256,85323731.96098016,94949332.43211761,90621011.76335013,94903963.61815764,86841205.6872301,92516935.11832266
2018-04-24,97598446.71556753,86420222.55988765,80648486.60199763,82405520.8897876,92654841.40319023,85246738.37190267,84643696.6476076,87936398.37299018,84633650.61247768,90800376.64701024,74986455.08523014,94211232.33504266,86297965.51561263,86891619.3590951,90947793.07433012,91211346.76374017,86207726.6065226,79434717.92359273,90971531.3818002,87631791.4229626,86450565.50118014,94401475.50695771,83357699.17238763,86739784.84860016,85721297.88261017,82204724.82041764,90838367.70307018,83918658.68345767,95252590.31180018,91287604.0275302,86460560.20052764,86004536.12621514,88001779.23599517,87541957.92347267,87426432.04685266,84652540.20604771,87227697.57591256,85317967.41530514,81922433.02196759,89726468.46284771,91800821.04052523,83540426.80973768,84462375.24879766,84975413.06991267,83525142.97472256,86053560.92598017,95598785.2476176,90176426.93582761,93941743.89430764,86023391.78660008,91619557.98082265
2018-04-26,94746921.54633254,84459646.89375263,79233315.29586262,78874087.8762876,88360028.90869023,82188755.92490268,82686704.44828759,85545307.42985517,81893255.72460267,87809081.83800274,73039140.77823013,90992075.94404265,82700973.96961263,82987728.4245951,88729791.00155011,87720009.20774017,83488607.32352261,75574178.79773022,86513893.6370652,85230326.26696262,82248519.80718015,90727567.98445773,80253819.24648762,83206297.39286517,82562771.08911017,78505589.64160264,87552104.89107017,82054861.72095768,92539126.29236019,88781711.1485302,84506308.61452764,83989185.21521515,85784009.40878266,85748660.83547267,83797783.84788516,83036393.14781271,85246535.53040507,82887106.13530514,79317443.9011526,86467889.64534773,87927493.94352522,81517191.02818269,81812161.95929766,83203063.84341268,80816256.70722257,83304300.16116516,92000562.72761011,88729649.55182764,90524879.03262016,83402252.27760008,87792974.51676765
2018-04-27,94181940.97233254,85529377.59825264,79721327.92636262,80118118.0027876,88929275.79243773,83060370.64790268,82929205.9062876,85111177.5140802,82699361.80260268,87723358.52800274,73165762.77773014,92281856.77604266,83117160.07161263,82979050.1195951,88912545.94855012,87745351.85971767,84814048.40102261,76078199.61673023,87223507.76156521,84787318.56046262,83238774.12668015,90000226.31795773,81862517.69296513,84877339.03036517,83335495.64198267,78796025.60160264,88849956.47957018,82097146.71945769,93561643.76436019,89744062.2955302,85279756.94102764,84397502.35271515,86334850.03378266,86372347.48497269,84787748.28138515,84232974.7123127,84914674.57240508,83731020.39580515,79773590.4771526,87099579.17584772,89012650.86352523,82275513.07018268,83206600.09679766,83416617.16766018,81922018.95022258,82717906.35041267,93272142.18261012,89441600.43832764,91786340.42649266,84019659.72060008,87923453.21276766
2018-05-02,90819791.90843752,84464104.38166265,79124803.90786262,78351398.8912176,85571622.73886272,81535373.37584269,80651329.0132876,84361855.1805802,79980660.97295518,85279258.00482273,70729920.08723013,91031976.12004265,81362960.64761262,79090827.4783351,86709060.99605012,86543471.11075765,83109965.9550226,73986568.99833523,83872435.19322771,81650526.56896262,81150378.91760516,86822320.60188273,80482761.76796514,82691655.96536517,80138430.08998267,77004755.80210264,85778587.40199518,80332730.86256269,91689770.1994977,87048616.1845177,84287827.69202764,82995913.26157016,84338213.66205268,84611958.21346018,83234874.08088517,82342595.04931271,82977812.38704258,80979058.51230514,79504202.4181526,85461427.59525773,85877217.54334024,80708378.17468268,81862019.40379766,80039107.42793019,80861708.81136256,79945478.21341267,90872343.77561012,85688484.65782765,90544103.00949265,81710071.11276259,84327932.13626766
2018-05-03,91443572.82866253,85221288.69816266,79226867.56336261,78674054.3207176,86311278.35713772,81323054.0158427,79506024.82878761,84258984.25058019,79455073.5159452,85481517.15231273,71696110.70273013,90186268.73384267,80548207.47761261,79770228.6318351,86433828.43993013,86044727.53425765,83327065.48402262,73508525.31533523,84107781.72572772,81698382.36446261,80165486.62410516,87351787.02895525,80973892.60696514,83549826.59374517,78307332.82562517,77297369.34712264,85519919.88448519,79897691.29856269,92155261.5789977,87102999.0665077,83262408.17952764,83448963.97057015,84564199.67954268,85510255.02146019,82886737.49788518,81366335.1253127,83682320.30156259,81397868.91780514,78138915.2863326,84341070.08883023,86430483.61584024,80749388.97218269,81008290.50679767,79894688.7444302,79563984.65270758,79223766.47191267,90849381.18883511,85111904.52184764,90981124.78901267,82149078.07076259,82946977.63725767
2018-05-04,91949869.11316253,85321330.02066267,79674115.58436261,79225152.7787176,86390933.16213772,82176913.42934272,79564660.18428761,84736117.40058021,80075846.25144519,85416576.67431273,72162358.62573013,89634901.29234266,81074875.07911262,80457083.50833511,87770766.41743013,86435382.68625766,83114823.37552261,73679642.62883523,84823396.99572772,82373354.36896262,81709933.40110517,87103746.65545525,80942001.98196515,84593351.51274517,78982546.50512516,77151572.78612265,85699479.40248518,80239253.9245627,92325776.3679977,87777432.9505077,83127184.46402764,84363457.51257016,85442825.48554268,85490871.80396019,83077095.93138519,82014605.8768127,83471426.37606259,81597542.47480515,77232611.2898326,84358508.30483022,88306554.34934025,81063377.13318267,81159372.56179768,80022687.3369302,78745623.44520757,78033886.87541267,91211138.87683514,85884566.84284765,91143721.72751266,82704945.04876259,84093706.41075766
2018-05-07,94430674.50366253,87244114.81316265,81489570.25136262,81683894.83771761,88675097.35463774,83598101.83284272,80649391.42728761,85393041.38558021,81374812.88694519,87189908.49881274,74676155.58423014,90670794.31334266,82806900.14261262,82553217.90883511,88729861.13743013,87982460.45925766,85059690.09902261,75305342.40633523,87417893.96972772,84133271.11246261,83869419.51510517,89200380.54045525,82957535.64846516,85782089.08774517,79764689.59612517,79339135.10712264,87394419.94348519,80668446.7195627,93855590.67199773,90109271.4615077,85047582.84352764,85867128.76907015,87373953.91854268,86768793.60196018,84037324.89788519,84205698.2953127,85289017.52506259,83026909.38180515,78777395.94833261,85960513.70733023,91164963.11184025,82432979.6466827,82884356.2317977,81786897.7434302,80420183.30220756,79108786.74291268,92956272.91233513,87145525.86384763,92492844.60151267,86055555.01626259,85281519.03475767
2018-05-08,94564674.50366253,86022084.14016266,81621443.93336263,80751294.4227176,88113510.39813773,84059293.11734273,79256798.9597876,84842329.17758021,80707850.19244519,86632515.36931273,74512205.82723014,89037772.66434267,81953083.23661262,82097344.0563351,88624877.13343014,87419355.79475765,84952720.90052262,74544462.17833523,86745534.34772775,84139763.50646262,82688448.45910518,89065927.48245525,82402903.27046514,84114303.05124518,78631477.42112517,78867712.04612264,87250317.54898518,80268156.1640627,92658840.38449772,89539536.8915077,83851071.27852765,85363221.08407015,87181254.03554268,86062288.11396019,83853798.25438519,83727803.6438127,84645304.6380626,81582846.54230516,77800001.01383261,85695520.44633023,90965282.05284025,81672229.5136827,81656249.9857977,81341242.7174302,80317990.72470757,78377156.35391268,93489647.93183514,86105804.19684763,92227922.83851266,85767811.79976259,84759390.13725768
2018-05-09,93903151.82116254,85414677.52166267,80964470.86836264,80347780.98071761,87623058.59513773,83617743.38434273,79218412.79878762,84866566.03058022,80421252.13794518,87582969.42881273,73916167.21023014,89543053.18184267,82185435.85461262,81751176.86683512,89160561.12393014,87375050.09425765,84928516.80352262,74709941.50583524,86313066.05022773,83806510.16146262,82630870.82110518,88001628.82245526,83134318.62496515,84151654.47774518,78099092.78562517,78592407.00312266,86606414.01398519,79396084.03106269,91682790.88499771,89261241.9810077,83791790.22352764,84671542.16807015,86727258.75704269,85444126.4874602,83659277.94388519,83031515.2013127,83994449.2820626,80850854.93130516,77217573.25483263,85398715.80033024,90758305.33434024,80727087.9386827,80853035.6592977,81747339.6604302,80503444.38070756,78403398.70741268,92813188.78498515,86378687.67534764,92398817.99651267,85401838.4832626,84568226.80075768
2018-05-10,92386218.29645753,83310347.83666267,79613216.95486264,78252931.7197176,85505128.49413773,81566731.37284273,77452231.04578763,83257027.73560022,78813140.78594518,86500159.97081274,72150147.57723014,89288022.64084268,80872118.90761262,80013649.29783511,87761097.56743014,85201471.12025765,83853113.80252263,72875088.44283524,83981087.69222774,82063370.66896263,81203338.15460518,85406219.77445528,82147434.81596515,81290923.38224518,76768103.67612517,77793614.76862265,84637323.1614852,77637239.4469277,90062213.56179272,87408570.64850771,82249442.06552765,83136547.88207015,86071325.28404269,84090580.2879602,81511501.3163852,80883908.32931271,82349292.14106262,78823122.83680515,76081391.06383263,84250951.40233023,89087386.50534025,79195974.5871827,79704498.85779771,80364987.0169302,79743754.67520757,77580668.59191267,91256069.88798515,85056421.95984764,90288789.17751266,84260657.2892626,83460469.73525769
2018-05-11,93564654.07395753,84361004.44266267,80065034.34386264,79567739.5197176,87160284.05913773,82831260.06284274,78123917.17628762,84159156.21210021,79692876.35294518,87139313.17681274,73071782.40973014,89315079.61684269,81523448.02361263,80533056.1969026,88619071.80893014,86189172.66875765,84691830.43952262,73623937.74383526,85473019.41022773,82663160.43246263,82223399.27610518,86093273.80445528,82330448.47446515,82819873.31974518,77216518.68062517,78376535.82912266,85870232.02298519,78853858.8299277,90864185.51129273,88362752.0300077,82357587.07902765,83981232.12207016,86728719.96704268,84654052.9424602,82254682.6573852,82110060.5843127,82874954.08106261,79441719.93437265,77323744.23333263,84788458.99133024,89601276.30734025,79876821.75768271,80641964.4472977,81356949.7544302,80323876.94320758,78295455.10741267,91944008.98148516,85173107.27334765,91709679.35951267,84882877.18126258,82913479.8097577
2018-05-14,94576654.07395753,84473081.89666267,80042377.70636265,80410122.1332176,88707420.83713774,83868384.15984274,77902047.82828763,84115335.89260021,80244532.34894517,88065515.56931275,73662784.10023014,89793425.32184269,82311453.13811263,81620084.9964026,89370394.15843014,87702179.69525765,85541595.66352262,74621398.45083526,86087047.66022773,83480708.51246263,83152409.40710518,86367939.69645528,83251355.72996515,83335839.48124519,77464556.26262517,78828924.44762266,86781987.9799852,79306214.3099277,92264211.79529272,89257074.3855077,83014157.99302766,84687661.17207016,87616516.1585427,85661227.62446019,82683885.6013852,82533958.49931273,83348109.42356262,79990294.98387265,78178245.61683261,85123580.34233025,90039537.38134027,80249240.6816827,80340303.9137977,81811462.2499302,80287847.93470758,78968989.91691267,92824568.66748515,85142160.82484764,92461087.68351266,85757563.57126258,83234956.1257577
2018-05-15,95360049.44645754,84806297.21916267,79819870.73836266,80398948.91421762,89365932.05413774,83701118.72084275,78059420.06778763,84188094.88060021,80837287.41394518,88773702.62731275,74363131.25673014,89899178.71084267,83162703.53911263,82635313.9539026,90000711.87093015,88700377.63875766,86622253.44352262,74486344.10283525,86593803.54672773,83802353.28846264,84239942.76110518,87450503.48295528,84597758.24196516,83122214.40274519,77423553.74912517,79129662.69162266,87821479.1744852,79506257.7424277,92410842.02179271,90211573.48000771,83291295.43302765,85582924.33707017,88430822.71504268,86129906.4314602,83149513.2473852,82958149.37131272,84466671.68056262,80000258.78537264,78299439.02983262,86047964.58283024,89944082.44384027,81173921.06318271,80404808.35929772,82385547.8334302,80573508.04620758,79183492.58141267,93807537.31598516,85613313.97484764,92734074.48851268,86640909.12326258,83151296.1112577
2018-05-16,94487605.38845754,83632285.01961768,79176540.99486265,79141947.03521761,87948577.25263774,82631809.04234275,77229801.51128763,82972704.7781002,79603206.45644517,87984967.09181276,73751761.07673013,88741092.86334267,82091309.27061264,81483294.80340262,89102601.88893014,87349392.03325766,85304852.61652261,73860672.27654776,85327508.18472773,82652970.77846263,83455522.73010519,86356674.36791027,83908499.56946516,82587650.30770019,76476838.87312517,78413930.67912266,87399833.2634852,78563741.9259277,90835578.8462927,89475748.89400771,82851684.62102765,84843476.50707015,87205502.2325427,84645606.5589602,82667674.82538521,81720965.18081272,83041673.26206262,78565685.90392265,77624096.56233263,84947518.32733025,89020508.14384025,80321124.2491827,79921712.38229772,81495521.81643021,79922849.22020759,78304892.44346267,92704342.16448516,84446558.22684765,91613744.23351267,85848515.59376258,82479943.70475769
2018-05-17,93432561.57045753,83483205.55961767,77685776.04186265,78363649.37574512,87004209.18163775,81724532.59784275,76395171.86808263,81870396.53260021,78744816.29594518,87722665.56431276,72980405.05873014,88391371.69084267,81189694.24011263,80081470.59790261,87607550.20443015,85850199.75828516,84924636.51702262,73603884.62254776,84097217.48222774,82241047.09496264,82643248.18610519,85660713.12791027,82432145.47896516,81267741.6344952,75601827.71262518,77880803.40162265,87060969.95648521,77553390.7159277,90197983.23629272,88665036.30100772,82470046.26252766,84221485.54357016,86038318.52604268,84004022.03946021,82028977.15788521,81426107.36831272,81551300.90056263,78045333.57192266,76846917.35983263,84153629.86583024,88212418.74484026,79866201.36318271,80061516.09329772,81588095.5519302,79537656.79520759,77770761.05796267,92051698.55048516,84375345.24034765,91114802.36651269,84352406.30576259,82047116.25875771
2018-05-18,94141561.57045753,83527963.78461766,76526277.45686266,77963441.73674512,87072392.05913775,81682437.41834274,77550627.22854513,82135584.1875627,78806409.20244518,86310798.07731277,72860438.87623015,88039479.83434267,81500365.53011264,80609004.64040262,88150059.22643015,86361882.09228516,84495556.58502263,72804252.29454777,84950946.59972773,82521432.83046263,82233440.83810519,86755732.62291028,83035122.92192766,81694261.9469952,75649061.18312517,78412850.94012266,87693937.94948521,77010340.70742771,89737628.43129271,89184445.84400772,83534051.06452766,84912833.61357015,86429779.88354269,84049775.7054602,82291686.41938522,81906149.45731273,82366117.49056262,78207405.53342266,77089762.74383263,84301424.88283023,88842815.81884027,80241117.01718271,80107555.27779773,81878636.60443021,79629144.13570759,77951085.97996268,92794329.04698516,84677244.14334765,90834833.79201269,84805490.04876259,82255020.89975771
2018-05-21,92349561.57045753,82472056.19911766,76062319.56484015,76703861.28074512,84633457.47113775,79727820.91134274,76587671.23904514,80435978.13213271,77322436.64244518,84876325.39845528,71717250.60073015,86332879.91084267,79823148.54575515,78342301.54940261,86392303.29093015,84620096.44028516,82619840.57102263,71660186.24954776,83555684.39579774,81240270.59696265,80924967.04108268,85179872.37641028,81187593.47042766,80131312.7829952,73967969.20712517,77067517.25262266,86779941.29198521,75345014.86642772,88683083.84029272,87510630.61100772,82204053.42452766,83405567.99257016,84928384.98111269,82421956.68096021,81171184.48788522,80211281.49181274,80481488.44756263,76459133.33442266,75080620.27783264,82480200.09883024,87738162.68834028,79221372.47068271,79425540.16579773,81057225.08193022,79169752.2682076,76597205.53246269,91449508.85898517,82775996.40334766,89626980.63595018,83165676.8517626,81066814.35075772
2018-05-22,89293091.92045754,80660307.01261766,74023716.08484016,74200017.98274511,81056546.51240025,76440627.82102776,74655188.51404513,78566788.5378327,74415780.21799518,82244300.08395529,69865677.07773015,83757560.11784267,76353200.43175514,74731386.03590262,83175886.95536765,81532398.62728517,79136386.67256013,69572355.05921277,80594645.65229774,78914755.35946265,78494392.80358268,81900571.34334777,78378159.18397266,76999860.9784077,71472716.90514268,74345689.68414266,84347273.8056852,72064664.42442772,85674435.50329271,84152906.35200772,79760679.07402766,81306947.33207016,82642754.17661269,79595717.89674771,78648214.15955022,76750528.86731273,77554476.50708012,73837290.71942267,71871940.46933264,80056988.93133025,84443583.84989527,77363609.8096827,77454450.91629773,78855275.03643022,77435093.9197076,74105860.66996269,87785605.82798517,79557801.40784766,86747296.0004502,81224323.06679007,78359229.02151023
2018-05-23,89769285.33395754,80376931.29711767,74441350.25784016,75345690.69874512,81147320.93690026,76748488.33202775,75083961.40104514,79744721.9108327,74153376.86999518,83587254.33445528,70316524.39073014,84077090.63934268,77124304.37175514,75157664.32090262,83154451.49686766,81976718.35878515,79727927.15506014,70681663.90021276,81242978.97929773,78804491.11046265,79276210.80358268,82829986.20884776,79509968.10547265,77988100.4579077,71533815.98964268,74446582.04464266,84798111.1021852,72135041.4404277,86338975.05679272,83663493.42950772,80562914.16102767,82121485.98507015,83585312.8231127,79668850.96474773,80449808.84605022,76634819.89131275,78483508.38708013,74234905.05042267,72265694.99483265,81425866.32433024,84960158.21489528,78261896.44768271,77309695.45329773,78932628.42193022,77751970.54070759,73822527.70496269,88223334.74298517,80061214.71634766,86474242.13795018,81957110.47879007,79254011.80651024
2018-05-24,89530272.13395754,78889736.53111768,73795374.70184016,74555364.73374511,80498374.89340025,75724841.51702777,74845810.28904514,78900701.8538327,73393675.55749519,83304806.85845527,69390501.96923015,83212961.02984267,76577726.65675515,74195181.31190261,82224562.87386766,81465080.34028515,78966603.08006015,70051003.33271277,80465268.28129774,78221403.99496266,78837174.00258268,81356856.12219778,78429040.60347265,77408762.2669077,71184500.38564268,73719534.69214267,84559367.1041852,71638585.10342771,85314858.61379272,83173938.61800772,79962779.20702767,81696714.87957016,82294696.3661127,78527377.38024773,78927276.90255022,75768754.59481275,77720855.84358013,73661168.00942267,71178421.12183265,80897502.84483024,83957426.70189528,77350915.84318271,76161646.48229772,78537884.63443023,76769760.5082076,72382399.00196269,86984148.48698518,78914607.08184767,85316926.96930018,81412281.49429008,78176486.21701023
2018-05-25,88149272.13395754,76410526.37061767,71895516.62834017,72287426.58774512,77961838.22790027,74219829.76052776,73255320.87504515,76963970.4283327,71766376.96199518,80633218.96545528,67607896.19173016,81662609.40784267,74989744.60775514,72181071.47340262,80744120.06086767,79550490.48678516,76831284.00406015,69022839.80671278,77632817.63279775,76503915.42896266,76267666.41008268,79742632.74769777,75298758.26097265,75331449.7824077,69799141.57264268,72143475.44714266,83518924.2981852,69791926.42192772,83561605.58943772,81225764.50150771,77334579.02802767,80333513.19607016,80371695.6051127,76983595.55724773,76700998.47355023,73442012.02881277,76366528.56858012,72548261.05942267,69020933.60033265,78940638.68033025,81908547.41139528,74938647.02518271,73449144.18079773,76984106.27443023,74571476.2832076,70513520.94096269,85048314.07898517,77499819.19434768,83336022.94880018,80040059.53779009,76699196.00254774
2018-05-28,85531007.05345753,72624077.18587767,69226026.42664017,69499940.91224512,74582107.48705778,71406085.78985277,70997499.30534014,72957182.7829352,69591266.47126518,76052441.34605528,64841437.566552654,79052038.03889768,71434995.13809764,68727925.56962262,76956886.69551516,77376762.51662765,74107835.34906016,65823567.97481278,74887706.66759275,73566296.71676266,73169498.04473019,77528086.42474027,71290079.77001515,72253623.04990771,66583069.15284518,68487626.80570516,81716016.5415577,66978775.08270272,79524015.82534772,77817480.66593772,73015086.91672517,78717425.12762517,77175782.0563377,74905244.45173773,72787796.09780523,71379403.53433277,74154876.67550263,69646487.12372267,65259076.738977656,75072875.57350525,77254128.51890779,71073915.8540777,70179410.32599773,73945152.77247272,71546147.6949676,68059620.79626268,81217844.17584768,75019793.02587768,80988697.14887518,77982722.10309008,73801266.72304773
2018-05-29,87668879.37893504,73978487.57887767,71036965.31014016,72548923.93024513,77560546.68255776,72467772.51885277,72136501.36384013,74156652.4359352,70644826.70126519,78449769.17605528,65915464.64355265,80086042.79139769,73001945.78259765,70731157.18962261,77107517.35672516,80519468.47362766,75610915.51956016,67370598.64781278,77486965.03553525,76227984.25126266,75557130.01973018,79893575.45974027,72067210.13445766,73303804.31990771,68651346.38884519,69558821.30720517,85361537.3295577,68055531.58270273,81662611.45984772,78241188.40793774,74873891.80072518,79492607.65562516,79777104.26183769,76127058.13123773,74473862.43180524,72373301.93783277,74467946.84650263,70683717.84772268,68424674.77647766,77433357.49250525,79411045.7104078,71578099.3110777,71552418.61844023,76574156.03297272,72925089.88096762,68986393.90726268,83346298.85984768,77404218.19637768,83833882.43587518,80950776.96109009,75601072.27654774
2018-05-30,87674466.53893504,73375767.47737768,70275434.95964018,72646356.84724513,77580731.87455776,71384590.14435276,72357482.14934015,73719813.5384352,70291574.37676519,78125882.3320553,66618749.11255266,79311978.39639768,73044595.67759764,70157200.15312262,77330486.86022517,81039778.40962766,75506025.87206016,66435869.953312784,77669940.33053525,75691678.31076266,74808341.57273018,79865282.59724027,71289985.78195767,73082368.21540771,68074557.28234519,68866776.19120516,86190953.61455771,68354691.09270272,80698882.50484774,78022314.14993773,74114850.80222517,79993909.44962516,79377048.8143377,75912126.48173773,74389052.20480523,72044334.01333278,74670318.94950262,70578141.96422268,68392287.06097765,77822771.89500526,78597856.0319078,71315222.59857771,71445083.17994022,75850522.27947274,72647994.74996762,68828555.49976268,83635779.67084768,77104835.92437768,82766561.66087519,81960623.9085901,74870496.94954774
2018-05-31,89443303.90793504,74041782.13737768,70857378.73664017,73008092.32874513,79663619.57605776,73130021.47885276,74221502.12934016,74488801.86343521,72060215.69176519,79285257.70555529,68102979.51355267,80815237.9353977,73938392.63559765,71803266.96762262,78283163.56222516,84000983.63612767,77173004.39006017,67716876.26681279,79179175.40553525,77118323.36876266,76215428.8677302,80794522.03874026,73148954.74145766,73742898.83290772,68934635.38184519,69375590.58870515,89139927.9420577,69860536.45870271,81055570.07934773,79268145.66593774,73764502.24672517,81769280.37912516,80434612.4598377,77914811.29623774,76599193.32380524,73302515.39833277,77325732.69750261,72042277.81922269,69473771.68747766,79378115.10350525,80125408.36190778,72735093.0605777,72502649.59794024,77067882.32847273,73718621.41846763,70021101.5262627,84857957.89984767,78251388.25037768,84128367.26687518,83348673.1340901,77470880.62704775
2018-06-01,90292915.57043505,75100241.23387769,71778230.83464018,73907552.00124511,80557062.60305776,74153712.04135276,75071728.84934014,75935579.2879352,72439024.8812652,80427006.0290553,69050061.22805266,82219363.1263977,74825196.89809766,72564184.64512262,78809525.91722517,85153894.73062767,78479233.08006017,68418010.52081278,79344090.75553524,77920748.55376266,76731715.0002302,81883208.81574027,74241033.36895765,74599709.68990773,69200822.9333452,69782676.00320517,90338006.5470577,70827865.04520273,81325745.25584772,80656352.21293774,74518377.13822518,82534668.75862516,81925271.85233772,78730687.71723774,77997167.49630523,73312016.61783278,78649628.34350263,73521205.62972268,69377305.91947767,81017679.41750526,80825054.75990778,73619703.07507771,73204355.53994024,77620279.54197274,74293828.89446762,70725217.17826268,85708767.69984768,79195958.00237769,83971538.20587519,83958833.41859008,78291845.58854774
2018-06-04,92598915.57043505,76540097.21387768,72878071.68464017,74662708.19624512,81821266.85555777,74966366.69385277,76546812.52934015,77636882.3004352,73136942.9862652,82209006.0290553,69821741.63305266,83307647.2513977,76053014.89809766,73900178.24512261,79554956.85972518,86740266.57812767,78987147.89506017,68974268.58331278,80379307.05553526,78631722.12626266,77227709.48023018,83394248.81574026,75525369.87895766,75960584.08990774,69802547.95084518,70588106.63570517,91645466.2470577,71566855.43270274,82244059.33084773,81249924.40293775,75354563.69572517,83588823.19112515,83600535.92483771,79158187.02973774,79769065.39380524,73732408.49283278,79905942.00350262,74620882.95222269,68703829.22197767,82332835.27500527,82346139.70990779,75099227.15507771,74558733.73494023,79340544.52197275,74902784.30696762,72027341.0407627,87500261.02734768,80076835.40737769,84967327.08587518,84190173.50359009,79301991.80854775
2018-06-05,93380460.71293505,77411641.16387768,72823656.28464018,74583974.31624512,82689155.47805777,75792777.01385278,76971084.08934015,78098168.7054352,72599819.8987652,83178424.0440553,69752631.03305265,83840859.3538977,76402527.78559765,74243229.87762262,79439745.32472517,88367845.34812766,78620562.28256017,69227795.66831279,81227701.28803526,79172431.85876267,77189286.02273019,83798809.24324027,75678969.91895765,77072584.08990774,69738311.85584518,70957398.81820516,91414787.3420577,72456576.22770274,82500453.56334773,81762515.37543775,75413050.72822517,83949055.55362517,83954955.72733772,79073390.34973773,80171195.49880524,74421305.04283279,80120910.99100262,74743907.4597227,69075964.74197768,82326715.97000527,82812613.8399078,75050991.57757771,74657345.53744024,80197262.46697274,74833151.28446762,73488374.7707627,86118610.61984769,80761459.41237769,84758344.90837519,84797105.28859009,79591298.47354776
2018-06-06,94554534.39293504,77475641.16387768,73800717.68464017,74575785.60624513,82419155.47805777,75580777.01385278,76775084.08934015,78441168.7054352,72599819.8987652,83199424.0440553,70356680.15305266,84076859.3538977,76466527.78559765,74417229.87762262,80174806.72472517,88321845.34812766,78746562.28256017,69271795.66831279,81802762.68803525,79444431.85876267,77189286.02273019,84549870.64324027,75482969.91895765,77537645.48990773,70436360.97584519,71021398.81820516,92532861.02205771,72288576.22770274,82582809.32334773,81940515.37543775,75578050.72822517,83863055.55362517,84706017.12733772,78751390.34973773,79865195.49880524,74641305.04283279,80086910.99100262,75652968.85972269,69229964.74197768,82342715.97000527,83619675.2399078,75802052.9775777,75392406.93744025,80016073.75697273,75678212.68446763,73324374.7707627,87016684.29984769,81198459.41237769,85493406.3083752,84491105.28859009,79804298.47354776
2018-06-07,94457230.34293504,77374641.16387768,73516717.68464017,74642785.60624513,82237155.47805777,75584777.01385278,76846084.08934015,77970168.7054352,72599819.8987652,82728424.0440553,70423680.15305266,84151859.3538977,76365527.78559765,74320229.87762262,80174806.72472517,88133845.34812766,78817562.28256017,69117795.66831279,81624762.68803525,79270431.85876267,77189286.02273019,84616870.64324027,75553969.91895765,77375392.11490773,70440360.97584519,70920398.81820516,92607861.02205771,72138576.22770274,82608530.61084773,81829515.37543775,75218050.72822517,83938055.55362517,84773017.12733772,78751390.34973773,79951942.12380524,74667077.0053328,79979910.99100262,75555968.85972269,69079964.74197768,82429462.59500527,83490675.2399078,75869052.9775777,75412153.56244025,79656073.75697273,75682212.68446763,73160374.7707627,87083684.29984769,80664459.41237769,85493406.3083752,84579826.57609008,79276298.47354776
2018-06-08,94849230.34293504,77710641.16387768,73484717.68464017,74642785.60624513,82537155.47805777,75520777.01385278,76782084.08934015,78294168.7054352,72599819.8987652,82988424.0440553,70423680.15305266,84151859.3538977,76701527.78559765,74656229.87762262,80174806.72472517,88461845.34812766,78817562.28256017,69425795.66831279,81924762.68803525,79634431.85876267,77189286.02273019,84616870.64324027,75489969.91895765,77675392.11490773,70440360.97584519,71256398.81820516,92607861.02205771,72382576.22770274,82608530.61084773,82193515.37543775,75178050.72822517,83874055.55362517,84773017.12733772,78687390.34973773,79887942.12380524,74667077.0053328,80279910.99100262,75891968.85972269,69387964.74197768,82429462.59500527,83882675.2399078,75869052.9775777,75412153.56244025,79552073.75697273,75682212.68446763,73432374.7707627,87083684.29984769,80988459.41237769,85493406.3083752,84515826.57609008,79572298.47354776
2018-06-11,94855230.34293504,77710641.16387768,73259717.68464017,74642785.60624513,82447155.47805777,75433777.01385278,76695084.08934015,78012168.7054352,72599819.8987652,82616424.0440553,70423680.15305266,84157859.3538977,76701527.78559765,74659229.87762262,80174806.72472517,88377845.34812766,78820562.28256017,69425795.66831279,81837762.68803525,79640431.85876267,77189286.02273019,84616870.64324027,75402969.91895765,77585392.11490773,70443360.97584519,71256398.81820516,92613861.02205771,72295576.22770274,82611530.61084773,82196515.37543775,74893050.72822517,83790055.55362517,84773017.12733772,78597390.34973773,79797942.12380524,74673077.0053328,80195910.99100262,75894968.85972269,69390964.74197768,82429462.59500527,83882675.2399078,75869052.9775777,75412153.56244025,79177073.75697273,75685212.68446763,73345374.7707627,87083684.29984769,80709459.41237769,85493406.3083752,84425826.57609008,79287298.47354776
2018-06-12,94599230.34293504,77454641.16387768,73103717.68464017,74434785.60624513,82202155.47805777,75244777.01385278,76298084.08934015,77556168.7054352,72599819.8987652,81967424.0440553,70215680.15305266,83957859.3538977,76445527.78559765,74407229.87762262,80174806.72472517,88136845.34812766,78616562.28256017,69381795.66831279,81596762.68803525,79596431.85876267,77189286.02273019,84408870.64324027,75005969.91895765,77340392.11490773,70447360.97584519,71000398.81820516,92413861.02205771,72062576.22770274,82615530.61084773,81940515.37543775,74693050.72822517,83397055.55362517,84565017.12733772,78404390.34973773,79396942.12380524,74681077.0053328,79750910.99100262,75642968.85972269,69350964.74197768,82221462.59500527,83618675.2399078,75661052.9775777,75412153.56244025,78784073.75697273,75689212.68446763,73108374.7707627,86875684.29984769,80465459.41237769,85493406.3083752,84024826.57609008,79039298.47354776
2018-06-13,94788230.34293504,77379641.16387768,73351717.68464017,74359785.60624513,82227155.47805777,75401777.01385278,76380084.08934015,77758168.7054352,72599819.8987652,82194424.0440553,70140680.15305266,84146859.3538977,76370527.78559765,74464229.87762262,80174806.72472517,88425845.34812766,78673562.28256017,69381795.66831279,81753762.68803525,79860431.85876267,77189286.02273019,84333870.64324027,75087969.91895765,77365392.11490773,70579360.97584519,70925398.81820516,92602861.02205771,72219576.22770274,82747530.61084773,81997515.37543775,74838050.72822517,83611055.55362517,84490017.12733772,78429390.34973773,79346942.12380524,74945077.0053328,79964910.99100262,75699968.85972269,69482964.74197768,82146462.59500527,83543675.2399078,75586052.9775777,75412153.56244025,78954073.75697273,75821212.68446763,73265374.7707627,86800684.29984769,80874459.41237769,85493406.3083752,83974826.57609008,79184298.47354776
2018-06-14,94046230.34293504,76803641.16387768,73378717.68464017,73903785.60624513,82097155.47805777,75328777.01385278,75851084.08934015,77224168.7054352,72599819.8987652,81660424.0440553,69684680.15305266,83544859.3538977,75794527.78559765,73815229.87762262,80174806.72472517,88139845.34812766,78144562.28256017,69271795.66831279,81550762.68803525,79584431.85876267,77189286.02273019,83877870.64324027,74558969.91895765,77235392.11490773,70506360.97584519,70349398.81820516,92000861.02205771,72036576.22770274,82674530.61084773,81338515.37543775,74963050.72822517,83009055.55362517,84034017.12733772,78429390.34973773,78890942.12380524,74799077.0053328,79232910.99100262,75050968.85972269,69299964.74197768,81690462.59500527,82947675.2399078,75130052.9775777,75412153.56244025,79079073.75697273,75748212.68446763,73072374.7707627,86344684.29984769,80723459.41237769,85493406.3083752,83518826.57609008,79189298.47354776
2018-06-15,93639230.34293504,76594641.16387768,73186717.68464017,73778785.60624513,82000155.47805777,75230777.01385278,75628084.08934015,76791168.7054352,72599819.8987652,81221424.0440553,69559680.15305266,83235859.3538977,75585527.78559765,73514229.87762262,80174806.72472517,87851845.34812766,77927562.28256017,69194795.66831279,81361762.68803525,79309431.85876267,77189286.02273019,83752870.64324027,74335969.91895765,77138392.11490773,70414360.97584519,70140398.81820516,91691861.02205771,71861576.22770274,82582530.61084773,81030515.37543775,74838050.72822517,82694055.55362517,83909017.12733772,78423390.34973773,78759942.12380524,74615077.0053328,78826910.99100262,74749968.85972269,69130964.74197768,81565462.59500527,82724675.2399078,75005052.9775777,75412153.56244025,78948073.75697273,75656212.68446763,72890374.7707627,86219684.29984769,80323459.41237769,85493406.3083752,83387826.57609008,78980298.47354776
2018-06-18,93378230.34293504,76383641.16387768,72850717.68464017,73819785.60624513,81605155.47805777,75104777.01385278,75543084.08934015,76140168.7054352,72599819.8987652,80448424.0440553,69600680.15305266,83268859.3538977,75374527.78559765,73299229.87762262,80174806.72472517,87427845.34812766,77964562.28256017,68963795.66831279,80962762.68803525,79028431.85876267,77189286.02273019,83793870.64324027,74250969.91895765,76743392.11490773,70410360.97584519,69929398.81820516,91724861.02205771,71504576.22770274,82578530.61084773,80794515.37543775,74423050.72822517,82605055.55362517,83950017.12733772,78301390.34973773,78678942.12380524,74607077.0053328,78464910.99100262,74534968.85972269,68895964.74197768,81606462.59500527,82471675.2399078,75046052.9775777,75412153.56244025,78411073.75697273,75652212.68446763,72512374.7707627,86260684.29984769,79627459.41237769,85493406.3083752,83306826.57609008,78313298.47354776
2018-06-19,92500230.34293504,75607641.16387768,72516717.68464017,73487785.60624513,81100977.54555777,75067599.08135277,75173906.15684015,74913168.7054352,72599819.8987652,79198246.11155531,69268680.15305266,82908859.3538977,74598527.78559765,72509229.87762262,80174806.72472517,86858667.41562766,77618562.28256017,68556795.66831279,80444584.75553526,78519431.85876267,77189286.02273019,83461870.64324027,73881791.98645766,76239214.18240772,70396360.97584519,69153398.81820516,91364861.02205771,71060398.29520273,82564530.61084773,79967515.37543775,73991052.76396267,82221877.62112516,83618017.12733772,78278212.41723773,78323764.19130524,74579077.0053328,77600733.05850263,73744968.85972269,68474964.74197768,81274462.59500527,81621675.2399078,74714052.9775777,75412153.56244025,77925962.92511024,75638212.68446763,72031196.8382627,85928684.29984769,78686461.44811518,85493406.3083752,82951648.64359008,77437300.50928524
2018-06-20,92925230.34293504,75858641.16387768,72865717.68464017,73570785.60624513,81282977.54555777,75140599.08135277,75329906.15684015,75596168.7054352,72599819.8987652,79881246.11155531,69351680.15305266,83137859.3538977,74849527.78559765,72833229.87762262,80174806.72472517,87200667.41562766,77774562.28256017,68710795.66831279,80699584.75553526,78847431.85876267,77189286.02273019,83544870.64324027,74037791.98645766,76421214.18240772,70469360.97584519,69404398.81820516,91593861.02205771,71287398.29520273,82637530.61084773,80305515.37543775,73991052.76396267,82450877.62112516,83701017.12733772,78278212.41723773,78406764.19130524,74725077.0053328,78011733.05850263,74068968.85972269,68701964.74197768,81357462.59500527,81900675.2399078,74797052.9775777,75412153.56244025,77925962.92511024,75711212.68446763,72272196.8382627,86011684.29984769,79014461.44811518,85493406.3083752,83034648.64359008,77605300.50928524
2018-06-21,92433230.34293504,75476641.16387768,72696717.68464017,73404785.60624513,81048977.54555777,75103599.08135277,75126906.15684015,74994168.7054352,72599819.8987652,79279246.11155531,69185680.15305266,82897859.3538977,74467527.78559765,72414229.87762262,80174806.72472517,86874667.41562766,77571562.28256017,68512795.66831279,80428584.75553526,78539431.85876267,77189286.02273019,83378870.64324027,73834791.98645766,76187214.18240772,70432360.97584519,69022398.81820516,91353861.02205771,71052398.29520273,82600530.61084773,79868515.37543775,73991052.76396267,82210877.62112516,83535017.12733772,78278212.41723773,78240764.19130524,74651077.0053328,77537733.05850263,73649968.85972269,68466964.74197768,81191462.59500527,81482675.2399078,74631052.9775777,75412153.56244025,77925962.92511024,75674212.68446763,72019196.8382627,85845684.29984769,78706461.44811518,85493406.3083752,82868648.64359008,77389300.50928524
2018-06-22,92360248.27043504,75463659.09137768,72768717.68464017,73223803.53374512,81230977.54555777,75059599.08135277,74901924.08434016,75096186.6329352,72599819.8987652,79381264.0390553,69004698.08055265,82628877.2813977,74454545.71309766,72357247.80512261,80174806.72472517,86982667.41562766,77346580.21006016,68666795.66831279,80566584.75553526,78633431.85876267,77189286.02273019,83197888.57074027,73609809.91395766,76369214.18240772,70388360.97584519,69009416.74570516,91084878.9495577,71162398.29520273,82556530.61084773,79825533.30293775,73991052.76396267,81941895.54862517,83354035.05483772,78278212.41723773,78059782.11880523,74563077.0053328,77450750.98600262,73592986.78722268,68576964.74197768,81010480.52250527,81497693.1674078,74450070.9050777,75412153.56244025,77925962.92511024,75630212.68446763,72143196.8382627,85664702.22734769,78800461.44811518,85493406.3083752,82687666.57109007,77557300.50928524
2018-06-25,92426248.27043504,75463659.09137768,72761717.68464017,73223803.53374512,81230977.54555777,75092599.08135277,74934924.08434016,75079186.6329352,72599819.8987652,79364264.0390553,69004698.08055265,82694877.2813977,74454545.71309766,72390247.80512261,80174806.72472517,87048667.41562766,77379580.21006016,68666795.66831279,80599584.75553526,78699431.85876267,77189286.02273019,83197888.57074027,73642809.91395766,76369214.18240772,70421360.97584519,69009416.74570516,91150878.9495577,71195398.29520273,82589530.61084773,79858533.30293775,73991052.76396267,82007895.54862517,83354035.05483772,78278212.41723773,78059782.11880523,74629077.0053328,77516750.98600262,73625986.78722268,68609964.74197768,81010480.52250527,81497693.1674078,74450070.9050777,75412153.56244025,77925962.92511024,75663212.68446763,72176196.8382627,85664702.22734769,78866461.44811518,85493406.3083752,82687666.57109007,77557300.50928524
2018-06-26,92476248.27043504,75511659.09137768,72714717.68464017,73223803.53374512,81282977.54555777,75089599.08135277,74931924.08434016,75073186.6329352,72599819.8987652,79358264.0390553,69004698.08055265,82688877.2813977,74502545.71309766,72435247.80512261,80174806.72472517,87098667.41562766,77376580.21006016,68710795.66831279,80648584.75553526,78745431.85876267,77189286.02273019,83197888.57074027,73639809.91395766,76421214.18240772,70418360.97584519,69057416.74570516,91144878.9495577,71236398.29520273,82586530.61084773,79907533.30293775,73991052.76396267,82001895.54862517,83354035.05483772,78278212.41723773,78059782.11880523,74623077.0053328,77562750.98600262,73670986.78722268,68650964.74197768,81010480.52250527,81553693.1674078,74450070.9050777,75412153.56244025,77925962.92511024,75660212.68446763,72221196.8382627,85664702.22734769,78912461.44811518,85493406.3083752,82687666.57109007,77605300.50928524
2018-06-27,92664248.27043504,75571659.09137768,72476920.86697018,73223803.53374512,81347977.54555777,75148599.08135277,74990924.08434016,74826190.61084771,72599819.8987652,79111268.0169678,69004698.08055265,82806877.2813977,74562545.71309766,72554247.80512261,80174806.72472517,87286667.41562766,77435580.21006016,68765795.66831279,80772584.75553526,78928431.85876267,77189286.02273019,83197888.57074027,73698809.91395766,76486214.18240772,70477360.97584519,69117416.74570516,91262878.9495577,71350398.29520273,82645530.61084773,80031533.30293775,73991052.76396267,82119895.54862517,83354035.05483772,78278212.41723773,78059782.11880523,74741077.0053328,77745750.98600262,73789986.78722268,68764964.74197768,81010480.52250527,81623693.1674078,74450070.9050777,75412153.56244025,77925962.92511024,75719212.68446763,72340196.8382627,85664702.22734769,79095461.44811518,85493406.3083752,82687666.57109007,77665300.50928524
2018-06-28,92854248.27043504,75427659.09137768,72655920.86697018,73223803.53374512,81191977.54555777,75327599.08135277,75169924.08434016,74849190.61084771,72599819.8987652,79134268.0169678,69004698.08055265,83164877.2813977,74418545.71309766,72589247.80512261,80174806.72472517,87476667.41562766,77614580.21006016,68633795.66831279,80795584.75553526,79130431.85876267,77189286.02273019,83197888.57074027,73877809.91395766,76330214.18240772,70656360.97584519,68973416.74570516,91620878.9495577,71397398.29520273,82824530.61084773,80054533.30293775,73991052.76396267,82477895.54862517,83354035.05483772,78278212.41723773,78059782.11880523,75099077.0053328,77947750.98600262,73824986.78722268,68811964.74197768,81010480.52250527,81455693.1674078,74450070.9050777,75412153.56244025,77925962.92511024,75898212.68446763,72375196.8382627,85664702.22734769,79297461.44811518,85493406.3083752,82687666.57109007,77521300.50928524
2018-06-29,92854248.27043504,75427659.09137768,72655920.86697018,73223803.53374512,81191977.54555777,75327599.08135277,75169924.08434016,74849190.61084771,72599819.8987652,79134268.0169678,69004698.08055265,83164877.2813977,74418545.71309766,72589247.80512261,80174806.72472517,87476667.41562766,77614580.21006016,68633795.66831279,80795584.75553526,79130431.85876267,77189286.02273019,83197888.57074027,73877809.91395766,76330214.18240772,70656360.97584519,68973416.74570516,91620878.9495577,71397398.29520273,82824530.61084773,80054533.30293775,73991052.76396267,82477895.54862517,83354035.05483772,78278212.41723773,78059782.11880523,75099077.0053328,77947750.98600262,73824986.78722268,68811964.74197768,81010480.52250527,81455693.1674078,74450070.9050777,75412153.56244025,77925962.92511024,75898212.68446763,72375196.8382627,85664702.22734769,79297461.44811518,85493406.3083752,82687666.57109007,77521300.50928524
2018-07-02,92436248.27043504,75091659.09137768,72642920.86697018,73223803.53374512,80827977.54555777,75314599.08135277,75156924.08434016,74472190.61084771,72599819.8987652,78757268.0169678,69004698.08055265,83138877.2813977,74082545.71309766,72240247.80512261,80174806.72472517,87058667.41562766,77601580.21006016,68325795.66831279,80418584.75553526,78740431.85876267,77189286.02273019,83197888.57074027,73864809.91395766,75966214.18240772,70643360.97584519,68637416.74570516,91594878.9495577,71076398.29520273,82811530.61084773,79677533.30293775,73991052.76396267,82451895.54862517,83354035.05483772,78278212.41723773,78059782.11880523,75073077.0053328,77557750.98600262,73475986.78722268,68490964.74197768,81010480.52250527,81063693.1674078,74450070.9050777,75412153.56244025,77925962.92511024,75885212.68446763,72026196.8382627,85664702.22734769,78907461.44811518,85493406.3083752,82687666.57109007,77185300.50928524
2018-07-03,91446248.27043504,74815659.09137768,72308920.86697018,73223803.53374512,80528977.54555777,74980599.08135277,74822924.08434016,73839190.61084771,72599819.8987652,78124268.0169678,69004698.08055265,82470877.2813977,73806545.71309766,71630247.80512261,80174806.72472517,86068667.41562766,77267580.21006016,68072795.66831279,79785584.75553526,77773431.85876267,77189286.02273019,83197888.57074027,73530809.91395766,75667214.18240772,70309360.97584519,68361416.74570516,90926878.9495577,70489398.29520273,82477530.61084773,79044533.30293775,73991052.76396267,81783895.54862517,83354035.05483772,78278212.41723773,78059782.11880523,74405077.0053328,76590750.98600262,72865986.78722268,67903964.74197768,81010480.52250527,80741693.1674078,74450070.9050777,75412153.56244025,77925962.92511024,75551212.68446763,71416196.8382627,85664702.22734769,77940461.44811518,85493406.3083752,82687666.57109007,76909300.50928524
2018-07-04,91886352.04299504,74983659.09137768,72544920.86697018,73223803.53374512,80710977.54555777,75216599.08135277,75058924.08434016,74045572.6853677,72599819.8987652,78542268.0169678,69004698.08055265,82942877.2813977,73974545.71309766,72034247.80512261,80174806.72472517,86736667.41562766,77503580.21006016,68226795.66831279,80203584.75553526,78427431.85876267,77189286.02273019,83197888.57074027,73766809.91395766,75849214.18240772,70545360.97584519,68529416.74570516,91398878.9495577,70879398.29520273,82713530.61084773,79462533.30293775,73991052.76396267,82255895.54862517,83354035.05483772,78278212.41723773,78059782.11880523,74877077.0053328,77033133.06052263,73269986.78722268,68293964.74197768,81010480.52250527,80937693.1674078,74450070.9050777,75412153.56244025,77925962.92511024,75787212.68446763,71820196.8382627,85664702.22734769,78594461.44811518,85493406.3083752,82687666.57109007,77077300.50928524
2018-07-05,92018352.04299504,74815659.09137768,72610920.86697018,73223803.53374512,80456470.86426526,75282599.08135277,75124924.08434016,74111572.6853677,72599819.8987652,78353761.3356753,69004698.08055265,83074877.2813977,73806545.71309766,71932247.80512261,80174806.72472517,86672667.41562766,77569580.21006016,68072795.66831279,80087584.75553526,78377431.85876267,77189286.02273019,83197888.57074027,73832809.91395766,75667214.18240772,70611360.97584519,68361416.74570516,91530878.9495577,70791398.29520273,82779530.61084773,79346533.30293775,73991052.76396267,82387895.54862517,83354035.05483772,78278212.41723773,78059782.11880523,75009077.0053328,77165133.06052263,73101057.54295269,68205964.74197768,81010480.52250527,80741693.1674078,74450070.9050777,75412153.56244025,77925962.92511024,75853212.68446763,71718196.8382627,85664702.22734769,78544461.44811518,85493406.3083752,82687666.57109007,76842371.26501524
2018-07-06,91992352.04299504,75067659.09137768,72597920.86697018,73223803.53374512,80456470.86426526,75269599.08135277,75111924.08434016,74098572.6853677,72599819.8987652,78340761.3356753,69004698.08055265,83048877.2813977,74058545.71309766,72171247.80512261,80174806.72472517,86940667.41562766,77556580.21006016,68303795.66831279,80347584.75553526,78624431.85876267,77189286.02273019,83197888.57074027,73819809.91395766,75940214.18240772,70598360.97584519,68613416.74570516,91504878.9495577,71009398.29520273,82766530.61084773,79606533.30293775,73991052.76396267,82361895.54862517,83354035.05483772,78278212.41723773,78059782.11880523,74983077.0053328,77139133.06052263,73088057.54295269,68423964.74197768,81010480.52250527,81035693.1674078,74450070.9050777,75412153.56244025,77925962.92511024,75840212.68446763,71957196.8382627,85664702.22734769,78791461.44811518,85493406.3083752,82687666.57109007,76842371.26501524
2018-07-09,91886352.04299504,74923659.09137768,72544920.86697018,73223803.53374512,80456470.86426526,75216599.08135277,75058924.08434016,74045572.6853677,72599819.8987652,78287761.3356753,69004698.08055265,82942877.2813977,73914545.71309766,71974247.80512261,80174806.72472517,86666667.41562766,77503580.21006016,68171795.66831279,80138584.75553526,78362431.85876267,77189286.02273019,83197888.57074027,73766809.91395766,75784214.18240772,70545360.97584519,68469416.74570516,91398878.9495577,70824398.29520273,82713530.61084773,79397533.30293775,73991052.76396267,82255895.54862517,83354035.05483772,78278212.41723773,78059782.11880523,74877077.0053328,77033133.06052263,73035057.54295269,68238964.74197768,81010480.52250527,80867693.1674078,74450070.9050777,75412153.56244025,77925962.92511024,75787212.68446763,71760196.8382627,85664702.22734769,78529461.44811518,85493406.3083752,82687666.57109007,76842371.26501524
2018-07-10,91708352.04299504,74899659.09137768,72455920.86697018,73223803.53374512,80456470.86426526,75127599.08135277,74969924.08434016,73956572.6853677,72599819.8987652,78198761.3356753,69004698.08055265,82764877.2813977,73890545.71309766,71861247.80512261,80174806.72472517,86460667.41562766,77414580.21006016,68149795.66831279,80023584.75553526,78158431.85876267,77189286.02273019,83197888.57074027,73677809.91395766,75758214.18240772,70456360.97584519,68445416.74570516,91220878.9495577,70713398.29520273,82624530.61084773,79282533.30293775,73991052.76396267,82077895.54862517,83354035.05483772,78278212.41723773,78059782.11880523,74699077.0053328,76855133.06052263,72946057.54295269,68127964.74197768,81010480.52250527,80839693.1674078,74450070.9050777,75412153.56244025,77925962.92511024,75698212.68446763,71647196.8382627,85664702.22734769,78325461.44811518,85493406.3083752,82687666.57109007,76842371.26501524
2018-07-11,91842352.04299504,74852701.50137767,72522920.86697018,73223803.53374512,80456470.86426526,75194599.08135277,75036924.08434016,74023572.6853677,72599819.8987652,78265761.3356753,69004698.08055265,82898877.2813977,73843588.12309766,71881290.21512263,80174806.72472517,86539883.56062765,77481580.21006016,68106751.21081279,80039714.03303526,78241561.13626267,77189286.02273019,83197888.57074027,73744809.91395766,75707343.45990773,70523360.97584519,68398459.15570517,91354878.9495577,70737353.83770274,82691530.61084773,79298662.58043775,73991052.76396267,82211895.54862517,83354035.05483772,78278212.41723773,78059782.11880523,74833077.0053328,76989133.06052263,73013057.54295269,68151920.28447768,81010480.52250527,80784909.31240779,74450070.9050777,75412153.56244025,77925962.92511024,75765212.68446763,71667239.2482627,85664702.22734769,78408590.72561519,85493406.3083752,82687666.57109007,76842371.26501524
2018-07-12,91708352.04299504,74852701.50137767,72455920.86697018,73223803.53374512,80456470.86426526,75127599.08135277,74969924.08434016,73956572.6853677,72599819.8987652,78198761.3356753,69004698.08055265,82764877.2813977,73843588.12309766,71814290.21512263,80174806.72472517,86405883.56062765,77414580.21006016,68106751.21081279,79972714.03303526,78107561.13626267,77189286.02273019,83197888.57074027,73677809.91395766,75707343.45990773,70456360.97584519,68398459.15570517,91220878.9495577,70670353.83770274,82624530.61084773,79231662.58043775,73991052.76396267,82077895.54862517,83354035.05483772,78278212.41723773,78059782.11880523,74699077.0053328,76855133.06052263,72946057.54295269,68084920.28447768,81010480.52250527,80784909.31240779,74450070.9050777,75412153.56244025,77925962.92511024,75698212.68446763,71600239.2482627,85664702.22734769,78274590.72561519,85493406.3083752,82687666.57109007,76842371.26501524
2018-07-13,91708352.04299504,74852701.50137767,72455920.86697018,73223803.53374512,80456470.86426526,75127599.08135277,74969924.08434016,73956572.6853677,72599819.8987652,78198761.3356753,69004698.08055265,82764877.2813977,73843588.12309766,71814290.21512263,80174806.72472517,86405883.56062765,77414580.21006016,68106751.21081279,79972714.03303526,78107561.13626267,77189286.02273019,83197888.57074027,73677809.91395766,75707343.45990773,70456360.97584519,68398459.15570517,91220878.9495577,70670353.83770274,82624530.61084773,79231662.58043775,73991052.76396267,82077895.54862517,83354035.05483772,78278212.41723773,78059782.11880523,74699077.0053328,76855133.06052263,72946057.54295269,68084920.28447768,81010480.52250527,80784909.31240779,74450070.9050777,75412153.56244025,77925962.92511024,75698212.68446763,71600239.2482627,85664702.22734769,78274590.72561519,85493406.3083752,82687666.57109007,76842371.26501524
2018-07-16,91664352.04299504,74852701.50137767,72433920.86697018,73223803.53374512,80456470.86426526,75105599.08135277,74947924.08434016,73934572.6853677,72599819.8987652,78176761.3356753,69004698.08055265,82720877.2813977,73843588.12309766,71792290.21512263,80174806.72472517,86361883.56062765,77392580.21006016,68106751.21081279,79950714.03303526,78063561.13626267,77189286.02273019,83197888.57074027,73655809.91395766,75707343.45990773,70434360.97584519,68398459.15570517,91176878.9495577,70648353.83770274,82602530.61084773,79209662.58043775,73991052.76396267,82033895.54862517,83354035.05483772,78278212.41723773,78059782.11880523,74655077.0053328,76811133.06052263,72924057.54295269,68062920.28447768,81010480.52250527,80784909.31240779,74450070.9050777,75412153.56244025,77925962.92511024,75676212.68446763,71578239.2482627,85664702.22734769,78230590.72561519,85493406.3083752,82687666.57109007,76842371.26501524
2018-07-17,91796352.04299504,74852701.50137767,72499920.86697018,73223803.53374512,80456470.86426526,75171599.08135277,75013924.08434016,74000572.6853677,72599819.8987652,78242761.3356753,69004698.08055265,82852877.2813977,73843588.12309766,71858290.21512263,80174806.72472517,86493883.56062765,77458580.21006016,68106751.21081279,80016714.03303526,78195561.13626267,77189286.02273019,83197888.57074027,73721809.91395766,75707343.45990773,70500360.97584519,68398459.15570517,91308878.9495577,70714353.83770274,82668530.61084773,79275662.58043775,73991052.76396267,82165895.54862517,83354035.05483772,78278212.41723773,78059782.11880523,74787077.0053328,76943133.06052263,72990057.54295269,68128920.28447768,81010480.52250527,80784909.31240779,74450070.9050777,75412153.56244025,77925962.92511024,75742212.68446763,71644239.2482627,85664702.22734769,78362590.72561519,85493406.3083752,82687666.57109007,76842371.26501524
2018-07-18,91886352.04299504,74852701.50137767,72544920.86697018,73223803.53374512,80456470.86426526,75216599.08135277,75058924.08434016,74045572.6853677,72599819.8987652,78287761.3356753,69004698.08055265,82942877.2813977,73843588.12309766,71903290.21512263,80174806.72472517,86583883.56062765,77503580.21006016,68106751.21081279,80061714.03303526,78285561.13626267,77189286.02273019,83197888.57074027,73766809.91395766,75707343.45990773,70545360.97584519,68398459.15570517,91398878.9495577,70759353.83770274,82713530.61084773,79320662.58043775,73991052.76396267,82255895.54862517,83354035.05483772,78278212.41723773,78059782.11880523,74877077.0053328,77033133.06052263,73035057.54295269,68173920.28447768,81010480.52250527,80784909.31240779,74450070.9050777,75412153.56244025,77925962.92511024,75787212.68446763,71689239.2482627,85664702.22734769,78452590.72561519,85493406.3083752,82687666.57109007,76842371.26501524
2018-07-19,91886352.04299504,74852701.50137767,72544920.86697018,73223803.53374512,80456470.86426526,75216599.08135277,75058924.08434016,74045572.6853677,72599819.8987652,78287761.3356753,69004698.08055265,82942877.2813977,73843588.12309766,71903290.21512263,80174806.72472517,86583883.56062765,77503580.21006016,68106751.21081279,80061714.03303526,78285561.13626267,77189286.02273019,83197888.57074027,73766809.91395766,75707343.45990773,70545360.97584519,68398459.15570517,91398878.9495577,70759353.83770274,82713530.61084773,79320662.58043775,73991052.76396267,82255895.54862517,83354035.05483772,78278212.41723773,78059782.11880523,74877077.0053328,77033133.06052263,73035057.54295269,68173920.28447768,81010480.52250527,80784909.31240779,74450070.9050777,75412153.56244025,77925962.92511024,75787212.68446763,71689239.2482627,85664702.22734769,78452590.72561519,85493406.3083752,82687666.57109007,76842371.26501524
2018-07-20,91762352.04299504,74852701.50137767,72482920.86697018,73223803.53374512,80456470.86426526,75154599.08135277,74996924.08434016,73983572.6853677,72599819.8987652,78225761.3356753,69004698.08055265,82818877.2813977,73843588.12309766,71841290.21512263,80174806.72472517,86459883.56062765,77441580.21006016,68106751.21081279,79999714.03303526,78161561.13626267,77189286.02273019,83197888.57074027,73704809.91395766,75707343.45990773,70483360.97584519,68398459.15570517,91274878.9495577,70697353.83770274,82651530.61084773,79258662.58043775,73991052.76396267,82131895.54862517,83354035.05483772,78278212.41723773,78059782.11880523,74753077.0053328,76909133.06052263,72973057.54295269,68111920.28447768,81010480.52250527,80784909.31240779,74450070.9050777,75412153.56244025,77925962.92511024,75725212.68446763,71627239.2482627,85664702.22734769,78328590.72561519,85493406.3083752,82687666.57109007,76842371.26501524
2018-07-23,91796352.04299504,74852701.50137767,72499920.86697018,73223803.53374512,80456470.86426526,75171599.08135277,75013924.08434016,74000572.6853677,72599819.8987652,78242761.3356753,69004698.08055265,82852877.2813977,73843588.12309766,71858290.21512263,80174806.72472517,86493883.56062765,77458580.21006016,68106751.21081279,80016714.03303526,78195561.13626267,77189286.02273019,83197888.57074027,73721809.91395766,75707343.45990773,70500360.97584519,68398459.15570517,91308878.9495577,70714353.83770274,82668530.61084773,79275662.58043775,73991052.76396267,82165895.54862517,83354035.05483772,78278212.41723773,78059782.11880523,74787077.0053328,76943133.06052263,72990057.54295269,68128920.28447768,81010480.52250527,80784909.31240779,74450070.9050777,75412153.56244025,77925962.92511024,75742212.68446763,71644239.2482627,85664702.22734769,78362590.72561519,85493406.3083752,82687666.57109007,76842371.26501524
2018-07-24,91842352.04299504,74852701.50137767,72522920.86697018,73223803.53374512,80456470.86426526,75194599.08135277,75036924.08434016,74023572.6853677,72599819.8987652,78265761.3356753,69004698.08055265,82898877.2813977,73843588.12309766,71881290.21512263,80174806.72472517,86539883.56062765,77481580.21006016,68106751.21081279,80039714.03303526,78241561.13626267,77189286.02273019,83197888.57074027,73744809.91395766,75707343.45990773,70523360.97584519,68398459.15570517,91354878.9495577,70737353.83770274,82691530.61084773,79298662.58043775,73991052.76396267,82211895.54862517,83354035.05483772,78278212.41723773,78059782.11880523,74833077.0053328,76989133.06052263,73013057.54295269,68151920.28447768,81010480.52250527,80784909.31240779,74450070.9050777,75412153.56244025,77925962.92511024,75765212.68446763,71667239.2482627,85664702.22734769,78408590.72561519,85493406.3083752,82687666.57109007,76842371.26501524
2018-07-25,91832352.04299504,74852701.50137767,72517920.86697018,73223803.53374512,80456470.86426526,75189599.08135277,75031924.08434016,74018572.6853677,72599819.8987652,78260761.3356753,69004698.08055265,82888877.2813977,73843588.12309766,71876290.21512263,80174806.72472517,86529883.56062765,77476580.21006016,68106751.21081279,80034714.03303526,78231561.13626267,77189286.02273019,83197888.57074027,73739809.91395766,75707343.45990773,70518360.97584519,68398459.15570517,91344878.9495577,70732353.83770274,82686530.61084773,79293662.58043775,73991052.76396267,82201895.54862517,83354035.05483772,78278212.41723773,78059782.11880523,74823077.0053328,76979133.06052263,73008057.54295269,68146920.28447768,81010480.52250527,80784909.31240779,74450070.9050777,75412153.56244025,77925962.92511024,75760212.68446763,71662239.2482627,85664702.22734769,78398590.72561519,85493406.3083752,82687666.57109007,76842371.26501524
2018-07-26,91974352.04299504,74852701.50137767,72588920.86697018,73223803.53374512,80456470.86426526,75260599.08135277,75102924.08434016,74089572.6853677,72599819.8987652,78331761.3356753,69004698.08055265,83030877.2813977,73843588.12309766,71947290.21512263,80174806.72472517,86671883.56062765,77547580.21006016,68106751.21081279,80105714.03303526,78373561.13626267,77189286.02273019,83197888.57074027,73810809.91395766,75707343.45990773,70589360.97584519,68398459.15570517,91486878.9495577,70803353.83770274,82757530.61084773,79364662.58043775,73991052.76396267,82343895.54862517,83354035.05483772,78278212.41723773,78059782.11880523,74965077.0053328,77121133.06052263,73079057.54295269,68217920.28447768,81010480.52250527,80784909.31240779,74450070.9050777,75412153.56244025,77925962.92511024,75831212.68446763,71733239.2482627,85664702.22734769,78540590.72561519,85493406.3083752,82687666.57109007,76842371.26501524
2018-07-27,92010352.04299504,74852701.50137767,72606920.86697018,73223803.53374512,80456470.86426526,75278599.08135277,75120924.08434016,74107572.6853677,72599819.8987652,78349761.3356753,69004698.08055265,83066877.2813977,73843588.12309766,71965290.21512263,80174806.72472517,86707883.56062765,77565580.21006016,68106751.21081279,80123714.03303526,78409561.13626267,77189286.02273019,83197888.57074027,73828809.91395766,75707343.45990773,70607360.97584519,68398459.15570517,91522878.9495577,70821353.83770274,82775530.61084773,79382662.58043775,73991052.76396267,82379895.54862517,83354035.05483772,78278212.41723773,78059782.11880523,75001077.0053328,77157133.06052263,73097057.54295269,68235920.28447768,81010480.52250527,80784909.31240779,74450070.9050777,75412153.56244025,77925962.92511024,75849212.68446763,71751239.2482627,85664702.22734769,78576590.72561519,85493406.3083752,82687666.57109007,76842371.26501524
2018-07-30,92010352.04299504,74852701.50137767,72606920.86697018,73223803.53374512,80456470.86426526,75278599.08135277,75120924.08434016,74107572.6853677,72599819.8987652,78349761.3356753,69004698.08055265,83066877.2813977,73843588.12309766,71965290.21512263,80174806.72472517,86707883.56062765,77565580.21006016,68106751.21081279,80123714.03303526,78409561.13626267,77189286.02273019,83197888.57074027,73828809.91395766,75707343.45990773,70607360.97584519,68398459.15570517,91522878.9495577,70821353.83770274,82775530.61084773,79382662.58043775,73991052.76396267,82379895.54862517,83354035.05483772,78278212.41723773,78059782.11880523,75001077.0053328,77157133.06052263,73097057.54295269,68235920.28447768,81010480.52250527,80784909.31240779,74450070.9050777,75412153.56244025,77925962.92511024,75849212.68446763,71751239.2482627,85664702.22734769,78576590.72561519,85493406.3083752,82687666.57109007,76842371.26501524
2018-07-31,92010352.04299504,74852701.50137767,72606920.86697018,73223803.53374512,80456470.86426526,75278599.08135277,75120924.08434016,74107572.6853677,72599819.8987652,78349761.3356753,69004698.08055265,83066877.2813977,73843588.12309766,71965290.21512263,80174806.72472517,86707883.56062765,77565580.21006016,68106751.21081279,80123714.03303526,78409561.13626267,77189286.02273019,83197888.57074027,73828809.91395766,75707343.45990773,70607360.97584519,68398459.15570517,91522878.9495577,70821353.83770274,82775530.61084773,79382662.58043775,73991052.76396267,82379895.54862517,83354035.05483772,78278212.41723773,78059782.11880523,75001077.0053328,77157133.06052263,73097057.54295269,68235920.28447768,81010480.52250527,80784909.31240779,74450070.9050777,75412153.56244025,77925962.92511024,75849212.68446763,71751239.2482627,85664702.22734769,78576590.72561519,85493406.3083752,82687666.57109007,76842371.26501524
2018-08-01,92018352.04299504,74852701.50137767,72610920.86697018,73223803.53374512,80456470.86426526,75282599.08135277,75124924.08434016,74111572.6853677,72599819.8987652,78353761.3356753,69004698.08055265,83074877.2813977,73843588.12309766,71969290.21512263,80174806.72472517,86715883.56062765,77569580.21006016,68106751.21081279,80127714.03303526,78417561.13626267,77189286.02273019,83197888.57074027,73832809.91395766,75707343.45990773,70611360.97584519,68398459.15570517,91530878.9495577,70825353.83770274,82779530.61084773,79386662.58043775,73991052.76396267,82387895.54862517,83354035.05483772,78278212.41723773,78059782.11880523,75009077.0053328,77165133.06052263,73101057.54295269,68239920.28447768,81010480.52250527,80784909.31240779,74450070.9050777,75412153.56244025,77925962.92511024,75853212.68446763,71755239.2482627,85664702.22734769,78584590.72561519,85493406.3083752,82687666.57109007,76842371.26501524
2018-08-02,92036352.04299504,74852701.50137767,72619920.86697018,73223803.53374512,80456470.86426526,75291599.08135277,75133924.08434016,74120572.6853677,72599819.8987652,78362761.3356753,69004698.08055265,83092877.2813977,73843588.12309766,71978290.21512263,80174806.72472517,86733883.56062765,77578580.21006016,68106751.21081279,80136714.03303526,78435561.13626267,77189286.02273019,83197888.57074027,73841809.91395766,75707343.45990773,70620360.97584519,68398459.15570517,91548878.9495577,70834353.83770274,82788530.61084773,79395662.58043775,73991052.76396267,82405895.54862517,83354035.05483772,78278212.41723773,78059782.11880523,75027077.0053328,77183133.06052263,73110057.54295269,68248920.28447768,81010480.52250527,80784909.31240779,74450070.9050777,75412153.56244025,77925962.92511024,75862212.68446763,71764239.2482627,85664702.22734769,78602590.72561519,85493406.3083752,82687666.57109007,76842371.26501524
2018-08-03,92464352.04299504,74852701.50137767,72833920.86697018,73223803.53374512,80456470.86426526,75505599.08135277,75347924.08434016,74334572.6853677,72599819.8987652,78576761.3356753,69004698.08055265,83520877.2813977,73843588.12309766,72192290.21512263,80174806.72472517,87161883.56062765,77792580.21006016,68106751.21081279,80350714.03303526,78863561.13626267,77189286.02273019,83197888.57074027,74055809.91395766,75707343.45990773,70834360.97584519,68398459.15570517,91976878.9495577,71048353.83770274,83002530.61084773,79609662.58043775,73991052.76396267,82833895.54862517,83354035.05483772,78278212.41723773,78059782.11880523,75455077.0053328,77611133.06052263,73324057.54295269,68462920.28447768,81010480.52250527,80784909.31240779,74450070.9050777,75412153.56244025,77925962.92511024,76076212.68446763,71978239.2482627,85664702.22734769,79030590.72561519,85493406.3083752,82687666.57109007,76842371.26501524
2018-08-06,92464352.04299504,74852701.50137767,72833920.86697018,73223803.53374512,80456470.86426526,75505599.08135277,75347924.08434016,74334572.6853677,72599819.8987652,78576761.3356753,69004698.08055265,83520877.2813977,73843588.12309766,72192290.21512263,80174806.72472517,87161883.56062765,77792580.21006016,68106751.21081279,80350714.03303526,78863561.13626267,77189286.02273019,83197888.57074027,74055809.91395766,75707343.45990773,70834360.97584519,68398459.15570517,91976878.9495577,71048353.83770274,83002530.61084773,79609662.58043775,73991052.76396267,82833895.54862517,83354035.05483772,78278212.41723773,78059782.11880523,75455077.0053328,77611133.06052263,73324057.54295269,68462920.28447768,81010480.52250527,80784909.31240779,74450070.9050777,75412153.56244025,77925962.92511024,76076212.68446763,71978239.2482627,85664702.22734769,79030590.72561519,85493406.3083752,82687666.57109007,76842371.26501524
2018-08-07,92383845.70799504,74852701.50137767,72793667.69947018,73223803.53374512,80456470.86426526,75465345.91385277,75307670.91684015,74294319.5178677,72599819.8987652,78536508.1681753,69004698.08055265,83440370.9463977,73843588.12309766,72152037.04762262,80174806.72472517,87081377.22562766,77752327.04256016,68106751.21081279,80310460.86553526,78783054.80126268,77189286.02273019,83197888.57074027,74015556.74645765,75707343.45990773,70794107.80834518,68398459.15570517,91896372.61455771,71008100.67020273,82962277.44334772,79569409.41293775,73991052.76396267,82753389.21362518,83354035.05483772,78278212.41723773,78059782.11880523,75374570.67033279,77530626.72552264,73283804.37545268,68422667.11697768,81010480.52250527,80784909.31240779,74450070.9050777,75412153.56244025,77925962.92511024,76035959.51696762,71937986.0807627,85664702.22734769,78950084.3906152,85493406.3083752,82687666.57109007,76842371.26501524
2018-08-08,92383845.70799504,74852701.50137767,72793667.69947018,73223803.53374512,80456470.86426526,75465345.91385277,75307670.91684015,74294319.5178677,72599819.8987652,78536508.1681753,69004698.08055265,83440370.9463977,73843588.12309766,72152037.04762262,80174806.72472517,87081377.22562766,77752327.04256016,68106751.21081279,80310460.86553526,78783054.80126268,77189286.02273019,83197888.57074027,74015556.74645765,75707343.45990773,70794107.80834518,68398459.15570517,91896372.61455771,71008100.67020273,82962277.44334772,79569409.41293775,73991052.76396267,82753389.21362518,83354035.05483772,78278212.41723773,78059782.11880523,75374570.67033279,77530626.72552264,73283804.37545268,68422667.11697768,81010480.52250527,80784909.31240779,74450070.9050777,75412153.56244025,77925962.92511024,76035959.51696762,71937986.0807627,85664702.22734769,78950084.3906152,85493406.3083752,82687666.57109007,76842371.26501524
2018-08-09,92383845.70799504,74852701.50137767,72793667.69947018,73223803.53374512,80456470.86426526,75465345.91385277,75307670.91684015,74294319.5178677,72599819.8987652,78536508.1681753,69004698.08055265,83440370.9463977,73843588.12309766,72152037.04762262,80174806.72472517,87081377.22562766,77752327.04256016,68106751.21081279,80310460.86553526,78783054.80126268,77189286.02273019,83197888.57074027,74015556.74645765,75707343.45990773,70794107.80834518,68398459.15570517,91896372.61455771,71008100.67020273,82962277.44334772,79569409.41293775,73991052.76396267,82753389.21362518,83354035.05483772,78278212.41723773,78059782.11880523,75374570.67033279,77530626.72552264,73283804.37545268,68422667.11697768,81010480.52250527,80784909.31240779,74450070.9050777,75412153.56244025,77925962.92511024,76035959.51696762,71937986.0807627,85664702.22734769,78950084.3906152,85493406.3083752,82687666.57109007,76842371.26501524
2018-08-10,92383845.70799504,74852701.50137767,72793667.69947018,73223803.53374512,80456470.86426526,75465345.91385277,75307670.91684015,74294319.5178677,72599819.8987652,78536508.1681753,69004698.08055265,83440370.9463977,73843588.12309766,72152037.04762262,80174806.72472517,87081377.22562766,77752327.04256016,68106751.21081279,80310460.86553526,78783054.80126268,77189286.02273019,83197888.57074027,74015556.74645765,75707343.45990773,70794107.80834518,68398459.15570517,91896372.61455771,71008100.67020273,82962277.44334772,79569409.41293775,73991052.76396267,82753389.21362518,83354035.05483772,78278212.41723773,78059782.11880523,75374570.67033279,77530626.72552264,73283804.37545268,68422667.11697768,81010480.52250527,80784909.31240779,74450070.9050777,75412153.56244025,77925962.92511024,76035959.51696762,71937986.0807627,85664702.22734769,78950084.3906152,85493406.3083752,82687666.57109007,76842371.26501524
2018-08-13,92383845.70799504,74852701.50137767,72793667.69947018,73223803.53374512,80456470.86426526,75465345.91385277,75307670.91684015,74294319.5178677,72599819.8987652,78536508.1681753,69004698.08055265,83440370.9463977,73843588.12309766,72152037.04762262,80174806.72472517,87081377.22562766,77752327.04256016,68106751.21081279,80310460.86553526,78783054.80126268,77189286.02273019,83197888.57074027,74015556.74645765,75707343.45990773,70794107.80834518,68398459.15570517,91896372.61455771,71008100.67020273,82962277.44334772,79569409.41293775,73991052.76396267,82753389.21362518,83354035.05483772,78278212.41723773,78059782.11880523,75374570.67033279,77530626.72552264,73283804.37545268,68422667.11697768,81010480.52250527,80784909.31240779,74450070.9050777,75412153.56244025,77925962.92511024,76035959.51696762,71937986.0807627,85664702.22734769,78950084.3906152,85493406.3083752,82687666.57109007,76842371.26501524
2018-08-14,92383845.70799504,74852701.50137767,72793667.69947018,73223803.53374512,80456470.86426526,75465345.91385277,75307670.91684015,74294319.5178677,72599819.8987652,78536508.1681753,69004698.08055265,83440370.9463977,73843588.12309766,72152037.04762262,80174806.72472517,87081377.22562766,77752327.04256016,68106751.21081279,80310460.86553526,78783054.80126268,77189286.02273019,83197888.57074027,74015556.74645765,75707343.45990773,70794107.80834518,68398459.15570517,91896372.61455771,71008100.67020273,82962277.44334772,79569409.41293775,73991052.76396267,82753389.21362518,83354035.05483772,78278212.41723773,78059782.11880523,75374570.67033279,77530626.72552264,73283804.37545268,68422667.11697768,81010480.52250527,80784909.31240779,74450070.9050777,75412153.56244025,77925962.92511024,76035959.51696762,71937986.0807627,85664702.22734769,78950084.3906152,85493406.3083752,82687666.57109007,76842371.26501524
2018-08-15,92383845.70799504,74852701.50137767,72793667.69947018,73223803.53374512,80456470.86426526,75465345.91385277,75307670.91684015,74294319.5178677,72599819.8987652,78536508.1681753,69004698.08055265,83440370.9463977,73843588.12309766,72152037.04762262,80174806.72472517,87081377.22562766,77752327.04256016,68106751.21081279,80310460.86553526,78783054.80126268,77189286.02273019,83197888.57074027,74015556.74645765,75707343.45990773,70794107.80834518,68398459.15570517,91896372.61455771,71008100.67020273,82962277.44334772,79569409.41293775,73991052.76396267,82753389.21362518,83354035.05483772,78278212.41723773,78059782.11880523,75374570.67033279,77530626.72552264,73283804.37545268,68422667.11697768,81010480.52250527,80784909.31240779,74450070.9050777,75412153.56244025,77925962.92511024,76035959.51696762,71937986.0807627,85664702.22734769,78950084.3906152,85493406.3083752,82687666.57109007,76842371.26501524
2018-08-16,92383845.70799504,74852701.50137767,72793667.69947018,73223803.53374512,80456470.86426526,75465345.91385277,75307670.91684015,74294319.5178677,72599819.8987652,78536508.1681753,69004698.08055265,83440370.9463977,73843588.12309766,72152037.04762262,80174806.72472517,87081377.22562766,77752327.04256016,68106751.21081279,80310460.86553526,78783054.80126268,77189286.02273019,83197888.57074027,74015556.74645765,75707343.45990773,70794107.80834518,68398459.15570517,91896372.61455771,71008100.67020273,82962277.44334772,79569409.41293775,73991052.76396267,82753389.21362518,83354035.05483772,78278212.41723773,78059782.11880523,75374570.67033279,77530626.72552264,73283804.37545268,68422667.11697768,81010480.52250527,80784909.31240779,74450070.9050777,75412153.56244025,77925962.92511024,76035959.51696762,71937986.0807627,85664702.22734769,78950084.3906152,85493406.3083752,82687666.57109007,76842371.26501524
2018-08-17,92383845.70799504,74852701.50137767,72793667.69947018,73223803.53374512,80456470.86426526,75465345.91385277,75307670.91684015,74294319.5178677,72599819.8987652,78536508.1681753,69004698.08055265,83440370.9463977,73843588.12309766,72152037.04762262,80174806.72472517,87081377.22562766,77752327.04256016,68106751.21081279,80310460.86553526,78783054.80126268,77189286.02273019,83197888.57074027,74015556.74645765,75707343.45990773,70794107.80834518,68398459.15570517,91896372.61455771,71008100.67020273,82962277.44334772,79569409.41293775,73991052.76396267,82753389.21362518,83354035.05483772,78278212.41723773,78059782.11880523,75374570.67033279,77530626.72552264,73283804.37545268,68422667.11697768,81010480.52250527,80784909.31240779,74450070.9050777,75412153.56244025,77925962.92511024,76035959.51696762,71937986.0807627,85664702.22734769,78950084.3906152,85493406.3083752,82687666.57109007,76842371.26501524
2018-08-20,92383845.70799504,74852701.50137767,72793667.69947018,73223803.53374512,80456470.86426526,75465345.91385277,75307670.91684015,74294319.5178677,72599819.8987652,78536508.1681753,69004698.08055265,83440370.9463977,73843588.12309766,72152037.04762262,80174806.72472517,87081377.22562766,77752327.04256016,68106751.21081279,80310460.86553526,78783054.80126268,77189286.02273019,83197888.57074027,74015556.74645765,75707343.45990773,70794107.80834518,68398459.15570517,91896372.61455771,71008100.67020273,82962277.44334772,79569409.41293775,73991052.76396267,82753389.21362518,83354035.05483772,78278212.41723773,78059782.11880523,75374570.67033279,77530626.72552264,73283804.37545268,68422667.11697768,81010480.52250527,80784909.31240779,74450070.9050777,75412153.56244025,77925962.92511024,76035959.51696762,71937986.0807627,85664702.22734769,78950084.3906152,85493406.3083752,82687666.57109007,76842371.26501524
2018-08-21,92383845.70799504,74852701.50137767,72793667.69947018,73223803.53374512,80456470.86426526,75465345.91385277,75307670.91684015,74294319.5178677,72599819.8987652,78536508.1681753,69004698.08055265,83440370.9463977,73843588.12309766,72152037.04762262,80174806.72472517,87081377.22562766,77752327.04256016,68106751.21081279,80310460.86553526,78783054.80126268,77189286.02273019,83197888.57074027,74015556.74645765,75707343.45990773,70794107.80834518,68398459.15570517,91896372.61455771,71008100.67020273,82962277.44334772,79569409.41293775,73991052.76396267,82753389.21362518,83354035.05483772,78278212.41723773,78059782.11880523,75374570.67033279,77530626.72552264,73283804.37545268,68422667.11697768,81010480.52250527,80784909.31240779,74450070.9050777,75412153.56244025,77925962.92511024,76035959.51696762,71937986.0807627,85664702.22734769,78950084.3906152,85493406.3083752,82687666.57109007,76842371.26501524
2018-08-22,92383845.70799504,74852701.50137767,72793667.69947018,73223803.53374512,80456470.86426526,75465345.91385277,75307670.91684015,74294319.5178677,72599819.8987652,78536508.1681753,69004698.08055265,83440370.9463977,73843588.12309766,72152037.04762262,80174806.72472517,87081377.22562766,77752327.04256016,68106751.21081279,80310460.86553526,78783054.80126268,77189286.02273019,83197888.57074027,74015556.74645765,75707343.45990773,70794107.80834518,68398459.15570517,91896372.61455771,71008100.67020273,82962277.44334772,79569409.41293775,73991052.76396267,82753389.21362518,83354035.05483772,78278212.41723773,78059782.11880523,75374570.67033279,77530626.72552264,73283804.37545268,68422667.11697768,81010480.52250527,80784909.31240779,74450070.9050777,75412153.56244025,77925962.92511024,76035959.51696762,71937986.0807627,85664702.22734769,78950084.3906152,85493406.3083752,82687666.57109007,76842371.26501524
2018-08-23,92383845.70799504,74852701.50137767,72793667.69947018,73223803.53374512,80456470.86426526,75465345.91385277,75307670.91684015,74294319.5178677,72599819.8987652,78536508.1681753,69004698.08055265,83440370.9463977,73843588.12309766,72152037.04762262,80174806.72472517,87081377.22562766,77752327.04256016,68106751.21081279,80310460.86553526,78783054.80126268,77189286.02273019,83197888.57074027,74015556.74645765,75707343.45990773,70794107.80834518,68398459.15570517,91896372.61455771,71008100.67020273,82962277.44334772,79569409.41293775,73991052.76396267,82753389.21362518,83354035.05483772,78278212.41723773,78059782.11880523,75374570.67033279,77530626.72552264,73283804.37545268,68422667.11697768,81010480.52250527,80784909.31240779,74450070.9050777,75412153.56244025,77925962.92511024,76035959.51696762,71937986.0807627,85664702.22734769,78950084.3906152,85493406.3083752,82687666.57109007,76842371.26501524
2018-08-24,92383845.70799504,74852701.50137767,72793667.69947018,73223803.53374512,80456470.86426526,75465345.91385277,75307670.91684015,74294319.5178677,72599819.8987652,78536508.1681753,69004698.08055265,83440370.9463977,73843588.12309766,72152037.04762262,80174806.72472517,87081377.22562766,77752327.04256016,68106751.21081279,80310460.86553526,78783054.80126268,77189286.02273019,83197888.57074027,74015556.74645765,75707343.45990773,70794107.80834518,68398459.15570517,91896372.61455771,71008100.67020273,82962277.44334772,79569409.41293775,73991052.76396267,82753389.21362518,83354035.05483772,78278212.41723773,78059782.11880523,75374570.67033279,77530626.72552264,73283804.37545268,68422667.11697768,81010480.52250527,80784909.31240779,74450070.9050777,75412153.56244025,77925962.92511024,76035959.51696762,71937986.0807627,85664702.22734769,78950084.3906152,85493406.3083752,82687666.57109007,76842371.26501524
2018-08-27,92383845.70799504,74852701.50137767,72793667.69947018,73223803.53374512,80456470.86426526,75465345.91385277,75307670.91684015,74294319.5178677,72599819.8987652,78536508.1681753,69004698.08055265,83440370.9463977,73843588.12309766,72152037.04762262,80174806.72472517,87081377.22562766,77752327.04256016,68106751.21081279,80310460.86553526,78783054.80126268,77189286.02273019,83197888.57074027,74015556.74645765,75707343.45990773,70794107.80834518,68398459.15570517,91896372.61455771,71008100.67020273,82962277.44334772,79569409.41293775,73991052.76396267,82753389.21362518,83354035.05483772,78278212.41723773,78059782.11880523,75374570.67033279,77530626.72552264,73283804.37545268,68422667.11697768,81010480.52250527,80784909.31240779,74450070.9050777,75412153.56244025,77925962.92511024,76035959.51696762,71937986.0807627,85664702.22734769,78950084.3906152,85493406.3083752,82687666.57109007,76842371.26501524
2018-08-28,92383845.70799504,74852701.50137767,72793667.69947018,73223803.53374512,80456470.86426526,75465345.91385277,75307670.91684015,74294319.5178677,72599819.8987652,78536508.1681753,69004698.08055265,83440370.9463977,73843588.12309766,72152037.04762262,80174806.72472517,87081377.22562766,77752327.04256016,68106751.21081279,80310460.86553526,78783054.80126268,77189286.02273019,83197888.57074027,74015556.74645765,75707343.45990773,70794107.80834518,68398459.15570517,91896372.61455771,71008100.67020273,82962277.44334772,79569409.41293775,73991052.76396267,82753389.21362518,83354035.05483772,78278212.41723773,78059782.11880523,75374570.67033279,77530626.72552264,73283804.37545268,68422667.11697768,81010480.52250527,80784909.31240779,74450070.9050777,75412153.56244025,77925962.92511024,76035959.51696762,71937986.0807627,85664702.22734769,78950084.3906152,85493406.3083752,82687666.57109007,76842371.26501524
2018-08-29,92383845.70799504,74852701.50137767,72793667.69947018,73223803.53374512,80456470.86426526,75465345.91385277,75307670.91684015,74294319.5178677,72599819.8987652,78536508.1681753,69004698.08055265,83440370.9463977,73843588.12309766,72152037.04762262,80174806.72472517,87081377.22562766,77752327.04256016,68106751.21081279,80310460.86553526,78783054.80126268,77189286.02273019,83197888.57074027,74015556.74645765,75707343.45990773,70794107.80834518,68398459.15570517,91896372.61455771,71008100.67020273,82962277.44334772,79569409.41293775,73991052.76396267,82753389.21362518,83354035.05483772,78278212.41723773,78059782.11880523,75374570.67033279,77530626.72552264,73283804.37545268,68422667.11697768,81010480.52250527,80784909.31240779,74450070.9050777,75412153.56244025,77925962.92511024,76035959.51696762,71937986.0807627,85664702.22734769,78950084.3906152,85493406.3083752,82687666.57109007,76842371.26501524
2018-08-30,92383845.70799504,74852701.50137767,72793667.69947018,73223803.53374512,80456470.86426526,75465345.91385277,75307670.91684015,74294319.5178677,72599819.8987652,78536508.1681753,69004698.08055265,83440370.9463977,73843588.12309766,72152037.04762262,80174806.72472517,87081377.22562766,77752327.04256016,68106751.21081279,80310460.86553526,78783054.80126268,77189286.02273019,83197888.57074027,74015556.74645765,75707343.45990773,70794107.80834518,68398459.15570517,91896372.61455771,71008100.67020273,82962277.44334772,79569409.41293775,73991052.76396267,82753389.21362518,83354035.05483772,78278212.41723773,78059782.11880523,75374570.67033279,77530626.72552264,73283804.37545268,68422667.11697768,81010480.52250527,80784909.31240779,74450070.9050777,75412153.56244025,77925962.92511024,76035959.51696762,71937986.0807627,85664702.22734769,78950084.3906152,85493406.3083752,82687666.57109007,76842371.26501524
2018-08-31,92383845.70799504,74852701.50137767,72793667.69947018,73223803.53374512,80456470.86426526,75465345.91385277,75307670.91684015,74294319.5178677,72599819.8987652,78536508.1681753,69004698.08055265,83440370.9463977,73843588.12309766,72152037.04762262,80174806.72472517,87081377.22562766,77752327.04256016,68106751.21081279,80310460.86553526,78783054.80126268,77189286.02273019,83197888.57074027,74015556.74645765,75707343.45990773,70794107.80834518,68398459.15570517,91896372.61455771,71008100.67020273,82962277.44334772,79569409.41293775,73991052.76396267,82753389.21362518,83354035.05483772,78278212.41723773,78059782.11880523,75374570.67033279,77530626.72552264,73283804.37545268,68422667.11697768,81010480.52250527,80784909.31240779,74450070.9050777,75412153.56244025,77925962.92511024,76035959.51696762,71937986.0807627,85664702.22734769,78950084.3906152,85493406.3083752,82687666.57109007,76842371.26501524
2018-09-04,92383845.70799504,74852701.50137767,72793667.69947018,73223803.53374512,80456470.86426526,75465345.91385277,75307670.91684015,74294319.5178677,72599819.8987652,78536508.1681753,69004698.08055265,83440370.9463977,73843588.12309766,72152037.04762262,80174806.72472517,87081377.22562766,77752327.04256016,68106751.21081279,80310460.86553526,78783054.80126268,77189286.02273019,83197888.57074027,74015556.74645765,75707343.45990773,70794107.80834518,68398459.15570517,91896372.61455771,71008100.67020273,82962277.44334772,79569409.41293775,73991052.76396267,82753389.21362518,83354035.05483772,78278212.41723773,78059782.11880523,75374570.67033279,77530626.72552264,73283804.37545268,68422667.11697768,81010480.52250527,80784909.31240779,74450070.9050777,75412153.56244025,77925962.92511024,76035959.51696762,71937986.0807627,85664702.22734769,78950084.3906152,85493406.3083752,82687666.57109007,76842371.26501524
2018-09-05,92383845.70799504,74852701.50137767,72793667.69947018,73223803.53374512,80456470.86426526,75465345.91385277,75307670.91684015,74294319.5178677,72599819.8987652,78536508.1681753,69004698.08055265,83440370.9463977,73843588.12309766,72152037.04762262,80174806.72472517,87081377.22562766,77752327.04256016,68106751.21081279,80310460.86553526,78783054.80126268,77189286.02273019,83197888.57074027,74015556.74645765,75707343.45990773,70794107.80834518,68398459.15570517,91896372.61455771,71008100.67020273,82962277.44334772,79569409.41293775,73991052.76396267,82753389.21362518,83354035.05483772,78278212.41723773,78059782.11880523,75374570.67033279,77530626.72552264,73283804.37545268,68422667.11697768,81010480.52250527,80784909.31240779,74450070.9050777,75412153.56244025,77925962.92511024,76035959.51696762,71937986.0807627,85664702.22734769,78950084.3906152,85493406.3083752,82687666.57109007,76842371.26501524
2018-09-06,92383845.70799504,74852701.50137767,72793667.69947018,73223803.53374512,80456470.86426526,75465345.91385277,75307670.91684015,74294319.5178677,72599819.8987652,78536508.1681753,69004698.08055265,83440370.9463977,73843588.12309766,72152037.04762262,80174806.72472517,87081377.22562766,77752327.04256016,68106751.21081279,80310460.86553526,78783054.80126268,77189286.02273019,83197888.57074027,74015556.74645765,75707343.45990773,70794107.80834518,68398459.15570517,91896372.61455771,71008100.67020273,82962277.44334772,79569409.41293775,73991052.76396267,82753389.21362518,83354035.05483772,78278212.41723773,78059782.11880523,75374570.67033279,77530626.72552264,73283804.37545268,68422667.11697768,81010480.52250527,80784909.31240779,74450070.9050777,75412153.56244025,77925962.92511024,76035959.51696762,71937986.0807627,85664702.22734769,78950084.3906152,85493406.3083752,82687666.57109007,76842371.26501524
2018-09-07,92383845.70799504,74852701.50137767,72793667.69947018,73223803.53374512,80456470.86426526,75465345.91385277,75307670.91684015,74294319.5178677,72599819.8987652,78536508.1681753,69004698.08055265,83440370.9463977,73843588.12309766,72152037.04762262,80174806.72472517,87081377.22562766,77752327.04256016,68106751.21081279,80310460.86553526,78783054.80126268,77189286.02273019,83197888.57074027,74015556.74645765,75707343.45990773,70794107.80834518,68398459.15570517,91896372.61455771,71008100.67020273,82962277.44334772,79569409.41293775,73991052.76396267,82753389.21362518,83354035.05483772,78278212.41723773,78059782.11880523,75374570.67033279,77530626.72552264,73283804.37545268,68422667.11697768,81010480.52250527,80784909.31240779,74450070.9050777,75412153.56244025,77925962.92511024,76035959.51696762,71937986.0807627,85664702.22734769,78950084.3906152,85493406.3083752,82687666.57109007,76842371.26501524
2018-09-10,92383845.70799504,74852701.50137767,72793667.69947018,73223803.53374512,80456470.86426526,75465345.91385277,75307670.91684015,74294319.5178677,72599819.8987652,78536508.1681753,69004698.08055265,83440370.9463977,73843588.12309766,72152037.04762262,80174806.72472517,87081377.22562766,77752327.04256016,68106751.21081279,80310460.86553526,78783054.80126268,77189286.02273019,83197888.57074027,74015556.74645765,75707343.45990773,70794107.80834518,68398459.15570517,91896372.61455771,71008100.67020273,82962277.44334772,79569409.41293775,73991052.76396267,82753389.21362518,83354035.05483772,78278212.41723773,78059782.11880523,75374570.67033279,77530626.72552264,73283804.37545268,68422667.11697768,81010480.52250527,80784909.31240779,74450070.9050777,75412153.56244025,77925962.92511024,76035959.51696762,71937986.0807627,85664702.22734769,78950084.3906152,85493406.3083752,82687666.57109007,76842371.26501524
2018-09-11,92383845.70799504,74852701.50137767,72793667.69947018,73223803.53374512,80456470.86426526,75465345.91385277,75307670.91684015,74294319.5178677,72599819.8987652,78536508.1681753,69004698.08055265,83440370.9463977,73843588.12309766,72152037.04762262,80174806.72472517,87081377.22562766,77752327.04256016,68106751.21081279,80310460.86553526,78783054.80126268,77189286.02273019,83197888.57074027,74015556.74645765,75707343.45990773,70794107.80834518,68398459.15570517,91896372.61455771,71008100.67020273,82962277.44334772,79569409.41293775,73991052.76396267,82753389.21362518,83354035.05483772,78278212.41723773,78059782.11880523,75374570.67033279,77530626.72552264,73283804.37545268,68422667.11697768,81010480.52250527,80784909.31240779,74450070.9050777,75412153.56244025,77925962.92511024,76035959.51696762,71937986.0807627,85664702.22734769,78950084.3906152,85493406.3083752,82687666.57109007,76842371.26501524
2018-09-12,92383845.70799504,74852701.50137767,72793667.69947018,73223803.53374512,80456470.86426526,75465345.91385277,75307670.91684015,74294319.5178677,72599819.8987652,78536508.1681753,69004698.08055265,83440370.9463977,73843588.12309766,72152037.04762262,80174806.72472517,87081377.22562766,77752327.04256016,68106751.21081279,80310460.86553526,78783054.80126268,77189286.02273019,83197888.57074027,74015556.74645765,75707343.45990773,70794107.80834518,68398459.15570517,91896372.61455771,71008100.67020273,82962277.44334772,79569409.41293775,73991052.76396267,82753389.21362518,83354035.05483772,78278212.41723773,78059782.11880523,75374570.67033279,77530626.72552264,73283804.37545268,68422667.11697768,81010480.52250527,80784909.31240779,74450070.9050777,75412153.56244025,77925962.92511024,76035959.51696762,71937986.0807627,85664702.22734769,78950084.3906152,85493406.3083752,82687666.57109007,76842371.26501524
2018-09-13,92383845.70799504,74852701.50137767,72793667.69947018,73223803.53374512,80456470.86426526,75465345.91385277,75307670.91684015,74294319.5178677,72599819.8987652,78536508.1681753,69004698.08055265,83440370.9463977,73843588.12309766,72152037.04762262,80174806.72472517,87081377.22562766,77752327.04256016,68106751.21081279,80310460.86553526,78783054.80126268,77189286.02273019,83197888.57074027,74015556.74645765,75707343.45990773,70794107.80834518,68398459.15570517,91896372.61455771,71008100.67020273,82962277.44334772,79569409.41293775,73991052.76396267,82753389.21362518,83354035.05483772,78278212.41723773,78059782.11880523,75374570.67033279,77530626.72552264,73283804.37545268,68422667.11697768,81010480.52250527,80784909.31240779,74450070.9050777,75412153.56244025,77925962.92511024,76035959.51696762,71937986.0807627,85664702.22734769,78950084.3906152,85493406.3083752,82687666.57109007,76842371.26501524
2018-09-14,92383845.70799504,74852701.50137767,72793667.69947018,73223803.53374512,80456470.86426526,75465345.91385277,75307670.91684015,74294319.5178677,72599819.8987652,78536508.1681753,69004698.08055265,83440370.9463977,73843588.12309766,72152037.04762262,80174806.72472517,87081377.22562766,77752327.04256016,68106751.21081279,80310460.86553526,78783054.80126268,77189286.02273019,83197888.57074027,74015556.74645765,75707343.45990773,70794107.80834518,68398459.15570517,91896372.61455771,71008100.67020273,82962277.44334772,79569409.41293775,73991052.76396267,82753389.21362518,83354035.05483772,78278212.41723773,78059782.11880523,75374570.67033279,77530626.72552264,73283804.37545268,68422667.11697768,81010480.52250527,80784909.31240779,74450070.9050777,75412153.56244025,77925962.92511024,76035959.51696762,71937986.0807627,85664702.22734769,78950084.3906152,85493406.3083752,82687666.57109007,76842371.26501524
2018-09-17,92383845.70799504,74852701.50137767,72793667.69947018,73223803.53374512,80456470.86426526,75465345.91385277,75307670.91684015,74294319.5178677,72599819.8987652,78536508.1681753,69004698.08055265,83440370.9463977,73843588.12309766,72152037.04762262,80174806.72472517,87081377.22562766,77752327.04256016,68106751.21081279,80310460.86553526,78783054.80126268,77189286.02273019,83197888.57074027,74015556.74645765,75707343.45990773,70794107.80834518,68398459.15570517,91896372.61455771,71008100.67020273,82962277.44334772,79569409.41293775,73991052.76396267,82753389.21362518,83354035.05483772,78278212.41723773,78059782.11880523,75374570.67033279,77530626.72552264,73283804.37545268,68422667.11697768,81010480.52250527,80784909.31240779,74450070.9050777,75412153.56244025,77925962.92511024,76035959.51696762,71937986.0807627,85664702.22734769,78950084.3906152,85493406.3083752,82687666.57109007,76842371.26501524
2018-09-18,92383845.70799504,74852701.50137767,72793667.69947018,73223803.53374512,80456470.86426526,75465345.91385277,75307670.91684015,74294319.5178677,72599819.8987652,78536508.1681753,69004698.08055265,83440370.9463977,73843588.12309766,72152037.04762262,80174806.72472517,87081377.22562766,77752327.04256016,68106751.21081279,80310460.86553526,78783054.80126268,77189286.02273019,83197888.57074027,74015556.74645765,75707343.45990773,70794107.80834518,68398459.15570517,91896372.61455771,71008100.67020273,82962277.44334772,79569409.41293775,73991052.76396267,82753389.21362518,83354035.05483772,78278212.41723773,78059782.11880523,75374570.67033279,77530626.72552264,73283804.37545268,68422667.11697768,81010480.52250527,80784909.31240779,74450070.9050777,75412153.56244025,77925962.92511024,76035959.51696762,71937986.0807627,85664702.22734769,78950084.3906152,85493406.3083752,82687666.57109007,76842371.26501524
2018-09-19,92383845.70799504,74852701.50137767,72793667.69947018,73223803.53374512,80456470.86426526,75465345.91385277,75307670.91684015,74294319.5178677,72599819.8987652,78536508.1681753,69004698.08055265,83440370.9463977,73843588.12309766,72152037.04762262,80174806.72472517,87081377.22562766,77752327.04256016,68106751.21081279,80310460.86553526,78783054.80126268,77189286.02273019,83197888.57074027,74015556.74645765,75707343.45990773,70794107.80834518,68398459.15570517,91896372.61455771,71008100.67020273,82962277.44334772,79569409.41293775,73991052.76396267,82753389.21362518,83354035.05483772,78278212.41723773,78059782.11880523,75374570.67033279,77530626.72552264,73283804.37545268,68422667.11697768,81010480.52250527,80784909.31240779,74450070.9050777,75412153.56244025,77925962.92511024,76035959.51696762,71937986.0807627,85664702.22734769,78950084.3906152,85493406.3083752,82687666.57109007,76842371.26501524
2018-09-20,92383845.70799504,74852701.50137767,72793667.69947018,73223803.53374512,80456470.86426526,75465345.91385277,75307670.91684015,74294319.5178677,72599819.8987652,78536508.1681753,69004698.08055265,83440370.9463977,73843588.12309766,72152037.04762262,80174806.72472517,87081377.22562766,77752327.04256016,68106751.21081279,80310460.86553526,78783054.80126268,77189286.02273019,83197888.57074027,74015556.74645765,75707343.45990773,70794107.80834518,68398459.15570517,91896372.61455771,71008100.67020273,82962277.44334772,79569409.41293775,73991052.76396267,82753389.21362518,83354035.05483772,78278212.41723773,78059782.11880523,75374570.67033279,77530626.72552264,73283804.37545268,68422667.11697768,81010480.52250527,80784909.31240779,74450070.9050777,75412153.56244025,77925962.92511024,76035959.51696762,71937986.0807627,85664702.22734769,78950084.3906152,85493406.3083752,82687666.57109007,76842371.26501524
2018-09-21,92383845.70799504,74852701.50137767,72793667.69947018,73223803.53374512,80456470.86426526,75465345.91385277,75307670.91684015,74294319.5178677,72599819.8987652,78536508.1681753,69004698.08055265,83440370.9463977,73843588.12309766,72152037.04762262,80174806.72472517,87081377.22562766,77752327.04256016,68106751.21081279,80310460.86553526,78783054.80126268,77189286.02273019,83197888.57074027,74015556.74645765,75707343.45990773,70794107.80834518,68398459.15570517,91896372.61455771,71008100.67020273,82962277.44334772,79569409.41293775,73991052.76396267,82753389.21362518,83354035.05483772,78278212.41723773,78059782.11880523,75374570.67033279,77530626.72552264,73283804.37545268,68422667.11697768,81010480.52250527,80784909.31240779,74450070.9050777,75412153.56244025,77925962.92511024,76035959.51696762,71937986.0807627,85664702.22734769,78950084.3906152,85493406.3083752,82687666.57109007,76842371.26501524
2018-09-24,92383845.70799504,74852701.50137767,72793667.69947018,73223803.53374512,80456470.86426526,75465345.91385277,75307670.91684015,74294319.5178677,72599819.8987652,78536508.1681753,69004698.08055265,83440370.9463977,73843588.12309766,72152037.04762262,80174806.72472517,87081377.22562766,77752327.04256016,68106751.21081279,80310460.86553526,78783054.80126268,77189286.02273019,83197888.57074027,74015556.74645765,75707343.45990773,70794107.80834518,68398459.15570517,91896372.61455771,71008100.67020273,82962277.44334772,79569409.41293775,73991052.76396267,82753389.21362518,83354035.05483772,78278212.41723773,78059782.11880523,75374570.67033279,77530626.72552264,73283804.37545268,68422667.11697768,81010480.52250527,80784909.31240779,74450070.9050777,75412153.56244025,77925962.92511024,76035959.51696762,71937986.0807627,85664702.22734769,78950084.3906152,85493406.3083752,82687666.57109007,76842371.26501524
2018-09-25,92383845.70799504,74852701.50137767,72793667.69947018,73223803.53374512,80456470.86426526,75465345.91385277,75307670.91684015,74294319.5178677,72599819.8987652,78536508.1681753,69004698.08055265,83440370.9463977,73843588.12309766,72152037.04762262,80174806.72472517,87081377.22562766,77752327.04256016,68106751.21081279,80310460.86553526,78783054.80126268,77189286.02273019,83197888.57074027,74015556.74645765,75707343.45990773,70794107.80834518,68398459.15570517,91896372.61455771,71008100.67020273,82962277.44334772,79569409.41293775,73991052.76396267,82753389.21362518,83354035.05483772,78278212.41723773,78059782.11880523,75374570.67033279,77530626.72552264,73283804.37545268,68422667.11697768,81010480.52250527,80784909.31240779,74450070.9050777,75412153.56244025,77925962.92511024,76035959.51696762,71937986.0807627,85664702.22734769,78950084.3906152,85493406.3083752,82687666.57109007,76842371.26501524
2018-09-26,92383845.70799504,74852701.50137767,72793667.69947018,73223803.53374512,80456470.86426526,75465345.91385277,75307670.91684015,74294319.5178677,72599819.8987652,78536508.1681753,69004698.08055265,83440370.9463977,73843588.12309766,72152037.04762262,80174806.72472517,87081377.22562766,77752327.04256016,68106751.21081279,80310460.86553526,78783054.80126268,77189286.02273019,83197888.57074027,74015556.74645765,75707343.45990773,70794107.80834518,68398459.15570517,91896372.61455771,71008100.67020273,82962277.44334772,79569409.41293775,73991052.76396267,82753389.21362518,83354035.05483772,78278212.41723773,78059782.11880523,75374570.67033279,77530626.72552264,73283804.37545268,68422667.11697768,81010480.52250527,80784909.31240779,74450070.9050777,75412153.56244025,77925962.92511024,76035959.51696762,71937986.0807627,85664702.22734769,78950084.3906152,85493406.3083752,82687666.57109007,76842371.26501524
2018-09-27,92383845.70799504,74852701.50137767,72793667.69947018,73223803.53374512,80456470.86426526,75465345.91385277,75307670.91684015,74294319.5178677,72599819.8987652,78536508.1681753,69004698.08055265,83440370.9463977,73843588.12309766,72152037.04762262,80174806.72472517,87081377.22562766,77752327.04256016,68106751.21081279,80310460.86553526,78783054.80126268,77189286.02273019,83197888.57074027,74015556.74645765,75707343.45990773,70794107.80834518,68398459.15570517,91896372.61455771,71008100.67020273,82962277.44334772,79569409.41293775,73991052.76396267,82753389.21362518,83354035.05483772,78278212.41723773,78059782.11880523,75374570.67033279,77530626.72552264,73283804.37545268,68422667.11697768,81010480.52250527,80784909.31240779,74450070.9050777,75412153.56244025,77925962.92511024,76035959.51696762,71937986.0807627,85664702.22734769,78950084.3906152,85493406.3083752,82687666.57109007,76842371.26501524
2018-09-28,92383845.70799504,74852701.50137767,72793667.69947018,73223803.53374512,80456470.86426526,75465345.91385277,75307670.91684015,74294319.5178677,72599819.8987652,78536508.1681753,69004698.08055265,83440370.9463977,73843588.12309766,72152037.04762262,80174806.72472517,87081377.22562766,77752327.04256016,68106751.21081279,80310460.86553526,78783054.80126268,77189286.02273019,83197888.57074027,74015556.74645765,75707343.45990773,70794107.80834518,68398459.15570517,91896372.61455771,71008100.67020273,82962277.44334772,79569409.41293775,73991052.76396267,82753389.21362518,83354035.05483772,78278212.41723773,78059782.11880523,75374570.67033279,77530626.72552264,73283804.37545268,68422667.11697768,81010480.52250527,80784909.31240779,74450070.9050777,75412153.56244025,77925962.92511024,76035959.51696762,71937986.0807627,85664702.22734769,78950084.3906152,85493406.3083752,82687666.57109007,76842371.26501524
2018-10-01,92383845.70799504,74852701.50137767,72793667.69947018,73223803.53374512,80456470.86426526,75465345.91385277,75307670.91684015,74294319.5178677,72599819.8987652,78536508.1681753,69004698.08055265,83440370.9463977,73843588.12309766,72152037.04762262,80174806.72472517,87081377.22562766,77752327.04256016,68106751.21081279,80310460.86553526,78783054.80126268,77189286.02273019,83197888.57074027,74015556.74645765,75707343.45990773,70794107.80834518,68398459.15570517,91896372.61455771,71008100.67020273,82962277.44334772,79569409.41293775,73991052.76396267,82753389.21362518,83354035.05483772,78278212.41723773,78059782.11880523,75374570.67033279,77530626.72552264,73283804.37545268,68422667.11697768,81010480.52250527,80784909.31240779,74450070.9050777,75412153.56244025,77925962.92511024,76035959.51696762,71937986.0807627,85664702.22734769,78950084.3906152,85493406.3083752,82687666.57109007,76842371.26501524
2018-10-02,92383845.70799504,74852701.50137767,72793667.69947018,73223803.53374512,80456470.86426526,75465345.91385277,75307670.91684015,74294319.5178677,72599819.8987652,78536508.1681753,69004698.08055265,83440370.9463977,73843588.12309766,72152037.04762262,80174806.72472517,87081377.22562766,77752327.04256016,68106751.21081279,80310460.86553526,78783054.80126268,77189286.02273019,83197888.57074027,74015556.74645765,75707343.45990773,70794107.80834518,68398459.15570517,91896372.61455771,71008100.67020273,82962277.44334772,79569409.41293775,73991052.76396267,82753389.21362518,83354035.05483772,78278212.41723773,78059782.11880523,75374570.67033279,77530626.72552264,73283804.37545268,68422667.11697768,81010480.52250527,80784909.31240779,74450070.9050777,75412153.56244025,77925962.92511024,76035959.51696762,71937986.0807627,85664702.22734769,78950084.3906152,85493406.3083752,82687666.57109007,76842371.26501524
2018-10-03,92383845.70799504,74852701.50137767,72793667.69947018,73223803.53374512,80456470.86426526,75465345.91385277,75307670.91684015,74294319.5178677,72599819.8987652,78536508.1681753,69004698.08055265,83440370.9463977,73843588.12309766,72152037.04762262,80174806.72472517,87081377.22562766,77752327.04256016,68106751.21081279,80310460.86553526,78783054.80126268,77189286.02273019,83197888.57074027,74015556.74645765,75707343.45990773,70794107.80834518,68398459.15570517,91896372.61455771,71008100.67020273,82962277.44334772,79569409.41293775,73991052.76396267,82753389.21362518,83354035.05483772,78278212.41723773,78059782.11880523,75374570.67033279,77530626.72552264,73283804.37545268,68422667.11697768,81010480.52250527,80784909.31240779,74450070.9050777,75412153.56244025,77925962.92511024,76035959.51696762,71937986.0807627,85664702.22734769,78950084.3906152,85493406.3083752,82687666.57109007,76842371.26501524
2018-10-04,92383845.70799504,74852701.50137767,72793667.69947018,73223803.53374512,80456470.86426526,75465345.91385277,75307670.91684015,74294319.5178677,72599819.8987652,78536508.1681753,69004698.08055265,83440370.9463977,73843588.12309766,72152037.04762262,80174806.72472517,87081377.22562766,77752327.04256016,68106751.21081279,80310460.86553526,78783054.80126268,77189286.02273019,83197888.57074027,74015556.74645765,75707343.45990773,70794107.80834518,68398459.15570517,91896372.61455771,71008100.67020273,82962277.44334772,79569409.41293775,73991052.76396267,82753389.21362518,83354035.05483772,78278212.41723773,78059782.11880523,75374570.67033279,77530626.72552264,73283804.37545268,68422667.11697768,81010480.52250527,80784909.31240779,74450070.9050777,75412153.56244025,77925962.92511024,76035959.51696762,71937986.0807627,85664702.22734769,78950084.3906152,85493406.3083752,82687666.57109007,76842371.26501524
2018-10-05,92383845.70799504,74852701.50137767,72793667.69947018,73223803.53374512,80456470.86426526,75465345.91385277,75307670.91684015,74294319.5178677,72599819.8987652,78536508.1681753,69004698.08055265,83440370.9463977,73843588.12309766,72152037.04762262,80174806.72472517,87081377.22562766,77752327.04256016,68106751.21081279,80310460.86553526,78783054.80126268,77189286.02273019,83197888.57074027,74015556.74645765,75707343.45990773,70794107.80834518,68398459.15570517,91896372.61455771,71008100.67020273,82962277.44334772,79569409.41293775,73991052.76396267,82753389.21362518,83354035.05483772,78278212.41723773,78059782.11880523,75374570.67033279,77530626.72552264,73283804.37545268,68422667.11697768,81010480.52250527,80784909.31240779,74450070.9050777,75412153.56244025,77925962.92511024,76035959.51696762,71937986.0807627,85664702.22734769,78950084.3906152,85493406.3083752,82687666.57109007,76842371.26501524
2018-10-08,92383845.70799504,74852701.50137767,72793667.69947018,73223803.53374512,80456470.86426526,75465345.91385277,75307670.91684015,74294319.5178677,72599819.8987652,78536508.1681753,69004698.08055265,83440370.9463977,73843588.12309766,72152037.04762262,80174806.72472517,87081377.22562766,77752327.04256016,68106751.21081279,80310460.86553526,78783054.80126268,77189286.02273019,83197888.57074027,74015556.74645765,75707343.45990773,70794107.80834518,68398459.15570517,91896372.61455771,71008100.67020273,82962277.44334772,79569409.41293775,73991052.76396267,82753389.21362518,83354035.05483772,78278212.41723773,78059782.11880523,75374570.67033279,77530626.72552264,73283804.37545268,68422667.11697768,81010480.52250527,80784909.31240779,74450070.9050777,75412153.56244025,77925962.92511024,76035959.51696762,71937986.0807627,85664702.22734769,78950084.3906152,85493406.3083752,82687666.57109007,76842371.26501524
2018-10-09,92383845.70799504,74852701.50137767,72793667.69947018,73223803.53374512,80456470.86426526,75465345.91385277,75307670.91684015,74294319.5178677,72599819.8987652,78536508.1681753,69004698.08055265,83440370.9463977,73843588.12309766,72152037.04762262,80174806.72472517,87081377.22562766,77752327.04256016,68106751.21081279,80310460.86553526,78783054.80126268,77189286.02273019,83197888.57074027,74015556.74645765,75707343.45990773,70794107.80834518,68398459.15570517,91896372.61455771,71008100.67020273,82962277.44334772,79569409.41293775,73991052.76396267,82753389.21362518,83354035.05483772,78278212.41723773,78059782.11880523,75374570.67033279,77530626.72552264,73283804.37545268,68422667.11697768,81010480.52250527,80784909.31240779,74450070.9050777,75412153.56244025,77925962.92511024,76035959.51696762,71937986.0807627,85664702.22734769,78950084.3906152,85493406.3083752,82687666.57109007,76842371.26501524
2018-10-10,92383845.70799504,74852701.50137767,72793667.69947018,73223803.53374512,80456470.86426526,75465345.91385277,75307670.91684015,74294319.5178677,72599819.8987652,78536508.1681753,69004698.08055265,83440370.9463977,73843588.12309766,72152037.04762262,80174806.72472517,87081377.22562766,77752327.04256016,68106751.21081279,80310460.86553526,78783054.80126268,77189286.02273019,83197888.57074027,74015556.74645765,75707343.45990773,70794107.80834518,68398459.15570517,91896372.61455771,71008100.67020273,82962277.44334772,79569409.41293775,73991052.76396267,82753389.21362518,83354035.05483772,78278212.41723773,78059782.11880523,75374570.67033279,77530626.72552264,73283804.37545268,68422667.11697768,81010480.52250527,80784909.31240779,74450070.9050777,75412153.56244025,77925962.92511024,76035959.51696762,71937986.0807627,85664702.22734769,78950084.3906152,85493406.3083752,82687666.57109007,76842371.26501524
2018-10-11,92383845.70799504,74852701.50137767,72793667.69947018,73223803.53374512,80456470.86426526,75465345.91385277,75307670.91684015,74294319.5178677,72599819.8987652,78536508.1681753,69004698.08055265,83440370.9463977,73843588.12309766,72152037.04762262,80174806.72472517,87081377.22562766,77752327.04256016,68106751.21081279,80310460.86553526,78783054.80126268,77189286.02273019,83197888.57074027,74015556.74645765,75707343.45990773,70794107.80834518,68398459.15570517,91896372.61455771,71008100.67020273,82962277.44334772,79569409.41293775,73991052.76396267,82753389.21362518,83354035.05483772,78278212.41723773,78059782.11880523,75374570.67033279,77530626.72552264,73283804.37545268,68422667.11697768,81010480.52250527,80784909.31240779,74450070.9050777,75412153.56244025,77925962.92511024,76035959.51696762,71937986.0807627,85664702.22734769,78950084.3906152,85493406.3083752,82687666.57109007,76842371.26501524
2018-10-12,92383845.70799504,74852701.50137767,72793667.69947018,73223803.53374512,80456470.86426526,75465345.91385277,75307670.91684015,74294319.5178677,72599819.8987652,78536508.1681753,69004698.08055265,83440370.9463977,73843588.12309766,72152037.04762262,80174806.72472517,87081377.22562766,77752327.04256016,68106751.21081279,80310460.86553526,78783054.80126268,77189286.02273019,83197888.57074027,74015556.74645765,75707343.45990773,70794107.80834518,68398459.15570517,91896372.61455771,71008100.67020273,82962277.44334772,79569409.41293775,73991052.76396267,82753389.21362518,83354035.05483772,78278212.41723773,78059782.11880523,75374570.67033279,77530626.72552264,73283804.37545268,68422667.11697768,81010480.52250527,80784909.31240779,74450070.9050777,75412153.56244025,77925962.92511024,76035959.51696762,71937986.0807627,85664702.22734769,78950084.3906152,85493406.3083752,82687666.57109007,76842371.26501524
2018-10-15,92383845.70799504,74852701.50137767,72793667.69947018,73223803.53374512,80456470.86426526,75465345.91385277,75307670.91684015,74294319.5178677,72599819.8987652,78536508.1681753,69004698.08055265,83440370.9463977,73843588.12309766,72152037.04762262,80174806.72472517,87081377.22562766,77752327.04256016,68106751.21081279,80310460.86553526,78783054.80126268,77189286.02273019,83197888.57074027,74015556.74645765,75707343.45990773,70794107.80834518,68398459.15570517,91896372.61455771,71008100.67020273,82962277.44334772,79569409.41293775,73991052.76396267,82753389.21362518,83354035.05483772,78278212.41723773,78059782.11880523,75374570.67033279,77530626.72552264,73283804.37545268,68422667.11697768,81010480.52250527,80784909.31240779,74450070.9050777,75412153.56244025,77925962.92511024,76035959.51696762,71937986.0807627,85664702.22734769,78950084.3906152,85493406.3083752,82687666.57109007,76842371.26501524
2018-10-16,92383845.70799504,74852701.50137767,72793667.69947018,73223803.53374512,80456470.86426526,75465345.91385277,75307670.91684015,74294319.5178677,72599819.8987652,78536508.1681753,69004698.08055265,83440370.9463977,73843588.12309766,72152037.04762262,80174806.72472517,87081377.22562766,77752327.04256016,68106751.21081279,80310460.86553526,78783054.80126268,77189286.02273019,83197888.57074027,74015556.74645765,75707343.45990773,70794107.80834518,68398459.15570517,91896372.61455771,71008100.67020273,82962277.44334772,79569409.41293775,73991052.76396267,82753389.21362518,83354035.05483772,78278212.41723773,78059782.11880523,75374570.67033279,77530626.72552264,73283804.37545268,68422667.11697768,81010480.52250527,80784909.31240779,74450070.9050777,75412153.56244025,77925962.92511024,76035959.51696762,71937986.0807627,85664702.22734769,78950084.3906152,85493406.3083752,82687666.57109007,76842371.26501524
2018-10-17,92383845.70799504,74852701.50137767,72793667.69947018,73223803.53374512,80456470.86426526,75465345.91385277,75307670.91684015,74294319.5178677,72599819.8987652,78536508.1681753,69004698.08055265,83440370.9463977,73843588.12309766,72152037.04762262,80174806.72472517,87081377.22562766,77752327.04256016,68106751.21081279,80310460.86553526,78783054.80126268,77189286.02273019,83197888.57074027,74015556.74645765,75707343.45990773,70794107.80834518,68398459.15570517,91896372.61455771,71008100.67020273,82962277.44334772,79569409.41293775,73991052.76396267,82753389.21362518,83354035.05483772,78278212.41723773,78059782.11880523,75374570.67033279,77530626.72552264,73283804.37545268,68422667.11697768,81010480.52250527,80784909.31240779,74450070.9050777,75412153.56244025,77925962.92511024,76035959.51696762,71937986.0807627,85664702.22734769,78950084.3906152,85493406.3083752,82687666.57109007,76842371.26501524
2018-10-18,92383845.70799504,74852701.50137767,72793667.69947018,73223803.53374512,80456470.86426526,75465345.91385277,75307670.91684015,74294319.5178677,72599819.8987652,78536508.1681753,69004698.08055265,83440370.9463977,73843588.12309766,72152037.04762262,80174806.72472517,87081377.22562766,77752327.04256016,68106751.21081279,80310460.86553526,78783054.80126268,77189286.02273019,83197888.57074027,74015556.74645765,75707343.45990773,70794107.80834518,68398459.15570517,91896372.61455771,71008100.67020273,82962277.44334772,79569409.41293775,73991052.76396267,82753389.21362518,83354035.05483772,78278212.41723773,78059782.11880523,75374570.67033279,77530626.72552264,73283804.37545268,68422667.11697768,81010480.52250527,80784909.31240779,74450070.9050777,75412153.56244025,77925962.92511024,76035959.51696762,71937986.0807627,85664702.22734769,78950084.3906152,85493406.3083752,82687666.57109007,76842371.26501524
2018-10-19,92383845.70799504,74852701.50137767,72793667.69947018,73223803.53374512,80456470.86426526,75465345.91385277,75307670.91684015,74294319.5178677,72599819.8987652,78536508.1681753,69004698.08055265,83440370.9463977,73843588.12309766,72152037.04762262,80174806.72472517,87081377.22562766,77752327.04256016,68106751.21081279,80310460.86553526,78783054.80126268,77189286.02273019,83197888.57074027,74015556.74645765,75707343.45990773,70794107.80834518,68398459.15570517,91896372.61455771,71008100.67020273,82962277.44334772,79569409.41293775,73991052.76396267,82753389.21362518,83354035.05483772,78278212.41723773,78059782.11880523,75374570.67033279,77530626.72552264,73283804.37545268,68422667.11697768,81010480.52250527,80784909.31240779,74450070.9050777,75412153.56244025,77925962.92511024,76035959.51696762,71937986.0807627,85664702.22734769,78950084.3906152,85493406.3083752,82687666.57109007,76842371.26501524
2018-10-22,92383845.70799504,74852701.50137767,72793667.69947018,73223803.53374512,80456470.86426526,75465345.91385277,75307670.91684015,74294319.5178677,72599819.8987652,78536508.1681753,69004698.08055265,83440370.9463977,73843588.12309766,72152037.04762262,80174806.72472517,87081377.22562766,77752327.04256016,68106751.21081279,80310460.86553526,78783054.80126268,77189286.02273019,83197888.57074027,74015556.74645765,75707343.45990773,70794107.80834518,68398459.15570517,91896372.61455771,71008100.67020273,82962277.44334772,79569409.41293775,73991052.76396267,82753389.21362518,83354035.05483772,78278212.41723773,78059782.11880523,75374570.67033279,77530626.72552264,73283804.37545268,68422667.11697768,81010480.52250527,80784909.31240779,74450070.9050777,75412153.56244025,77925962.92511024,76035959.51696762,71937986.0807627,85664702.22734769,78950084.3906152,85493406.3083752,82687666.57109007,76842371.26501524
2018-10-23,92383845.70799504,74852701.50137767,72793667.69947018,73223803.53374512,80456470.86426526,75465345.91385277,75307670.91684015,74294319.5178677,72599819.8987652,78536508.1681753,69004698.08055265,83440370.9463977,73843588.12309766,72152037.04762262,80174806.72472517,87081377.22562766,77752327.04256016,68106751.21081279,80310460.86553526,78783054.80126268,77189286.02273019,83197888.57074027,74015556.74645765,75707343.45990773,70794107.80834518,68398459.15570517,91896372.61455771,71008100.67020273,82962277.44334772,79569409.41293775,73991052.76396267,82753389.21362518,83354035.05483772,78278212.41723773,78059782.11880523,75374570.67033279,77530626.72552264,73283804.37545268,68422667.11697768,81010480.52250527,80784909.31240779,74450070.9050777,75412153.56244025,77925962.92511024,76035959.51696762,71937986.0807627,85664702.22734769,78950084.3906152,85493406.3083752,82687666.57109007,76842371.26501524
2018-10-24,92383845.70799504,74852701.50137767,72793667.69947018,73223803.53374512,80456470.86426526,75465345.91385277,75307670.91684015,74294319.5178677,72599819.8987652,78536508.1681753,69004698.08055265,83440370.9463977,73843588.12309766,72152037.04762262,80174806.72472517,87081377.22562766,77752327.04256016,68106751.21081279,80310460.86553526,78783054.80126268,77189286.02273019,83197888.57074027,74015556.74645765,75707343.45990773,70794107.80834518,68398459.15570517,91896372.61455771,71008100.67020273,82962277.44334772,79569409.41293775,73991052.76396267,82753389.21362518,83354035.05483772,78278212.41723773,78059782.11880523,75374570.67033279,77530626.72552264,73283804.37545268,68422667.11697768,81010480.52250527,80784909.31240779,74450070.9050777,75412153.56244025,77925962.92511024,76035959.51696762,71937986.0807627,85664702.22734769,78950084.3906152,85493406.3083752,82687666.57109007,76842371.26501524
2018-10-25,92383845.70799504,74852701.50137767,72793667.69947018,73223803.53374512,80456470.86426526,75465345.91385277,75307670.91684015,74294319.5178677,72599819.8987652,78536508.1681753,69004698.08055265,83440370.9463977,73843588.12309766,72152037.04762262,80174806.72472517,87081377.22562766,77752327.04256016,68106751.21081279,80310460.86553526,78783054.80126268,77189286.02273019,83197888.57074027,74015556.74645765,75707343.45990773,70794107.80834518,68398459.15570517,91896372.61455771,71008100.67020273,82962277.44334772,79569409.41293775,73991052.76396267,82753389.21362518,83354035.05483772,78278212.41723773,78059782.11880523,75374570.67033279,77530626.72552264,73283804.37545268,68422667.11697768,81010480.52250527,80784909.31240779,74450070.9050777,75412153.56244025,77925962.92511024,76035959.51696762,71937986.0807627,85664702.22734769,78950084.3906152,85493406.3083752,82687666.57109007,76842371.26501524
2018-10-26,92383845.70799504,74852701.50137767,72793667.69947018,73223803.53374512,80456470.86426526,75465345.91385277,75307670.91684015,74294319.5178677,72599819.8987652,78536508.1681753,69004698.08055265,83440370.9463977,73843588.12309766,72152037.04762262,80174806.72472517,87081377.22562766,77752327.04256016,68106751.21081279,80310460.86553526,78783054.80126268,77189286.02273019,83197888.57074027,74015556.74645765,75707343.45990773,70794107.80834518,68398459.15570517,91896372.61455771,71008100.67020273,82962277.44334772,79569409.41293775,73991052.76396267,82753389.21362518,83354035.05483772,78278212.41723773,78059782.11880523,75374570.67033279,77530626.72552264,73283804.37545268,68422667.11697768,81010480.52250527,80784909.31240779,74450070.9050777,75412153.56244025,77925962.92511024,76035959.51696762,71937986.0807627,85664702.22734769,78950084.3906152,85493406.3083752,82687666.57109007,76842371.26501524
2018-10-29,92383845.70799504,74852701.50137767,72793667.69947018,73223803.53374512,80456470.86426526,75465345.91385277,75307670.91684015,74294319.5178677,72599819.8987652,78536508.1681753,69004698.08055265,83440370.9463977,73843588.12309766,72152037.04762262,80174806.72472517,87081377.22562766,77752327.04256016,68106751.21081279,80310460.86553526,78783054.80126268,77189286.02273019,83197888.57074027,74015556.74645765,75707343.45990773,70794107.80834518,68398459.15570517,91896372.61455771,71008100.67020273,82962277.44334772,79569409.41293775,73991052.76396267,82753389.21362518,83354035.05483772,78278212.41723773,78059782.11880523,75374570.67033279,77530626.72552264,73283804.37545268,68422667.11697768,81010480.52250527,80784909.31240779,74450070.9050777,75412153.56244025,77925962.92511024,76035959.51696762,71937986.0807627,85664702.22734769,78950084.3906152,85493406.3083752,82687666.57109007,76842371.26501524
2018-10-30,92383845.70799504,74852701.50137767,72793667.69947018,73223803.53374512,80456470.86426526,75465345.91385277,75307670.91684015,74294319.5178677,72599819.8987652,78536508.1681753,69004698.08055265,83440370.9463977,73843588.12309766,72152037.04762262,80174806.72472517,87081377.22562766,77752327.04256016,68106751.21081279,80310460.86553526,78783054.80126268,77189286.02273019,83197888.57074027,74015556.74645765,75707343.45990773,70794107.80834518,68398459.15570517,91896372.61455771,71008100.67020273,82962277.44334772,79569409.41293775,73991052.76396267,82753389.21362518,83354035.05483772,78278212.41723773,78059782.11880523,75374570.67033279,77530626.72552264,73283804.37545268,68422667.11697768,81010480.52250527,80784909.31240779,74450070.9050777,75412153.56244025,77925962.92511024,76035959.51696762,71937986.0807627,85664702.22734769,78950084.3906152,85493406.3083752,82687666.57109007,76842371.26501524
2018-10-31,92383845.70799504,74852701.50137767,72793667.69947018,73223803.53374512,80456470.86426526,75465345.91385277,75307670.91684015,74294319.5178677,72599819.8987652,78536508.1681753,69004698.08055265,83440370.9463977,73843588.12309766,72152037.04762262,80174806.72472517,87081377.22562766,77752327.04256016,68106751.21081279,80310460.86553526,78783054.80126268,77189286.02273019,83197888.57074027,74015556.74645765,75707343.45990773,70794107.80834518,68398459.15570517,91896372.61455771,71008100.67020273,82962277.44334772,79569409.41293775,73991052.76396267,82753389.21362518,83354035.05483772,78278212.41723773,78059782.11880523,75374570.67033279,77530626.72552264,73283804.37545268,68422667.11697768,81010480.52250527,80784909.31240779,74450070.9050777,75412153.56244025,77925962.92511024,76035959.51696762,71937986.0807627,85664702.22734769,78950084.3906152,85493406.3083752,82687666.57109007,76842371.26501524
2018-11-01,92383845.70799504,74852701.50137767,72793667.69947018,73223803.53374512,80456470.86426526,75465345.91385277,75307670.91684015,74294319.5178677,72599819.8987652,78536508.1681753,69004698.08055265,83440370.9463977,73843588.12309766,72152037.04762262,80174806.72472517,87081377.22562766,77752327.04256016,68106751.21081279,80310460.86553526,78783054.80126268,77189286.02273019,83197888.57074027,74015556.74645765,75707343.45990773,70794107.80834518,68398459.15570517,91896372.61455771,71008100.67020273,82962277.44334772,79569409.41293775,73991052.76396267,82753389.21362518,83354035.05483772,78278212.41723773,78059782.11880523,75374570.67033279,77530626.72552264,73283804.37545268,68422667.11697768,81010480.52250527,80784909.31240779,74450070.9050777,75412153.56244025,77925962.92511024,76035959.51696762,71937986.0807627,85664702.22734769,78950084.3906152,85493406.3083752,82687666.57109007,76842371.26501524
2018-11-02,92383845.70799504,74852701.50137767,72793667.69947018,73223803.53374512,80456470.86426526,75465345.91385277,75307670.91684015,74294319.5178677,72599819.8987652,78536508.1681753,69004698.08055265,83440370.9463977,73843588.12309766,72152037.04762262,80174806.72472517,87081377.22562766,77752327.04256016,68106751.21081279,80310460.86553526,78783054.80126268,77189286.02273019,83197888.57074027,74015556.74645765,75707343.45990773,70794107.80834518,68398459.15570517,91896372.61455771,71008100.67020273,82962277.44334772,79569409.41293775,73991052.76396267,82753389.21362518,83354035.05483772,78278212.41723773,78059782.11880523,75374570.67033279,77530626.72552264,73283804.37545268,68422667.11697768,81010480.52250527,80784909.31240779,74450070.9050777,75412153.56244025,77925962.92511024,76035959.51696762,71937986.0807627,85664702.22734769,78950084.3906152,85493406.3083752,82687666.57109007,76842371.26501524
2018-11-05,92383845.70799504,74852701.50137767,72793667.69947018,73223803.53374512,80456470.86426526,75465345.91385277,75307670.91684015,74294319.5178677,72599819.8987652,78536508.1681753,69004698.08055265,83440370.9463977,73843588.12309766,72152037.04762262,80174806.72472517,87081377.22562766,77752327.04256016,68106751.21081279,80310460.86553526,78783054.80126268,77189286.02273019,83197888.57074027,74015556.74645765,75707343.45990773,70794107.80834518,68398459.15570517,91896372.61455771,71008100.67020273,82962277.44334772,79569409.41293775,73991052.76396267,82753389.21362518,83354035.05483772,78278212.41723773,78059782.11880523,75374570.67033279,77530626.72552264,73283804.37545268,68422667.11697768,81010480.52250527,80784909.31240779,74450070.9050777,75412153.56244025,77925962.92511024,76035959.51696762,71937986.0807627,85664702.22734769,78950084.3906152,85493406.3083752,82687666.57109007,76842371.26501524
2018-11-06,92383845.70799504,74852701.50137767,72793667.69947018,73223803.53374512,80456470.86426526,75465345.91385277,75307670.91684015,74294319.5178677,72599819.8987652,78536508.1681753,69004698.08055265,83440370.9463977,73843588.12309766,72152037.04762262,80174806.72472517,87081377.22562766,77752327.04256016,68106751.21081279,80310460.86553526,78783054.80126268,77189286.02273019,83197888.57074027,74015556.74645765,75707343.45990773,70794107.80834518,68398459.15570517,91896372.61455771,71008100.67020273,82962277.44334772,79569409.41293775,73991052.76396267,82753389.21362518,83354035.05483772,78278212.41723773,78059782.11880523,75374570.67033279,77530626.72552264,73283804.37545268,68422667.11697768,81010480.52250527,80784909.31240779,74450070.9050777,75412153.56244025,77925962.92511024,76035959.51696762,71937986.0807627,85664702.22734769,78950084.3906152,85493406.3083752,82687666.57109007,76842371.26501524
2018-11-07,92383845.70799504,74852701.50137767,72793667.69947018,73223803.53374512,80456470.86426526,75465345.91385277,75307670.91684015,74294319.5178677,72599819.8987652,78536508.1681753,69004698.08055265,83440370.9463977,73843588.12309766,72152037.04762262,80174806.72472517,87081377.22562766,77752327.04256016,68106751.21081279,80310460.86553526,78783054.80126268,77189286.02273019,83197888.57074027,74015556.74645765,75707343.45990773,70794107.80834518,68398459.15570517,91896372.61455771,71008100.67020273,82962277.44334772,79569409.41293775,73991052.76396267,82753389.21362518,83354035.05483772,78278212.41723773,78059782.11880523,75374570.67033279,77530626.72552264,73283804.37545268,68422667.11697768,81010480.52250527,80784909.31240779,74450070.9050777,75412153.56244025,77925962.92511024,76035959.51696762,71937986.0807627,85664702.22734769,78950084.3906152,85493406.3083752,82687666.57109007,76842371.26501524
2018-11-08,92383845.70799504,74852701.50137767,72793667.69947018,73223803.53374512,80456470.86426526,75465345.91385277,75307670.91684015,74294319.5178677,72599819.8987652,78536508.1681753,69004698.08055265,83440370.9463977,73843588.12309766,72152037.04762262,80174806.72472517,87081377.22562766,77752327.04256016,68106751.21081279,80310460.86553526,78783054.80126268,77189286.02273019,83197888.57074027,74015556.74645765,75707343.45990773,70794107.80834518,68398459.15570517,91896372.61455771,71008100.67020273,82962277.44334772,79569409.41293775,73991052.76396267,82753389.21362518,83354035.05483772,78278212.41723773,78059782.11880523,75374570.67033279,77530626.72552264,73283804.37545268,68422667.11697768,81010480.52250527,80784909.31240779,74450070.9050777,75412153.56244025,77925962.92511024,76035959.51696762,71937986.0807627,85664702.22734769,78950084.3906152,85493406.3083752,82687666.57109007,76842371.26501524
2018-11-09,92383845.70799504,74852701.50137767,72793667.69947018,73223803.53374512,80456470.86426526,75465345.91385277,75307670.91684015,74294319.5178677,72599819.8987652,78536508.1681753,69004698.08055265,83440370.9463977,73843588.12309766,72152037.04762262,80174806.72472517,87081377.22562766,77752327.04256016,68106751.21081279,80310460.86553526,78783054.80126268,77189286.02273019,83197888.57074027,74015556.74645765,75707343.45990773,70794107.80834518,68398459.15570517,91896372.61455771,71008100.67020273,82962277.44334772,79569409.41293775,73991052.76396267,82753389.21362518,83354035.05483772,78278212.41723773,78059782.11880523,75374570.67033279,77530626.72552264,73283804.37545268,68422667.11697768,81010480.52250527,80784909.31240779,74450070.9050777,75412153.56244025,77925962.92511024,76035959.51696762,71937986.0807627,85664702.22734769,78950084.3906152,85493406.3083752,82687666.57109007,76842371.26501524
2018-11-12,92383845.70799504,74852701.50137767,72793667.69947018,73223803.53374512,80456470.86426526,75465345.91385277,75307670.91684015,74294319.5178677,72599819.8987652,78536508.1681753,69004698.08055265,83440370.9463977,73843588.12309766,72152037.04762262,80174806.72472517,87081377.22562766,77752327.04256016,68106751.21081279,80310460.86553526,78783054.80126268,77189286.02273019,83197888.57074027,74015556.74645765,75707343.45990773,70794107.80834518,68398459.15570517,91896372.61455771,71008100.67020273,82962277.44334772,79569409.41293775,73991052.76396267,82753389.21362518,83354035.05483772,78278212.41723773,78059782.11880523,75374570.67033279,77530626.72552264,73283804.37545268,68422667.11697768,81010480.52250527,80784909.31240779,74450070.9050777,75412153.56244025,77925962.92511024,76035959.51696762,71937986.0807627,85664702.22734769,78950084.3906152,85493406.3083752,82687666.57109007,76842371.26501524
2018-11-13,92383845.70799504,74852701.50137767,72793667.69947018,73223803.53374512,80456470.86426526,75465345.91385277,75307670.91684015,74294319.5178677,72599819.8987652,78536508.1681753,69004698.08055265,83440370.9463977,73843588.12309766,72152037.04762262,80174806.72472517,87081377.22562766,77752327.04256016,68106751.21081279,80310460.86553526,78783054.80126268,77189286.02273019,83197888.57074027,74015556.74645765,75707343.45990773,70794107.80834518,68398459.15570517,91896372.61455771,71008100.67020273,82962277.44334772,79569409.41293775,73991052.76396267,82753389.21362518,83354035.05483772,78278212.41723773,78059782.11880523,75374570.67033279,77530626.72552264,73283804.37545268,68422667.11697768,81010480.52250527,80784909.31240779,74450070.9050777,75412153.56244025,77925962.92511024,76035959.51696762,71937986.0807627,85664702.22734769,78950084.3906152,85493406.3083752,82687666.57109007,76842371.26501524
2018-11-14,92383845.70799504,74852701.50137767,72793667.69947018,73223803.53374512,80456470.86426526,75465345.91385277,75307670.91684015,74294319.5178677,72599819.8987652,78536508.1681753,69004698.08055265,83440370.9463977,73843588.12309766,72152037.04762262,80174806.72472517,87081377.22562766,77752327.04256016,68106751.21081279,80310460.86553526,78783054.80126268,77189286.02273019,83197888.57074027,74015556.74645765,75707343.45990773,70794107.80834518,68398459.15570517,91896372.61455771,71008100.67020273,82962277.44334772,79569409.41293775,73991052.76396267,82753389.21362518,83354035.05483772,78278212.41723773,78059782.11880523,75374570.67033279,77530626.72552264,73283804.37545268,68422667.11697768,81010480.52250527,80784909.31240779,74450070.9050777,75412153.56244025,77925962.92511024,76035959.51696762,71937986.0807627,85664702.22734769,78950084.3906152,85493406.3083752,82687666.57109007,76842371.26501524
2018-11-15,92383845.70799504,74852701.50137767,72793667.69947018,73223803.53374512,80456470.86426526,75465345.91385277,75307670.91684015,74294319.5178677,72599819.8987652,78536508.1681753,69004698.08055265,83440370.9463977,73843588.12309766,72152037.04762262,80174806.72472517,87081377.22562766,77752327.04256016,68106751.21081279,80310460.86553526,78783054.80126268,77189286.02273019,83197888.57074027,74015556.74645765,75707343.45990773,70794107.80834518,68398459.15570517,91896372.61455771,71008100.67020273,82962277.44334772,79569409.41293775,73991052.76396267,82753389.21362518,83354035.05483772,78278212.41723773,78059782.11880523,75374570.67033279,77530626.72552264,73283804.37545268,68422667.11697768,81010480.52250527,80784909.31240779,74450070.9050777,75412153.56244025,77925962.92511024,76035959.51696762,71937986.0807627,85664702.22734769,78950084.3906152,85493406.3083752,82687666.57109007,76842371.26501524
2018-11-16,92383845.70799504,74852701.50137767,72793667.69947018,73223803.53374512,80456470.86426526,75465345.91385277,75307670.91684015,74294319.5178677,72599819.8987652,78536508.1681753,69004698.08055265,83440370.9463977,73843588.12309766,72152037.04762262,80174806.72472517,87081377.22562766,77752327.04256016,68106751.21081279,80310460.86553526,78783054.80126268,77189286.02273019,83197888.57074027,74015556.74645765,75707343.45990773,70794107.80834518,68398459.15570517,91896372.61455771,71008100.67020273,82962277.44334772,79569409.41293775,73991052.76396267,82753389.21362518,83354035.05483772,78278212.41723773,78059782.11880523,75374570.67033279,77530626.72552264,73283804.37545268,68422667.11697768,81010480.52250527,80784909.31240779,74450070.9050777,75412153.56244025,77925962.92511024,76035959.51696762,71937986.0807627,85664702.22734769,78950084.3906152,85493406.3083752,82687666.57109007,76842371.26501524
2018-11-19,92383845.70799504,74852701.50137767,72793667.69947018,73223803.53374512,80456470.86426526,75465345.91385277,75307670.91684015,74294319.5178677,72599819.8987652,78536508.1681753,69004698.08055265,83440370.9463977,73843588.12309766,72152037.04762262,80174806.72472517,87081377.22562766,77752327.04256016,68106751.21081279,80310460.86553526,78783054.80126268,77189286.02273019,83197888.57074027,74015556.74645765,75707343.45990773,70794107.80834518,68398459.15570517,91896372.61455771,71008100.67020273,82962277.44334772,79569409.41293775,73991052.76396267,82753389.21362518,83354035.05483772,78278212.41723773,78059782.11880523,75374570.67033279,77530626.72552264,73283804.37545268,68422667.11697768,81010480.52250527,80784909.31240779,74450070.9050777,75412153.56244025,77925962.92511024,76035959.51696762,71937986.0807627,85664702.22734769,78950084.3906152,85493406.3083752,82687666.57109007,76842371.26501524
2018-11-20,92383845.70799504,74852701.50137767,72793667.69947018,73223803.53374512,80456470.86426526,75465345.91385277,75307670.91684015,74294319.5178677,72599819.8987652,78536508.1681753,69004698.08055265,83440370.9463977,73843588.12309766,72152037.04762262,80174806.72472517,87081377.22562766,77752327.04256016,68106751.21081279,80310460.86553526,78783054.80126268,77189286.02273019,83197888.57074027,74015556.74645765,75707343.45990773,70794107.80834518,68398459.15570517,91896372.61455771,71008100.67020273,82962277.44334772,79569409.41293775,73991052.76396267,82753389.21362518,83354035.05483772,78278212.41723773,78059782.11880523,75374570.67033279,77530626.72552264,73283804.37545268,68422667.11697768,81010480.52250527,80784909.31240779,74450070.9050777,75412153.56244025,77925962.92511024,76035959.51696762,71937986.0807627,85664702.22734769,78950084.3906152,85493406.3083752,82687666.57109007,76842371.26501524
2018-11-21,92383845.70799504,74852701.50137767,72793667.69947018,73223803.53374512,80456470.86426526,75465345.91385277,75307670.91684015,74294319.5178677,72599819.8987652,78536508.1681753,69004698.08055265,83440370.9463977,73843588.12309766,72152037.04762262,80174806.72472517,87081377.22562766,77752327.04256016,68106751.21081279,80310460.86553526,78783054.80126268,77189286.02273019,83197888.57074027,74015556.74645765,75707343.45990773,70794107.80834518,68398459.15570517,91896372.61455771,71008100.67020273,82962277.44334772,79569409.41293775,73991052.76396267,82753389.21362518,83354035.05483772,78278212.41723773,78059782.11880523,75374570.67033279,77530626.72552264,73283804.37545268,68422667.11697768,81010480.52250527,80784909.31240779,74450070.9050777,75412153.56244025,77925962.92511024,76035959.51696762,71937986.0807627,85664702.22734769,78950084.3906152,85493406.3083752,82687666.57109007,76842371.26501524
2018-11-22,92383845.70799504,74852701.50137767,72793667.69947018,73223803.53374512,80456470.86426526,75465345.91385277,75307670.91684015,74294319.5178677,72599819.8987652,78536508.1681753,69004698.08055265,83440370.9463977,73843588.12309766,72152037.04762262,80174806.72472517,87081377.22562766,77752327.04256016,68106751.21081279,80310460.86553526,78783054.80126268,77189286.02273019,83197888.57074027,74015556.74645765,75707343.45990773,70794107.80834518,68398459.15570517,91896372.61455771,71008100.67020273,82962277.44334772,79569409.41293775,73991052.76396267,82753389.21362518,83354035.05483772,78278212.41723773,78059782.11880523,75374570.67033279,77530626.72552264,73283804.37545268,68422667.11697768,81010480.52250527,80784909.31240779,74450070.9050777,75412153.56244025,77925962.92511024,76035959.51696762,71937986.0807627,85664702.22734769,78950084.3906152,85493406.3083752,82687666.57109007,76842371.26501524
2018-11-23,92383845.70799504,74852701.50137767,72793667.69947018,73223803.53374512,80456470.86426526,75465345.91385277,75307670.91684015,74294319.5178677,72599819.8987652,78536508.1681753,69004698.08055265,83440370.9463977,73843588.12309766,72152037.04762262,80174806.72472517,87081377.22562766,77752327.04256016,68106751.21081279,80310460.86553526,78783054.80126268,77189286.02273019,83197888.57074027,74015556.74645765,75707343.45990773,70794107.80834518,68398459.15570517,91896372.61455771,71008100.67020273,82962277.44334772,79569409.41293775,73991052.76396267,82753389.21362518,83354035.05483772,78278212.41723773,78059782.11880523,75374570.67033279,77530626.72552264,73283804.37545268,68422667.11697768,81010480.52250527,80784909.31240779,74450070.9050777,75412153.56244025,77925962.92511024,76035959.51696762,71937986.0807627,85664702.22734769,78950084.3906152,85493406.3083752,82687666.57109007,76842371.26501524
2018-11-26,92383845.70799504,74852701.50137767,72793667.69947018,73223803.53374512,80456470.86426526,75465345.91385277,75307670.91684015,74294319.5178677,72599819.8987652,78536508.1681753,69004698.08055265,83440370.9463977,73843588.12309766,72152037.04762262,80174806.72472517,87081377.22562766,77752327.04256016,68106751.21081279,80310460.86553526,78783054.80126268,77189286.02273019,83197888.57074027,74015556.74645765,75707343.45990773,70794107.80834518,68398459.15570517,91896372.61455771,71008100.67020273,82962277.44334772,79569409.41293775,73991052.76396267,82753389.21362518,83354035.05483772,78278212.41723773,78059782.11880523,75374570.67033279,77530626.72552264,73283804.37545268,68422667.11697768,81010480.52250527,80784909.31240779,74450070.9050777,75412153.56244025,77925962.92511024,76035959.51696762,71937986.0807627,85664702.22734769,78950084.3906152,85493406.3083752,82687666.57109007,76842371.26501524
2018-11-27,92383845.70799504,74852701.50137767,72793667.69947018,73223803.53374512,80456470.86426526,75465345.91385277,75307670.91684015,74294319.5178677,72599819.8987652,78536508.1681753,69004698.08055265,83440370.9463977,73843588.12309766,72152037.04762262,80174806.72472517,87081377.22562766,77752327.04256016,68106751.21081279,80310460.86553526,78783054.80126268,77189286.02273019,83197888.57074027,74015556.74645765,75707343.45990773,70794107.80834518,68398459.15570517,91896372.61455771,71008100.67020273,82962277.44334772,79569409.41293775,73991052.76396267,82753389.21362518,83354035.05483772,78278212.41723773,78059782.11880523,75374570.67033279,77530626.72552264,73283804.37545268,68422667.11697768,81010480.52250527,80784909.31240779,74450070.9050777,75412153.56244025,77925962.92511024,76035959.51696762,71937986.0807627,85664702.22734769,78950084.3906152,85493406.3083752,82687666.57109007,76842371.26501524
2018-11-28,92383845.70799504,74852701.50137767,72793667.69947018,73223803.53374512,80456470.86426526,75465345.91385277,75307670.91684015,74294319.5178677,72599819.8987652,78536508.1681753,69004698.08055265,83440370.9463977,73843588.12309766,72152037.04762262,80174806.72472517,87081377.22562766,77752327.04256016,68106751.21081279,80310460.86553526,78783054.80126268,77189286.02273019,83197888.57074027,74015556.74645765,75707343.45990773,70794107.80834518,68398459.15570517,91896372.61455771,71008100.67020273,82962277.44334772,79569409.41293775,73991052.76396267,82753389.21362518,83354035.05483772,78278212.41723773,78059782.11880523,75374570.67033279,77530626.72552264,73283804.37545268,68422667.11697768,81010480.52250527,80784909.31240779,74450070.9050777,75412153.56244025,77925962.92511024,76035959.51696762,71937986.0807627,85664702.22734769,78950084.3906152,85493406.3083752,82687666.57109007,76842371.26501524
2018-11-29,92383845.70799504,74852701.50137767,72793667.69947018,73223803.53374512,80456470.86426526,75465345.91385277,75307670.91684015,74294319.5178677,72599819.8987652,78536508.1681753,69004698.08055265,83440370.9463977,73843588.12309766,72152037.04762262,80174806.72472517,87081377.22562766,77752327.04256016,68106751.21081279,80310460.86553526,78783054.80126268,77189286.02273019,83197888.57074027,74015556.74645765,75707343.45990773,70794107.80834518,68398459.15570517,91896372.61455771,71008100.67020273,82962277.44334772,79569409.41293775,73991052.76396267,82753389.21362518,83354035.05483772,78278212.41723773,78059782.11880523,75374570.67033279,77530626.72552264,73283804.37545268,68422667.11697768,81010480.52250527,80784909.31240779,74450070.9050777,75412153.56244025,77925962.92511024,76035959.51696762,71937986.0807627,85664702.22734769,78950084.3906152,85493406.3083752,82687666.57109007,76842371.26501524
2018-11-30,92383845.70799504,74852701.50137767,72793667.69947018,73223803.53374512,80456470.86426526,75465345.91385277,75307670.91684015,74294319.5178677,72599819.8987652,78536508.1681753,69004698.08055265,83440370.9463977,73843588.12309766,72152037.04762262,80174806.72472517,87081377.22562766,77752327.04256016,68106751.21081279,80310460.86553526,78783054.80126268,77189286.02273019,83197888.57074027,74015556.74645765,75707343.45990773,70794107.80834518,68398459.15570517,91896372.61455771,71008100.67020273,82962277.44334772,79569409.41293775,73991052.76396267,82753389.21362518,83354035.05483772,78278212.41723773,78059782.11880523,75374570.67033279,77530626.72552264,73283804.37545268,68422667.11697768,81010480.52250527,80784909.31240779,74450070.9050777,75412153.56244025,77925962.92511024,76035959.51696762,71937986.0807627,85664702.22734769,78950084.3906152,85493406.3083752,82687666.57109007,76842371.26501524
2018-12-03,92383845.70799504,74852701.50137767,72793667.69947018,73223803.53374512,80456470.86426526,75465345.91385277,75307670.91684015,74294319.5178677,72599819.8987652,78536508.1681753,69004698.08055265,83440370.9463977,73843588.12309766,72152037.04762262,80174806.72472517,87081377.22562766,77752327.04256016,68106751.21081279,80310460.86553526,78783054.80126268,77189286.02273019,83197888.57074027,74015556.74645765,75707343.45990773,70794107.80834518,68398459.15570517,91896372.61455771,71008100.67020273,82962277.44334772,79569409.41293775,73991052.76396267,82753389.21362518,83354035.05483772,78278212.41723773,78059782.11880523,75374570.67033279,77530626.72552264,73283804.37545268,68422667.11697768,81010480.52250527,80784909.31240779,74450070.9050777,75412153.56244025,77925962.92511024,76035959.51696762,71937986.0807627,85664702.22734769,78950084.3906152,85493406.3083752,82687666.57109007,76842371.26501524
2018-12-04,92383845.70799504,74852701.50137767,72793667.69947018,73223803.53374512,80456470.86426526,75465345.91385277,75307670.91684015,74294319.5178677,72599819.8987652,78536508.1681753,69004698.08055265,83440370.9463977,73843588.12309766,72152037.04762262,80174806.72472517,87081377.22562766,77752327.04256016,68106751.21081279,80310460.86553526,78783054.80126268,77189286.02273019,83197888.57074027,74015556.74645765,75707343.45990773,70794107.80834518,68398459.15570517,91896372.61455771,71008100.67020273,82962277.44334772,79569409.41293775,73991052.76396267,82753389.21362518,83354035.05483772,78278212.41723773,78059782.11880523,75374570.67033279,77530626.72552264,73283804.37545268,68422667.11697768,81010480.52250527,80784909.31240779,74450070.9050777,75412153.56244025,77925962.92511024,76035959.51696762,71937986.0807627,85664702.22734769,78950084.3906152,85493406.3083752,82687666.57109007,76842371.26501524
2018-12-05,92383845.70799504,74852701.50137767,72793667.69947018,73223803.53374512,80456470.86426526,75465345.91385277,75307670.91684015,74294319.5178677,72599819.8987652,78536508.1681753,69004698.08055265,83440370.9463977,73843588.12309766,72152037.04762262,80174806.72472517,87081377.22562766,77752327.04256016,68106751.21081279,80310460.86553526,78783054.80126268,77189286.02273019,83197888.57074027,74015556.74645765,75707343.45990773,70794107.80834518,68398459.15570517,91896372.61455771,71008100.67020273,82962277.44334772,79569409.41293775,73991052.76396267,82753389.21362518,83354035.05483772,78278212.41723773,78059782.11880523,75374570.67033279,77530626.72552264,73283804.37545268,68422667.11697768,81010480.52250527,80784909.31240779,74450070.9050777,75412153.56244025,77925962.92511024,76035959.51696762,71937986.0807627,85664702.22734769,78950084.3906152,85493406.3083752,82687666.57109007,76842371.26501524
2018-12-06,92383845.70799504,74852701.50137767,72793667.69947018,73223803.53374512,80456470.86426526,75465345.91385277,75307670.91684015,74294319.5178677,72599819.8987652,78536508.1681753,69004698.08055265,83440370.9463977,73843588.12309766,72152037.04762262,80174806.72472517,87081377.22562766,77752327.04256016,68106751.21081279,80310460.86553526,78783054.80126268,77189286.02273019,83197888.57074027,74015556.74645765,75707343.45990773,70794107.80834518,68398459.15570517,91896372.61455771,71008100.67020273,82962277.44334772,79569409.41293775,73991052.76396267,82753389.21362518,83354035.05483772,78278212.41723773,78059782.11880523,75374570.67033279,77530626.72552264,73283804.37545268,68422667.11697768,81010480.52250527,80784909.31240779,74450070.9050777,75412153.56244025,77925962.92511024,76035959.51696762,71937986.0807627,85664702.22734769,78950084.3906152,85493406.3083752,82687666.57109007,76842371.26501524
2018-12-07,92383845.70799504,74852701.50137767,72793667.69947018,73223803.53374512,80456470.86426526,75465345.91385277,75307670.91684015,74294319.5178677,72599819.8987652,78536508.1681753,69004698.08055265,83440370.9463977,73843588.12309766,72152037.04762262,80174806.72472517,87081377.22562766,77752327.04256016,68106751.21081279,80310460.86553526,78783054.80126268,77189286.02273019,83197888.57074027,74015556.74645765,75707343.45990773,70794107.80834518,68398459.15570517,91896372.61455771,71008100.67020273,82962277.44334772,79569409.41293775,73991052.76396267,82753389.21362518,83354035.05483772,78278212.41723773,78059782.11880523,75374570.67033279,77530626.72552264,73283804.37545268,68422667.11697768,81010480.52250527,80784909.31240779,74450070.9050777,75412153.56244025,77925962.92511024,76035959.51696762,71937986.0807627,85664702.22734769,78950084.3906152,85493406.3083752,82687666.57109007,76842371.26501524
2018-12-10,92383845.70799504,74852701.50137767,72793667.69947018,73223803.53374512,80456470.86426526,75465345.91385277,75307670.91684015,74294319.5178677,72599819.8987652,78536508.1681753,69004698.08055265,83440370.9463977,73843588.12309766,72152037.04762262,80174806.72472517,87081377.22562766,77752327.04256016,68106751.21081279,80310460.86553526,78783054.80126268,77189286.02273019,83197888.57074027,74015556.74645765,75707343.45990773,70794107.80834518,68398459.15570517,91896372.61455771,71008100.67020273,82962277.44334772,79569409.41293775,73991052.76396267,82753389.21362518,83354035.05483772,78278212.41723773,78059782.11880523,75374570.67033279,77530626.72552264,73283804.37545268,68422667.11697768,81010480.52250527,80784909.31240779,74450070.9050777,75412153.56244025,77925962.92511024,76035959.51696762,71937986.0807627,85664702.22734769,78950084.3906152,85493406.3083752,82687666.57109007,76842371.26501524
2018-12-11,92383845.70799504,74852701.50137767,72793667.69947018,73223803.53374512,80456470.86426526,75465345.91385277,75307670.91684015,74294319.5178677,72599819.8987652,78536508.1681753,69004698.08055265,83440370.9463977,73843588.12309766,72152037.04762262,80174806.72472517,87081377.22562766,77752327.04256016,68106751.21081279,80310460.86553526,78783054.80126268,77189286.02273019,83197888.57074027,74015556.74645765,75707343.45990773,70794107.80834518,68398459.15570517,91896372.61455771,71008100.67020273,82962277.44334772,79569409.41293775,73991052.76396267,82753389.21362518,83354035.05483772,78278212.41723773,78059782.11880523,75374570.67033279,77530626.72552264,73283804.37545268,68422667.11697768,81010480.52250527,80784909.31240779,74450070.9050777,75412153.56244025,77925962.92511024,76035959.51696762,71937986.0807627,85664702.22734769,78950084.3906152,85493406.3083752,82687666.57109007,76842371.26501524
2018-12-12,92383845.70799504,74852701.50137767,72793667.69947018,73223803.53374512,80456470.86426526,75465345.91385277,75307670.91684015,74294319.5178677,72599819.8987652,78536508.1681753,69004698.08055265,83440370.9463977,73843588.12309766,72152037.04762262,80174806.72472517,87081377.22562766,77752327.04256016,68106751.21081279,80310460.86553526,78783054.80126268,77189286.02273019,83197888.57074027,74015556.74645765,75707343.45990773,70794107.80834518,68398459.15570517,91896372.61455771,71008100.67020273,82962277.44334772,79569409.41293775,73991052.76396267,82753389.21362518,83354035.05483772,78278212.41723773,78059782.11880523,75374570.67033279,77530626.72552264,73283804.37545268,68422667.11697768,81010480.52250527,80784909.31240779,74450070.9050777,75412153.56244025,77925962.92511024,76035959.51696762,71937986.0807627,85664702.22734769,78950084.3906152,85493406.3083752,82687666.57109007,76842371.26501524
2018-12-13,92383845.70799504,74852701.50137767,72793667.69947018,73223803.53374512,80456470.86426526,75465345.91385277,75307670.91684015,74294319.5178677,72599819.8987652,78536508.1681753,69004698.08055265,83440370.9463977,73843588.12309766,72152037.04762262,80174806.72472517,87081377.22562766,77752327.04256016,68106751.21081279,80310460.86553526,78783054.80126268,77189286.02273019,83197888.57074027,74015556.74645765,75707343.45990773,70794107.80834518,68398459.15570517,91896372.61455771,71008100.67020273,82962277.44334772,79569409.41293775,73991052.76396267,82753389.21362518,83354035.05483772,78278212.41723773,78059782.11880523,75374570.67033279,77530626.72552264,73283804.37545268,68422667.11697768,81010480.52250527,80784909.31240779,74450070.9050777,75412153.56244025,77925962.92511024,76035959.51696762,71937986.0807627,85664702.22734769,78950084.3906152,85493406.3083752,82687666.57109007,76842371.26501524
2018-12-14,92383845.70799504,74852701.50137767,72793667.69947018,73223803.53374512,80456470.86426526,75465345.91385277,75307670.91684015,74294319.5178677,72599819.8987652,78536508.1681753,69004698.08055265,83440370.9463977,73843588.12309766,72152037.04762262,80174806.72472517,87081377.22562766,77752327.04256016,68106751.21081279,80310460.86553526,78783054.80126268,77189286.02273019,83197888.57074027,74015556.74645765,75707343.45990773,70794107.80834518,68398459.15570517,91896372.61455771,71008100.67020273,82962277.44334772,79569409.41293775,73991052.76396267,82753389.21362518,83354035.05483772,78278212.41723773,78059782.11880523,75374570.67033279,77530626.72552264,73283804.37545268,68422667.11697768,81010480.52250527,80784909.31240779,74450070.9050777,75412153.56244025,77925962.92511024,76035959.51696762,71937986.0807627,85664702.22734769,78950084.3906152,85493406.3083752,82687666.57109007,76842371.26501524
2018-12-17,92383845.70799504,74852701.50137767,72793667.69947018,73223803.53374512,80456470.86426526,75465345.91385277,75307670.91684015,74294319.5178677,72599819.8987652,78536508.1681753,69004698.08055265,83440370.9463977,73843588.12309766,72152037.04762262,80174806.72472517,87081377.22562766,77752327.04256016,68106751.21081279,80310460.86553526,78783054.80126268,77189286.02273019,83197888.57074027,74015556.74645765,75707343.45990773,70794107.80834518,68398459.15570517,91896372.61455771,71008100.67020273,82962277.44334772,79569409.41293775,73991052.76396267,82753389.21362518,83354035.05483772,78278212.41723773,78059782.11880523,75374570.67033279,77530626.72552264,73283804.37545268,68422667.11697768,81010480.52250527,80784909.31240779,74450070.9050777,75412153.56244025,77925962.92511024,76035959.51696762,71937986.0807627,85664702.22734769,78950084.3906152,85493406.3083752,82687666.57109007,76842371.26501524
2018-12-18,92383845.70799504,74852701.50137767,72793667.69947018,73223803.53374512,80456470.86426526,75465345.91385277,75307670.91684015,74294319.5178677,72599819.8987652,78536508.1681753,69004698.08055265,83440370.9463977,73843588.12309766,72152037.04762262,80174806.72472517,87081377.22562766,77752327.04256016,68106751.21081279,80310460.86553526,78783054.80126268,77189286.02273019,83197888.57074027,74015556.74645765,75707343.45990773,70794107.80834518,68398459.15570517,91896372.61455771,71008100.67020273,82962277.44334772,79569409.41293775,73991052.76396267,82753389.21362518,83354035.05483772,78278212.41723773,78059782.11880523,75374570.67033279,77530626.72552264,73283804.37545268,68422667.11697768,81010480.52250527,80784909.31240779,74450070.9050777,75412153.56244025,77925962.92511024,76035959.51696762,71937986.0807627,85664702.22734769,78950084.3906152,85493406.3083752,82687666.57109007,76842371.26501524
2018-12-19,92383845.70799504,74852701.50137767,72793667.69947018,73223803.53374512,80456470.86426526,75465345.91385277,75307670.91684015,74294319.5178677,72599819.8987652,78536508.1681753,69004698.08055265,83440370.9463977,73843588.12309766,72152037.04762262,80174806.72472517,87081377.22562766,77752327.04256016,68106751.21081279,80310460.86553526,78783054.80126268,77189286.02273019,83197888.57074027,74015556.74645765,75707343.45990773,70794107.80834518,68398459.15570517,91896372.61455771,71008100.67020273,82962277.44334772,79569409.41293775,73991052.76396267,82753389.21362518,83354035.05483772,78278212.41723773,78059782.11880523,75374570.67033279,77530626.72552264,73283804.37545268,68422667.11697768,81010480.52250527,80784909.31240779,74450070.9050777,75412153.56244025,77925962.92511024,76035959.51696762,71937986.0807627,85664702.22734769,78950084.3906152,85493406.3083752,82687666.57109007,76842371.26501524
2018-12-20,92383845.70799504,74852701.50137767,72793667.69947018,73223803.53374512,80456470.86426526,75465345.91385277,75307670.91684015,74294319.5178677,72599819.8987652,78536508.1681753,69004698.08055265,83440370.9463977,73843588.12309766,72152037.04762262,80174806.72472517,87081377.22562766,77752327.04256016,68106751.21081279,80310460.86553526,78783054.80126268,77189286.02273019,83197888.57074027,74015556.74645765,75707343.45990773,70794107.80834518,68398459.15570517,91896372.61455771,71008100.67020273,82962277.44334772,79569409.41293775,73991052.76396267,82753389.21362518,83354035.05483772,78278212.41723773,78059782.11880523,75374570.67033279,77530626.72552264,73283804.37545268,68422667.11697768,81010480.52250527,80784909.31240779,74450070.9050777,75412153.56244025,77925962.92511024,76035959.51696762,71937986.0807627,85664702.22734769,78950084.3906152,85493406.3083752,82687666.57109007,76842371.26501524
2018-12-21,92383845.70799504,74852701.50137767,72793667.69947018,73223803.53374512,80456470.86426526,75465345.91385277,75307670.91684015,74294319.5178677,72599819.8987652,78536508.1681753,69004698.08055265,83440370.9463977,73843588.12309766,72152037.04762262,80174806.72472517,87081377.22562766,77752327.04256016,68106751.21081279,80310460.86553526,78783054.80126268,77189286.02273019,83197888.57074027,74015556.74645765,75707343.45990773,70794107.80834518,68398459.15570517,91896372.61455771,71008100.67020273,82962277.44334772,79569409.41293775,73991052.76396267,82753389.21362518,83354035.05483772,78278212.41723773,78059782.11880523,75374570.67033279,77530626.72552264,73283804.37545268,68422667.11697768,81010480.52250527,80784909.31240779,74450070.9050777,75412153.56244025,77925962.92511024,76035959.51696762,71937986.0807627,85664702.22734769,78950084.3906152,85493406.3083752,82687666.57109007,76842371.26501524
2018-12-24,92383845.70799504,74852701.50137767,72793667.69947018,73223803.53374512,80456470.86426526,75465345.91385277,75307670.91684015,74294319.5178677,72599819.8987652,78536508.1681753,69004698.08055265,83440370.9463977,73843588.12309766,72152037.04762262,80174806.72472517,87081377.22562766,77752327.04256016,68106751.21081279,80310460.86553526,78783054.80126268,77189286.02273019,83197888.57074027,74015556.74645765,75707343.45990773,70794107.80834518,68398459.15570517,91896372.61455771,71008100.67020273,82962277.44334772,79569409.41293775,73991052.76396267,82753389.21362518,83354035.05483772,78278212.41723773,78059782.11880523,75374570.67033279,77530626.72552264,73283804.37545268,68422667.11697768,81010480.52250527,80784909.31240779,74450070.9050777,75412153.56244025,77925962.92511024,76035959.51696762,71937986.0807627,85664702.22734769,78950084.3906152,85493406.3083752,82687666.57109007,76842371.26501524
2018-12-25,92383845.70799504,74852701.50137767,72793667.69947018,73223803.53374512,80456470.86426526,75465345.91385277,75307670.91684015,74294319.5178677,72599819.8987652,78536508.1681753,69004698.08055265,83440370.9463977,73843588.12309766,72152037.04762262,80174806.72472517,87081377.22562766,77752327.04256016,68106751.21081279,80310460.86553526,78783054.80126268,77189286.02273019,83197888.57074027,74015556.74645765,75707343.45990773,70794107.80834518,68398459.15570517,91896372.61455771,71008100.67020273,82962277.44334772,79569409.41293775,73991052.76396267,82753389.21362518,83354035.05483772,78278212.41723773,78059782.11880523,75374570.67033279,77530626.72552264,73283804.37545268,68422667.11697768,81010480.52250527,80784909.31240779,74450070.9050777,75412153.56244025,77925962.92511024,76035959.51696762,71937986.0807627,85664702.22734769,78950084.3906152,85493406.3083752,82687666.57109007,76842371.26501524
2018-12-26,92383845.70799504,74852701.50137767,72793667.69947018,73223803.53374512,80456470.86426526,75465345.91385277,75307670.91684015,74294319.5178677,72599819.8987652,78536508.1681753,69004698.08055265,83440370.9463977,73843588.12309766,72152037.04762262,80174806.72472517,87081377.22562766,77752327.04256016,68106751.21081279,80310460.86553526,78783054.80126268,77189286.02273019,83197888.57074027,74015556.74645765,75707343.45990773,70794107.80834518,68398459.15570517,91896372.61455771,71008100.67020273,82962277.44334772,79569409.41293775,73991052.76396267,82753389.21362518,83354035.05483772,78278212.41723773,78059782.11880523,75374570.67033279,77530626.72552264,73283804.37545268,68422667.11697768,81010480.52250527,80784909.31240779,74450070.9050777,75412153.56244025,77925962.92511024,76035959.51696762,71937986.0807627,85664702.22734769,78950084.3906152,85493406.3083752,82687666.57109007,76842371.26501524
2018-12-27,92383845.70799504,74852701.50137767,72793667.69947018,73223803.53374512,80456470.86426526,75465345.91385277,75307670.91684015,74294319.5178677,72599819.8987652,78536508.1681753,69004698.08055265,83440370.9463977,73843588.12309766,72152037.04762262,80174806.72472517,87081377.22562766,77752327.04256016,68106751.21081279,80310460.86553526,78783054.80126268,77189286.02273019,83197888.57074027,74015556.74645765,75707343.45990773,70794107.80834518,68398459.15570517,91896372.61455771,71008100.67020273,82962277.44334772,79569409.41293775,73991052.76396267,82753389.21362518,83354035.05483772,78278212.41723773,78059782.11880523,75374570.67033279,77530626.72552264,73283804.37545268,68422667.11697768,81010480.52250527,80784909.31240779,74450070.9050777,75412153.56244025,77925962.92511024,76035959.51696762,71937986.0807627,85664702.22734769,78950084.3906152,85493406.3083752,82687666.57109007,76842371.26501524
2018-12-28,92383845.70799504,74852701.50137767,72793667.69947018,73223803.53374512,80456470.86426526,75465345.91385277,75307670.91684015,74294319.5178677,72599819.8987652,78536508.1681753,69004698.08055265,83440370.9463977,73843588.12309766,72152037.04762262,80174806.72472517,87081377.22562766,77752327.04256016,68106751.21081279,80310460.86553526,78783054.80126268,77189286.02273019,83197888.57074027,74015556.74645765,75707343.45990773,70794107.80834518,68398459.15570517,91896372.61455771,71008100.67020273,82962277.44334772,79569409.41293775,73991052.76396267,82753389.21362518,83354035.05483772,78278212.41723773,78059782.11880523,75374570.67033279,77530626.72552264,73283804.37545268,68422667.11697768,81010480.52250527,80784909.31240779,74450070.9050777,75412153.56244025,77925962.92511024,76035959.51696762,71937986.0807627,85664702.22734769,78950084.3906152,85493406.3083752,82687666.57109007,76842371.26501524
2019-01-02,92383845.70799504,74852701.50137767,72793667.69947018,73223803.53374512,80456470.86426526,75465345.91385277,75307670.91684015,74294319.5178677,72599819.8987652,78536508.1681753,69004698.08055265,83440370.9463977,73843588.12309766,72152037.04762262,80174806.72472517,87081377.22562766,77752327.04256016,68106751.21081279,80310460.86553526,78783054.80126268,77189286.02273019,83197888.57074027,74015556.74645765,75707343.45990773,70794107.80834518,68398459.15570517,91896372.61455771,71008100.67020273,82962277.44334772,79569409.41293775,73991052.76396267,82753389.21362518,83354035.05483772,78278212.41723773,78059782.11880523,75374570.67033279,77530626.72552264,73283804.37545268,68422667.11697768,81010480.52250527,80784909.31240779,74450070.9050777,75412153.56244025,77925962.92511024,76035959.51696762,71937986.0807627,85664702.22734769,78950084.3906152,85493406.3083752,82687666.57109007,76842371.26501524
2019-01-03,92383845.70799504,74852701.50137767,72793667.69947018,73223803.53374512,80456470.86426526,75465345.91385277,75307670.91684015,74294319.5178677,72599819.8987652,78536508.1681753,69004698.08055265,83440370.9463977,73843588.12309766,72152037.04762262,80174806.72472517,87081377.22562766,77752327.04256016,68106751.21081279,80310460.86553526,78783054.80126268,77189286.02273019,83197888.57074027,74015556.74645765,75707343.45990773,70794107.80834518,68398459.15570517,91896372.61455771,71008100.67020273,82962277.44334772,79569409.41293775,73991052.76396267,82753389.21362518,83354035.05483772,78278212.41723773,78059782.11880523,75374570.67033279,77530626.72552264,73283804.37545268,68422667.11697768,81010480.52250527,80784909.31240779,74450070.9050777,75412153.56244025,77925962.92511024,76035959.51696762,71937986.0807627,85664702.22734769,78950084.3906152,85493406.3083752,82687666.57109007,76842371.26501524
2019-01-04,92383845.70799504,74852701.50137767,72793667.69947018,73223803.53374512,80456470.86426526,75465345.91385277,75307670.91684015,74294319.5178677,72599819.8987652,78536508.1681753,69004698.08055265,83440370.9463977,73843588.12309766,72152037.04762262,80174806.72472517,87081377.22562766,77752327.04256016,68106751.21081279,80310460.86553526,78783054.80126268,77189286.02273019,83197888.57074027,74015556.74645765,75707343.45990773,70794107.80834518,68398459.15570517,91896372.61455771,71008100.67020273,82962277.44334772,79569409.41293775,73991052.76396267,82753389.21362518,83354035.05483772,78278212.41723773,78059782.11880523,75374570.67033279,77530626.72552264,73283804.37545268,68422667.11697768,81010480.52250527,80784909.31240779,74450070.9050777,75412153.56244025,77925962.92511024,76035959.51696762,71937986.0807627,85664702.22734769,78950084.3906152,85493406.3083752,82687666.57109007,76842371.26501524
2019-01-07,92383845.70799504,74852701.50137767,72793667.69947018,73223803.53374512,80456470.86426526,75465345.91385277,75307670.91684015,74294319.5178677,72599819.8987652,78536508.1681753,69004698.08055265,83440370.9463977,73843588.12309766,72152037.04762262,80174806.72472517,87081377.22562766,77752327.04256016,68106751.21081279,80310460.86553526,78783054.80126268,77189286.02273019,83197888.57074027,74015556.74645765,75707343.45990773,70794107.80834518,68398459.15570517,91896372.61455771,71008100.67020273,82962277.44334772,79569409.41293775,73991052.76396267,82753389.21362518,83354035.05483772,78278212.41723773,78059782.11880523,75374570.67033279,77530626.72552264,73283804.37545268,68422667.11697768,81010480.52250527,80784909.31240779,74450070.9050777,75412153.56244025,77925962.92511024,76035959.51696762,71937986.0807627,85664702.22734769,78950084.3906152,85493406.3083752,82687666.57109007,76842371.26501524
2019-01-08,92383845.70799504,74852701.50137767,72793667.69947018,73223803.53374512,80456470.86426526,75465345.91385277,75307670.91684015,74294319.5178677,72599819.8987652,78536508.1681753,69004698.08055265,83440370.9463977,73843588.12309766,72152037.04762262,80174806.72472517,87081377.22562766,77752327.04256016,68106751.21081279,80310460.86553526,78783054.80126268,77189286.02273019,83197888.57074027,74015556.74645765,75707343.45990773,70794107.80834518,68398459.15570517,91896372.61455771,71008100.67020273,82962277.44334772,79569409.41293775,73991052.76396267,82753389.21362518,83354035.05483772,78278212.41723773,78059782.11880523,75374570.67033279,77530626.72552264,73283804.37545268,68422667.11697768,81010480.52250527,80784909.31240779,74450070.9050777,75412153.56244025,77925962.92511024,76035959.51696762,71937986.0807627,85664702.22734769,78950084.3906152,85493406.3083752,82687666.57109007,76842371.26501524
2019-01-09,92383845.70799504,74852701.50137767,72793667.69947018,73223803.53374512,80456470.86426526,75465345.91385277,75307670.91684015,74294319.5178677,72599819.8987652,78536508.1681753,69004698.08055265,83440370.9463977,73843588.12309766,72152037.04762262,80174806.72472517,87081377.22562766,77752327.04256016,68106751.21081279,80310460.86553526,78783054.80126268,77189286.02273019,83197888.57074027,74015556.74645765,75707343.45990773,70794107.80834518,68398459.15570517,91896372.61455771,71008100.67020273,82962277.44334772,79569409.41293775,73991052.76396267,82753389.21362518,83354035.05483772,78278212.41723773,78059782.11880523,75374570.67033279,77530626.72552264,73283804.37545268,68422667.11697768,81010480.52250527,80784909.31240779,74450070.9050777,75412153.56244025,77925962.92511024,76035959.51696762,71937986.0807627,85664702.22734769,78950084.3906152,85493406.3083752,82687666.57109007,76842371.26501524
2019-01-10,92383845.70799504,74852701.50137767,72793667.69947018,73223803.53374512,80456470.86426526,75465345.91385277,75307670.91684015,74294319.5178677,72599819.8987652,78536508.1681753,69004698.08055265,83440370.9463977,73843588.12309766,72152037.04762262,80174806.72472517,87081377.22562766,77752327.04256016,68106751.21081279,80310460.86553526,78783054.80126268,77189286.02273019,83197888.57074027,74015556.74645765,75707343.45990773,70794107.80834518,68398459.15570517,91896372.61455771,71008100.67020273,82962277.44334772,79569409.41293775,73991052.76396267,82753389.21362518,83354035.05483772,78278212.41723773,78059782.11880523,75374570.67033279,77530626.72552264,73283804.37545268,68422667.11697768,81010480.52250527,80784909.31240779,74450070.9050777,75412153.56244025,77925962.92511024,76035959.51696762,71937986.0807627,85664702.22734769,78950084.3906152,85493406.3083752,82687666.57109007,76842371.26501524
2019-01-11,92383845.70799504,74852701.50137767,72793667.69947018,73223803.53374512,80456470.86426526,75465345.91385277,75307670.91684015,74294319.5178677,72599819.8987652,78536508.1681753,69004698.08055265,83440370.9463977,73843588.12309766,72152037.04762262,80174806.72472517,87081377.22562766,77752327.04256016,68106751.21081279,80310460.86553526,78783054.80126268,77189286.02273019,83197888.57074027,74015556.74645765,75707343.45990773,70794107.80834518,68398459.15570517,91896372.61455771,71008100.67020273,82962277.44334772,79569409.41293775,73991052.76396267,82753389.21362518,83354035.05483772,78278212.41723773,78059782.11880523,75374570.67033279,77530626.72552264,73283804.37545268,68422667.11697768,81010480.52250527,80784909.31240779,74450070.9050777,75412153.56244025,77925962.92511024,76035959.51696762,71937986.0807627,85664702.22734769,78950084.3906152,85493406.3083752,82687666.57109007,76842371.26501524
2019-01-14,92383845.70799504,74852701.50137767,72793667.69947018,73223803.53374512,80456470.86426526,75465345.91385277,75307670.91684015,74294319.5178677,72599819.8987652,78536508.1681753,69004698.08055265,83440370.9463977,73843588.12309766,72152037.04762262,80174806.72472517,87081377.22562766,77752327.04256016,68106751.21081279,80310460.86553526,78783054.80126268,77189286.02273019,83197888.57074027,74015556.74645765,75707343.45990773,70794107.80834518,68398459.15570517,91896372.61455771,71008100.67020273,82962277.44334772,79569409.41293775,73991052.76396267,82753389.21362518,83354035.05483772,78278212.41723773,78059782.11880523,75374570.67033279,77530626.72552264,73283804.37545268,68422667.11697768,81010480.52250527,80784909.31240779,74450070.9050777,75412153.56244025,77925962.92511024,76035959.51696762,71937986.0807627,85664702.22734769,78950084.3906152,85493406.3083752,82687666.57109007,76842371.26501524
2019-01-15,92383845.70799504,74852701.50137767,72793667.69947018,73223803.53374512,80456470.86426526,75465345.91385277,75307670.91684015,74294319.5178677,72599819.8987652,78536508.1681753,69004698.08055265,83440370.9463977,73843588.12309766,72152037.04762262,80174806.72472517,87081377.22562766,77752327.04256016,68106751.21081279,80310460.86553526,78783054.80126268,77189286.02273019,83197888.57074027,74015556.74645765,75707343.45990773,70794107.80834518,68398459.15570517,91896372.61455771,71008100.67020273,82962277.44334772,79569409.41293775,73991052.76396267,82753389.21362518,83354035.05483772,78278212.41723773,78059782.11880523,75374570.67033279,77530626.72552264,73283804.37545268,68422667.11697768,81010480.52250527,80784909.31240779,74450070.9050777,75412153.56244025,77925962.92511024,76035959.51696762,71937986.0807627,85664702.22734769,78950084.3906152,85493406.3083752,82687666.57109007,76842371.26501524
2019-01-16,92383845.70799504,74852701.50137767,72793667.69947018,73223803.53374512,80456470.86426526,75465345.91385277,75307670.91684015,74294319.5178677,72599819.8987652,78536508.1681753,69004698.08055265,83440370.9463977,73843588.12309766,72152037.04762262,80174806.72472517,87081377.22562766,77752327.04256016,68106751.21081279,80310460.86553526,78783054.80126268,77189286.02273019,83197888.57074027,74015556.74645765,75707343.45990773,70794107.80834518,68398459.15570517,91896372.61455771,71008100.67020273,82962277.44334772,79569409.41293775,73991052.76396267,82753389.21362518,83354035.05483772,78278212.41723773,78059782.11880523,75374570.67033279,77530626.72552264,73283804.37545268,68422667.11697768,81010480.52250527,80784909.31240779,74450070.9050777,75412153.56244025,77925962.92511024,76035959.51696762,71937986.0807627,85664702.22734769,78950084.3906152,85493406.3083752,82687666.57109007,76842371.26501524
2019-01-17,92383845.70799504,74852701.50137767,72793667.69947018,73223803.53374512,80456470.86426526,75465345.91385277,75307670.91684015,74294319.5178677,72599819.8987652,78536508.1681753,69004698.08055265,83440370.9463977,73843588.12309766,72152037.04762262,80174806.72472517,87081377.22562766,77752327.04256016,68106751.21081279,80310460.86553526,78783054.80126268,77189286.02273019,83197888.57074027,74015556.74645765,75707343.45990773,70794107.80834518,68398459.15570517,91896372.61455771,71008100.67020273,82962277.44334772,79569409.41293775,73991052.76396267,82753389.21362518,83354035.05483772,78278212.41723773,78059782.11880523,75374570.67033279,77530626.72552264,73283804.37545268,68422667.11697768,81010480.52250527,80784909.31240779,74450070.9050777,75412153.56244025,77925962.92511024,76035959.51696762,71937986.0807627,85664702.22734769,78950084.3906152,85493406.3083752,82687666.57109007,76842371.26501524
2019-01-18,92383845.70799504,74852701.50137767,72793667.69947018,73223803.53374512,80456470.86426526,75465345.91385277,75307670.91684015,74294319.5178677,72599819.8987652,78536508.1681753,69004698.08055265,83440370.9463977,73843588.12309766,72152037.04762262,80174806.72472517,87081377.22562766,77752327.04256016,68106751.21081279,80310460.86553526,78783054.80126268,77189286.02273019,83197888.57074027,74015556.74645765,75707343.45990773,70794107.80834518,68398459.15570517,91896372.61455771,71008100.67020273,82962277.44334772,79569409.41293775,73991052.76396267,82753389.21362518,83354035.05483772,78278212.41723773,78059782.11880523,75374570.67033279,77530626.72552264,73283804.37545268,68422667.11697768,81010480.52250527,80784909.31240779,74450070.9050777,75412153.56244025,77925962.92511024,76035959.51696762,71937986.0807627,85664702.22734769,78950084.3906152,85493406.3083752,82687666.57109007,76842371.26501524
2019-01-21,92383845.70799504,74852701.50137767,72793667.69947018,73223803.53374512,80456470.86426526,75465345.91385277,75307670.91684015,74294319.5178677,72599819.8987652,78536508.1681753,69004698.08055265,83440370.9463977,73843588.12309766,72152037.04762262,80174806.72472517,87081377.22562766,77752327.04256016,68106751.21081279,80310460.86553526,78783054.80126268,77189286.02273019,83197888.57074027,74015556.74645765,75707343.45990773,70794107.80834518,68398459.15570517,91896372.61455771,71008100.67020273,82962277.44334772,79569409.41293775,73991052.76396267,82753389.21362518,83354035.05483772,78278212.41723773,78059782.11880523,75374570.67033279,77530626.72552264,73283804.37545268,68422667.11697768,81010480.52250527,80784909.31240779,74450070.9050777,75412153.56244025,77925962.92511024,76035959.51696762,71937986.0807627,85664702.22734769,78950084.3906152,85493406.3083752,82687666.57109007,76842371.26501524
2019-01-22,92383845.70799504,74852701.50137767,72793667.69947018,73223803.53374512,80456470.86426526,75465345.91385277,75307670.91684015,74294319.5178677,72599819.8987652,78536508.1681753,69004698.08055265,83440370.9463977,73843588.12309766,72152037.04762262,80174806.72472517,87081377.22562766,77752327.04256016,68106751.21081279,80310460.86553526,78783054.80126268,77189286.02273019,83197888.57074027,74015556.74645765,75707343.45990773,70794107.80834518,68398459.15570517,91896372.61455771,71008100.67020273,82962277.44334772,79569409.41293775,73991052.76396267,82753389.21362518,83354035.05483772,78278212.41723773,78059782.11880523,75374570.67033279,77530626.72552264,73283804.37545268,68422667.11697768,81010480.52250527,80784909.31240779,74450070.9050777,75412153.56244025,77925962.92511024,76035959.51696762,71937986.0807627,85664702.22734769,78950084.3906152,85493406.3083752,82687666.57109007,76842371.26501524
2019-01-23,92383845.70799504,74852701.50137767,72793667.69947018,73223803.53374512,80456470.86426526,75465345.91385277,75307670.91684015,74294319.5178677,72599819.8987652,78536508.1681753,69004698.08055265,83440370.9463977,73843588.12309766,72152037.04762262,80174806.72472517,87081377.22562766,77752327.04256016,68106751.21081279,80310460.86553526,78783054.80126268,77189286.02273019,83197888.57074027,74015556.74645765,75707343.45990773,70794107.80834518,68398459.15570517,91896372.61455771,71008100.67020273,82962277.44334772,79569409.41293775,73991052.76396267,82753389.21362518,83354035.05483772,78278212.41723773,78059782.11880523,75374570.67033279,77530626.72552264,73283804.37545268,68422667.11697768,81010480.52250527,80784909.31240779,74450070.9050777,75412153.56244025,77925962.92511024,76035959.51696762,71937986.0807627,85664702.22734769,78950084.3906152,85493406.3083752,82687666.57109007,76842371.26501524
2019-01-24,92383845.70799504,74852701.50137767,72793667.69947018,73223803.53374512,80456470.86426526,75465345.91385277,75307670.91684015,74294319.5178677,72599819.8987652,78536508.1681753,69004698.08055265,83440370.9463977,73843588.12309766,72152037.04762262,80174806.72472517,87081377.22562766,77752327.04256016,68106751.21081279,80310460.86553526,78783054.80126268,77189286.02273019,83197888.57074027,74015556.74645765,75707343.45990773,70794107.80834518,68398459.15570517,91896372.61455771,71008100.67020273,82962277.44334772,79569409.41293775,73991052.76396267,82753389.21362518,83354035.05483772,78278212.41723773,78059782.11880523,75374570.67033279,77530626.72552264,73283804.37545268,68422667.11697768,81010480.52250527,80784909.31240779,74450070.9050777,75412153.56244025,77925962.92511024,76035959.51696762,71937986.0807627,85664702.22734769,78950084.3906152,85493406.3083752,82687666.57109007,76842371.26501524
2019-01-25,92383845.70799504,74852701.50137767,72793667.69947018,73223803.53374512,80456470.86426526,75465345.91385277,75307670.91684015,74294319.5178677,72599819.8987652,78536508.1681753,69004698.08055265,83440370.9463977,73843588.12309766,72152037.04762262,80174806.72472517,87081377.22562766,77752327.04256016,68106751.21081279,80310460.86553526,78783054.80126268,77189286.02273019,83197888.57074027,74015556.74645765,75707343.45990773,70794107.80834518,68398459.15570517,91896372.61455771,71008100.67020273,82962277.44334772,79569409.41293775,73991052.76396267,82753389.21362518,83354035.05483772,78278212.41723773,78059782.11880523,75374570.67033279,77530626.72552264,73283804.37545268,68422667.11697768,81010480.52250527,80784909.31240779,74450070.9050777,75412153.56244025,77925962.92511024,76035959.51696762,71937986.0807627,85664702.22734769,78950084.3906152,85493406.3083752,82687666.57109007,76842371.26501524
2019-01-28,92383845.70799504,74852701.50137767,72793667.69947018,73223803.53374512,80456470.86426526,75465345.91385277,75307670.91684015,74294319.5178677,72599819.8987652,78536508.1681753,69004698.08055265,83440370.9463977,73843588.12309766,72152037.04762262,80174806.72472517,87081377.22562766,77752327.04256016,68106751.21081279,80310460.86553526,78783054.80126268,77189286.02273019,83197888.57074027,74015556.74645765,75707343.45990773,70794107.80834518,68398459.15570517,91896372.61455771,71008100.67020273,82962277.44334772,79569409.41293775,73991052.76396267,82753389.21362518,83354035.05483772,78278212.41723773,78059782.11880523,75374570.67033279,77530626.72552264,73283804.37545268,68422667.11697768,81010480.52250527,80784909.31240779,74450070.9050777,75412153.56244025,77925962.92511024,76035959.51696762,71937986.0807627,85664702.22734769,78950084.3906152,85493406.3083752,82687666.57109007,76842371.26501524
2019-01-29,92383845.70799504,74852701.50137767,72793667.69947018,73223803.53374512,80456470.86426526,75465345.91385277,75307670.91684015,74294319.5178677,72599819.8987652,78536508.1681753,69004698.08055265,83440370.9463977,73843588.12309766,72152037.04762262,80174806.72472517,87081377.22562766,77752327.04256016,68106751.21081279,80310460.86553526,78783054.80126268,77189286.02273019,83197888.57074027,74015556.74645765,75707343.45990773,70794107.80834518,68398459.15570517,91896372.61455771,71008100.67020273,82962277.44334772,79569409.41293775,73991052.76396267,82753389.21362518,83354035.05483772,78278212.41723773,78059782.11880523,75374570.67033279,77530626.72552264,73283804.37545268,68422667.11697768,81010480.52250527,80784909.31240779,74450070.9050777,75412153.56244025,77925962.92511024,76035959.51696762,71937986.0807627,85664702.22734769,78950084.3906152,85493406.3083752,82687666.57109007,76842371.26501524
2019-01-30,92383845.70799504,74852701.50137767,72793667.69947018,73223803.53374512,80456470.86426526,75465345.91385277,75307670.91684015,74294319.5178677,72599819.8987652,78536508.1681753,69004698.08055265,83440370.9463977,73843588.12309766,72152037.04762262,80174806.72472517,87081377.22562766,77752327.04256016,68106751.21081279,80310460.86553526,78783054.80126268,77189286.02273019,83197888.57074027,74015556.74645765,75707343.45990773,70794107.80834518,68398459.15570517,91896372.61455771,71008100.67020273,82962277.44334772,79569409.41293775,73991052.76396267,82753389.21362518,83354035.05483772,78278212.41723773,78059782.11880523,75374570.67033279,77530626.72552264,73283804.37545268,68422667.11697768,81010480.52250527,80784909.31240779,74450070.9050777,75412153.56244025,77925962.92511024,76035959.51696762,71937986.0807627,85664702.22734769,78950084.3906152,85493406.3083752,82687666.57109007,76842371.26501524
2019-01-31,92383845.70799504,74852701.50137767,72793667.69947018,73223803.53374512,80456470.86426526,75465345.91385277,75307670.91684015,74294319.5178677,72599819.8987652,78536508.1681753,69004698.08055265,83440370.9463977,73843588.12309766,72152037.04762262,80174806.72472517,87081377.22562766,77752327.04256016,68106751.21081279,80310460.86553526,78783054.80126268,77189286.02273019,83197888.57074027,74015556.74645765,75707343.45990773,70794107.80834518,68398459.15570517,91896372.61455771,71008100.67020273,82962277.44334772,79569409.41293775,73991052.76396267,82753389.21362518,83354035.05483772,78278212.41723773,78059782.11880523,75374570.67033279,77530626.72552264,73283804.37545268,68422667.11697768,81010480.52250527,80784909.31240779,74450070.9050777,75412153.56244025,77925962.92511024,76035959.51696762,71937986.0807627,85664702.22734769,78950084.3906152,85493406.3083752,82687666.57109007,76842371.26501524
2019-02-01,92383845.70799504,74852701.50137767,72793667.69947018,73223803.53374512,80456470.86426526,75465345.91385277,75307670.91684015,74294319.5178677,72599819.8987652,78536508.1681753,69004698.08055265,83440370.9463977,73843588.12309766,72152037.04762262,80174806.72472517,87081377.22562766,77752327.04256016,68106751.21081279,80310460.86553526,78783054.80126268,77189286.02273019,83197888.57074027,74015556.74645765,75707343.45990773,70794107.80834518,68398459.15570517,91896372.61455771,71008100.67020273,82962277.44334772,79569409.41293775,73991052.76396267,82753389.21362518,83354035.05483772,78278212.41723773,78059782.11880523,75374570.67033279,77530626.72552264,73283804.37545268,68422667.11697768,81010480.52250527,80784909.31240779,74450070.9050777,75412153.56244025,77925962.92511024,76035959.51696762,71937986.0807627,85664702.22734769,78950084.3906152,85493406.3083752,82687666.57109007,76842371.26501524
2019-02-11,92383845.70799504,74852701.50137767,72793667.69947018,73223803.53374512,80456470.86426526,75465345.91385277,75307670.91684015,74294319.5178677,72599819.8987652,78536508.1681753,69004698.08055265,83440370.9463977,73843588.12309766,72152037.04762262,80174806.72472517,87081377.22562766,77752327.04256016,68106751.21081279,80310460.86553526,78783054.80126268,77189286.02273019,83197888.57074027,74015556.74645765,75707343.45990773,70794107.80834518,68398459.15570517,91896372.61455771,71008100.67020273,82962277.44334772,79569409.41293775,73991052.76396267,82753389.21362518,83354035.05483772,78278212.41723773,78059782.11880523,75374570.67033279,77530626.72552264,73283804.37545268,68422667.11697768,81010480.52250527,80784909.31240779,74450070.9050777,75412153.56244025,77925962.92511024,76035959.51696762,71937986.0807627,85664702.22734769,78950084.3906152,85493406.3083752,82687666.57109007,76842371.26501524
2019-02-12,92383845.70799504,74852701.50137767,72793667.69947018,73223803.53374512,80456470.86426526,75465345.91385277,75307670.91684015,74294319.5178677,72599819.8987652,78536508.1681753,69004698.08055265,83440370.9463977,73843588.12309766,72152037.04762262,80174806.72472517,87081377.22562766,77752327.04256016,68106751.21081279,80310460.86553526,78783054.80126268,77189286.02273019,83197888.57074027,74015556.74645765,75707343.45990773,70794107.80834518,68398459.15570517,91896372.61455771,71008100.67020273,82962277.44334772,79569409.41293775,73991052.76396267,82753389.21362518,83354035.05483772,78278212.41723773,78059782.11880523,75374570.67033279,77530626.72552264,73283804.37545268,68422667.11697768,81010480.52250527,80784909.31240779,74450070.9050777,75412153.56244025,77925962.92511024,76035959.51696762,71937986.0807627,85664702.22734769,78950084.3906152,85493406.3083752,82687666.57109007,76842371.26501524
2019-02-13,92383845.70799504,74852701.50137767,72793667.69947018,73223803.53374512,80456470.86426526,75465345.91385277,75307670.91684015,74294319.5178677,72599819.8987652,78536508.1681753,69004698.08055265,83440370.9463977,73843588.12309766,72152037.04762262,80174806.72472517,87081377.22562766,77752327.04256016,68106751.21081279,80310460.86553526,78783054.80126268,77189286.02273019,83197888.57074027,74015556.74645765,75707343.45990773,70794107.80834518,68398459.15570517,91896372.61455771,71008100.67020273,82962277.44334772,79569409.41293775,73991052.76396267,82753389.21362518,83354035.05483772,78278212.41723773,78059782.11880523,75374570.67033279,77530626.72552264,73283804.37545268,68422667.11697768,81010480.52250527,80784909.31240779,74450070.9050777,75412153.56244025,77925962.92511024,76035959.51696762,71937986.0807627,85664702.22734769,78950084.3906152,85493406.3083752,82687666.57109007,76842371.26501524
2019-02-14,92383845.70799504,74852701.50137767,72793667.69947018,73223803.53374512,80456470.86426526,75465345.91385277,75307670.91684015,74294319.5178677,72599819.8987652,78536508.1681753,69004698.08055265,83440370.9463977,73843588.12309766,72152037.04762262,80174806.72472517,87081377.22562766,77752327.04256016,68106751.21081279,80310460.86553526,78783054.80126268,77189286.02273019,83197888.57074027,74015556.74645765,75707343.45990773,70794107.80834518,68398459.15570517,91896372.61455771,71008100.67020273,82962277.44334772,79569409.41293775,73991052.76396267,82753389.21362518,83354035.05483772,78278212.41723773,78059782.11880523,75374570.67033279,77530626.72552264,73283804.37545268,68422667.11697768,81010480.52250527,80784909.31240779,74450070.9050777,75412153.56244025,77925962.92511024,76035959.51696762,71937986.0807627,85664702.22734769,78950084.3906152,85493406.3083752,82687666.57109007,76842371.26501524
2019-02-15,92383845.70799504,74852701.50137767,72793667.69947018,73223803.53374512,80456470.86426526,75465345.91385277,75307670.91684015,74294319.5178677,72599819.8987652,78536508.1681753,69004698.08055265,83440370.9463977,73843588.12309766,72152037.04762262,80174806.72472517,87081377.22562766,77752327.04256016,68106751.21081279,80310460.86553526,78783054.80126268,77189286.02273019,83197888.57074027,74015556.74645765,75707343.45990773,70794107.80834518,68398459.15570517,91896372.61455771,71008100.67020273,82962277.44334772,79569409.41293775,73991052.76396267,82753389.21362518,83354035.05483772,78278212.41723773,78059782.11880523,75374570.67033279,77530626.72552264,73283804.37545268,68422667.11697768,81010480.52250527,80784909.31240779,74450070.9050777,75412153.56244025,77925962.92511024,76035959.51696762,71937986.0807627,85664702.22734769,78950084.3906152,85493406.3083752,82687666.57109007,76842371.26501524
2019-02-18,92383845.70799504,74852701.50137767,72793667.69947018,73223803.53374512,80456470.86426526,75465345.91385277,75307670.91684015,74294319.5178677,72599819.8987652,78536508.1681753,69004698.08055265,83440370.9463977,73843588.12309766,72152037.04762262,80174806.72472517,87081377.22562766,77752327.04256016,68106751.21081279,80310460.86553526,78783054.80126268,77189286.02273019,83197888.57074027,74015556.74645765,75707343.45990773,70794107.80834518,68398459.15570517,91896372.61455771,71008100.67020273,82962277.44334772,79569409.41293775,73991052.76396267,82753389.21362518,83354035.05483772,78278212.41723773,78059782.11880523,75374570.67033279,77530626.72552264,73283804.37545268,68422667.11697768,81010480.52250527,80784909.31240779,74450070.9050777,75412153.56244025,77925962.92511024,76035959.51696762,71937986.0807627,85664702.22734769,78950084.3906152,85493406.3083752,82687666.57109007,76842371.26501524
2019-02-19,92383845.70799504,74852701.50137767,72793667.69947018,73223803.53374512,80456470.86426526,75465345.91385277,75307670.91684015,74294319.5178677,72599819.8987652,78536508.1681753,69004698.08055265,83440370.9463977,73843588.12309766,72152037.04762262,80174806.72472517,87081377.22562766,77752327.04256016,68106751.21081279,80310460.86553526,78783054.80126268,77189286.02273019,83197888.57074027,74015556.74645765,75707343.45990773,70794107.80834518,68398459.15570517,91896372.61455771,71008100.67020273,82962277.44334772,79569409.41293775,73991052.76396267,82753389.21362518,83354035.05483772,78278212.41723773,78059782.11880523,75374570.67033279,77530626.72552264,73283804.37545268,68422667.11697768,81010480.52250527,80784909.31240779,74450070.9050777,75412153.56244025,77925962.92511024,76035959.51696762,71937986.0807627,85664702.22734769,78950084.3906152,85493406.3083752,82687666.57109007,76842371.26501524
2019-02-20,92383845.70799504,74852701.50137767,72793667.69947018,73223803.53374512,80456470.86426526,75465345.91385277,75307670.91684015,74294319.5178677,72599819.8987652,78536508.1681753,69004698.08055265,83440370.9463977,73843588.12309766,72152037.04762262,80174806.72472517,87081377.22562766,77752327.04256016,68106751.21081279,80310460.86553526,78783054.80126268,77189286.02273019,83197888.57074027,74015556.74645765,75707343.45990773,70794107.80834518,68398459.15570517,91896372.61455771,71008100.67020273,82962277.44334772,79569409.41293775,73991052.76396267,82753389.21362518,83354035.05483772,78278212.41723773,78059782.11880523,75374570.67033279,77530626.72552264,73283804.37545268,68422667.11697768,81010480.52250527,80784909.31240779,74450070.9050777,75412153.56244025,77925962.92511024,76035959.51696762,71937986.0807627,85664702.22734769,78950084.3906152,85493406.3083752,82687666.57109007,76842371.26501524
2019-02-21,92383845.70799504,74852701.50137767,72793667.69947018,73223803.53374512,80456470.86426526,75465345.91385277,75307670.91684015,74294319.5178677,72599819.8987652,78536508.1681753,69004698.08055265,83440370.9463977,73843588.12309766,72152037.04762262,80174806.72472517,87081377.22562766,77752327.04256016,68106751.21081279,80310460.86553526,78783054.80126268,77189286.02273019,83197888.57074027,74015556.74645765,75707343.45990773,70794107.80834518,68398459.15570517,91896372.61455771,71008100.67020273,82962277.44334772,79569409.41293775,73991052.76396267,82753389.21362518,83354035.05483772,78278212.41723773,78059782.11880523,75374570.67033279,77530626.72552264,73283804.37545268,68422667.11697768,81010480.52250527,80784909.31240779,74450070.9050777,75412153.56244025,77925962.92511024,76035959.51696762,71937986.0807627,85664702.22734769,78950084.3906152,85493406.3083752,82687666.57109007,76842371.26501524
2019-02-22,92383845.70799504,74852701.50137767,72793667.69947018,73223803.53374512,80456470.86426526,75465345.91385277,75307670.91684015,74294319.5178677,72599819.8987652,78536508.1681753,69004698.08055265,83440370.9463977,73843588.12309766,72152037.04762262,80174806.72472517,87081377.22562766,77752327.04256016,68106751.21081279,80310460.86553526,78783054.80126268,77189286.02273019,83197888.57074027,74015556.74645765,75707343.45990773,70794107.80834518,68398459.15570517,91896372.61455771,71008100.67020273,82962277.44334772,79569409.41293775,73991052.76396267,82753389.21362518,83354035.05483772,78278212.41723773,78059782.11880523,75374570.67033279,77530626.72552264,73283804.37545268,68422667.11697768,81010480.52250527,80784909.31240779,74450070.9050777,75412153.56244025,77925962.92511024,76035959.51696762,71937986.0807627,85664702.22734769,78950084.3906152,85493406.3083752,82687666.57109007,76842371.26501524
2019-02-25,92383845.70799504,74852701.50137767,72793667.69947018,73223803.53374512,80456470.86426526,75465345.91385277,75307670.91684015,74294319.5178677,72599819.8987652,78536508.1681753,69004698.08055265,83440370.9463977,73843588.12309766,72152037.04762262,80174806.72472517,87081377.22562766,77752327.04256016,68106751.21081279,80310460.86553526,78783054.80126268,77189286.02273019,83197888.57074027,74015556.74645765,75707343.45990773,70794107.80834518,68398459.15570517,91896372.61455771,71008100.67020273,82962277.44334772,79569409.41293775,73991052.76396267,82753389.21362518,83354035.05483772,78278212.41723773,78059782.11880523,75374570.67033279,77530626.72552264,73283804.37545268,68422667.11697768,81010480.52250527,80784909.31240779,74450070.9050777,75412153.56244025,77925962.92511024,76035959.51696762,71937986.0807627,85664702.22734769,78950084.3906152,85493406.3083752,82687666.57109007,76842371.26501524
2019-02-26,92383845.70799504,74852701.50137767,72793667.69947018,73223803.53374512,80456470.86426526,75465345.91385277,75307670.91684015,74294319.5178677,72599819.8987652,78536508.1681753,69004698.08055265,83440370.9463977,73843588.12309766,72152037.04762262,80174806.72472517,87081377.22562766,77752327.04256016,68106751.21081279,80310460.86553526,78783054.80126268,77189286.02273019,83197888.57074027,74015556.74645765,75707343.45990773,70794107.80834518,68398459.15570517,91896372.61455771,71008100.67020273,82962277.44334772,79569409.41293775,73991052.76396267,82753389.21362518,83354035.05483772,78278212.41723773,78059782.11880523,75374570.67033279,77530626.72552264,73283804.37545268,68422667.11697768,81010480.52250527,80784909.31240779,74450070.9050777,75412153.56244025,77925962.92511024,76035959.51696762,71937986.0807627,85664702.22734769,78950084.3906152,85493406.3083752,82687666.57109007,76842371.26501524
2019-02-27,92383845.70799504,74852701.50137767,72793667.69947018,73223803.53374512,80456470.86426526,75465345.91385277,75307670.91684015,74294319.5178677,72599819.8987652,78536508.1681753,69004698.08055265,83440370.9463977,73843588.12309766,72152037.04762262,80174806.72472517,87081377.22562766,77752327.04256016,68106751.21081279,80310460.86553526,78783054.80126268,77189286.02273019,83197888.57074027,74015556.74645765,75707343.45990773,70794107.80834518,68398459.15570517,91896372.61455771,71008100.67020273,82962277.44334772,79569409.41293775,73991052.76396267,82753389.21362518,83354035.05483772,78278212.41723773,78059782.11880523,75374570.67033279,77530626.72552264,73283804.37545268,68422667.11697768,81010480.52250527,80784909.31240779,74450070.9050777,75412153.56244025,77925962.92511024,76035959.51696762,71937986.0807627,85664702.22734769,78950084.3906152,85493406.3083752,82687666.57109007,76842371.26501524
2019-02-28,92383845.70799504,74852701.50137767,72793667.69947018,73223803.53374512,80456470.86426526,75465345.91385277,75307670.91684015,74294319.5178677,72599819.8987652,78536508.1681753,69004698.08055265,83440370.9463977,73843588.12309766,72152037.04762262,80174806.72472517,87081377.22562766,77752327.04256016,68106751.21081279,80310460.86553526,78783054.80126268,77189286.02273019,83197888.57074027,74015556.74645765,75707343.45990773,70794107.80834518,68398459.15570517,91896372.61455771,71008100.67020273,82962277.44334772,79569409.41293775,73991052.76396267,82753389.21362518,83354035.05483772,78278212.41723773,78059782.11880523,75374570.67033279,77530626.72552264,73283804.37545268,68422667.11697768,81010480.52250527,80784909.31240779,74450070.9050777,75412153.56244025,77925962.92511024,76035959.51696762,71937986.0807627,85664702.22734769,78950084.3906152,85493406.3083752,82687666.57109007,76842371.26501524
2019-03-01,92383845.70799504,74852701.50137767,72793667.69947018,73223803.53374512,80456470.86426526,75465345.91385277,75307670.91684015,74294319.5178677,72599819.8987652,78536508.1681753,69004698.08055265,83440370.9463977,73843588.12309766,72152037.04762262,80174806.72472517,87081377.22562766,77752327.04256016,68106751.21081279,80310460.86553526,78783054.80126268,77189286.02273019,83197888.57074027,74015556.74645765,75707343.45990773,70794107.80834518,68398459.15570517,91896372.61455771,71008100.67020273,82962277.44334772,79569409.41293775,73991052.76396267,82753389.21362518,83354035.05483772,78278212.41723773,78059782.11880523,75374570.67033279,77530626.72552264,73283804.37545268,68422667.11697768,81010480.52250527,80784909.31240779,74450070.9050777,75412153.56244025,77925962.92511024,76035959.51696762,71937986.0807627,85664702.22734769,78950084.3906152,85493406.3083752,82687666.57109007,76842371.26501524
2019-03-04,92383845.70799504,74852701.50137767,72793667.69947018,73223803.53374512,80456470.86426526,75465345.91385277,75307670.91684015,74294319.5178677,72599819.8987652,78536508.1681753,69004698.08055265,83440370.9463977,73843588.12309766,72152037.04762262,80174806.72472517,87081377.22562766,77752327.04256016,68106751.21081279,80310460.86553526,78783054.80126268,77189286.02273019,83197888.57074027,74015556.74645765,75707343.45990773,70794107.80834518,68398459.15570517,91896372.61455771,71008100.67020273,82962277.44334772,79569409.41293775,73991052.76396267,82753389.21362518,83354035.05483772,78278212.41723773,78059782.11880523,75374570.67033279,77530626.72552264,73283804.37545268,68422667.11697768,81010480.52250527,80784909.31240779,74450070.9050777,75412153.56244025,77925962.92511024,76035959.51696762,71937986.0807627,85664702.22734769,78950084.3906152,85493406.3083752,82687666.57109007,76842371.26501524
2019-03-05,92383845.70799504,74852701.50137767,72793667.69947018,73223803.53374512,80456470.86426526,75465345.91385277,75307670.91684015,74294319.5178677,72599819.8987652,78536508.1681753,69004698.08055265,83440370.9463977,73843588.12309766,72152037.04762262,80174806.72472517,87081377.22562766,77752327.04256016,68106751.21081279,80310460.86553526,78783054.80126268,77189286.02273019,83197888.57074027,74015556.74645765,75707343.45990773,70794107.80834518,68398459.15570517,91896372.61455771,71008100.67020273,82962277.44334772,79569409.41293775,73991052.76396267,82753389.21362518,83354035.05483772,78278212.41723773,78059782.11880523,75374570.67033279,77530626.72552264,73283804.37545268,68422667.11697768,81010480.52250527,80784909.31240779,74450070.9050777,75412153.56244025,77925962.92511024,76035959.51696762,71937986.0807627,85664702.22734769,78950084.3906152,85493406.3083752,82687666.57109007,76842371.26501524
2019-03-06,92383845.70799504,74852701.50137767,72793667.69947018,73223803.53374512,80456470.86426526,75465345.91385277,75307670.91684015,74294319.5178677,72599819.8987652,78536508.1681753,69004698.08055265,83440370.9463977,73843588.12309766,72152037.04762262,80174806.72472517,87081377.22562766,77752327.04256016,68106751.21081279,80310460.86553526,78783054.80126268,77189286.02273019,83197888.57074027,74015556.74645765,75707343.45990773,70794107.80834518,68398459.15570517,91896372.61455771,71008100.67020273,82962277.44334772,79569409.41293775,73991052.76396267,82753389.21362518,83354035.05483772,78278212.41723773,78059782.11880523,75374570.67033279,77530626.72552264,73283804.37545268,68422667.11697768,81010480.52250527,80784909.31240779,74450070.9050777,75412153.56244025,77925962.92511024,76035959.51696762,71937986.0807627,85664702.22734769,78950084.3906152,85493406.3083752,82687666.57109007,76842371.26501524
2019-03-07,92383845.70799504,74852701.50137767,72793667.69947018,73223803.53374512,80456470.86426526,75465345.91385277,75307670.91684015,74294319.5178677,72599819.8987652,78536508.1681753,69004698.08055265,83440370.9463977,73843588.12309766,72152037.04762262,80174806.72472517,87081377.22562766,77752327.04256016,68106751.21081279,80310460.86553526,78783054.80126268,77189286.02273019,83197888.57074027,74015556.74645765,75707343.45990773,70794107.80834518,68398459.15570517,91896372.61455771,71008100.67020273,82962277.44334772,79569409.41293775,73991052.76396267,82753389.21362518,83354035.05483772,78278212.41723773,78059782.11880523,75374570.67033279,77530626.72552264,73283804.37545268,68422667.11697768,81010480.52250527,80784909.31240779,74450070.9050777,75412153.56244025,77925962.92511024,76035959.51696762,71937986.0807627,85664702.22734769,78950084.3906152,85493406.3083752,82687666.57109007,76842371.26501524
2019-03-08,92383845.70799504,74852701.50137767,72793667.69947018,73223803.53374512,80456470.86426526,75465345.91385277,75307670.91684015,74294319.5178677,72599819.8987652,78536508.1681753,69004698.08055265,83440370.9463977,73843588.12309766,72152037.04762262,80174806.72472517,87081377.22562766,77752327.04256016,68106751.21081279,80310460.86553526,78783054.80126268,77189286.02273019,83197888.57074027,74015556.74645765,75707343.45990773,70794107.80834518,68398459.15570517,91896372.61455771,71008100.67020273,82962277.44334772,79569409.41293775,73991052.76396267,82753389.21362518,83354035.05483772,78278212.41723773,78059782.11880523,75374570.67033279,77530626.72552264,73283804.37545268,68422667.11697768,81010480.52250527,80784909.31240779,74450070.9050777,75412153.56244025,77925962.92511024,76035959.51696762,71937986.0807627,85664702.22734769,78950084.3906152,85493406.3083752,82687666.57109007,76842371.26501524
2019-03-11,92383845.70799504,74852701.50137767,72793667.69947018,73223803.53374512,80456470.86426526,75465345.91385277,75307670.91684015,74294319.5178677,72599819.8987652,78536508.1681753,69004698.08055265,83440370.9463977,73843588.12309766,72152037.04762262,80174806.72472517,87081377.22562766,77752327.04256016,68106751.21081279,80310460.86553526,78783054.80126268,77189286.02273019,83197888.57074027,74015556.74645765,75707343.45990773,70794107.80834518,68398459.15570517,91896372.61455771,71008100.67020273,82962277.44334772,79569409.41293775,73991052.76396267,82753389.21362518,83354035.05483772,78278212.41723773,78059782.11880523,75374570.67033279,77530626.72552264,73283804.37545268,68422667.11697768,81010480.52250527,80784909.31240779,74450070.9050777,75412153.56244025,77925962.92511024,76035959.51696762,71937986.0807627,85664702.22734769,78950084.3906152,85493406.3083752,82687666.57109007,76842371.26501524
2019-03-12,92383845.70799504,74852701.50137767,72793667.69947018,73223803.53374512,80456470.86426526,75465345.91385277,75307670.91684015,74294319.5178677,72599819.8987652,78536508.1681753,69004698.08055265,83440370.9463977,73843588.12309766,72152037.04762262,80174806.72472517,87081377.22562766,77752327.04256016,68106751.21081279,80310460.86553526,78783054.80126268,77189286.02273019,83197888.57074027,74015556.74645765,75707343.45990773,70794107.80834518,68398459.15570517,91896372.61455771,71008100.67020273,82962277.44334772,79569409.41293775,73991052.76396267,82753389.21362518,83354035.05483772,78278212.41723773,78059782.11880523,75374570.67033279,77530626.72552264,73283804.37545268,68422667.11697768,81010480.52250527,80784909.31240779,74450070.9050777,75412153.56244025,77925962.92511024,76035959.51696762,71937986.0807627,85664702.22734769,78950084.3906152,85493406.3083752,82687666.57109007,76842371.26501524
2019-03-13,92383845.70799504,74852701.50137767,72793667.69947018,73223803.53374512,80456470.86426526,75465345.91385277,75307670.91684015,74294319.5178677,72599819.8987652,78536508.1681753,69004698.08055265,83440370.9463977,73843588.12309766,72152037.04762262,80174806.72472517,87081377.22562766,77752327.04256016,68106751.21081279,80310460.86553526,78783054.80126268,77189286.02273019,83197888.57074027,74015556.74645765,75707343.45990773,70794107.80834518,68398459.15570517,91896372.61455771,71008100.67020273,82962277.44334772,79569409.41293775,73991052.76396267,82753389.21362518,83354035.05483772,78278212.41723773,78059782.11880523,75374570.67033279,77530626.72552264,73283804.37545268,68422667.11697768,81010480.52250527,80784909.31240779,74450070.9050777,75412153.56244025,77925962.92511024,76035959.51696762,71937986.0807627,85664702.22734769,78950084.3906152,85493406.3083752,82687666.57109007,76842371.26501524
2019-03-14,92383845.70799504,74852701.50137767,72793667.69947018,73223803.53374512,80456470.86426526,75465345.91385277,75307670.91684015,74294319.5178677,72599819.8987652,78536508.1681753,69004698.08055265,83440370.9463977,73843588.12309766,72152037.04762262,80174806.72472517,87081377.22562766,77752327.04256016,68106751.21081279,80310460.86553526,78783054.80126268,77189286.02273019,83197888.57074027,74015556.74645765,75707343.45990773,70794107.80834518,68398459.15570517,91896372.61455771,71008100.67020273,82962277.44334772,79569409.41293775,73991052.76396267,82753389.21362518,83354035.05483772,78278212.41723773,78059782.11880523,75374570.67033279,77530626.72552264,73283804.37545268,68422667.11697768,81010480.52250527,80784909.31240779,74450070.9050777,75412153.56244025,77925962.92511024,76035959.51696762,71937986.0807627,85664702.22734769,78950084.3906152,85493406.3083752,82687666.57109007,76842371.26501524
2019-03-15,92383845.70799504,74852701.50137767,72793667.69947018,73223803.53374512,80456470.86426526,75465345.91385277,75307670.91684015,74294319.5178677,72599819.8987652,78536508.1681753,69004698.08055265,83440370.9463977,73843588.12309766,72152037.04762262,80174806.72472517,87081377.22562766,77752327.04256016,68106751.21081279,80310460.86553526,78783054.80126268,77189286.02273019,83197888.57074027,74015556.74645765,75707343.45990773,70794107.80834518,68398459.15570517,91896372.61455771,71008100.67020273,82962277.44334772,79569409.41293775,73991052.76396267,82753389.21362518,83354035.05483772,78278212.41723773,78059782.11880523,75374570.67033279,77530626.72552264,73283804.37545268,68422667.11697768,81010480.52250527,80784909.31240779,74450070.9050777,75412153.56244025,77925962.92511024,76035959.51696762,71937986.0807627,85664702.22734769,78950084.3906152,85493406.3083752,82687666.57109007,76842371.26501524
2019-03-18,92383845.70799504,74852701.50137767,72793667.69947018,73223803.53374512,80456470.86426526,75465345.91385277,75307670.91684015,74294319.5178677,72599819.8987652,78536508.1681753,69004698.08055265,83440370.9463977,73843588.12309766,72152037.04762262,80174806.72472517,87081377.22562766,77752327.04256016,68106751.21081279,80310460.86553526,78783054.80126268,77189286.02273019,83197888.57074027,74015556.74645765,75707343.45990773,70794107.80834518,68398459.15570517,91896372.61455771,71008100.67020273,82962277.44334772,79569409.41293775,73991052.76396267,82753389.21362518,83354035.05483772,78278212.41723773,78059782.11880523,75374570.67033279,77530626.72552264,73283804.37545268,68422667.11697768,81010480.52250527,80784909.31240779,74450070.9050777,75412153.56244025,77925962.92511024,76035959.51696762,71937986.0807627,85664702.22734769,78950084.3906152,85493406.3083752,82687666.57109007,76842371.26501524
2019-03-19,92383845.70799504,74852701.50137767,72793667.69947018,73223803.53374512,80456470.86426526,75465345.91385277,75307670.91684015,74294319.5178677,72599819.8987652,78536508.1681753,69004698.08055265,83440370.9463977,73843588.12309766,72152037.04762262,80174806.72472517,87081377.22562766,77752327.04256016,68106751.21081279,80310460.86553526,78783054.80126268,77189286.02273019,83197888.57074027,74015556.74645765,75707343.45990773,70794107.80834518,68398459.15570517,91896372.61455771,71008100.67020273,82962277.44334772,79569409.41293775,73991052.76396267,82753389.21362518,83354035.05483772,78278212.41723773,78059782.11880523,75374570.67033279,77530626.72552264,73283804.37545268,68422667.11697768,81010480.52250527,80784909.31240779,74450070.9050777,75412153.56244025,77925962.92511024,76035959.51696762,71937986.0807627,85664702.22734769,78950084.3906152,85493406.3083752,82687666.57109007,76842371.26501524
2019-03-20,92383845.70799504,74852701.50137767,72793667.69947018,73223803.53374512,80456470.86426526,75465345.91385277,75307670.91684015,74294319.5178677,72599819.8987652,78536508.1681753,69004698.08055265,83440370.9463977,73843588.12309766,72152037.04762262,80174806.72472517,87081377.22562766,77752327.04256016,68106751.21081279,80310460.86553526,78783054.80126268,77189286.02273019,83197888.57074027,74015556.74645765,75707343.45990773,70794107.80834518,68398459.15570517,91896372.61455771,71008100.67020273,82962277.44334772,79569409.41293775,73991052.76396267,82753389.21362518,83354035.05483772,78278212.41723773,78059782.11880523,75374570.67033279,77530626.72552264,73283804.37545268,68422667.11697768,81010480.52250527,80784909.31240779,74450070.9050777,75412153.56244025,77925962.92511024,76035959.51696762,71937986.0807627,85664702.22734769,78950084.3906152,85493406.3083752,82687666.57109007,76842371.26501524
2019-03-21,92383845.70799504,74852701.50137767,72793667.69947018,73223803.53374512,80456470.86426526,75465345.91385277,75307670.91684015,74294319.5178677,72599819.8987652,78536508.1681753,69004698.08055265,83440370.9463977,73843588.12309766,72152037.04762262,80174806.72472517,87081377.22562766,77752327.04256016,68106751.21081279,80310460.86553526,78783054.80126268,77189286.02273019,83197888.57074027,74015556.74645765,75707343.45990773,70794107.80834518,68398459.15570517,91896372.61455771,71008100.67020273,82962277.44334772,79569409.41293775,73991052.76396267,82753389.21362518,83354035.05483772,78278212.41723773,78059782.11880523,75374570.67033279,77530626.72552264,73283804.37545268,68422667.11697768,81010480.52250527,80784909.31240779,74450070.9050777,75412153.56244025,77925962.92511024,76035959.51696762,71937986.0807627,85664702.22734769,78950084.3906152,85493406.3083752,82687666.57109007,76842371.26501524
2019-03-22,92383845.70799504,74852701.50137767,72793667.69947018,73223803.53374512,80456470.86426526,75465345.91385277,75307670.91684015,74294319.5178677,72599819.8987652,78536508.1681753,69004698.08055265,83440370.9463977,73843588.12309766,72152037.04762262,80174806.72472517,87081377.22562766,77752327.04256016,68106751.21081279,80310460.86553526,78783054.80126268,77189286.02273019,83197888.57074027,74015556.74645765,75707343.45990773,70794107.80834518,68398459.15570517,91896372.61455771,71008100.67020273,82962277.44334772,79569409.41293775,73991052.76396267,82753389.21362518,83354035.05483772,78278212.41723773,78059782.11880523,75374570.67033279,77530626.72552264,73283804.37545268,68422667.11697768,81010480.52250527,80784909.31240779,74450070.9050777,75412153.56244025,77925962.92511024,76035959.51696762,71937986.0807627,85664702.22734769,78950084.3906152,85493406.3083752,82687666.57109007,76842371.26501524
2019-03-25,92383845.70799504,74852701.50137767,72793667.69947018,73223803.53374512,80456470.86426526,75465345.91385277,75307670.91684015,74294319.5178677,72599819.8987652,78536508.1681753,69004698.08055265,83440370.9463977,73843588.12309766,72152037.04762262,80174806.72472517,87081377.22562766,77752327.04256016,68106751.21081279,80310460.86553526,78783054.80126268,77189286.02273019,83197888.57074027,74015556.74645765,75707343.45990773,70794107.80834518,68398459.15570517,91896372.61455771,71008100.67020273,82962277.44334772,79569409.41293775,73991052.76396267,82753389.21362518,83354035.05483772,78278212.41723773,78059782.11880523,75374570.67033279,77530626.72552264,73283804.37545268,68422667.11697768,81010480.52250527,80784909.31240779,74450070.9050777,75412153.56244025,77925962.92511024,76035959.51696762,71937986.0807627,85664702.22734769,78950084.3906152,85493406.3083752,82687666.57109007,76842371.26501524
2019-03-26,92383845.70799504,74852701.50137767,72793667.69947018,73223803.53374512,80456470.86426526,75465345.91385277,75307670.91684015,74294319.5178677,72599819.8987652,78536508.1681753,69004698.08055265,83440370.9463977,73843588.12309766,72152037.04762262,80174806.72472517,87081377.22562766,77752327.04256016,68106751.21081279,80310460.86553526,78783054.80126268,77189286.02273019,83197888.57074027,74015556.74645765,75707343.45990773,70794107.80834518,68398459.15570517,91896372.61455771,71008100.67020273,82962277.44334772,79569409.41293775,73991052.76396267,82753389.21362518,83354035.05483772,78278212.41723773,78059782.11880523,75374570.67033279,77530626.72552264,73283804.37545268,68422667.11697768,81010480.52250527,80784909.31240779,74450070.9050777,75412153.56244025,77925962.92511024,76035959.51696762,71937986.0807627,85664702.22734769,78950084.3906152,85493406.3083752,82687666.57109007,76842371.26501524
2019-03-27,92383845.70799504,74852701.50137767,72793667.69947018,73223803.53374512,80456470.86426526,75465345.91385277,75307670.91684015,74294319.5178677,72599819.8987652,78536508.1681753,69004698.08055265,83440370.9463977,73843588.12309766,72152037.04762262,80174806.72472517,87081377.22562766,77752327.04256016,68106751.21081279,80310460.86553526,78783054.80126268,77189286.02273019,83197888.57074027,74015556.74645765,75707343.45990773,70794107.80834518,68398459.15570517,91896372.61455771,71008100.67020273,82962277.44334772,79569409.41293775,73991052.76396267,82753389.21362518,83354035.05483772,78278212.41723773,78059782.11880523,75374570.67033279,77530626.72552264,73283804.37545268,68422667.11697768,81010480.52250527,80784909.31240779,74450070.9050777,75412153.56244025,77925962.92511024,76035959.51696762,71937986.0807627,85664702.22734769,78950084.3906152,85493406.3083752,82687666.57109007,76842371.26501524
2019-03-28,92383845.70799504,74852701.50137767,72793667.69947018,73223803.53374512,80456470.86426526,75465345.91385277,75307670.91684015,74294319.5178677,72599819.8987652,78536508.1681753,69004698.08055265,83440370.9463977,73843588.12309766,72152037.04762262,80174806.72472517,87081377.22562766,77752327.04256016,68106751.21081279,80310460.86553526,78783054.80126268,77189286.02273019,83197888.57074027,74015556.74645765,75707343.45990773,70794107.80834518,68398459.15570517,91896372.61455771,71008100.67020273,82962277.44334772,79569409.41293775,73991052.76396267,82753389.21362518,83354035.05483772,78278212.41723773,78059782.11880523,75374570.67033279,77530626.72552264,73283804.37545268,68422667.11697768,81010480.52250527,80784909.31240779,74450070.9050777,75412153.56244025,77925962.92511024,76035959.51696762,71937986.0807627,85664702.22734769,78950084.3906152,85493406.3083752,82687666.57109007,76842371.26501524
2019-03-29,92383845.70799504,74852701.50137767,72793667.69947018,73223803.53374512,80456470.86426526,75465345.91385277,75307670.91684015,74294319.5178677,72599819.8987652,78536508.1681753,69004698.08055265,83440370.9463977,73843588.12309766,72152037.04762262,80174806.72472517,87081377.22562766,77752327.04256016,68106751.21081279,80310460.86553526,78783054.80126268,77189286.02273019,83197888.57074027,74015556.74645765,75707343.45990773,70794107.80834518,68398459.15570517,91896372.61455771,71008100.67020273,82962277.44334772,79569409.41293775,73991052.76396267,82753389.21362518,83354035.05483772,78278212.41723773,78059782.11880523,75374570.67033279,77530626.72552264,73283804.37545268,68422667.11697768,81010480.52250527,80784909.31240779,74450070.9050777,75412153.56244025,77925962.92511024,76035959.51696762,71937986.0807627,85664702.22734769,78950084.3906152,85493406.3083752,82687666.57109007,76842371.26501524
2019-04-01,92383845.70799504,74852701.50137767,72793667.69947018,73223803.53374512,80456470.86426526,75465345.91385277,75307670.91684015,74294319.5178677,72599819.8987652,78536508.1681753,69004698.08055265,83440370.9463977,73843588.12309766,72152037.04762262,80174806.72472517,87081377.22562766,77752327.04256016,68106751.21081279,80310460.86553526,78783054.80126268,77189286.02273019,83197888.57074027,74015556.74645765,75707343.45990773,70794107.80834518,68398459.15570517,91896372.61455771,71008100.67020273,82962277.44334772,79569409.41293775,73991052.76396267,82753389.21362518,83354035.05483772,78278212.41723773,78059782.11880523,75374570.67033279,77530626.72552264,73283804.37545268,68422667.11697768,81010480.52250527,80784909.31240779,74450070.9050777,75412153.56244025,77925962.92511024,76035959.51696762,71937986.0807627,85664702.22734769,78950084.3906152,85493406.3083752,82687666.57109007,76842371.26501524
2019-04-02,92383845.70799504,74852701.50137767,72793667.69947018,73223803.53374512,80456470.86426526,75465345.91385277,75307670.91684015,74294319.5178677,72599819.8987652,78536508.1681753,69004698.08055265,83440370.9463977,73843588.12309766,72152037.04762262,80174806.72472517,87081377.22562766,77752327.04256016,68106751.21081279,80310460.86553526,78783054.80126268,77189286.02273019,83197888.57074027,74015556.74645765,75707343.45990773,70794107.80834518,68398459.15570517,91896372.61455771,71008100.67020273,82962277.44334772,79569409.41293775,73991052.76396267,82753389.21362518,83354035.05483772,78278212.41723773,78059782.11880523,75374570.67033279,77530626.72552264,73283804.37545268,68422667.11697768,81010480.52250527,80784909.31240779,74450070.9050777,75412153.56244025,77925962.92511024,76035959.51696762,71937986.0807627,85664702.22734769,78950084.3906152,85493406.3083752,82687666.57109007,76842371.26501524
2019-04-03,92383845.70799504,74852701.50137767,72793667.69947018,73223803.53374512,80456470.86426526,75465345.91385277,75307670.91684015,74294319.5178677,72599819.8987652,78536508.1681753,69004698.08055265,83440370.9463977,73843588.12309766,72152037.04762262,80174806.72472517,87081377.22562766,77752327.04256016,68106751.21081279,80310460.86553526,78783054.80126268,77189286.02273019,83197888.57074027,74015556.74645765,75707343.45990773,70794107.80834518,68398459.15570517,91896372.61455771,71008100.67020273,82962277.44334772,79569409.41293775,73991052.76396267,82753389.21362518,83354035.05483772,78278212.41723773,78059782.11880523,75374570.67033279,77530626.72552264,73283804.37545268,68422667.11697768,81010480.52250527,80784909.31240779,74450070.9050777,75412153.56244025,77925962.92511024,76035959.51696762,71937986.0807627,85664702.22734769,78950084.3906152,85493406.3083752,82687666.57109007,76842371.26501524
2019-04-04,92383845.70799504,74852701.50137767,72793667.69947018,73223803.53374512,80456470.86426526,75465345.91385277,75307670.91684015,74294319.5178677,72599819.8987652,78536508.1681753,69004698.08055265,83440370.9463977,73843588.12309766,72152037.04762262,80174806.72472517,87081377.22562766,77752327.04256016,68106751.21081279,80310460.86553526,78783054.80126268,77189286.02273019,83197888.57074027,74015556.74645765,75707343.45990773,70794107.80834518,68398459.15570517,91896372.61455771,71008100.67020273,82962277.44334772,79569409.41293775,73991052.76396267,82753389.21362518,83354035.05483772,78278212.41723773,78059782.11880523,75374570.67033279,77530626.72552264,73283804.37545268,68422667.11697768,81010480.52250527,80784909.31240779,74450070.9050777,75412153.56244025,77925962.92511024,76035959.51696762,71937986.0807627,85664702.22734769,78950084.3906152,85493406.3083752,82687666.57109007,76842371.26501524
2019-04-05,92383845.70799504,74852701.50137767,72793667.69947018,73223803.53374512,80456470.86426526,75465345.91385277,75307670.91684015,74294319.5178677,72599819.8987652,78536508.1681753,69004698.08055265,83440370.9463977,73843588.12309766,72152037.04762262,80174806.72472517,87081377.22562766,77752327.04256016,68106751.21081279,80310460.86553526,78783054.80126268,77189286.02273019,83197888.57074027,74015556.74645765,75707343.45990773,70794107.80834518,68398459.15570517,91896372.61455771,71008100.67020273,82962277.44334772,79569409.41293775,73991052.76396267,82753389.21362518,83354035.05483772,78278212.41723773,78059782.11880523,75374570.67033279,77530626.72552264,73283804.37545268,68422667.11697768,81010480.52250527,80784909.31240779,74450070.9050777,75412153.56244025,77925962.92511024,76035959.51696762,71937986.0807627,85664702.22734769,78950084.3906152,85493406.3083752,82687666.57109007,76842371.26501524
2019-04-08,92383845.70799504,74852701.50137767,72793667.69947018,73223803.53374512,80456470.86426526,75465345.91385277,75307670.91684015,74294319.5178677,72599819.8987652,78536508.1681753,69004698.08055265,83440370.9463977,73843588.12309766,72152037.04762262,80174806.72472517,87081377.22562766,77752327.04256016,68106751.21081279,80310460.86553526,78783054.80126268,77189286.02273019,83197888.57074027,74015556.74645765,75707343.45990773,70794107.80834518,68398459.15570517,91896372.61455771,71008100.67020273,82962277.44334772,79569409.41293775,73991052.76396267,82753389.21362518,83354035.05483772,78278212.41723773,78059782.11880523,75374570.67033279,77530626.72552264,73283804.37545268,68422667.11697768,81010480.52250527,80784909.31240779,74450070.9050777,75412153.56244025,77925962.92511024,76035959.51696762,71937986.0807627,85664702.22734769,78950084.3906152,85493406.3083752,82687666.57109007,76842371.26501524
2019-04-09,92383845.70799504,74852701.50137767,72793667.69947018,73223803.53374512,80456470.86426526,75465345.91385277,75307670.91684015,74294319.5178677,72599819.8987652,78536508.1681753,69004698.08055265,83440370.9463977,73843588.12309766,72152037.04762262,80174806.72472517,87081377.22562766,77752327.04256016,68106751.21081279,80310460.86553526,78783054.80126268,77189286.02273019,83197888.57074027,74015556.74645765,75707343.45990773,70794107.80834518,68398459.15570517,91896372.61455771,71008100.67020273,82962277.44334772,79569409.41293775,73991052.76396267,82753389.21362518,83354035.05483772,78278212.41723773,78059782.11880523,75374570.67033279,77530626.72552264,73283804.37545268,68422667.11697768,81010480.52250527,80784909.31240779,74450070.9050777,75412153.56244025,77925962.92511024,76035959.51696762,71937986.0807627,85664702.22734769,78950084.3906152,85493406.3083752,82687666.57109007,76842371.26501524
2019-04-10,92383845.70799504,74852701.50137767,72793667.69947018,73223803.53374512,80456470.86426526,75465345.91385277,75307670.91684015,74294319.5178677,72599819.8987652,78536508.1681753,69004698.08055265,83440370.9463977,73843588.12309766,72152037.04762262,80174806.72472517,87081377.22562766,77752327.04256016,68106751.21081279,80310460.86553526,78783054.80126268,77189286.02273019,83197888.57074027,74015556.74645765,75707343.45990773,70794107.80834518,68398459.15570517,91896372.61455771,71008100.67020273,82962277.44334772,79569409.41293775,73991052.76396267,82753389.21362518,83354035.05483772,78278212.41723773,78059782.11880523,75374570.67033279,77530626.72552264,73283804.37545268,68422667.11697768,81010480.52250527,80784909.31240779,74450070.9050777,75412153.56244025,77925962.92511024,76035959.51696762,71937986.0807627,85664702.22734769,78950084.3906152,85493406.3083752,82687666.57109007,76842371.26501524
2019-04-11,92383845.70799504,74852701.50137767,72793667.69947018,73223803.53374512,80456470.86426526,75465345.91385277,75307670.91684015,74294319.5178677,72599819.8987652,78536508.1681753,69004698.08055265,83440370.9463977,73843588.12309766,72152037.04762262,80174806.72472517,87081377.22562766,77752327.04256016,68106751.21081279,80310460.86553526,78783054.80126268,77189286.02273019,83197888.57074027,74015556.74645765,75707343.45990773,70794107.80834518,68398459.15570517,91896372.61455771,71008100.67020273,82962277.44334772,79569409.41293775,73991052.76396267,82753389.21362518,83354035.05483772,78278212.41723773,78059782.11880523,75374570.67033279,77530626.72552264,73283804.37545268,68422667.11697768,81010480.52250527,80784909.31240779,74450070.9050777,75412153.56244025,77925962.92511024,76035959.51696762,71937986.0807627,85664702.22734769,78950084.3906152,85493406.3083752,82687666.57109007,76842371.26501524
2019-04-12,92383845.70799504,74852701.50137767,72793667.69947018,73223803.53374512,80456470.86426526,75465345.91385277,75307670.91684015,74294319.5178677,72599819.8987652,78536508.1681753,69004698.08055265,83440370.9463977,73843588.12309766,72152037.04762262,80174806.72472517,87081377.22562766,77752327.04256016,68106751.21081279,80310460.86553526,78783054.80126268,77189286.02273019,83197888.57074027,74015556.74645765,75707343.45990773,70794107.80834518,68398459.15570517,91896372.61455771,71008100.67020273,82962277.44334772,79569409.41293775,73991052.76396267,82753389.21362518,83354035.05483772,78278212.41723773,78059782.11880523,75374570.67033279,77530626.72552264,73283804.37545268,68422667.11697768,81010480.52250527,80784909.31240779,74450070.9050777,75412153.56244025,77925962.92511024,76035959.51696762,71937986.0807627,85664702.22734769,78950084.3906152,85493406.3083752,82687666.57109007,76842371.26501524
2019-04-16,92383845.70799504,74852701.50137767,72793667.69947018,73223803.53374512,80456470.86426526,75465345.91385277,75307670.91684015,74294319.5178677,72599819.8987652,78536508.1681753,69004698.08055265,83440370.9463977,73843588.12309766,72152037.04762262,80174806.72472517,87081377.22562766,77752327.04256016,68106751.21081279,80310460.86553526,78783054.80126268,77189286.02273019,83197888.57074027,74015556.74645765,75707343.45990773,70794107.80834518,68398459.15570517,91896372.61455771,71008100.67020273,82962277.44334772,79569409.41293775,73991052.76396267,82753389.21362518,83354035.05483772,78278212.41723773,78059782.11880523,75374570.67033279,77530626.72552264,73283804.37545268,68422667.11697768,81010480.52250527,80784909.31240779,74450070.9050777,75412153.56244025,77925962.92511024,76035959.51696762,71937986.0807627,85664702.22734769,78950084.3906152,85493406.3083752,82687666.57109007,76842371.26501524
2019-04-17,92383845.70799504,74852701.50137767,72793667.69947018,73223803.53374512,80456470.86426526,75465345.91385277,75307670.91684015,74294319.5178677,72599819.8987652,78536508.1681753,69004698.08055265,83440370.9463977,73843588.12309766,72152037.04762262,80174806.72472517,87081377.22562766,77752327.04256016,68106751.21081279,80310460.86553526,78783054.80126268,77189286.02273019,83197888.57074027,74015556.74645765,75707343.45990773,70794107.80834518,68398459.15570517,91896372.61455771,71008100.67020273,82962277.44334772,79569409.41293775,73991052.76396267,82753389.21362518,83354035.05483772,78278212.41723773,78059782.11880523,75374570.67033279,77530626.72552264,73283804.37545268,68422667.11697768,81010480.52250527,80784909.31240779,74450070.9050777,75412153.56244025,77925962.92511024,76035959.51696762,71937986.0807627,85664702.22734769,78950084.3906152,85493406.3083752,82687666.57109007,76842371.26501524
2019-04-18,92383845.70799504,74852701.50137767,72793667.69947018,73223803.53374512,80456470.86426526,75465345.91385277,75307670.91684015,74294319.5178677,72599819.8987652,78536508.1681753,69004698.08055265,83440370.9463977,73843588.12309766,72152037.04762262,80174806.72472517,87081377.22562766,77752327.04256016,68106751.21081279,80310460.86553526,78783054.80126268,77189286.02273019,83197888.57074027,74015556.74645765,75707343.45990773,70794107.80834518,68398459.15570517,91896372.61455771,71008100.67020273,82962277.44334772,79569409.41293775,73991052.76396267,82753389.21362518,83354035.05483772,78278212.41723773,78059782.11880523,75374570.67033279,77530626.72552264,73283804.37545268,68422667.11697768,81010480.52250527,80784909.31240779,74450070.9050777,75412153.56244025,77925962.92511024,76035959.51696762,71937986.0807627,85664702.22734769,78950084.3906152,85493406.3083752,82687666.57109007,76842371.26501524
2019-04-19,92383845.70799504,74852701.50137767,72793667.69947018,73223803.53374512,80456470.86426526,75465345.91385277,75307670.91684015,74294319.5178677,72599819.8987652,78536508.1681753,69004698.08055265,83440370.9463977,73843588.12309766,72152037.04762262,80174806.72472517,87081377.22562766,77752327.04256016,68106751.21081279,80310460.86553526,78783054.80126268,77189286.02273019,83197888.57074027,74015556.74645765,75707343.45990773,70794107.80834518,68398459.15570517,91896372.61455771,71008100.67020273,82962277.44334772,79569409.41293775,73991052.76396267,82753389.21362518,83354035.05483772,78278212.41723773,78059782.11880523,75374570.67033279,77530626.72552264,73283804.37545268,68422667.11697768,81010480.52250527,80784909.31240779,74450070.9050777,75412153.56244025,77925962.92511024,76035959.51696762,71937986.0807627,85664702.22734769,78950084.3906152,85493406.3083752,82687666.57109007,76842371.26501524
2019-04-22,92383845.70799504,74852701.50137767,72793667.69947018,73223803.53374512,80456470.86426526,75465345.91385277,75307670.91684015,74294319.5178677,72599819.8987652,78536508.1681753,69004698.08055265,83440370.9463977,73843588.12309766,72152037.04762262,80174806.72472517,87081377.22562766,77752327.04256016,68106751.21081279,80310460.86553526,78783054.80126268,77189286.02273019,83197888.57074027,74015556.74645765,75707343.45990773,70794107.80834518,68398459.15570517,91896372.61455771,71008100.67020273,82962277.44334772,79569409.41293775,73991052.76396267,82753389.21362518,83354035.05483772,78278212.41723773,78059782.11880523,75374570.67033279,77530626.72552264,73283804.37545268,68422667.11697768,81010480.52250527,80784909.31240779,74450070.9050777,75412153.56244025,77925962.92511024,76035959.51696762,71937986.0807627,85664702.22734769,78950084.3906152,85493406.3083752,82687666.57109007,76842371.26501524
2019-04-23,92383845.70799504,74852701.50137767,72793667.69947018,73223803.53374512,80456470.86426526,75465345.91385277,75307670.91684015,74294319.5178677,72599819.8987652,78536508.1681753,69004698.08055265,83440370.9463977,73843588.12309766,72152037.04762262,80174806.72472517,87081377.22562766,77752327.04256016,68106751.21081279,80310460.86553526,78783054.80126268,77189286.02273019,83197888.57074027,74015556.74645765,75707343.45990773,70794107.80834518,68398459.15570517,91896372.61455771,71008100.67020273,82962277.44334772,79569409.41293775,73991052.76396267,82753389.21362518,83354035.05483772,78278212.41723773,78059782.11880523,75374570.67033279,77530626.72552264,73283804.37545268,68422667.11697768,81010480.52250527,80784909.31240779,74450070.9050777,75412153.56244025,77925962.92511024,76035959.51696762,71937986.0807627,85664702.22734769,78950084.3906152,85493406.3083752,82687666.57109007,76842371.26501524
2019-04-24,92383845.70799504,74852701.50137767,72793667.69947018,73223803.53374512,80456470.86426526,75465345.91385277,75307670.91684015,74294319.5178677,72599819.8987652,78536508.1681753,69004698.08055265,83440370.9463977,73843588.12309766,72152037.04762262,80174806.72472517,87081377.22562766,77752327.04256016,68106751.21081279,80310460.86553526,78783054.80126268,77189286.02273019,83197888.57074027,74015556.74645765,75707343.45990773,70794107.80834518,68398459.15570517,91896372.61455771,71008100.67020273,82962277.44334772,79569409.41293775,73991052.76396267,82753389.21362518,83354035.05483772,78278212.41723773,78059782.11880523,75374570.67033279,77530626.72552264,73283804.37545268,68422667.11697768,81010480.52250527,80784909.31240779,74450070.9050777,75412153.56244025,77925962.92511024,76035959.51696762,71937986.0807627,85664702.22734769,78950084.3906152,85493406.3083752,82687666.57109007,76842371.26501524
2019-04-25,92383845.70799504,74852701.50137767,72793667.69947018,73223803.53374512,80456470.86426526,75465345.91385277,75307670.91684015,74294319.5178677,72599819.8987652,78536508.1681753,69004698.08055265,83440370.9463977,73843588.12309766,72152037.04762262,80174806.72472517,87081377.22562766,77752327.04256016,68106751.21081279,80310460.86553526,78783054.80126268,77189286.02273019,83197888.57074027,74015556.74645765,75707343.45990773,70794107.80834518,68398459.15570517,91896372.61455771,71008100.67020273,82962277.44334772,79569409.41293775,73991052.76396267,82753389.21362518,83354035.05483772,78278212.41723773,78059782.11880523,75374570.67033279,77530626.72552264,73283804.37545268,68422667.11697768,81010480.52250527,80784909.31240779,74450070.9050777,75412153.56244025,77925962.92511024,76035959.51696762,71937986.0807627,85664702.22734769,78950084.3906152,85493406.3083752,82687666.57109007,76842371.26501524
2019-04-26,92383845.70799504,74852701.50137767,72793667.69947018,73223803.53374512,80456470.86426526,75465345.91385277,75307670.91684015,74294319.5178677,72599819.8987652,78536508.1681753,69004698.08055265,83440370.9463977,73843588.12309766,72152037.04762262,80174806.72472517,87081377.22562766,77752327.04256016,68106751.21081279,80310460.86553526,78783054.80126268,77189286.02273019,83197888.57074027,74015556.74645765,75707343.45990773,70794107.80834518,68398459.15570517,91896372.61455771,71008100.67020273,82962277.44334772,79569409.41293775,73991052.76396267,82753389.21362518,83354035.05483772,78278212.41723773,78059782.11880523,75374570.67033279,77530626.72552264,73283804.37545268,68422667.11697768,81010480.52250527,80784909.31240779,74450070.9050777,75412153.56244025,77925962.92511024,76035959.51696762,71937986.0807627,85664702.22734769,78950084.3906152,85493406.3083752,82687666.57109007,76842371.26501524
2019-05-02,92383845.70799504,74852701.50137767,72793667.69947018,73223803.53374512,80456470.86426526,75465345.91385277,75307670.91684015,74294319.5178677,72599819.8987652,78536508.1681753,69004698.08055265,83440370.9463977,73843588.12309766,72152037.04762262,80174806.72472517,87081377.22562766,77752327.04256016,68106751.21081279,80310460.86553526,78783054.80126268,77189286.02273019,83197888.57074027,74015556.74645765,75707343.45990773,70794107.80834518,68398459.15570517,91896372.61455771,71008100.67020273,82962277.44334772,79569409.41293775,73991052.76396267,82753389.21362518,83354035.05483772,78278212.41723773,78059782.11880523,75374570.67033279,77530626.72552264,73283804.37545268,68422667.11697768,81010480.52250527,80784909.31240779,74450070.9050777,75412153.56244025,77925962.92511024,76035959.51696762,71937986.0807627,85664702.22734769,78950084.3906152,85493406.3083752,82687666.57109007,76842371.26501524
2019-05-03,92383845.70799504,74852701.50137767,72793667.69947018,73223803.53374512,80456470.86426526,75465345.91385277,75307670.91684015,74294319.5178677,72599819.8987652,78536508.1681753,69004698.08055265,83440370.9463977,73843588.12309766,72152037.04762262,80174806.72472517,87081377.22562766,77752327.04256016,68106751.21081279,80310460.86553526,78783054.80126268,77189286.02273019,83197888.57074027,74015556.74645765,75707343.45990773,70794107.80834518,68398459.15570517,91896372.61455771,71008100.67020273,82962277.44334772,79569409.41293775,73991052.76396267,82753389.21362518,83354035.05483772,78278212.41723773,78059782.11880523,75374570.67033279,77530626.72552264,73283804.37545268,68422667.11697768,81010480.52250527,80784909.31240779,74450070.9050777,75412153.56244025,77925962.92511024,76035959.51696762,71937986.0807627,85664702.22734769,78950084.3906152,85493406.3083752,82687666.57109007,76842371.26501524
2019-05-06,92383845.70799504,74852701.50137767,72793667.69947018,73223803.53374512,80456470.86426526,75465345.91385277,75307670.91684015,74294319.5178677,72599819.8987652,78536508.1681753,69004698.08055265,83440370.9463977,73843588.12309766,72152037.04762262,80174806.72472517,87081377.22562766,77752327.04256016,68106751.21081279,80310460.86553526,78783054.80126268,77189286.02273019,83197888.57074027,74015556.74645765,75707343.45990773,70794107.80834518,68398459.15570517,91896372.61455771,71008100.67020273,82962277.44334772,79569409.41293775,73991052.76396267,82753389.21362518,83354035.05483772,78278212.41723773,78059782.11880523,75374570.67033279,77530626.72552264,73283804.37545268,68422667.11697768,81010480.52250527,80784909.31240779,74450070.9050777,75412153.56244025,77925962.92511024,76035959.51696762,71937986.0807627,85664702.22734769,78950084.3906152,85493406.3083752,82687666.57109007,76842371.26501524
2019-05-07,92383845.70799504,74852701.50137767,72793667.69947018,73223803.53374512,80456470.86426526,75465345.91385277,75307670.91684015,74294319.5178677,72599819.8987652,78536508.1681753,69004698.08055265,83440370.9463977,73843588.12309766,72152037.04762262,80174806.72472517,87081377.22562766,77752327.04256016,68106751.21081279,80310460.86553526,78783054.80126268,77189286.02273019,83197888.57074027,74015556.74645765,75707343.45990773,70794107.80834518,68398459.15570517,91896372.61455771,71008100.67020273,82962277.44334772,79569409.41293775,73991052.76396267,82753389.21362518,83354035.05483772,78278212.41723773,78059782.11880523,75374570.67033279,77530626.72552264,73283804.37545268,68422667.11697768,81010480.52250527,80784909.31240779,74450070.9050777,75412153.56244025,77925962.92511024,76035959.51696762,71937986.0807627,85664702.22734769,78950084.3906152,85493406.3083752,82687666.57109007,76842371.26501524
2019-05-08,92383845.70799504,74852701.50137767,72793667.69947018,73223803.53374512,80456470.86426526,75465345.91385277,75307670.91684015,74294319.5178677,72599819.8987652,78536508.1681753,69004698.08055265,83440370.9463977,73843588.12309766,72152037.04762262,80174806.72472517,87081377.22562766,77752327.04256016,68106751.21081279,80310460.86553526,78783054.80126268,77189286.02273019,83197888.57074027,74015556.74645765,75707343.45990773,70794107.80834518,68398459.15570517,91896372.61455771,71008100.67020273,82962277.44334772,79569409.41293775,73991052.76396267,82753389.21362518,83354035.05483772,78278212.41723773,78059782.11880523,75374570.67033279,77530626.72552264,73283804.37545268,68422667.11697768,81010480.52250527,80784909.31240779,74450070.9050777,75412153.56244025,77925962.92511024,76035959.51696762,71937986.0807627,85664702.22734769,78950084.3906152,85493406.3083752,82687666.57109007,76842371.26501524
2019-05-09,92383845.70799504,74852701.50137767,72793667.69947018,73223803.53374512,80456470.86426526,75465345.91385277,75307670.91684015,74294319.5178677,72599819.8987652,78536508.1681753,69004698.08055265,83440370.9463977,73843588.12309766,72152037.04762262,80174806.72472517,87081377.22562766,77752327.04256016,68106751.21081279,80310460.86553526,78783054.80126268,77189286.02273019,83197888.57074027,74015556.74645765,75707343.45990773,70794107.80834518,68398459.15570517,91896372.61455771,71008100.67020273,82962277.44334772,79569409.41293775,73991052.76396267,82753389.21362518,83354035.05483772,78278212.41723773,78059782.11880523,75374570.67033279,77530626.72552264,73283804.37545268,68422667.11697768,81010480.52250527,80784909.31240779,74450070.9050777,75412153.56244025,77925962.92511024,76035959.51696762,71937986.0807627,85664702.22734769,78950084.3906152,85493406.3083752,82687666.57109007,76842371.26501524
2019-05-10,92383845.70799504,74852701.50137767,72793667.69947018,73223803.53374512,80456470.86426526,75465345.91385277,75307670.91684015,74294319.5178677,72599819.8987652,78536508.1681753,69004698.08055265,83440370.9463977,73843588.12309766,72152037.04762262,80174806.72472517,87081377.22562766,77752327.04256016,68106751.21081279,80310460.86553526,78783054.80126268,77189286.02273019,83197888.57074027,74015556.74645765,75707343.45990773,70794107.80834518,68398459.15570517,91896372.61455771,71008100.67020273,82962277.44334772,79569409.41293775,73991052.76396267,82753389.21362518,83354035.05483772,78278212.41723773,78059782.11880523,75374570.67033279,77530626.72552264,73283804.37545268,68422667.11697768,81010480.52250527,80784909.31240779,74450070.9050777,75412153.56244025,77925962.92511024,76035959.51696762,71937986.0807627,85664702.22734769,78950084.3906152,85493406.3083752,82687666.57109007,76842371.26501524
2019-05-13,92383845.70799504,74852701.50137767,72793667.69947018,73223803.53374512,80456470.86426526,75465345.91385277,75307670.91684015,74294319.5178677,72599819.8987652,78536508.1681753,69004698.08055265,83440370.9463977,73843588.12309766,72152037.04762262,80174806.72472517,87081377.22562766,77752327.04256016,68106751.21081279,80310460.86553526,78783054.80126268,77189286.02273019,83197888.57074027,74015556.74645765,75707343.45990773,70794107.80834518,68398459.15570517,91896372.61455771,71008100.67020273,82962277.44334772,79569409.41293775,73991052.76396267,82753389.21362518,83354035.05483772,78278212.41723773,78059782.11880523,75374570.67033279,77530626.72552264,73283804.37545268,68422667.11697768,81010480.52250527,80784909.31240779,74450070.9050777,75412153.56244025,77925962.92511024,76035959.51696762,71937986.0807627,85664702.22734769,78950084.3906152,85493406.3083752,82687666.57109007,76842371.26501524
2019-05-14,92383845.70799504,74852701.50137767,72793667.69947018,73223803.53374512,80456470.86426526,75465345.91385277,75307670.91684015,74294319.5178677,72599819.8987652,78536508.1681753,69004698.08055265,83440370.9463977,73843588.12309766,72152037.04762262,80174806.72472517,87081377.22562766,77752327.04256016,68106751.21081279,80310460.86553526,78783054.80126268,77189286.02273019,83197888.57074027,74015556.74645765,75707343.45990773,70794107.80834518,68398459.15570517,91896372.61455771,71008100.67020273,82962277.44334772,79569409.41293775,73991052.76396267,82753389.21362518,83354035.05483772,78278212.41723773,78059782.11880523,75374570.67033279,77530626.72552264,73283804.37545268,68422667.11697768,81010480.52250527,80784909.31240779,74450070.9050777,75412153.56244025,77925962.92511024,76035959.51696762,71937986.0807627,85664702.22734769,78950084.3906152,85493406.3083752,82687666.57109007,76842371.26501524
2019-05-15,92383845.70799504,74852701.50137767,72793667.69947018,73223803.53374512,80456470.86426526,75465345.91385277,75307670.91684015,74294319.5178677,72599819.8987652,78536508.1681753,69004698.08055265,83440370.9463977,73843588.12309766,72152037.04762262,80174806.72472517,87081377.22562766,77752327.04256016,68106751.21081279,80310460.86553526,78783054.80126268,77189286.02273019,83197888.57074027,74015556.74645765,75707343.45990773,70794107.80834518,68398459.15570517,91896372.61455771,71008100.67020273,82962277.44334772,79569409.41293775,73991052.76396267,82753389.21362518,83354035.05483772,78278212.41723773,78059782.11880523,75374570.67033279,77530626.72552264,73283804.37545268,68422667.11697768,81010480.52250527,80784909.31240779,74450070.9050777,75412153.56244025,77925962.92511024,76035959.51696762,71937986.0807627,85664702.22734769,78950084.3906152,85493406.3083752,82687666.57109007,76842371.26501524
2019-05-16,92383845.70799504,74852701.50137767,72793667.69947018,73223803.53374512,80456470.86426526,75465345.91385277,75307670.91684015,74294319.5178677,72599819.8987652,78536508.1681753,69004698.08055265,83440370.9463977,73843588.12309766,72152037.04762262,80174806.72472517,87081377.22562766,77752327.04256016,68106751.21081279,80310460.86553526,78783054.80126268,77189286.02273019,83197888.57074027,74015556.74645765,75707343.45990773,70794107.80834518,68398459.15570517,91896372.61455771,71008100.67020273,82962277.44334772,79569409.41293775,73991052.76396267,82753389.21362518,83354035.05483772,78278212.41723773,78059782.11880523,75374570.67033279,77530626.72552264,73283804.37545268,68422667.11697768,81010480.52250527,80784909.31240779,74450070.9050777,75412153.56244025,77925962.92511024,76035959.51696762,71937986.0807627,85664702.22734769,78950084.3906152,85493406.3083752,82687666.57109007,76842371.26501524
2019-05-17,92383845.70799504,74852701.50137767,72793667.69947018,73223803.53374512,80456470.86426526,75465345.91385277,75307670.91684015,74294319.5178677,72599819.8987652,78536508.1681753,69004698.08055265,83440370.9463977,73843588.12309766,72152037.04762262,80174806.72472517,87081377.22562766,77752327.04256016,68106751.21081279,80310460.86553526,78783054.80126268,77189286.02273019,83197888.57074027,74015556.74645765,75707343.45990773,70794107.80834518,68398459.15570517,91896372.61455771,71008100.67020273,82962277.44334772,79569409.41293775,73991052.76396267,82753389.21362518,83354035.05483772,78278212.41723773,78059782.11880523,75374570.67033279,77530626.72552264,73283804.37545268,68422667.11697768,81010480.52250527,80784909.31240779,74450070.9050777,75412153.56244025,77925962.92511024,76035959.51696762,71937986.0807627,85664702.22734769,78950084.3906152,85493406.3083752,82687666.57109007,76842371.26501524
2019-05-20,92383845.70799504,74852701.50137767,72793667.69947018,73223803.53374512,80456470.86426526,75465345.91385277,75307670.91684015,74294319.5178677,72599819.8987652,78536508.1681753,69004698.08055265,83440370.9463977,73843588.12309766,72152037.04762262,80174806.72472517,87081377.22562766,77752327.04256016,68106751.21081279,80310460.86553526,78783054.80126268,77189286.02273019,83197888.57074027,74015556.74645765,75707343.45990773,70794107.80834518,68398459.15570517,91896372.61455771,71008100.67020273,82962277.44334772,79569409.41293775,73991052.76396267,82753389.21362518,83354035.05483772,78278212.41723773,78059782.11880523,75374570.67033279,77530626.72552264,73283804.37545268,68422667.11697768,81010480.52250527,80784909.31240779,74450070.9050777,75412153.56244025,77925962.92511024,76035959.51696762,71937986.0807627,85664702.22734769,78950084.3906152,85493406.3083752,82687666.57109007,76842371.26501524
2019-05-21,92383845.70799504,74852701.50137767,72793667.69947018,73223803.53374512,80456470.86426526,75465345.91385277,75307670.91684015,74294319.5178677,72599819.8987652,78536508.1681753,69004698.08055265,83440370.9463977,73843588.12309766,72152037.04762262,80174806.72472517,87081377.22562766,77752327.04256016,68106751.21081279,80310460.86553526,78783054.80126268,77189286.02273019,83197888.57074027,74015556.74645765,75707343.45990773,70794107.80834518,68398459.15570517,91896372.61455771,71008100.67020273,82962277.44334772,79569409.41293775,73991052.76396267,82753389.21362518,83354035.05483772,78278212.41723773,78059782.11880523,75374570.67033279,77530626.72552264,73283804.37545268,68422667.11697768,81010480.52250527,80784909.31240779,74450070.9050777,75412153.56244025,77925962.92511024,76035959.51696762,71937986.0807627,85664702.22734769,78950084.3906152,85493406.3083752,82687666.57109007,76842371.26501524
2019-05-22,92383845.70799504,74852701.50137767,72793667.69947018,73223803.53374512,80456470.86426526,75465345.91385277,75307670.91684015,74294319.5178677,72599819.8987652,78536508.1681753,69004698.08055265,83440370.9463977,73843588.12309766,72152037.04762262,80174806.72472517,87081377.22562766,77752327.04256016,68106751.21081279,80310460.86553526,78783054.80126268,77189286.02273019,83197888.57074027,74015556.74645765,75707343.45990773,70794107.80834518,68398459.15570517,91896372.61455771,71008100.67020273,82962277.44334772,79569409.41293775,73991052.76396267,82753389.21362518,83354035.05483772,78278212.41723773,78059782.11880523,75374570.67033279,77530626.72552264,73283804.37545268,68422667.11697768,81010480.52250527,80784909.31240779,74450070.9050777,75412153.56244025,77925962.92511024,76035959.51696762,71937986.0807627,85664702.22734769,78950084.3906152,85493406.3083752,82687666.57109007,76842371.26501524
2019-05-23,92383845.70799504,74852701.50137767,72793667.69947018,73223803.53374512,80456470.86426526,75465345.91385277,75307670.91684015,74294319.5178677,72599819.8987652,78536508.1681753,69004698.08055265,83440370.9463977,73843588.12309766,72152037.04762262,80174806.72472517,87081377.22562766,77752327.04256016,68106751.21081279,80310460.86553526,78783054.80126268,77189286.02273019,83197888.57074027,74015556.74645765,75707343.45990773,70794107.80834518,68398459.15570517,91896372.61455771,71008100.67020273,82962277.44334772,79569409.41293775,73991052.76396267,82753389.21362518,83354035.05483772,78278212.41723773,78059782.11880523,75374570.67033279,77530626.72552264,73283804.37545268,68422667.11697768,81010480.52250527,80784909.31240779,74450070.9050777,75412153.56244025,77925962.92511024,76035959.51696762,71937986.0807627,85664702.22734769,78950084.3906152,85493406.3083752,82687666.57109007,76842371.26501524
2019-05-24,92383845.70799504,74852701.50137767,72793667.69947018,73223803.53374512,80456470.86426526,75465345.91385277,75307670.91684015,74294319.5178677,72599819.8987652,78536508.1681753,69004698.08055265,83440370.9463977,73843588.12309766,72152037.04762262,80174806.72472517,87081377.22562766,77752327.04256016,68106751.21081279,80310460.86553526,78783054.80126268,77189286.02273019,83197888.57074027,74015556.74645765,75707343.45990773,70794107.80834518,68398459.15570517,91896372.61455771,71008100.67020273,82962277.44334772,79569409.41293775,73991052.76396267,82753389.21362518,83354035.05483772,78278212.41723773,78059782.11880523,75374570.67033279,77530626.72552264,73283804.37545268,68422667.11697768,81010480.52250527,80784909.31240779,74450070.9050777,75412153.56244025,77925962.92511024,76035959.51696762,71937986.0807627,85664702.22734769,78950084.3906152,85493406.3083752,82687666.57109007,76842371.26501524
2019-05-27,92383845.70799504,74852701.50137767,72793667.69947018,73223803.53374512,80456470.86426526,75465345.91385277,75307670.91684015,74294319.5178677,72599819.8987652,78536508.1681753,69004698.08055265,83440370.9463977,73843588.12309766,72152037.04762262,80174806.72472517,87081377.22562766,77752327.04256016,68106751.21081279,80310460.86553526,78783054.80126268,77189286.02273019,83197888.57074027,74015556.74645765,75707343.45990773,70794107.80834518,68398459.15570517,91896372.61455771,71008100.67020273,82962277.44334772,79569409.41293775,73991052.76396267,82753389.21362518,83354035.05483772,78278212.41723773,78059782.11880523,75374570.67033279,77530626.72552264,73283804.37545268,68422667.11697768,81010480.52250527,80784909.31240779,74450070.9050777,75412153.56244025,77925962.92511024,76035959.51696762,71937986.0807627,85664702.22734769,78950084.3906152,85493406.3083752,82687666.57109007,76842371.26501524
2019-05-28,92383845.70799504,74852701.50137767,72793667.69947018,73223803.53374512,80456470.86426526,75465345.91385277,75307670.91684015,74294319.5178677,72599819.8987652,78536508.1681753,69004698.08055265,83440370.9463977,73843588.12309766,72152037.04762262,80174806.72472517,87081377.22562766,77752327.04256016,68106751.21081279,80310460.86553526,78783054.80126268,77189286.02273019,83197888.57074027,74015556.74645765,75707343.45990773,70794107.80834518,68398459.15570517,91896372.61455771,71008100.67020273,82962277.44334772,79569409.41293775,73991052.76396267,82753389.21362518,83354035.05483772,78278212.41723773,78059782.11880523,75374570.67033279,77530626.72552264,73283804.37545268,68422667.11697768,81010480.52250527,80784909.31240779,74450070.9050777,75412153.56244025,77925962.92511024,76035959.51696762,71937986.0807627,85664702.22734769,78950084.3906152,85493406.3083752,82687666.57109007,76842371.26501524
2019-05-29,92383845.70799504,74852701.50137767,72793667.69947018,73223803.53374512,80456470.86426526,75465345.91385277,75307670.91684015,74294319.5178677,72599819.8987652,78536508.1681753,69004698.08055265,83440370.9463977,73843588.12309766,72152037.04762262,80174806.72472517,87081377.22562766,77752327.04256016,68106751.21081279,80310460.86553526,78783054.80126268,77189286.02273019,83197888.57074027,74015556.74645765,75707343.45990773,70794107.80834518,68398459.15570517,91896372.61455771,71008100.67020273,82962277.44334772,79569409.41293775,73991052.76396267,82753389.21362518,83354035.05483772,78278212.41723773,78059782.11880523,75374570.67033279,77530626.72552264,73283804.37545268,68422667.11697768,81010480.52250527,80784909.31240779,74450070.9050777,75412153.56244025,77925962.92511024,76035959.51696762,71937986.0807627,85664702.22734769,78950084.3906152,85493406.3083752,82687666.57109007,76842371.26501524
2019-05-30,92383845.70799504,74852701.50137767,72793667.69947018,73223803.53374512,80456470.86426526,75465345.91385277,75307670.91684015,74294319.5178677,72599819.8987652,78536508.1681753,69004698.08055265,83440370.9463977,73843588.12309766,72152037.04762262,80174806.72472517,87081377.22562766,77752327.04256016,68106751.21081279,80310460.86553526,78783054.80126268,77189286.02273019,83197888.57074027,74015556.74645765,75707343.45990773,70794107.80834518,68398459.15570517,91896372.61455771,71008100.67020273,82962277.44334772,79569409.41293775,73991052.76396267,82753389.21362518,83354035.05483772,78278212.41723773,78059782.11880523,75374570.67033279,77530626.72552264,73283804.37545268,68422667.11697768,81010480.52250527,80784909.31240779,74450070.9050777,75412153.56244025,77925962.92511024,76035959.51696762,71937986.0807627,85664702.22734769,78950084.3906152,85493406.3083752,82687666.57109007,76842371.26501524
2019-05-31,92383845.70799504,74852701.50137767,72793667.69947018,73223803.53374512,80456470.86426526,75465345.91385277,75307670.91684015,74294319.5178677,72599819.8987652,78536508.1681753,69004698.08055265,83440370.9463977,73843588.12309766,72152037.04762262,80174806.72472517,87081377.22562766,77752327.04256016,68106751.21081279,80310460.86553526,78783054.80126268,77189286.02273019,83197888.57074027,74015556.74645765,75707343.45990773,70794107.80834518,68398459.15570517,91896372.61455771,71008100.67020273,82962277.44334772,79569409.41293775,73991052.76396267,82753389.21362518,83354035.05483772,78278212.41723773,78059782.11880523,75374570.67033279,77530626.72552264,73283804.37545268,68422667.11697768,81010480.52250527,80784909.31240779,74450070.9050777,75412153.56244025,77925962.92511024,76035959.51696762,71937986.0807627,85664702.22734769,78950084.3906152,85493406.3083752,82687666.57109007,76842371.26501524
2019-06-03,92383845.70799504,74852701.50137767,72793667.69947018,73223803.53374512,80456470.86426526,75465345.91385277,75307670.91684015,74294319.5178677,72599819.8987652,78536508.1681753,69004698.08055265,83440370.9463977,73843588.12309766,72152037.04762262,80174806.72472517,87081377.22562766,77752327.04256016,68106751.21081279,80310460.86553526,78783054.80126268,77189286.02273019,83197888.57074027,74015556.74645765,75707343.45990773,70794107.80834518,68398459.15570517,91896372.61455771,71008100.67020273,82962277.44334772,79569409.41293775,73991052.76396267,82753389.21362518,83354035.05483772,78278212.41723773,78059782.11880523,75374570.67033279,77530626.72552264,73283804.37545268,68422667.11697768,81010480.52250527,80784909.31240779,74450070.9050777,75412153.56244025,77925962.92511024,76035959.51696762,71937986.0807627,85664702.22734769,78950084.3906152,85493406.3083752,82687666.57109007,76842371.26501524
2019-06-04,92383845.70799504,74852701.50137767,72793667.69947018,73223803.53374512,80456470.86426526,75465345.91385277,75307670.91684015,74294319.5178677,72599819.8987652,78536508.1681753,69004698.08055265,83440370.9463977,73843588.12309766,72152037.04762262,80174806.72472517,87081377.22562766,77752327.04256016,68106751.21081279,80310460.86553526,78783054.80126268,77189286.02273019,83197888.57074027,74015556.74645765,75707343.45990773,70794107.80834518,68398459.15570517,91896372.61455771,71008100.67020273,82962277.44334772,79569409.41293775,73991052.76396267,82753389.21362518,83354035.05483772,78278212.41723773,78059782.11880523,75374570.67033279,77530626.72552264,73283804.37545268,68422667.11697768,81010480.52250527,80784909.31240779,74450070.9050777,75412153.56244025,77925962.92511024,76035959.51696762,71937986.0807627,85664702.22734769,78950084.3906152,85493406.3083752,82687666.57109007,76842371.26501524
2019-06-05,92383845.70799504,74852701.50137767,72793667.69947018,73223803.53374512,80456470.86426526,75465345.91385277,75307670.91684015,74294319.5178677,72599819.8987652,78536508.1681753,69004698.08055265,83440370.9463977,73843588.12309766,72152037.04762262,80174806.72472517,87081377.22562766,77752327.04256016,68106751.21081279,80310460.86553526,78783054.80126268,77189286.02273019,83197888.57074027,74015556.74645765,75707343.45990773,70794107.80834518,68398459.15570517,91896372.61455771,71008100.67020273,82962277.44334772,79569409.41293775,73991052.76396267,82753389.21362518,83354035.05483772,78278212.41723773,78059782.11880523,75374570.67033279,77530626.72552264,73283804.37545268,68422667.11697768,81010480.52250527,80784909.31240779,74450070.9050777,75412153.56244025,77925962.92511024,76035959.51696762,71937986.0807627,85664702.22734769,78950084.3906152,85493406.3083752,82687666.57109007,76842371.26501524
2019-06-06,92383845.70799504,74852701.50137767,72793667.69947018,73223803.53374512,80456470.86426526,75465345.91385277,75307670.91684015,74294319.5178677,72599819.8987652,78536508.1681753,69004698.08055265,83440370.9463977,73843588.12309766,72152037.04762262,80174806.72472517,87081377.22562766,77752327.04256016,68106751.21081279,80310460.86553526,78783054.80126268,77189286.02273019,83197888.57074027,74015556.74645765,75707343.45990773,70794107.80834518,68398459.15570517,91896372.61455771,71008100.67020273,82962277.44334772,79569409.41293775,73991052.76396267,82753389.21362518,83354035.05483772,78278212.41723773,78059782.11880523,75374570.67033279,77530626.72552264,73283804.37545268,68422667.11697768,81010480.52250527,80784909.31240779,74450070.9050777,75412153.56244025,77925962.92511024,76035959.51696762,71937986.0807627,85664702.22734769,78950084.3906152,85493406.3083752,82687666.57109007,76842371.26501524
2019-06-07,92383845.70799504,74852701.50137767,72793667.69947018,73223803.53374512,80456470.86426526,75465345.91385277,75307670.91684015,74294319.5178677,72599819.8987652,78536508.1681753,69004698.08055265,83440370.9463977,73843588.12309766,72152037.04762262,80174806.72472517,87081377.22562766,77752327.04256016,68106751.21081279,80310460.86553526,78783054.80126268,77189286.02273019,83197888.57074027,74015556.74645765,75707343.45990773,70794107.80834518,68398459.15570517,91896372.61455771,71008100.67020273,82962277.44334772,79569409.41293775,73991052.76396267,82753389.21362518,83354035.05483772,78278212.41723773,78059782.11880523,75374570.67033279,77530626.72552264,73283804.37545268,68422667.11697768,81010480.52250527,80784909.31240779,74450070.9050777,75412153.56244025,77925962.92511024,76035959.51696762,71937986.0807627,85664702.22734769,78950084.3906152,85493406.3083752,82687666.57109007,76842371.26501524
2019-06-10,92383845.70799504,74852701.50137767,72793667.69947018,73223803.53374512,80456470.86426526,75465345.91385277,75307670.91684015,74294319.5178677,72599819.8987652,78536508.1681753,69004698.08055265,83440370.9463977,73843588.12309766,72152037.04762262,80174806.72472517,87081377.22562766,77752327.04256016,68106751.21081279,80310460.86553526,78783054.80126268,77189286.02273019,83197888.57074027,74015556.74645765,75707343.45990773,70794107.80834518,68398459.15570517,91896372.61455771,71008100.67020273,82962277.44334772,79569409.41293775,73991052.76396267,82753389.21362518,83354035.05483772,78278212.41723773,78059782.11880523,75374570.67033279,77530626.72552264,73283804.37545268,68422667.11697768,81010480.52250527,80784909.31240779,74450070.9050777,75412153.56244025,77925962.92511024,76035959.51696762,71937986.0807627,85664702.22734769,78950084.3906152,85493406.3083752,82687666.57109007,76842371.26501524
2019-06-11,92383845.70799504,74852701.50137767,72793667.69947018,73223803.53374512,80456470.86426526,75465345.91385277,75307670.91684015,74294319.5178677,72599819.8987652,78536508.1681753,69004698.08055265,83440370.9463977,73843588.12309766,72152037.04762262,80174806.72472517,87081377.22562766,77752327.04256016,68106751.21081279,80310460.86553526,78783054.80126268,77189286.02273019,83197888.57074027,74015556.74645765,75707343.45990773,70794107.80834518,68398459.15570517,91896372.61455771,71008100.67020273,82962277.44334772,79569409.41293775,73991052.76396267,82753389.21362518,83354035.05483772,78278212.41723773,78059782.11880523,75374570.67033279,77530626.72552264,73283804.37545268,68422667.11697768,81010480.52250527,80784909.31240779,74450070.9050777,75412153.56244025,77925962.92511024,76035959.51696762,71937986.0807627,85664702.22734769,78950084.3906152,85493406.3083752,82687666.57109007,76842371.26501524
2019-06-12,92383845.70799504,74852701.50137767,72793667.69947018,73223803.53374512,80456470.86426526,75465345.91385277,75307670.91684015,74294319.5178677,72599819.8987652,78536508.1681753,69004698.08055265,83440370.9463977,73843588.12309766,72152037.04762262,80174806.72472517,87081377.22562766,77752327.04256016,68106751.21081279,80310460.86553526,78783054.80126268,77189286.02273019,83197888.57074027,74015556.74645765,75707343.45990773,70794107.80834518,68398459.15570517,91896372.61455771,71008100.67020273,82962277.44334772,79569409.41293775,73991052.76396267,82753389.21362518,83354035.05483772,78278212.41723773,78059782.11880523,75374570.67033279,77530626.72552264,73283804.37545268,68422667.11697768,81010480.52250527,80784909.31240779,74450070.9050777,75412153.56244025,77925962.92511024,76035959.51696762,71937986.0807627,85664702.22734769,78950084.3906152,85493406.3083752,82687666.57109007,76842371.26501524
2019-06-13,92383845.70799504,74852701.50137767,72793667.69947018,73223803.53374512,80456470.86426526,75465345.91385277,75307670.91684015,74294319.5178677,72599819.8987652,78536508.1681753,69004698.08055265,83440370.9463977,73843588.12309766,72152037.04762262,80174806.72472517,87081377.22562766,77752327.04256016,68106751.21081279,80310460.86553526,78783054.80126268,77189286.02273019,83197888.57074027,74015556.74645765,75707343.45990773,70794107.80834518,68398459.15570517,91896372.61455771,71008100.67020273,82962277.44334772,79569409.41293775,73991052.76396267,82753389.21362518,83354035.05483772,78278212.41723773,78059782.11880523,75374570.67033279,77530626.72552264,73283804.37545268,68422667.11697768,81010480.52250527,80784909.31240779,74450070.9050777,75412153.56244025,77925962.92511024,76035959.51696762,71937986.0807627,85664702.22734769,78950084.3906152,85493406.3083752,82687666.57109007,76842371.26501524
2019-06-14,92383845.70799504,74852701.50137767,72793667.69947018,73223803.53374512,80456470.86426526,75465345.91385277,75307670.91684015,74294319.5178677,72599819.8987652,78536508.1681753,69004698.08055265,83440370.9463977,73843588.12309766,72152037.04762262,80174806.72472517,87081377.22562766,77752327.04256016,68106751.21081279,80310460.86553526,78783054.80126268,77189286.02273019,83197888.57074027,74015556.74645765,75707343.45990773,70794107.80834518,68398459.15570517,91896372.61455771,71008100.67020273,82962277.44334772,79569409.41293775,73991052.76396267,82753389.21362518,83354035.05483772,78278212.41723773,78059782.11880523,75374570.67033279,77530626.72552264,73283804.37545268,68422667.11697768,81010480.52250527,80784909.31240779,74450070.9050777,75412153.56244025,77925962.92511024,76035959.51696762,71937986.0807627,85664702.22734769,78950084.3906152,85493406.3083752,82687666.57109007,76842371.26501524
2019-06-17,92383845.70799504,74852701.50137767,72793667.69947018,73223803.53374512,80456470.86426526,75465345.91385277,75307670.91684015,74294319.5178677,72599819.8987652,78536508.1681753,69004698.08055265,83440370.9463977,73843588.12309766,72152037.04762262,80174806.72472517,87081377.22562766,77752327.04256016,68106751.21081279,80310460.86553526,78783054.80126268,77189286.02273019,83197888.57074027,74015556.74645765,75707343.45990773,70794107.80834518,68398459.15570517,91896372.61455771,71008100.67020273,82962277.44334772,79569409.41293775,73991052.76396267,82753389.21362518,83354035.05483772,78278212.41723773,78059782.11880523,75374570.67033279,77530626.72552264,73283804.37545268,68422667.11697768,81010480.52250527,80784909.31240779,74450070.9050777,75412153.56244025,77925962.92511024,76035959.51696762,71937986.0807627,85664702.22734769,78950084.3906152,85493406.3083752,82687666.57109007,76842371.26501524
2019-06-18,92383845.70799504,74852701.50137767,72793667.69947018,73223803.53374512,80456470.86426526,75465345.91385277,75307670.91684015,74294319.5178677,72599819.8987652,78536508.1681753,69004698.08055265,83440370.9463977,73843588.12309766,72152037.04762262,80174806.72472517,87081377.22562766,77752327.04256016,68106751.21081279,80310460.86553526,78783054.80126268,77189286.02273019,83197888.57074027,74015556.74645765,75707343.45990773,70794107.80834518,68398459.15570517,91896372.61455771,71008100.67020273,82962277.44334772,79569409.41293775,73991052.76396267,82753389.21362518,83354035.05483772,78278212.41723773,78059782.11880523,75374570.67033279,77530626.72552264,73283804.37545268,68422667.11697768,81010480.52250527,80784909.31240779,74450070.9050777,75412153.56244025,77925962.92511024,76035959.51696762,71937986.0807627,85664702.22734769,78950084.3906152,85493406.3083752,82687666.57109007,76842371.26501524
2019-06-19,92383845.70799504,74852701.50137767,72793667.69947018,73223803.53374512,80456470.86426526,75465345.91385277,75307670.91684015,74294319.5178677,72599819.8987652,78536508.1681753,69004698.08055265,83440370.9463977,73843588.12309766,72152037.04762262,80174806.72472517,87081377.22562766,77752327.04256016,68106751.21081279,80310460.86553526,78783054.80126268,77189286.02273019,83197888.57074027,74015556.74645765,75707343.45990773,70794107.80834518,68398459.15570517,91896372.61455771,71008100.67020273,82962277.44334772,79569409.41293775,73991052.76396267,82753389.21362518,83354035.05483772,78278212.41723773,78059782.11880523,75374570.67033279,77530626.72552264,73283804.37545268,68422667.11697768,81010480.52250527,80784909.31240779,74450070.9050777,75412153.56244025,77925962.92511024,76035959.51696762,71937986.0807627,85664702.22734769,78950084.3906152,85493406.3083752,82687666.57109007,76842371.26501524
2019-06-20,92383845.70799504,74852701.50137767,72793667.69947018,73223803.53374512,80456470.86426526,75465345.91385277,75307670.91684015,74294319.5178677,72599819.8987652,78536508.1681753,69004698.08055265,83440370.9463977,73843588.12309766,72152037.04762262,80174806.72472517,87081377.22562766,77752327.04256016,68106751.21081279,80310460.86553526,78783054.80126268,77189286.02273019,83197888.57074027,74015556.74645765,75707343.45990773,70794107.80834518,68398459.15570517,91896372.61455771,71008100.67020273,82962277.44334772,79569409.41293775,73991052.76396267,82753389.21362518,83354035.05483772,78278212.41723773,78059782.11880523,75374570.67033279,77530626.72552264,73283804.37545268,68422667.11697768,81010480.52250527,80784909.31240779,74450070.9050777,75412153.56244025,77925962.92511024,76035959.51696762,71937986.0807627,85664702.22734769,78950084.3906152,85493406.3083752,82687666.57109007,76842371.26501524
2019-06-21,92383845.70799504,74852701.50137767,72793667.69947018,73223803.53374512,80456470.86426526,75465345.91385277,75307670.91684015,74294319.5178677,72599819.8987652,78536508.1681753,69004698.08055265,83440370.9463977,73843588.12309766,72152037.04762262,80174806.72472517,87081377.22562766,77752327.04256016,68106751.21081279,80310460.86553526,78783054.80126268,77189286.02273019,83197888.57074027,74015556.74645765,75707343.45990773,70794107.80834518,68398459.15570517,91896372.61455771,71008100.67020273,82962277.44334772,79569409.41293775,73991052.76396267,82753389.21362518,83354035.05483772,78278212.41723773,78059782.11880523,75374570.67033279,77530626.72552264,73283804.37545268,68422667.11697768,81010480.52250527,80784909.31240779,74450070.9050777,75412153.56244025,77925962.92511024,76035959.51696762,71937986.0807627,85664702.22734769,78950084.3906152,85493406.3083752,82687666.57109007,76842371.26501524
2019-06-24,92383845.70799504,74852701.50137767,72793667.69947018,73223803.53374512,80456470.86426526,75465345.91385277,75307670.91684015,74294319.5178677,72599819.8987652,78536508.1681753,69004698.08055265,83440370.9463977,73843588.12309766,72152037.04762262,80174806.72472517,87081377.22562766,77752327.04256016,68106751.21081279,80310460.86553526,78783054.80126268,77189286.02273019,83197888.57074027,74015556.74645765,75707343.45990773,70794107.80834518,68398459.15570517,91896372.61455771,71008100.67020273,82962277.44334772,79569409.41293775,73991052.76396267,82753389.21362518,83354035.05483772,78278212.41723773,78059782.11880523,75374570.67033279,77530626.72552264,73283804.37545268,68422667.11697768,81010480.52250527,80784909.31240779,74450070.9050777,75412153.56244025,77925962.92511024,76035959.51696762,71937986.0807627,85664702.22734769,78950084.3906152,85493406.3083752,82687666.57109007,76842371.26501524
2019-06-25,92383845.70799504,74852701.50137767,72793667.69947018,73223803.53374512,80456470.86426526,75465345.91385277,75307670.91684015,74294319.5178677,72599819.8987652,78536508.1681753,69004698.08055265,83440370.9463977,73843588.12309766,72152037.04762262,80174806.72472517,87081377.22562766,77752327.04256016,68106751.21081279,80310460.86553526,78783054.80126268,77189286.02273019,83197888.57074027,74015556.74645765,75707343.45990773,70794107.80834518,68398459.15570517,91896372.61455771,71008100.67020273,82962277.44334772,79569409.41293775,73991052.76396267,82753389.21362518,83354035.05483772,78278212.41723773,78059782.11880523,75374570.67033279,77530626.72552264,73283804.37545268,68422667.11697768,81010480.52250527,80784909.31240779,74450070.9050777,75412153.56244025,77925962.92511024,76035959.51696762,71937986.0807627,85664702.22734769,78950084.3906152,85493406.3083752,82687666.57109007,76842371.26501524
2019-06-26,92383845.70799504,74852701.50137767,72793667.69947018,73223803.53374512,80456470.86426526,75465345.91385277,75307670.91684015,74294319.5178677,72599819.8987652,78536508.1681753,69004698.08055265,83440370.9463977,73843588.12309766,72152037.04762262,80174806.72472517,87081377.22562766,77752327.04256016,68106751.21081279,80310460.86553526,78783054.80126268,77189286.02273019,83197888.57074027,74015556.74645765,75707343.45990773,70794107.80834518,68398459.15570517,91896372.61455771,71008100.67020273,82962277.44334772,79569409.41293775,73991052.76396267,82753389.21362518,83354035.05483772,78278212.41723773,78059782.11880523,75374570.67033279,77530626.72552264,73283804.37545268,68422667.11697768,81010480.52250527,80784909.31240779,74450070.9050777,75412153.56244025,77925962.92511024,76035959.51696762,71937986.0807627,85664702.22734769,78950084.3906152,85493406.3083752,82687666.57109007,76842371.26501524
2019-06-27,92383845.70799504,74852701.50137767,72793667.69947018,73223803.53374512,80456470.86426526,75465345.91385277,75307670.91684015,74294319.5178677,72599819.8987652,78536508.1681753,69004698.08055265,83440370.9463977,73843588.12309766,72152037.04762262,80174806.72472517,87081377.22562766,77752327.04256016,68106751.21081279,80310460.86553526,78783054.80126268,77189286.02273019,83197888.57074027,74015556.74645765,75707343.45990773,70794107.80834518,68398459.15570517,91896372.61455771,71008100.67020273,82962277.44334772,79569409.41293775,73991052.76396267,82753389.21362518,83354035.05483772,78278212.41723773,78059782.11880523,75374570.67033279,77530626.72552264,73283804.37545268,68422667.11697768,81010480.52250527,80784909.31240779,74450070.9050777,75412153.56244025,77925962.92511024,76035959.51696762,71937986.0807627,85664702.22734769,78950084.3906152,85493406.3083752,82687666.57109007,76842371.26501524
2019-06-28,92383845.70799504,74852701.50137767,72793667.69947018,73223803.53374512,80456470.86426526,75465345.91385277,75307670.91684015,74294319.5178677,72599819.8987652,78536508.1681753,69004698.08055265,83440370.9463977,73843588.12309766,72152037.04762262,80174806.72472517,87081377.22562766,77752327.04256016,68106751.21081279,80310460.86553526,78783054.80126268,77189286.02273019,83197888.57074027,74015556.74645765,75707343.45990773,70794107.80834518,68398459.15570517,91896372.61455771,71008100.67020273,82962277.44334772,79569409.41293775,73991052.76396267,82753389.21362518,83354035.05483772,78278212.41723773,78059782.11880523,75374570.67033279,77530626.72552264,73283804.37545268,68422667.11697768,81010480.52250527,80784909.31240779,74450070.9050777,75412153.56244025,77925962.92511024,76035959.51696762,71937986.0807627,85664702.22734769,78950084.3906152,85493406.3083752,82687666.57109007,76842371.26501524
2019-07-01,92383845.70799504,74852701.50137767,72793667.69947018,73223803.53374512,80456470.86426526,75465345.91385277,75307670.91684015,74294319.5178677,72599819.8987652,78536508.1681753,69004698.08055265,83440370.9463977,73843588.12309766,72152037.04762262,80174806.72472517,87081377.22562766,77752327.04256016,68106751.21081279,80310460.86553526,78783054.80126268,77189286.02273019,83197888.57074027,74015556.74645765,75707343.45990773,70794107.80834518,68398459.15570517,91896372.61455771,71008100.67020273,82962277.44334772,79569409.41293775,73991052.76396267,82753389.21362518,83354035.05483772,78278212.41723773,78059782.11880523,75374570.67033279,77530626.72552264,73283804.37545268,68422667.11697768,81010480.52250527,80784909.31240779,74450070.9050777,75412153.56244025,77925962.92511024,76035959.51696762,71937986.0807627,85664702.22734769,78950084.3906152,85493406.3083752,82687666.57109007,76842371.26501524
2019-07-02,92383845.70799504,74852701.50137767,72793667.69947018,73223803.53374512,80456470.86426526,75465345.91385277,75307670.91684015,74294319.5178677,72599819.8987652,78536508.1681753,69004698.08055265,83440370.9463977,73843588.12309766,72152037.04762262,80174806.72472517,87081377.22562766,77752327.04256016,68106751.21081279,80310460.86553526,78783054.80126268,77189286.02273019,83197888.57074027,74015556.74645765,75707343.45990773,70794107.80834518,68398459.15570517,91896372.61455771,71008100.67020273,82962277.44334772,79569409.41293775,73991052.76396267,82753389.21362518,83354035.05483772,78278212.41723773,78059782.11880523,75374570.67033279,77530626.72552264,73283804.37545268,68422667.11697768,81010480.52250527,80784909.31240779,74450070.9050777,75412153.56244025,77925962.92511024,76035959.51696762,71937986.0807627,85664702.22734769,78950084.3906152,85493406.3083752,82687666.57109007,76842371.26501524
2019-07-03,92383845.70799504,74852701.50137767,72793667.69947018,73223803.53374512,80456470.86426526,75465345.91385277,75307670.91684015,74294319.5178677,72599819.8987652,78536508.1681753,69004698.08055265,83440370.9463977,73843588.12309766,72152037.04762262,80174806.72472517,87081377.22562766,77752327.04256016,68106751.21081279,80310460.86553526,78783054.80126268,77189286.02273019,83197888.57074027,74015556.74645765,75707343.45990773,70794107.80834518,68398459.15570517,91896372.61455771,71008100.67020273,82962277.44334772,79569409.41293775,73991052.76396267,82753389.21362518,83354035.05483772,78278212.41723773,78059782.11880523,75374570.67033279,77530626.72552264,73283804.37545268,68422667.11697768,81010480.52250527,80784909.31240779,74450070.9050777,75412153.56244025,77925962.92511024,76035959.51696762,71937986.0807627,85664702.22734769,78950084.3906152,85493406.3083752,82687666.57109007,76842371.26501524
2019-07-04,92383845.70799504,74852701.50137767,72793667.69947018,73223803.53374512,80456470.86426526,75465345.91385277,75307670.91684015,74294319.5178677,72599819.8987652,78536508.1681753,69004698.08055265,83440370.9463977,73843588.12309766,72152037.04762262,80174806.72472517,87081377.22562766,77752327.04256016,68106751.21081279,80310460.86553526,78783054.80126268,77189286.02273019,83197888.57074027,74015556.74645765,75707343.45990773,70794107.80834518,68398459.15570517,91896372.61455771,71008100.67020273,82962277.44334772,79569409.41293775,73991052.76396267,82753389.21362518,83354035.05483772,78278212.41723773,78059782.11880523,75374570.67033279,77530626.72552264,73283804.37545268,68422667.11697768,81010480.52250527,80784909.31240779,74450070.9050777,75412153.56244025,77925962.92511024,76035959.51696762,71937986.0807627,85664702.22734769,78950084.3906152,85493406.3083752,82687666.57109007,76842371.26501524
2019-07-05,92383845.70799504,74852701.50137767,72793667.69947018,73223803.53374512,80456470.86426526,75465345.91385277,75307670.91684015,74294319.5178677,72599819.8987652,78536508.1681753,69004698.08055265,83440370.9463977,73843588.12309766,72152037.04762262,80174806.72472517,87081377.22562766,77752327.04256016,68106751.21081279,80310460.86553526,78783054.80126268,77189286.02273019,83197888.57074027,74015556.74645765,75707343.45990773,70794107.80834518,68398459.15570517,91896372.61455771,71008100.67020273,82962277.44334772,79569409.41293775,73991052.76396267,82753389.21362518,83354035.05483772,78278212.41723773,78059782.11880523,75374570.67033279,77530626.72552264,73283804.37545268,68422667.11697768,81010480.52250527,80784909.31240779,74450070.9050777,75412153.56244025,77925962.92511024,76035959.51696762,71937986.0807627,85664702.22734769,78950084.3906152,85493406.3083752,82687666.57109007,76842371.26501524
2019-07-08,92383845.70799504,74852701.50137767,72793667.69947018,73223803.53374512,80456470.86426526,75465345.91385277,75307670.91684015,74294319.5178677,72599819.8987652,78536508.1681753,69004698.08055265,83440370.9463977,73843588.12309766,72152037.04762262,80174806.72472517,87081377.22562766,77752327.04256016,68106751.21081279,80310460.86553526,78783054.80126268,77189286.02273019,83197888.57074027,74015556.74645765,75707343.45990773,70794107.80834518,68398459.15570517,91896372.61455771,71008100.67020273,82962277.44334772,79569409.41293775,73991052.76396267,82753389.21362518,83354035.05483772,78278212.41723773,78059782.11880523,75374570.67033279,77530626.72552264,73283804.37545268,68422667.11697768,81010480.52250527,80784909.31240779,74450070.9050777,75412153.56244025,77925962.92511024,76035959.51696762,71937986.0807627,85664702.22734769,78950084.3906152,85493406.3083752,82687666.57109007,76842371.26501524
2019-07-09,92383845.70799504,74852701.50137767,72793667.69947018,73223803.53374512,80456470.86426526,75465345.91385277,75307670.91684015,74294319.5178677,72599819.8987652,78536508.1681753,69004698.08055265,83440370.9463977,73843588.12309766,72152037.04762262,80174806.72472517,87081377.22562766,77752327.04256016,68106751.21081279,80310460.86553526,78783054.80126268,77189286.02273019,83197888.57074027,74015556.74645765,75707343.45990773,70794107.80834518,68398459.15570517,91896372.61455771,71008100.67020273,82962277.44334772,79569409.41293775,73991052.76396267,82753389.21362518,83354035.05483772,78278212.41723773,78059782.11880523,75374570.67033279,77530626.72552264,73283804.37545268,68422667.11697768,81010480.52250527,80784909.31240779,74450070.9050777,75412153.56244025,77925962.92511024,76035959.51696762,71937986.0807627,85664702.22734769,78950084.3906152,85493406.3083752,82687666.57109007,76842371.26501524
2019-07-10,92383845.70799504,74852701.50137767,72793667.69947018,73223803.53374512,80456470.86426526,75465345.91385277,75307670.91684015,74294319.5178677,72599819.8987652,78536508.1681753,69004698.08055265,83440370.9463977,73843588.12309766,72152037.04762262,80174806.72472517,87081377.22562766,77752327.04256016,68106751.21081279,80310460.86553526,78783054.80126268,77189286.02273019,83197888.57074027,74015556.74645765,75707343.45990773,70794107.80834518,68398459.15570517,91896372.61455771,71008100.67020273,82962277.44334772,79569409.41293775,73991052.76396267,82753389.21362518,83354035.05483772,78278212.41723773,78059782.11880523,75374570.67033279,77530626.72552264,73283804.37545268,68422667.11697768,81010480.52250527,80784909.31240779,74450070.9050777,75412153.56244025,77925962.92511024,76035959.51696762,71937986.0807627,85664702.22734769,78950084.3906152,85493406.3083752,82687666.57109007,76842371.26501524
2019-07-11,92383845.70799504,74852701.50137767,72793667.69947018,73223803.53374512,80456470.86426526,75465345.91385277,75307670.91684015,74294319.5178677,72599819.8987652,78536508.1681753,69004698.08055265,83440370.9463977,73843588.12309766,72152037.04762262,80174806.72472517,87081377.22562766,77752327.04256016,68106751.21081279,80310460.86553526,78783054.80126268,77189286.02273019,83197888.57074027,74015556.74645765,75707343.45990773,70794107.80834518,68398459.15570517,91896372.61455771,71008100.67020273,82962277.44334772,79569409.41293775,73991052.76396267,82753389.21362518,83354035.05483772,78278212.41723773,78059782.11880523,75374570.67033279,77530626.72552264,73283804.37545268,68422667.11697768,81010480.52250527,80784909.31240779,74450070.9050777,75412153.56244025,77925962.92511024,76035959.51696762,71937986.0807627,85664702.22734769,78950084.3906152,85493406.3083752,82687666.57109007,76842371.26501524
2019-07-12,92383845.70799504,74852701.50137767,72793667.69947018,73223803.53374512,80456470.86426526,75465345.91385277,75307670.91684015,74294319.5178677,72599819.8987652,78536508.1681753,69004698.08055265,83440370.9463977,73843588.12309766,72152037.04762262,80174806.72472517,87081377.22562766,77752327.04256016,68106751.21081279,80310460.86553526,78783054.80126268,77189286.02273019,83197888.57074027,74015556.74645765,75707343.45990773,70794107.80834518,68398459.15570517,91896372.61455771,71008100.67020273,82962277.44334772,79569409.41293775,73991052.76396267,82753389.21362518,83354035.05483772,78278212.41723773,78059782.11880523,75374570.67033279,77530626.72552264,73283804.37545268,68422667.11697768,81010480.52250527,80784909.31240779,74450070.9050777,75412153.56244025,77925962.92511024,76035959.51696762,71937986.0807627,85664702.22734769,78950084.3906152,85493406.3083752,82687666.57109007,76842371.26501524
2019-07-15,92383845.70799504,74852701.50137767,72793667.69947018,73223803.53374512,80456470.86426526,75465345.91385277,75307670.91684015,74294319.5178677,72599819.8987652,78536508.1681753,69004698.08055265,83440370.9463977,73843588.12309766,72152037.04762262,80174806.72472517,87081377.22562766,77752327.04256016,68106751.21081279,80310460.86553526,78783054.80126268,77189286.02273019,83197888.57074027,74015556.74645765,75707343.45990773,70794107.80834518,68398459.15570517,91896372.61455771,71008100.67020273,82962277.44334772,79569409.41293775,73991052.76396267,82753389.21362518,83354035.05483772,78278212.41723773,78059782.11880523,75374570.67033279,77530626.72552264,73283804.37545268,68422667.11697768,81010480.52250527,80784909.31240779,74450070.9050777,75412153.56244025,77925962.92511024,76035959.51696762,71937986.0807627,85664702.22734769,78950084.3906152,85493406.3083752,82687666.57109007,76842371.26501524
2019-07-16,92383845.70799504,74852701.50137767,72793667.69947018,73223803.53374512,80456470.86426526,75465345.91385277,75307670.91684015,74294319.5178677,72599819.8987652,78536508.1681753,69004698.08055265,83440370.9463977,73843588.12309766,72152037.04762262,80174806.72472517,87081377.22562766,77752327.04256016,68106751.21081279,80310460.86553526,78783054.80126268,77189286.02273019,83197888.57074027,74015556.74645765,75707343.45990773,70794107.80834518,68398459.15570517,91896372.61455771,71008100.67020273,82962277.44334772,79569409.41293775,73991052.76396267,82753389.21362518,83354035.05483772,78278212.41723773,78059782.11880523,75374570.67033279,77530626.72552264,73283804.37545268,68422667.11697768,81010480.52250527,80784909.31240779,74450070.9050777,75412153.56244025,77925962.92511024,76035959.51696762,71937986.0807627,85664702.22734769,78950084.3906152,85493406.3083752,82687666.57109007,76842371.26501524
2019-07-17,92383845.70799504,74852701.50137767,72793667.69947018,73223803.53374512,80456470.86426526,75465345.91385277,75307670.91684015,74294319.5178677,72599819.8987652,78536508.1681753,69004698.08055265,83440370.9463977,73843588.12309766,72152037.04762262,80174806.72472517,87081377.22562766,77752327.04256016,68106751.21081279,80310460.86553526,78783054.80126268,77189286.02273019,83197888.57074027,74015556.74645765,75707343.45990773,70794107.80834518,68398459.15570517,91896372.61455771,71008100.67020273,82962277.44334772,79569409.41293775,73991052.76396267,82753389.21362518,83354035.05483772,78278212.41723773,78059782.11880523,75374570.67033279,77530626.72552264,73283804.37545268,68422667.11697768,81010480.52250527,80784909.31240779,74450070.9050777,75412153.56244025,77925962.92511024,76035959.51696762,71937986.0807627,85664702.22734769,78950084.3906152,85493406.3083752,82687666.57109007,76842371.26501524
2019-07-18,92383845.70799504,74852701.50137767,72793667.69947018,73223803.53374512,80456470.86426526,75465345.91385277,75307670.91684015,74294319.5178677,72599819.8987652,78536508.1681753,69004698.08055265,83440370.9463977,73843588.12309766,72152037.04762262,80174806.72472517,87081377.22562766,77752327.04256016,68106751.21081279,80310460.86553526,78783054.80126268,77189286.02273019,83197888.57074027,74015556.74645765,75707343.45990773,70794107.80834518,68398459.15570517,91896372.61455771,71008100.67020273,82962277.44334772,79569409.41293775,73991052.76396267,82753389.21362518,83354035.05483772,78278212.41723773,78059782.11880523,75374570.67033279,77530626.72552264,73283804.37545268,68422667.11697768,81010480.52250527,80784909.31240779,74450070.9050777,75412153.56244025,77925962.92511024,76035959.51696762,71937986.0807627,85664702.22734769,78950084.3906152,85493406.3083752,82687666.57109007,76842371.26501524
2019-07-19,92383845.70799504,74852701.50137767,72793667.69947018,73223803.53374512,80456470.86426526,75465345.91385277,75307670.91684015,74294319.5178677,72599819.8987652,78536508.1681753,69004698.08055265,83440370.9463977,73843588.12309766,72152037.04762262,80174806.72472517,87081377.22562766,77752327.04256016,68106751.21081279,80310460.86553526,78783054.80126268,77189286.02273019,83197888.57074027,74015556.74645765,75707343.45990773,70794107.80834518,68398459.15570517,91896372.61455771,71008100.67020273,82962277.44334772,79569409.41293775,73991052.76396267,82753389.21362518,83354035.05483772,78278212.41723773,78059782.11880523,75374570.67033279,77530626.72552264,73283804.37545268,68422667.11697768,81010480.52250527,80784909.31240779,74450070.9050777,75412153.56244025,77925962.92511024,76035959.51696762,71937986.0807627,85664702.22734769,78950084.3906152,85493406.3083752,82687666.57109007,76842371.26501524
2019-07-22,92383845.70799504,74852701.50137767,72793667.69947018,73223803.53374512,80456470.86426526,75465345.91385277,75307670.91684015,74294319.5178677,72599819.8987652,78536508.1681753,69004698.08055265,83440370.9463977,73843588.12309766,72152037.04762262,80174806.72472517,87081377.22562766,77752327.04256016,68106751.21081279,80310460.86553526,78783054.80126268,77189286.02273019,83197888.57074027,74015556.74645765,75707343.45990773,70794107.80834518,68398459.15570517,91896372.61455771,71008100.67020273,82962277.44334772,79569409.41293775,73991052.76396267,82753389.21362518,83354035.05483772,78278212.41723773,78059782.11880523,75374570.67033279,77530626.72552264,73283804.37545268,68422667.11697768,81010480.52250527,80784909.31240779,74450070.9050777,75412153.56244025,77925962.92511024,76035959.51696762,71937986.0807627,85664702.22734769,78950084.3906152,85493406.3083752,82687666.57109007,76842371.26501524
2019-07-23,92383845.70799504,74852701.50137767,72793667.69947018,73223803.53374512,80456470.86426526,75465345.91385277,75307670.91684015,74294319.5178677,72599819.8987652,78536508.1681753,69004698.08055265,83440370.9463977,73843588.12309766,72152037.04762262,80174806.72472517,87081377.22562766,77752327.04256016,68106751.21081279,80310460.86553526,78783054.80126268,77189286.02273019,83197888.57074027,74015556.74645765,75707343.45990773,70794107.80834518,68398459.15570517,91896372.61455771,71008100.67020273,82962277.44334772,79569409.41293775,73991052.76396267,82753389.21362518,83354035.05483772,78278212.41723773,78059782.11880523,75374570.67033279,77530626.72552264,73283804.37545268,68422667.11697768,81010480.52250527,80784909.31240779,74450070.9050777,75412153.56244025,77925962.92511024,76035959.51696762,71937986.0807627,85664702.22734769,78950084.3906152,85493406.3083752,82687666.57109007,76842371.26501524
2019-07-24,92383845.70799504,74852701.50137767,72793667.69947018,73223803.53374512,80456470.86426526,75465345.91385277,75307670.91684015,74294319.5178677,72599819.8987652,78536508.1681753,69004698.08055265,83440370.9463977,73843588.12309766,72152037.04762262,80174806.72472517,87081377.22562766,77752327.04256016,68106751.21081279,80310460.86553526,78783054.80126268,77189286.02273019,83197888.57074027,74015556.74645765,75707343.45990773,70794107.80834518,68398459.15570517,91896372.61455771,71008100.67020273,82962277.44334772,79569409.41293775,73991052.76396267,82753389.21362518,83354035.05483772,78278212.41723773,78059782.11880523,75374570.67033279,77530626.72552264,73283804.37545268,68422667.11697768,81010480.52250527,80784909.31240779,74450070.9050777,75412153.56244025,77925962.92511024,76035959.51696762,71937986.0807627,85664702.22734769,78950084.3906152,85493406.3083752,82687666.57109007,76842371.26501524
2019-07-25,92383845.70799504,74852701.50137767,72793667.69947018,73223803.53374512,80456470.86426526,75465345.91385277,75307670.91684015,74294319.5178677,72599819.8987652,78536508.1681753,69004698.08055265,83440370.9463977,73843588.12309766,72152037.04762262,80174806.72472517,87081377.22562766,77752327.04256016,68106751.21081279,80310460.86553526,78783054.80126268,77189286.02273019,83197888.57074027,74015556.74645765,75707343.45990773,70794107.80834518,68398459.15570517,91896372.61455771,71008100.67020273,82962277.44334772,79569409.41293775,73991052.76396267,82753389.21362518,83354035.05483772,78278212.41723773,78059782.11880523,75374570.67033279,77530626.72552264,73283804.37545268,68422667.11697768,81010480.52250527,80784909.31240779,74450070.9050777,75412153.56244025,77925962.92511024,76035959.51696762,71937986.0807627,85664702.22734769,78950084.3906152,85493406.3083752,82687666.57109007,76842371.26501524
2019-07-26,92383845.70799504,74852701.50137767,72793667.69947018,73223803.53374512,80456470.86426526,75465345.91385277,75307670.91684015,74294319.5178677,72599819.8987652,78536508.1681753,69004698.08055265,83440370.9463977,73843588.12309766,72152037.04762262,80174806.72472517,87081377.22562766,77752327.04256016,68106751.21081279,80310460.86553526,78783054.80126268,77189286.02273019,83197888.57074027,74015556.74645765,75707343.45990773,70794107.80834518,68398459.15570517,91896372.61455771,71008100.67020273,82962277.44334772,79569409.41293775,73991052.76396267,82753389.21362518,83354035.05483772,78278212.41723773,78059782.11880523,75374570.67033279,77530626.72552264,73283804.37545268,68422667.11697768,81010480.52250527,80784909.31240779,74450070.9050777,75412153.56244025,77925962.92511024,76035959.51696762,71937986.0807627,85664702.22734769,78950084.3906152,85493406.3083752,82687666.57109007,76842371.26501524
2019-07-29,92383845.70799504,74852701.50137767,72793667.69947018,73223803.53374512,80456470.86426526,75465345.91385277,75307670.91684015,74294319.5178677,72599819.8987652,78536508.1681753,69004698.08055265,83440370.9463977,73843588.12309766,72152037.04762262,80174806.72472517,87081377.22562766,77752327.04256016,68106751.21081279,80310460.86553526,78783054.80126268,77189286.02273019,83197888.57074027,74015556.74645765,75707343.45990773,70794107.80834518,68398459.15570517,91896372.61455771,71008100.67020273,82962277.44334772,79569409.41293775,73991052.76396267,82753389.21362518,83354035.05483772,78278212.41723773,78059782.11880523,75374570.67033279,77530626.72552264,73283804.37545268,68422667.11697768,81010480.52250527,80784909.31240779,74450070.9050777,75412153.56244025,77925962.92511024,76035959.51696762,71937986.0807627,85664702.22734769,78950084.3906152,85493406.3083752,82687666.57109007,76842371.26501524
2019-07-30,92383845.70799504,74852701.50137767,72793667.69947018,73223803.53374512,80456470.86426526,75465345.91385277,75307670.91684015,74294319.5178677,72599819.8987652,78536508.1681753,69004698.08055265,83440370.9463977,73843588.12309766,72152037.04762262,80174806.72472517,87081377.22562766,77752327.04256016,68106751.21081279,80310460.86553526,78783054.80126268,77189286.02273019,83197888.57074027,74015556.74645765,75707343.45990773,70794107.80834518,68398459.15570517,91896372.61455771,71008100.67020273,82962277.44334772,79569409.41293775,73991052.76396267,82753389.21362518,83354035.05483772,78278212.41723773,78059782.11880523,75374570.67033279,77530626.72552264,73283804.37545268,68422667.11697768,81010480.52250527,80784909.31240779,74450070.9050777,75412153.56244025,77925962.92511024,76035959.51696762,71937986.0807627,85664702.22734769,78950084.3906152,85493406.3083752,82687666.57109007,76842371.26501524
2019-07-31,92383845.70799504,74852701.50137767,72793667.69947018,73223803.53374512,80456470.86426526,75465345.91385277,75307670.91684015,74294319.5178677,72599819.8987652,78536508.1681753,69004698.08055265,83440370.9463977,73843588.12309766,72152037.04762262,80174806.72472517,87081377.22562766,77752327.04256016,68106751.21081279,80310460.86553526,78783054.80126268,77189286.02273019,83197888.57074027,74015556.74645765,75707343.45990773,70794107.80834518,68398459.15570517,91896372.61455771,71008100.67020273,82962277.44334772,79569409.41293775,73991052.76396267,82753389.21362518,83354035.05483772,78278212.41723773,78059782.11880523,75374570.67033279,77530626.72552264,73283804.37545268,68422667.11697768,81010480.52250527,80784909.31240779,74450070.9050777,75412153.56244025,77925962.92511024,76035959.51696762,71937986.0807627,85664702.22734769,78950084.3906152,85493406.3083752,82687666.57109007,76842371.26501524
2019-08-01,92383845.70799504,74852701.50137767,72793667.69947018,73223803.53374512,80456470.86426526,75465345.91385277,75307670.91684015,74294319.5178677,72599819.8987652,78536508.1681753,69004698.08055265,83440370.9463977,73843588.12309766,72152037.04762262,80174806.72472517,87081377.22562766,77752327.04256016,68106751.21081279,80310460.86553526,78783054.80126268,77189286.02273019,83197888.57074027,74015556.74645765,75707343.45990773,70794107.80834518,68398459.15570517,91896372.61455771,71008100.67020273,82962277.44334772,79569409.41293775,73991052.76396267,82753389.21362518,83354035.05483772,78278212.41723773,78059782.11880523,75374570.67033279,77530626.72552264,73283804.37545268,68422667.11697768,81010480.52250527,80784909.31240779,74450070.9050777,75412153.56244025,77925962.92511024,76035959.51696762,71937986.0807627,85664702.22734769,78950084.3906152,85493406.3083752,82687666.57109007,76842371.26501524
2019-08-02,92383845.70799504,74852701.50137767,72793667.69947018,73223803.53374512,80456470.86426526,75465345.91385277,75307670.91684015,74294319.5178677,72599819.8987652,78536508.1681753,69004698.08055265,83440370.9463977,73843588.12309766,72152037.04762262,80174806.72472517,87081377.22562766,77752327.04256016,68106751.21081279,80310460.86553526,78783054.80126268,77189286.02273019,83197888.57074027,74015556.74645765,75707343.45990773,70794107.80834518,68398459.15570517,91896372.61455771,71008100.67020273,82962277.44334772,79569409.41293775,73991052.76396267,82753389.21362518,83354035.05483772,78278212.41723773,78059782.11880523,75374570.67033279,77530626.72552264,73283804.37545268,68422667.11697768,81010480.52250527,80784909.31240779,74450070.9050777,75412153.56244025,77925962.92511024,76035959.51696762,71937986.0807627,85664702.22734769,78950084.3906152,85493406.3083752,82687666.57109007,76842371.26501524
2019-08-05,92383845.70799504,74852701.50137767,72793667.69947018,73223803.53374512,80456470.86426526,75465345.91385277,75307670.91684015,74294319.5178677,72599819.8987652,78536508.1681753,69004698.08055265,83440370.9463977,73843588.12309766,72152037.04762262,80174806.72472517,87081377.22562766,77752327.04256016,68106751.21081279,80310460.86553526,78783054.80126268,77189286.02273019,83197888.57074027,74015556.74645765,75707343.45990773,70794107.80834518,68398459.15570517,91896372.61455771,71008100.67020273,82962277.44334772,79569409.41293775,73991052.76396267,82753389.21362518,83354035.05483772,78278212.41723773,78059782.11880523,75374570.67033279,77530626.72552264,73283804.37545268,68422667.11697768,81010480.52250527,80784909.31240779,74450070.9050777,75412153.56244025,77925962.92511024,76035959.51696762,71937986.0807627,85664702.22734769,78950084.3906152,85493406.3083752,82687666.57109007,76842371.26501524
2019-08-06,92383845.70799504,74852701.50137767,72793667.69947018,73223803.53374512,80456470.86426526,75465345.91385277,75307670.91684015,74294319.5178677,72599819.8987652,78536508.1681753,69004698.08055265,83440370.9463977,73843588.12309766,72152037.04762262,80174806.72472517,87081377.22562766,77752327.04256016,68106751.21081279,80310460.86553526,78783054.80126268,77189286.02273019,83197888.57074027,74015556.74645765,75707343.45990773,70794107.80834518,68398459.15570517,91896372.61455771,71008100.67020273,82962277.44334772,79569409.41293775,73991052.76396267,82753389.21362518,83354035.05483772,78278212.41723773,78059782.11880523,75374570.67033279,77530626.72552264,73283804.37545268,68422667.11697768,81010480.52250527,80784909.31240779,74450070.9050777,75412153.56244025,77925962.92511024,76035959.51696762,71937986.0807627,85664702.22734769,78950084.3906152,85493406.3083752,82687666.57109007,76842371.26501524
2019-08-07,92383845.70799504,74852701.50137767,72793667.69947018,73223803.53374512,80456470.86426526,75465345.91385277,75307670.91684015,74294319.5178677,72599819.8987652,78536508.1681753,69004698.08055265,83440370.9463977,73843588.12309766,72152037.04762262,80174806.72472517,87081377.22562766,77752327.04256016,68106751.21081279,80310460.86553526,78783054.80126268,77189286.02273019,83197888.57074027,74015556.74645765,75707343.45990773,70794107.80834518,68398459.15570517,91896372.61455771,71008100.67020273,82962277.44334772,79569409.41293775,73991052.76396267,82753389.21362518,83354035.05483772,78278212.41723773,78059782.11880523,75374570.67033279,77530626.72552264,73283804.37545268,68422667.11697768,81010480.52250527,80784909.31240779,74450070.9050777,75412153.56244025,77925962.92511024,76035959.51696762,71937986.0807627,85664702.22734769,78950084.3906152,85493406.3083752,82687666.57109007,76842371.26501524
2019-08-08,92383845.70799504,74852701.50137767,72793667.69947018,73223803.53374512,80456470.86426526,75465345.91385277,75307670.91684015,74294319.5178677,72599819.8987652,78536508.1681753,69004698.08055265,83440370.9463977,73843588.12309766,72152037.04762262,80174806.72472517,87081377.22562766,77752327.04256016,68106751.21081279,80310460.86553526,78783054.80126268,77189286.02273019,83197888.57074027,74015556.74645765,75707343.45990773,70794107.80834518,68398459.15570517,91896372.61455771,71008100.67020273,82962277.44334772,79569409.41293775,73991052.76396267,82753389.21362518,83354035.05483772,78278212.41723773,78059782.11880523,75374570.67033279,77530626.72552264,73283804.37545268,68422667.11697768,81010480.52250527,80784909.31240779,74450070.9050777,75412153.56244025,77925962.92511024,76035959.51696762,71937986.0807627,85664702.22734769,78950084.3906152,85493406.3083752,82687666.57109007,76842371.26501524
2019-08-09,92383845.70799504,74852701.50137767,72793667.69947018,73223803.53374512,80456470.86426526,75465345.91385277,75307670.91684015,74294319.5178677,72599819.8987652,78536508.1681753,69004698.08055265,83440370.9463977,73843588.12309766,72152037.04762262,80174806.72472517,87081377.22562766,77752327.04256016,68106751.21081279,80310460.86553526,78783054.80126268,77189286.02273019,83197888.57074027,74015556.74645765,75707343.45990773,70794107.80834518,68398459.15570517,91896372.61455771,71008100.67020273,82962277.44334772,79569409.41293775,73991052.76396267,82753389.21362518,83354035.05483772,78278212.41723773,78059782.11880523,75374570.67033279,77530626.72552264,73283804.37545268,68422667.11697768,81010480.52250527,80784909.31240779,74450070.9050777,75412153.56244025,77925962.92511024,76035959.51696762,71937986.0807627,85664702.22734769,78950084.3906152,85493406.3083752,82687666.57109007,76842371.26501524
2019-08-12,92383845.70799504,74852701.50137767,72793667.69947018,73223803.53374512,80456470.86426526,75465345.91385277,75307670.91684015,74294319.5178677,72599819.8987652,78536508.1681753,69004698.08055265,83440370.9463977,73843588.12309766,72152037.04762262,80174806.72472517,87081377.22562766,77752327.04256016,68106751.21081279,80310460.86553526,78783054.80126268,77189286.02273019,83197888.57074027,74015556.74645765,75707343.45990773,70794107.80834518,68398459.15570517,91896372.61455771,71008100.67020273,82962277.44334772,79569409.41293775,73991052.76396267,82753389.21362518,83354035.05483772,78278212.41723773,78059782.11880523,75374570.67033279,77530626.72552264,73283804.37545268,68422667.11697768,81010480.52250527,80784909.31240779,74450070.9050777,75412153.56244025,77925962.92511024,76035959.51696762,71937986.0807627,85664702.22734769,78950084.3906152,85493406.3083752,82687666.57109007,76842371.26501524
2019-08-13,92383845.70799504,74852701.50137767,72793667.69947018,73223803.53374512,80456470.86426526,75465345.91385277,75307670.91684015,74294319.5178677,72599819.8987652,78536508.1681753,69004698.08055265,83440370.9463977,73843588.12309766,72152037.04762262,80174806.72472517,87081377.22562766,77752327.04256016,68106751.21081279,80310460.86553526,78783054.80126268,77189286.02273019,83197888.57074027,74015556.74645765,75707343.45990773,70794107.80834518,68398459.15570517,91896372.61455771,71008100.67020273,82962277.44334772,79569409.41293775,73991052.76396267,82753389.21362518,83354035.05483772,78278212.41723773,78059782.11880523,75374570.67033279,77530626.72552264,73283804.37545268,68422667.11697768,81010480.52250527,80784909.31240779,74450070.9050777,75412153.56244025,77925962.92511024,76035959.51696762,71937986.0807627,85664702.22734769,78950084.3906152,85493406.3083752,82687666.57109007,76842371.26501524
2019-08-14,92383845.70799504,74852701.50137767,72793667.69947018,73223803.53374512,80456470.86426526,75465345.91385277,75307670.91684015,74294319.5178677,72599819.8987652,78536508.1681753,69004698.08055265,83440370.9463977,73843588.12309766,72152037.04762262,80174806.72472517,87081377.22562766,77752327.04256016,68106751.21081279,80310460.86553526,78783054.80126268,77189286.02273019,83197888.57074027,74015556.74645765,75707343.45990773,70794107.80834518,68398459.15570517,91896372.61455771,71008100.67020273,82962277.44334772,79569409.41293775,73991052.76396267,82753389.21362518,83354035.05483772,78278212.41723773,78059782.11880523,75374570.67033279,77530626.72552264,73283804.37545268,68422667.11697768,81010480.52250527,80784909.31240779,74450070.9050777,75412153.56244025,77925962.92511024,76035959.51696762,71937986.0807627,85664702.22734769,78950084.3906152,85493406.3083752,82687666.57109007,76842371.26501524
2019-08-15,92383845.70799504,74852701.50137767,72793667.69947018,73223803.53374512,80456470.86426526,75465345.91385277,75307670.91684015,74294319.5178677,72599819.8987652,78536508.1681753,69004698.08055265,83440370.9463977,73843588.12309766,72152037.04762262,80174806.72472517,87081377.22562766,77752327.04256016,68106751.21081279,80310460.86553526,78783054.80126268,77189286.02273019,83197888.57074027,74015556.74645765,75707343.45990773,70794107.80834518,68398459.15570517,91896372.61455771,71008100.67020273,82962277.44334772,79569409.41293775,73991052.76396267,82753389.21362518,83354035.05483772,78278212.41723773,78059782.11880523,75374570.67033279,77530626.72552264,73283804.37545268,68422667.11697768,81010480.52250527,80784909.31240779,74450070.9050777,75412153.56244025,77925962.92511024,76035959.51696762,71937986.0807627,85664702.22734769,78950084.3906152,85493406.3083752,82687666.57109007,76842371.26501524
2019-08-16,92383845.70799504,74852701.50137767,72793667.69947018,73223803.53374512,80456470.86426526,75465345.91385277,75307670.91684015,74294319.5178677,72599819.8987652,78536508.1681753,69004698.08055265,83440370.9463977,73843588.12309766,72152037.04762262,80174806.72472517,87081377.22562766,77752327.04256016,68106751.21081279,80310460.86553526,78783054.80126268,77189286.02273019,83197888.57074027,74015556.74645765,75707343.45990773,70794107.80834518,68398459.15570517,91896372.61455771,71008100.67020273,82962277.44334772,79569409.41293775,73991052.76396267,82753389.21362518,83354035.05483772,78278212.41723773,78059782.11880523,75374570.67033279,77530626.72552264,73283804.37545268,68422667.11697768,81010480.52250527,80784909.31240779,74450070.9050777,75412153.56244025,77925962.92511024,76035959.51696762,71937986.0807627,85664702.22734769,78950084.3906152,85493406.3083752,82687666.57109007,76842371.26501524
2019-08-19,92383845.70799504,74852701.50137767,72793667.69947018,73223803.53374512,80456470.86426526,75465345.91385277,75307670.91684015,74294319.5178677,72599819.8987652,78536508.1681753,69004698.08055265,83440370.9463977,73843588.12309766,72152037.04762262,80174806.72472517,87081377.22562766,77752327.04256016,68106751.21081279,80310460.86553526,78783054.80126268,77189286.02273019,83197888.57074027,74015556.74645765,75707343.45990773,70794107.80834518,68398459.15570517,91896372.61455771,71008100.67020273,82962277.44334772,79569409.41293775,73991052.76396267,82753389.21362518,83354035.05483772,78278212.41723773,78059782.11880523,75374570.67033279,77530626.72552264,73283804.37545268,68422667.11697768,81010480.52250527,80784909.31240779,74450070.9050777,75412153.56244025,77925962.92511024,76035959.51696762,71937986.0807627,85664702.22734769,78950084.3906152,85493406.3083752,82687666.57109007,76842371.26501524
2019-08-20,92383845.70799504,74852701.50137767,72793667.69947018,73223803.53374512,80456470.86426526,75465345.91385277,75307670.91684015,74294319.5178677,72599819.8987652,78536508.1681753,69004698.08055265,83440370.9463977,73843588.12309766,72152037.04762262,80174806.72472517,87081377.22562766,77752327.04256016,68106751.21081279,80310460.86553526,78783054.80126268,77189286.02273019,83197888.57074027,74015556.74645765,75707343.45990773,70794107.80834518,68398459.15570517,91896372.61455771,71008100.67020273,82962277.44334772,79569409.41293775,73991052.76396267,82753389.21362518,83354035.05483772,78278212.41723773,78059782.11880523,75374570.67033279,77530626.72552264,73283804.37545268,68422667.11697768,81010480.52250527,80784909.31240779,74450070.9050777,75412153.56244025,77925962.92511024,76035959.51696762,71937986.0807627,85664702.22734769,78950084.3906152,85493406.3083752,82687666.57109007,76842371.26501524
2019-08-21,92383845.70799504,74852701.50137767,72793667.69947018,73223803.53374512,80456470.86426526,75465345.91385277,75307670.91684015,74294319.5178677,72599819.8987652,78536508.1681753,69004698.08055265,83440370.9463977,73843588.12309766,72152037.04762262,80174806.72472517,87081377.22562766,77752327.04256016,68106751.21081279,80310460.86553526,78783054.80126268,77189286.02273019,83197888.57074027,74015556.74645765,75707343.45990773,70794107.80834518,68398459.15570517,91896372.61455771,71008100.67020273,82962277.44334772,79569409.41293775,73991052.76396267,82753389.21362518,83354035.05483772,78278212.41723773,78059782.11880523,75374570.67033279,77530626.72552264,73283804.37545268,68422667.11697768,81010480.52250527,80784909.31240779,74450070.9050777,75412153.56244025,77925962.92511024,76035959.51696762,71937986.0807627,85664702.22734769,78950084.3906152,85493406.3083752,82687666.57109007,76842371.26501524
2019-08-22,92383845.70799504,74852701.50137767,72793667.69947018,73223803.53374512,80456470.86426526,75465345.91385277,75307670.91684015,74294319.5178677,72599819.8987652,78536508.1681753,69004698.08055265,83440370.9463977,73843588.12309766,72152037.04762262,80174806.72472517,87081377.22562766,77752327.04256016,68106751.21081279,80310460.86553526,78783054.80126268,77189286.02273019,83197888.57074027,74015556.74645765,75707343.45990773,70794107.80834518,68398459.15570517,91896372.61455771,71008100.67020273,82962277.44334772,79569409.41293775,73991052.76396267,82753389.21362518,83354035.05483772,78278212.41723773,78059782.11880523,75374570.67033279,77530626.72552264,73283804.37545268,68422667.11697768,81010480.52250527,80784909.31240779,74450070.9050777,75412153.56244025,77925962.92511024,76035959.51696762,71937986.0807627,85664702.22734769,78950084.3906152,85493406.3083752,82687666.57109007,76842371.26501524
2019-08-23,92383845.70799504,74852701.50137767,72793667.69947018,73223803.53374512,80456470.86426526,75465345.91385277,75307670.91684015,74294319.5178677,72599819.8987652,78536508.1681753,69004698.08055265,83440370.9463977,73843588.12309766,72152037.04762262,80174806.72472517,87081377.22562766,77752327.04256016,68106751.21081279,80310460.86553526,78783054.80126268,77189286.02273019,83197888.57074027,74015556.74645765,75707343.45990773,70794107.80834518,68398459.15570517,91896372.61455771,71008100.67020273,82962277.44334772,79569409.41293775,73991052.76396267,82753389.21362518,83354035.05483772,78278212.41723773,78059782.11880523,75374570.67033279,77530626.72552264,73283804.37545268,68422667.11697768,81010480.52250527,80784909.31240779,74450070.9050777,75412153.56244025,77925962.92511024,76035959.51696762,71937986.0807627,85664702.22734769,78950084.3906152,85493406.3083752,82687666.57109007,76842371.26501524
2019-08-26,92383845.70799504,74852701.50137767,72793667.69947018,73223803.53374512,80456470.86426526,75465345.91385277,75307670.91684015,74294319.5178677,72599819.8987652,78536508.1681753,69004698.08055265,83440370.9463977,73843588.12309766,72152037.04762262,80174806.72472517,87081377.22562766,77752327.04256016,68106751.21081279,80310460.86553526,78783054.80126268,77189286.02273019,83197888.57074027,74015556.74645765,75707343.45990773,70794107.80834518,68398459.15570517,91896372.61455771,71008100.67020273,82962277.44334772,79569409.41293775,73991052.76396267,82753389.21362518,83354035.05483772,78278212.41723773,78059782.11880523,75374570.67033279,77530626.72552264,73283804.37545268,68422667.11697768,81010480.52250527,80784909.31240779,74450070.9050777,75412153.56244025,77925962.92511024,76035959.51696762,71937986.0807627,85664702.22734769,78950084.3906152,85493406.3083752,82687666.57109007,76842371.26501524
2019-08-27,92383845.70799504,74852701.50137767,72793667.69947018,73223803.53374512,80456470.86426526,75465345.91385277,75307670.91684015,74294319.5178677,72599819.8987652,78536508.1681753,69004698.08055265,83440370.9463977,73843588.12309766,72152037.04762262,80174806.72472517,87081377.22562766,77752327.04256016,68106751.21081279,80310460.86553526,78783054.80126268,77189286.02273019,83197888.57074027,74015556.74645765,75707343.45990773,70794107.80834518,68398459.15570517,91896372.61455771,71008100.67020273,82962277.44334772,79569409.41293775,73991052.76396267,82753389.21362518,83354035.05483772,78278212.41723773,78059782.11880523,75374570.67033279,77530626.72552264,73283804.37545268,68422667.11697768,81010480.52250527,80784909.31240779,74450070.9050777,75412153.56244025,77925962.92511024,76035959.51696762,71937986.0807627,85664702.22734769,78950084.3906152,85493406.3083752,82687666.57109007,76842371.26501524
2019-08-28,92383845.70799504,74852701.50137767,72793667.69947018,73223803.53374512,80456470.86426526,75465345.91385277,75307670.91684015,74294319.5178677,72599819.8987652,78536508.1681753,69004698.08055265,83440370.9463977,73843588.12309766,72152037.04762262,80174806.72472517,87081377.22562766,77752327.04256016,68106751.21081279,80310460.86553526,78783054.80126268,77189286.02273019,83197888.57074027,74015556.74645765,75707343.45990773,70794107.80834518,68398459.15570517,91896372.61455771,71008100.67020273,82962277.44334772,79569409.41293775,73991052.76396267,82753389.21362518,83354035.05483772,78278212.41723773,78059782.11880523,75374570.67033279,77530626.72552264,73283804.37545268,68422667.11697768,81010480.52250527,80784909.31240779,74450070.9050777,75412153.56244025,77925962.92511024,76035959.51696762,71937986.0807627,85664702.22734769,78950084.3906152,85493406.3083752,82687666.57109007,76842371.26501524
2019-08-29,92383845.70799504,74852701.50137767,72793667.69947018,73223803.53374512,80456470.86426526,75465345.91385277,75307670.91684015,74294319.5178677,72599819.8987652,78536508.1681753,69004698.08055265,83440370.9463977,73843588.12309766,72152037.04762262,80174806.72472517,87081377.22562766,77752327.04256016,68106751.21081279,80310460.86553526,78783054.80126268,77189286.02273019,83197888.57074027,74015556.74645765,75707343.45990773,70794107.80834518,68398459.15570517,91896372.61455771,71008100.67020273,82962277.44334772,79569409.41293775,73991052.76396267,82753389.21362518,83354035.05483772,78278212.41723773,78059782.11880523,75374570.67033279,77530626.72552264,73283804.37545268,68422667.11697768,81010480.52250527,80784909.31240779,74450070.9050777,75412153.56244025,77925962.92511024,76035959.51696762,71937986.0807627,85664702.22734769,78950084.3906152,85493406.3083752,82687666.57109007,76842371.26501524
2019-08-30,92383845.70799504,74852701.50137767,72793667.69947018,73223803.53374512,80456470.86426526,75465345.91385277,75307670.91684015,74294319.5178677,72599819.8987652,78536508.1681753,69004698.08055265,83440370.9463977,73843588.12309766,72152037.04762262,80174806.72472517,87081377.22562766,77752327.04256016,68106751.21081279,80310460.86553526,78783054.80126268,77189286.02273019,83197888.57074027,74015556.74645765,75707343.45990773,70794107.80834518,68398459.15570517,91896372.61455771,71008100.67020273,82962277.44334772,79569409.41293775,73991052.76396267,82753389.21362518,83354035.05483772,78278212.41723773,78059782.11880523,75374570.67033279,77530626.72552264,73283804.37545268,68422667.11697768,81010480.52250527,80784909.31240779,74450070.9050777,75412153.56244025,77925962.92511024,76035959.51696762,71937986.0807627,85664702.22734769,78950084.3906152,85493406.3083752,82687666.57109007,76842371.26501524
2019-09-03,92383845.70799504,74852701.50137767,72793667.69947018,73223803.53374512,80456470.86426526,75465345.91385277,75307670.91684015,74294319.5178677,72599819.8987652,78536508.1681753,69004698.08055265,83440370.9463977,73843588.12309766,72152037.04762262,80174806.72472517,87081377.22562766,77752327.04256016,68106751.21081279,80310460.86553526,78783054.80126268,77189286.02273019,83197888.57074027,74015556.74645765,75707343.45990773,70794107.80834518,68398459.15570517,91896372.61455771,71008100.67020273,82962277.44334772,79569409.41293775,73991052.76396267,82753389.21362518,83354035.05483772,78278212.41723773,78059782.11880523,75374570.67033279,77530626.72552264,73283804.37545268,68422667.11697768,81010480.52250527,80784909.31240779,74450070.9050777,75412153.56244025,77925962.92511024,76035959.51696762,71937986.0807627,85664702.22734769,78950084.3906152,85493406.3083752,82687666.57109007,76842371.26501524
2019-09-04,91891116.48799504,74713179.40737768,72764756.46997018,72976767.93074512,80381693.51576526,75158841.33035277,75032099.58684015,74333637.52186769,72665607.28926522,78529418.03067529,68901679.28655264,83245343.65089771,74009389.92259766,72036931.30112262,80221984.55222517,87285244.16562766,77748300.74406016,68057375.2008128,80472382.13703527,78521790.26026268,77165149.75973019,83420045.68474026,74071082.18095765,75456682.48190773,70785213.4893452,68499771.15970518,91774493.11055772,70652963.10570273,82961838.99734771,79627291.96193776,73940551.78046268,82309036.62162519,83330541.28033772,78190299.48923773,77950875.99380523,75246943.4118328,77651406.71302265,73397766.97245269,68198539.45697768,80896378.08050528,80727120.7579078,74153429.33907768,75539513.89794025,77635123.74061024,75592441.02296764,71919817.19676271,85807055.05834767,78892504.76211521,85427584.63437521,82811225.72509007,77046760.91701525
2019-09-05,91434582.78199504,74358182.72087768,72725542.06047018,72750298.26674512,80104767.97876526,74614831.34235276,74856321.53684014,73941364.2763677,72388524.15776521,78491485.69067529,68815038.21905264,83370160.45939773,73256288.68059766,71618246.30512261,80402311.16822517,87527824.73462766,77149772.44706017,67792288.26631281,80284908.17153527,78241470.68626268,76944436.04723018,83142005.88174027,73869392.48645765,74996973.97540773,70432124.05334519,68234077.15470518,91271683.84255773,70552953.71770273,82817265.07334772,79530256.46043774,73690486.86096267,82636460.79612517,82716968.55633771,78031592.18273772,77643279.45480523,75020562.00183278,77424529.60002264,72880147.21845269,68148171.55147767,80382920.42550528,80559356.01840779,73637972.1825777,75124368.82894024,77361999.98511024,75341693.79396763,71729558.96026272,85652914.59534769,78313671.1806152,85177787.2738752,82819040.73359007,76571208.10351525
2019-09-06,90726779.73549503,74492405.02937767,72567511.30847019,72334864.19474512,79661191.28776526,74432513.99035278,74894894.67934015,73504484.55936769,71749663.99776521,78142954.43367529,67889024.77955264,82504290.43789771,72446192.12809767,70990716.48162262,80442429.23522517,87469612.72412768,76757415.54706016,67423225.18681279,79413013.38103527,77462542.47626269,77002098.05873019,82615697.38274027,74008383.08295766,74773802.35290773,70419607.17534518,67854970.18770519,91388609.33005773,70765008.97670272,82514522.45734772,78728544.23143776,73574313.60196269,82373582.12962517,81574127.54133773,78065914.93373773,77860499.04080524,75103206.46483278,77211405.14252263,72555001.08245268,67938488.08747768,79900026.63600528,79921075.5579078,73245355.57907769,74819889.31094025,77638472.99561024,74995744.98896763,71406947.76526271,86129179.95784768,76884217.0866152,85417624.8123752,82537854.78909008,76271716.40901525
2019-09-09,90546616.55817254,74979411.53437768,72405086.68197018,72172081.30474514,79101799.05176526,74089834.91085277,74733014.87084016,73414991.0208677,71784723.16226521,78042181.74867529,66596038.20205264,82182589.00080523,72111274.85859767,70677928.46362263,79550140.25322518,86979049.89962767,76541895.63556015,65873358.8213128,78770689.80303526,76947944.12617019,76990557.77573018,82272505.81584027,73451366.98845765,74615413.05281523,69742093.75234517,67453045.38070518,90625969.54505773,70731016.53820272,81739231.80384773,78571090.38434526,73252404.42546266,82088353.79812518,81052738.10333773,78271769.26973772,77505684.13957524,74814157.44833279,76668766.77352265,71139288.98495269,67525714.15897767,78918922.86977528,78553718.93790779,73335483.0460777,73937000.45594025,76538197.47311023,74148802.61846764,70834518.2052627,86033760.37334768,75658014.6631152,85375109.1353752,82227421.16349758,75637494.50651526
2019-09-10,89829259.25867254,74237760.70837767,71202476.76697019,71230801.13474514,78809395.38476527,72964020.29685277,74145199.27034016,73196837.12486771,71233459.45705271,77627573.02217528,66202939.44484014,81842441.15180524,71572398.97859767,70147059.52012262,79485516.20372517,86752905.22312766,75383271.02156016,65624041.7928128,78327215.80053526,76182810.22467019,76721210.44623019,81539629.28984028,73381421.58895767,73818568.49581523,69709184.74384518,67253982.19920519,89721018.45655775,69918629.72920272,81165523.42184775,78231604.67734526,72799166.28675017,81637260.82212518,80554004.29878272,77930161.82673773,76927685.64657524,74315396.3458328,75784549.09402265,70008497.4647477,66498334.70697768,78100813.05422029,78254022.61940779,72910749.4295777,72862570.28523526,75580616.58290523,73604003.53796765,70204568.92476271,85872090.24234769,74766522.00785519,85458320.70887521,81652835.82049759,74770287.31601526
2019-09-11,91310259.25867254,75110764.73137768,71441966.49347019,71021026.98974514,78933379.32626528,73304096.89435278,74367225.33284016,73013622.1893677,71328028.5265527,77616326.84017529,66098618.37759514,82127398.03130525,71531153.62659767,69877264.82112262,79753719.08021018,86875449.97362767,74714543.15356015,65833594.326297805,78197699.06453528,76629110.35967019,76940389.00473018,81462342.73559529,73402977.92395766,73560954.77181523,69806831.12384517,67706241.1642052,89746293.59155774,69856716.45370272,80440056.49334775,79175793.73434526,73093303.53975016,81766296.68112518,80981120.69528273,77821560.66923773,76880309.10107525,74564265.5178328,76045512.92902264,70518610.5492477,66547613.08397768,77244680.64572029,78016189.2929078,72985796.2080777,72914409.73823527,75564514.21840523,74081634.01646765,69952456.3407627,86333691.77834769,74784542.3633552,84797212.96937522,81965062.14349759,74435378.19001526
2019-09-12,92108174.04867254,76084516.88887767,72216874.0674702,71532223.38324514,79314530.78226528,74224200.30935279,75446044.27884015,73521829.6193677,72230937.7605527,78119500.71517529,66463243.44209513,83051008.00730525,72196228.73359768,69964994.67112263,80099280.26221018,87420359.72812767,75384752.40606014,66525571.1072978,78747691.14503527,76573865.51567018,77282574.23673019,82117442.33559528,74219269.94545765,74736278.41681524,70127742.21134517,68137307.63820519,90767022.97405775,70712774.29370272,79809099.03084776,80243756.71584527,73073167.73175016,82153111.15512519,81616292.59928271,78845388.63173774,77800063.22357525,75553209.5648328,76412895.27652264,70826342.5212477,67132092.79497768,76694879.89072028,77956547.3719078,72903325.51707771,73601573.40473527,76067619.07490525,74416587.13146764,70102439.17526272,87352966.52934769,74966858.48685521,84558381.57287523,82434224.9924976,75318435.18551525
2019-09-13,92645174.04867254,76426814.90937768,71851353.8974702,71317339.36274514,79551048.45026529,74885405.11535278,75503556.35784017,74187029.7788677,72010887.87505272,78494675.94767529,66537906.92709513,83151486.17880525,72365048.31859767,70031814.78862262,80454392.27971017,87379768.51012768,76060759.77806015,66989643.80529781,78610681.90353528,76299297.5491702,77501705.5597302,82694619.18709528,74548991.10045767,75675505.66431524,70065210.40984517,68549408.92220518,91567796.75455774,70837517.59120274,79681474.14184776,79987245.40984526,73322734.62575015,82970021.41562518,81858862.65428272,79257563.61473773,77744677.13207525,75847339.80033281,75995619.91702263,71104617.6752477,67232074.99897769,76875839.07372028,78260280.3294078,72683090.61257772,73778102.22973527,76481765.83590525,74871448.29446766,70179372.22426271,88211217.80284768,74753270.5778552,84747107.48187523,82551218.9214976,76348042.18451527
2019-09-16,93184174.04867254,77012033.86787768,71543650.99597019,71348883.86274514,78655291.78376529,75292934.14885278,75736468.47434017,74257094.5928677,71666253.15305272,78093399.09467529,66743075.057095125,83647632.79080525,72301889.5875977,70630203.64912261,80922719.66921018,86643451.75062768,76096411.37056017,66792559.3217978,78430044.17253527,76022210.10867019,78180911.7562302,83129648.28509529,74396158.00645769,75344327.04781523,70047036.45884517,68695524.90470518,92090178.66855773,70393430.10670273,79784450.98584776,80441544.47334528,73320173.08625016,83303487.77762519,81925678.09628272,79352793.47473773,78672205.37807524,76376112.3153328,75863202.92652264,71065642.1627477,67252714.98047769,76664376.94672029,78458913.1104078,73214154.95507772,74053621.28023526,76544218.20540527,74861914.76396765,70221661.56226273,88685132.29734768,74872942.47935522,85375983.28987522,83319178.56999761,76851631.74451527
2019-09-17,93687355.21017253,77106220.79237768,72264865.1549702,71339263.41024515,77591464.24776529,75379392.12685278,75948888.66634017,74333744.8303677,72209768.07855272,78207238.9861753,67035012.31809512,84070899.11180526,72348694.6630977,70935160.58062261,81440189.48521018,86690278.91362768,76434990.72956017,67245058.1267978,78362658.23153527,76047269.21867019,78505513.4582302,83694888.6325953,74126371.94845767,75515102.56431524,70242186.06484517,69301885.55270518,92410763.17205775,69908964.06470273,79730653.38884777,80575652.84584528,74111823.64575015,83836963.02512519,82132163.98128274,79428828.82873774,78911829.76207525,76827110.93033281,76242267.74252263,70940269.8212477,67513797.90847768,77120342.84472029,78879521.9874078,73484913.72007772,74215902.36173527,76791598.52640526,74768455.82646766,70166630.47126274,88886021.53284769,75279654.85835521,85929507.92687522,83442536.63699761,77459565.96151526
2019-09-18,93303355.21017253,76214167.97987768,72012999.33847019,71021621.61424516,77528001.5907653,75104769.3063528,75398727.86134017,73983157.7108677,71764967.63655272,78214372.8526753,67092041.820595115,83635424.89230525,72122662.2065977,71050794.39412263,81264678.53071019,86833188.20812769,75839770.20706016,67089779.197797805,78097305.17253527,76090798.5121702,78020802.78373021,83282260.60659531,73801601.87395768,75229061.79281525,70353734.67934518,69429208.46570519,92305073.29505774,69566580.32570274,79038385.03384776,80193951.24434528,73782175.39275014,83442973.6001252,81977422.23478274,79067518.32023774,78540097.80307525,76551820.88283283,76075724.11102262,71051848.3927477,67680560.49597768,76125773.05672027,78471271.8209078,73289170.01757772,73840815.16223527,76177594.24440527,74690198.02346766,70093305.53776273,88646911.85334769,74662975.27085522,85703199.29037523,83115853.58599761,77130673.10651526
2019-09-19,94145355.21017253,76342326.55237767,72180283.4169702,71212462.08274516,77618271.4112653,75530305.4393528,75967512.66584018,74405839.0708677,71804214.43955272,77922327.2661753,67175362.04859512,84039999.41480526,72767312.5330977,71198749.37612262,81784629.18421018,87033097.97112769,76437466.27706015,67539841.78529781,78073868.22803527,76459364.20267019,78800519.0537302,83051371.8315953,73780036.59795769,74850073.55781525,70616504.40584518,69862978.87670518,92687641.67505774,69794694.84270275,79336716.23934777,80680730.12434527,73500557.39375016,84042543.7481252,82209638.03978275,79721153.14123774,79172798.07657525,76991657.34833282,76230092.40652263,71389723.4147477,67817514.56247768,76554523.56272027,79029235.2769078,73851217.66957772,74086296.28673527,75908979.95540527,74573687.23096766,70264361.27776274,89130445.0443477,74747112.05835521,85973259.23337522,82870582.75649762,77734487.84151527
2019-09-20,94305855.41767254,76237740.22537768,71945294.22847019,70618505.46874517,77089149.2467653,75133079.37893781,75216767.69034016,74365600.3713677,71427275.62975773,77174695.0886753,66854572.603095114,83682842.86280526,72982785.57659769,70354733.92262262,81545377.10121018,87059063.8931277,75600476.64670515,67671671.13279781,77818399.68812028,76379346.41575518,78619841.1937302,82593548.4395953,72953523.09745769,73976956.36552025,70221566.36284518,69531278.43120518,92502502.62405774,69533450.23170274,78685824.40284777,80223989.37222528,73064503.28095517,83828951.2181252,81325713.67128274,79797580.56123774,78332389.84457524,76310180.80183282,75785168.27552263,71122876.9352477,67865874.73897769,76238187.91792527,78514014.9709078,73346145.55407771,73514446.71373528,75475815.15390527,74203533.98755266,70014025.48276274,89295363.9728477,74201598.08985521,84600566.58937523,82544943.26999761,77508142.29151526
2019-09-23,93353947.88867255,75547154.11687768,71113219.05647019,70268371.92962018,76494338.0596453,74871768.0584378,74868869.74842517,73664852.4793677,70920622.75875774,76349268.8451753,66383617.10659512,83147623.23541526,72096085.4475977,69455126.21362263,81034930.36439767,86412914.2591277,74737844.64320517,67247867.4327978,77337409.84362029,75869486.7267552,77750839.15773019,82006658.1404053,72516119.8564977,73298474.71752025,69509875.35538518,69099048.76835519,91869237.75524524,69216116.90920274,77989351.12110527,79047505.71022528,72726920.26845518,83510009.63512519,81159754.66209275,79141252.77373774,77528922.68007524,75723623.67841783,75496646.23302263,70538325.84083271,67190093.2946277,75646112.94242528,78024145.24740781,72411707.81307772,73325716.94632028,75194624.54190527,73990869.53405266,70025159.15413773,88578432.0500352,73090002.38135521,84164330.15713274,82361116.21049762,77087743.79251528
2019-09-24,93351074.77267255,75184649.45437768,71078298.42747019,70245975.99962017,76502513.57014531,75027054.3454378,74766844.26842517,73228647.85736771,70977510.03575774,75990843.2876753,66220968.67659512,83148522.68541527,72068205.25259769,69306378.63562262,81093356.58789767,85462160.8246277,74529340.88520515,67236094.87529781,77211752.55762029,75653946.45225519,76928259.3187302,81969482.7694053,72731357.9289977,73037653.29502025,69598587.08438519,69131940.52285519,91614135.22124523,69008177.33420274,77712054.75860527,78835496.81172529,72718831.39495517,83134856.5576252,81277245.11409274,79004598.38673775,77593655.49307524,75404814.67441782,75229019.68302263,70560902.8933327,67174171.97362769,74860519.24792528,77875098.59290782,72340192.22007771,73178534.96332029,74990268.98290527,73937070.66105266,70304387.04063773,88381993.30153519,72592474.56535521,84228190.63413274,82125586.09199761,76974409.05601527
2019-09-25,94484673.84017256,75938600.1613777,71640075.5499702,70108181.10112017,76413159.70864531,76120601.6409378,75086542.28192519,73723987.0863677,71400773.10575774,76497256.9616753,66677120.33809512,83894946.89741527,72897642.6890977,69917888.71362263,81534396.63389768,85918306.06912771,75468177.26820517,68211410.47029781,76988387.27362028,76133620.48675519,77502913.8562302,82356099.13940531,72773427.98049769,73169276.17352027,69675371.81088519,69501261.95935519,92648933.32874525,69574943.48120274,77581175.13660526,79804912.97822529,72614726.21095517,84105714.4341252,81703290.24409275,80032813.57673775,77882138.12657523,75777073.17141783,75709228.08302262,71363949.61133271,67587553.1486277,74939502.55542527,78612526.04340781,73008655.1500777,73625638.65132028,75696795.17790528,74219745.16805266,70255449.14663774,89007773.9640352,72613050.14635521,84682524.44663274,82429193.6974976,77532960.00851527
2019-09-26,94890673.84017256,76141474.32887769,71910318.5179702,69922240.59362018,76736821.07514532,76311198.0959378,75155424.81542519,74202384.5693677,70960117.97875774,76329378.1876753,66519937.49659512,84399503.37041527,73099373.7840977,69918854.84862262,81246205.61639768,85999208.6206277,75979794.04220515,68476657.3402978,76431189.73962028,76444875.7412552,77035561.0262302,81714230.36140531,72823158.5474977,73406683.67002027,69908320.8558852,70317222.31385519,93000225.84874524,69849945.07120274,76961251.14160527,79999842.83422528,72367742.31645519,84113230.67212519,81790084.15209275,80083903.99473774,78144542.02007523,76095947.58891784,75662680.14402263,71462649.2373327,67834466.99462768,75051147.61842528,78771545.08340782,73078719.24907771,73811715.44982028,75788666.47090527,74101684.60905266,70291428.92413774,89311151.86253521,72725196.16135521,84241870.90713273,82900105.3759976,77609273.05301526
2019-09-27,95521053.22767255,76424233.4078777,72215966.57097021,70096773.16362017,78288213.77114531,76503389.0204378,75462510.11592518,74461630.7083677,70942902.96125773,76494032.5276753,66711426.34909513,86140066.52791527,73444785.1190977,70576029.07112262,81440570.04239768,85953232.1241277,76072440.61970517,68666706.9002978,76663074.9526203,76825820.8837552,76910600.7472302,81501621.62790531,72997919.5559977,73544584.91702026,70119623.1238852,70629369.2703552,93468605.23624524,70609471.92770274,77321356.94410528,80340541.34322529,72637668.78545518,84242211.1041252,81855761.95909275,80451323.67623775,78455581.09857523,76453837.55391783,76073197.12502262,71801145.1698327,68094266.77212769,75380166.24542528,79331121.53640783,73747216.9765777,74697112.08882028,77082449.21190529,74604215.31355266,71010248.56463775,89767401.3480352,74014698.54635522,84592091.61313275,83492914.69549762,78024063.04401526
2019-09-30,95506156.96217255,76243329.8513777,71629381.51897019,69889994.88612019,78337887.01064532,76263899.50493781,74738301.96742518,74123767.7768677,70520055.95875773,75946640.72567531,66323887.93859512,86511653.40141527,73334281.7890977,71178207.56862262,81362044.65539768,85557473.7086277,75921502.45970517,68231434.75029781,76564834.97062029,76615287.11375521,76865191.5072302,80710288.0159053,73053863.7884977,73249515.08702028,70493159.5588852,70178791.3548552,92992715.20974524,70506518.96120274,77179025.91860527,79632865.13622528,71982317.20795518,83830947.9066252,82000804.62009275,79777935.27373774,77998136.18757525,76086037.55091783,75689042.92352264,71478122.71083272,67873620.08362769,75156680.01142529,78728327.20890781,73141881.83807771,74967197.32282028,77277582.72990528,74554443.33455268,71643430.96263775,89317991.68203521,74054745.49235521,84636327.67263272,83141514.75249761,77306797.83701527
2019-10-01,96059156.96217255,77162756.8468777,71598313.3299702,70133413.76662019,78628212.9906453,76719925.01993781,75424121.89742519,74197548.59686771,71119063.79975773,76451741.1686753,66338381.43109512,87504578.84941527,73821831.9250977,71506928.12512262,81711774.4943977,86110205.2191277,76435558.57470517,68815434.75029781,76280148.08112028,77108527.89975521,77621500.25023021,81340784.8114053,73580629.3414977,73574436.10552028,70472756.31388521,70585894.37735519,93883715.20974524,71030154.19720274,77551738.73160528,80335908.7692253,72192089.6999552,84542360.9901252,82484598.86059275,80372726.55473775,78456685.52257524,76358386.71991785,76426949.38202263,72281802.59183271,67876626.59712769,75906280.20142528,79276800.76790783,73585354.9645777,75434848.15482028,78170713.44290528,75123175.24005267,71309933.78213775,89820822.7915352,74900415.4673552,85070484.94313273,83523702.74299762,77834635.04551527
2019-10-02,95552220.03067255,76830134.69687769,71348777.6419702,70034666.38962018,78313107.0726453,76167853.0644378,75247498.79942518,73606638.1323677,70687265.00475773,76037797.44717532,65709191.37559512,86704843.50141527,73769477.79709768,71169020.11912262,81327202.7513977,85864716.8731277,75980477.46470517,68548540.21929781,75822946.35162029,77299697.88475521,77056286.50723022,81047272.39840531,72882934.6189977,72821694.83002028,70311812.56638521,70014489.9888552,93543266.52924524,70970531.95120275,76917435.47960527,79779402.30122529,71665454.40195519,84209865.7191252,81543897.99109277,79945966.00423774,77881723.21407524,76169694.63091785,75829546.82402264,71719409.2583327,67037948.64462769,75083863.66642529,78722313.79040782,72721209.65107772,74967317.04132026,77452462.23640528,74291219.22455266,70966547.73863775,89440082.8315352,74151962.80985521,84504974.76563272,82953731.41799763,77406520.22851527
2019-10-03,96001220.03067255,76468374.8038777,71410591.77197021,70157926.37212019,78170090.4846453,75803520.67843781,75223276.39042518,73552266.1898677,70736090.13025773,76150209.4231753,65891764.36859512,86103106.90291527,73818322.90559769,71114557.75062263,81011405.0863977,85931573.6591277,76134469.66470519,68475830.79929781,76004111.16862029,77901402.1247552,76520317.43423021,81115503.51090531,73749142.77749771,72703691.40752026,70206174.5863852,70461589.21835521,93447557.10924524,71021298.68120274,77143125.96010527,79630328.3592253,71946063.0889552,84195679.37912521,81231590.55559276,79928044.48273775,78128239.15557525,76020711.38841784,75659940.43002264,71391617.58033271,66802547.11712769,74626720.4269253,78748709.33190782,72331506.61207771,74158730.02882028,77755393.96690528,74136220.54355267,70829772.78563774,89214652.33353521,73788733.57785521,84937950.86263272,83085846.65199763,77974853.99251527
2019-10-04,95409220.03067255,75985879.5163777,70429919.6259702,69583772.2036202,77778196.19614533,75549012.57593782,74962577.96942519,73238648.6798677,70145246.03025773,75593285.57567531,65260424.90459513,85312486.87291527,73307829.60559769,70780307.95562264,80584586.1938977,85355176.4291277,75745527.25470519,68064279.72179781,75375080.2116203,77350700.91075522,76055026.77073021,80688492.10940531,73751244.7399977,72337318.07702027,69890390.4928852,70147434.7888552,92918879.81174524,70667784.39120275,76171916.68610528,79132420.4982253,71134365.21945518,83786896.9941252,80644546.41109276,79370900.47423775,77938974.99607524,75720790.35741785,74765179.49502264,70601597.1408327,66035863.70312769,74142814.0444253,78112083.34690782,71992586.49157771,73779951.91232027,77074250.68690528,73292558.05355267,70495427.85163774,88459203.30303521,73337703.85937022,84445992.04863273,82626783.61299762,77980844.12251526
2019-10-07,94224220.03067255,74820392.1218777,70008435.4071002,68646721.82362019,77345153.04964533,74227936.15843782,74143585.5369252,72390139.7828052,69100142.27525774,74559621.04467532,64878136.94059513,83896561.93871528,72248266.23209769,69695122.35775264,79379307.0216327,84193519.6601277,74488115.20370519,66897229.50017281,74930738.9488953,76026865.21575521,74580668.88873021,79521788.24940531,73510245.4559977,71321619.95952028,69310361.3655452,69268893.02644771,91254476.22174524,69517512.57270275,75511384.07289527,77823755.22672531,70890456.27695519,82706408.1261252,80349865.93459275,78115648.94873776,76968658.06857526,74544463.58641785,73144495.69531265,69373905.21133271,65111847.642627686,72828369.9079903,76884485.87864283,70772552.99536772,72236789.81632027,76079875.08969529,72990071.64205268,69821281.65313774,87005965.60203522,72852642.34689522,83188733.24513273,81809381.78699763,76745555.97051527
2019-10-08,94108813.52456005,75252210.1408777,70291824.8688827,69002138.8086202,77378045.71314533,74315533.05885032,75051980.13242519,72339233.9258052,68992693.72532023,74486660.47986531,65310682.70809513,84527252.89761527,72560546.44409768,69570730.45275262,80216004.60863268,84692993.0471277,74298244.65030019,67099429.90517281,75667775.5153953,76427299.92735022,74888285.44123021,79754158.05440532,73868227.1139977,71460826.78843278,69729975.8190452,69046246.25444771,91077754.33563274,69651449.69620275,75995860.15239528,77924825.30322531,71810183.1439552,83288915.41612521,80893692.24299276,78464998.00823776,77232698.66357526,74229273.75691786,73738045.64581265,69349916.16024521,65659413.273552686,72622491.19299032,77122574.53864282,71559027.60536772,71879320.98723277,76067244.14897779,74366030.31005268,69805093.62963775,86792136.6359352,73419543.20339522,83349940.75013272,82008339.12399763,77149120.46201527
2019-10-09,94834813.52456005,75255239.6268777,70552929.3363827,69211915.98862019,76590952.89064533,74333863.55685031,75199223.8879252,72454516.4008052,69052846.37032025,74650439.61086532,65741709.82509513,85488813.03161527,72691227.85809769,69047778.01825263,80906753.4411327,84734207.4791277,74678365.8318002,67044473.37617281,76461050.3393953,76453840.57785022,75036578.36773022,79774159.09190533,73894437.61649771,71719498.66943277,69889897.08454521,69162989.38144772,91184172.98563273,69913749.78620276,76219297.47739528,77525889.4547253,71999469.2099552,83389070.1611252,81145546.82449275,78482245.74173775,77297175.24957526,74240340.27091788,73881535.16931266,69426566.48624521,66460759.534052685,72727043.02799031,77128614.50964282,72211538.72636773,71938757.32723278,75819166.90447779,74566305.25405267,69811374.52613774,86251679.6384352,73269141.36239523,83714600.44513273,82209581.23899764,77079356.65001526
2019-10-10,94489874.59756005,74971516.0843777,69903177.6873827,68739115.7796202,76075014.08014533,74286064.86935031,75081195.8519252,72258577.1933052,68668526.12932023,74610584.80136532,65627294.81109513,85259209.05811527,72501618.30159768,68487372.44425264,80616650.9041327,84622379.2251277,74822851.2308002,66881099.81367281,76555973.9643953,76446260.66735022,75040516.47173022,79745122.57790533,73607710.67749771,71730557.08893278,70030634.67954521,68797021.24644771,90774009.67013273,70090867.46520276,75848507.70039529,76973087.5137253,72047158.7279552,82947335.4856252,81410583.10299274,78556412.54173777,77005609.20257527,74193803.14191787,73628351.31031266,69261850.24424522,66411563.587052695,72613523.05049032,77095846.02664283,72157398.44836773,71397659.07223278,75640367.1724778,74109742.45905268,69178013.72663775,85703470.3459352,72873186.41939522,83354176.95363273,81862594.22749764,76987777.88201526
2019-10-11,94473874.59756005,74934553.6818777,69970149.4528827,68689696.9146202,75935347.93314533,74373785.06935032,75197905.8539252,72127501.85180521,68598641.53832024,74678279.73736532,65572934.23309514,85391422.73661529,72469934.37159768,68549370.79825264,80704260.4026327,84626257.7591277,74886546.0803002,66802510.38767281,76691917.9328953,76127429.70185022,74906791.28273022,79490826.49940532,73518105.7349977,71565970.04843278,70261958.80954522,68696745.86944771,90739791.27013274,70091764.43470277,75981412.54889528,76974429.63422531,72015291.9009552,82833888.80662522,81323640.16999274,78370623.92423776,77072563.95557526,74324287.12691787,73566637.50131264,69196162.73774521,66221620.1685527,72481638.9224903,76975291.28564282,72057702.18786773,71256328.63673279,75665220.7014778,74172809.77605268,69076292.22263774,85760440.77993521,72858663.30589522,83651064.98613273,81901423.09549764,76875315.09001526
2019-10-14,94222874.59756005,74532552.8878777,70477360.47988272,68564798.9096202,75358784.71303032,74061451.35635032,75342270.3889252,72367989.8753052,68016753.76082024,75156790.63936533,65775480.76959514,84561059.24061528,72153014.18762518,68093144.80275264,80255882.8696327,84422270.35612771,75184869.3808002,66569764.84457281,76800809.4293953,76563251.77985021,74672906.49073023,79462274.53190532,73617021.8369977,72061896.67693278,69992706.57354522,68437621.72944772,90368817.41013274,69649131.16520277,76282977.12089528,76506361.0867253,72200829.04945521,82593888.47612521,80779734.96999276,78365291.09392777,76409062.16007526,74030419.86791787,73753794.62550265,69041667.72474521,66402179.426052704,72078554.57739031,76427212.71064281,72252626.17836773,70632338.78473279,74678163.1844778,73686093.38555267,68631026.29660276,84568114.99743521,73155441.19239521,83249806.20513272,81615411.46699764,76562375.62801528
2019-10-15,94210309.94506004,74539640.8643777,70683465.34388271,69134285.1641202,75318061.48303033,74095197.83635032,75566718.5609252,72420486.10280521,67956610.34632024,75731735.67736533,65841215.180095136,83917642.11061528,72180208.21512519,67819766.00625265,79774274.04896522,84610331.3321277,75178340.5568002,66441563.63507281,76280083.4638953,76662257.78985022,74686951.09223022,79433234.04590532,73043613.69499771,71910807.01243278,69697681.87204522,68997853.13544773,90400817.41013274,69830723.36720277,76057976.34889528,76543171.8067253,72381684.01545522,82475675.2751252,80558293.40623026,78188279.02992776,76167716.29157527,74181131.88591787,73833070.20600265,69103357.12524521,66027160.1900527,71687217.7658903,76498154.06464282,72790702.78636773,70571659.1452328,74138739.87297781,73590679.95955268,67989388.43260275,84492104.0989352,72968098.19589522,83261300.23813275,81676219.35899764,76618446.65501527
2019-10-16,93574347.37506005,74100154.9698777,70342214.99838272,68605100.06262021,75005273.10953033,74039437.32735032,75521107.6844252,72218512.93680522,67623083.13132024,76113491.82386532,65544913.94509514,83081772.0796153,71841878.47162518,67409940.18675265,79612612.0984652,84399589.53612772,74984629.9518002,66300582.147072814,75941878.15689531,76429737.04785022,74334337.36473021,79232721.32390533,72868677.48749772,71689384.56693278,69480740.4435452,69260472.85544772,89959387.05963273,69201899.53870277,76061086.54239528,76253141.40672532,72515911.84445521,82168236.76062521,80171301.60323027,77979004.58442777,75748399.02907526,74029678.12641788,73396123.44800265,68603030.0772452,65650004.56455271,70917763.82639031,76408038.63814282,73200162.58536774,70250260.46273279,74072227.04497781,73393394.96205267,67338615.94610275,84118236.59943521,72776003.01589522,83132725.67213275,81112206.55799764,76352548.31951527
2019-10-17,93268373.59906004,73780908.66737771,69522277.85469271,68208840.4257302,74889301.61453032,73838438.53235032,75277569.72442521,71941978.19680521,67937401.87182024,75857821.96236534,65303861.88059514,83288067.3646153,72414501.6301252,67809577.39875266,79749955.68846521,84217454.38762772,75015496.2319552,66094390.04357281,75174163.6873953,75624709.97735022,73851376.29923022,78633306.71240532,72415547.5624977,71544123.27443278,69241387.17004521,69531880.12594773,89637979.44213274,69105202.39770278,75670722.71389529,76770359.35072531,72211882.18345523,82052916.8821252,79412326.38073027,77893353.26992777,75481030.42657527,73712537.11891788,73268219.76600266,68925662.62374522,65855113.68855271,70983962.03751531,76193624.15664282,72971508.90686773,69937869.09323278,74083576.32847781,72812421.89017768,67081520.28410275,83672629.8094352,72162552.28239523,82933610.97213274,81553196.99389765,75941256.24001527
2019-10-18,92790373.59906004,73489210.96087772,69351039.95219271,67798881.2527302,74620601.08653033,73556423.51335031,75180742.2354252,71770466.45430522,68144751.18132024,75497818.13486534,65111507.67359514,83698598.66511531,72560375.1441252,68146118.30275266,79578357.6079652,83777215.66862771,75344223.23895521,65884895.212072805,74902917.3448953,75487691.92935023,74009163.05623022,78325385.50590533,72058365.26349771,71167093.63493279,69157860.71254522,68990226.72644773,89252585.25313273,68808071.79320277,75465092.56839529,76887771.97222531,71588680.30245523,81832402.69562522,79006690.78773026,77355576.81942777,74908234.46007527,73408009.60441788,73166738.74550265,69153650.77474521,66054041.38255271,71275970.28051531,75970685.73714283,72777718.16286772,69575477.55423279,73743552.20847782,72722667.53717768,66912758.73810275,83328891.4309352,71928986.59039523,82548438.25963274,81877385.67989764,75535238.95601527
2019-10-21,91773921.07222255,73516429.85518521,69082739.9296927,67329839.2732302,74115423.35720533,72826039.69628532,75050083.26842521,71391922.43830521,68218371.61832024,75167619.66636534,64591633.04759514,83727862.80170532,71906141.9348452,68257703.13575266,79204633.6014652,83237821.33912772,75435405.59245521,65903340.07157281,74394158.5031653,74871986.27685022,73876034.76423022,77774532.26090533,71354856.86093271,70886573.67193279,68458115.70704521,68453422.17444773,88874063.15563275,68382714.53820278,74958199.7148953,76742791.00422531,70849556.88526273,81601328.97662522,78588944.97714026,76518922.52508278,74173007.25723277,72988621.57891788,72726269.54050267,68651063.46424522,65875518.34455271,70800062.09104031,75528894.52214283,72242055.91786774,69514283.48473279,73161203.41119781,72309795.42067769,66593578.65960276,82669517.3259352,71466805.77889523,81921937.86781274,81611220.32939765,75106543.87751529
2019-10-22,91705416.23067255,73177617.78668521,69604091.3576927,67407423.28373021,73903430.65479532,72880978.57028532,75950677.05092521,71456759.80430523,68230213.97732024,75181769.41536534,64559767.79883014,83729653.44165532,72087977.8643452,68478197.10125266,79247037.0364652,83312302.23462772,75353734.35245521,65798242.0015728,73780841.43516532,74679012.63935024,74048249.17023021,77666267.61740534,71705534.32393272,70783289.96500279,68488971.55754521,68451416.20494774,88984398.16513275,68232291.07620278,75628121.6368953,76778370.09022531,70885451.33776271,82136666.49512522,78534912.51764026,76594590.52158278,73997290.69673277,72869961.98791789,72645169.93350266,68488924.10724522,65801729.87512271,70634359.72754031,75476966.77714282,71997016.97086772,69654647.35823278,73223971.32969783,72504220.2456777,66776556.322602764,82732075.8514352,71149300.98605523,82027313.77931274,81667443.10089765,75648128.02751528
2019-10-23,91805010.09217256,73468103.73768522,68920591.0191927,67273892.1577302,73685516.15429533,72705929.51028532,75866084.22042522,71407326.29880522,68083903.41282023,75302891.06136535,64749040.56483014,83370878.00565532,72086590.00584519,68233594.86775266,79197459.46146521,83329117.96212772,75225492.59245522,65490142.66757281,74019489.23416531,74653876.34935024,73991383.63973022,77655248.21040535,71272497.78493272,71018868.39550279,68663039.1555452,68594935.85094774,89107042.73463275,68215758.19870278,75065158.4738953,76724763.22372532,70889554.60976273,81787869.51812522,78882966.67514028,76520926.95708278,74110670.94273278,73277322.31441788,72768372.23550266,68527521.11874522,65978657.04162271,70175749.1390403,75647669.91064283,72067057.48586774,69367759.31773278,72789734.39819783,72566376.5011777,66744426.34260276,83204315.2809352,71348518.20605522,81828418.15881275,81697415.96939765,75352858.04401527
2019-10-24,92285796.77217256,74498104.88268521,69003019.4546927,67207390.3952302,74087057.91229531,73086321.29778533,76247345.29642522,71254719.60880522,68365363.27582024,75852461.83936535,65062087.32733014,83640908.23365532,72482348.15034519,68707850.61025265,79512476.65596521,83967231.78512773,75953641.93245523,66035983.91007281,74367196.49766532,75546295.96485023,74710932.75023022,78227356.81940535,71753119.09043272,71390886.33600278,68865807.02554521,68724721.81894773,89478917.43613274,68125213.64320278,75737190.1273953,78127916.95122531,71112693.65026273,82335975.04112522,79592107.79714027,77340449.27008279,74861492.62873277,73782129.2014179,73005024.94400266,68818920.83574523,66193113.32062271,70675324.20804031,76217745.26914284,72449143.23086774,69507183.44323279,73208699.41569781,73290414.80417769,66854072.12510276,84091406.7594352,71625640.78705522,82449290.04531275,82134023.69089764,75862169.99351527
2019-10-25,92352724.13617256,74958967.76218522,69328011.4676927,67099868.90873021,74043003.41379532,72845478.05178532,75856138.06692523,71019947.32730523,67962570.14382026,75755240.14636536,65074765.03533014,83496215.47865532,72296491.90884519,68610039.31025265,79705614.87346521,83795815.85262772,75889328.55545522,65985365.058072805,74186184.22466531,75365236.84135024,74619935.95523022,78465688.54290535,72296206.43543272,71448925.18300278,68785833.0410452,68692813.66194773,89436582.22313274,67950506.23920277,75774614.6913953,78125172.48272532,71024535.97526272,82275906.63662523,79586297.67664027,76977816.45058279,74679993.00873278,73576282.24441789,73029133.09450267,68608968.55624522,66448896.48262271,70743625.87454031,76047791.99114284,73195494.78536773,69763660.12973279,73376964.67569782,73405569.10817769,66883308.47610277,84140631.5059352,71566283.60255523,82423367.16081275,82037475.90889765,75879768.50001527
2019-10-28,92765374.94617255,75263331.32618521,69185980.14669271,67055809.96373021,73824353.0307953,72805558.85778531,75574905.08142522,71157043.05730522,67842849.35082024,75658415.72186536,65125207.50533014,83751893.71065533,71994965.2993452,68746607.37075266,79649400.48596522,83466168.36062773,75797931.38095522,65800135.043072805,73891534.23216532,75544047.10885024,74355894.2642302,78850376.67340535,72246193.23443271,71473005.27300279,68942954.66904521,68376773.01194772,89333953.15963274,68420557.27520277,75398907.7093953,78147189.90622532,70753745.22526272,82066930.37362523,79301125.06814028,77079685.74558279,74596070.35223278,73370390.9814179,73268721.09750266,68507600.06824523,66820755.68462271,70482347.70454031,75597330.09764284,72994463.87736773,69633011.10223278,73281725.70919782,73335109.0256777,66871040.00260277,83976555.06693521,71699069.79055524,82197278.31131275,82473292.71739765,75519071.64801528
2019-10-29,93120485.59617256,75575526.26718521,68972739.8986927,66673781.3413427,73280709.62129532,72559163.89028531,75233885.08142522,71366144.53380522,67965442.90732025,75059664.00586537,64943617.735830136,82995712.26241283,71901780.0388452,68514797.16418767,79267139.57746522,82907079.85712773,75360983.29495522,65459956.07107281,73623674.04616533,75217470.80135025,74041243.02623022,79083671.80790535,71767205.85943273,71190845.60800278,69113277.1530452,67673951.24894774,88986698.04663275,68748478.74770278,74633409.1528953,77670184.12572533,70646644.84826273,81491060.12862523,79215815.15414028,77196026.37558278,74269396.24373278,73018845.98691788,73014367.83500266,68181514.25874524,67095145.03873521,70201832.47047532,75251832.50364283,72772549.21086775,69406516.33173278,72734862.29519783,72877915.6461777,66319529.81660277,83936953.62693521,71704219.25255525,82007716.81231275,82634646.45439765,75060601.27301528
2019-10-30,93118485.59617256,75304439.26668522,69247312.14019272,66723817.28934271,73200695.84229532,72434449.21228532,75288337.21042523,71287724.11130524,67813202.73132026,74953759.73286536,64987771.19033013,82760862.17941283,71735397.7253452,68218863.34968767,79111177.90096521,83107142.27812773,75663693.92145522,65319510.930072814,73660663.97366533,74660495.33185025,74124573.70723021,79007968.33840536,71787726.18793271,71058908.5030028,68920435.37104522,67683167.49794774,88770276.61463276,68594366.98120278,74021359.41739531,77676686.62322533,70392620.29626273,81431221.02112523,79201535.77264029,77034064.95908278,74121939.19923279,72837758.9779179,72905404.00550267,68111772.87324524,67155701.78373522,70238962.87547532,74870850.24864283,72971524.40786774,69594023.57173279,72523704.28019783,73034482.9331777,66223012.75710277,84004610.30193521,71611905.43505526,82321203.22131276,82598755.25489765,74965259.27401528
2019-10-31,91869351.99117255,74223679.50918522,68879991.07919271,66264777.62034272,72940386.1212953,71997374.00328533,75088600.51792522,70461473.33130524,67495854.65532026,74641633.56386536,64731052.327830136,82465966.69641283,71022887.7435027,67699434.73718767,78431153.25646523,82851016.55662774,75162004.52945521,65136303.831220314,73234447.62100783,74152363.62834275,73943949.1452302,78071966.13432035,71638601.52043271,70515427.33200279,68312111.26604521,66809971.30186023,88087965.64863275,67550426.75820278,73835426.91089532,77149282.63672534,70010790.34926273,80852356.36624524,78431652.86664028,76519113.83958279,73973249.1192328,72556588.9459179,72476169.50250266,67600325.66124523,66472186.82923521,69833029.05147532,74414927.60514283,72596902.40836775,68941872.1497328,72103954.23219784,72624629.28217769,65784551.43370277,83123573.35993521,71127043.49655524,81925518.52881277,81383883.83389767,74590172.78651528
2019-11-01,91486434.09117256,74065667.40418522,68929732.60919273,66267203.26834272,73291719.06806031,72146488.53178534,75197089.06509271,69897931.56633273,67585375.02932025,75044949.38913037,64303804.94604514,83416707.78491282,70982299.66350271,67626095.40998766,78267597.52046522,82963913.75412774,75124346.98745522,65101002.647220306,73498562.90050784,75061674.00234276,74004634.80139771,77534637.82282037,71856942.27393273,71095617.86900279,68192746.11840521,66521585.60936023,88225748.89863275,67208199.88120279,73734391.69539532,77432050.95522533,70221118.03376272,80719467.63646522,78726005.63964029,76408712.05025029,73751385.5369328,72711024.08591789,72428045.44976766,67722540.08874524,66474671.39523521,69845961.15397532,74389634.53140783,72750723.80436775,69510044.3165928,72312307.25619784,73052305.64867769,65961886.86920276,83030566.9564352,71284299.48605525,81809716.41831276,80279508.67439766,74471578.68528028
2019-11-04,92362860.55517256,74347965.49168521,69261012.74569273,66793218.89634272,74334515.48056032,72028390.09828533,75267685.65235522,70079840.76083273,67746161.39132026,74886526.55063036,64685564.94354515,83443708.51391284,71567726.7575027,67819264.90948766,78556036.90596522,84411938.37062773,75666166.81295523,65082100.719720304,73550881.84650783,75638505.96684276,74200865.68439771,77687937.70182037,72150107.37893271,72115024.81900279,69099596.75340521,66613486.22086023,88681866.24963275,67820429.47470278,74389655.89989533,77913664.75522533,70902692.07326272,80571581.97896522,79405086.96414028,76904325.3267503,73728593.1984328,72585560.6549179,72489427.79476768,67883627.00874524,66967859.33873521,69634253.64547533,74863634.13140783,72838816.66786775,70300551.6880928,73301785.62769783,73636270.7526777,66389293.32420276,83746536.76443522,71449118.68331775,82173481.25681275,80255251.94139765,74775120.01278028
2019-11-05,92833622.22017255,74196923.80518521,69651768.35019273,66898293.99134272,74432395.66856031,72240015.04978533,75411623.99635522,70160631.50733273,67660449.75682026,74917084.11163037,64648063.417045146,83499028.69741285,71406323.00350271,68223243.67948768,78445048.47496523,84313229.14712773,75957723.23045523,65082639.98172031,73889150.43600783,75718619.84984276,74224395.07089771,77769865.47182037,72704389.01893273,72410622.6985028,69395451.6489052,66753220.70436023,88858486.21963274,67783480.00120279,74079243.16689533,78100586.15222533,71015495.48776272,81035921.68496524,79635550.70814028,76957788.35375029,73995506.9064328,72820127.0794179,72804227.48076767,68257896.60824524,67176662.64823522,69932620.46997532,74677332.44790784,72802882.81186776,70372806.7010928,73233478.09819783,73760120.2226777,66607006.24270277,83952617.40743521,71365294.28281775,82757017.87531276,80420897.69139765,74833767.74028029
2019-11-06,93027473.93917257,73766108.69718522,69502997.50469272,66829390.340842724,74289999.68456031,72314190.47078533,75104424.54335523,70054300.99783273,67891852.31932026,74961145.17313036,64630737.40154515,83684124.98991284,71233230.2135027,68588860.54198767,78455344.24146523,84949153.48812774,76107096.66495523,65285133.37272031,73746483.59750783,75435527.86284277,74496702.64789772,77598722.84332037,72493192.54393272,72383180.47850278,69338573.51490521,66857575.190860234,88993168.22063275,67976445.68520279,73916510.18489532,78539322.05722533,71275596.49676272,81610126.08946523,79588715.69514029,77285852.17625028,74058675.5969328,72770138.66691789,72848964.72576767,68271659.06724524,67079399.77873522,69929124.43397532,74849317.38690785,72606158.15186775,70144653.1790928,73828042.66169783,74064571.94667768,66791333.92470277,84038215.13793522,71332509.93531775,82771043.21881276,80438158.76389766,75411568.4547803
2019-11-07,92992758.03917256,73701932.96518521,69391964.62219274,66883121.63884272,74140162.57156032,72541577.71478534,75079960.16585523,69545281.76983273,67673083.95432027,74740556.17763036,64485848.26104514,83626287.02791286,71096772.6325027,68417972.63948768,78222551.26146522,84606365.02512774,75899795.29095523,65277228.10322031,74021654.42900784,75142961.22984277,73984583.05239773,77747156.45482036,72474665.78893273,72440639.3130028,69264906.0099052,66831817.46936024,88697884.54263276,67937600.35770279,74222171.52189533,78552332.74922533,71477137.80126274,81560281.82896525,79519915.20514028,77422561.84775029,73803871.5339328,72773257.0739179,73146036.19826767,68060065.66924524,66986882.298735216,70187260.68547533,74912653.35690784,72403926.36886775,70312110.5145928,73693739.77519783,73638904.97617769,66859670.49570277,83653754.06243522,71163753.81781775,82787522.51031277,80292074.36289766,75214988.94478029
2019-11-08,92889577.34117256,73700593.74718522,69342049.57919273,66525668.063342735,74282228.10756034,72683416.98528533,75084798.35485522,69290099.64283273,67192706.40682027,74557473.87363037,64357460.33704515,83245939.98541287,71212019.54550272,68367159.83848768,78087995.18946522,84084662.62362775,75591105.11195523,65275512.499720305,73869960.93900785,75233748.23434277,73796331.91839772,77315422.74982037,72512669.90593272,72167929.68250279,69173891.9189052,66802589.12986024,88546167.68113275,67825539.05770278,74243736.68439534,78111182.08872533,71306897.62776273,81289963.21296525,79325616.46564028,77333428.08325028,73618598.18243282,72526633.6489179,73044237.17976768,68109605.54124524,66836138.63723521,69914930.19597533,74528573.90140785,71961609.10786776,70075531.36409281,73400040.82419784,73594750.6376777,66747586.75170277,83306937.67343521,70898955.08831775,82332052.28981276,80091312.44089764,74921516.2427803
2019-11-11,92302352.20367256,73128490.5336852,69191508.62269273,66011728.69734274,73770305.01806034,72351419.92078534,74503590.23635523,69082002.57483274,66681793.24682027,74104292.89613038,63851566.04354515,82454397.49241287,70980957.33750272,68002190.13248768,77771310.02746522,83499120.17062776,75254256.48145522,64460253.819720306,73629974.81450786,74735884.06334278,73198170.97189772,76730651.24232037,71986979.64743271,71639087.14000279,68907092.27540521,66528223.44686024,87695547.70813274,67297224.67770278,73759529.20939533,77786242.19472533,70999855.70876274,80924665.13196525,78661606.11264029,76861634.54275028,73201470.38193281,72159795.8904179,72677177.62626769,67482994.12774524,66575904.27073521,69487749.87547533,74035412.16090786,71343231.84086776,69297669.45659281,72909553.95069784,73050636.7681777,66409006.91320276,82656683.4194352,70461943.59681776,81826198.03881277,79382317.15489765,74407701.42578028
2019-11-12,92421199.84667256,72735530.51568522,69491329.85169274,66230518.875342734,73818759.09456035,71933406.15078533,74310014.51435524,69052076.96883273,66700596.63882027,74053414.28013037,64001829.527545154,82346069.08541286,70796599.82000273,67563827.9064877,77777403.77746524,83679341.81762776,75032088.84995523,64334658.96722031,73326388.40800786,74676525.02934279,73148087.46489772,76968976.77332036,72087284.26493272,71720384.5395028,68641616.26390521,66475656.20836024,87932483.19813275,67399088.98070279,74100211.38539535,77754577.21072534,70931137.47576274,80962251.34146523,78393069.29364029,76861146.98575029,73279608.91643281,72324952.7744179,72470112.55776769,67402859.47974524,66669143.45123521,69519231.54897532,74027031.66340786,71305387.65086776,69445237.27109283,72790515.89669785,73280761.8106777,66300244.60020277,82518507.5979352,70792333.63631776,81771198.57981277,79554774.95139764,74233393.94928029
2019-11-13,92116199.84667256,72229298.61418521,69604860.35319275,66267141.03234273,73649629.88956036,71660109.84478532,73727898.96912023,68697894.27033274,66334698.453320265,73758572.04063039,63868693.09254515,81817200.73241287,70336947.02500275,67079830.1267877,77393356.17996524,83208265.33012778,74747233.59045523,64057651.71722031,73018391.06550786,74447714.28034279,72841557.60459775,76475281.02982037,71756055.51093273,70980813.9570028,68361480.33590522,66389267.90036024,87700446.90113275,66871064.796702795,73839303.21539535,77320093.66722533,70500610.42926274,80301560.18246524,78047569.4361403,76527344.7862503,72899292.61543281,72033131.3482779,71846344.1427677,66918401.43974525,66528821.967735216,69267549.84347533,73577021.05960786,70894089.81436777,68951875.10409282,72217547.32669786,72931543.29417771,65938563.11920276,82115248.4519352,70374154.24731778,81291692.04881278,78807654.85389765,73734568.13754529
2019-11-14,91879199.84667256,71824787.15768522,69626516.81619275,66021057.441842735,73217774.10206036,71368298.84128532,73240803.04462025,68357295.51683274,65801528.60118527,72968680.14113039,63203636.133545145,81456830.31901537,69988870.29900275,66836483.00378771,76935641.03596523,82937461.24812777,74616369.53071022,63724739.4655103,72871586.24700786,74005382.95651029,72700347.99559775,75745223.04920536,71727096.00693272,70648359.6035028,68026439.88690522,66350047.49886025,87513229.75731775,66836646.85070279,73830412.17306285,76784253.05998033,69919180.47476274,80233209.54296525,78019339.13364029,75984425.5315053,72158240.57493281,71624187.3857779,71717328.7812677,66688810.155245245,66109186.101235226,69165213.05947533,73133355.41685286,70785598.80986777,68691634.11209282,71627551.47769785,72841159.91943271,65586088.22920276,81948115.51243521,70062017.43366027,80962177.89631276,78277583.29601765,73001850.8748003
2019-11-15,90840789.86723256,70595799.91924773,69241496.10519275,65857815.93084273,73093283.59906036,70891063.29728532,72657859.26412025,67640313.78183275,65625931.16518527,72421810.78113039,62757107.18254515,81109420.52451538,69346211.11800274,66547152.68978771,75990441.34396525,82698676.00912777,74461034.05371024,63111223.51301031,72673267.97286786,73024449.35401028,72102222.07509775,75535175.52570537,71150969.40093273,70522224.9400028,67843645.87564522,66096163.11936025,86751243.99143776,65818404.697202794,73417536.00562535,76383488.76428033,69314786.19726273,79412638.21296525,77588834.4212753,75003118.66950531,72006993.40693283,71416054.3557779,71362921.95312771,66337950.93324525,65682625.33723523,68686229.02639532,73233798.82735287,70683331.42836776,68559999.35409282,71009157.63319786,72082729.03843272,65457426.39420276,81300777.10693522,69603989.08366027,79696789.78281276,78244623.17301765,72715060.9508003
2019-11-18,90209687.86426255,70447756.72143523,68976197.53038025,65240310.38634274,72784129.99556038,70329654.60026032,72446058.71912026,67180885.07632025,65369802.90082027,71944641.8652504,62351796.280545145,80511680.97801536,69010097.58786526,66384074.863942705,75337763.93653023,82348378.27462777,74252677.74536523,62609250.27068031,72334797.10036786,72478618.45303029,71433195.65511775,75428668.60120536,70913588.63293272,70045523.1450028,67247377.23580022,65651368.00786025,85828504.62291026,65638375.3728728,72906725.27778035,75939873.10409033,68897988.74976274,78910532.96428275,77564508.47877532,74340785.03100532,71305684.37406783,71281108.87977791,71140302.53641021,66160061.36545025,65168863.495235234,68136211.24555033,72988752.24235287,70481302.87086776,68389682.79186532,70721938.32383285,71629573.5644077,65423562.88820276,81095720.92993522,69276903.25866027,79246131.28911775,77575150.77599765,72333054.92180029
2019-11-19,90728807.75126256,70618110.62393524,68826219.42388023,65823818.55084275,73076869.79606037,70647123.54826033,72532039.24112026,67122375.19632025,65371384.84982027,72087716.6157504,62746757.43554515,81029149.93501537,69016380.27736527,66403550.20194271,75520108.27083024,82973392.12562779,74555377.56836523,62560148.71318031,72587972.18325536,72843089.37703028,71667950.39611775,75797212.54870537,71020966.03643273,70131767.12000279,67034308.55480022,66003022.178860255,86320051.38091028,65704505.92984779,73124319.00478035,76219166.40309034,69566448.23276274,79424942.46328275,77594515.00827532,74741177.57450533,71915737.43306783,71394701.35877791,71637897.16091022,66271882.51945024,65293133.96723524,68447126.97255033,73090170.20585287,70426206.74336778,68631217.36686534,70907928.14683285,71962555.17290771,65496102.956202745,81959384.85593522,69602621.51016027,79030998.61911775,77841135.61599766,72606538.3311878
2019-11-20,90880306.52276257,70711551.44143525,68550891.04388024,66056631.19034274,72997628.40806037,70662787.04926033,72816881.53712027,67339264.01782025,65443771.28732027,71718453.5512504,62815198.47554515,81582167.60051537,69085635.20936526,66805315.98494271,75726365.19083025,82494599.91062778,74603138.17086524,62887892.10368031,71965945.43475536,72725765.29703029,71474458.53161776,75155812.25770538,70996158.15493274,70128454.39250278,66780430.95730023,65721662.04836026,86046792.56041028,65488884.772847794,72886665.60678035,75337638.23109034,69834035.14976273,78917516.05678275,77748734.7652753,75650196.45550533,72812594.23506783,70913551.7602779,71499459.47441022,66625740.40145025,65306464.28873524,68116754.64255033,72763240.76185288,70365491.33886778,68431574.82586533,70824194.47183287,72295102.0784077,65420296.60720275,82013073.75043523,69005834.22816028,78803546.03211775,77353109.58999765,72252124.87718779
2019-11-21,90579816.13305506,70168690.27293526,67796284.54588024,65549707.55834275,72359460.83406037,70526892.41876033,72116623.11862028,66938689.950465254,65345195.23282027,71475326.46225041,62423058.86804515,80570691.41359538,68688258.10236527,66300654.566442706,75750897.22883025,81946023.13912778,74352640.30136523,62483297.5019678,71540731.15703537,71911140.17453028,71215451.09261775,75284270.70970538,70668016.81657773,69320620.26678279,66274213.55530023,65355638.86086026,85370521.65091027,65379402.1028478,72246929.45378037,74755787.36459035,69284915.92576274,78402579.91678277,77434817.82177532,75213031.63700533,73048003.95856783,70328831.35077791,71454411.23491022,66110453.05345024,64697162.19902275,67094229.82855034,72392669.20885289,69819630.41136777,67931086.93336535,70802304.05533287,71936333.3860977,65260470.13820276,81328590.29643524,68195397.83735028,78048427.16511777,76719751.88599767,71943991.7316878
2019-11-22,89800537.49479006,68541061.01075776,67241257.05000524,64593389.444012746,72177064.59456038,69634602.27426034,71428875.39574027,66332325.02384526,64433229.02797028,70583292.44725043,61689329.21695765,79959477.16410539,68250181.49977528,65931967.007942714,74497703.85545525,80534670.47108027,73544924.90204273,62118957.697467804,70531404.47628036,71445532.57725528,70080889.24378775,73731233.30372037,70186678.79110774,68769111.2174578,65599343.12330023,65031692.34780275,84310191.82069027,64384869.5163478,71279590.33995536,73191876.33319534,68895321.35988775,77893175.76428276,76592167.86240031,74334985.38800535,72027224.09427033,69443773.6850754,70392486.09778273,65539567.48383024,63714873.862322755,66110745.76766784,71674453.22585289,69619313.79599279,67652794.21251033,69824999.34497786,70757461.45459771,64615511.440212764,80787037.54185523,67851059.10585026,77503794.30289777,75393006.46561766,70748543.7876828
2019-11-25,89324004.29629007,67748365.74625775,66830744.99616025,64331325.904212736,71903087.52306038,69562143.65176034,70622874.30241777,65932884.89209776,64075596.25247028,70481741.59250292,61569514.822457656,79489952.07960539,68306866.36777528,65434319.44844271,73884229.10695525,80662797.28108028,73437698.59104273,61458669.166967794,70143799.85228038,71251076.50729029,69525829.12978774,73419721.88122037,70019251.54260772,68676126.4029578,65472862.79830024,64967727.63880275,83831746.85419028,63817323.28284781,71276198.91795537,72907565.63719535,68461208.61157775,77668207.04643776,76121788.64540032,73929192.41000533,71988324.09677035,69545334.83607541,69866474.98778273,64963030.50783025,63297831.050322756,66051900.24366784,70976969.87249789,69600103.58549279,67585160.55851033,69217900.97163287,70136346.88409771,64040864.90671277,80803170.45435524,67682927.85388526,77335400.25389776,74718395.95671767,70163193.9256828
2019-11-26,89567028.96029007,67651585.18975776,66833325.45366024,64190580.56771273,72012492.67806038,69609726.02426034,70237773.38491777,65881838.44859777,64121216.88997028,70403276.09200293,61590378.02245766,79530059.45360538,68407360.09827527,65869544.18394272,73873770.58695525,80773976.61308028,73360193.44404273,61355420.6653028,70204118.05278036,71327843.23129028,69476433.32728775,73519974.84272036,69923752.19810773,68578464.0841078,65547101.46480024,64853093.65930275,84181202.15669027,63889726.46084781,71374758.79595537,72987201.64719534,68410272.99557775,77236278.99243777,75947082.08240032,73887748.59150533,71936583.23927034,69201136.35357541,69697781.93328273,64798327.98383024,63326172.57932275,66238102.49966784,70802080.9909979,69240000.9044928,67467540.10101034,69057383.67563286,70126589.1240977,63896905.40771277,80755581.10235524,67431846.36488526,77482787.67989776,74703818.15721765,70063490.8481828
2019-11-27,89906546.07829008,67433488.45675777,66464166.319050245,64464079.65271273,71908881.59256038,69400007.61076035,70043111.63891777,65772683.60359776,63819290.85247028,70061712.59550293,61332968.37195766,79631416.97710538,68008898.83077528,65510930.14644271,73593813.33395526,80454427.26458028,72849230.93404272,60995850.075802796,69770095.06878036,71050627.59429029,69216483.25678775,73605546.06672037,70082584.30010773,68388026.5356078,65273887.06830025,65113503.25330275,84293218.98269027,63552956.93283031,71731616.90345538,72713440.45569533,67984482.46657775,76668981.40593776,75535967.57790032,73266203.17600533,72228764.23227035,68919396.3220754,69686638.81728274,64512882.025330245,63305293.857822746,65930617.23016784,70656247.4089979,68630531.86349279,67287426.65551034,68461579.75313288,69470135.97709772,63994103.112712786,80550369.90685524,66961958.79288526,77528444.27639776,74367698.89271766,70647111.60268278
2019-11-28,89649806.36531506,66747501.05025777,66006943.57155024,63948825.08721273,71185527.75646788,69102740.00426035,69595682.25791778,65455299.422597766,63203845.23506778,69750702.30600293,60727863.58464266,79045226.34010538,67832144.46727528,65411535.317942716,73050419.02207525,79868249.47384028,72209940.04354273,60331046.1548028,69389738.72981036,70799275.29579028,69111439.12478775,73019141.93222037,69581764.73960772,67576281.3366078,65369962.57830025,64920831.588302754,83686288.08269027,63059425.44304532,71214075.99095538,72278456.06719534,67565148.06604776,75987363.34484276,74972614.13290031,72511171.59500535,72133922.16177034,68300745.12269539,69348821.78228272,63869674.18742776,62795782.230322756,65134273.585167855,69960733.4125779,67937011.1554928,66795065.419510335,67678744.83789288,69094499.81414771,63317440.702712774,79881711.06843524,66140888.25738526,76807593.21811277,73922844.35521765,69846182.23318279
2019-11-29,89861922.98531507,67034084.139257774,65882098.22511524,64105997.87121272,70872248.53396788,69361617.40676033,69587604.59991778,65383069.32209777,63465973.62606779,70255550.67200293,60952477.31564267,79018241.04595038,67773945.09077528,65331890.358942725,72949781.39207526,80221687.62584028,72490976.60104273,60396001.0313028,69696573.93731035,71375377.17379029,69766448.10778776,73133035.05772038,69296760.00360772,67659150.08160782,65733816.19830026,65043379.827302754,83874332.67119028,63043957.485545315,71115058.04295537,72391039.37569535,68092266.91354775,76154905.54434276,75321874.3129003,72975888.85050535,71940526.66027033,68164688.2626954,69659145.78729273,63719070.16442776,62778039.70182276,65069933.09816786,69920586.7875779,68099170.19299279,67023266.04551034,67489679.99839288,69159713.87914771,63149248.75971277,79964347.65193523,65934810.49945027,76730201.82761277,74163584.14021766,69918021.01568279
2019-12-02,88564922.98531507,66067011.36225778,64887598.21261525,63319256.729202725,69853868.86596787,68544452.35726035,68538885.60141778,64330677.05984777,62621552.05006779,69186679.17100292,60202148.700642675,77955306.2546379,67049661.80477528,64456910.42694272,72174320.46757527,78928099.68984029,71186041.27986524,59472073.1698028,68541652.57583036,70026327.53929028,68831756.08078776,71856189.69570538,68099324.98760773,66747550.99560781,64715703.568800256,64251158.00380276,82317958.60619028,62359781.90156532,69836032.04345539,71394884.30819535,66943148.97404776,74870325.86334276,74488550.11577532,72119597.32100534,70834258.86777034,67586627.9691954,68424140.56179273,62642863.06017776,61615938.60632276,64140352.642167866,68775633.96207792,67186512.24749279,66070160.34901033,66637855.129392885,68256591.4329427,62456556.17621277,78832104.17912275,64865200.71795027,75149014.40611278,73399167.33371766,68805597.31424528
2019-12-03,88732781.20046006,65911121.212330274,64988520.930115245,63181231.28670272,69508171.82596788,68617905.91365035,68364895.33432528,64421281.78984777,62390301.62756779,68747107.60100293,59432070.35564268,77305146.0747829,66930965.04977529,64259796.976942725,70744964.18757527,78736033.81176528,71065668.28625524,58900808.579517804,68365786.07583036,70023838.46186279,68853539.96078777,71899536.28320539,67962379.41760774,66716925.77060781,64652152.36130026,63957123.903070256,82144263.74119028,62441148.516565315,69609655.55595538,71111148.98966035,66864172.85904776,74644916.70584276,73578277.49077532,71376011.03062534,70959484.59777033,67274686.35834539,68282869.28068274,62351451.59767776,61574535.56382276,63568700.402300365,68581376.83370292,67274801.4950428,66038556.48255284,66099520.481892884,67955870.6354427,62431523.221212775,78784387.37162274,64280409.375450276,75023951.74125777,72828226.71610767,68929865.86924529
2019-12-04,89124781.20046006,66109875.194830276,64875719.61261524,63136087.34420272,69662319.75596789,68785865.67865035,68614994.5593253,64599841.777347766,62557946.17756779,68629448.82600293,59502575.52314268,77158509.3472829,67109337.80477528,64471437.251942724,70969865.22007528,78719509.36676529,71150984.51125523,59253906.45701781,68293893.17583035,69964122.06936279,68896792.94578776,71872726.0282054,68164583.43760774,66685920.303107806,64647582.94130026,63947423.41807026,81999528.59119028,62369781.45906531,69859016.31595539,71020055.92966035,66781435.84404776,74588449.07584277,73806692.94077532,71633396.63562535,71259387.10777034,67092762.9133454,68274690.44068274,62522230.06267776,61779543.43882276,63593606.927300364,68771174.85870291,67487137.6950428,66242825.737552844,66307902.096892886,68172822.11044271,62615833.228712775,78716547.86662273,64252857.157950275,74935241.64375778,72840732.94610767,68804305.59424528
2019-12-05,88798781.20046006,66009875.194830276,64650719.61261524,63136087.34420272,69567319.75596789,68465865.67865035,68244994.5593253,64284841.777347766,62287946.17756779,68566921.42532292,59417575.52314268,77158509.3472829,66809337.80477528,64156437.251942724,70864865.22007528,78449509.36676529,70825984.51125523,59149932.51951781,68293893.17583035,69694122.06936279,68691792.94578776,71647726.0282054,67844583.43760774,66769920.303107806,64422582.94130026,63722423.41807026,81999528.59119028,62369781.45906531,69874016.31595539,70795055.92966035,66493908.443367764,74588449.07584277,73696692.94077532,71308396.63562535,71024387.10777034,67092762.9133454,68364690.44068272,62252230.06267776,61767543.43882276,63593606.927300364,68748406.13370292,67167137.6950428,65927825.737552844,66212902.096892886,68072822.11044271,62525833.228712775,78818547.86662273,64252857.157950275,74665241.64375778,72615732.94610767,68894305.59424528
2019-12-06,88722781.20046006,66035875.194830276,64675719.61261524,63136087.34420272,69529319.75596789,68452865.67865035,68234994.5593253,64273841.777347766,62337946.17756779,68566921.42532292,59449575.52314268,77158509.3472829,66811337.80477528,64211437.251942724,70822865.22007528,78479509.36676529,70810984.51125523,59115932.51951781,68293893.17583035,69812122.06936279,68819792.94578776,71672726.0282054,67831583.43760774,66643920.303107806,64447582.94130026,63747423.41807026,81999528.59119028,62369781.45906531,69716016.31595539,70820055.92966035,66518908.443367764,74588449.07584277,73740692.94077532,71293396.63562535,70874387.10777034,67092762.9133454,68229690.44068274,62236230.06267776,61614543.43882276,63593606.927300364,68748406.13370292,67154137.6950428,65916825.737552844,66174902.096892886,68032822.11044271,62489833.228712775,78665547.86662273,64318857.157950275,74695241.64375778,72640732.94610767,68759305.59424528
2019-12-09,88643781.20046006,66076875.194830276,64535719.61261524,63136087.34420272,69548319.75596789,68331865.67865035,68086994.5593253,64151841.777347766,62264946.17756779,68566921.42532292,59487575.52314268,77158509.3472829,66690337.80477528,64110437.251942724,70843865.22007528,78311509.36676529,70690984.51125523,59132932.51951781,68293893.17583035,69672122.06936279,68707792.94578776,71532726.0282054,67710583.43760774,66685920.303107806,64307582.94130026,63607423.41807026,81999528.59119028,62369781.45906531,69780016.31595539,70680055.92966035,66378908.443367764,74588449.07584277,73790692.94077532,71173396.63562535,70799387.10777034,67092762.9133454,68274690.44068274,62142230.06267776,61671543.43882276,63593606.927300364,68748406.13370292,67033137.695042804,65794825.737552844,66193902.096892886,68052822.11044271,62507833.228712775,78716547.86662273,64339857.157950275,74527241.64375778,72500732.94610767,68804305.59424528
2019-12-10,88444781.20046006,66022875.194830276,64525719.61261524,63136087.34420272,69548319.75596789,68321865.67865035,68074994.5593253,64141841.777347766,62202946.17756779,68566921.42532292,59433575.52314268,77158509.3472829,66677254.30477528,64046437.251942724,70843865.22007528,78299509.36676529,70680984.51125523,59132932.51951781,68293893.17583035,69588122.06936279,68622709.44578776,71522726.0282054,67700583.43760774,66615920.303107806,64297582.94130026,63597423.41807026,81999528.59119028,62369781.45906531,69701932.81595539,70670055.92966035,66368908.443367764,74588449.07584277,73718692.94077532,71163396.63562535,70714387.10777034,67092762.9133454,68199690.44068274,62134230.06267776,61606543.43882276,63593606.927300364,68748406.13370292,67023137.695042804,65784825.737552844,66193902.096892886,68052822.11044271,62507833.228712775,78631547.86662273,64285857.157950275,74515241.64375778,72490732.94610767,68729305.59424528
2019-12-11,88869781.20046006,66004875.194830276,64895719.61261524,63136087.34420272,69605319.75596789,68748865.67865035,68578994.5593253,64565841.777347766,62474946.17756779,68566921.42532292,59406575.52314268,77158509.3472829,67104254.30477528,64392437.251942724,70906865.22007528,78743509.36676529,71110984.51125523,59183932.51951781,68293893.17583035,69928122.06936279,68888709.44578776,71892726.0282054,68127583.43760774,66587920.303107806,64667582.94130026,63967423.41807026,81999528.59119028,62369781.45906531,69728932.81595539,71040055.92966035,66738908.443367764,74588449.07584277,73680692.94077532,71593396.63562535,71114387.10777034,67092762.9133454,68169690.44068274,62484230.06267776,61634543.43882276,63593606.927300364,68748406.13370292,67450137.6950428,66208825.737552844,66250902.096892886,68112822.11044271,62561833.228712775,78597547.86662273,64207857.157950275,74959241.64375778,72860732.94610767,68699305.59424528
2019-12-12,89378781.20046006,65957294.84485027,65150719.61261524,63136087.34420272,69605319.75596789,69003865.67865035,68884994.5593253,64820841.777347766,62735946.17756779,68566921.42532292,59463575.52314268,77158509.3472829,67359254.30477528,64704437.251942724,70906865.22007528,79049509.36676529,71365984.51125523,59183932.51951781,68293893.17583035,70310122.06936279,69219709.44578776,72147726.0282054,68382583.43760774,66629920.303107806,64922582.94130026,64222423.41807026,81999528.59119028,62369781.45906531,69773932.81595539,71295055.92966035,66993908.443367764,74588449.07584277,73756692.94077532,71848396.63562535,71414387.10777034,67092762.9133454,68214690.44068274,62688230.06267776,61673543.43882276,63593606.927300364,68748406.13370292,67705137.6950428,66463825.737552844,66250902.096892886,68112822.11044271,62561833.228712775,78648547.86662273,64264857.157950275,75265241.64375778,73115732.94610767,68744305.59424528
2019-12-13,89150953.95046006,65931833.044850275,65010719.61261524,63136087.34420272,69581131.04596789,68839676.96865034,68691532.7593253,64657926.15734777,62601030.55756779,68566921.42532292,59441932.99314268,77158509.3472829,67195065.59477529,64541521.63194273,70880130.33007528,78881509.36676529,71200522.71125524,59162289.98951781,68293893.17583035,70142122.06936279,69079709.44578776,72007726.0282054,68218394.72760774,66629920.303107806,64782582.94130026,64082423.41807026,81999528.59119028,62369781.45906531,69749744.10595539,71155055.92966035,66853908.443367764,74588449.07584277,73728684.96077532,71682934.83562535,71248925.30777034,67092762.9133454,68214690.44068274,62553314.442677766,61650627.818822764,63593606.927300364,68748406.13370292,67540948.98504281,66300910.11755285,66226713.386892885,68087360.31044272,62538917.60871278,78648547.86662273,64264857.157950275,75097241.64375778,72975732.94610767,68744305.59424528
2019-12-16,89613953.95046006,65931833.044850275,64920719.61261524,63136087.34420272,69581131.04596789,68749676.96865034,68583532.7593253,64567926.15734777,62529030.55756779,68566921.42532292,59441932.99314268,77158509.3472829,67105065.59477528,64451521.63194273,70880130.33007528,78773509.36676529,71110522.71125524,59162289.98951781,68293893.17583035,70034122.06936279,68989709.44578776,71917726.0282054,68128394.72760774,67063920.303107806,64692582.94130026,63992423.41807026,81999528.59119028,62369781.45906531,70214744.10595538,71065055.92966035,66763908.443367764,74588449.07584277,73728684.96077532,71592934.83562535,71623925.30777034,67092762.9133454,68679690.44068272,62481314.442677766,62053627.818822764,63593606.927300364,68748406.13370292,67450948.98504281,66210910.11755285,66226713.386892885,68087360.31044272,62538917.60871278,79175547.86662273,64264857.157950275,74989241.64375778,72885732.94610767,69209305.59424528
2019-12-17,89695953.95046006,65931833.044850275,64965719.61261524,63136087.34420272,69581131.04596789,68794676.96865034,68637532.7593253,64612926.15734777,62565030.55756779,68566921.42532292,59441932.99314268,77158509.3472829,67150065.59477529,64496521.63194273,70880130.33007528,78827509.36676529,71155522.71125524,59162289.98951781,68293893.17583035,70088122.06936279,69034709.44578776,71962726.0282054,68173394.72760774,67077920.303107806,64737582.94130026,64037423.41807026,81999528.59119028,62369781.45906531,70229744.10595539,71110055.92966035,66808908.443367764,74588449.07584277,73728684.96077532,71637934.83562535,71683925.30777034,67092762.9133454,68694690.44068274,62517314.442677766,62066627.818822764,63593606.927300364,68748406.13370292,67495948.98504281,66255910.11755285,66226713.386892885,68087360.31044272,62538917.60871278,79192547.86662273,64264857.157950275,75043241.64375778,72930732.94610767,69224305.5942453
2019-12-18,89368953.95046006,65931833.044850275,64990719.61261524,63136087.34420272,69581131.04596789,68819676.96865034,68667532.7593253,64637926.15734777,62573030.55756779,68566921.42532292,59429932.99314268,77158509.3472829,67175065.59477529,64509521.63194273,70880130.33007528,78857509.36676529,71180522.71125524,59162289.98951781,68293893.17583035,70102122.06936279,69043709.44578776,71987726.0282054,68198394.72760774,66825920.303107806,64762582.94130026,64062423.41807026,81999528.59119028,62369781.45906531,69959744.10595539,71135055.92966035,66833908.443367764,74588449.07584277,73712684.96077532,71662934.83562535,71438925.30777034,67092762.9133454,68424690.44068274,62537314.442677766,61832627.818822764,63593606.927300364,68748406.13370292,67520948.98504281,66280910.11755285,66226713.386892885,68087360.31044272,62538917.60871278,78886547.86662273,64252857.157950275,75073241.64375778,72955732.94610767,68954305.59424528
2019-12-19,88817953.95046006,65931833.044850275,64650719.61261524,63136087.34420272,69581131.04596789,68479676.96865034,68259532.7593253,64297926.15734777,62256030.55756779,68566921.42532292,59384932.99314268,77158509.3472829,66835065.59477528,64124521.63194273,70880130.33007528,78449509.36676529,70840522.71125524,59162289.98951781,68293893.17583035,69634122.06936279,68643709.44578776,71647726.0282054,67858394.72760774,66825920.303107806,64422582.94130026,63722423.41807026,81999528.59119028,62369781.45906531,69959744.10595539,70795055.92966035,66493908.443367764,74588449.07584277,73652684.96077533,71322934.83562535,71098925.30777034,67092762.9133454,68424690.44068274,62265314.442677766,61832627.818822764,63593606.927300364,68748406.13370292,67180948.98504281,65940910.11755285,66226713.386892885,68087360.31044272,62538917.60871278,78886547.86662273,64207857.157950275,74665241.64375778,72615732.94610767,68954305.59424528
2019-12-20,89083953.95046006,65931833.044850275,64665719.61261524,63136087.34420272,69581131.04596789,68494676.96865034,68277532.7593253,64312926.15734777,62301030.55756779,68566921.42532292,59417932.99314268,77158509.3472829,66850065.59477528,64172521.63194273,70880130.33007528,78467509.36676529,70855522.71125524,59162289.98951781,68293893.17583035,69696122.06936279,68702709.44578776,71662726.0282054,67873394.72760774,66965920.303107806,64437582.94130026,63737423.41807026,81999528.59119028,62369781.45906531,70109744.10595539,70810055.92966035,66508908.443367764,74588449.07584277,73696684.96077532,71337934.83562535,71263925.30777034,67092762.9133454,68574690.44068274,62277314.442677766,61962627.818822764,63593606.927300364,68748406.13370292,67195948.98504281,65955910.11755285,66226713.386892885,68087360.31044272,62538917.60871278,79056547.86662273,64240857.157950275,74683241.64375778,72630732.94610767,69104305.59424528
2019-12-23,89551953.95046006,65931833.044850275,65115719.61261524,63136087.34420272,69581131.04596789,68944676.96865034,68817532.7593253,64762926.15734777,62541030.55756779,68566921.42532292,59297932.99314268,77158509.3472829,67300065.59477529,64502521.63194273,70880130.33007528,79007509.36676529,71305522.71125524,59162289.98951781,68293893.17583035,70077958.4866128,68992709.44578776,72112726.0282054,68323394.72760774,66993920.303107806,64887582.94130026,64187423.41807026,81999528.59119028,62369781.45906531,70139744.10595539,71260055.92966035,66958908.443367764,74588449.07584277,73536684.96077532,71787934.83562535,71743925.30777034,67092762.9133454,68604690.44068274,62637314.442677766,61988627.818822764,63593606.927300364,68748406.13370292,67645948.98504281,66405910.11755285,66226713.386892885,68087360.31044272,62538917.60871278,79090547.86662273,64120857.157950275,75223241.64375778,73080732.94610767,69134305.59424528
2019-12-24,89791589.22546007,65931833.044850275,65130719.61261524,63136087.34420272,69581131.04596789,68959676.96865034,68835532.7593253,64777926.15734777,62536011.72256779,68566921.42532292,59280914.15814268,77158509.3472829,67315065.59477529,64500502.796942726,70880130.33007528,79025509.36676529,71320522.71125524,59162289.98951781,68293893.17583035,70095958.4866128,68985017.66578776,72127726.0282054,68338394.72760774,67175920.3031078,64902582.94130026,64202423.41807026,81999528.59119028,62369781.45906531,70334744.10595539,71275055.92966035,66973908.443367764,74588449.07584277,73513993.18077533,71802934.83562535,71953925.30777034,67092762.9133454,68799690.44068274,62649314.442677766,62157627.818822764,63593606.927300364,68748406.13370292,67660948.98504281,66420910.11755285,66226713.386892885,68087360.31044272,62538917.60871278,79311547.86662273,64103838.322950274,75241241.64375778,73095732.94610767,69329305.59424528
2019-12-25,89794589.22546007,65931833.044850275,65200719.61261524,63136087.34420272,69581131.04596789,69029676.96865034,68919532.7593253,64847926.15734777,62592011.72256779,68566921.42532292,59280914.15814268,77158509.3472829,67385065.59477529,64570502.796942726,70880130.33007528,79109509.36676529,71390522.71125524,59162289.98951781,68293893.17583035,70179958.4866128,69055017.66578776,72197726.0282054,68408394.72760774,67105920.303107806,64972582.94130026,64272423.41807026,81999528.59119028,62369781.45906531,70259744.10595539,71345055.92966035,67043908.443367764,74588449.07584277,73513993.18077533,71872934.83562535,71948925.30777034,67092762.9133454,68724690.44068274,62705314.442677766,62092627.818822764,63593606.927300364,68748406.13370292,67730948.98504281,66490910.11755285,66226713.386892885,68087360.31044272,62538917.60871278,79226547.86662273,64103838.322950274,75325241.64375778,73165732.94610767,69254305.59424528
2019-12-26,89711589.22546007,65931833.044850275,65385719.61261524,63136087.34420272,69581131.04596789,69214676.96865034,69141532.7593253,65032926.15734777,62740011.72256779,68566921.42532292,59280914.15814268,77158509.3472829,67570065.59477529,64755502.796942726,70880130.33007528,79331509.36676529,71575522.71125524,59162289.98951781,68293893.17583035,70401958.4866128,69240017.66578776,72382726.0282054,68593394.72760774,66853920.303107806,65157582.94130026,64457423.41807026,81999528.59119028,62369781.45906531,69989744.10595539,71530055.92966035,67228908.44336776,74588449.07584277,73513993.18077533,72057934.83562535,71863925.30777034,67092762.9133454,68454690.44068274,62853314.442677766,61858627.818822764,63593606.927300364,68748406.13370292,67915948.98504281,66675910.11755285,66226713.386892885,68087360.31044272,62538917.60871278,78920547.86662273,64103838.322950274,75547241.64375778,73350732.94610767,68984305.59424528
2019-12-27,89872589.22546007,65931833.044850275,65500719.61261524,63136087.34420272,69581131.04596789,69329676.96865034,69279532.7593253,65147926.15734777,62832011.72256779,68566921.42532292,59280914.15814268,77158509.3472829,67685065.59477529,64870502.796942726,70880130.33007528,79469509.36676529,71690522.71125524,59162289.98951781,68293893.17583035,70539958.4866128,69355017.66578776,72497726.0282054,68708394.72760774,66853920.303107806,65272582.94130026,64572423.41807026,81999528.59119028,62369781.45906531,69989744.10595539,71645055.92966035,67343908.44336776,74588449.07584277,73513993.18077533,72172934.83562535,71978925.30777034,67092762.9133454,68454690.44068274,62945314.442677766,61858627.818822764,63593606.927300364,68748406.13370292,68030948.98504281,66790910.11755285,66226713.386892885,68087360.31044272,62538917.60871278,78920547.86662273,64103838.322950274,75685241.64375778,73465732.94610767,68984305.59424528
2019-12-30,89777589.22546007,65931833.044850275,65595719.61261524,63136087.34420272,69581131.04596789,69424676.96865034,69393532.7593253,65242926.15734777,62908011.72256779,68566921.42532292,59280914.15814268,77158509.3472829,67780065.59477529,64965502.796942726,70880130.33007528,79583509.36676529,71785522.71125524,59162289.98951781,68293893.17583035,70653958.4866128,69450017.66578776,72592726.0282054,68803394.72760774,66685920.303107806,65367582.94130026,64667423.41807026,81999528.59119028,62369781.45906531,69809744.10595539,71740055.92966035,67438908.44336776,74588449.07584277,73513993.18077533,72267934.83562535,71893925.30777034,67092762.9133454,68274690.44068274,63021314.442677766,61702627.818822764,63593606.927300364,68748406.13370292,68125948.98504281,66885910.11755285,66226713.386892885,68087360.31044272,62538917.60871278,78716547.86662273,64103838.322950274,75799241.64375778,73560732.94610767,68804305.59424528
2019-12-31,89990589.22546007,65931833.044850275,65720719.61261524,63136087.34420272,69581131.04596789,69549676.96865034,69543532.7593253,65367926.15734777,63008011.72256779,68566921.42532292,59280914.15814268,77158509.3472829,67905065.59477529,65090502.796942726,70880130.33007528,79733509.36676529,71910522.71125524,59162289.98951781,68293893.17583035,70803958.4866128,69575017.66578776,72717726.0282054,68928394.72760774,66713920.303107806,65492582.94130026,64792423.41807026,81999528.59119028,62369781.45906531,69839744.10595538,71865055.92966035,67563908.44336776,74588449.07584277,73513993.18077533,72392934.83562535,72048925.30777034,67092762.9133454,68304690.44068272,63121314.442677766,61728627.818822764,63593606.927300364,68748406.13370292,68250948.98504281,67010910.11755285,66226713.386892885,68087360.31044272,62538917.60871278,78750547.86662273,64103838.322950274,75949241.64375778,73685732.94610767,68834305.59424528
2020-01-02,90428589.22546007,65931833.044850275,65870719.61261524,63136087.34420272,69581131.04596789,69699676.96865034,69723532.7593253,65517926.15734777,63128011.72256779,68566921.42532292,59280914.15814268,77158509.3472829,68055065.59477529,65240502.796942726,70880130.33007528,79913509.36676529,72060522.71125524,59162289.98951781,68293893.17583035,70983958.4866128,69725017.66578776,72867726.0282054,69078394.72760774,66881920.303107806,65642582.94130026,64942423.41807026,81999528.59119028,62369781.45906531,70019744.10595539,72015055.92966035,67713908.44336776,74588449.07584277,73513993.18077533,72542934.83562535,72378925.30777034,67092762.9133454,68484690.44068274,63241314.442677766,61884627.818822764,63593606.927300364,68748406.13370292,68400948.98504281,67160910.11755285,66226713.386892885,68087360.31044272,62538917.60871278,78954547.86662273,64103838.322950274,76129241.64375778,73835732.94610767,69014305.59424528
2020-01-03,90371589.22546007,65931833.044850275,65965719.61261524,63136087.34420272,69581131.04596789,69794676.96865034,69837532.7593253,65612926.15734777,63204011.72256779,68566921.42532292,59280914.15814268,77158509.3472829,68150065.59477529,65335502.796942726,70880130.33007528,80027509.36676529,72155522.71125524,59162289.98951781,68293893.17583035,71097958.4866128,69820017.66578776,72962726.0282054,69173394.72760774,66741920.303107806,65737582.94130026,65037423.41807026,81999528.59119028,62369781.45906531,69869744.10595539,72110055.92966035,67808908.44336776,74588449.07584277,73513993.18077533,72637934.83562535,72323925.30777034,67092762.9133454,68334690.44068274,63317314.442677766,61754627.818822764,63593606.927300364,68748406.13370292,68495948.98504281,67255910.11755285,66226713.386892885,68087360.31044272,62538917.60871278,78784547.86662273,64103838.322950274,76243241.64375778,73930732.94610767,68864305.59424528
2020-01-06,89785589.22546007,65931833.044850275,65940719.61261524,63136087.34420272,69581131.04596789,69769676.96865034,69807532.7593253,65587926.15734777,63184011.72256779,68566921.42532292,59280914.15814268,77158509.3472829,68125065.59477529,65310502.796942726,70880130.33007528,79997509.36676529,72130522.71125524,59162289.98951781,68293893.17583035,71067958.4866128,69795017.66578776,72937726.0282054,69148394.72760774,66335920.303107806,65712582.94130026,65012423.41807026,81999528.59119028,62369781.45906531,69434744.10595539,72085055.92966035,67783908.44336776,74588449.07584277,73513993.18077533,72612934.83562535,71863925.30777034,67092762.9133454,67899690.44068274,63297314.442677766,61377627.818822764,63593606.927300364,68748406.13370292,68470948.98504281,67230910.11755285,66226713.386892885,68087360.31044272,62538917.60871278,78291547.86662273,64103838.322950274,76213241.64375778,73905732.94610767,68429305.59424528
2020-01-07,90193589.22546007,65931833.044850275,66055719.61261524,63136087.34420272,69581131.04596789,69884676.96865034,69945532.7593253,65702926.15734777,63276011.72256779,68566921.42532292,59280914.15814268,77158509.3472829,68240065.59477529,65425502.796942726,70880130.33007528,80135509.36676529,72245522.71125524,59162289.98951781,68293893.17583035,71205958.4866128,69910017.66578776,73052726.0282054,69263394.72760774,66517920.303107806,65827582.94130026,65127423.41807026,81999528.59119028,62369781.45906531,69629744.10595539,72200055.92966035,67898908.44336776,74588449.07584277,73513993.18077533,72727934.83562535,72173925.30777034,67092762.9133454,68094690.44068274,63389314.442677766,61546627.818822764,63593606.927300364,68748406.13370292,68585948.98504281,67345910.11755285,66226713.386892885,68087360.31044272,62538917.60871278,78512547.86662273,64103838.322950274,76351241.64375778,74020732.94610767,68624305.59424528
2020-01-08,89886589.22546007,65931833.044850275,66080719.61261524,63136087.34420272,69581131.04596789,69909676.96865034,69975532.7593253,65727926.15734777,63296011.72256779,68566921.42532292,59280914.15814268,77158509.3472829,68265065.59477529,65450502.796942726,70880130.33007528,80165509.36676529,72270522.71125524,59162289.98951781,68293893.17583035,71235958.4866128,69935017.66578776,73077726.0282054,69288394.72760774,66265920.303107806,65852582.94130026,65152423.41807026,81999528.59119028,62369781.45906531,69359744.10595539,72225055.92966035,67923908.44336776,74588449.07584277,73513993.18077533,72752934.83562535,71928925.30777034,67092762.9133454,67824690.44068274,63409314.442677766,61312627.818822764,63593606.927300364,68748406.13370292,68610948.98504281,67370910.11755285,66226713.386892885,68087360.31044272,62538917.60871278,78206547.86662273,64103838.322950274,76381241.64375778,74045732.94610767,68354305.59424528
2020-01-09,89992589.22546007,65931833.044850275,66115719.61261524,63136087.34420272,69581131.04596789,69944676.96865034,70017532.7593253,65762926.15734777,63324011.72256779,68566921.42532292,59280914.15814268,77158509.3472829,68300065.59477529,65485502.796942726,70880130.33007528,80207509.36676529,72305522.71125524,59162289.98951781,68293893.17583035,71277958.4866128,69970017.66578776,73112726.0282054,69323394.72760774,66307920.303107806,65887582.94130026,65187423.41807026,81999528.59119028,62369781.45906531,69404744.10595538,72260055.92966035,67958908.44336776,74588449.07584277,73513993.18077533,72787934.83562535,72008925.30777034,67092762.9133454,67869690.44068272,63437314.442677766,61351627.818822764,63593606.927300364,68748406.13370292,68645948.98504281,67405910.11755285,66226713.386892885,68087360.31044272,62538917.60871278,78257547.86662273,64103838.322950274,76423241.64375778,74080732.94610767,68399305.59424528
2020-01-10,89881589.22546007,65931833.044850275,66185719.61261524,63136087.34420272,69581131.04596789,70014676.96865036,70101532.7593253,65832926.15734777,63380011.72256779,68566921.42532292,59280914.15814268,77158509.3472829,68370065.59477529,65555502.796942726,70880130.33007528,80291509.36676529,72375522.71125524,59162289.98951781,68293893.17583035,71361958.4866128,70040017.66578777,73182726.0282054,69393394.72760774,66167744.30438281,65957582.94130026,65257423.41807026,81999528.59119028,62369781.45906531,69239744.10595539,72330055.92966035,68028908.44336776,74588449.07584277,73513993.18077533,72857934.83562535,71913925.30777034,67092762.9133454,67704690.44068274,63493314.442677766,61221464.391435266,63593606.927300364,68748406.13370292,68715948.98504281,67475910.11755285,66226713.386892885,68087360.31044272,62538917.60871278,78087334.15388523,64103838.322950274,76507241.64375778,74150732.94610767,68234305.59424528
2020-01-13,90108081.10296007,65931833.044850275,66245719.61261524,63136087.34420272,69581131.04596789,70074676.96865034,70173532.7593253,65892926.15734777,63428011.72256779,68566921.42532292,59280914.15814268,77158509.3472829,68430065.59477527,65615502.796942726,70880130.33007528,80363509.36676529,72435522.71125524,59162289.98951781,68293893.17583035,71433958.4866128,70100017.66578776,73242726.02820538,69453394.72760774,66167744.30438281,66017582.94130026,65317423.41807026,81999528.59119028,62369781.45906531,69352237.69345538,72390055.92966035,68088908.44336776,74588449.07584277,73513993.18077533,72917934.83562535,72086418.89527033,67092762.9133454,67817184.02818273,63541314.442677766,61221464.391435266,63593606.927300364,68748406.13370292,68775948.9850428,67535910.11755285,66226713.386892885,68087360.31044272,62538917.60871278,78087334.15388523,64103838.322950274,76579241.64375778,74210732.94610767,68346799.18174529
2020-01-14,90661081.10296007,65931833.044850275,66640719.61261524,63136087.34420272,69581131.04596789,70469676.96865034,70647532.7593253,66287926.15734777,63744011.72256779,68566921.42532292,59280914.15814268,77158509.3472829,68825065.59477529,66010502.796942726,70880130.33007528,80837509.36676529,72830522.71125524,59162289.98951781,68293893.17583035,71907958.4866128,70495017.66578776,73637726.0282054,69848394.72760774,66167744.30438281,66412582.94130026,65712423.41807026,81999528.59119028,62369781.45906531,69352237.69345538,72785055.92966035,68483908.44336776,74588449.07584277,73513993.18077533,73312934.83562535,72481418.89527035,67092762.9133454,67817184.02818273,63857314.442677766,61221464.391435266,63593606.927300364,68748406.13370292,69170948.98504281,67930910.11755285,66226713.386892885,68087360.31044272,62538917.60871278,78087334.15388523,64103838.322950274,77053241.64375778,74605732.94610767,68346799.18174529
2020-01-15,91438081.10296007,65931833.044850275,67195719.61261524,63136087.34420272,69581131.04596789,71024676.96865034,71313532.7593253,66842926.15734777,64188011.72256779,68566921.42532292,59280914.15814268,77158509.3472829,69380065.59477529,66565502.796942726,70880130.33007528,81503509.36676529,73385522.71125524,59162289.98951781,68293893.17583035,72573958.4866128,71050017.66578776,74192726.0282054,70403394.72760774,66167744.30438281,66967582.94130026,66267423.41807026,81999528.59119028,62369781.45906531,69352237.69345538,73340055.92966035,69038908.44336776,74588449.07584277,73513993.18077533,73867934.83562535,73036418.89527035,67092762.9133454,67817184.02818273,64301314.442677766,61221464.391435266,63593606.927300364,68748406.13370292,69725948.98504281,68485910.11755285,66226713.386892885,68087360.31044272,62538917.60871278,78087334.15388523,64103838.322950274,77719241.64375778,75160732.94610767,68346799.18174529
2020-01-16,91424081.10296007,65931833.044850275,67185719.61261524,63136087.34420272,69581131.04596789,71014676.96865034,71301532.7593253,66832926.15734777,64180011.72256779,68566921.42532292,59280914.15814268,77158509.3472829,69370065.59477529,66555502.796942726,70880130.33007528,81491509.36676529,73375522.71125524,59162289.98951781,68293893.17583035,72561958.4866128,71040017.66578776,74182726.0282054,70393394.72760774,66167744.30438281,66957582.94130026,66257423.41807026,81999528.59119028,62369781.45906531,69352237.69345538,73330055.92966035,69028908.44336776,74588449.07584277,73513993.18077533,73857934.83562535,73026418.89527035,67092762.9133454,67817184.02818273,64293314.442677766,61221464.391435266,63593606.927300364,68748406.13370292,69715948.98504281,68475910.11755285,66226713.386892885,68087360.31044272,62538917.60871278,78087334.15388523,64103838.322950274,77707241.64375778,75150732.94610767,68346799.18174529
2020-01-17,91634081.10296007,65931833.044850275,67335719.61261524,63136087.34420272,69581131.04596789,71164676.96865034,71481532.7593253,66982926.15734777,64300011.72256779,68566921.42532292,59280914.15814268,77158509.3472829,69520065.59477529,66705502.796942726,70880130.33007528,81671509.36676529,73525522.71125524,59162289.98951781,68293893.17583035,72741958.4866128,71190017.66578776,74332726.0282054,70543394.72760774,66167744.30438281,67107582.94130026,66407423.41807026,81999528.59119028,62369781.45906531,69352237.69345538,73480055.92966035,69178908.44336776,74588449.07584277,73513993.18077533,74007934.83562535,73176418.89527035,67092762.9133454,67817184.02818273,64413314.442677766,61221464.391435266,63593606.927300364,68748406.13370292,69865948.98504281,68625910.11755285,66226713.386892885,68087360.31044272,62538917.60871278,78087334.15388523,64103838.322950274,77887241.64375778,75300732.94610767,68346799.18174529
2020-01-20,91669081.10296007,65931833.044850275,67360719.61261524,63136087.34420272,69581131.04596789,71189676.96865034,71511532.7593253,67007926.15734777,64320011.72256779,68566921.42532292,59280914.15814268,77158509.3472829,69545065.59477529,66730502.796942726,70880130.33007528,81701509.36676529,73550522.71125524,59162289.98951781,68293893.17583035,72771958.4866128,71215017.66578776,74357726.0282054,70568394.72760774,66167744.30438281,67132582.94130026,66432423.41807026,81999528.59119028,62369781.45906531,69352237.69345538,73505055.92966035,69203908.44336776,74588449.07584277,73513993.18077533,74032934.83562535,73201418.89527035,67092762.9133454,67817184.02818273,64433314.442677766,61221464.391435266,63593606.927300364,68748406.13370292,69890948.98504281,68650910.11755285,66226713.386892885,68087360.31044272,62538917.60871278,78087334.15388523,64103838.322950274,77917241.64375778,75325732.94610767,68346799.18174529
2020-01-21,91767081.10296007,65931833.044850275,67430719.61261524,63136087.34420272,69581131.04596789,71259676.96865034,71595532.7593253,67077926.15734777,64376011.72256779,68566921.42532292,59280914.15814268,77158509.3472829,69615065.59477529,66800502.796942726,70880130.33007528,81785509.36676529,73620522.71125524,59162289.98951781,68293893.17583035,72855958.4866128,71285017.66578776,74427726.0282054,70638394.72760774,66167744.30438281,67202582.94130026,66502423.41807026,81999528.59119028,62369781.45906531,69352237.69345538,73575055.92966035,69273908.44336776,74588449.07584277,73513993.18077533,74102934.83562535,73271418.89527035,67092762.9133454,67817184.02818273,64489314.442677766,61221464.391435266,63593606.927300364,68748406.13370292,69960948.98504281,68720910.11755285,66226713.386892885,68087360.31044272,62538917.60871278,78087334.15388523,64103838.322950274,78001241.64375778,75395732.94610767,68346799.18174529
2020-01-22,91942081.10296007,65931833.044850275,67555719.61261524,63136087.34420272,69581131.04596789,71384676.96865034,71745532.7593253,67202926.15734777,64476011.72256779,68566921.42532292,59280914.15814268,77158509.3472829,69740065.59477529,66925502.796942726,70880130.33007528,81935509.36676529,73745522.71125524,59162289.98951781,68293893.17583035,73005958.4866128,71410017.66578776,74552726.0282054,70763394.72760774,66167744.30438281,67327582.94130026,66627423.41807026,81999528.59119028,62369781.45906531,69352237.69345538,73700055.92966035,69398908.44336776,74588449.07584277,73513993.18077533,74227934.83562535,73396418.89527035,67092762.9133454,67817184.02818273,64589314.442677766,61221464.391435266,63593606.927300364,68748406.13370292,70085948.98504281,68845910.11755285,66226713.386892885,68087360.31044272,62538917.60871278,78087334.15388523,64103838.322950274,78151241.64375778,75520732.94610767,68346799.18174529
2020-01-30,91977081.10296007,65931833.044850275,67580719.61261524,63136087.34420272,69581131.04596789,71409676.96865034,71775532.7593253,67227926.15734777,64496011.72256779,68566921.42532292,59280914.15814268,77158509.3472829,69765065.59477529,66950502.796942726,70880130.33007528,81965509.36676529,73770522.71125524,59162289.98951781,68293893.17583035,73035958.4866128,71435017.66578776,74577726.0282054,70788394.72760774,66167744.30438281,67352582.94130026,66652423.41807026,81999528.59119028,62369781.45906531,69352237.69345538,73725055.92966035,69423908.44336776,74588449.07584277,73513993.18077533,74252934.83562535,73421418.89527035,67092762.9133454,67817184.02818273,64609314.442677766,61221464.391435266,63593606.927300364,68748406.13370292,70110948.98504281,68870910.11755285,66226713.386892885,68087360.31044272,62538917.60871278,78087334.15388523,64103838.322950274,78181241.64375778,75545732.94610767,68346799.18174529
2020-01-31,92103081.10296007,65931833.044850275,67670719.61261524,63136087.34420272,69581131.04596789,71499676.96865034,71883532.7593253,67317926.15734777,64568011.72256779,68566921.42532292,59280914.15814268,77158509.3472829,69855065.59477529,67040502.796942726,70880130.33007528,82073509.36676529,73860522.71125524,59162289.98951781,68293893.17583035,73143958.4866128,71525017.66578776,74667726.0282054,70878394.72760774,66167744.30438281,67442582.94130026,66742423.41807026,81999528.59119028,62369781.45906531,69352237.69345538,73815055.92966035,69513908.44336776,74588449.07584277,73513993.18077533,74342934.83562535,73511418.89527035,67092762.9133454,67817184.02818273,64681314.442677766,61221464.391435266,63593606.927300364,68748406.13370292,70200948.98504281,68960910.11755285,66226713.386892885,68087360.31044272,62538917.60871278,78087334.15388523,64103838.322950274,78289241.64375778,75635732.94610767,68346799.18174529
2020-02-03,92054081.10296007,65931833.044850275,67635719.61261524,63136087.34420272,69581131.04596789,71464676.96865034,71841532.7593253,67282926.15734777,64540011.72256779,68566921.42532292,59280914.15814268,77158509.3472829,69820065.59477529,67005502.796942726,70880130.33007528,82031509.36676529,73825522.71125524,59162289.98951781,68293893.17583035,73101958.4866128,71490017.66578776,74632726.0282054,70843394.72760774,66167744.30438281,67407582.94130026,66707423.41807026,81999528.59119028,62369781.45906531,69352237.69345538,73780055.92966035,69478908.44336776,74588449.07584277,73513993.18077533,74307934.83562535,73476418.89527035,67092762.9133454,67817184.02818273,64653314.442677766,61221464.391435266,63593606.927300364,68748406.13370292,70165948.98504281,68925910.11755285,66226713.386892885,68087360.31044272,62538917.60871278,78087334.15388523,64103838.322950274,78247241.64375778,75600732.94610767,68346799.18174529
2020-02-04,92152081.10296007,65931833.044850275,67705719.61261524,63136087.34420272,69581131.04596789,71534676.96865034,71925532.7593253,67352926.15734777,64596011.72256779,68566921.42532292,59280914.15814268,77158509.3472829,69890065.59477529,67075502.796942726,70880130.33007528,82115509.36676529,73895522.71125524,59162289.98951781,68293893.17583035,73185958.4866128,71560017.66578776,74702726.0282054,70913394.72760774,66167744.30438281,67477582.94130026,66777423.41807026,81999528.59119028,62369781.45906531,69352237.69345538,73850055.92966035,69548908.44336776,74588449.07584277,73513993.18077533,74377934.83562535,73546418.89527035,67092762.9133454,67817184.02818273,64709314.442677766,61221464.391435266,63593606.927300364,68748406.13370292,70235948.98504281,68995910.11755285,66226713.386892885,68087360.31044272,62538917.60871278,78087334.15388523,64103838.322950274,78331241.64375778,75670732.94610767,68346799.18174529
2020-02-05,92334081.10296007,65931833.044850275,67835719.61261524,63136087.34420272,69581131.04596789,71664676.96865034,72081532.7593253,67482926.15734777,64700011.72256779,68566921.42532292,59280914.15814268,77158509.3472829,70020065.59477529,67205502.79694273,70880130.33007528,82271509.36676529,74025522.71125524,59162289.98951781,68293893.17583035,73341958.4866128,71690017.66578776,74832726.0282054,71043394.72760774,66167744.30438281,67607582.94130026,66907423.41807026,81999528.59119028,62369781.45906531,69352237.69345538,73980055.92966035,69678908.44336776,74588449.07584277,73513993.18077533,74507934.83562535,73676418.89527035,67092762.9133454,67817184.02818273,64813314.442677766,61221464.391435266,63593606.927300364,68748406.13370292,70365948.98504281,69125910.11755285,66226713.386892885,68087360.31044272,62538917.60871278,78087334.15388523,64103838.322950274,78487241.64375778,75800732.94610767,68346799.18174529
2020-02-06,92579081.10296007,65931833.044850275,68010719.61261524,63136087.34420272,69581131.04596789,71839676.96865034,72291532.7593253,67657926.15734777,64840011.72256779,68566921.42532292,59280914.15814268,77158509.3472829,70195065.59477529,67380502.79694273,70880130.33007528,82481509.36676529,74200522.71125524,59162289.98951781,68293893.17583035,73551958.4866128,71865017.66578776,75007726.0282054,71218394.72760774,66167744.30438281,67782582.94130026,67082423.41807026,81999528.59119028,62369781.45906531,69352237.69345538,74155055.92966035,69853908.44336776,74588449.07584277,73513993.18077533,74682934.83562535,73851418.89527035,67092762.9133454,67817184.02818273,64953314.442677766,61221464.391435266,63593606.927300364,68748406.13370292,70540948.98504281,69300910.11755285,66226713.386892885,68087360.31044272,62538917.60871278,78087334.15388523,64103838.322950274,78697241.64375778,75975732.94610767,68346799.18174529
2020-02-07,92754081.10296007,65931833.044850275,68135719.61261524,63136087.34420272,69581131.04596789,71964676.96865034,72441532.7593253,67782926.15734777,64940011.72256779,68566921.42532292,59280914.15814268,77158509.3472829,70320065.59477529,67505502.79694273,70880130.33007528,82631509.36676529,74325522.71125524,59162289.98951781,68293893.17583035,73701958.4866128,71990017.66578776,75132726.0282054,71343394.72760774,66167744.30438281,67907582.94130026,67207423.41807026,81999528.59119028,62369781.45906531,69352237.69345538,74280055.92966035,69978908.44336776,74588449.07584277,73513993.18077533,74807934.83562535,73976418.89527035,67092762.9133454,67817184.02818273,65053314.442677766,61221464.391435266,63593606.927300364,68748406.13370292,70665948.98504281,69425910.11755285,66226713.386892885,68087360.31044272,62538917.60871278,78087334.15388523,64103838.322950274,78847241.64375778,76100732.94610767,68346799.18174529
2020-02-10,93083081.10296007,65931833.044850275,68370719.61261524,63136087.34420272,69581131.04596789,72199676.96865034,72723532.7593253,68017926.15734777,65128011.72256779,68566921.42532292,59280914.15814268,77158509.3472829,70555065.59477529,67740502.79694273,70880130.33007528,82913509.36676529,74560522.71125524,59162289.98951781,68293893.17583035,73983958.4866128,72225017.66578776,75367726.0282054,71578394.72760774,66167744.30438281,68142582.94130026,67442423.41807026,81999528.59119028,62369781.45906531,69352237.69345538,74515055.92966035,70213908.44336776,74588449.07584277,73513993.18077533,75042934.83562535,74211418.89527035,67092762.9133454,67817184.02818273,65241314.442677766,61221464.391435266,63593606.927300364,68748406.13370292,70900948.98504281,69660910.11755285,66226713.386892885,68087360.31044272,62538917.60871278,78087334.15388523,64103838.322950274,79129241.64375778,76335732.94610767,68346799.18174529
2020-02-11,93328081.10296007,65931833.044850275,68545719.61261524,63136087.34420272,69581131.04596789,72374676.96865034,72933532.7593253,68192926.15734777,65268011.72256779,68566921.42532292,59280914.15814268,77158509.3472829,70730065.59477529,67915502.79694273,70880130.33007528,83123509.36676529,74735522.71125524,59162289.98951781,68293893.17583035,74193958.4866128,72400017.66578776,75542726.0282054,71753394.72760774,66167744.30438281,68317582.94130026,67617423.41807026,81999528.59119028,62369781.45906531,69352237.69345538,74690055.92966035,70388908.44336776,74588449.07584277,73513993.18077533,75217934.83562535,74386418.89527035,67092762.9133454,67817184.02818273,65381314.442677766,61221464.391435266,63593606.927300364,68748406.13370292,71075948.98504281,69835910.11755285,66226713.386892885,68087360.31044272,62538917.60871278,78087334.15388523,64103838.322950274,79339241.64375778,76510732.94610767,68346799.18174529
2020-02-12,93426081.10296007,65931833.044850275,68615719.61261524,63136087.34420272,69581131.04596789,72444676.96865034,73017532.7593253,68262926.15734777,65324011.72256779,68566921.42532292,59280914.15814268,77158509.3472829,70800065.59477529,67985502.79694273,70880130.33007528,83207509.36676529,74805522.71125524,59162289.98951781,68293893.17583035,74277958.4866128,72470017.66578776,75612726.0282054,71823394.72760774,66167744.30438281,68387582.94130026,67687423.41807026,81999528.59119028,62369781.45906531,69352237.69345538,74760055.92966035,70458908.44336776,74588449.07584277,73513993.18077533,75287934.83562535,74456418.89527035,67092762.9133454,67817184.02818273,65437314.442677766,61221464.391435266,63593606.927300364,68748406.13370292,71145948.98504281,69905910.11755285,66226713.386892885,68087360.31044272,62538917.60871278,78087334.15388523,64103838.322950274,79423241.64375778,76580732.94610767,68346799.18174529
2020-02-13,93524081.10296007,65931833.044850275,68685719.61261524,63136087.34420272,69581131.04596789,72514676.96865034,73101532.7593253,68332926.15734777,65380011.72256779,68566921.42532292,59280914.15814268,77158509.3472829,70870065.59477529,68055502.79694273,70880130.33007528,83291509.36676529,74875522.71125524,59162289.98951781,68293893.17583035,74361958.4866128,72540017.66578776,75682726.0282054,71893394.72760774,66167744.30438281,68457582.94130026,67757423.41807026,81999528.59119028,62369781.45906531,69352237.69345538,74830055.92966035,70528908.44336776,74588449.07584277,73513993.18077533,75357934.83562535,74526418.89527035,67092762.9133454,67817184.02818273,65493314.442677766,61221464.391435266,63593606.927300364,68748406.13370292,71215948.98504281,69975910.11755285,66226713.386892885,68087360.31044272,62538917.60871278,78087334.15388523,64103838.322950274,79507241.64375778,76650732.94610767,68346799.18174529
2020-02-14,93146081.10296007,65931833.044850275,68415719.61261524,63136087.34420272,69581131.04596789,72244676.96865034,72777532.7593253,68062926.15734777,65164011.72256779,68566921.42532292,59280914.15814268,77158509.3472829,70600065.59477529,67785502.79694273,70880130.33007528,82967509.36676529,74605522.71125524,59162289.98951781,68293893.17583035,74037958.4866128,72270017.66578776,75412726.0282054,71623394.72760774,66167744.30438281,68187582.94130026,67487423.41807026,81999528.59119028,62369781.45906531,69352237.69345538,74560055.92966035,70258908.44336776,74588449.07584277,73513993.18077533,75087934.83562535,74256418.89527035,67092762.9133454,67817184.02818273,65277314.442677766,61221464.391435266,63593606.927300364,68748406.13370292,70945948.98504281,69705910.11755285,66226713.386892885,68087360.31044272,62538917.60871278,78087334.15388523,64103838.322950274,79183241.64375778,76380732.94610767,68346799.18174529
2020-02-17,93209081.10296007,65931833.044850275,68460719.61261524,63136087.34420272,69581131.04596789,72289676.96865034,72831532.7593253,68107926.15734777,65200011.72256779,68566921.42532292,59280914.15814268,77158509.3472829,70645065.59477529,67830502.79694273,70880130.33007528,83021509.36676529,74650522.71125524,59162289.98951781,68293893.17583035,74091958.4866128,72315017.66578776,75457726.0282054,71668394.72760774,66167744.30438281,68232582.94130026,67532423.41807026,81999528.59119028,62369781.45906531,69352237.69345538,74605055.92966035,70303908.44336776,74588449.07584277,73513993.18077533,75132934.83562535,74301418.89527035,67092762.9133454,67817184.02818273,65313314.442677766,61221464.391435266,63593606.927300364,68748406.13370292,70990948.98504281,69750910.11755285,66226713.386892885,68087360.31044272,62538917.60871278,78087334.15388523,64103838.322950274,79237241.64375778,76425732.94610767,68346799.18174529
2020-02-18,93195081.10296007,65931833.044850275,68450719.61261524,63136087.34420272,69581131.04596789,72279676.96865034,72819532.7593253,68097926.15734777,65192011.72256779,68566921.42532292,59280914.15814268,77158509.3472829,70635065.59477529,67820502.79694273,70880130.33007528,83009509.36676529,74640522.71125524,59162289.98951781,68293893.17583035,74079958.4866128,72305017.66578776,75447726.0282054,71658394.72760774,66167744.30438281,68222582.94130026,67522423.41807026,81999528.59119028,62369781.45906531,69352237.69345538,74595055.92966035,70293908.44336776,74588449.07584277,73513993.18077533,75122934.83562535,74291418.89527035,67092762.9133454,67817184.02818273,65305314.442677766,61221464.391435266,63593606.927300364,68748406.13370292,70980948.98504281,69740910.11755285,66226713.386892885,68087360.31044272,62538917.60871278,78087334.15388523,64103838.322950274,79225241.64375778,76415732.94610767,68346799.18174529
2020-02-19,93195081.10296007,65931833.044850275,68450719.61261524,63136087.34420272,69581131.04596789,72279676.96865034,72819532.7593253,68097926.15734777,65192011.72256779,68566921.42532292,59280914.15814268,77158509.3472829,70635065.59477529,67820502.79694273,70880130.33007528,83009509.36676529,74640522.71125524,59162289.98951781,68293893.17583035,74079958.4866128,72305017.66578776,75447726.0282054,71658394.72760774,66167744.30438281,68222582.94130026,67522423.41807026,81999528.59119028,62369781.45906531,69352237.69345538,74595055.92966035,70293908.44336776,74588449.07584277,73513993.18077533,75122934.83562535,74291418.89527035,67092762.9133454,67817184.02818273,65305314.442677766,61221464.391435266,63593606.927300364,68748406.13370292,70980948.98504281,69740910.11755285,66226713.386892885,68087360.31044272,62538917.60871278,78087334.15388523,64103838.322950274,79225241.64375778,76415732.94610767,68346799.18174529
2020-02-20,93230081.10296007,65931833.044850275,68475719.61261524,63136087.34420272,69581131.04596789,72304676.96865034,72849532.7593253,68122926.15734777,65212011.72256779,68566921.42532292,59280914.15814268,77158509.3472829,70660065.59477529,67845502.79694273,70880130.33007528,83039509.36676529,74665522.71125524,59162289.98951781,68293893.17583035,74109958.4866128,72330017.66578776,75472726.0282054,71683394.72760774,66167744.30438281,68247582.94130026,67547423.41807026,81999528.59119028,62369781.45906531,69352237.69345538,74620055.92966035,70318908.44336776,74588449.07584277,73513993.18077533,75147934.83562535,74316418.89527035,67092762.9133454,67817184.02818273,65325314.442677766,61221464.391435266,63593606.927300364,68748406.13370292,71005948.98504281,69765910.11755285,66226713.386892885,68087360.31044272,62538917.60871278,78087334.15388523,64103838.322950274,79255241.64375778,76440732.94610767,68346799.18174529
2020-02-21,93279081.10296007,65931833.044850275,68510719.61261524,63136087.34420272,69581131.04596789,72339676.96865034,72891532.7593253,68157926.15734777,65240011.72256779,68566921.42532292,59280914.15814268,77158509.3472829,70695065.59477529,67880502.79694273,70880130.33007528,83081509.36676529,74700522.71125524,59162289.98951781,68293893.17583035,74151958.4866128,72365017.66578776,75507726.0282054,71718394.72760774,66167744.30438281,68282582.94130026,67582423.41807026,81999528.59119028,62369781.45906531,69352237.69345538,74655055.92966035,70353908.44336776,74588449.07584277,73513993.18077533,75182934.83562535,74351418.89527035,67092762.9133454,67817184.02818273,65353314.442677766,61221464.391435266,63593606.927300364,68748406.13370292,71040948.98504281,69800910.11755285,66226713.386892885,68087360.31044272,62538917.60871278,78087334.15388523,64103838.322950274,79297241.64375778,76475732.94610767,68346799.18174529
2020-02-24,92271081.10296007,65931833.044850275,67790719.61261524,63136087.34420272,69581131.04596789,71619676.96865034,72027532.7593253,67437926.15734777,64664011.72256779,68566921.42532292,59280914.15814268,77158509.3472829,69975065.59477529,67160502.79694273,70880130.33007528,82217509.36676529,73980522.71125524,59162289.98951781,68293893.17583035,73287958.4866128,71645017.66578776,74787726.0282054,70998394.72760774,66167744.30438281,67562582.94130026,66862423.41807026,81999528.59119028,62369781.45906531,69352237.69345538,73935055.92966035,69633908.44336776,74588449.07584277,73513993.18077533,74462934.83562535,73631418.89527035,67092762.9133454,67817184.02818273,64777314.442677766,61221464.391435266,63593606.927300364,68748406.13370292,70320948.98504281,69080910.11755285,66226713.386892885,68087360.31044272,62538917.60871278,78087334.15388523,64103838.322950274,78433241.64375778,75755732.94610767,68346799.18174529
2020-02-25,91361081.10296007,65931833.044850275,67140719.61261524,63136087.34420272,69581131.04596789,70969676.96865034,71247532.7593253,66787926.15734777,64144011.72256779,68566921.42532292,59280914.15814268,77158509.3472829,69325065.59477529,66510502.796942726,70880130.33007528,81437509.36676529,73330522.71125524,59162289.98951781,68293893.17583035,72507958.4866128,70995017.66578776,74137726.0282054,70348394.72760774,66167744.30438281,66912582.94130026,66212423.41807026,81999528.59119028,62369781.45906531,69352237.69345538,73285055.92966035,68983908.44336776,74588449.07584277,73513993.18077533,73812934.83562535,72981418.89527035,67092762.9133454,67817184.02818273,64257314.442677766,61221464.391435266,63593606.927300364,68748406.13370292,69670948.98504281,68430910.11755285,66226713.386892885,68087360.31044272,62538917.60871278,78087334.15388523,64103838.322950274,77653241.64375778,75105732.94610767,68346799.18174529
2020-02-26,90640081.10296007,65931833.044850275,66625719.61261524,63136087.34420272,69581131.04596789,70454676.96865034,70629532.7593253,66272926.15734777,63732011.72256779,68566921.42532292,59280914.15814268,77158509.3472829,68810065.59477529,65995502.796942726,70880130.33007528,80819509.36676529,72815522.71125524,59162289.98951781,68293893.17583035,71889958.4866128,70480017.66578776,73622726.0282054,69833394.72760774,66167744.30438281,66397582.94130026,65697423.41807026,81999528.59119028,62369781.45906531,69352237.69345538,72770055.92966035,68468908.44336776,74588449.07584277,73513993.18077533,73297934.83562535,72466418.89527035,67092762.9133454,67817184.02818273,63845314.442677766,61221464.391435266,63593606.927300364,68748406.13370292,69155948.98504281,67915910.11755285,66226713.386892885,68087360.31044272,62538917.60871278,78087334.15388523,64103838.322950274,77035241.64375778,74590732.94610767,68346799.18174529
2020-02-27,89863081.10296007,65931833.044850275,66070719.61261524,63136087.34420272,69581131.04596789,69899676.96865034,69963532.7593253,65717926.15734777,63288011.72256779,68566921.42532292,59280914.15814268,77158509.3472829,68255065.59477529,65440502.796942726,70880130.33007528,80153509.36676529,72260522.71125524,59162289.98951781,68293893.17583035,71223958.4866128,69925017.66578776,73067726.0282054,69278394.72760774,66167744.30438281,65842582.94130026,65142423.41807026,81999528.59119028,62369781.45906531,69352237.69345538,72215055.92966035,67913908.44336776,74588449.07584277,73513993.18077533,72742934.83562535,71911418.89527035,67092762.9133454,67817184.02818273,63401314.442677766,61221464.391435266,63593606.927300364,68748406.13370292,68600948.98504281,67360910.11755285,66226713.386892885,68087360.31044272,62538917.60871278,78087334.15388523,64103838.322950274,76369241.64375778,74035732.94610767,68346799.18174529
2020-02-28,89100081.10296007,65931833.044850275,65525719.61261524,63136087.34420272,69581131.04596789,69354676.96865034,69309532.7593253,65172926.15734777,62852011.72256779,68566921.42532292,59280914.15814268,77158509.3472829,67710065.59477529,64895502.796942726,70880130.33007528,79499509.36676529,71715522.71125524,59162289.98951781,68293893.17583035,70569958.4866128,69380017.66578776,72522726.0282054,68733394.72760774,66167744.30438281,65297582.94130026,64597423.41807026,81999528.59119028,62369781.45906531,69352237.69345538,71670055.92966035,67368908.44336776,74588449.07584277,73513993.18077533,72197934.83562535,71366418.89527035,67092762.9133454,67817184.02818273,62965314.442677766,61221464.391435266,63593606.927300364,68748406.13370292,68055948.98504281,66815910.11755285,66226713.386892885,68087360.31044272,62538917.60871278,78087334.15388523,64103838.322950274,75715241.64375778,73490732.94610767,68346799.18174529
2020-03-02,89779081.10296007,65931833.044850275,66010719.61261524,63136087.34420272,69581131.04596789,69839676.96865034,69891532.7593253,65657926.15734777,63240011.72256779,68566921.42532292,59280914.15814268,77158509.3472829,68195065.59477529,65380502.796942726,70880130.33007528,80081509.36676529,72200522.71125524,59162289.98951781,68293893.17583035,71151958.4866128,69865017.66578776,73007726.0282054,69218394.72760774,66167744.30438281,65782582.94130026,65082423.41807026,81999528.59119028,62369781.45906531,69352237.69345538,72155055.92966035,67853908.44336776,74588449.07584277,73513993.18077533,72682934.83562535,71851418.89527035,67092762.9133454,67817184.02818273,63353314.442677766,61221464.391435266,63593606.927300364,68748406.13370292,68540948.98504281,67300910.11755285,66226713.386892885,68087360.31044272,62538917.60871278,78087334.15388523,64103838.322950274,76297241.64375778,73975732.94610767,68346799.18174529
2020-03-03,89961081.10296007,65931833.044850275,66140719.61261524,63136087.34420272,69581131.04596789,69969676.96865036,70047532.7593253,65787926.15734777,63344011.72256779,68566921.42532292,59280914.15814268,77158509.3472829,68325065.59477529,65510502.796942726,70880130.33007528,80237509.36676529,72330522.71125524,59162289.98951781,68293893.17583035,71307958.4866128,69995017.66578777,73137726.0282054,69348394.72760774,66167744.30438281,65912582.94130026,65212423.41807026,81999528.59119028,62369781.45906531,69352237.69345538,72285055.92966035,67983908.44336776,74588449.07584277,73513993.18077533,72812934.83562535,71981418.89527035,67092762.9133454,67817184.02818273,63457314.442677766,61221464.391435266,63593606.927300364,68748406.13370292,68670948.98504281,67430910.11755285,66226713.386892885,68087360.31044272,62538917.60871278,78087334.15388523,64103838.322950274,76453241.64375778,74105732.94610767,68346799.18174529
2020-03-04,89653081.10296007,65931833.044850275,65920719.61261524,63136087.34420272,69581131.04596789,69749676.96865034,69783532.7593253,65567926.15734777,63168011.72256779,68566921.42532292,59280914.15814268,77158509.3472829,68105065.59477529,65290502.796942726,70880130.33007528,79973509.36676529,72110522.71125524,59162289.98951781,68293893.17583035,71043958.4866128,69775017.66578776,72917726.0282054,69128394.72760774,66167744.30438281,65692582.94130026,64992423.41807026,81999528.59119028,62369781.45906531,69352237.69345538,72065055.92966035,67763908.44336776,74588449.07584277,73513993.18077533,72592934.83562535,71761418.89527035,67092762.9133454,67817184.02818273,63281314.442677766,61221464.391435266,63593606.927300364,68748406.13370292,68450948.98504281,67210910.11755285,66226713.386892885,68087360.31044272,62538917.60871278,78087334.15388523,64103838.322950274,76189241.64375778,73885732.94610767,68346799.18174529
2020-03-05,89457081.10296007,65931833.044850275,65780719.61261524,63136087.34420272,69581131.04596789,69609676.96865034,69615532.7593253,65427926.15734777,63056011.72256779,68566921.42532292,59280914.15814268,77158509.3472829,67965065.59477529,65150502.796942726,70880130.33007528,79805509.36676529,71970522.71125524,59162289.98951781,68293893.17583035,70875958.4866128,69635017.66578776,72777726.0282054,68988394.72760774,66167744.30438281,65552582.94130026,64852423.41807026,81999528.59119028,62369781.45906531,69352237.69345538,71925055.92966035,67623908.44336776,74588449.07584277,73513993.18077533,72452934.83562535,71621418.89527035,67092762.9133454,67817184.02818273,63169314.442677766,61221464.391435266,63593606.927300364,68748406.13370292,68310948.98504281,67070910.11755285,66226713.386892885,68087360.31044272,62538917.60871278,78087334.15388523,64103838.322950274,76021241.64375778,73745732.94610767,68346799.18174529
2020-03-06,88918081.10296007,65931833.044850275,65395719.61261524,63136087.34420272,69581131.04596789,69224676.96865034,69153532.7593253,65042926.15734777,62748011.72256779,68566921.42532292,59280914.15814268,77158509.3472829,67580065.59477529,64765502.796942726,70880130.33007528,79343509.36676529,71585522.71125524,59162289.98951781,68293893.17583035,70413958.4866128,69250017.66578776,72392726.0282054,68603394.72760774,66167744.30438281,65167582.94130026,64467423.41807026,81999528.59119028,62369781.45906531,69352237.69345538,71540055.92966035,67238908.44336776,74588449.07584277,73513993.18077533,72067934.83562535,71236418.89527035,67092762.9133454,67817184.02818273,62861314.442677766,61221464.391435266,63593606.927300364,68748406.13370292,67925948.98504281,66685910.11755285,66226713.386892885,68087360.31044272,62538917.60871278,78087334.15388523,64103838.322950274,75559241.64375778,73360732.94610767,68346799.18174529
2020-03-09,88218081.10296007,65931833.044850275,64895719.61261524,63136087.34420272,69581131.04596789,68724676.96865034,68553532.7593253,64542926.15734777,62348011.72256779,68566921.42532292,59280914.15814268,77158509.3472829,67080065.59477528,64265502.796942726,70880130.33007528,78743509.36676529,71085522.71125524,59162289.98951781,68293893.17583035,69813958.4866128,68750017.66578776,71892726.0282054,68103394.72760774,66167744.30438281,64667582.94130026,63967423.41807026,81999528.59119028,62369781.45906531,69352237.69345538,71040055.92966035,66738908.443367764,74588449.07584277,73513993.18077533,71567934.83562535,70736418.89527035,67092762.9133454,67817184.02818273,62461314.442677766,61221464.391435266,63593606.927300364,68748406.13370292,67425948.98504281,66185910.11755285,66226713.386892885,68087360.31044272,62538917.60871278,78087334.15388523,64103838.322950274,74959241.64375778,72860732.94610767,68346799.18174529
2020-03-10,87567081.10296007,65931833.044850275,64430719.61261524,63136087.34420272,69581131.04596789,68259676.96865034,67995532.7593253,64077926.15734777,61976011.72256779,68566921.42532292,59280914.15814268,77158509.3472829,66615065.59477528,63800502.796942726,70880130.33007528,78185509.36676529,70620522.71125524,59162289.98951781,68293893.17583035,69255958.4866128,68285017.66578776,71427726.0282054,67638394.72760774,66167744.30438281,64202582.94130026,63502423.41807026,81999528.59119028,62369781.45906531,69352237.69345538,70575055.92966035,66273908.443367764,74588449.07584277,73513993.18077533,71102934.83562535,70271418.89527035,67092762.9133454,67817184.02818273,62089314.442677766,61221464.391435266,63593606.927300364,68748406.13370292,66960948.9850428,65720910.11755285,66226713.386892885,68087360.31044272,62538917.60871278,78087334.15388523,64103838.322950274,74401241.64375778,72395732.94610767,68346799.18174529
2020-03-11,87081666.14949256,65931833.044850275,64083994.645852745,63136087.34420272,69581131.04596789,67829676.96865034,67479532.7593253,63647926.15734777,61701554.63334779,68566921.42532292,59280914.15814268,77158509.3472829,66185065.59477528,63370502.796942726,70880130.33007528,77769439.40665029,70273797.74449274,59162289.98951781,68293893.17583035,68739958.4866128,67855017.66578776,71081001.06144288,67362269.82760774,66167744.30438281,63772582.94130026,63072423.41807026,81999528.59119028,62369781.45906531,69352237.69345538,70298931.02966034,65843908.443367764,74588449.07584277,73513993.18077533,70826809.93562534,69995293.99527034,67092762.9133454,67817184.02818273,61868414.522677764,61221464.391435266,63593606.927300364,68748406.13370292,66530948.9850428,65290910.11755285,66226713.386892885,68087360.31044272,62538917.60871278,78087334.15388523,64103838.322950274,73885241.64375778,72049007.97934517,68346799.18174529
2020-03-12,87081666.14949256,65931833.044850275,64083994.645852745,63136087.34420272,69581131.04596789,67405580.61865035,66970617.13932529,63223829.80734777,61701554.63334779,68566921.42532292,59280914.15814268,77158509.3472829,65760969.24477528,62946406.446942724,70880130.33007528,77769439.40665029,70273797.74449274,59162289.98951781,68293893.17583035,68231042.86661279,67430921.31578776,71081001.06144288,67362269.82760774,66167744.30438281,63348486.59130026,62648327.068070255,81999528.59119028,62369781.45906531,69352237.69345538,70298931.02966034,65419812.09336776,74588449.07584277,73513993.18077533,70826809.93562534,69995293.99527034,67092762.9133454,67817184.02818273,61868414.522677764,61221464.391435266,63593606.927300364,68748406.13370292,66106852.6350428,64866813.767552845,66226713.386892885,68087360.31044272,62538917.60871278,78087334.15388523,64103838.322950274,73376326.02375777,72049007.97934517,68346799.18174529
2020-03-13,87081666.14949256,65931833.044850275,64083994.645852745,63136087.34420272,69581131.04596789,67405580.61865035,66970617.13932529,63223829.80734777,61701554.63334779,68566921.42532292,59280914.15814268,77158509.3472829,65760969.24477528,62946406.446942724,70880130.33007528,77769439.40665029,70273797.74449274,59162289.98951781,68293893.17583035,68231042.86661279,67430921.31578776,71081001.06144288,67362269.82760774,66167744.30438281,63348486.59130026,62648327.068070255,81999528.59119028,62369781.45906531,69352237.69345538,70298931.02966034,65419812.09336776,74588449.07584277,73513993.18077533,70826809.93562534,69995293.99527034,67092762.9133454,67817184.02818273,61868414.522677764,61221464.391435266,63593606.927300364,68748406.13370292,66106852.6350428,64866813.767552845,66226713.386892885,68087360.31044272,62538917.60871278,78087334.15388523,64103838.322950274,73376326.02375777,72049007.97934517,68346799.18174529
2020-03-16,87081666.14949256,65931833.044850275,64083994.645852745,63136087.34420272,69581131.04596789,67405580.61865035,66970617.13932529,63223829.80734777,61701554.63334779,68566921.42532292,59280914.15814268,77158509.3472829,65760969.24477528,62946406.446942724,70880130.33007528,77769439.40665029,70273797.74449274,59162289.98951781,68293893.17583035,68231042.86661279,67430921.31578776,71081001.06144288,67362269.82760774,66167744.30438281,63348486.59130026,62648327.068070255,81999528.59119028,62369781.45906531,69352237.69345538,70298931.02966034,65419812.09336776,74588449.07584277,73513993.18077533,70826809.93562534,69995293.99527034,67092762.9133454,67817184.02818273,61868414.522677764,61221464.391435266,63593606.927300364,68748406.13370292,66106852.6350428,64866813.767552845,66226713.386892885,68087360.31044272,62538917.60871278,78087334.15388523,64103838.322950274,73376326.02375777,72049007.97934517,68346799.18174529
2020-03-17,87081666.14949256,65931833.044850275,64083994.645852745,63136087.34420272,69581131.04596789,67405580.61865035,66970617.13932529,63223829.80734777,61701554.63334779,68566921.42532292,59280914.15814268,77158509.3472829,65760969.24477528,62946406.446942724,70880130.33007528,77769439.40665029,70273797.74449274,59162289.98951781,68293893.17583035,68231042.86661279,67430921.31578776,71081001.06144288,67362269.82760774,66167744.30438281,63348486.59130026,62648327.068070255,81999528.59119028,62369781.45906531,69352237.69345538,70298931.02966034,65419812.09336776,74588449.07584277,73513993.18077533,70826809.93562534,69995293.99527034,67092762.9133454,67817184.02818273,61868414.522677764,61221464.391435266,63593606.927300364,68748406.13370292,66106852.6350428,64866813.767552845,66226713.386892885,68087360.31044272,62538917.60871278,78087334.15388523,64103838.322950274,73376326.02375777,72049007.97934517,68346799.18174529
2020-03-18,87081666.14949256,65931833.044850275,64083994.645852745,63136087.34420272,69581131.04596789,67405580.61865035,66970617.13932529,63223829.80734777,61701554.63334779,68566921.42532292,59280914.15814268,77158509.3472829,65760969.24477528,62946406.446942724,70880130.33007528,77769439.40665029,70273797.74449274,59162289.98951781,68293893.17583035,68231042.86661279,67430921.31578776,71081001.06144288,67362269.82760774,66167744.30438281,63348486.59130026,62648327.068070255,81999528.59119028,62369781.45906531,69352237.69345538,70298931.02966034,65419812.09336776,74588449.07584277,73513993.18077533,70826809.93562534,69995293.99527034,67092762.9133454,67817184.02818273,61868414.522677764,61221464.391435266,63593606.927300364,68748406.13370292,66106852.6350428,64866813.767552845,66226713.386892885,68087360.31044272,62538917.60871278,78087334.15388523,64103838.322950274,73376326.02375777,72049007.97934517,68346799.18174529
2020-03-19,87081666.14949256,65931833.044850275,64083994.645852745,63136087.34420272,69581131.04596789,67405580.61865035,66970617.13932529,63223829.80734777,61701554.63334779,68566921.42532292,59280914.15814268,77158509.3472829,65760969.24477528,62946406.446942724,70880130.33007528,77769439.40665029,70273797.74449274,59162289.98951781,68293893.17583035,68231042.86661279,67430921.31578776,71081001.06144288,67362269.82760774,66167744.30438281,63348486.59130026,62648327.068070255,81999528.59119028,62369781.45906531,69352237.69345538,70298931.02966034,65419812.09336776,74588449.07584277,73513993.18077533,70826809.93562534,69995293.99527034,67092762.9133454,67817184.02818273,61868414.522677764,61221464.391435266,63593606.927300364,68748406.13370292,66106852.6350428,64866813.767552845,66226713.386892885,68087360.31044272,62538917.60871278,78087334.15388523,64103838.322950274,73376326.02375777,72049007.97934517,68346799.18174529
2020-03-20,87081666.14949256,65931833.044850275,64083994.645852745,63136087.34420272,69581131.04596789,67405580.61865035,66970617.13932529,63223829.80734777,61701554.63334779,68566921.42532292,59280914.15814268,77158509.3472829,65760969.24477528,62946406.446942724,70880130.33007528,77769439.40665029,70273797.74449274,59162289.98951781,68293893.17583035,68231042.86661279,67430921.31578776,71081001.06144288,67362269.82760774,66167744.30438281,63348486.59130026,62648327.068070255,81999528.59119028,62369781.45906531,69352237.69345538,70298931.02966034,65419812.09336776,74588449.07584277,73513993.18077533,70826809.93562534,69995293.99527034,67092762.9133454,67817184.02818273,61868414.522677764,61221464.391435266,63593606.927300364,68748406.13370292,66106852.6350428,64866813.767552845,66226713.386892885,68087360.31044272,62538917.60871278,78087334.15388523,64103838.322950274,73376326.02375777,72049007.97934517,68346799.18174529
2020-03-23,87081666.14949256,65931833.044850275,64083994.645852745,63136087.34420272,69581131.04596789,67405580.61865035,66970617.13932529,63223829.80734777,61701554.63334779,68566921.42532292,59280914.15814268,77158509.3472829,65760969.24477528,62946406.446942724,70880130.33007528,77769439.40665029,70273797.74449274,59162289.98951781,68293893.17583035,68231042.86661279,67430921.31578776,71081001.06144288,67362269.82760774,66167744.30438281,63348486.59130026,62648327.068070255,81999528.59119028,62369781.45906531,69352237.69345538,70298931.02966034,65419812.09336776,74588449.07584277,73513993.18077533,70826809.93562534,69995293.99527034,67092762.9133454,67817184.02818273,61868414.522677764,61221464.391435266,63593606.927300364,68748406.13370292,66106852.6350428,64866813.767552845,66226713.386892885,68087360.31044272,62538917.60871278,78087334.15388523,64103838.322950274,73376326.02375777,72049007.97934517,68346799.18174529
2020-03-24,87081666.14949256,65931833.044850275,64083994.645852745,63136087.34420272,69581131.04596789,67405580.61865035,66970617.13932529,63223829.80734777,61701554.63334779,68566921.42532292,59280914.15814268,77158509.3472829,65760969.24477528,62946406.446942724,70880130.33007528,77769439.40665029,70273797.74449274,59162289.98951781,68293893.17583035,68231042.86661279,67430921.31578776,71081001.06144288,67362269.82760774,66167744.30438281,63348486.59130026,62648327.068070255,81999528.59119028,62369781.45906531,69352237.69345538,70298931.02966034,65419812.09336776,74588449.07584277,73513993.18077533,70826809.93562534,69995293.99527034,67092762.9133454,67817184.02818273,61868414.522677764,61221464.391435266,63593606.927300364,68748406.13370292,66106852.6350428,64866813.767552845,66226713.386892885,68087360.31044272,62538917.60871278,78087334.15388523,64103838.322950274,73376326.02375777,72049007.97934517,68346799.18174529
2020-03-25,87081666.14949256,65931833.044850275,64083994.645852745,63136087.34420272,69581131.04596789,67405580.61865035,66970617.13932529,63223829.80734777,61701554.63334779,68566921.42532292,59280914.15814268,77158509.3472829,65760969.24477528,62946406.446942724,70880130.33007528,77769439.40665029,70273797.74449274,59162289.98951781,68293893.17583035,68231042.86661279,67430921.31578776,71081001.06144288,67362269.82760774,66167744.30438281,63348486.59130026,62648327.068070255,81999528.59119028,62369781.45906531,69352237.69345538,70298931.02966034,65419812.09336776,74588449.07584277,73513993.18077533,70826809.93562534,69995293.99527034,67092762.9133454,67817184.02818273,61868414.522677764,61221464.391435266,63593606.927300364,68748406.13370292,66106852.6350428,64866813.767552845,66226713.386892885,68087360.31044272,62538917.60871278,78087334.15388523,64103838.322950274,73376326.02375777,72049007.97934517,68346799.18174529
2020-03-26,87081666.14949256,65931833.044850275,64083994.645852745,63136087.34420272,69581131.04596789,67405580.61865035,66970617.13932529,63223829.80734777,61701554.63334779,68566921.42532292,59280914.15814268,77158509.3472829,65760969.24477528,62946406.446942724,70880130.33007528,77769439.40665029,70273797.74449274,59162289.98951781,68293893.17583035,68231042.86661279,67430921.31578776,71081001.06144288,67362269.82760774,66167744.30438281,63348486.59130026,62648327.068070255,81999528.59119028,62369781.45906531,69352237.69345538,70298931.02966034,65419812.09336776,74588449.07584277,73513993.18077533,70826809.93562534,69995293.99527034,67092762.9133454,67817184.02818273,61868414.522677764,61221464.391435266,63593606.927300364,68748406.13370292,66106852.6350428,64866813.767552845,66226713.386892885,68087360.31044272,62538917.60871278,78087334.15388523,64103838.322950274,73376326.02375777,72049007.97934517,68346799.18174529
2020-03-27,87081666.14949256,65931833.044850275,64083994.645852745,63136087.34420272,69581131.04596789,67405580.61865035,66970617.13932529,63223829.80734777,61701554.63334779,68566921.42532292,59280914.15814268,77158509.3472829,65760969.24477528,62946406.446942724,70880130.33007528,77769439.40665029,70273797.74449274,59162289.98951781,68293893.17583035,68231042.86661279,67430921.31578776,71081001.06144288,67362269.82760774,66167744.30438281,63348486.59130026,62648327.068070255,81999528.59119028,62369781.45906531,69352237.69345538,70298931.02966034,65419812.09336776,74588449.07584277,73513993.18077533,70826809.93562534,69995293.99527034,67092762.9133454,67817184.02818273,61868414.522677764,61221464.391435266,63593606.927300364,68748406.13370292,66106852.6350428,64866813.767552845,66226713.386892885,68087360.31044272,62538917.60871278,78087334.15388523,64103838.322950274,73376326.02375777,72049007.97934517,68346799.18174529
2020-03-30,87081666.14949256,65931833.044850275,64083994.645852745,63136087.34420272,69581131.04596789,67405580.61865035,66970617.13932529,63223829.80734777,61701554.63334779,68566921.42532292,59280914.15814268,77158509.3472829,65760969.24477528,62946406.446942724,70880130.33007528,77769439.40665029,70273797.74449274,59162289.98951781,68293893.17583035,68231042.86661279,67430921.31578776,71081001.06144288,67362269.82760774,66167744.30438281,63348486.59130026,62648327.068070255,81999528.59119028,62369781.45906531,69352237.69345538,70298931.02966034,65419812.09336776,74588449.07584277,73513993.18077533,70826809.93562534,69995293.99527034,67092762.9133454,67817184.02818273,61868414.522677764,61221464.391435266,63593606.927300364,68748406.13370292,66106852.6350428,64866813.767552845,66226713.386892885,68087360.31044272,62538917.60871278,78087334.15388523,64103838.322950274,73376326.02375777,72049007.97934517,68346799.18174529
2020-03-31,87081666.14949256,65931833.044850275,64083994.645852745,63136087.34420272,69581131.04596789,67405580.61865035,66970617.13932529,63223829.80734777,61701554.63334779,68566921.42532292,59280914.15814268,77158509.3472829,65760969.24477528,62946406.446942724,70880130.33007528,77769439.40665029,70273797.74449274,59162289.98951781,68293893.17583035,68231042.86661279,67430921.31578776,71081001.06144288,67362269.82760774,66167744.30438281,63348486.59130026,62648327.068070255,81999528.59119028,62369781.45906531,69352237.69345538,70298931.02966034,65419812.09336776,74588449.07584277,73513993.18077533,70826809.93562534,69995293.99527034,67092762.9133454,67817184.02818273,61868414.522677764,61221464.391435266,63593606.927300364,68748406.13370292,66106852.6350428,64866813.767552845,66226713.386892885,68087360.31044272,62538917.60871278,78087334.15388523,64103838.322950274,73376326.02375777,72049007.97934517,68346799.18174529
2020-04-01,87081666.14949256,65931833.044850275,64083994.645852745,63136087.34420272,69581131.04596789,67405580.61865035,66970617.13932529,63223829.80734777,61701554.63334779,68566921.42532292,59280914.15814268,77158509.3472829,65760969.24477528,62946406.446942724,70880130.33007528,77769439.40665029,70273797.74449274,59162289.98951781,68293893.17583035,68231042.86661279,67430921.31578776,71081001.06144288,67362269.82760774,66167744.30438281,63348486.59130026,62648327.068070255,81999528.59119028,62369781.45906531,69352237.69345538,70298931.02966034,65419812.09336776,74588449.07584277,73513993.18077533,70826809.93562534,69995293.99527034,67092762.9133454,67817184.02818273,61868414.522677764,61221464.391435266,63593606.927300364,68748406.13370292,66106852.6350428,64866813.767552845,66226713.386892885,68087360.31044272,62538917.60871278,78087334.15388523,64103838.322950274,73376326.02375777,72049007.97934517,68346799.18174529
2020-04-03,87081666.14949256,65931833.044850275,64083994.645852745,63136087.34420272,69581131.04596789,67405580.61865035,66970617.13932529,63223829.80734777,61701554.63334779,68566921.42532292,59280914.15814268,77158509.3472829,65760969.24477528,62946406.446942724,70880130.33007528,77769439.40665029,70273797.74449274,59162289.98951781,68293893.17583035,68231042.86661279,67430921.31578776,71081001.06144288,67362269.82760774,66167744.30438281,63348486.59130026,62648327.068070255,81999528.59119028,62369781.45906531,69352237.69345538,70298931.02966034,65419812.09336776,74588449.07584277,73513993.18077533,70826809.93562534,69995293.99527034,67092762.9133454,67817184.02818273,61868414.522677764,61221464.391435266,63593606.927300364,68748406.13370292,66106852.6350428,64866813.767552845,66226713.386892885,68087360.31044272,62538917.60871278,78087334.15388523,64103838.322950274,73376326.02375777,72049007.97934517,68346799.18174529
2020-04-06,87081666.14949256,65931833.044850275,64083994.645852745,63136087.34420272,69581131.04596789,67405580.61865035,66970617.13932529,63223829.80734777,61701554.63334779,68566921.42532292,59280914.15814268,77158509.3472829,65760969.24477528,62946406.446942724,70880130.33007528,77769439.40665029,70273797.74449274,59162289.98951781,68293893.17583035,68231042.86661279,67430921.31578776,71081001.06144288,67362269.82760774,66167744.30438281,63348486.59130026,62648327.068070255,81999528.59119028,62369781.45906531,69352237.69345538,70298931.02966034,65419812.09336776,74588449.07584277,73513993.18077533,70826809.93562534,69995293.99527034,67092762.9133454,67817184.02818273,61868414.522677764,61221464.391435266,63593606.927300364,68748406.13370292,66106852.6350428,64866813.767552845,66226713.386892885,68087360.31044272,62538917.60871278,78087334.15388523,64103838.322950274,73376326.02375777,72049007.97934517,68346799.18174529
2020-04-07,87081666.14949256,65931833.044850275,64083994.645852745,63136087.34420272,69581131.04596789,67405580.61865035,66970617.13932529,63223829.80734777,61701554.63334779,68566921.42532292,59280914.15814268,77158509.3472829,65760969.24477528,62946406.446942724,70880130.33007528,77769439.40665029,70273797.74449274,59162289.98951781,68293893.17583035,68231042.86661279,67430921.31578776,71081001.06144288,67362269.82760774,66167744.30438281,63348486.59130026,62648327.068070255,81999528.59119028,62369781.45906531,69352237.69345538,70298931.02966034,65419812.09336776,74588449.07584277,73513993.18077533,70826809.93562534,69995293.99527034,67092762.9133454,67817184.02818273,61868414.522677764,61221464.391435266,63593606.927300364,68748406.13370292,66106852.6350428,64866813.767552845,66226713.386892885,68087360.31044272,62538917.60871278,78087334.15388523,64103838.322950274,73376326.02375777,72049007.97934517,68346799.18174529
2020-04-08,87081666.14949256,65931833.044850275,64083994.645852745,63136087.34420272,69581131.04596789,67405580.61865035,66970617.13932529,63223829.80734777,61701554.63334779,68566921.42532292,59280914.15814268,77158509.3472829,65760969.24477528,62946406.446942724,70880130.33007528,77769439.40665029,70273797.74449274,59162289.98951781,68293893.17583035,68231042.86661279,67430921.31578776,71081001.06144288,67362269.82760774,66167744.30438281,63348486.59130026,62648327.068070255,81999528.59119028,62369781.45906531,69352237.69345538,70298931.02966034,65419812.09336776,74588449.07584277,73513993.18077533,70826809.93562534,69995293.99527034,67092762.9133454,67817184.02818273,61868414.522677764,61221464.391435266,63593606.927300364,68748406.13370292,66106852.6350428,64866813.767552845,66226713.386892885,68087360.31044272,62538917.60871278,78087334.15388523,64103838.322950274,73376326.02375777,72049007.97934517,68346799.18174529
2020-04-09,87081666.14949256,65931833.044850275,64083994.645852745,63136087.34420272,69581131.04596789,67405580.61865035,66970617.13932529,63223829.80734777,61701554.63334779,68566921.42532292,59280914.15814268,77158509.3472829,65760969.24477528,62946406.446942724,70880130.33007528,77769439.40665029,70273797.74449274,59162289.98951781,68293893.17583035,68231042.86661279,67430921.31578776,71081001.06144288,67362269.82760774,66167744.30438281,63348486.59130026,62648327.068070255,81999528.59119028,62369781.45906531,69352237.69345538,70298931.02966034,65419812.09336776,74588449.07584277,73513993.18077533,70826809.93562534,69995293.99527034,67092762.9133454,67817184.02818273,61868414.522677764,61221464.391435266,63593606.927300364,68748406.13370292,66106852.6350428,64866813.767552845,66226713.386892885,68087360.31044272,62538917.60871278,78087334.15388523,64103838.322950274,73376326.02375777,72049007.97934517,68346799.18174529
2020-04-10,87081666.14949256,65931833.044850275,64083994.645852745,63136087.34420272,69581131.04596789,67405580.61865035,66970617.13932529,63223829.80734777,61701554.63334779,68566921.42532292,59280914.15814268,77158509.3472829,65760969.24477528,62946406.446942724,70880130.33007528,77769439.40665029,70273797.74449274,59162289.98951781,68293893.17583035,68231042.86661279,67430921.31578776,71081001.06144288,67362269.82760774,66167744.30438281,63348486.59130026,62648327.068070255,81999528.59119028,62369781.45906531,69352237.69345538,70298931.02966034,65419812.09336776,74588449.07584277,73513993.18077533,70826809.93562534,69995293.99527034,67092762.9133454,67817184.02818273,61868414.522677764,61221464.391435266,63593606.927300364,68748406.13370292,66106852.6350428,64866813.767552845,66226713.386892885,68087360.31044272,62538917.60871278,78087334.15388523,64103838.322950274,73376326.02375777,72049007.97934517,68346799.18174529
2020-04-13,87081666.14949256,65931833.044850275,64083994.645852745,63136087.34420272,69581131.04596789,67405580.61865035,66970617.13932529,63223829.80734777,61701554.63334779,68566921.42532292,59280914.15814268,77158509.3472829,65760969.24477528,62946406.446942724,70880130.33007528,77769439.40665029,70273797.74449274,59162289.98951781,68293893.17583035,68231042.86661279,67430921.31578776,71081001.06144288,67362269.82760774,66167744.30438281,63348486.59130026,62648327.068070255,81999528.59119028,62369781.45906531,69352237.69345538,70298931.02966034,65419812.09336776,74588449.07584277,73513993.18077533,70826809.93562534,69995293.99527034,67092762.9133454,67817184.02818273,61868414.522677764,61221464.391435266,63593606.927300364,68748406.13370292,66106852.6350428,64866813.767552845,66226713.386892885,68087360.31044272,62538917.60871278,78087334.15388523,64103838.322950274,73376326.02375777,72049007.97934517,68346799.18174529
2020-04-14,87081666.14949256,65931833.044850275,64083994.645852745,63136087.34420272,69581131.04596789,67405580.61865035,66970617.13932529,63223829.80734777,61701554.63334779,68566921.42532292,59280914.15814268,77158509.3472829,65760969.24477528,62946406.446942724,70880130.33007528,77769439.40665029,70273797.74449274,59162289.98951781,68293893.17583035,68231042.86661279,67430921.31578776,71081001.06144288,67362269.82760774,66167744.30438281,63348486.59130026,62648327.068070255,81999528.59119028,62369781.45906531,69352237.69345538,70298931.02966034,65419812.09336776,74588449.07584277,73513993.18077533,70826809.93562534,69995293.99527034,67092762.9133454,67817184.02818273,61868414.522677764,61221464.391435266,63593606.927300364,68748406.13370292,66106852.6350428,64866813.767552845,66226713.386892885,68087360.31044272,62538917.60871278,78087334.15388523,64103838.322950274,73376326.02375777,72049007.97934517,68346799.18174529
2020-04-15,87081666.14949256,65931833.044850275,64083994.645852745,63136087.34420272,69581131.04596789,67405580.61865035,66970617.13932529,63223829.80734777,61701554.63334779,68566921.42532292,59280914.15814268,77158509.3472829,65760969.24477528,62946406.446942724,70880130.33007528,77769439.40665029,70273797.74449274,59162289.98951781,68293893.17583035,68231042.86661279,67430921.31578776,71081001.06144288,67362269.82760774,66167744.30438281,63348486.59130026,62648327.068070255,81999528.59119028,62369781.45906531,69352237.69345538,70298931.02966034,65419812.09336776,74588449.07584277,73513993.18077533,70826809.93562534,69995293.99527034,67092762.9133454,67817184.02818273,61868414.522677764,61221464.391435266,63593606.927300364,68748406.13370292,66106852.6350428,64866813.767552845,66226713.386892885,68087360.31044272,62538917.60871278,78087334.15388523,64103838.322950274,73376326.02375777,72049007.97934517,68346799.18174529
2020-04-16,87081666.14949256,65931833.044850275,64083994.645852745,63136087.34420272,69581131.04596789,67405580.61865035,66970617.13932529,63223829.80734777,61701554.63334779,68566921.42532292,59280914.15814268,77158509.3472829,65760969.24477528,62946406.446942724,70880130.33007528,77769439.40665029,70273797.74449274,59162289.98951781,68293893.17583035,68231042.86661279,67430921.31578776,71081001.06144288,67362269.82760774,66167744.30438281,63348486.59130026,62648327.068070255,81999528.59119028,62369781.45906531,69352237.69345538,70298931.02966034,65419812.09336776,74588449.07584277,73513993.18077533,70826809.93562534,69995293.99527034,67092762.9133454,67817184.02818273,61868414.522677764,61221464.391435266,63593606.927300364,68748406.13370292,66106852.6350428,64866813.767552845,66226713.386892885,68087360.31044272,62538917.60871278,78087334.15388523,64103838.322950274,73376326.02375777,72049007.97934517,68346799.18174529
2020-04-17,87081666.14949256,65931833.044850275,64083994.645852745,63136087.34420272,69581131.04596789,67405580.61865035,66970617.13932529,63223829.80734777,61701554.63334779,68566921.42532292,59280914.15814268,77158509.3472829,65760969.24477528,62946406.446942724,70880130.33007528,77769439.40665029,70273797.74449274,59162289.98951781,68293893.17583035,68231042.86661279,67430921.31578776,71081001.06144288,67362269.82760774,66167744.30438281,63348486.59130026,62648327.068070255,81999528.59119028,62369781.45906531,69352237.69345538,70298931.02966034,65419812.09336776,74588449.07584277,73513993.18077533,70826809.93562534,69995293.99527034,67092762.9133454,67817184.02818273,61868414.522677764,61221464.391435266,63593606.927300364,68748406.13370292,66106852.6350428,64866813.767552845,66226713.386892885,68087360.31044272,62538917.60871278,78087334.15388523,64103838.322950274,73376326.02375777,72049007.97934517,68346799.18174529
2020-04-20,87081666.14949256,65931833.044850275,64083994.645852745,63136087.34420272,69581131.04596789,67405580.61865035,66970617.13932529,63223829.80734777,61701554.63334779,68566921.42532292,59280914.15814268,77158509.3472829,65760969.24477528,62946406.446942724,70880130.33007528,77769439.40665029,70273797.74449274,59162289.98951781,68293893.17583035,68231042.86661279,67430921.31578776,71081001.06144288,67362269.82760774,66167744.30438281,63348486.59130026,62648327.068070255,81999528.59119028,62369781.45906531,69352237.69345538,70298931.02966034,65419812.09336776,74588449.07584277,73513993.18077533,70826809.93562534,69995293.99527034,67092762.9133454,67817184.02818273,61868414.522677764,61221464.391435266,63593606.927300364,68748406.13370292,66106852.6350428,64866813.767552845,66226713.386892885,68087360.31044272,62538917.60871278,78087334.15388523,64103838.322950274,73376326.02375777,72049007.97934517,68346799.18174529
2020-04-21,87081666.14949256,65931833.044850275,64083994.645852745,63136087.34420272,69581131.04596789,67405580.61865035,66970617.13932529,63223829.80734777,61701554.63334779,68566921.42532292,59280914.15814268,77158509.3472829,65760969.24477528,62946406.446942724,70880130.33007528,77769439.40665029,70273797.74449274,59162289.98951781,68293893.17583035,68231042.86661279,67430921.31578776,71081001.06144288,67362269.82760774,66167744.30438281,63348486.59130026,62648327.068070255,81999528.59119028,62369781.45906531,69352237.69345538,70298931.02966034,65419812.09336776,74588449.07584277,73513993.18077533,70826809.93562534,69995293.99527034,67092762.9133454,67817184.02818273,61868414.522677764,61221464.391435266,63593606.927300364,68748406.13370292,66106852.6350428,64866813.767552845,66226713.386892885,68087360.31044272,62538917.60871278,78087334.15388523,64103838.322950274,73376326.02375777,72049007.97934517,68346799.18174529
2020-04-22,87081666.14949256,65931833.044850275,64083994.645852745,63136087.34420272,69581131.04596789,67405580.61865035,66970617.13932529,63223829.80734777,61701554.63334779,68566921.42532292,59280914.15814268,77158509.3472829,65760969.24477528,62946406.446942724,70880130.33007528,77769439.40665029,70273797.74449274,59162289.98951781,68293893.17583035,68231042.86661279,67430921.31578776,71081001.06144288,67362269.82760774,66167744.30438281,63348486.59130026,62648327.068070255,81999528.59119028,62369781.45906531,69352237.69345538,70298931.02966034,65419812.09336776,74588449.07584277,73513993.18077533,70826809.93562534,69995293.99527034,67092762.9133454,67817184.02818273,61868414.522677764,61221464.391435266,63593606.927300364,68748406.13370292,66106852.6350428,64866813.767552845,66226713.386892885,68087360.31044272,62538917.60871278,78087334.15388523,64103838.322950274,73376326.02375777,72049007.97934517,68346799.18174529
2020-04-23,87081666.14949256,65931833.044850275,64083994.645852745,63136087.34420272,69581131.04596789,67405580.61865035,66970617.13932529,63223829.80734777,61701554.63334779,68566921.42532292,59280914.15814268,77158509.3472829,65760969.24477528,62946406.446942724,70880130.33007528,77769439.40665029,70273797.74449274,59162289.98951781,68293893.17583035,68231042.86661279,67430921.31578776,71081001.06144288,67362269.82760774,66167744.30438281,63348486.59130026,62648327.068070255,81999528.59119028,62369781.45906531,69352237.69345538,70298931.02966034,65419812.09336776,74588449.07584277,73513993.18077533,70826809.93562534,69995293.99527034,67092762.9133454,67817184.02818273,61868414.522677764,61221464.391435266,63593606.927300364,68748406.13370292,66106852.6350428,64866813.767552845,66226713.386892885,68087360.31044272,62538917.60871278,78087334.15388523,64103838.322950274,73376326.02375777,72049007.97934517,68346799.18174529
2020-04-24,87081666.14949256,65931833.044850275,64083994.645852745,63136087.34420272,69581131.04596789,67405580.61865035,66970617.13932529,63223829.80734777,61701554.63334779,68566921.42532292,59280914.15814268,77158509.3472829,65760969.24477528,62946406.446942724,70880130.33007528,77769439.40665029,70273797.74449274,59162289.98951781,68293893.17583035,68231042.86661279,67430921.31578776,71081001.06144288,67362269.82760774,66167744.30438281,63348486.59130026,62648327.068070255,81999528.59119028,62369781.45906531,69352237.69345538,70298931.02966034,65419812.09336776,74588449.07584277,73513993.18077533,70826809.93562534,69995293.99527034,67092762.9133454,67817184.02818273,61868414.522677764,61221464.391435266,63593606.927300364,68748406.13370292,66106852.6350428,64866813.767552845,66226713.386892885,68087360.31044272,62538917.60871278,78087334.15388523,64103838.322950274,73376326.02375777,72049007.97934517,68346799.18174529
2020-04-27,87081666.14949256,65931833.044850275,64083994.645852745,63136087.34420272,69581131.04596789,67405580.61865035,66970617.13932529,63223829.80734777,61701554.63334779,68566921.42532292,59280914.15814268,77158509.3472829,65760969.24477528,62946406.446942724,70880130.33007528,77769439.40665029,70273797.74449274,59162289.98951781,68293893.17583035,68231042.86661279,67430921.31578776,71081001.06144288,67362269.82760774,66167744.30438281,63348486.59130026,62648327.068070255,81999528.59119028,62369781.45906531,69352237.69345538,70298931.02966034,65419812.09336776,74588449.07584277,73513993.18077533,70826809.93562534,69995293.99527034,67092762.9133454,67817184.02818273,61868414.522677764,61221464.391435266,63593606.927300364,68748406.13370292,66106852.6350428,64866813.767552845,66226713.386892885,68087360.31044272,62538917.60871278,78087334.15388523,64103838.322950274,73376326.02375777,72049007.97934517,68346799.18174529
2020-04-28,87081666.14949256,65931833.044850275,64083994.645852745,63136087.34420272,69581131.04596789,67405580.61865035,66970617.13932529,63223829.80734777,61701554.63334779,68566921.42532292,59280914.15814268,77158509.3472829,65760969.24477528,62946406.446942724,70880130.33007528,77769439.40665029,70273797.74449274,59162289.98951781,68293893.17583035,68231042.86661279,67430921.31578776,71081001.06144288,67362269.82760774,66167744.30438281,63348486.59130026,62648327.068070255,81999528.59119028,62369781.45906531,69352237.69345538,70298931.02966034,65419812.09336776,74588449.07584277,73513993.18077533,70826809.93562534,69995293.99527034,67092762.9133454,67817184.02818273,61868414.522677764,61221464.391435266,63593606.927300364,68748406.13370292,66106852.6350428,64866813.767552845,66226713.386892885,68087360.31044272,62538917.60871278,78087334.15388523,64103838.322950274,73376326.02375777,72049007.97934517,68346799.18174529
2020-04-29,87081666.14949256,65931833.044850275,64083994.645852745,63136087.34420272,69581131.04596789,67405580.61865035,66970617.13932529,63223829.80734777,61701554.63334779,68566921.42532292,59280914.15814268,77158509.3472829,65760969.24477528,62946406.446942724,70880130.33007528,77769439.40665029,70273797.74449274,59162289.98951781,68293893.17583035,68231042.86661279,67430921.31578776,71081001.06144288,67362269.82760774,66167744.30438281,63348486.59130026,62648327.068070255,81999528.59119028,62369781.45906531,69352237.69345538,70298931.02966034,65419812.09336776,74588449.07584277,73513993.18077533,70826809.93562534,69995293.99527034,67092762.9133454,67817184.02818273,61868414.522677764,61221464.391435266,63593606.927300364,68748406.13370292,66106852.6350428,64866813.767552845,66226713.386892885,68087360.31044272,62538917.60871278,78087334.15388523,64103838.322950274,73376326.02375777,72049007.97934517,68346799.18174529
2020-05-04,87081666.14949256,65931833.044850275,64083994.645852745,63136087.34420272,69581131.04596789,67405580.61865035,66970617.13932529,63223829.80734777,61701554.63334779,68566921.42532292,59280914.15814268,77158509.3472829,65760969.24477528,62946406.446942724,70880130.33007528,77769439.40665029,70273797.74449274,59162289.98951781,68293893.17583035,68231042.86661279,67430921.31578776,71081001.06144288,67362269.82760774,66167744.30438281,63348486.59130026,62648327.068070255,81999528.59119028,62369781.45906531,69352237.69345538,70298931.02966034,65419812.09336776,74588449.07584277,73513993.18077533,70826809.93562534,69995293.99527034,67092762.9133454,67817184.02818273,61868414.522677764,61221464.391435266,63593606.927300364,68748406.13370292,66106852.6350428,64866813.767552845,66226713.386892885,68087360.31044272,62538917.60871278,78087334.15388523,64103838.322950274,73376326.02375777,72049007.97934517,68346799.18174529
2020-05-05,87081666.14949256,65931833.044850275,64083994.645852745,63136087.34420272,69581131.04596789,67405580.61865035,66970617.13932529,63223829.80734777,61701554.63334779,68566921.42532292,59280914.15814268,77158509.3472829,65760969.24477528,62946406.446942724,70880130.33007528,77769439.40665029,70273797.74449274,59162289.98951781,68293893.17583035,68231042.86661279,67430921.31578776,71081001.06144288,67362269.82760774,66167744.30438281,63348486.59130026,62648327.068070255,81999528.59119028,62369781.45906531,69352237.69345538,70298931.02966034,65419812.09336776,74588449.07584277,73513993.18077533,70826809.93562534,69995293.99527034,67092762.9133454,67817184.02818273,61868414.522677764,61221464.391435266,63593606.927300364,68748406.13370292,66106852.6350428,64866813.767552845,66226713.386892885,68087360.31044272,62538917.60871278,78087334.15388523,64103838.322950274,73376326.02375777,72049007.97934517,68346799.18174529
2020-05-06,87081666.14949256,65931833.044850275,64083994.645852745,63136087.34420272,69581131.04596789,67405580.61865035,66970617.13932529,63223829.80734777,61701554.63334779,68566921.42532292,59280914.15814268,77158509.3472829,65760969.24477528,62946406.446942724,70880130.33007528,77769439.40665029,70273797.74449274,59162289.98951781,68293893.17583035,68231042.86661279,67430921.31578776,71081001.06144288,67362269.82760774,66167744.30438281,63348486.59130026,62648327.068070255,81999528.59119028,62369781.45906531,69352237.69345538,70298931.02966034,65419812.09336776,74588449.07584277,73513993.18077533,70826809.93562534,69995293.99527034,67092762.9133454,67817184.02818273,61868414.522677764,61221464.391435266,63593606.927300364,68748406.13370292,66106852.6350428,64866813.767552845,66226713.386892885,68087360.31044272,62538917.60871278,78087334.15388523,64103838.322950274,73376326.02375777,72049007.97934517,68346799.18174529
2020-05-07,87081666.14949256,65931833.044850275,64083994.645852745,63136087.34420272,69581131.04596789,67405580.61865035,66970617.13932529,63223829.80734777,61701554.63334779,68566921.42532292,59280914.15814268,77158509.3472829,65760969.24477528,62946406.446942724,70880130.33007528,77769439.40665029,70273797.74449274,59162289.98951781,68293893.17583035,68231042.86661279,67430921.31578776,71081001.06144288,67362269.82760774,66167744.30438281,63348486.59130026,62648327.068070255,81999528.59119028,62369781.45906531,69352237.69345538,70298931.02966034,65419812.09336776,74588449.07584277,73513993.18077533,70826809.93562534,69995293.99527034,67092762.9133454,67817184.02818273,61868414.522677764,61221464.391435266,63593606.927300364,68748406.13370292,66106852.6350428,64866813.767552845,66226713.386892885,68087360.31044272,62538917.60871278,78087334.15388523,64103838.322950274,73376326.02375777,72049007.97934517,68346799.18174529
2020-05-08,87081666.14949256,65931833.044850275,64083994.645852745,63136087.34420272,69581131.04596789,67405580.61865035,66970617.13932529,63223829.80734777,61701554.63334779,68566921.42532292,59280914.15814268,77158509.3472829,65760969.24477528,62946406.446942724,70880130.33007528,77769439.40665029,70273797.74449274,59162289.98951781,68293893.17583035,68231042.86661279,67430921.31578776,71081001.06144288,67362269.82760774,66167744.30438281,63348486.59130026,62648327.068070255,81999528.59119028,62369781.45906531,69352237.69345538,70298931.02966034,65419812.09336776,74588449.07584277,73513993.18077533,70826809.93562534,69995293.99527034,67092762.9133454,67817184.02818273,61868414.522677764,61221464.391435266,63593606.927300364,68748406.13370292,66106852.6350428,64866813.767552845,66226713.386892885,68087360.31044272,62538917.60871278,78087334.15388523,64103838.322950274,73376326.02375777,72049007.97934517,68346799.18174529
2020-05-11,87081666.14949256,65931833.044850275,64083994.645852745,63136087.34420272,69581131.04596789,67405580.61865035,66970617.13932529,63223829.80734777,61701554.63334779,68566921.42532292,59280914.15814268,77158509.3472829,65760969.24477528,62946406.446942724,70880130.33007528,77769439.40665029,70273797.74449274,59162289.98951781,68293893.17583035,68231042.86661279,67430921.31578776,71081001.06144288,67362269.82760774,66167744.30438281,63348486.59130026,62648327.068070255,81999528.59119028,62369781.45906531,69352237.69345538,70298931.02966034,65419812.09336776,74588449.07584277,73513993.18077533,70826809.93562534,69995293.99527034,67092762.9133454,67817184.02818273,61868414.522677764,61221464.391435266,63593606.927300364,68748406.13370292,66106852.6350428,64866813.767552845,66226713.386892885,68087360.31044272,62538917.60871278,78087334.15388523,64103838.322950274,73376326.02375777,72049007.97934517,68346799.18174529
2020-05-12,87081666.14949256,65931833.044850275,64083994.645852745,63136087.34420272,69581131.04596789,67405580.61865035,66970617.13932529,63223829.80734777,61701554.63334779,68566921.42532292,59280914.15814268,77158509.3472829,65760969.24477528,62946406.446942724,70880130.33007528,77769439.40665029,70273797.74449274,59162289.98951781,68293893.17583035,68231042.86661279,67430921.31578776,71081001.06144288,67362269.82760774,66167744.30438281,63348486.59130026,62648327.068070255,81999528.59119028,62369781.45906531,69352237.69345538,70298931.02966034,65419812.09336776,74588449.07584277,73513993.18077533,70826809.93562534,69995293.99527034,67092762.9133454,67817184.02818273,61868414.522677764,61221464.391435266,63593606.927300364,68748406.13370292,66106852.6350428,64866813.767552845,66226713.386892885,68087360.31044272,62538917.60871278,78087334.15388523,64103838.322950274,73376326.02375777,72049007.97934517,68346799.18174529
2020-05-13,87081666.14949256,65931833.044850275,64083994.645852745,63136087.34420272,69581131.04596789,67405580.61865035,66970617.13932529,63223829.80734777,61701554.63334779,68566921.42532292,59280914.15814268,77158509.3472829,65760969.24477528,62946406.446942724,70880130.33007528,77769439.40665029,70273797.74449274,59162289.98951781,68293893.17583035,68231042.86661279,67430921.31578776,71081001.06144288,67362269.82760774,66167744.30438281,63348486.59130026,62648327.068070255,81999528.59119028,62369781.45906531,69352237.69345538,70298931.02966034,65419812.09336776,74588449.07584277,73513993.18077533,70826809.93562534,69995293.99527034,67092762.9133454,67817184.02818273,61868414.522677764,61221464.391435266,63593606.927300364,68748406.13370292,66106852.6350428,64866813.767552845,66226713.386892885,68087360.31044272,62538917.60871278,78087334.15388523,64103838.322950274,73376326.02375777,72049007.97934517,68346799.18174529
2020-05-14,87081666.14949256,65931833.044850275,64083994.645852745,63136087.34420272,69581131.04596789,67405580.61865035,66970617.13932529,63223829.80734777,61701554.63334779,68566921.42532292,59280914.15814268,77158509.3472829,65760969.24477528,62946406.446942724,70880130.33007528,77769439.40665029,70273797.74449274,59162289.98951781,68293893.17583035,68231042.86661279,67430921.31578776,71081001.06144288,67362269.82760774,66167744.30438281,63348486.59130026,62648327.068070255,81999528.59119028,62369781.45906531,69352237.69345538,70298931.02966034,65419812.09336776,74588449.07584277,73513993.18077533,70826809.93562534,69995293.99527034,67092762.9133454,67817184.02818273,61868414.522677764,61221464.391435266,63593606.927300364,68748406.13370292,66106852.6350428,64866813.767552845,66226713.386892885,68087360.31044272,62538917.60871278,78087334.15388523,64103838.322950274,73376326.02375777,72049007.97934517,68346799.18174529
2020-05-15,87081666.14949256,65931833.044850275,64083994.645852745,63136087.34420272,69581131.04596789,67405580.61865035,66970617.13932529,63223829.80734777,61701554.63334779,68566921.42532292,59280914.15814268,77158509.3472829,65760969.24477528,62946406.446942724,70880130.33007528,77769439.40665029,70273797.74449274,59162289.98951781,68293893.17583035,68231042.86661279,67430921.31578776,71081001.06144288,67362269.82760774,66167744.30438281,63348486.59130026,62648327.068070255,81999528.59119028,62369781.45906531,69352237.69345538,70298931.02966034,65419812.09336776,74588449.07584277,73513993.18077533,70826809.93562534,69995293.99527034,67092762.9133454,67817184.02818273,61868414.522677764,61221464.391435266,63593606.927300364,68748406.13370292,66106852.6350428,64866813.767552845,66226713.386892885,68087360.31044272,62538917.60871278,78087334.15388523,64103838.322950274,73376326.02375777,72049007.97934517,68346799.18174529
2020-05-18,87081666.14949256,65931833.044850275,64083994.645852745,63136087.34420272,69581131.04596789,67405580.61865035,66970617.13932529,63223829.80734777,61701554.63334779,68566921.42532292,59280914.15814268,77158509.3472829,65760969.24477528,62946406.446942724,70880130.33007528,77769439.40665029,70273797.74449274,59162289.98951781,68293893.17583035,68231042.86661279,67430921.31578776,71081001.06144288,67362269.82760774,66167744.30438281,63348486.59130026,62648327.068070255,81999528.59119028,62369781.45906531,69352237.69345538,70298931.02966034,65419812.09336776,74588449.07584277,73513993.18077533,70826809.93562534,69995293.99527034,67092762.9133454,67817184.02818273,61868414.522677764,61221464.391435266,63593606.927300364,68748406.13370292,66106852.6350428,64866813.767552845,66226713.386892885,68087360.31044272,62538917.60871278,78087334.15388523,64103838.322950274,73376326.02375777,72049007.97934517,68346799.18174529
2020-05-19,87081666.14949256,65931833.044850275,64083994.645852745,63136087.34420272,69581131.04596789,67405580.61865035,66970617.13932529,63223829.80734777,61701554.63334779,68566921.42532292,59280914.15814268,77158509.3472829,65760969.24477528,62946406.446942724,70880130.33007528,77769439.40665029,70273797.74449274,59162289.98951781,68293893.17583035,68231042.86661279,67430921.31578776,71081001.06144288,67362269.82760774,66167744.30438281,63348486.59130026,62648327.068070255,81999528.59119028,62369781.45906531,69352237.69345538,70298931.02966034,65419812.09336776,74588449.07584277,73513993.18077533,70826809.93562534,69995293.99527034,67092762.9133454,67817184.02818273,61868414.522677764,61221464.391435266,63593606.927300364,68748406.13370292,66106852.6350428,64866813.767552845,66226713.386892885,68087360.31044272,62538917.60871278,78087334.15388523,64103838.322950274,73376326.02375777,72049007.97934517,68346799.18174529
2020-05-20,87081666.14949256,65931833.044850275,64083994.645852745,63136087.34420272,69581131.04596789,67405580.61865035,66970617.13932529,63223829.80734777,61701554.63334779,68566921.42532292,59280914.15814268,77158509.3472829,65760969.24477528,62946406.446942724,70880130.33007528,77769439.40665029,70273797.74449274,59162289.98951781,68293893.17583035,68231042.86661279,67430921.31578776,71081001.06144288,67362269.82760774,66167744.30438281,63348486.59130026,62648327.068070255,81999528.59119028,62369781.45906531,69352237.69345538,70298931.02966034,65419812.09336776,74588449.07584277,73513993.18077533,70826809.93562534,69995293.99527034,67092762.9133454,67817184.02818273,61868414.522677764,61221464.391435266,63593606.927300364,68748406.13370292,66106852.6350428,64866813.767552845,66226713.386892885,68087360.31044272,62538917.60871278,78087334.15388523,64103838.322950274,73376326.02375777,72049007.97934517,68346799.18174529
2020-05-21,87081666.14949256,65931833.044850275,64083994.645852745,63136087.34420272,69581131.04596789,67405580.61865035,66970617.13932529,63223829.80734777,61701554.63334779,68566921.42532292,59280914.15814268,77158509.3472829,65760969.24477528,62946406.446942724,70880130.33007528,77769439.40665029,70273797.74449274,59162289.98951781,68293893.17583035,68231042.86661279,67430921.31578776,71081001.06144288,67362269.82760774,66167744.30438281,63348486.59130026,62648327.068070255,81999528.59119028,62369781.45906531,69352237.69345538,70298931.02966034,65419812.09336776,74588449.07584277,73513993.18077533,70826809.93562534,69995293.99527034,67092762.9133454,67817184.02818273,61868414.522677764,61221464.391435266,63593606.927300364,68748406.13370292,66106852.6350428,64866813.767552845,66226713.386892885,68087360.31044272,62538917.60871278,78087334.15388523,64103838.322950274,73376326.02375777,72049007.97934517,68346799.18174529
2020-05-22,87081666.14949256,65931833.044850275,64083994.645852745,63136087.34420272,69581131.04596789,67405580.61865035,66970617.13932529,63223829.80734777,61701554.63334779,68566921.42532292,59280914.15814268,77158509.3472829,65760969.24477528,62946406.446942724,70880130.33007528,77769439.40665029,70273797.74449274,59162289.98951781,68293893.17583035,68231042.86661279,67430921.31578776,71081001.06144288,67362269.82760774,66167744.30438281,63348486.59130026,62648327.068070255,81999528.59119028,62369781.45906531,69352237.69345538,70298931.02966034,65419812.09336776,74588449.07584277,73513993.18077533,70826809.93562534,69995293.99527034,67092762.9133454,67817184.02818273,61868414.522677764,61221464.391435266,63593606.927300364,68748406.13370292,66106852.6350428,64866813.767552845,66226713.386892885,68087360.31044272,62538917.60871278,78087334.15388523,64103838.322950274,73376326.02375777,72049007.97934517,68346799.18174529
2020-05-25,87081666.14949256,65931833.044850275,64083994.645852745,63136087.34420272,69581131.04596789,67405580.61865035,66970617.13932529,63223829.80734777,61701554.63334779,68566921.42532292,59280914.15814268,77158509.3472829,65760969.24477528,62946406.446942724,70880130.33007528,77769439.40665029,70273797.74449274,59162289.98951781,68293893.17583035,68231042.86661279,67430921.31578776,71081001.06144288,67362269.82760774,66167744.30438281,63348486.59130026,62648327.068070255,81999528.59119028,62369781.45906531,69352237.69345538,70298931.02966034,65419812.09336776,74588449.07584277,73513993.18077533,70826809.93562534,69995293.99527034,67092762.9133454,67817184.02818273,61868414.522677764,61221464.391435266,63593606.927300364,68748406.13370292,66106852.6350428,64866813.767552845,66226713.386892885,68087360.31044272,62538917.60871278,78087334.15388523,64103838.322950274,73376326.02375777,72049007.97934517,68346799.18174529
2020-05-26,87081666.14949256,65931833.044850275,64083994.645852745,63136087.34420272,69581131.04596789,67405580.61865035,66970617.13932529,63223829.80734777,61701554.63334779,68566921.42532292,59280914.15814268,77158509.3472829,65760969.24477528,62946406.446942724,70880130.33007528,77769439.40665029,70273797.74449274,59162289.98951781,68293893.17583035,68231042.86661279,67430921.31578776,71081001.06144288,67362269.82760774,66167744.30438281,63348486.59130026,62648327.068070255,81999528.59119028,62369781.45906531,69352237.69345538,70298931.02966034,65419812.09336776,74588449.07584277,73513993.18077533,70826809.93562534,69995293.99527034,67092762.9133454,67817184.02818273,61868414.522677764,61221464.391435266,63593606.927300364,68748406.13370292,66106852.6350428,64866813.767552845,66226713.386892885,68087360.31044272,62538917.60871278,78087334.15388523,64103838.322950274,73376326.02375777,72049007.97934517,68346799.18174529
2020-05-27,87081666.14949256,65931833.044850275,64083994.645852745,63136087.34420272,69581131.04596789,67405580.61865035,66970617.13932529,63223829.80734777,61701554.63334779,68566921.42532292,59280914.15814268,77158509.3472829,65760969.24477528,62946406.446942724,70880130.33007528,77769439.40665029,70273797.74449274,59162289.98951781,68293893.17583035,68231042.86661279,67430921.31578776,71081001.06144288,67362269.82760774,66167744.30438281,63348486.59130026,62648327.068070255,81999528.59119028,62369781.45906531,69352237.69345538,70298931.02966034,65419812.09336776,74588449.07584277,73513993.18077533,70826809.93562534,69995293.99527034,67092762.9133454,67817184.02818273,61868414.522677764,61221464.391435266,63593606.927300364,68748406.13370292,66106852.6350428,64866813.767552845,66226713.386892885,68087360.31044272,62538917.60871278,78087334.15388523,64103838.322950274,73376326.02375777,72049007.97934517,68346799.18174529
2020-05-28,87081666.14949256,65931833.044850275,64083994.645852745,63136087.34420272,69581131.04596789,67405580.61865035,66970617.13932529,63223829.80734777,61701554.63334779,68566921.42532292,59280914.15814268,77158509.3472829,65760969.24477528,62946406.446942724,70880130.33007528,77769439.40665029,70273797.74449274,59162289.98951781,68293893.17583035,68231042.86661279,67430921.31578776,71081001.06144288,67362269.82760774,66167744.30438281,63348486.59130026,62648327.068070255,81999528.59119028,62369781.45906531,69352237.69345538,70298931.02966034,65419812.09336776,74588449.07584277,73513993.18077533,70826809.93562534,69995293.99527034,67092762.9133454,67817184.02818273,61868414.522677764,61221464.391435266,63593606.927300364,68748406.13370292,66106852.6350428,64866813.767552845,66226713.386892885,68087360.31044272,62538917.60871278,78087334.15388523,64103838.322950274,73376326.02375777,72049007.97934517,68346799.18174529
2020-05-29,87081666.14949256,65931833.044850275,64083994.645852745,63136087.34420272,69581131.04596789,67405580.61865035,66970617.13932529,63223829.80734777,61701554.63334779,68566921.42532292,59280914.15814268,77158509.3472829,65760969.24477528,62946406.446942724,70880130.33007528,77769439.40665029,70273797.74449274,59162289.98951781,68293893.17583035,68231042.86661279,67430921.31578776,71081001.06144288,67362269.82760774,66167744.30438281,63348486.59130026,62648327.068070255,81999528.59119028,62369781.45906531,69352237.69345538,70298931.02966034,65419812.09336776,74588449.07584277,73513993.18077533,70826809.93562534,69995293.99527034,67092762.9133454,67817184.02818273,61868414.522677764,61221464.391435266,63593606.927300364,68748406.13370292,66106852.6350428,64866813.767552845,66226713.386892885,68087360.31044272,62538917.60871278,78087334.15388523,64103838.322950274,73376326.02375777,72049007.97934517,68346799.18174529
2020-06-01,87081666.14949256,65931833.044850275,64083994.645852745,63136087.34420272,69581131.04596789,67405580.61865035,66970617.13932529,63223829.80734777,61701554.63334779,68566921.42532292,59280914.15814268,77158509.3472829,65760969.24477528,62946406.446942724,70880130.33007528,77769439.40665029,70273797.74449274,59162289.98951781,68293893.17583035,68231042.86661279,67430921.31578776,71081001.06144288,67362269.82760774,66167744.30438281,63348486.59130026,62648327.068070255,81999528.59119028,62369781.45906531,69352237.69345538,70298931.02966034,65419812.09336776,74588449.07584277,73513993.18077533,70826809.93562534,69995293.99527034,67092762.9133454,67817184.02818273,61868414.522677764,61221464.391435266,63593606.927300364,68748406.13370292,66106852.6350428,64866813.767552845,66226713.386892885,68087360.31044272,62538917.60871278,78087334.15388523,64103838.322950274,73376326.02375777,72049007.97934517,68346799.18174529
2020-06-02,87081666.14949256,65931833.044850275,64083994.645852745,63136087.34420272,69581131.04596789,67405580.61865035,66970617.13932529,63223829.80734777,61701554.63334779,68566921.42532292,59280914.15814268,77158509.3472829,65760969.24477528,62946406.446942724,70880130.33007528,77769439.40665029,70273797.74449274,59162289.98951781,68293893.17583035,68231042.86661279,67430921.31578776,71081001.06144288,67362269.82760774,66167744.30438281,63348486.59130026,62648327.068070255,81999528.59119028,62369781.45906531,69352237.69345538,70298931.02966034,65419812.09336776,74588449.07584277,73513993.18077533,70826809.93562534,69995293.99527034,67092762.9133454,67817184.02818273,61868414.522677764,61221464.391435266,63593606.927300364,68748406.13370292,66106852.6350428,64866813.767552845,66226713.386892885,68087360.31044272,62538917.60871278,78087334.15388523,64103838.322950274,73376326.02375777,72049007.97934517,68346799.18174529
2020-06-03,87081666.14949256,65931833.044850275,64083994.645852745,63136087.34420272,69581131.04596789,67405580.61865035,66970617.13932529,63223829.80734777,61701554.63334779,68566921.42532292,59280914.15814268,77158509.3472829,65760969.24477528,62946406.446942724,70880130.33007528,77769439.40665029,70273797.74449274,59162289.98951781,68293893.17583035,68231042.86661279,67430921.31578776,71081001.06144288,67362269.82760774,66167744.30438281,63348486.59130026,62648327.068070255,81999528.59119028,62369781.45906531,69352237.69345538,70298931.02966034,65419812.09336776,74588449.07584277,73513993.18077533,70826809.93562534,69995293.99527034,67092762.9133454,67817184.02818273,61868414.522677764,61221464.391435266,63593606.927300364,68748406.13370292,66106852.6350428,64866813.767552845,66226713.386892885,68087360.31044272,62538917.60871278,78087334.15388523,64103838.322950274,73376326.02375777,72049007.97934517,68346799.18174529
2020-06-04,87081666.14949256,65931833.044850275,64083994.645852745,63136087.34420272,69581131.04596789,67405580.61865035,66970617.13932529,63223829.80734777,61701554.63334779,68566921.42532292,59280914.15814268,77158509.3472829,65760969.24477528,62946406.446942724,70880130.33007528,77769439.40665029,70273797.74449274,59162289.98951781,68293893.17583035,68231042.86661279,67430921.31578776,71081001.06144288,67362269.82760774,66167744.30438281,63348486.59130026,62648327.068070255,81999528.59119028,62369781.45906531,69352237.69345538,70298931.02966034,65419812.09336776,74588449.07584277,73513993.18077533,70826809.93562534,69995293.99527034,67092762.9133454,67817184.02818273,61868414.522677764,61221464.391435266,63593606.927300364,68748406.13370292,66106852.6350428,64866813.767552845,66226713.386892885,68087360.31044272,62538917.60871278,78087334.15388523,64103838.322950274,73376326.02375777,72049007.97934517,68346799.18174529
2020-06-05,87081666.14949256,65931833.044850275,64083994.645852745,63136087.34420272,69581131.04596789,67405580.61865035,66970617.13932529,63223829.80734777,61701554.63334779,68566921.42532292,59280914.15814268,77158509.3472829,65760969.24477528,62946406.446942724,70880130.33007528,77769439.40665029,70273797.74449274,59162289.98951781,68293893.17583035,68231042.86661279,67430921.31578776,71081001.06144288,67362269.82760774,66167744.30438281,63348486.59130026,62648327.068070255,81999528.59119028,62369781.45906531,69352237.69345538,70298931.02966034,65419812.09336776,74588449.07584277,73513993.18077533,70826809.93562534,69995293.99527034,67092762.9133454,67817184.02818273,61868414.522677764,61221464.391435266,63593606.927300364,68748406.13370292,66106852.6350428,64866813.767552845,66226713.386892885,68087360.31044272,62538917.60871278,78087334.15388523,64103838.322950274,73376326.02375777,72049007.97934517,68346799.18174529
2020-06-08,87081666.14949256,65931833.044850275,64083994.645852745,63136087.34420272,69581131.04596789,67405580.61865035,66970617.13932529,63223829.80734777,61701554.63334779,68566921.42532292,59280914.15814268,77158509.3472829,65760969.24477528,62946406.446942724,70880130.33007528,77769439.40665029,70273797.74449274,59162289.98951781,68293893.17583035,68231042.86661279,67430921.31578776,71081001.06144288,67362269.82760774,66167744.30438281,63348486.59130026,62648327.068070255,81999528.59119028,62369781.45906531,69352237.69345538,70298931.02966034,65419812.09336776,74588449.07584277,73513993.18077533,70826809.93562534,69995293.99527034,67092762.9133454,67817184.02818273,61868414.522677764,61221464.391435266,63593606.927300364,68748406.13370292,66106852.6350428,64866813.767552845,66226713.386892885,68087360.31044272,62538917.60871278,78087334.15388523,64103838.322950274,73376326.02375777,72049007.97934517,68346799.18174529
2020-06-09,87081666.14949256,65931833.044850275,64083994.645852745,63136087.34420272,69581131.04596789,67405580.61865035,66970617.13932529,63223829.80734777,61701554.63334779,68566921.42532292,59280914.15814268,77158509.3472829,65760969.24477528,62946406.446942724,70880130.33007528,77769439.40665029,70273797.74449274,59162289.98951781,68293893.17583035,68231042.86661279,67430921.31578776,71081001.06144288,67362269.82760774,66167744.30438281,63348486.59130026,62648327.068070255,81999528.59119028,62369781.45906531,69352237.69345538,70298931.02966034,65419812.09336776,74588449.07584277,73513993.18077533,70826809.93562534,69995293.99527034,67092762.9133454,67817184.02818273,61868414.522677764,61221464.391435266,63593606.927300364,68748406.13370292,66106852.6350428,64866813.767552845,66226713.386892885,68087360.31044272,62538917.60871278,78087334.15388523,64103838.322950274,73376326.02375777,72049007.97934517,68346799.18174529
2020-06-10,87081666.14949256,65931833.044850275,64083994.645852745,63136087.34420272,69581131.04596789,67405580.61865035,66970617.13932529,63223829.80734777,61701554.63334779,68566921.42532292,59280914.15814268,77158509.3472829,65760969.24477528,62946406.446942724,70880130.33007528,77769439.40665029,70273797.74449274,59162289.98951781,68293893.17583035,68231042.86661279,67430921.31578776,71081001.06144288,67362269.82760774,66167744.30438281,63348486.59130026,62648327.068070255,81999528.59119028,62369781.45906531,69352237.69345538,70298931.02966034,65419812.09336776,74588449.07584277,73513993.18077533,70826809.93562534,69995293.99527034,67092762.9133454,67817184.02818273,61868414.522677764,61221464.391435266,63593606.927300364,68748406.13370292,66106852.6350428,64866813.767552845,66226713.386892885,68087360.31044272,62538917.60871278,78087334.15388523,64103838.322950274,73376326.02375777,72049007.97934517,68346799.18174529
2020-06-11,87081666.14949256,65931833.044850275,64083994.645852745,63136087.34420272,69581131.04596789,67405580.61865035,66970617.13932529,63223829.80734777,61701554.63334779,68566921.42532292,59280914.15814268,77158509.3472829,65760969.24477528,62946406.446942724,70880130.33007528,77769439.40665029,70273797.74449274,59162289.98951781,68293893.17583035,68231042.86661279,67430921.31578776,71081001.06144288,67362269.82760774,66167744.30438281,63348486.59130026,62648327.068070255,81999528.59119028,62369781.45906531,69352237.69345538,70298931.02966034,65419812.09336776,74588449.07584277,73513993.18077533,70826809.93562534,69995293.99527034,67092762.9133454,67817184.02818273,61868414.522677764,61221464.391435266,63593606.927300364,68748406.13370292,66106852.6350428,64866813.767552845,66226713.386892885,68087360.31044272,62538917.60871278,78087334.15388523,64103838.322950274,73376326.02375777,72049007.97934517,68346799.18174529
2020-06-12,87081666.14949256,65931833.044850275,64083994.645852745,63136087.34420272,69581131.04596789,67405580.61865035,66970617.13932529,63223829.80734777,61701554.63334779,68566921.42532292,59280914.15814268,77158509.3472829,65760969.24477528,62946406.446942724,70880130.33007528,77769439.40665029,70273797.74449274,59162289.98951781,68293893.17583035,68231042.86661279,67430921.31578776,71081001.06144288,67362269.82760774,66167744.30438281,63348486.59130026,62648327.068070255,81999528.59119028,62369781.45906531,69352237.69345538,70298931.02966034,65419812.09336776,74588449.07584277,73513993.18077533,70826809.93562534,69995293.99527034,67092762.9133454,67817184.02818273,61868414.522677764,61221464.391435266,63593606.927300364,68748406.13370292,66106852.6350428,64866813.767552845,66226713.386892885,68087360.31044272,62538917.60871278,78087334.15388523,64103838.322950274,73376326.02375777,72049007.97934517,68346799.18174529
2020-06-15,87081666.14949256,65931833.044850275,64083994.645852745,63136087.34420272,69581131.04596789,67405580.61865035,66970617.13932529,63223829.80734777,61701554.63334779,68566921.42532292,59280914.15814268,77158509.3472829,65760969.24477528,62946406.446942724,70880130.33007528,77769439.40665029,70273797.74449274,59162289.98951781,68293893.17583035,68231042.86661279,67430921.31578776,71081001.06144288,67362269.82760774,66167744.30438281,63348486.59130026,62648327.068070255,81999528.59119028,62369781.45906531,69352237.69345538,70298931.02966034,65419812.09336776,74588449.07584277,73513993.18077533,70826809.93562534,69995293.99527034,67092762.9133454,67817184.02818273,61868414.522677764,61221464.391435266,63593606.927300364,68748406.13370292,66106852.6350428,64866813.767552845,66226713.386892885,68087360.31044272,62538917.60871278,78087334.15388523,64103838.322950274,73376326.02375777,72049007.97934517,68346799.18174529
2020-06-16,87081666.14949256,65931833.044850275,64083994.645852745,63136087.34420272,69581131.04596789,67405580.61865035,66970617.13932529,63223829.80734777,61701554.63334779,68566921.42532292,59280914.15814268,77158509.3472829,65760969.24477528,62946406.446942724,70880130.33007528,77769439.40665029,70273797.74449274,59162289.98951781,68293893.17583035,68231042.86661279,67430921.31578776,71081001.06144288,67362269.82760774,66167744.30438281,63348486.59130026,62648327.068070255,81999528.59119028,62369781.45906531,69352237.69345538,70298931.02966034,65419812.09336776,74588449.07584277,73513993.18077533,70826809.93562534,69995293.99527034,67092762.9133454,67817184.02818273,61868414.522677764,61221464.391435266,63593606.927300364,68748406.13370292,66106852.6350428,64866813.767552845,66226713.386892885,68087360.31044272,62538917.60871278,78087334.15388523,64103838.322950274,73376326.02375777,72049007.97934517,68346799.18174529
2020-06-17,87081666.14949256,65931833.044850275,64083994.645852745,63136087.34420272,69581131.04596789,67405580.61865035,66970617.13932529,63223829.80734777,61701554.63334779,68566921.42532292,59280914.15814268,77158509.3472829,65760969.24477528,62946406.446942724,70880130.33007528,77769439.40665029,70273797.74449274,59162289.98951781,68293893.17583035,68231042.86661279,67430921.31578776,71081001.06144288,67362269.82760774,66167744.30438281,63348486.59130026,62648327.068070255,81999528.59119028,62369781.45906531,69352237.69345538,70298931.02966034,65419812.09336776,74588449.07584277,73513993.18077533,70826809.93562534,69995293.99527034,67092762.9133454,67817184.02818273,61868414.522677764,61221464.391435266,63593606.927300364,68748406.13370292,66106852.6350428,64866813.767552845,66226713.386892885,68087360.31044272,62538917.60871278,78087334.15388523,64103838.322950274,73376326.02375777,72049007.97934517,68346799.18174529
2020-06-18,87081666.14949256,65931833.044850275,64083994.645852745,63136087.34420272,69581131.04596789,67405580.61865035,66970617.13932529,63223829.80734777,61701554.63334779,68566921.42532292,59280914.15814268,77158509.3472829,65760969.24477528,62946406.446942724,70880130.33007528,77769439.40665029,70273797.74449274,59162289.98951781,68293893.17583035,68231042.86661279,67430921.31578776,71081001.06144288,67362269.82760774,66167744.30438281,63348486.59130026,62648327.068070255,81999528.59119028,62369781.45906531,69352237.69345538,70298931.02966034,65419812.09336776,74588449.07584277,73513993.18077533,70826809.93562534,69995293.99527034,67092762.9133454,67817184.02818273,61868414.522677764,61221464.391435266,63593606.927300364,68748406.13370292,66106852.6350428,64866813.767552845,66226713.386892885,68087360.31044272,62538917.60871278,78087334.15388523,64103838.322950274,73376326.02375777,72049007.97934517,68346799.18174529
2020-06-19,87081666.14949256,65931833.044850275,64083994.645852745,63136087.34420272,69581131.04596789,67405580.61865035,66970617.13932529,63223829.80734777,61701554.63334779,68566921.42532292,59280914.15814268,77158509.3472829,65760969.24477528,62946406.446942724,70880130.33007528,77769439.40665029,70273797.74449274,59162289.98951781,68293893.17583035,68231042.86661279,67430921.31578776,71081001.06144288,67362269.82760774,66167744.30438281,63348486.59130026,62648327.068070255,81999528.59119028,62369781.45906531,69352237.69345538,70298931.02966034,65419812.09336776,74588449.07584277,73513993.18077533,70826809.93562534,69995293.99527034,67092762.9133454,67817184.02818273,61868414.522677764,61221464.391435266,63593606.927300364,68748406.13370292,66106852.6350428,64866813.767552845,66226713.386892885,68087360.31044272,62538917.60871278,78087334.15388523,64103838.322950274,73376326.02375777,72049007.97934517,68346799.18174529
2020-06-22,87081666.14949256,65931833.044850275,64083994.645852745,63136087.34420272,69581131.04596789,67405580.61865035,66970617.13932529,63223829.80734777,61701554.63334779,68566921.42532292,59280914.15814268,77158509.3472829,65760969.24477528,62946406.446942724,70880130.33007528,77769439.40665029,70273797.74449274,59162289.98951781,68293893.17583035,68231042.86661279,67430921.31578776,71081001.06144288,67362269.82760774,66167744.30438281,63348486.59130026,62648327.068070255,81999528.59119028,62369781.45906531,69352237.69345538,70298931.02966034,65419812.09336776,74588449.07584277,73513993.18077533,70826809.93562534,69995293.99527034,67092762.9133454,67817184.02818273,61868414.522677764,61221464.391435266,63593606.927300364,68748406.13370292,66106852.6350428,64866813.767552845,66226713.386892885,68087360.31044272,62538917.60871278,78087334.15388523,64103838.322950274,73376326.02375777,72049007.97934517,68346799.18174529
2020-06-23,87081666.14949256,65931833.044850275,64083994.645852745,63136087.34420272,69581131.04596789,67405580.61865035,66970617.13932529,63223829.80734777,61701554.63334779,68566921.42532292,59280914.15814268,77158509.3472829,65760969.24477528,62946406.446942724,70880130.33007528,77769439.40665029,70273797.74449274,59162289.98951781,68293893.17583035,68231042.86661279,67430921.31578776,71081001.06144288,67362269.82760774,66167744.30438281,63348486.59130026,62648327.068070255,81999528.59119028,62369781.45906531,69352237.69345538,70298931.02966034,65419812.09336776,74588449.07584277,73513993.18077533,70826809.93562534,69995293.99527034,67092762.9133454,67817184.02818273,61868414.522677764,61221464.391435266,63593606.927300364,68748406.13370292,66106852.6350428,64866813.767552845,66226713.386892885,68087360.31044272,62538917.60871278,78087334.15388523,64103838.322950274,73376326.02375777,72049007.97934517,68346799.18174529
2020-06-24,87081666.14949256,65931833.044850275,64083994.645852745,63136087.34420272,69581131.04596789,67405580.61865035,66970617.13932529,63223829.80734777,61701554.63334779,68566921.42532292,59280914.15814268,77158509.3472829,65760969.24477528,62946406.446942724,70880130.33007528,77769439.40665029,70273797.74449274,59162289.98951781,68293893.17583035,68231042.86661279,67430921.31578776,71081001.06144288,67362269.82760774,66167744.30438281,63348486.59130026,62648327.068070255,81999528.59119028,62369781.45906531,69352237.69345538,70298931.02966034,65419812.09336776,74588449.07584277,73513993.18077533,70826809.93562534,69995293.99527034,67092762.9133454,67817184.02818273,61868414.522677764,61221464.391435266,63593606.927300364,68748406.13370292,66106852.6350428,64866813.767552845,66226713.386892885,68087360.31044272,62538917.60871278,78087334.15388523,64103838.322950274,73376326.02375777,72049007.97934517,68346799.18174529
2020-06-25,87081666.14949256,65931833.044850275,64083994.645852745,63136087.34420272,69581131.04596789,67405580.61865035,66970617.13932529,63223829.80734777,61701554.63334779,68566921.42532292,59280914.15814268,77158509.3472829,65760969.24477528,62946406.446942724,70880130.33007528,77769439.40665029,70273797.74449274,59162289.98951781,68293893.17583035,68231042.86661279,67430921.31578776,71081001.06144288,67362269.82760774,66167744.30438281,63348486.59130026,62648327.068070255,81999528.59119028,62369781.45906531,69352237.69345538,70298931.02966034,65419812.09336776,74588449.07584277,73513993.18077533,70826809.93562534,69995293.99527034,67092762.9133454,67817184.02818273,61868414.522677764,61221464.391435266,63593606.927300364,68748406.13370292,66106852.6350428,64866813.767552845,66226713.386892885,68087360.31044272,62538917.60871278,78087334.15388523,64103838.322950274,73376326.02375777,72049007.97934517,68346799.18174529
2020-06-26,87081666.14949256,65931833.044850275,64083994.645852745,63136087.34420272,69581131.04596789,67405580.61865035,66970617.13932529,63223829.80734777,61701554.63334779,68566921.42532292,59280914.15814268,77158509.3472829,65760969.24477528,62946406.446942724,70880130.33007528,77769439.40665029,70273797.74449274,59162289.98951781,68293893.17583035,68231042.86661279,67430921.31578776,71081001.06144288,67362269.82760774,66167744.30438281,63348486.59130026,62648327.068070255,81999528.59119028,62369781.45906531,69352237.69345538,70298931.02966034,65419812.09336776,74588449.07584277,73513993.18077533,70826809.93562534,69995293.99527034,67092762.9133454,67817184.02818273,61868414.522677764,61221464.391435266,63593606.927300364,68748406.13370292,66106852.6350428,64866813.767552845,66226713.386892885,68087360.31044272,62538917.60871278,78087334.15388523,64103838.322950274,73376326.02375777,72049007.97934517,68346799.18174529
2020-06-29,87081666.14949256,65931833.044850275,64083994.645852745,63136087.34420272,69581131.04596789,67405580.61865035,66970617.13932529,63223829.80734777,61701554.63334779,68566921.42532292,59280914.15814268,77158509.3472829,65760969.24477528,62946406.446942724,70880130.33007528,77769439.40665029,70273797.74449274,59162289.98951781,68293893.17583035,68231042.86661279,67430921.31578776,71081001.06144288,67362269.82760774,66167744.30438281,63348486.59130026,62648327.068070255,81999528.59119028,62369781.45906531,69352237.69345538,70298931.02966034,65419812.09336776,74588449.07584277,73513993.18077533,70826809.93562534,69995293.99527034,67092762.9133454,67817184.02818273,61868414.522677764,61221464.391435266,63593606.927300364,68748406.13370292,66106852.6350428,64866813.767552845,66226713.386892885,68087360.31044272,62538917.60871278,78087334.15388523,64103838.322950274,73376326.02375777,72049007.97934517,68346799.18174529
2020-06-30,87081666.14949256,65931833.044850275,64083994.645852745,63136087.34420272,69581131.04596789,67405580.61865035,66970617.13932529,63223829.80734777,61701554.63334779,68566921.42532292,59280914.15814268,77158509.3472829,65760969.24477528,62946406.446942724,70880130.33007528,77769439.40665029,70273797.74449274,59162289.98951781,68293893.17583035,68231042.86661279,67430921.31578776,71081001.06144288,67362269.82760774,66167744.30438281,63348486.59130026,62648327.068070255,81999528.59119028,62369781.45906531,69352237.69345538,70298931.02966034,65419812.09336776,74588449.07584277,73513993.18077533,70826809.93562534,69995293.99527034,67092762.9133454,67817184.02818273,61868414.522677764,61221464.391435266,63593606.927300364,68748406.13370292,66106852.6350428,64866813.767552845,66226713.386892885,68087360.31044272,62538917.60871278,78087334.15388523,64103838.322950274,73376326.02375777,72049007.97934517,68346799.18174529
2020-07-01,87081666.14949256,65931833.044850275,64083994.645852745,63136087.34420272,69581131.04596789,67405580.61865035,66970617.13932529,63223829.80734777,61701554.63334779,68566921.42532292,59280914.15814268,77158509.3472829,65760969.24477528,62946406.446942724,70880130.33007528,77769439.40665029,70273797.74449274,59162289.98951781,68293893.17583035,68231042.86661279,67430921.31578776,71081001.06144288,67362269.82760774,66167744.30438281,63348486.59130026,62648327.068070255,81999528.59119028,62369781.45906531,69352237.69345538,70298931.02966034,65419812.09336776,74588449.07584277,73513993.18077533,70826809.93562534,69995293.99527034,67092762.9133454,67817184.02818273,61868414.522677764,61221464.391435266,63593606.927300364,68748406.13370292,66106852.6350428,64866813.767552845,66226713.386892885,68087360.31044272,62538917.60871278,78087334.15388523,64103838.322950274,73376326.02375777,72049007.97934517,68346799.18174529
2020-07-02,87081666.14949256,65931833.044850275,64083994.645852745,63136087.34420272,69581131.04596789,67405580.61865035,66970617.13932529,63223829.80734777,61701554.63334779,68566921.42532292,59280914.15814268,77158509.3472829,65760969.24477528,62946406.446942724,70880130.33007528,77769439.40665029,70273797.74449274,59162289.98951781,68293893.17583035,68231042.86661279,67430921.31578776,71081001.06144288,67362269.82760774,66167744.30438281,63348486.59130026,62648327.068070255,81999528.59119028,62369781.45906531,69352237.69345538,70298931.02966034,65419812.09336776,74588449.07584277,73513993.18077533,70826809.93562534,69995293.99527034,67092762.9133454,67817184.02818273,61868414.522677764,61221464.391435266,63593606.927300364,68748406.13370292,66106852.6350428,64866813.767552845,66226713.386892885,68087360.31044272,62538917.60871278,78087334.15388523,64103838.322950274,73376326.02375777,72049007.97934517,68346799.18174529
2020-07-03,87081666.14949256,65931833.044850275,64083994.645852745,63136087.34420272,69581131.04596789,67405580.61865035,66970617.13932529,63223829.80734777,61701554.63334779,68566921.42532292,59280914.15814268,77158509.3472829,65760969.24477528,62946406.446942724,70880130.33007528,77769439.40665029,70273797.74449274,59162289.98951781,68293893.17583035,68231042.86661279,67430921.31578776,71081001.06144288,67362269.82760774,66167744.30438281,63348486.59130026,62648327.068070255,81999528.59119028,62369781.45906531,69352237.69345538,70298931.02966034,65419812.09336776,74588449.07584277,73513993.18077533,70826809.93562534,69995293.99527034,67092762.9133454,67817184.02818273,61868414.522677764,61221464.391435266,63593606.927300364,68748406.13370292,66106852.6350428,64866813.767552845,66226713.386892885,68087360.31044272,62538917.60871278,78087334.15388523,64103838.322950274,73376326.02375777,72049007.97934517,68346799.18174529
2020-07-06,87081666.14949256,65931833.044850275,64083994.645852745,63136087.34420272,69581131.04596789,67405580.61865035,66970617.13932529,63223829.80734777,61701554.63334779,68566921.42532292,59280914.15814268,77158509.3472829,65760969.24477528,62946406.446942724,70880130.33007528,77769439.40665029,70273797.74449274,59162289.98951781,68293893.17583035,68231042.86661279,67430921.31578776,71081001.06144288,67362269.82760774,66167744.30438281,63348486.59130026,62648327.068070255,81999528.59119028,62369781.45906531,69352237.69345538,70298931.02966034,65419812.09336776,74588449.07584277,73513993.18077533,70826809.93562534,69995293.99527034,67092762.9133454,67817184.02818273,61868414.522677764,61221464.391435266,63593606.927300364,68748406.13370292,66106852.6350428,64866813.767552845,66226713.386892885,68087360.31044272,62538917.60871278,78087334.15388523,64103838.322950274,73376326.02375777,72049007.97934517,68346799.18174529
2020-07-07,87081666.14949256,65931833.044850275,64083994.645852745,63136087.34420272,69581131.04596789,67405580.61865035,66970617.13932529,63223829.80734777,61701554.63334779,68566921.42532292,59280914.15814268,77158509.3472829,65760969.24477528,62946406.446942724,70880130.33007528,77769439.40665029,70273797.74449274,59162289.98951781,68293893.17583035,68231042.86661279,67430921.31578776,71081001.06144288,67362269.82760774,66167744.30438281,63348486.59130026,62648327.068070255,81999528.59119028,62369781.45906531,69352237.69345538,70298931.02966034,65419812.09336776,74588449.07584277,73513993.18077533,70826809.93562534,69995293.99527034,67092762.9133454,67817184.02818273,61868414.522677764,61221464.391435266,63593606.927300364,68748406.13370292,66106852.6350428,64866813.767552845,66226713.386892885,68087360.31044272,62538917.60871278,78087334.15388523,64103838.322950274,73376326.02375777,72049007.97934517,68346799.18174529
2020-07-08,87081666.14949256,65931833.044850275,64083994.645852745,63136087.34420272,69581131.04596789,67405580.61865035,66970617.13932529,63223829.80734777,61701554.63334779,68566921.42532292,59280914.15814268,77158509.3472829,65760969.24477528,62946406.446942724,70880130.33007528,77769439.40665029,70273797.74449274,59162289.98951781,68293893.17583035,68231042.86661279,67430921.31578776,71081001.06144288,67362269.82760774,66167744.30438281,63348486.59130026,62648327.068070255,81999528.59119028,62369781.45906531,69352237.69345538,70298931.02966034,65419812.09336776,74588449.07584277,73513993.18077533,70826809.93562534,69995293.99527034,67092762.9133454,67817184.02818273,61868414.522677764,61221464.391435266,63593606.927300364,68748406.13370292,66106852.6350428,64866813.767552845,66226713.386892885,68087360.31044272,62538917.60871278,78087334.15388523,64103838.322950274,73376326.02375777,72049007.97934517,68346799.18174529
2020-07-09,87081666.14949256,65931833.044850275,64083994.645852745,63136087.34420272,69581131.04596789,67405580.61865035,66970617.13932529,63223829.80734777,61701554.63334779,68566921.42532292,59280914.15814268,77158509.3472829,65760969.24477528,62946406.446942724,70880130.33007528,77769439.40665029,70273797.74449274,59162289.98951781,68293893.17583035,68231042.86661279,67430921.31578776,71081001.06144288,67362269.82760774,66167744.30438281,63348486.59130026,62648327.068070255,81999528.59119028,62369781.45906531,69352237.69345538,70298931.02966034,65419812.09336776,74588449.07584277,73513993.18077533,70826809.93562534,69995293.99527034,67092762.9133454,67817184.02818273,61868414.522677764,61221464.391435266,63593606.927300364,68748406.13370292,66106852.6350428,64866813.767552845,66226713.386892885,68087360.31044272,62538917.60871278,78087334.15388523,64103838.322950274,73376326.02375777,72049007.97934517,68346799.18174529
2020-07-10,87081666.14949256,65931833.044850275,64083994.645852745,63136087.34420272,69581131.04596789,67405580.61865035,66970617.13932529,63223829.80734777,61701554.63334779,68566921.42532292,59280914.15814268,77158509.3472829,65760969.24477528,62946406.446942724,70880130.33007528,77769439.40665029,70273797.74449274,59162289.98951781,68293893.17583035,68231042.86661279,67430921.31578776,71081001.06144288,67362269.82760774,66167744.30438281,63348486.59130026,62648327.068070255,81999528.59119028,62369781.45906531,69352237.69345538,70298931.02966034,65419812.09336776,74588449.07584277,73513993.18077533,70826809.93562534,69995293.99527034,67092762.9133454,67817184.02818273,61868414.522677764,61221464.391435266,63593606.927300364,68748406.13370292,66106852.6350428,64866813.767552845,66226713.386892885,68087360.31044272,62538917.60871278,78087334.15388523,64103838.322950274,73376326.02375777,72049007.97934517,68346799.18174529
2020-07-13,87081666.14949256,65931833.044850275,64083994.645852745,63136087.34420272,69581131.04596789,67405580.61865035,66970617.13932529,63223829.80734777,61701554.63334779,68566921.42532292,59280914.15814268,77158509.3472829,65760969.24477528,62946406.446942724,70880130.33007528,77769439.40665029,70273797.74449274,59162289.98951781,68293893.17583035,68231042.86661279,67430921.31578776,71081001.06144288,67362269.82760774,66167744.30438281,63348486.59130026,62648327.068070255,81999528.59119028,62369781.45906531,69352237.69345538,70298931.02966034,65419812.09336776,74588449.07584277,73513993.18077533,70826809.93562534,69995293.99527034,67092762.9133454,67817184.02818273,61868414.522677764,61221464.391435266,63593606.927300364,68748406.13370292,66106852.6350428,64866813.767552845,66226713.386892885,68087360.31044272,62538917.60871278,78087334.15388523,64103838.322950274,73376326.02375777,72049007.97934517,68346799.18174529
2020-07-14,87081666.14949256,65931833.044850275,64083994.645852745,63136087.34420272,69581131.04596789,67405580.61865035,66970617.13932529,63223829.80734777,61701554.63334779,68566921.42532292,59280914.15814268,77158509.3472829,65760969.24477528,62946406.446942724,70880130.33007528,77769439.40665029,70273797.74449274,59162289.98951781,68293893.17583035,68231042.86661279,67430921.31578776,71081001.06144288,67362269.82760774,66167744.30438281,63348486.59130026,62648327.068070255,81999528.59119028,62369781.45906531,69352237.69345538,70298931.02966034,65419812.09336776,74588449.07584277,73513993.18077533,70826809.93562534,69995293.99527034,67092762.9133454,67817184.02818273,61868414.522677764,61221464.391435266,63593606.927300364,68748406.13370292,66106852.6350428,64866813.767552845,66226713.386892885,68087360.31044272,62538917.60871278,78087334.15388523,64103838.322950274,73376326.02375777,72049007.97934517,68346799.18174529
2020-07-15,87081666.14949256,65931833.044850275,64083994.645852745,63136087.34420272,69581131.04596789,67405580.61865035,66970617.13932529,63223829.80734777,61701554.63334779,68566921.42532292,59280914.15814268,77158509.3472829,65760969.24477528,62946406.446942724,70880130.33007528,77769439.40665029,70273797.74449274,59162289.98951781,68293893.17583035,68231042.86661279,67430921.31578776,71081001.06144288,67362269.82760774,66167744.30438281,63348486.59130026,62648327.068070255,81999528.59119028,62369781.45906531,69352237.69345538,70298931.02966034,65419812.09336776,74588449.07584277,73513993.18077533,70826809.93562534,69995293.99527034,67092762.9133454,67817184.02818273,61868414.522677764,61221464.391435266,63593606.927300364,68748406.13370292,66106852.6350428,64866813.767552845,66226713.386892885,68087360.31044272,62538917.60871278,78087334.15388523,64103838.322950274,73376326.02375777,72049007.97934517,68346799.18174529
2020-07-16,87081666.14949256,65931833.044850275,64083994.645852745,63136087.34420272,69581131.04596789,67405580.61865035,66970617.13932529,63223829.80734777,61701554.63334779,68566921.42532292,59280914.15814268,77158509.3472829,65760969.24477528,62946406.446942724,70880130.33007528,77769439.40665029,70273797.74449274,59162289.98951781,68293893.17583035,68231042.86661279,67430921.31578776,71081001.06144288,67362269.82760774,66167744.30438281,63348486.59130026,62648327.068070255,81999528.59119028,62369781.45906531,69352237.69345538,70298931.02966034,65419812.09336776,74588449.07584277,73513993.18077533,70826809.93562534,69995293.99527034,67092762.9133454,67817184.02818273,61868414.522677764,61221464.391435266,63593606.927300364,68748406.13370292,66106852.6350428,64866813.767552845,66226713.386892885,68087360.31044272,62538917.60871278,78087334.15388523,64103838.322950274,73376326.02375777,72049007.97934517,68346799.18174529
2020-07-17,87081666.14949256,65931833.044850275,64083994.645852745,63136087.34420272,69581131.04596789,67405580.61865035,66970617.13932529,63223829.80734777,61701554.63334779,68566921.42532292,59280914.15814268,77158509.3472829,65760969.24477528,62946406.446942724,70880130.33007528,77769439.40665029,70273797.74449274,59162289.98951781,68293893.17583035,68231042.86661279,67430921.31578776,71081001.06144288,67362269.82760774,66167744.30438281,63348486.59130026,62648327.068070255,81999528.59119028,62369781.45906531,69352237.69345538,70298931.02966034,65419812.09336776,74588449.07584277,73513993.18077533,70826809.93562534,69995293.99527034,67092762.9133454,67817184.02818273,61868414.522677764,61221464.391435266,63593606.927300364,68748406.13370292,66106852.6350428,64866813.767552845,66226713.386892885,68087360.31044272,62538917.60871278,78087334.15388523,64103838.322950274,73376326.02375777,72049007.97934517,68346799.18174529
2020-07-20,87081666.14949256,65931833.044850275,64083994.645852745,63136087.34420272,69581131.04596789,67405580.61865035,66970617.13932529,63223829.80734777,61701554.63334779,68566921.42532292,59280914.15814268,77158509.3472829,65760969.24477528,62946406.446942724,70880130.33007528,77769439.40665029,70273797.74449274,59162289.98951781,68293893.17583035,68231042.86661279,67430921.31578776,71081001.06144288,67362269.82760774,66167744.30438281,63348486.59130026,62648327.068070255,81999528.59119028,62369781.45906531,69352237.69345538,70298931.02966034,65419812.09336776,74588449.07584277,73513993.18077533,70826809.93562534,69995293.99527034,67092762.9133454,67817184.02818273,61868414.522677764,61221464.391435266,63593606.927300364,68748406.13370292,66106852.6350428,64866813.767552845,66226713.386892885,68087360.31044272,62538917.60871278,78087334.15388523,64103838.322950274,73376326.02375777,72049007.97934517,68346799.18174529
2020-07-21,87081666.14949256,65931833.044850275,64083994.645852745,63136087.34420272,69581131.04596789,67405580.61865035,66970617.13932529,63223829.80734777,61701554.63334779,68566921.42532292,59280914.15814268,77158509.3472829,65760969.24477528,62946406.446942724,70880130.33007528,77769439.40665029,70273797.74449274,59162289.98951781,68293893.17583035,68231042.86661279,67430921.31578776,71081001.06144288,67362269.82760774,66167744.30438281,63348486.59130026,62648327.068070255,81999528.59119028,62369781.45906531,69352237.69345538,70298931.02966034,65419812.09336776,74588449.07584277,73513993.18077533,70826809.93562534,69995293.99527034,67092762.9133454,67817184.02818273,61868414.522677764,61221464.391435266,63593606.927300364,68748406.13370292,66106852.6350428,64866813.767552845,66226713.386892885,68087360.31044272,62538917.60871278,78087334.15388523,64103838.322950274,73376326.02375777,72049007.97934517,68346799.18174529
2020-07-22,87081666.14949256,65931833.044850275,64083994.645852745,63136087.34420272,69581131.04596789,67405580.61865035,66970617.13932529,63223829.80734777,61701554.63334779,68566921.42532292,59280914.15814268,77158509.3472829,65760969.24477528,62946406.446942724,70880130.33007528,77769439.40665029,70273797.74449274,59162289.98951781,68293893.17583035,68231042.86661279,67430921.31578776,71081001.06144288,67362269.82760774,66167744.30438281,63348486.59130026,62648327.068070255,81999528.59119028,62369781.45906531,69352237.69345538,70298931.02966034,65419812.09336776,74588449.07584277,73513993.18077533,70826809.93562534,69995293.99527034,67092762.9133454,67817184.02818273,61868414.522677764,61221464.391435266,63593606.927300364,68748406.13370292,66106852.6350428,64866813.767552845,66226713.386892885,68087360.31044272,62538917.60871278,78087334.15388523,64103838.322950274,73376326.02375777,72049007.97934517,68346799.18174529
2020-07-23,87081666.14949256,65931833.044850275,64083994.645852745,63136087.34420272,69581131.04596789,67405580.61865035,66970617.13932529,63223829.80734777,61701554.63334779,68566921.42532292,59280914.15814268,77158509.3472829,65760969.24477528,62946406.446942724,70880130.33007528,77769439.40665029,70273797.74449274,59162289.98951781,68293893.17583035,68231042.86661279,67430921.31578776,71081001.06144288,67362269.82760774,66167744.30438281,63348486.59130026,62648327.068070255,81999528.59119028,62369781.45906531,69352237.69345538,70298931.02966034,65419812.09336776,74588449.07584277,73513993.18077533,70826809.93562534,69995293.99527034,67092762.9133454,67817184.02818273,61868414.522677764,61221464.391435266,63593606.927300364,68748406.13370292,66106852.6350428,64866813.767552845,66226713.386892885,68087360.31044272,62538917.60871278,78087334.15388523,64103838.322950274,73376326.02375777,72049007.97934517,68346799.18174529
2020-07-24,87081666.14949256,65931833.044850275,64083994.645852745,63136087.34420272,69581131.04596789,67405580.61865035,66970617.13932529,63223829.80734777,61701554.63334779,68566921.42532292,59280914.15814268,77158509.3472829,65760969.24477528,62946406.446942724,70880130.33007528,77769439.40665029,70273797.74449274,59162289.98951781,68293893.17583035,68231042.86661279,67430921.31578776,71081001.06144288,67362269.82760774,66167744.30438281,63348486.59130026,62648327.068070255,81999528.59119028,62369781.45906531,69352237.69345538,70298931.02966034,65419812.09336776,74588449.07584277,73513993.18077533,70826809.93562534,69995293.99527034,67092762.9133454,67817184.02818273,61868414.522677764,61221464.391435266,63593606.927300364,68748406.13370292,66106852.6350428,64866813.767552845,66226713.386892885,68087360.31044272,62538917.60871278,78087334.15388523,64103838.322950274,73376326.02375777,72049007.97934517,68346799.18174529
2020-07-27,87081666.14949256,65931833.044850275,64083994.645852745,63136087.34420272,69581131.04596789,67405580.61865035,66970617.13932529,63223829.80734777,61701554.63334779,68566921.42532292,59280914.15814268,77158509.3472829,65760969.24477528,62946406.446942724,70880130.33007528,77769439.40665029,70273797.74449274,59162289.98951781,68293893.17583035,68231042.86661279,67430921.31578776,71081001.06144288,67362269.82760774,66167744.30438281,63348486.59130026,62648327.068070255,81999528.59119028,62369781.45906531,69352237.69345538,70298931.02966034,65419812.09336776,74588449.07584277,73513993.18077533,70826809.93562534,69995293.99527034,67092762.9133454,67817184.02818273,61868414.522677764,61221464.391435266,63593606.927300364,68748406.13370292,66106852.6350428,64866813.767552845,66226713.386892885,68087360.31044272,62538917.60871278,78087334.15388523,64103838.322950274,73376326.02375777,72049007.97934517,68346799.18174529
2020-07-28,87081666.14949256,65931833.044850275,64083994.645852745,63136087.34420272,69581131.04596789,67405580.61865035,66970617.13932529,63223829.80734777,61701554.63334779,68566921.42532292,59280914.15814268,77158509.3472829,65760969.24477528,62946406.446942724,70880130.33007528,77769439.40665029,70273797.74449274,59162289.98951781,68293893.17583035,68231042.86661279,67430921.31578776,71081001.06144288,67362269.82760774,66167744.30438281,63348486.59130026,62648327.068070255,81999528.59119028,62369781.45906531,69352237.69345538,70298931.02966034,65419812.09336776,74588449.07584277,73513993.18077533,70826809.93562534,69995293.99527034,67092762.9133454,67817184.02818273,61868414.522677764,61221464.391435266,63593606.927300364,68748406.13370292,66106852.6350428,64866813.767552845,66226713.386892885,68087360.31044272,62538917.60871278,78087334.15388523,64103838.322950274,73376326.02375777,72049007.97934517,68346799.18174529
2020-07-29,87081666.14949256,65931833.044850275,64083994.645852745,63136087.34420272,69581131.04596789,67405580.61865035,66970617.13932529,63223829.80734777,61701554.63334779,68566921.42532292,59280914.15814268,77158509.3472829,65760969.24477528,62946406.446942724,70880130.33007528,77769439.40665029,70273797.74449274,59162289.98951781,68293893.17583035,68231042.86661279,67430921.31578776,71081001.06144288,67362269.82760774,66167744.30438281,63348486.59130026,62648327.068070255,81999528.59119028,62369781.45906531,69352237.69345538,70298931.02966034,65419812.09336776,74588449.07584277,73513993.18077533,70826809.93562534,69995293.99527034,67092762.9133454,67817184.02818273,61868414.522677764,61221464.391435266,63593606.927300364,68748406.13370292,66106852.6350428,64866813.767552845,66226713.386892885,68087360.31044272,62538917.60871278,78087334.15388523,64103838.322950274,73376326.02375777,72049007.97934517,68346799.18174529
2020-07-30,87081666.14949256,65931833.044850275,64083994.645852745,63136087.34420272,69581131.04596789,67405580.61865035,66970617.13932529,63223829.80734777,61701554.63334779,68566921.42532292,59280914.15814268,77158509.3472829,65760969.24477528,62946406.446942724,70880130.33007528,77769439.40665029,70273797.74449274,59162289.98951781,68293893.17583035,68231042.86661279,67430921.31578776,71081001.06144288,67362269.82760774,66167744.30438281,63348486.59130026,62648327.068070255,81999528.59119028,62369781.45906531,69352237.69345538,70298931.02966034,65419812.09336776,74588449.07584277,73513993.18077533,70826809.93562534,69995293.99527034,67092762.9133454,67817184.02818273,61868414.522677764,61221464.391435266,63593606.927300364,68748406.13370292,66106852.6350428,64866813.767552845,66226713.386892885,68087360.31044272,62538917.60871278,78087334.15388523,64103838.322950274,73376326.02375777,72049007.97934517,68346799.18174529
2020-07-31,87081666.14949256,65931833.044850275,64083994.645852745,63136087.34420272,69581131.04596789,67405580.61865035,66970617.13932529,63223829.80734777,61701554.63334779,68566921.42532292,59280914.15814268,77158509.3472829,65760969.24477528,62946406.446942724,70880130.33007528,77769439.40665029,70273797.74449274,59162289.98951781,68293893.17583035,68231042.86661279,67430921.31578776,71081001.06144288,67362269.82760774,66167744.30438281,63348486.59130026,62648327.068070255,81999528.59119028,62369781.45906531,69352237.69345538,70298931.02966034,65419812.09336776,74588449.07584277,73513993.18077533,70826809.93562534,69995293.99527034,67092762.9133454,67817184.02818273,61868414.522677764,61221464.391435266,63593606.927300364,68748406.13370292,66106852.6350428,64866813.767552845,66226713.386892885,68087360.31044272,62538917.60871278,78087334.15388523,64103838.322950274,73376326.02375777,72049007.97934517,68346799.18174529
2020-08-03,87081666.14949256,65931833.044850275,64083994.645852745,63136087.34420272,69581131.04596789,67405580.61865035,66970617.13932529,63223829.80734777,61701554.63334779,68566921.42532292,59280914.15814268,77158509.3472829,65760969.24477528,62946406.446942724,70880130.33007528,77769439.40665029,70273797.74449274,59162289.98951781,68293893.17583035,68231042.86661279,67430921.31578776,71081001.06144288,67362269.82760774,66167744.30438281,63348486.59130026,62648327.068070255,81999528.59119028,62369781.45906531,69352237.69345538,70298931.02966034,65419812.09336776,74588449.07584277,73513993.18077533,70826809.93562534,69995293.99527034,67092762.9133454,67817184.02818273,61868414.522677764,61221464.391435266,63593606.927300364,68748406.13370292,66106852.6350428,64866813.767552845,66226713.386892885,68087360.31044272,62538917.60871278,78087334.15388523,64103838.322950274,73376326.02375777,72049007.97934517,68346799.18174529
2020-08-04,87081666.14949256,65931833.044850275,64083994.645852745,63136087.34420272,69581131.04596789,67405580.61865035,66970617.13932529,63223829.80734777,61701554.63334779,68566921.42532292,59280914.15814268,77158509.3472829,65760969.24477528,62946406.446942724,70880130.33007528,77769439.40665029,70273797.74449274,59162289.98951781,68293893.17583035,68231042.86661279,67430921.31578776,71081001.06144288,67362269.82760774,66167744.30438281,63348486.59130026,62648327.068070255,81999528.59119028,62369781.45906531,69352237.69345538,70298931.02966034,65419812.09336776,74588449.07584277,73513993.18077533,70826809.93562534,69995293.99527034,67092762.9133454,67817184.02818273,61868414.522677764,61221464.391435266,63593606.927300364,68748406.13370292,66106852.6350428,64866813.767552845,66226713.386892885,68087360.31044272,62538917.60871278,78087334.15388523,64103838.322950274,73376326.02375777,72049007.97934517,68346799.18174529
2020-08-05,87081666.14949256,65931833.044850275,64083994.645852745,63136087.34420272,69581131.04596789,67405580.61865035,66970617.13932529,63223829.80734777,61701554.63334779,68566921.42532292,59280914.15814268,77158509.3472829,65760969.24477528,62946406.446942724,70880130.33007528,77769439.40665029,70273797.74449274,59162289.98951781,68293893.17583035,68231042.86661279,67430921.31578776,71081001.06144288,67362269.82760774,66167744.30438281,63348486.59130026,62648327.068070255,81999528.59119028,62369781.45906531,69352237.69345538,70298931.02966034,65419812.09336776,74588449.07584277,73513993.18077533,70826809.93562534,69995293.99527034,67092762.9133454,67817184.02818273,61868414.522677764,61221464.391435266,63593606.927300364,68748406.13370292,66106852.6350428,64866813.767552845,66226713.386892885,68087360.31044272,62538917.60871278,78087334.15388523,64103838.322950274,73376326.02375777,72049007.97934517,68346799.18174529
2020-08-06,87081666.14949256,65931833.044850275,64083994.645852745,63136087.34420272,69581131.04596789,67405580.61865035,66970617.13932529,63223829.80734777,61701554.63334779,68566921.42532292,59280914.15814268,77158509.3472829,65760969.24477528,62946406.446942724,70880130.33007528,77769439.40665029,70273797.74449274,59162289.98951781,68293893.17583035,68231042.86661279,67430921.31578776,71081001.06144288,67362269.82760774,66167744.30438281,63348486.59130026,62648327.068070255,81999528.59119028,62369781.45906531,69352237.69345538,70298931.02966034,65419812.09336776,74588449.07584277,73513993.18077533,70826809.93562534,69995293.99527034,67092762.9133454,67817184.02818273,61868414.522677764,61221464.391435266,63593606.927300364,68748406.13370292,66106852.6350428,64866813.767552845,66226713.386892885,68087360.31044272,62538917.60871278,78087334.15388523,64103838.322950274,73376326.02375777,72049007.97934517,68346799.18174529
2020-08-07,87081666.14949256,65931833.044850275,64083994.645852745,63136087.34420272,69581131.04596789,67405580.61865035,66970617.13932529,63223829.80734777,61701554.63334779,68566921.42532292,59280914.15814268,77158509.3472829,65760969.24477528,62946406.446942724,70880130.33007528,77769439.40665029,70273797.74449274,59162289.98951781,68293893.17583035,68231042.86661279,67430921.31578776,71081001.06144288,67362269.82760774,66167744.30438281,63348486.59130026,62648327.068070255,81999528.59119028,62369781.45906531,69352237.69345538,70298931.02966034,65419812.09336776,74588449.07584277,73513993.18077533,70826809.93562534,69995293.99527034,67092762.9133454,67817184.02818273,61868414.522677764,61221464.391435266,63593606.927300364,68748406.13370292,66106852.6350428,64866813.767552845,66226713.386892885,68087360.31044272,62538917.60871278,78087334.15388523,64103838.322950274,73376326.02375777,72049007.97934517,68346799.18174529
2020-08-10,87081666.14949256,65931833.044850275,64083994.645852745,63136087.34420272,69581131.04596789,67405580.61865035,66970617.13932529,63223829.80734777,61701554.63334779,68566921.42532292,59280914.15814268,77158509.3472829,65760969.24477528,62946406.446942724,70880130.33007528,77769439.40665029,70273797.74449274,59162289.98951781,68293893.17583035,68231042.86661279,67430921.31578776,71081001.06144288,67362269.82760774,66167744.30438281,63348486.59130026,62648327.068070255,81999528.59119028,62369781.45906531,69352237.69345538,70298931.02966034,65419812.09336776,74588449.07584277,73513993.18077533,70826809.93562534,69995293.99527034,67092762.9133454,67817184.02818273,61868414.522677764,61221464.391435266,63593606.927300364,68748406.13370292,66106852.6350428,64866813.767552845,66226713.386892885,68087360.31044272,62538917.60871278,78087334.15388523,64103838.322950274,73376326.02375777,72049007.97934517,68346799.18174529
2020-08-11,87081666.14949256,65931833.044850275,64083994.645852745,63136087.34420272,69581131.04596789,67405580.61865035,66970617.13932529,63223829.80734777,61701554.63334779,68566921.42532292,59280914.15814268,77158509.3472829,65760969.24477528,62946406.446942724,70880130.33007528,77769439.40665029,70273797.74449274,59162289.98951781,68293893.17583035,68231042.86661279,67430921.31578776,71081001.06144288,67362269.82760774,66167744.30438281,63348486.59130026,62648327.068070255,81999528.59119028,62369781.45906531,69352237.69345538,70298931.02966034,65419812.09336776,74588449.07584277,73513993.18077533,70826809.93562534,69995293.99527034,67092762.9133454,67817184.02818273,61868414.522677764,61221464.391435266,63593606.927300364,68748406.13370292,66106852.6350428,64866813.767552845,66226713.386892885,68087360.31044272,62538917.60871278,78087334.15388523,64103838.322950274,73376326.02375777,72049007.97934517,68346799.18174529
2020-08-12,87081666.14949256,65931833.044850275,64083994.645852745,63136087.34420272,69581131.04596789,67405580.61865035,66970617.13932529,63223829.80734777,61701554.63334779,68566921.42532292,59280914.15814268,77158509.3472829,65760969.24477528,62946406.446942724,70880130.33007528,77769439.40665029,70273797.74449274,59162289.98951781,68293893.17583035,68231042.86661279,67430921.31578776,71081001.06144288,67362269.82760774,66167744.30438281,63348486.59130026,62648327.068070255,81999528.59119028,62369781.45906531,69352237.69345538,70298931.02966034,65419812.09336776,74588449.07584277,73513993.18077533,70826809.93562534,69995293.99527034,67092762.9133454,67817184.02818273,61868414.522677764,61221464.391435266,63593606.927300364,68748406.13370292,66106852.6350428,64866813.767552845,66226713.386892885,68087360.31044272,62538917.60871278,78087334.15388523,64103838.322950274,73376326.02375777,72049007.97934517,68346799.18174529
2020-08-13,87081666.14949256,65931833.044850275,64083994.645852745,63136087.34420272,69581131.04596789,67405580.61865035,66970617.13932529,63223829.80734777,61701554.63334779,68566921.42532292,59280914.15814268,77158509.3472829,65760969.24477528,62946406.446942724,70880130.33007528,77769439.40665029,70273797.74449274,59162289.98951781,68293893.17583035,68231042.86661279,67430921.31578776,71081001.06144288,67362269.82760774,66167744.30438281,63348486.59130026,62648327.068070255,81999528.59119028,62369781.45906531,69352237.69345538,70298931.02966034,65419812.09336776,74588449.07584277,73513993.18077533,70826809.93562534,69995293.99527034,67092762.9133454,67817184.02818273,61868414.522677764,61221464.391435266,63593606.927300364,68748406.13370292,66106852.6350428,64866813.767552845,66226713.386892885,68087360.31044272,62538917.60871278,78087334.15388523,64103838.322950274,73376326.02375777,72049007.97934517,68346799.18174529
2020-08-14,87081666.14949256,65931833.044850275,64083994.645852745,63136087.34420272,69581131.04596789,67405580.61865035,66970617.13932529,63223829.80734777,61701554.63334779,68566921.42532292,59280914.15814268,77158509.3472829,65760969.24477528,62946406.446942724,70880130.33007528,77769439.40665029,70273797.74449274,59162289.98951781,68293893.17583035,68231042.86661279,67430921.31578776,71081001.06144288,67362269.82760774,66167744.30438281,63348486.59130026,62648327.068070255,81999528.59119028,62369781.45906531,69352237.69345538,70298931.02966034,65419812.09336776,74588449.07584277,73513993.18077533,70826809.93562534,69995293.99527034,67092762.9133454,67817184.02818273,61868414.522677764,61221464.391435266,63593606.927300364,68748406.13370292,66106852.6350428,64866813.767552845,66226713.386892885,68087360.31044272,62538917.60871278,78087334.15388523,64103838.322950274,73376326.02375777,72049007.97934517,68346799.18174529
2020-08-17,87081666.14949256,65931833.044850275,64083994.645852745,63136087.34420272,69581131.04596789,67405580.61865035,66970617.13932529,63223829.80734777,61701554.63334779,68566921.42532292,59280914.15814268,77158509.3472829,65760969.24477528,62946406.446942724,70880130.33007528,77769439.40665029,70273797.74449274,59162289.98951781,68293893.17583035,68231042.86661279,67430921.31578776,71081001.06144288,67362269.82760774,66167744.30438281,63348486.59130026,62648327.068070255,81999528.59119028,62369781.45906531,69352237.69345538,70298931.02966034,65419812.09336776,74588449.07584277,73513993.18077533,70826809.93562534,69995293.99527034,67092762.9133454,67817184.02818273,61868414.522677764,61221464.391435266,63593606.927300364,68748406.13370292,66106852.6350428,64866813.767552845,66226713.386892885,68087360.31044272,62538917.60871278,78087334.15388523,64103838.322950274,73376326.02375777,72049007.97934517,68346799.18174529
2020-08-18,87081666.14949256,65931833.044850275,64083994.645852745,63136087.34420272,69581131.04596789,67405580.61865035,66970617.13932529,63223829.80734777,61701554.63334779,68566921.42532292,59280914.15814268,77158509.3472829,65760969.24477528,62946406.446942724,70880130.33007528,77769439.40665029,70273797.74449274,59162289.98951781,68293893.17583035,68231042.86661279,67430921.31578776,71081001.06144288,67362269.82760774,66167744.30438281,63348486.59130026,62648327.068070255,81999528.59119028,62369781.45906531,69352237.69345538,70298931.02966034,65419812.09336776,74588449.07584277,73513993.18077533,70826809.93562534,69995293.99527034,67092762.9133454,67817184.02818273,61868414.522677764,61221464.391435266,63593606.927300364,68748406.13370292,66106852.6350428,64866813.767552845,66226713.386892885,68087360.31044272,62538917.60871278,78087334.15388523,64103838.322950274,73376326.02375777,72049007.97934517,68346799.18174529
2020-08-19,87081666.14949256,65931833.044850275,64083994.645852745,63136087.34420272,69581131.04596789,67405580.61865035,66970617.13932529,63223829.80734777,61701554.63334779,68566921.42532292,59280914.15814268,77158509.3472829,65760969.24477528,62946406.446942724,70880130.33007528,77769439.40665029,70273797.74449274,59162289.98951781,68293893.17583035,68231042.86661279,67430921.31578776,71081001.06144288,67362269.82760774,66167744.30438281,63348486.59130026,62648327.068070255,81999528.59119028,62369781.45906531,69352237.69345538,70298931.02966034,65419812.09336776,74588449.07584277,73513993.18077533,70826809.93562534,69995293.99527034,67092762.9133454,67817184.02818273,61868414.522677764,61221464.391435266,63593606.927300364,68748406.13370292,66106852.6350428,64866813.767552845,66226713.386892885,68087360.31044272,62538917.60871278,78087334.15388523,64103838.322950274,73376326.02375777,72049007.97934517,68346799.18174529
2020-08-20,87081666.14949256,65931833.044850275,64083994.645852745,63136087.34420272,69581131.04596789,67405580.61865035,66970617.13932529,63223829.80734777,61701554.63334779,68566921.42532292,59280914.15814268,77158509.3472829,65760969.24477528,62946406.446942724,70880130.33007528,77769439.40665029,70273797.74449274,59162289.98951781,68293893.17583035,68231042.86661279,67430921.31578776,71081001.06144288,67362269.82760774,66167744.30438281,63348486.59130026,62648327.068070255,81999528.59119028,62369781.45906531,69352237.69345538,70298931.02966034,65419812.09336776,74588449.07584277,73513993.18077533,70826809.93562534,69995293.99527034,67092762.9133454,67817184.02818273,61868414.522677764,61221464.391435266,63593606.927300364,68748406.13370292,66106852.6350428,64866813.767552845,66226713.386892885,68087360.31044272,62538917.60871278,78087334.15388523,64103838.322950274,73376326.02375777,72049007.97934517,68346799.18174529
2020-08-21,87081666.14949256,65931833.044850275,64083994.645852745,63136087.34420272,69581131.04596789,67405580.61865035,66970617.13932529,63223829.80734777,61701554.63334779,68566921.42532292,59280914.15814268,77158509.3472829,65760969.24477528,62946406.446942724,70880130.33007528,77769439.40665029,70273797.74449274,59162289.98951781,68293893.17583035,68231042.86661279,67430921.31578776,71081001.06144288,67362269.82760774,66167744.30438281,63348486.59130026,62648327.068070255,81999528.59119028,62369781.45906531,69352237.69345538,70298931.02966034,65419812.09336776,74588449.07584277,73513993.18077533,70826809.93562534,69995293.99527034,67092762.9133454,67817184.02818273,61868414.522677764,61221464.391435266,63593606.927300364,68748406.13370292,66106852.6350428,64866813.767552845,66226713.386892885,68087360.31044272,62538917.60871278,78087334.15388523,64103838.322950274,73376326.02375777,72049007.97934517,68346799.18174529
2020-08-24,87081666.14949256,65931833.044850275,64083994.645852745,63136087.34420272,69581131.04596789,67405580.61865035,66970617.13932529,63223829.80734777,61701554.63334779,68566921.42532292,59280914.15814268,77158509.3472829,65760969.24477528,62946406.446942724,70880130.33007528,77769439.40665029,70273797.74449274,59162289.98951781,68293893.17583035,68231042.86661279,67430921.31578776,71081001.06144288,67362269.82760774,66167744.30438281,63348486.59130026,62648327.068070255,81999528.59119028,62369781.45906531,69352237.69345538,70298931.02966034,65419812.09336776,74588449.07584277,73513993.18077533,70826809.93562534,69995293.99527034,67092762.9133454,67817184.02818273,61868414.522677764,61221464.391435266,63593606.927300364,68748406.13370292,66106852.6350428,64866813.767552845,66226713.386892885,68087360.31044272,62538917.60871278,78087334.15388523,64103838.322950274,73376326.02375777,72049007.97934517,68346799.18174529
2020-08-25,87081666.14949256,65931833.044850275,64083994.645852745,63136087.34420272,69581131.04596789,67405580.61865035,66970617.13932529,63223829.80734777,61701554.63334779,68566921.42532292,59280914.15814268,77158509.3472829,65760969.24477528,62946406.446942724,70880130.33007528,77769439.40665029,70273797.74449274,59162289.98951781,68293893.17583035,68231042.86661279,67430921.31578776,71081001.06144288,67362269.82760774,66167744.30438281,63348486.59130026,62648327.068070255,81999528.59119028,62369781.45906531,69352237.69345538,70298931.02966034,65419812.09336776,74588449.07584277,73513993.18077533,70826809.93562534,69995293.99527034,67092762.9133454,67817184.02818273,61868414.522677764,61221464.391435266,63593606.927300364,68748406.13370292,66106852.6350428,64866813.767552845,66226713.386892885,68087360.31044272,62538917.60871278,78087334.15388523,64103838.322950274,73376326.02375777,72049007.97934517,68346799.18174529
2020-08-26,87081666.14949256,65931833.044850275,64083994.645852745,63136087.34420272,69581131.04596789,67405580.61865035,66970617.13932529,63223829.80734777,61701554.63334779,68566921.42532292,59280914.15814268,77158509.3472829,65760969.24477528,62946406.446942724,70880130.33007528,77769439.40665029,70273797.74449274,59162289.98951781,68293893.17583035,68231042.86661279,67430921.31578776,71081001.06144288,67362269.82760774,66167744.30438281,63348486.59130026,62648327.068070255,81999528.59119028,62369781.45906531,69352237.69345538,70298931.02966034,65419812.09336776,74588449.07584277,73513993.18077533,70826809.93562534,69995293.99527034,67092762.9133454,67817184.02818273,61868414.522677764,61221464.391435266,63593606.927300364,68748406.13370292,66106852.6350428,64866813.767552845,66226713.386892885,68087360.31044272,62538917.60871278,78087334.15388523,64103838.322950274,73376326.02375777,72049007.97934517,68346799.18174529
2020-08-27,87081666.14949256,65931833.044850275,64083994.645852745,63136087.34420272,69581131.04596789,67405580.61865035,66970617.13932529,63223829.80734777,61701554.63334779,68566921.42532292,59280914.15814268,77158509.3472829,65760969.24477528,62946406.446942724,70880130.33007528,77769439.40665029,70273797.74449274,59162289.98951781,68293893.17583035,68231042.86661279,67430921.31578776,71081001.06144288,67362269.82760774,66167744.30438281,63348486.59130026,62648327.068070255,81999528.59119028,62369781.45906531,69352237.69345538,70298931.02966034,65419812.09336776,74588449.07584277,73513993.18077533,70826809.93562534,69995293.99527034,67092762.9133454,67817184.02818273,61868414.522677764,61221464.391435266,63593606.927300364,68748406.13370292,66106852.6350428,64866813.767552845,66226713.386892885,68087360.31044272,62538917.60871278,78087334.15388523,64103838.322950274,73376326.02375777,72049007.97934517,68346799.18174529
2020-08-28,87081666.14949256,65931833.044850275,64083994.645852745,63136087.34420272,69581131.04596789,67405580.61865035,66970617.13932529,63223829.80734777,61701554.63334779,68566921.42532292,59280914.15814268,77158509.3472829,65760969.24477528,62946406.446942724,70880130.33007528,77769439.40665029,70273797.74449274,59162289.98951781,68293893.17583035,68231042.86661279,67430921.31578776,71081001.06144288,67362269.82760774,66167744.30438281,63348486.59130026,62648327.068070255,81999528.59119028,62369781.45906531,69352237.69345538,70298931.02966034,65419812.09336776,74588449.07584277,73513993.18077533,70826809.93562534,69995293.99527034,67092762.9133454,67817184.02818273,61868414.522677764,61221464.391435266,63593606.927300364,68748406.13370292,66106852.6350428,64866813.767552845,66226713.386892885,68087360.31044272,62538917.60871278,78087334.15388523,64103838.322950274,73376326.02375777,72049007.97934517,68346799.18174529
2020-08-31,87081666.14949256,65931833.044850275,64083994.645852745,63136087.34420272,69581131.04596789,67405580.61865035,66970617.13932529,63223829.80734777,61701554.63334779,68566921.42532292,59280914.15814268,77158509.3472829,65760969.24477528,62946406.446942724,70880130.33007528,77769439.40665029,70273797.74449274,59162289.98951781,68293893.17583035,68231042.86661279,67430921.31578776,71081001.06144288,67362269.82760774,66167744.30438281,63348486.59130026,62648327.068070255,81999528.59119028,62369781.45906531,69352237.69345538,70298931.02966034,65419812.09336776,74588449.07584277,73513993.18077533,70826809.93562534,69995293.99527034,67092762.9133454,67817184.02818273,61868414.522677764,61221464.391435266,63593606.927300364,68748406.13370292,66106852.6350428,64866813.767552845,66226713.386892885,68087360.31044272,62538917.60871278,78087334.15388523,64103838.322950274,73376326.02375777,72049007.97934517,68346799.18174529
2020-09-01,87081666.14949256,65931833.044850275,64083994.645852745,63136087.34420272,69581131.04596789,67405580.61865035,66970617.13932529,63223829.80734777,61701554.63334779,68566921.42532292,59280914.15814268,77158509.3472829,65760969.24477528,62946406.446942724,70880130.33007528,77769439.40665029,70273797.74449274,59162289.98951781,68293893.17583035,68231042.86661279,67430921.31578776,71081001.06144288,67362269.82760774,66167744.30438281,63348486.59130026,62648327.068070255,81999528.59119028,62369781.45906531,69352237.69345538,70298931.02966034,65419812.09336776,74588449.07584277,73513993.18077533,70826809.93562534,69995293.99527034,67092762.9133454,67817184.02818273,61868414.522677764,61221464.391435266,63593606.927300364,68748406.13370292,66106852.6350428,64866813.767552845,66226713.386892885,68087360.31044272,62538917.60871278,78087334.15388523,64103838.322950274,73376326.02375777,72049007.97934517,68346799.18174529
2020-09-03,87396510.77899256,65716716.59085028,64106856.37985275,63086040.93220272,69860445.5514679,67249225.92215034,66751796.46232529,63065391.961347766,61657700.83684779,68542701.90232292,59167545.55114268,77050994.25028291,65774680.68577529,62869517.527942725,70981483.05957527,77858435.82465029,70201282.95199275,59085947.59751781,68176076.59733035,68139104.0191128,67435891.81428777,71106477.36144288,67497481.36560774,66435713.60288281,63215423.97030025,62615209.211070254,81590383.12519029,62360909.04456531,69219324.46095538,70150733.42916036,65486612.785367765,74544282.69334278,73458552.03027533,70803243.71012536,69849455.20777035,66980051.89634539,67826675.33718273,61865548.81867777,61314325.82093527,63512304.76230036,68865517.91620292,66486657.924042806,65021356.50955285,66213918.42639288,68098725.74144271,62406389.607212774,78117794.34638524,64326098.293950275,73096677.55325776,72212434.55384517,68070837.9222453
2020-09-04,87583983.67299256,65749088.630850285,63987962.559352756,63165789.89570272,70106423.5544679,67281887.33315034,66979578.14832529,63310970.12134776,61686504.233347796,68784194.11582293,59203905.48064268,77324777.33928291,65766614.36327528,63020753.083942726,70942908.93257529,77838592.13565029,70238174.60249275,59156353.85551781,68128836.26833034,68372758.22111279,67474021.20878777,71001173.29494289,67656035.21210775,66756697.310382806,63212111.69780025,62692870.123570256,81385393.14919028,62563113.38256531,69279005.48695537,70462714.82916036,65408744.579867765,74529106.60034278,73569747.86677533,70817825.97762536,69985015.56177035,67065523.99634539,67958371.76918274,61971226.235677764,61333292.00893527,63770704.918800354,68851564.76120292,66955682.754042804,64884611.57905285,66457134.67189288,68132296.59994271,62591763.24421277,78070435.55138524,64437864.16795027,73427838.26725776,72285784.57884517,68444346.0402453
2020-09-07,87286595.84799257,64647556.32785028,63348448.20485275,62369740.63920272,69798118.2729679,66590163.76865035,66804700.651825294,62846062.09234776,61438787.00384779,68285381.90682293,58490481.88414268,76352447.98328292,64881721.760775276,63181481.884442724,70070190.50457528,76879268.29865031,69698135.55749273,58863341.87601781,67615395.32483035,67851215.23811279,66491849.770287775,70355230.41794288,66874563.751107745,66648807.36238281,62187434.64230025,62058470.37107026,81206173.17969029,62058535.244065315,68421147.28245538,69921296.93016034,64839531.94636777,74319557.13934277,72841575.96127534,70556848.07962535,69360727.93327035,65983864.8458454,67590798.88268274,61582117.486177765,60621920.634935275,63907190.89130035,68263962.51870292,66580245.60954281,64389754.94455285,65537806.42889287,67569359.33794272,61887028.11371277,77267905.72238524,63871511.85945027,73075305.72825778,71682834.97584519,67512299.1002453
2020-09-08,87346061.53299257,64930667.41585028,63705337.080852754,62355193.44120273,69716382.7214679,66963635.78715035,67039461.549825296,62878281.62584776,61615244.3888478,68547122.29282293,58585313.419142686,76345920.60878292,65173365.554275274,63268934.81844273,70272981.58807528,76988911.4416503,69669473.06249274,58734161.923017815,67656292.91133036,68183740.0031128,66678073.66128777,70353332.4564429,66951353.563607745,66618525.69888281,62348798.328300245,61908756.05957026,81059395.0916903,62311713.05806531,68332955.5384554,69981473.79516035,64835351.928867765,74342661.73434277,72877527.71327533,70798665.94112536,69656785.71327037,66125917.133345395,67596515.32568274,61729441.43317776,60984899.69993527,64003063.476300344,68355810.76870292,67062896.791042805,64471661.04205285,65519848.86539288,67678739.20994273,62124673.51771277,77341894.16988525,64014496.260450274,73312733.75275777,71881015.69884518,67646098.8522453
2020-09-09,87966432.70799257,65094942.149350286,64147118.07635275,62572190.316202745,70317134.6294679,66985611.22615035,67028042.5978253,62798479.93234776,61727890.582847804,68605451.84582293,58902252.71764268,76598770.29828292,65046869.94177527,63420568.700942725,70275986.45057529,77169466.41765031,69846504.52799276,59264384.25701782,67857484.19033036,68560656.49011281,67090578.15628777,70804454.3884429,67133558.22860774,66888147.73438281,62638172.923800245,61893258.542070255,81391884.1316903,62786167.66606532,68379517.22195539,70490791.08016035,64926491.78786777,74532921.42084277,72883298.86777532,70651407.18812537,69609292.42627037,66402935.6688454,67516605.55068275,61719800.12817776,61016767.835435286,64193527.82130034,68450753.81520295,66903634.33704281,64667106.91755286,65554219.26089288,67686017.05144273,62362845.11721277,77135265.82788526,64263249.002950266,73386827.15675777,72245522.98284519,67571474.30774531
2020-09-10,88209432.70799257,65324895.93685029,64239590.63735275,62568663.53620275,70271853.55746791,66920820.424650356,66649114.190825306,62650773.696347766,61475065.40534781,68495724.89382294,58947784.00764269,76778080.1907829,64957177.74177527,63303212.35194273,70227352.65957528,77447933.97465032,69712555.29299274,59171778.00201782,67863358.40083036,68354564.4511128,66819893.89228776,70702002.85694289,67098066.49810775,66763357.44488281,62534866.36730025,61847809.20507026,81653608.2666903,62978428.949565314,68521153.4474554,70620943.12766036,64784185.848867774,74583484.00884277,72699794.19127533,70781626.85612535,69463088.79977036,66313161.112345405,67208232.56203775,61654985.677177764,60967988.783435285,64549420.82680035,68541856.39420295,66717557.40054281,64783109.41105285,65488227.614892885,67407237.56544274,62572796.28271278,76976257.71488526,64126868.406950265,73441366.18225777,71922445.50134519,67421097.82574531
2020-09-11,87727432.70799257,64930379.600850284,64315144.74935275,62447242.75320275,69926038.0674679,66792202.736650355,66592848.032825306,62457703.690347776,61534340.57134781,68641667.83782294,59149745.00864269,76938420.74478291,65094713.54827528,63312886.12044273,70115216.6190753,77198461.74915032,69518978.70249276,59199674.58151782,67622814.77883036,68379696.05711281,66524876.423787765,70529337.9054429,67026428.04010776,66621016.71688281,62576729.67680025,61641934.87407026,80997770.0176903,62715951.12806531,68391016.3189554,70795406.79516035,64586839.87136777,74341500.78384277,72399456.41427533,70641821.15912536,69634766.90877037,66442369.2533454,67443708.59703776,61564089.946177766,60786763.09993529,64522907.19580035,68678872.26270294,66785373.7615428,64372209.97055286,65960997.04589289,67547767.24094275,62646958.38471278,76568995.09288526,64095539.957950264,73090256.77175778,71801612.05634518,67352150.91074531
2020-09-14,87515459.41799256,64822935.15835029,64698618.24385275,62542183.095202744,69939073.9884679,66896910.76515036,67627060.6693253,62972177.89834778,61743643.525347814,68557920.13882294,59440659.324142694,77333801.17628291,65172655.87277528,63903058.38294273,70600766.99957529,78078534.36565033,69660293.26549277,58911576.83101783,68144144.71233037,69191203.29511282,66702538.08678777,70970235.6769429,67804478.97210775,67151736.79738282,63038161.72530025,61474685.201570265,81466846.7376903,62578366.37956531,69263518.72845541,71504281.06816036,66030324.99986777,74899296.89134277,72352756.29627533,70727821.53012535,69799072.27877036,66986823.61034541,67713146.97253776,61351262.42667776,60821178.01393528,64508600.49280036,68690739.31120294,66947108.8860428,64393760.69305286,65735591.37239289,67622868.53794274,62488390.73371278,77050400.72838525,64606351.072450265,73724075.71075778,72907552.7158452,67543249.01774532
2020-09-15,87677459.41799256,64584903.04485029,64731403.601852745,62551707.54520275,70065810.09546791,67096166.74765036,67763972.6558253,62800480.952347785,61398962.18084782,68488578.38332294,59306007.9206427,77593481.53278291,64831591.354275286,63586613.88694273,70666772.11157529,77978440.71415034,69527331.59849277,58701014.09301783,68536457.04083037,69163761.92311281,66708497.44078777,70820913.66944289,68495637.67310776,67296651.54788281,62580448.285300255,61504224.054070264,82187356.47769031,62643368.87106532,69354522.45045541,72156621.10816035,66504499.57836777,75406376.75334278,72490536.97027534,70368440.08862534,69783366.65527037,66626887.62534541,67779246.43653776,61315221.34767777,60944675.45793529,64520274.64230037,68551087.15770295,66951202.71904281,64022891.23955286,65699748.95739291,67677232.38544275,62661948.397712775,77045971.46988526,64352951.03795026,73855040.23125778,73135964.44584519,67617708.07574531
2020-09-16,87427577.49599257,64418843.252850294,64709892.23835275,62741965.44320275,70186174.49096791,67307622.84115036,67384771.2828253,62821343.44384779,61211456.59234782,68749381.06182295,59162607.5831427,77653033.16978292,65148260.970775284,64005398.55044273,70972181.36057529,77848535.16565034,70051765.81399277,58540862.11251783,68114900.43233037,69576019.1456128,66650386.15378777,70598492.80244291,68381514.44210777,67616159.50788282,62713969.03330025,61716216.422070265,82076111.97419031,62456932.76706532,69807649.91645542,71748253.79216036,67044260.14536777,75220200.73334278,73097484.35027534,70206510.62012535,69416475.62477036,66679106.63984541,67506118.63653776,61398468.30417777,60664026.74543529,64918494.69080037,68690282.26020294,66731831.5955428,64035118.64455287,65784742.18789291,67649394.93444276,62570049.707212776,76617343.10438526,64456542.76445027,73278058.50275779,72990168.0373452,67725581.82274532
2020-09-17,87442915.40599257,64736864.06185029,64910043.525852755,62868647.31270275,70103026.08496791,67815622.64165036,67448019.10982531,62709370.99134779,61181098.250847824,68856514.80882294,59286771.14464271,78168931.24228293,65146434.110275276,63775495.90894273,71190739.4260753,77899769.65315033,70457020.47649276,58083369.204517834,67962603.74883038,69665623.16561282,67017514.12828777,70862927.66794291,68474949.83510776,67511776.62688282,62935473.440300256,61533351.13457026,82158257.25019032,62510753.52006532,69565231.75095543,72393108.88666037,66739354.10221778,75184107.81934278,73143182.21027535,70451852.73212536,69295259.23327036,66708895.60784541,67420408.26003776,61388940.97067778,60773893.87193529,64936280.726300366,68776062.48820296,66555787.335042804,64073910.56840287,65592655.94089291,67687762.02394274,62220178.35571279,77106366.02720526,64426116.86845027,72825002.63375777,72721100.26334521,68507529.83274533
2020-09-18,87454915.40599257,65354987.27645029,65127523.00985275,63180377.97970275,69972766.84446791,68109029.78665036,67344244.8863253,62917431.28634779,61115588.137347825,69095334.68482295,59499494.18864271,78033109.13128293,65430246.243275285,64236826.13394272,71472358.5160753,78292017.47115034,70879855.26949278,58028994.70251784,68221398.90833038,70060802.33761282,67634874.96747527,71010731.01294291,68543284.53510776,67745095.93138283,63207325.95180026,61536822.60407026,82315597.7731903,62698372.23356532,69994356.16095543,72575297.21066037,66953941.39321779,75220866.76634277,73797127.88527535,70725880.10112536,69841853.12327036,67115315.81284541,67750716.78253776,61307922.29067777,60856577.115122795,65063677.62380037,69544439.79420295,66908055.019042805,64371937.70040287,65461202.92039291,67473852.87644276,62430088.13321278,77471887.71220526,64584075.715950266,72975580.53294277,73706813.6163452,68822236.49574532
2020-09-21,87301915.40599257,65330410.25345029,65014250.88335276,63389614.85270275,69797762.34546793,68131943.61715037,67521910.1618253,62795929.62484779,60893789.92284782,68682611.92932294,59467473.32214271,78007912.62178293,65337160.52377529,64152065.02744273,71501575.3590753,78500269.34415033,70644662.23699278,57665015.127517834,67783411.03233038,70384674.75261281,67367897.56647527,70795583.96294291,68538072.02610776,67832840.93288283,63173652.134800255,61585476.04107026,82422210.32119031,62481394.90706533,69846429.39495543,72327859.60716036,66937404.843717776,75535351.50684278,74106205.69527535,70679547.69812535,70121303.56427036,67299340.53484541,68212579.90853776,61313973.68767777,60648274.38662279,65099586.05430037,69754409.13220295,67162060.5490428,64227729.81490287,65035281.40089291,67168853.99844275,62023914.553212784,77000733.09570526,64337760.65545027,72619045.55094278,73635206.54934521,69103005.14824532
2020-09-22,87000915.40599257,65072875.91095029,64561319.17785276,63083748.739702746,69623028.46746792,67981947.83515036,67176536.76182531,62583957.01084779,60812989.96484783,68612385.03782295,59418465.69664271,77783865.70828293,65202563.62027529,63888852.82844274,71401664.2510753,78333412.65165034,70095070.36599278,57626361.27301784,67400341.66533038,70540669.11611283,67087357.57897528,70458064.97244291,68480737.47610776,67693013.78838283,63157370.37280026,61888216.131070256,82398199.23169032,62134741.09956533,69755681.10145544,71861516.87066036,67386841.68071778,75399181.32484278,73931873.36977535,70430148.30062535,70470721.43627036,67264941.96834542,67762868.51753777,61673277.37517777,60641875.747122794,64928204.68230037,69434743.75520295,67015517.711042814,63921838.87790287,64863163.16839293,67033792.346942745,61965310.41571278,76965017.37470526,64353976.54445027,72408975.41144279,73502214.2013452,69382686.53074533
2020-09-23,87373915.40599257,65717723.32195029,64759864.944852754,63654962.68678525,69913545.57396792,68626414.17265037,67602159.06755781,63063659.417347796,61213100.17784783,68707260.39482296,59728096.82914272,78136604.53528294,65195581.64682778,64136201.34294274,71927120.77307531,78855804.67065033,70618307.17649278,57619570.220017835,68165090.46583039,71027378.53611283,67721538.43597528,70688409.16517541,68769242.57360777,67798613.69338283,64388114.065300256,62277189.69057026,82651290.94019032,62341648.64014783,70482467.93656793,72251810.35966036,68039079.24571778,75529227.82684278,74460802.24185784,70829881.79562536,70852405.98927036,67774083.82134542,68184544.27903777,61781907.982760265,60945283.695705295,64973994.58738287,70486707.38270296,67250041.41554281,64123880.06748538,65196731.73939292,67375897.47002524,62197893.09621278,77464421.64070526,64760381.58595027,72993464.44344279,74047704.6833452,69627946.93985783
2020-09-24,87106915.40599257,65406057.42945029,64499048.92935275,63422318.13128525,69749081.26996791,68155824.05465037,67157224.18905781,62824588.6813478,60769150.377847835,68598923.35632296,59657588.72914271,77891500.78328294,65137785.453327775,63745496.31794273,71881080.9460753,78604780.18115033,70403990.9414928,57683776.31901784,67879607.23433039,70529256.77811283,67527442.01247528,70278638.42817542,68656574.08460777,67502142.42138284,64135996.44180027,61978212.27207026,82213395.34269032,62073112.13264783,70027652.50956793,72033198.33966035,67853896.1612178,75155632.39584279,74170958.98735784,70773150.77812536,70353223.66527036,67319879.67734542,67848670.24703777,61352103.879760265,61272658.390705295,64670859.20838287,69780830.98270296,67035362.932042815,63888835.20348538,65043941.12389292,66997381.097025245,62032950.80121279,77053902.33470526,64355027.638450265,72707138.76694278,73681787.51234521,69485921.31535783
2020-09-25,87137915.40599257,65064193.49595029,64564135.25885275,62991600.17328525,69828533.82396792,68021051.70465037,67156384.99555781,63279736.80484781,61094965.607847825,68265222.98132296,59366562.56064272,77681794.98506294,65303891.35582778,63609118.03044273,72131538.15257531,78095602.49665034,70443225.62499279,57684593.86198034,67710142.5613304,70802020.92911284,67433859.64747529,70447598.77267541,68805262.05860776,67366680.95138285,63820308.72930026,61597257.67253276,81918297.32293783,61567180.039147824,69856074.75156793,72440673.81816036,67855285.11571778,75349310.54719779,74366511.07135785,70685460.01512536,70430771.13205037,67509328.85484542,67462684.17703778,60948453.029722765,61047563.8102053,64345620.64288287,69738310.52370295,67406078.61454281,64007031.60548538,64860323.196392916,66694579.38102524,61995050.22821279,76932239.42220527,64624531.50495027,72623235.91894278,73474631.65520021,69167508.47235784
2020-09-28,87275535.08549257,65107364.0154503,64598467.706352755,63086583.022785254,69663971.96457292,68446350.81215037,67373088.50505781,63696948.797347814,61542686.57134783,68654196.25482297,59396523.38414271,77697141.92656294,66625180.84282778,64076126.95194273,72725298.01578031,77948760.33415033,70123719.95699279,57527359.890192844,67872678.5993304,71534862.33759284,67854564.22247529,71228910.75767541,69045973.32348277,67217301.78138283,64116092.07580027,61745933.68503276,81934282.27393784,61886559.83287282,70085739.42706794,72182717.52466036,68393066.10271779,76147214.86769778,74969718.57935785,71049675.55012536,70424756.76455037,67465343.98484541,67324477.95826277,61450597.69672277,61115576.3642053,64819767.72488287,70506278.82820296,67421578.95346782,64529198.022985384,64400329.86903792,66493223.84552525,62067641.433712795,77215339.77470528,64856681.30495027,72134762.37491278,73495402.2172002,69313343.79335783
2020-09-29,86573535.08549257,64459279.6449503,63518338.875852756,62201405.103785254,68643209.46307293,67730400.09565037,66710848.61505782,62997473.88734782,60619497.01934783,67888054.93882295,58830377.728142716,76947276.85106294,65388622.296327785,63339469.66944273,71557988.02728033,77280039.73215033,69057536.6569928,56869358.67919285,67087199.7368304,70861519.97259283,67474508.31097528,70901513.07067542,67836047.08498277,66227682.57888284,63283503.13380027,61039816.05653277,80894073.08093783,61372433.57137282,69250116.41606793,71311828.84216036,67671976.04921779,74620947.63119778,74435457.43185785,70425489.80262536,69588487.22405037,66583980.264845416,66795248.99526277,60641865.44972277,60275235.023205295,63948429.42038287,69756443.28120296,66948050.09196782,63623882.57548538,63538262.74403792,66001679.59802525,61295996.0262128,76399492.24470527,64095027.414950274,71479539.21641278,72601235.2427002,68431369.82685784
2020-09-30,86966535.08549257,64684689.7399503,63903841.21285276,62571391.320927754,69099091.62207292,68058854.76215038,66845848.08136782,63077963.19284782,61216737.058022834,68101487.68282296,59350918.64814272,77961458.04606295,66040680.65232778,63587305.36594273,71868261.37228033,77698252.75815034,69237428.0276828,57407537.97219285,67256474.0703304,71093059.54209283,67953418.7724753,71197855.57886542,68279288.88998276,66315269.36807284,63440093.922300264,61184147.449765265,81246337.71393785,61582699.86487283,69501644.84056793,71355686.97935036,67927579.4462178,75244783.47919779,74723457.43185785,70883925.46962537,69902173.90505037,67244583.84484541,67001157.75026277,60699110.54495527,60676568.1387053,64243710.95038287,69933343.55070296,67305636.75346783,63787269.47798538,64106514.876037925,66079909.724215254,61629393.96571279,76632902.12620528,64360221.29695027,71710396.20141277,72779241.66920021,68538857.41385785
2020-10-01,87647535.08549257,64303589.5194503,64319028.10685276,63081126.28542776,69873957.85257292,68897366.75265038,67171717.98036782,63188094.39434782,61389592.11802283,68310006.42482296,59283546.80214272,78006278.77956294,66580414.24032779,64175632.466442734,72216461.70478033,78220007.09515034,69689919.6666828,57133537.43319286,67570556.84983039,71694798.02409284,67655306.6319753,71481896.67636542,68945190.34898277,67214031.66007285,63664056.34080027,61236975.991765276,81102827.23093784,61906838.53837283,69672403.15406793,71831678.91135037,68822646.68821779,76400033.39119779,75291457.43185785,71900542.14962536,70278462.35955037,67491629.70384541,67278297.68926278,61288283.91645528,61308691.186705306,64399299.039882876,70527644.62470296,67811556.43346782,64517844.681485385,63842374.32603792,66468882.17121526,61661273.0787128,77150591.32170528,64522569.83895028,72078941.69791278,73043690.02570021,69042752.61335784
2020-10-02,87774544.30649257,64203155.704950295,64370990.784352764,63065654.23992776,70302651.17707291,68767296.03115037,67036407.738367826,63323557.79334781,61026702.299152836,68408221.51482296,59360026.05014272,77629800.64906295,66534143.79182779,63802715.49444273,72321699.36478034,77969476.61415035,69485458.1636828,57085861.43819286,67327846.4196604,71624920.90109284,67539080.2224753,70896542.68997042,68714417.13248277,67385205.74857286,63528719.93780027,60936853.27526528,81490840.42043784,61834728.158872835,69277690.64506793,72049367.94985037,69312355.7422178,75875725.45719779,75086606.74946286,72061029.20462537,69903249.79905038,67374015.95984542,67047338.32576278,61522357.985455275,61078347.63170531,64076864.22538288,70597378.13020295,67216537.60046782,64221826.65948539,63613039.53103793,65685518.305475265,61363351.630127795,77301422.54370528,64404831.58145027,71985713.84891278,72244129.01726021,68994341.15585785
2020-10-05,89418544.30649257,65117709.792950295,65583645.09935277,63605523.92342776,71645131.39107293,70193414.65015037,68227837.56186783,63858501.03984782,62085798.41315283,69789439.53332296,60217964.95964271,78544463.88306294,67747084.50782779,64752634.76544274,73450561.79728033,79670362.91965035,70197128.6091828,57471506.57069285,68645105.5966604,72382415.53609283,69418689.2909753,71800313.40447041,69433225.25348276,68051168.08107285,64769173.44780027,61959516.47376528,83108749.78043784,62754224.09487283,70054104.10956793,73260015.31985037,70467139.8572178,77010675.78569779,76110203.92446285,72978214.63762537,70867717.35455038,68318911.14384542,68749201.55526277,62262464.02045528,62150018.340705305,65309904.52388287,71299106.14770296,67910904.97346783,65188342.69498539,64301447.14203793,66219997.97897526,62773638.0551278,78326490.10820527,65582644.121450275,73482250.15241277,73634144.6042602,69573744.39585786
2020-10-06,90001591.43149257,65206148.682950296,65470802.77785277,63718159.493927754,71982823.86357293,70166072.03915037,68103345.57486783,63994231.75234783,62089255.67515284,70205034.62082297,60507968.407642715,78270410.22206295,67916437.7868278,64735373.90694274,74361122.05728033,79824965.49315034,70096603.03218281,57304092.381192856,68917181.8796604,73101331.40959284,70031222.18747531,72176739.52147043,69770729.24648276,68047867.12857285,65078973.372800276,62379786.94926527,83671340.77643785,62534634.57487284,70653793.17006792,73099984.58835037,70103461.60671781,77392840.5186978,76265283.56696285,72864536.78262538,70668070.09105037,68735917.77834542,68608144.02026278,62447574.327455275,62252204.72020531,65447190.47988288,71914943.92570296,67813861.49746783,65365490.258485384,64612980.89353793,66308342.363975264,63432798.41612779,78748334.59970528,65613563.67045027,74155111.47591278,73677957.04726022,70261001.08485785
2020-10-07,90195512.93149257,64494648.733950295,65047820.90935277,63112297.34192775,72463305.79957293,69098050.06015038,67828512.82036783,62801105.73584782,61592353.32315283,69625394.31482297,59875203.67014272,78128456.61056295,67174281.0198278,64781172.74894273,74543281.77728033,79043515.53665033,69758444.58968282,57464081.197692856,68629730.6731604,72436239.06409283,69607572.67197531,71827803.20547043,69890653.55198278,67358783.78057286,64482800.41280028,62276047.458265275,83256583.58693784,62495209.05537284,70068902.22056793,72360133.09585038,69433700.1687178,76803399.45919779,75901074.57696286,72298102.73012537,70265473.36205037,67990973.95634542,67641908.38126278,61682137.31545527,61485400.5737053,65094942.715882875,71107282.19570297,67046458.26096782,65025093.100485384,64587856.366537936,66664418.63497526,63092993.23962779,78583844.22220528,65044228.99345028,73603531.84691279,72955706.93976022,70179312.34885785
2020-10-08,89697512.93149257,64009531.6274503,64450348.307852775,62529499.55292776,71599570.77457292,68251176.45365039,67800106.82386783,62298720.162847824,61151108.17765283,69154101.76482297,59369664.02914272,77489486.45706294,66714074.3148278,64058495.650442734,73888216.90078034,78518047.00265034,69550113.5841828,56804489.92319286,68231571.8876604,71887630.62009284,69176912.4874753,71233315.63497043,69524874.35048278,66639912.25807286,64134665.61030029,62226418.06626527,82712401.96643785,61951724.92137284,69621180.39406793,71926926.39635037,68883116.7892178,76321037.8286978,75199902.37946287,71727858.38412537,70099658.72105038,67380145.45634542,66866199.34476277,61475754.78295528,61096269.6387053,64413340.79338287,70308213.00320296,66585387.40346782,64616684.96648539,63977751.785037935,66368139.24897526,62686454.08062779,78196792.28220528,64565013.38445027,73268390.2339128,72153876.24726021,69558784.78963035
2020-10-09,90345512.93149257,64319704.0329503,64504782.81285277,62859994.903427765,71628699.97407293,68454028.98615038,67786711.96236783,62264184.328347825,61289276.92015283,68786479.57182297,59423704.846142724,77661824.74956295,67145807.8833278,64218174.97194274,74280691.59578033,78573568.53365034,69629781.93518281,56956311.024692856,68182136.7871604,72207668.83859284,69525130.12197532,71713145.28147043,69858212.69448277,67213355.97407286,64331166.958800286,62357944.04126528,83023156.45543785,62072829.250372835,69578552.43156794,72345708.76385036,68775627.02471781,76738830.1761978,75602021.73796286,72015898.88112536,70268512.24855039,67586929.04534543,67248651.84376277,61873826.69395528,61487124.4212053,64552663.15538287,70883567.04170297,66792389.49196783,64969029.232485384,64304453.03603794,66469044.327475265,62950922.06212779,78280391.71570528,64280330.89245027,73208701.70791279,72450322.06926022,69814251.76263036
2020-10-12,89431512.93149257,63237033.756950304,63485108.534852766,61903936.52442776,70571866.34457293,67725160.29415038,67188736.62386784,61671393.41684783,60732177.43515283,68534217.99532297,58687090.94314272,76483069.08856295,66527989.220827796,63544815.00194273,73184493.78328033,77479513.24365035,69828789.98818281,56390459.456192866,68111274.4406604,71434487.17209284,68815130.58047532,70971719.57197043,68668540.98798278,66369868.43807286,63448119.109300286,61906841.487265274,82284994.93093786,61118002.85187283,68703802.79906793,71676593.45185037,68736352.49221781,76279933.0176978,74992919.12846287,70849958.28062537,69637113.31305039,67380788.13734543,66696487.00876278,61131909.05845529,60667230.6052053,64268122.65938287,69544785.88220297,66539130.14446782,64622390.09148538,63887093.71653793,66173511.406975254,62010125.968127795,78250149.07820529,63907967.073950276,71375973.86891279,71690727.21683772,68345986.54513036
2020-10-13,89260512.93149257,63209657.8119503,64019809.54385276,61865122.89942776,70413066.38607293,68195807.72365038,66899705.96436782,61690357.675347835,60430793.54015283,68040300.73242797,58409814.70814272,76782229.46556295,66652040.7298278,63798674.011442736,72978806.93428034,77136057.96765035,69630097.3086828,56237875.61169287,67801689.2981604,71132174.14559284,68473714.23397532,70695906.70997043,68209269.42498277,66747147.56091036,63452773.04930028,62039970.95776528,81965640.59843786,60704070.80674283,68221695.18706794,71498375.08885038,68454083.0977178,76047787.0866978,74908755.69196287,70860613.27912536,69114668.6055504,67131082.01334544,66250048.24926277,61076885.123455286,60660160.8245078,64097711.627382874,69599323.92648298,66364365.971305326,64465152.29398538,63960706.44103792,65941133.28797526,62262805.754627794,77658765.22820528,63773322.300820276,71228131.17291279,71901389.97583772,68304737.57663035
2020-10-14,89582512.93149257,63895965.50695031,63958610.66435277,62449097.531427756,70511917.54107293,68066786.95015039,67173821.73074782,62119311.03111533,60822875.19415283,68316505.75392798,58724713.86364272,77133971.80706295,67405875.5698278,63858728.06044274,73639030.57378033,77912281.01765035,70348425.12618281,56438843.816692874,68266866.0226604,71989531.04559284,69005805.34101032,71153887.67447044,68405066.78898278,66774816.90441036,63999773.04930028,62689684.86876528,82809487.46343786,61146173.576742835,68774874.81956793,71702866.84735037,69127681.0677178,76583544.0151978,75684188.03496286,72321966.62762538,69397495.75555038,67272151.62934543,66533938.620802775,61545018.54345529,61020735.406507805,64305485.88738287,70059755.74298297,67045898.53080533,64849811.24148538,63731493.79275043,65934772.04647526,62575536.5936278,77832258.58624028,64568796.45832028,71922090.2439028,72388990.12433773,68954010.82121035
2020-10-15,90479421.45999256,64359510.67495031,64325527.77235278,62941968.08542775,70745862.53757294,68982258.07415038,67618166.12524784,62505331.698115334,60902001.13315283,68371888.03392798,58960415.81414272,77034416.45156296,67823302.2633278,64331092.05394274,74263295.67878033,77778472.63065034,70800809.28118281,56445629.688692875,68185530.6466604,72331292.18659285,69154572.75051032,71454620.85447043,67834409.30748278,67233573.76941037,64389534.36230029,63055628.44426528,83235553.84593786,61489391.863242835,68828163.98306794,72405441.01235038,69731943.6452178,76782692.7986978,76209982.01096287,72887243.30012538,69991222.22505039,67495719.46534544,66438631.15880278,62108142.93995528,61477015.42600781,64050787.73438287,69900796.96898298,67468978.27780533,65179551.739985384,63522615.49325044,66047036.85347526,62885621.0086278,78447198.21474029,64493665.60732029,71827072.2749028,72772682.23583773,68474943.99371037
2020-10-16,89996421.45999256,64161861.07795031,64387812.807852775,62850441.568980254,70312657.41357294,68875777.6506504,67411440.71774784,62582412.39561533,61202643.147152826,68520823.40342797,59136277.04414272,77321586.35256296,67696405.8308278,64088945.085442744,74203468.06628034,77778679.45565034,70664306.37718281,56329750.33119288,68043296.1691604,72464121.89059284,69073365.55501032,71172198.43097043,67860976.05498278,67136046.87491037,64235101.30730029,63089190.47926529,82818101.13393787,61515935.36974284,68998789.60606794,72971857.77485038,69873884.9657178,77073825.3341978,76320209.60096286,72905840.92962538,69819086.2625504,67346120.23584545,66598489.502802774,62014566.372455284,61664875.546507806,63827443.94838287,70110638.43648298,67367363.34030533,64923452.538485385,63736954.35075043,65911250.10597526,62532096.21212781,78157785.66974029,64767213.01982029,71896822.8259028,72948401.31483772,68160581.17821036
2020-10-19,89250067.79749256,63994741.342950314,64659603.58535278,62813401.175980255,70045812.75857294,68895705.0496504,67217360.44524783,62859494.11061534,61295402.50665283,68351879.08392797,59488388.39864272,77834996.87106296,67827565.0088278,64126846.49544275,73830495.91628033,78071506.07765035,70304508.8011828,56450669.942692876,68145655.9866604,72581400.47259285,68853792.95701033,71303186.23597044,68396303.0424828,67001655.80191037,64290851.46430029,62865190.47926529,82620744.26893787,61628402.436742835,69060897.46106794,73465097.80285038,70120020.2822178,77075383.5709378,77096809.89746287,73180182.67812538,69532799.7000504,67610318.86934544,66591619.48330277,61711332.03345528,61302432.93400781,63879667.32888287,70537585.08598298,67324173.46380533,65118837.13998538,63505126.38075043,65290196.34047526,62267459.338127814,77639420.9877403,64929047.04182029,71703389.4049028,73129663.01683773,68077520.91271037
2020-10-20,89351067.79749256,63862670.91495031,65064234.60935278,62543921.18648026,70243111.27607293,68913933.4421504,67017173.23874783,63205942.92661534,61988874.88815284,68780432.27692798,59736011.15764272,77670381.89756295,68006914.3153278,63503667.88048525,74219410.15778033,78654723.07515034,70386193.2131828,56186386.085692875,68442274.3666604,72772082.38509284,68776017.02101032,71395498.92247044,68887807.2854828,67299499.86441037,63983933.712800294,62966307.154265285,83295404.74193788,61702282.96924283,69335767.41256794,73331992.24585038,70539905.5372178,76666985.4489378,76747315.77246287,72941143.86712539,69664342.33155039,67967663.46334544,67001659.70930278,61840653.23145528,61193693.19150781,64179406.936382875,70610229.79798298,67740189.13630533,65164605.60698539,63695676.99525043,65727734.12547526,62738769.92712781,77635499.97274029,65543307.49732029,72040223.2714028,73389016.99283773,68192939.24121037
2020-10-21,89323267.72349256,63532001.16045032,64223043.798352785,62281950.750480264,69862970.53907293,68624116.4121504,66923395.46924783,62524977.32961535,61296520.32165284,67934837.02792798,59097499.53664272,76617999.60306296,67085242.8158278,62594070.05048525,73276739.24528034,77821130.84015034,70393685.2321828,55873130.22369288,67348242.1141604,71951518.52409284,68632759.51351033,70601408.11047043,68125264.63898279,66715114.509410374,64076139.194800295,62575114.04926529,82522949.31143788,60982645.547242835,68672970.12456796,71813523.79785039,69771471.8827178,76332558.20893781,75963827.02346288,72400657.99162538,69473042.3635504,67328206.89784545,66349907.87130278,61419886.51995528,60719276.13100781,63896839.017382875,70158153.26498298,66920924.64130534,64569311.73548539,62878127.680250436,65448463.68947527,62095766.56462781,77648588.2652403,65039842.72432029,71581134.51390281,73345207.00583774,67615433.78621037
2020-10-22,90220267.72349256,64117021.26295032,64662797.353352785,62925978.82948026,70466635.80557294,69431234.2166504,67800246.64674783,62686126.63761535,61664339.978152834,68838736.71442798,59311200.283642724,76784312.45956297,67760351.58382781,62764463.39148525,73928937.77178034,78807885.46565035,71104455.73968281,55689422.37219288,67970802.7221604,72462888.61259285,69111988.38301033,71277925.38047044,68590478.93098278,66812065.09741037,64723661.28130029,63264314.29626529,83316803.54493788,61442114.860242836,69419038.89256795,71828410.54835038,70157210.4557178,76272703.5649378,76400313.39096287,72667259.86962539,70379138.8945504,67783452.25684544,66836442.25980278,61944443.67595528,61176398.16400781,64452978.09538288,70302092.56648299,67380167.35080534,65098384.85198538,63499977.29825044,66076912.82097527,62477461.58612782,78503249.8572403,65184158.76282029,72366180.5169028,73613127.29583775,68018863.27421038
2020-10-23,90787267.72349256,64371048.39795033,64961694.37735279,63141234.489480264,71050449.62757294,70164240.3531504,68378250.61374784,62637777.23611535,62278375.085652836,69078241.11442797,59153047.33014273,76817717.04106297,68534616.97582781,63518886.73348525,74660318.14378035,79071986.09015036,71006449.03418282,55715603.48919288,68134567.1841604,73029543.02909285,68898610.63351034,71243587.67997044,68868153.9609828,67821752.72541037,64528098.176300295,63504205.32926528,84050198.16593787,61575223.818742834,69740714.96706794,72363181.21585038,70511661.81171781,76277666.7639378,76980092.78446288,73239858.3886254,70376385.4680504,68406316.94484545,66993639.88030279,61810269.38645528,61358558.83600782,64382020.624382876,71135841.07948299,67478985.18830535,65214064.83748539,63419349.82325044,65872982.809475265,63051896.257627815,78342164.0122403,65123164.9693203,72376368.13840282,73572973.94783774,68043673.33571038
2020-10-26,89278267.72349256,63177472.031950325,63327077.77835279,61451290.55048026,69484125.30237794,68287333.34965041,66357274.595247835,61682488.782615356,61041066.84715284,68140657.89723298,57967056.32014273,75290507.28306296,67062258.85532781,62517939.29398525,73690666.43078035,77287022.36415036,69116445.60018282,54712059.38419288,66780204.5036604,71277749.24559285,67340038.94301033,70419646.38301544,67089810.3494828,66410653.16941038,62837756.17930029,62138785.28862278,81797148.24927787,60498124.68424283,68369149.29656795,70728808.23485038,68374129.7682178,75176344.65893781,75320101.67046288,72010044.8367454,69339131.6986704,66938379.56634545,65889522.24880279,60624429.107857786,60260187.54600783,62860433.93852538,68770605.53248298,67205104.76000035,64383881.22248539,62168616.99425045,64254744.353475265,62360783.27512783,76619304.9777853,63747805.2608203,71065040.50540282,72100759.95183773,66838081.17761288
2020-10-27,89006267.72349256,62455649.41545033,62740161.676352784,61042046.59548026,69093027.18787794,67658713.2741504,65775762.377747834,61169805.44211536,60268003.342152834,67640008.26173298,57597674.892142735,73917635.16406298,66689773.5738278,61850765.07448526,73205533.97578035,76046665.73515037,68147320.68921281,54397321.841192886,66177737.129660405,70688501.98109284,66788964.00951034,69745993.70481545,66399077.0004828,65378491.97791038,61800474.0898003,61550167.084122784,81242276.01477787,60165444.216242835,67831963.62741795,69939529.20285039,67731783.00121781,74354264.5614378,74543238.45846288,71199878.5402454,68991097.14267041,66159858.83284545,64957368.585302785,60014723.985857785,59788966.43900782,62116610.717825375,67815376.94598298,66638351.20600034,63792589.962485395,61566771.446250446,63889533.42098527,61787773.06562783,75504163.07272281,63290636.0428203,70368059.19540282,71504162.21533775,66327331.052112885
2020-10-28,87891796.00036258,61259168.196187824,61398907.72869028,60049011.96445526,68214654.45287794,66885912.45662541,64660566.90258533,59995913.58333036,59173147.99361284,65798163.45023298,56111167.34532523,72459759.18927798,65493012.75751281,61272657.34448525,71439541.43465786,74166108.43705286,67307732.46934032,53413858.56245288,64145735.255160406,69430000.57781784,65518314.56369284,68139191.68931544,65145177.6403853,64293872.760125384,60661828.0782453,60005339.369147785,79460293.94177788,59383284.48664534,66643126.601655446,69397480.0488329,66671569.57197282,72861414.8734378,73466035.66970038,69281216.4552454,67426397.4052804,65267660.37353045,64693718.74116029,58058699.84962029,58448759.930102825,60666207.408825375,66875673.70728548,64614804.38750034,62322418.118485406,59973653.25093545,62430944.16485027,61304517.63462783,73411911.43889782,61793816.0217828,68117176.21090281,70390824.16083775,64334044.36011289
2020-10-29,86934428.00728756,61088874.25468783,61199896.664690286,59518621.51291026,67766608.28687795,66837108.02462541,64258923.30458533,60087765.94283036,59201453.891612835,65502855.59623298,55679397.428780235,72058958.37877798,64765209.66301281,61050472.74548526,70969378.68665785,73734407.32805286,66675669.44175032,52861383.71195289,63888129.629660405,69213148.92481785,65712610.97019284,67715951.33531544,64562870.0918853,64282613.28412538,60174806.3097453,59993458.950647786,78922955.57777788,59043666.49664534,66122591.884155445,69018395.1053329,66113141.250972815,73022547.48443781,72736186.10920037,69423189.7597454,66926395.5482804,64650798.21653045,64538964.65966029,58294645.73962028,58169759.49910283,60464894.77882537,66717037.91428548,64274952.35950034,62309856.2409854,59785418.789935455,62398955.14285027,61357654.09112783,73226028.31939782,61403077.8407828,67916094.07340282,70380698.25283776,64246544.766112894
2020-10-30,86870893.27791257,61530674.93818783,61188907.76919028,59295064.95091027,67976663.57687795,66697777.83812541,64456792.86183533,60285820.680330366,59325699.24561284,65695665.028232984,55727134.93878023,71891577.13946547,64808588.83298281,60824358.59948526,70865390.45915785,74017317.31705287,66392307.87825032,52776942.70845289,64282668.58891041,69549702.47781785,65596670.48719285,67784269.13850294,64692415.7996353,64385482.65862539,60743284.1252453,60190036.943147786,79210437.66227789,59464430.91464534,66302466.567655444,69013957.46333289,66043102.374442816,72920696.5334378,73012043.41866288,69810719.3967454,67119863.5607804,64689822.25503045,64511415.18516029,58617077.67962029,58289022.077102825,60658098.32532538,66786435.30528548,64389445.44100034,62066397.58198541,60567346.24440545,62492342.91385027,61380682.84812782,73193944.54989782,61333854.25378281,68063523.58390282,70354583.48283777,64205850.05361289
2020-11-02,88991066.38891257,63013476.025187835,62306178.44269028,60136712.37641027,69351294.54087795,68393620.98262541,65324094.696835324,61206337.76633037,60270489.05811284,66427985.49673299,56622032.36178024,73310155.61596547,66123497.79098281,62066912.62898526,71989406.62865785,74527665.34105286,66754700.198750325,52799066.37495289,65217820.60541041,71089974.21081784,66168738.73469284,68747407.64500295,65739991.714135304,66241493.15962538,61789705.960245304,61325683.15114779,81540441.00377789,60889470.94964534,67163261.21965544,70409711.20883289,67476042.2039428,73425125.4534378,74204183.09466287,70865347.7642454,68327176.3657804,65589479.45603046,65714259.15816029,59524023.43562029,58667188.96460283,61479317.17282537,68028918.84928548,65135932.97000034,62955794.16298541,61409822.584905446,63243022.537850276,62559285.82712782,74722536.52139783,62237345.83678281,69445432.03440282,70804450.01183777,65219346.38861289
2020-11-03,89352217.49391258,63504194.829687834,62756290.737190284,60430475.48391027,69910722.27287796,68859122.01562542,65480244.48183533,61674661.34683037,60935689.00161284,67498934.85473299,57191409.763780236,73584696.66896547,66646621.54798281,62449453.89298526,72592890.76465786,75363593.01105288,67125501.63575032,53100382.041452885,66008102.11491041,71741252.53681785,66380301.13919284,69236374.85500294,66506005.9036353,66809826.30512538,62452362.850745305,61725785.55064779,82634993.9317779,61364512.95364534,67626525.37965545,70842989.87683289,67878522.10844281,73691868.88693783,74315836.19616288,71310840.0702454,69208392.1572804,65940013.70653046,66073939.47266029,59798592.7346203,59063787.666602835,61824581.75482538,68535010.99728549,65595238.81150034,63338081.937985405,62162753.332405455,63868365.53135027,63085587.18362782,75078710.05489783,62852165.08178281,69524350.23690282,71688409.00983776,65928179.10311289
2020-11-04,90368327.36591257,64858844.61868783,64422837.93769029,61427700.40591027,71049730.37987795,70259053.41412541,66438673.71883533,62343321.19383037,61678985.83511285,67897987.17723298,58420415.32478024,75038113.94196548,67262038.6249828,63098922.39948526,72862134.59315786,75718643.53755288,68248204.15075032,53514862.483952895,66409380.438410416,73324895.19331785,66798653.92819284,69213918.64550294,67218940.57263531,67648619.15662538,62996672.94324531,62016975.92264779,83755662.2827779,62711020.51664534,68152249.03765546,71690917.88933289,68737324.03044282,73867191.49643782,75512307.55116288,71879193.03324541,69376546.9842804,66768511.93103047,67028422.80266029,60410178.437620305,59252738.64910284,61907563.40782538,69228332.97528549,66524881.01800035,64428465.61298541,62448133.96740546,64221194.45835028,63778756.831627816,75840005.71639784,63718051.370282814,70450054.56240281,72743190.97333777,67029120.29061289
2020-11-05,90099327.36591257,64166216.448187836,63238561.745190285,61027078.018910274,70436906.53637797,69336433.19162542,65941256.17333533,61418940.231830366,61031979.03211285,67719409.51223299,57816352.12578024,74492754.63296548,66957334.25648281,62389992.805985264,72791199.59565786,74647679.43755287,67625624.75475033,52758241.13945289,65895103.66591042,71961857.66781785,66407841.52119284,68947563.95450294,66564839.57063532,67037072.00362538,62429422.541245304,62032186.21114779,83411348.4892779,61570198.60814534,67212791.52515545,71258954.34883289,68165060.88644283,73216936.88643783,75110351.34966289,71879038.66074541,69202186.90778041,65860357.448530465,66369526.54216029,59576119.0216203,59107474.25710283,61715257.17632537,68495944.9117855,66373004.494000345,63628094.526485406,61772932.487405464,63380791.81585028,63049267.42862782,74843269.25189783,63179027.96778281,70185220.07040283,71863077.02683777,66019052.2156129
2020-11-06,91314661.85591257,64819395.091187835,63642938.22319029,61545033.54541027,71266590.13687795,70174952.04462542,65999427.42733534,61713767.27033037,61877617.68061285,68096179.297733,58212128.789280236,74756128.16396548,67768344.97748281,62845875.875985265,73246617.82865785,74473424.59705287,67912521.39825033,53122195.664452896,65538382.03541043,72469277.38281786,66355099.361192845,69550915.36100295,67011190.18213532,67619823.85462788,62705356.560245305,62171686.1116478,84433649.7877779,61976703.83864535,67815562.12815545,71958599.73333289,69114984.05294283,72749611.68943784,75526715.64016289,72367126.68074541,69867935.6197804,66739176.61003047,67026254.91516029,60059353.342620306,59295275.62460283,61959044.54782538,69097619.2222855,66852865.83250035,64032414.84248541,61751352.28440546,63849126.38935028,63678753.08112782,75795933.06689782,64044896.334782824,70537226.34640282,72187404.25533777,66462016.756612904
2020-11-09,92282068.08341257,65323476.66818784,64180998.5006903,62169304.12241027,71653021.54837796,70971740.85212542,66031885.41533534,63099632.221330374,62505083.48861285,69368235.294233,59314191.72078024,74984854.39346549,68362919.07048282,63449666.49698527,75132919.93415786,75835866.87555288,68244724.03325033,53386256.1959529,66324080.40841043,73821036.67731786,67544988.86819284,71006859.95600295,67574484.42013532,68118499.10162789,63483456.27874531,62875140.875147805,85244446.0182779,62690477.50114535,68108171.27815546,73104319.5738329,69469648.85694283,73534783.83243784,76697659.84216289,73393166.79674542,71555454.74628042,67882385.26253048,67373157.20616029,61066729.3701203,59773461.37110284,62681378.596825376,69592805.8932855,68051309.56950036,64191374.29648541,62469304.01440546,64622485.85335028,64354962.57462783,76594926.19889784,64549229.89828282,71812021.61640282,72772194.38233778,66905082.414612904
2020-11-10,90925068.08341257,64382767.08518784,63155133.488690294,61776144.886910275,70340802.29137796,69802937.42212543,65302196.31683534,62950332.63483037,62117779.94461285,68823278.59823298,59006418.63478024,74490326.18396547,67739073.56498282,63260628.61448528,74516625.80715787,75292111.24905288,67534380.71125033,52756552.2844529,65435405.49891043,73170156.09481786,67425201.36869285,70750719.69250295,66965496.726635315,67257640.02462788,62500196.29774531,62369442.078147806,84383678.44677791,61714198.699645355,67159712.94215547,72160556.9238329,68750355.02944283,73191277.27893785,76321205.0731629,72377319.69374542,71388285.78328042,67401223.42953047,66531708.8411603,60509812.29262031,59117276.27760284,62039678.30432538,68778955.0452855,67692419.99550036,63737377.545985416,62007982.10790546,64446355.51335028,63507562.480627835,76044543.76989783,63982391.346282825,70708794.73540282,72151811.55233778,65992282.42461291
2020-11-11,91193068.08341257,64544799.89968784,63412969.9931903,61859804.58291027,70448224.68037798,69779851.51212543,65372403.500835344,63324692.28333037,62677780.041112855,69054568.87773299,59212956.407780245,74755749.09846549,68110258.15398282,63649597.54248528,75008195.92715786,75396955.58905289,67657438.07925035,53077153.1170979,65827827.33991043,73633538.38081786,68064114.94169283,71014385.70500295,67426073.20163532,67763959.20562789,62708104.03524531,62433782.6721478,85106309.88427791,61816639.95464535,67545921.06565545,72441872.0903329,69228182.47594284,73226059.16243784,76445779.1851629,72803433.64924541,71634657.87328042,67704631.39103048,66736398.0076603,61079749.27062031,59434038.23360284,61830664.69482539,68969173.8937855,67821517.42950036,63741471.120485425,62369439.219405465,64523864.512850285,63605282.31112784,76398346.43239783,64302929.279782824,70928815.74790283,71856953.04633778,66074550.57961291
2020-11-12,90630068.08341257,64494228.88218785,62909188.876190305,61705903.773410276,70185792.77887797,69359268.27162543,65541560.00783534,63633918.42783038,62793216.03611286,69252241.492733,59344338.97878024,75080115.5944655,68065190.31898282,63762135.45448528,75544789.62765788,75548945.90955289,67280062.22625035,53551697.778597906,66541932.168855436,73593549.41481787,68517013.44319284,71063167.40750295,67450415.32563531,68126710.20712788,62974286.15174531,62677637.290647805,84861914.1982779,61964887.151145354,67938537.68915546,71946097.9153329,68914378.53844284,73141809.31643784,76187890.4166629,72647757.82945542,71606658.69578043,67529308.07353048,66997994.922660306,61022488.47112031,59393580.03660283,62012926.31532539,69362271.0302855,68242901.79450035,63697450.02598543,62658447.13690546,64971947.12985028,63321155.05112784,76223577.88939783,64661070.74928282,70784868.98811284,72073404.07183778,65988633.202612914
2020-11-13,91073068.08341257,65152833.49968785,63558499.067190304,62670662.69491027,70996112.83337799,70089312.48062542,65989854.22383535,64279307.21833038,63426294.20011286,69348982.35473299,59995581.15678024,75547468.18146549,68695370.35148282,64337749.63148528,76158710.76615787,75754629.72955288,68138017.09075035,53785167.17959791,66695310.19185544,74701753.83531787,68615788.42619283,71352116.23300296,68703936.62463532,69120292.01912789,63719005.69624531,62985605.89264781,85497374.0727779,63225876.64514536,68587763.26315546,72508418.7673329,69800409.37794283,73345935.85193785,76785324.38716291,72718922.86695543,72160595.23728043,67896662.07503048,67813294.17016031,61944254.12062031,59740099.836102836,62310842.77282538,69930388.2117855,68169307.30550036,64556027.623985425,63225203.10240547,65089668.33835028,64395111.276127845,76480504.61939783,65574677.67378283,70749407.21261284,72617494.9553378,66924321.50261292
2020-11-16,89500438.68841258,64177603.711187854,62596033.79769031,61848420.079410285,69966164.91987798,69176526.76362543,64870101.92283535,63007644.134330384,62433782.08711286,68068004.319733,59523065.08778025,74157236.17846549,67828749.96748284,63072888.51748529,75178552.01015787,74821214.4100529,67026136.24575036,52850330.80259791,66015685.44821544,73397375.86081786,67583809.62169284,69736283.82900296,67690169.34563532,67904485.09262788,62871423.08010532,62678186.79036531,83753854.15977791,62169963.23864537,67462910.59965546,71069552.54283291,68687521.55794284,72741628.78943785,75288214.1971629,71583227.70445544,70870376.91778043,66352634.11103048,66620415.35166031,61031170.62462031,59089785.56760284,61567030.032542884,68952067.55678551,66895198.759500355,63266231.40248543,62468294.04990548,64155484.568850294,63373069.17962785,74956833.45889783,64630029.24678283,69144995.17561284,71629129.52533779,65628395.06261291
2020-11-17,90398438.68841258,65121094.46418785,63447424.85869031,62445497.67341028,70969570.40287799,70036559.07762542,66010895.92283535,64736691.873330384,63605885.16711286,69373620.434733,60651817.404780254,75036086.95746548,68853203.70548283,64615513.86548529,76891093.36465788,75948792.28905289,67895599.69525036,54330548.454597905,67486971.86921544,74577113.60331787,68879743.09619284,71096179.18900296,68814320.22463533,69718500.96362789,64147027.258605324,63530253.86486532,84687417.50477791,63756983.66614537,68737588.20815547,72210437.6693329,69971595.22344284,73529937.16293785,75832824.03416291,73483959.58695543,72182377.48778042,67860907.72753048,67755087.38866031,62446929.557120316,60148338.52210284,63099310.23504288,70262586.3202855,68296255.38350037,64194649.09598543,63817387.312905475,65226742.61235029,64155288.942127846,76282280.65139784,65951761.648782834,70675694.25861283,72050380.75733778,67138489.05511291
2020-11-18,89751438.68841258,64881730.079187855,63608780.227190316,62735399.43141028,70741834.58387798,69600488.23812543,66545697.28733535,64993460.031830385,63807843.67961286,69774593.47973299,60829369.68378025,75156645.40246549,69010003.00648284,64625390.30948529,76984926.35065788,75787616.31105289,67999722.90825036,54795801.68859791,68358743.35621545,75025728.12531787,68890594.18369284,70871095.38800296,68963473.09313533,69788582.71212788,64652418.71060532,64119692.83586532,84309990.10977791,63651746.89164537,69379681.26965547,72509011.8698329,70247150.31544283,73453305.93993783,75726414.5811629,73904603.71795544,72423132.14328042,67894656.43153048,67920555.01666032,62754200.81212032,59958196.410602845,63607428.96854288,70196360.9912855,68148436.39600036,64650419.92548543,64164693.53890548,65379747.488350295,64063576.51762785,76523423.35410534,66816007.47778283,70651743.73961283,71973935.34433779,67279726.00561291
2020-11-19,89683438.68841258,65393406.91318786,63676693.88369031,63023251.197410285,71230444.57387798,69494366.86312543,66924995.64333535,65176524.04833039,64116026.732112855,70434101.228733,61556428.214280255,75273242.4109655,69085576.98848283,64664734.42598529,76982955.00765789,76417424.5675529,68044050.07125036,54934234.63459791,69097426.61771545,75678118.78631787,69219365.18019284,70694959.55550295,69472321.57313533,69835405.14462788,64901792.94710532,64165590.02336532,83915651.8602779,63909169.95414537,69267763.42265546,72653129.72233291,70382774.10544284,73597828.50793783,75868082.83216292,73993505.61445543,72706437.17478043,68210480.12453048,68102923.78566031,62873230.57812032,60317777.22810285,63582526.97954288,70210360.9912855,68855091.13350037,65112142.47798544,64727397.772905484,65581019.69335029,64166385.544627845,77123442.75410533,66951802.25328283,70939254.94011283,72087021.66183779,67005471.23311292
2020-11-20,89670438.68841258,65348683.24568786,63830632.82419032,62861614.21441028,71820156.88087797,70022310.82712543,67222418.35633534,65094454.02133039,64106398.72761285,70790101.228733,61561319.16228026,74950067.1439655,69176944.83598283,64945356.87198529,77011217.56665787,76817142.0815529,68479201.52575037,55518222.599597916,70097286.81971546,75344691.15331787,69782913.17419285,70967347.88660295,69679605.06213534,70206299.23662789,65309208.17410533,64607891.67886532,84300914.4252779,63972048.92064538,68908781.88975547,72101975.19983292,69743128.17044285,73464995.55093783,76277107.99116291,74156266.74595544,72564110.78978042,68269332.06953049,67798994.85116032,62626845.89562033,60664209.17310284,63946740.00404288,70147360.9912855,69510604.85100037,65941882.30998545,65153950.15690549,66274168.738350295,64091630.24012785,77669647.39710534,67131122.78778283,70500635.64711283,72520811.4683378,66955874.66561292
2020-11-23,90520438.68841258,65963263.75118786,64322697.07419032,63388311.13791029,72925832.17987798,70775483.75612544,67809929.55533536,65232147.948830396,64292947.68511286,70987099.141233,61047818.20978026,76117883.9154655,70218756.12598284,65129628.53298529,77072498.26015788,76849444.3565529,69171852.88525037,55490937.28959791,70556116.98921545,75976431.49231787,69534874.03419285,70602681.27810295,69754261.93863533,70491330.05862789,65980528.99310533,64880340.75336532,84157694.5837779,64223034.12914538,68706925.70975548,72393684.90683292,70120121.99494284,73889410.54043785,77276020.01716292,73521280.40495545,72698904.38778043,68519838.21153048,67920903.75466032,63440573.83912033,60356038.81710284,64042987.68804288,70424360.9912855,69860351.52500036,66436657.07098545,65012800.72440549,66229688.99735029,64457610.15062785,77684570.12260535,67400840.21278283,70444783.60861284,72868645.50783782,67303260.34811291
2020-11-24,90682150.92341258,66123371.15968786,64385978.58869032,63298252.14391029,73286315.65887798,71238512.37012543,67243471.50533535,65335300.7763304,64833064.56411286,70881711.214733,61432835.700280264,75681348.8384655,70646187.23498283,65231358.77698529,77047483.92415789,77059035.4535529,69046961.84025037,55567515.962597914,71052080.04221545,75953400.03981787,69482101.40719284,71071598.21460295,70675396.76313533,71120336.4481279,66383263.28410533,64917278.93186532,84051533.6937779,64552025.00464538,68492678.61475548,72811113.89833291,70554224.70594284,74070886.14993784,76749829.07466291,73255466.52995545,72973269.73528042,68751822.42653048,68198134.04216032,63686399.48162033,60128462.81760284,64367498.84054288,70553360.9912855,70180416.37000036,66601420.45048545,65340441.62140549,66309479.198350295,64478091.162627846,77391781.92010535,67411825.32778284,70740503.92661284,72551731.71233782,67933120.12411292
2020-11-25,90034150.92341258,65152954.44918787,63717598.47119032,62971415.580910295,72553432.04837798,70366042.91212544,66906285.895835355,64759752.88133039,64379460.06161286,70090450.259233,61366848.67728026,75751087.1809655,69975743.97998284,64640052.29448529,76502834.94915788,76307582.9325529,68231970.01625037,55361969.59759791,70985149.39071545,75548193.53181787,69666978.28569284,70761705.21210295,70053170.75113533,70849550.82112789,65886026.42160533,64516337.878365315,83568492.5122779,64120225.42564538,68293569.50925547,72341442.02333291,69827040.75794284,73427545.18993784,75988590.4776629,73235786.62995544,72601345.33278042,68142616.36153048,68328331.84516032,63583483.39712033,59564252.64710285,64167371.90904288,70038360.9912855,69915237.57350037,66849901.91048545,65126144.932405494,65485951.0078503,64140483.35762785,76996690.99310535,66993478.51778284,70407152.92211284,72631950.92633781,67327138.04961292
2020-11-26,90863502.51091258,65352578.95768787,64298333.44619032,63378587.3549103,72989710.44387798,70803029.62112543,67300274.88533536,64854148.48633039,64767074.84611286,70575275.026733,61333078.56478026,75785875.9052755,70218744.77398284,64927236.754485294,77701461.46815787,76278295.5860529,68328337.72225037,55646189.827597916,72013485.61021546,75985407.32231787,70057097.59969284,71157428.88660295,70070087.82963534,71266091.7811279,65829313.396605335,65285598.393365316,84114561.0352779,64245300.83764538,69189360.09925547,72396764.94533291,70172205.71044284,73769500.81493784,76162189.80366291,74378547.45995544,72859620.01178041,68300843.17703049,68354793.20816033,64427614.25312033,59916838.20410285,64894914.651042886,70599969.9962855,70238062.99850036,66932563.56248545,65403611.4899055,65661006.7323503,64391192.84062786,77255052.83160536,67489177.07028285,70857978.01061285,72385734.44983782,67613132.08961292
2020-11-27,91571640.88791259,65551784.302187875,64675312.033690326,63405427.8614103,73615265.88537799,71134207.73962544,68136716.01133536,65129689.50283039,65190829.80611286,71142478.191733,61553094.740780264,76079486.3187755,70652831.04498285,65413901.4799853,77854900.76665789,76399340.2940529,68704626.88325039,55923512.13809791,72250323.32421546,76191800.37831788,70159067.96019284,71648211.31010295,70354382.70213534,71560307.2336279,66238542.49410534,65960626.43236532,84804937.5887779,64620911.746645376,69478485.91175547,72531316.40683292,69955393.78294285,74067612.40593785,76500163.72116292,74602407.52595544,72986560.38178042,68676061.69903049,68774728.12366033,64351704.15062033,60122637.80560285,64994658.140042886,70912480.50128551,70460124.50750037,67195236.55348545,65430002.8539055,66225746.46585031,64738955.35162786,77995485.85860536,67902535.93728285,71350042.65161285,72453074.81933782,67627962.22811292
2020-11-30,90502640.88791259,65191524.65968788,63812494.85419033,63074886.5759103,72853061.69087799,70260530.05262545,67436512.68233535,64510471.98283039,64559805.31361286,70392478.191733,61155318.16428026,75112326.3967755,69587759.08648285,64825144.0794853,76894212.45015788,75327700.70705289,68047005.31125039,55200226.28309791,71508827.57171546,75272301.09631787,69353702.09969284,70833158.94210295,69951008.98963535,70956551.92862791,65593393.68110534,65563391.96836532,84149745.4622779,63817840.963645376,68630575.77175549,71960006.11633292,69477194.09344284,73620663.90593785,75837289.64766291,73711226.76195544,72610053.45178042,68064942.7415305,68017024.16766033,63469592.89312033,59327985.15210286,64611398.117042884,70183385.8502855,69639415.48450036,66414020.083485454,64560896.4569055,65611224.0658503,64503016.11412786,77529240.40960535,66870938.71178284,70277752.87711284,71951206.37883782,66910146.65911292
2020-12-01,90783640.88791259,65363397.23718788,63808218.82269032,63255802.5724103,72985479.92987798,70038433.68562543,67953977.35083535,64882856.021830395,64856540.49011286,70816478.191733,61245293.04278026,75467123.8912755,70175477.77548285,65455098.77233529,77118703.50265789,75388436.3978654,68168706.45125037,55780093.44909792,71790062.89821546,75967794.49881788,69544004.14019284,71285646.82060295,70136607.88413534,71382052.1961279,66012512.03860534,66054989.33586532,84267538.35877791,63872897.69564538,69003415.49975547,72340200.21783292,69659874.82844286,73873668.52443786,75851670.91366291,74147376.00895545,72720415.09878042,68659686.36153048,68059882.78516033,63692001.286620334,59433272.63510285,64841943.468392886,70414002.12378551,70030830.00250036,66186813.802335456,65059190.305905506,66221654.125850305,64657099.09112786,77688988.78410536,67140888.35978284,70518599.02211285,72726285.81233782,67599550.37111293
2020-12-02,91160851.64441258,65624681.53968787,63734412.60219033,63295691.9949103,73114082.144878,69805702.50112544,67816042.29033536,65177113.7358304,64938652.58511287,70779359.39923298,61901850.91928026,75014166.8102755,70326260.86298284,65689316.013335295,76755687.25265789,75349068.60586539,68370414.00975038,55830109.702597916,71579739.06571546,75637357.67181788,69630462.49969284,71188530.91110297,70023768.28613535,71774362.2356279,66121193.37610534,66269466.08586532,84598073.99827792,63962386.94414538,69063101.83275548,72558027.57833293,69413215.57744285,73756147.06693785,75671796.2786629,74073421.93745545,73001713.20128042,68633720.2585305,68033623.83366033,63561527.287620336,59614239.11110285,64957697.710392885,70630968.30628552,69535865.48750035,66981631.36883546,65003088.364405505,65873945.18685031,64493272.49662785,77738185.19810537,67127645.26828285,70488993.22011285,73132625.35933782,67548483.44111292
2020-12-03,93183851.64441258,66193330.40368787,64039736.69669033,63801044.091410294,74141598.945878,70267011.97012544,69233609.75833537,65974144.37383039,66417062.54111286,71176914.24273299,62913211.93378026,75859433.04927549,71835105.61698285,66278249.0628353,77594715.07715788,75840502.7763654,69771096.4347504,56808419.21509792,72233394.53321546,76677214.99531788,69983087.69969285,71900381.61410296,71211916.98613535,72229205.68862791,67315634.50010534,66798362.34886532,85979087.56877792,64787324.25014538,69845608.67875548,73081125.47233292,70183455.59744287,75209940.05943786,76527151.12066291,75310988.78095545,73698869.75128043,69347950.60853049,69146197.06066033,64532261.56112033,60218520.82110284,65491129.59739289,72146569.61628552,69850438.69450036,67940618.04633546,65838242.43140551,67009650.189850315,65156499.575627856,79278862.19260536,67748624.88728285,70866185.96161285,73637532.26383781,68313634.33261293
2020-12-04,94380851.64441258,66484623.84418787,63875368.73919033,64245132.99091029,74630552.187378,70287666.83712544,70104666.52033536,66620132.45983039,66651868.83111286,71682994.229233,63242526.024280265,76436303.3757755,72318858.83798285,66661686.4378353,78782872.86715789,76304347.5833654,69981345.41975039,57241945.38759792,72521652.63521546,77012199.78681788,70439721.50869285,72520648.31110296,71701013.43463536,72742757.29362792,67551873.88010535,67098768.78786532,86720611.20727791,65004669.24864539,70803325.11425547,73013996.56333293,70219106.36844286,75959280.34693787,77014379.2126629,76417130.44845545,74030424.94528043,70047729.36903049,69675917.42566033,65277969.82662033,60338263.85710284,66041539.92539289,72936982.57378551,70876251.32750036,68088838.66083546,66026349.61340551,67133909.03285033,65175340.03612786,80087368.00360535,68040342.28428285,71446675.53811285,73762480.10833782,68124270.17811292
2020-12-07,95733851.64441258,66975574.16668788,64533771.86269034,64727147.8354103,75272777.638878,71111754.16512544,71375445.34883536,67137113.4728304,67353019.91261287,72754972.07023299,63791969.74128026,76960835.84527549,73015846.54598285,67362355.7168353,79488113.01315789,77260981.1753654,70772278.10875039,57772992.93259792,73428863.79321545,78164925.17181788,70975906.08969285,73118179.80110297,72171254.56213535,73504788.45812792,68620320.97160535,67888868.95986532,87739889.3752779,65863058.129645385,71587789.44325547,73547944.51933293,71480993.87994286,76911453.96893786,77981729.20516291,77210812.31395546,74941697.29078043,70973682.6510305,70659567.02166033,66108806.93362033,60902064.30510285,66718185.52189288,73844455.37178552,71425298.86350036,68712480.70433547,66877841.99290551,68220932.33885032,65909063.08612786,81221622.72660536,68798236.67128284,72206725.75111285,74310719.06433782,68980824.83511293
2020-12-08,96266851.64441258,67654245.57918788,65255723.84819034,64832240.6339103,76342169.522378,71356046.71762544,71999040.24383536,67450607.4783304,67981772.11511287,72812395.641233,64058146.31578026,77267097.7037755,73614641.68698286,67749060.4313353,79937975.9341579,77686698.3583654,71723704.9882504,58011368.489597924,73732837.61621547,78446907.99281788,71302281.34219284,73430168.45460296,72525149.79313536,73929813.71862791,68862982.27560535,67926643.91186532,87907662.09577791,66176880.44714539,71697911.79925548,73785553.06683293,71754715.53644286,76976296.33893786,78244643.18816292,77389832.65445545,75363217.21478042,71245500.2875305,71205779.67416033,66233249.03862034,60971391.52310285,66927878.06939289,74373608.63778552,71686378.05000037,69106772.97683547,66640486.601405516,68296337.07935032,66744669.049627855,81674465.16360536,69993079.28328285,72763493.69161284,74559643.26183783,69180070.09311293
2020-12-09,96627608.19191259,67961073.00918788,65392414.31619035,65430129.213410296,76620326.447378,71430897.53962545,72617520.42383537,67779942.6548304,68113019.90711288,73121174.711733,64196324.943280265,77272637.14427549,73655887.39498284,68454655.69633532,79776770.42415789,77822393.3583654,71953588.2922504,58392289.137597926,74147968.45121548,78689724.24731788,71419879.84969285,73497851.07810296,72857316.55463535,73861068.68462792,69482088.48160535,68016934.00386533,88208146.6762779,66526793.616645396,72156638.89975548,74002550.22533293,72083595.88894287,77143122.40793785,78387348.64116292,77502273.52595545,75888674.93628043,71485838.54853049,71486084.12466033,66957496.78912033,61221686.28110285,67229561.47489288,74854553.61728552,72053549.57150038,69700493.57133546,67254476.86340553,68576728.00485033,66926773.11862786,81545082.97010535,70341236.07278284,73082422.65261285,74816550.81683782,70000114.67861293
2020-12-10,95023765.24191259,66637601.52618788,64283798.95269035,64623818.9534103,75709147.802378,70515310.91812545,71247526.16133536,66457844.8738304,67234311.47311288,71759065.059733,63024206.494780265,76286219.10727549,73061713.67798285,67365332.3688353,78960228.38787039,76276677.0013654,70571795.7982504,57109060.55109793,73697743.91371548,77416478.85081789,70440959.31640536,72277776.20331547,71725629.11413535,72301790.87012795,68233050.40860535,66603508.713865325,87172140.62027791,65286833.983145386,71322146.63825548,73053267.23683293,70565125.64944287,75985471.04293786,77569469.38116291,76142630.36695546,74963121.89578043,70559979.3035305,70197169.74966034,65882163.57412033,60157268.702102855,66616300.05189289,73515447.40328552,71125650.13950038,68740309.18083547,66227413.62390552,66818460.22585033,66124950.83312786,80701913.12510537,69548263.10778284,71877093.78361285,73402750.86133783,68823679.89311293
2020-12-11,96235765.24191259,67042773.39290789,64686600.26619035,65611182.6634103,76645886.424878,71278002.66827546,72084873.42383537,67072525.2090504,68231788.76061288,72622721.954733,63704060.840280265,77705846.2137755,74373479.41898286,68339749.77783531,79702371.46337038,77329867.8133779,71670229.9212504,57887455.982097924,74608413.73671548,78372801.90381789,71292133.14190535,72949598.84931546,72560941.15263535,73897497.49977794,69203363.74460535,67464979.42458533,87829111.31577791,66045402.19064539,71977483.23775548,73568215.41333294,71768895.85194287,77052269.63443786,78161647.74516292,77013242.92795546,75775521.98778044,71636789.13503051,71124772.88616034,66459274.088840336,61041986.95060286,67184068.7713929,74353697.13328552,72034785.39950037,69613798.10383546,67034362.83390552,67611178.54636283,66636294.95762787,81681077.65810537,70268597.68278286,72786906.13461286,74396528.65833782,69519107.46661294
2020-12-14,97969765.24191259,67934733.91640788,65383302.81819035,66842800.7154103,77779229.186378,72106227.18227546,73248873.42383537,68461993.59605041,69526767.66511288,74140551.141233,64593810.42078027,79046785.9012755,75366193.19198287,70060380.30683531,80823441.36087038,78445205.3783779,72953471.46775042,59252545.87509793,75849520.11921547,79888314.54081789,72161903.84990536,73773838.07431547,73656860.61363536,75146138.06327794,70649713.89460535,68681206.03708532,88947741.22777791,67129164.1821454,72954750.39675549,74475889.14833295,73213068.11644286,78400288.85243785,78778618.13716292,78055244.65045546,77008632.30528043,72885722.9575305,72632787.81366034,68092922.65934034,62252597.799602866,68070734.0863929,75690934.71778552,73284765.80100037,70718958.32183547,68244495.51640552,69007813.74336283,67312545.34662786,82985855.08560537,71080653.46678285,73985989.60011286,75329345.48333782,70773542.76411293
2020-12-15,98131765.24191259,67899508.59790789,65376149.261190355,67292781.4609103,77423786.320878,72096034.26477545,73294873.42383537,68647872.10755041,69217237.96261288,74571208.320233,64773947.44428027,79064896.0092755,75419738.03898287,70120250.28583531,80805806.19787037,78838590.3873779,72717160.22975042,59487594.66309793,75758778.20821548,80282641.33481789,72206837.28140536,73659758.15681547,74097774.66863535,74986154.50677794,70836822.39460535,68466272.93658534,89033962.24127792,67025300.97814539,72835127.22625548,74276344.51583295,73210054.68044287,78502873.40943787,78951877.55916291,78496505.26645547,77344844.90128043,72969178.2905305,72788396.53366034,68112935.16784035,61989867.747602865,68318421.64689289,76146973.24378553,73863877.51700038,72044350.97833547,68711316.62940551,69406035.95486283,67039910.01512787,83164583.43660536,71209579.59178285,73958611.82961285,74920073.37133783,70882850.49811293
2020-12-16,98812765.24191259,69027638.49540788,66207461.12819035,67547596.17191032,77738390.849378,73010686.97527546,73772873.42383537,69043835.01005042,69828268.77061288,75189952.93123299,65248791.74178027,79405278.02927549,75842753.59898287,71128626.55783531,81011111.53087038,79539077.5638779,72939279.66325042,60060544.03009793,77253398.93121548,80987758.51581788,73196328.90240535,74545301.15581547,74625688.96713535,76437495.68727794,71581806.89110535,68503154.48108535,90632848.82177791,67440300.6361454,73001815.48025548,74571749.70633295,73909366.96294287,79327326.45943786,79373949.07766293,79260128.40495546,78059206.68778044,73453216.2030305,73379887.68916033,68599346.63284035,63283417.46360287,69160609.3998929,77316940.14228553,74185572.32100037,72952808.46433547,69531016.17940551,70223467.98486283,67857245.11912787,83330507.94960538,71688162.10728286,74184598.19411287,75843449.19183783,72011713.55211294
2020-12-17,99058765.24191259,68707779.3689079,65703077.14569035,67748459.80891031,78005558.373878,72418672.29227546,73886873.42383537,69198027.36555041,69414019.40461288,74989058.317233,65091652.07778028,78994312.2077755,75688769.95798288,71164801.62433532,80880590.63487038,78865279.6628779,72947139.94825041,59978712.839597926,76945018.35321549,80876599.64381789,73246692.97490536,74028761.00981547,74380143.58063535,76004518.68377796,71274311.64610536,68190851.09208535,89936627.47427791,67329558.2341454,72636783.97475548,74309399.50383295,73731578.17844287,79146214.64343786,79432873.37316293,78815532.57845548,78106329.21778044,73222538.7545305,73503716.79316033,68576499.25684035,63426747.65110287,69099789.1968929,77147838.43628553,74065307.57200038,73297612.10033546,69710427.4844055,69887292.15536284,67042138.99462787,83162695.60610537,71115244.38628286,74315504.94461286,75893825.65083782,71936849.23211293
2020-12-18,101250765.24191259,69840768.00140789,66854722.478190355,68248534.05641031,79339541.88187802,74047586.35727546,75393873.42383537,70881095.12805042,70406482.48661289,76301263.116233,66081736.84378028,80116947.9297755,76201011.43098289,73098230.23083532,81570322.6198704,79936610.0638779,74422161.37325042,61274669.103597924,78535143.27971548,82397578.94381788,74147659.66690536,74980937.51231548,75730669.32063535,76900428.57627794,73002881.00360537,69291607.86308534,91167872.03877792,68429014.7841454,73535282.07525548,75029705.62683296,74843205.51894286,81295711.29593787,81006264.55566293,80262762.40045547,79973218.31128044,74472997.5850305,75222182.71316034,70336953.62684034,64359507.73310287,70163743.2393929,78393458.42128554,75374062.40550038,75336479.80233547,71359940.8319055,71592051.02586284,67655543.86262788,84881895.09010537,72207074.82328287,75772196.32411286,77186605.70033783,73645576.63361293
2020-12-21,103037765.24191259,70593500.47390789,67772067.12219036,69417718.36691031,79941168.21937801,75370928.18977547,76552873.42383537,72710385.59705043,71575376.67661287,77690725.238733,67090203.883280285,81038961.4067755,76889630.49598289,74532249.25333531,82243215.83137038,81511983.0903779,75697161.37325042,62727133.49559793,80773358.05671547,83945654.05681789,75210264.97590537,76413459.59231548,76693378.11463535,77860593.96027794,74310210.40210536,70195673.18358535,92492634.69727793,69012440.9441454,74946494.70975548,75785899.57283297,76207144.16144288,82916481.20343786,82314449.38816293,81685705.17395547,81707987.04128045,75875574.8450305,76865512.99916033,71706506.90034035,65496186.66660287,71304801.3133929,79813877.23278552,76978526.50650038,77183885.69633546,72577397.3829055,72368473.26736285,68978404.66612788,86300399.37060538,73038421.99828286,77648738.95561287,78720773.30933782,74755708.12011293
2020-12-22,105578301.17191258,72102534.23290789,69183595.61569037,71442746.0129103,81273204.392378,77613162.74327546,78273102.16783537,75001855.84405042,73086585.12461287,79512977.647733,69028877.54128028,83094933.9597755,77783576.1894829,76982432.13783532,83211090.80187039,82287425.5608779,77464330.68125042,64199441.25609793,83658037.02571549,85495160.84281789,77281083.87390538,78439097.52581549,78361513.71463536,80568661.73827794,76505015.43310536,71784531.19708535,94152818.06527793,70515673.1876454,76442102.95825548,76477002.94683297,77862053.74694286,85193202.67893787,84077250.27366292,83375038.13095547,84881027.37778045,78049291.2450305,78764568.70116034,73929356.76134035,66670372.80160287,71926334.1618929,82274847.55128554,78459439.50900038,78726770.64533547,75002654.4554055,73904762.89036284,70632590.95412788,89061583.94810537,74261583.73178287,79787034.61811286,80641789.91533783,76404462.91411293
2020-12-23,103545301.17191258,71356893.5314079,68956333.30319037,70192095.98641032,80874121.318378,77851936.27127546,76903102.16783537,74069879.21705043,71729621.26461288,77637486.36573301,68350199.39278029,83256498.39377551,78014365.0189829,76396518.8938353,83305857.62387039,82156234.5503779,76334431.32425043,62770408.42609793,82592298.64521548,84086940.95181789,77123427.27640536,77323521.53881548,78065697.42463537,79864668.33677796,75438552.74610536,71426789.53758535,92946192.60927793,70121520.7981454,75320237.92125548,76059730.76983297,76378156.11444287,84046138.14743787,83037759.87116292,82563118.41195548,83830894.39728045,77108059.18353051,77237792.69616035,72723829.18584034,65890619.12260287,71069884.5253929,81430245.40128553,77040383.41900037,76796893.49033546,73975929.8394055,72716258.51236285,70214901.33912787,87650910.82960537,74251668.73978287,78623983.61561286,79707163.86133784,75345060.77211294
2020-12-24,101439678.6653626,70361340.3459079,67543877.19919036,68683936.88432533,79203404.93650301,76520220.68227547,75372404.16259536,72540139.93705043,70945195.76111288,76788309.22823301,67942330.04028028,82205432.39627552,77591861.4344829,75129963.2063353,82358862.59237039,81236160.01287791,75456424.19925043,61955010.57859793,80389124.03634049,82491386.65731789,75799071.27240537,76684941.09933299,77377401.74513537,79409610.78127795,73808744.65610537,70216629.18758535,91027791.36477792,69712640.1086454,74211923.30677299,75119811.29233298,75204148.98944287,82942667.92743787,81559788.07566293,81334124.11095549,82294475.74778044,75813301.45853052,75594675.00278534,71241427.79184034,64973086.017602876,70460254.2443929,80212818.44628553,76083573.33900037,75889607.79023547,73119997.6254055,71328119.10936286,69093580.91114289,85792179.61260536,73355830.01478288,77623766.64061287,78597622.37133783,74123510.33161293
2020-12-25,103325678.6653626,71595310.5869079,68889221.54969037,70448550.61782531,80158479.13900301,78338956.36277547,76620404.16259536,73991268.60205042,71859436.36161289,79285612.43073301,68496964.62778029,84620706.0397755,79104005.4729829,76872446.45933533,84071481.9233704,83566103.97837791,76613992.94425042,63167177.693597935,82683481.40884049,84256769.1848179,77247064.80990537,78392314.27583298,78635519.21413536,80764311.64977795,75478483.93660536,71277945.50508535,92769598.71877792,70521059.1191454,75347254.61727299,76158959.43033297,76604537.65194286,84484894.27993786,83916088.85166293,82552453.41095549,84996430.27778044,77239702.55603051,77079675.00278534,72979851.36534035,66310318.82060287,71508054.38339292,81674734.94628553,78067820.69200037,77474863.03623548,74550857.2879055,72177208.63636285,70452682.76764289,86860723.64760537,74356540.98378287,79151766.64061287,80532202.30383784,75797751.95861293
2020-12-28,104466988.2603626,72333458.6644079,69155995.16169037,71139415.29732531,80692823.834003,79275629.84427547,77259694.74259537,74697092.77955043,72411347.1111129,80182593.93823302,68896224.0162803,85984959.7842755,81282414.4549829,78300402.19983533,84814289.7818704,84655796.8928779,77408559.88925043,64138568.23259793,84354293.7498405,85229801.2648179,78577874.63640536,79380207.03733298,79680638.42413536,81175720.65327795,76778996.63560537,71924080.41008535,94134037.44227792,71342509.5381454,75987738.72627299,77107241.11183298,77817706.95994286,85247136.83293787,85178416.32966293,83322025.92545548,86031722.92528045,77976694.4430305,77937675.00278534,73966456.87184036,67027069.41710287,72211168.96739292,82469901.05128554,79344967.74200037,77766558.16673547,75231685.6429055,72772242.13786286,71773918.60064287,87963992.25410537,75725669.31628287,79886926.54261288,81399418.61533783,76736725.93511294
2020-12-29,104854988.2603626,72968447.8644079,69731444.43269037,71437301.40632533,81366575.38500302,78787071.17377548,78163484.92109537,75497850.55705044,72904669.6536129,80826239.47823301,69207504.39628029,85247980.35427551,81592626.4484829,78972041.90183532,84974028.4698704,84384046.39037791,77785873.68425043,64669451.972597934,84531056.01084049,85037015.0563179,78968027.43990538,79447403.34933299,80649362.32063536,81960084.48677795,76747800.11960536,72306943.30558535,94097585.92977792,72736367.3756454,76374450.06877299,77660100.95183298,78323946.30994287,85507224.29293786,84647478.62016293,83635566.3064555,87086471.08328044,78160747.88803051,78239914.35278535,74260529.76384035,67291643.62410288,73171309.81839292,82975836.51978554,79133623.06950037,78142252.31273548,75446181.9034055,73213051.59286286,72200817.84564288,88348704.55410537,76414241.27128287,80285240.33761287,80630660.80383784,76975218.65511294
2020-12-30,103363988.2603626,72067351.18690789,69097875.74369037,70449570.01432532,80297158.04850301,77199456.63527548,77160237.23659536,74332540.41905043,71927334.1211129,79993622.65373302,68859839.45028028,84068971.5322755,81168814.6669829,77930036.27433532,84190188.6223704,84060503.3858779,76757490.46675043,63796725.465597935,83190065.84634049,83931343.5168179,78254923.74840537,78629511.92583299,79869940.82663536,81044209.45477794,75361634.44960536,71896021.71808535,92911048.18327792,72277679.9716454,75620601.712773,77045814.98233297,77571350.91844288,84050147.00143786,83634116.64366293,82976734.55895549,86110128.99128045,76866962.09953052,77279954.18278535,73137122.80734035,66891375.24310287,72724937.60989292,81756446.45378554,78375623.06950037,77035233.80473548,74107317.57390551,72320983.87036286,71800287.36414288,87144039.27860537,75204375.29028288,79199570.33711287,79645486.87733784,75950271.44311294
2020-12-31,105723988.2603626,72941854.4119079,69468443.67669037,71689053.11782533,81518730.38050301,78626269.08327548,78502156.80009538,75380548.41505043,73251530.71211289,81719429.68873301,70140433.1667803,86268912.0037755,82203243.52748291,79381550.75433531,85168514.36837041,85474622.31287791,78017909.68775043,64861918.84659794,84316322.1588405,85554576.2818179,79836668.90090537,79812809.39783297,81694388.34863536,82354931.80427796,76428727.62860537,72996994.88658535,94396278.01827791,73643877.3276454,76734706.265773,77903051.30820048,79232430.52694286,85884126.31943786,85222545.33866292,84630245.67695549,87871556.67878045,78975788.07203051,78658938.53128535,74779665.72134034,67613515.92410287,74188384.35989292,83584155.87128553,80089560.83650038,78188988.01273549,75166305.34040551,73429004.20386286,72758272.45364287,88872578.63860539,76446808.03328288,80419056.40611288,81730618.09333783,76979383.49511294
