,strat,r0,r1,r2,r3,r4,r5,r6,r7,r8,r9,r10,r11,r12,r13,r14,r15,r16,r17,r18,r19,r20,r21,r22,r23,r24,r25,r26,r27,r28,r29,r30,r31,r32,r33,r34,r35,r36,r37,r38,r39,r40,r41,r42,r43,r44,r45,r46,r47,r48,r49
2021-01-04,100000000.0,100000000.0,100000000.0,100000000.0,100000000.0,100000000.0,100000000.0,100000000.0,100000000.0,100000000.0,100000000.0,100000000.0,100000000.0,100000000.0,100000000.0,100000000.0,100000000.0,100000000.0,100000000.0,100000000.0,100000000.0,100000000.0,100000000.0,100000000.0,100000000.0,100000000.0,100000000.0,100000000.0,100000000.0,100000000.0,100000000.0,100000000.0,100000000.0,100000000.0,100000000.0,100000000.0,100000000.0,100000000.0,100000000.0,100000000.0,100000000.0,100000000.0,100000000.0,100000000.0,100000000.0,100000000.0,100000000.0,100000000.0,100000000.0,100000000.0,100000000.0
2021-01-05,99955128.702,100483073.069,100563505.22850001,100754380.1535,100305762.67999999,100090661.023,100328703.244,100219308.60700001,100134373.24899998,99983501.52700001,100699438.1865,100242335.12650001,100135824.516,100034379.95050001,100683436.488,100178338.228,100253631.60500002,100563630.202,100224413.273,100667816.0145,100388990.31650001,100765145.0125,100786129.90200001,100017730.262,100188923.579,100088742.76950002,101252191.941,100263057.9585,100469575.8705,100696246.27250001,100325899.164,100109691.93650001,100617379.5535,100737950.4955,100716811.61150001,100572779.19350001,100471295.804,100104493.118,100566763.48300001,100299370.646,100676614.0945,100126944.19100001,100197382.452,100247050.45400001,100073761.97850001,100725064.36450002,100352356.44,100382290.09950002,100221055.35550001,100155224.959,100304542.04949999
2021-01-06,99483868.361,100224975.1315,100109080.39750001,100284307.231,100573280.31449999,99545100.61250001,100118700.465,99985712.27100001,100837555.78399998,99925724.58450001,101214700.1695,100482215.58000001,100484338.9475,99753185.35900001,99852327.54750001,100493443.21650001,99405840.35500002,99840716.97850001,99731629.823,100397956.72550002,99499141.63350001,100797977.033,101152537.26750001,99967210.171,100096025.9645,99907195.06050003,101509649.041,99544222.38299999,100651981.7405,100717704.5725,100024180.2545,99915038.76750001,100658509.4555,100273912.2985,100175796.42650002,100729376.27600002,100157851.76400001,100119899.48650001,100636056.97950001,100286593.602,100233121.62150002,99295061.687,99710923.90150002,99877867.567,99499052.678,100280767.21150002,99978227.386,100579650.94250003,99493812.63550001,99897523.16300002,99718505.15399998
2021-01-07,100577868.361,100500266.91,100450450.41100001,102100459.215,102313607.95749998,100656439.49500002,101480326.9615,101731022.90900001,102358810.82049999,101373494.05250001,102287826.71200001,101426225.29050002,101090149.8215,101248874.268,100563020.79100001,101115531.41600001,100711102.67450002,100691412.61400002,100513522.4385,101718311.96900001,100187064.956,101485620.61050002,101584860.84700002,100609399.18149999,101635758.6515,100115829.05100001,103321211.37149999,101633097.27899998,101578839.716,101770390.45499998,101154633.2245,100538580.71550003,102006420.77200001,102771979.511,101447648.13100001,101770956.81450002,100601158.25250003,101147050.53550002,102152826.56300001,101347134.127,101938752.46650001,100118125.23350002,100955698.9395,101079298.34650002,100918681.63550001,100881244.13900003,101153513.65100001,100862015.41000003,100546726.20450002,100478450.07000001,100698417.14449999
2021-01-08,100774923.40300001,100639825.927,99800092.09200004,102785781.193,102110665.088,101326470.63950002,102118621.04100001,103111482.57450001,102243904.47999999,101435582.7645,102454288.978,101509294.68400002,101483028.613,101776296.465,100400260.76050001,101424896.655,101424801.14750004,101051208.70450003,102715413.45199999,102432910.60200001,100737924.6355,102632600.57800002,101700652.64150003,101085028.274,102843602.404,100238913.708,103369434.574,103129672.83599998,102015789.23,101764445.13099998,101381925.91300002,100366990.66950002,102891829.7805,103017471.026,101442795.61050002,102567169.76450002,100910974.50950003,101238212.3935,102266748.76650001,102064320.47549999,102019688.56150001,100870699.52650002,101537495.944,101894371.06750003,101334482.07850002,100828079.22400004,101242489.3495,101499683.07450002,101144514.42750001,100106961.20200002,100995062.684
2021-01-11,100519923.40300001,100676306.1315,100342313.24200004,103732956.893,101670603.491,102812999.49800003,102707417.0865,104332923.68750001,101718046.2755,102244838.46100001,102995734.802,102682502.91900003,101174078.391,102265003.617,101649252.5585,102087462.921,101737475.02650003,101279970.41550004,104305148.5765,103049243.73900001,101656273.5375,102585298.95850001,102198219.68900003,101297783.62300001,104635150.648,100548208.95150001,103864262.58049999,104124459.89149998,103272896.05200002,102282583.17299998,101827664.97450003,100697458.53000003,104137046.7535,102968251.926,102158476.96150002,103931822.98700002,101688000.59750001,102463087.18550001,103276737.14650002,103365349.6495,102510807.76650001,101373043.47500002,101439201.5735,102011293.09150001,101482218.69550002,100833172.27350003,101473249.634,101807701.38450003,102316749.87850001,100483059.95800003,101382045.4725
2021-01-12,102236923.40300001,101661141.213,100314133.27950004,104782823.2245,103712683.53549999,103515142.90250002,103924865.7385,105778867.31350002,102063137.33450001,102612313.25400001,104165957.1155,103465286.83200003,101323939.25350001,103270952.303,104017231.26300001,103300773.69150001,101970183.11300002,102446604.29550004,106089999.61,104415803.392,102044687.99700001,103531719.31050003,103277291.69500002,102586278.51950002,105564221.45300001,101870377.60700001,104307826.329,105433883.07099998,104202246.98750001,102750895.09399998,101957080.34100002,101223312.71700002,104912418.63700001,104852109.7035,103905266.19450003,104481708.86200002,101550741.55150001,103256713.46000001,103652622.45650002,105011017.013,104192500.59300001,102182833.88550003,102743503.73250002,102439376.20350003,101854049.93050002,101968261.89750004,103628710.86500001,102942348.45850003,102844645.359,100864624.59500003,101009626.77599998
2021-01-13,102800923.40300001,101373380.11800002,99193259.25400004,105022390.6875,103166784.2135,102815095.78750002,103663045.30150001,104985747.64800002,101773569.03000002,102288903.53350002,103180718.727,103790509.73650002,101699530.50850002,102129789.42050001,103676945.3365,102815729.056,101392675.61050002,102973988.08050004,106272665.571,104205291.236,100884025.2745,103114528.58750002,102350869.62350002,102771061.38950002,105217321.4435,102499320.319,102756812.40200001,105955904.65699998,103557174.52450001,101790774.76049998,101473461.47850002,101139787.27600002,104503633.826,104753356.3265,104306148.01400003,104449653.90700004,101153037.49000001,103564319.4605,102471096.03500003,104883311.758,103873614.083,102274204.24450003,101708580.71100001,102835061.18000004,101457885.78350002,101760749.74800004,104130065.48700002,102846428.16800003,102774657.0705,100335537.63700001,100990630.98249996
2021-01-14,104513923.40300001,102146429.45750003,100019214.02650005,106135999.8705,103793394.37249999,103783645.50500003,104652681.623,105571137.81100002,103072928.06350002,102330268.84550002,104195089.2965,104169167.08050002,103870600.08350003,103524468.49150002,104563465.65900001,103037092.61900002,101682117.88250002,105050527.48050004,107744467.81549999,104942140.2615,101789719.38299999,104370692.54200003,102963502.94850002,103320287.12700002,107614392.343,103167893.74950002,104037123.44000003,107319449.63399999,104285072.2495,103461947.0375,102888642.00100002,102308245.72100003,104736141.70000002,106798569.44500002,105499300.50750002,105660582.64200005,101856273.11800002,104733061.72700001,103327824.64750004,106423822.77650002,105225619.07500002,103284235.20400003,101863555.22450002,103959823.04600003,102762438.30150002,103563485.24750003,106450913.50000001,104224286.39800003,102886065.5085,101118603.157,101557005.41199997
2021-01-15,105300923.40300001,103207724.11600003,101436855.60200004,106961440.3505,104446433.1485,104519278.86700003,105744065.82950002,106270377.05700001,103646319.21050002,102736204.48450002,104819879.9395,104187668.23300001,105164351.87500003,105245752.97750002,105362876.616,103619481.57000002,101905985.59650002,106211772.03650004,108868239.132,104969949.44299999,102059116.475,105094221.66700003,103628487.69400002,104023081.18600003,109662094.952,103339520.92150001,104641775.54700002,108250236.32399999,105519689.42050001,104415532.22049999,103668325.99550003,102433159.60250004,105889358.02950002,107801927.1615,107524843.35750003,106130121.90100005,102371021.5505,106004221.72650002,104404199.72800003,107911758.547,106993274.48900001,104259636.84200002,102427639.36650002,104539398.33100003,103784096.05250001,104755315.38750005,106707492.8675,105695059.85900004,103843084.72799999,102547272.66300002,102178653.93299997
2021-01-18,106837608.22300002,104130432.94150002,102411842.02300003,108515947.1505,104933012.42350002,105236910.80700004,106981342.91050003,107007765.13100001,103579835.24550003,104095450.54950002,106380326.47800002,103832650.13900003,106622892.90000002,105695952.82500002,105568125.0025,103807595.99900001,102040176.35300002,108478593.43650004,109454039.069,105302320.88799998,103402775.30549999,104852538.78900003,103595020.33450003,105115571.70250005,110457342.29550001,104788059.51750001,104364343.29600003,109410425.8775,105862085.24550003,103916465.6365,104724242.47050002,102207880.60400003,106033004.78200004,108902071.74200001,108123411.98550004,108359317.62400004,103523810.59850001,106451635.00200002,104440456.64450005,108403655.00100002,108939437.40300001,106203297.21500003,103221505.88250002,105326099.67900003,105009288.79050002,105352321.54150005,108598883.89350002,106731979.59900004,104238410.736,104268682.18450002,102165446.66699998
2021-01-19,103151608.22300002,98988954.81400003,98515290.88890505,106055818.2605,99206899.27450001,99753963.92057504,103597620.15050003,102594636.29300003,98966796.83500002,100245829.75100002,101820018.87700002,99689661.07400003,102814701.26100004,100720950.46650001,101381199.49800001,99088814.95800003,96755518.20140503,105202127.05600004,103709746.27800001,99296178.6,99412065.8635,98784197.59900004,97289372.24850002,101567479.76650004,105290181.19800001,100087010.604,98476591.72683004,105135633.2105,101079490.35558502,97614698.01563999,100931084.66550003,97287309.76700005,100695931.99608503,103844680.71100001,104174264.27250004,104108955.35183005,99476867.67307499,100620799.16850002,99567681.31350005,102777842.86100002,103517571.71408501,100870112.31250003,98421728.94464001,100971070.64700004,99350544.13600002,99854522.69500005,103043512.81150001,103185175.68650004,98700059.885,99499448.87100004,98996361.25599998
2021-01-20,101982390.08421502,97494484.97274503,98281109.98390505,105698818.2605,97398642.7242925,99098774.35257503,103402645.04630004,102161739.82950003,97327870.16707751,98692145.61280003,101596412.80061503,99139649.97600001,101879870.82000004,99497594.55950001,99943944.96423751,97759282.91417003,96319266.79090504,104826067.74250004,103274993.08509502,98539400.00488,97544478.237905,97383735.68409504,96214267.92349002,100987509.68500005,103637587.68274002,98960404.9277375,96715241.04821004,104643837.373575,100468657.63430503,96744048.71079,100103712.50050002,97337770.94550005,99163825.55250004,102867726.33507751,103278618.63049003,103602872.53550005,99229047.984075,99268720.46611503,98594993.10007507,101687258.63285752,103120520.37007502,99853369.99707504,96663383.34443751,99735182.09661254,98485338.96200003,99550945.97757505,102296850.84949002,102941626.54650006,97525099.05267501,98368182.27773254,98660677.024075
2021-01-21,104020175.56421502,100314717.63624503,100661619.01240504,107571818.2605,100279634.1857925,101271846.84407504,106285587.75280003,104794964.41250004,99228781.53307751,101079410.87780005,103432647.77961503,101422030.62100002,104406226.58300003,101516842.41700001,102870565.2007375,99568776.27217004,99609630.69290504,107244703.56250003,106967007.50759502,101109370.77737999,100178675.214405,99939250.18009503,99077384.23049003,104094338.91550004,107046902.56474002,102525240.70473751,99471616.75321004,107638789.587075,104220387.20880504,99603079.97529,102457531.41050003,99665974.18800005,101436796.79950003,106529634.9325775,105562784.27949004,106003143.89150006,101711201.418575,102321750.79461503,100751062.77957506,104569345.96085751,106868673.36357501,102905857.92507504,99123300.61393751,101971436.92761254,100690543.51450002,102162945.97757505,105567129.67049003,106014880.36150005,99231287.44917502,101729370.87773255,100606027.59107499
2021-01-22,104855175.56421502,100113897.81324503,100593659.53040504,108480818.2605,100365540.9152925,102183543.37907505,106050064.04080003,105735648.56800005,100041213.9105775,102864483.09630004,104578880.06911504,101971093.65600003,104880252.57300004,101243282.95350002,101812554.07273751,99497851.00117004,101501570.14240505,108047817.07700004,106616461.96059501,100639466.52487999,101784647.640405,99461855.17109503,98934070.32499003,104575686.55650005,108630252.68774001,102627271.72623752,99121162.90521005,107783551.407075,104636458.54130504,100472865.93329,102186360.51050004,98715123.39350004,102050054.95300004,107763112.98107752,105767866.22449005,106991267.41200005,102948120.54657501,102879938.57861502,100088249.39807507,104767770.02485752,108290730.162575,103718353.99607503,99443931.85243751,100786603.74911253,100191883.79450002,102901945.97757505,107238591.18199003,106066592.30150005,99394834.504175,100841789.15023255,100721641.239075
2021-01-25,106373175.56421502,100132940.77774504,100862882.06240505,109940818.2605,100841090.30679251,102928046.79757506,106778294.82030004,107389059.76500005,100402797.44857752,104237958.13830003,106392508.06011504,102841729.00000003,105784055.53550003,101401404.18350002,102168982.72023751,99990628.13067004,103919116.51990505,109557772.12700003,108570345.22909501,100269752.55838001,103656904.28290498,100518121.03609502,100691199.27049004,105682073.37850004,109927746.83524002,103714491.38973753,100398056.14271004,108369115.103075,106508150.07830505,100901045.93279001,102847030.69800004,98479639.10250005,102663987.49600005,109456064.29907753,106152215.56549004,108384358.63700005,104873762.48557502,104452966.55861503,99699705.22807506,104933812.46835753,109824774.04007502,105349090.31357503,100025330.37043752,100292943.61911252,100650642.05650002,104253803.95257506,108998567.64799002,106798212.15950006,100850652.191675,101691275.80673255,100264212.424575
2021-01-26,103419175.56421502,97160354.79044503,98473892.21210505,107576818.2605,98149748.8222925,100467302.28157505,104303583.23588505,103856769.92050004,97778633.47607751,103554145.73730004,103384305.42261505,100746275.53200004,102090901.16950004,98730752.39970002,99324651.08486253,98641509.04067004,102272185.42090504,106588888.97120003,105666649.62571502,96604308.718465,102661128.618905,98866626.94059503,98190408.79549003,102514580.53300005,106133039.19474003,99856479.72723752,96285872.95921004,104764622.680575,104266643.56880505,98502423.74429002,100142829.21550003,95813984.27900004,98368940.95350005,105198193.58907752,102948696.98269004,105918008.34457755,102988748.08557501,100752854.83220002,94884549.82007506,99903353.08285753,107664882.29057503,102901856.30707504,96558566.01943752,97256959.83431253,97647828.40812501,102328767.39965256,105706252.08649004,102798417.65700006,99362119.116675,98533751.04373255,97626712.87357503
2021-01-27,99856354.88587752,93494345.60278502,95522987.93268254,104662769.41672249,94738150.49476251,97260786.52726007,100941673.35329756,99873010.28359005,94061771.60821751,99604452.47880006,98151490.08543506,97309330.94472253,98550711.57106254,96442084.91036251,94998310.73655003,94802391.83310005,97045550.87044504,102632225.01013003,102961036.63171503,92373678.77759251,98636739.32390499,95854503.06725253,94716732.17942004,99393409.25543003,102361897.05565253,95988881.42366752,90828079.46570003,100633185.2263075,101499482.84612256,94654422.9554675,97524353.64880253,92733666.29523255,95094741.76141754,100317856.71357752,99906071.25712003,102384293.88357756,99146756.07910001,96773636.03832503,91395502.59524506,94746055.04002003,104061997.16230753,98962504.30822504,94325221.29607752,94581499.08706753,94970328.87646502,99453089.43419005,102496053.09076002,99405521.96516006,96643349.870145,94725377.50977755,93675148.11393502
2021-01-28,97683065.32987753,87872344.13078503,91611687.86018254,102355364.1917225,91315505.54176253,94009074.69376007,97255180.82029757,95900582.70259005,90613193.38271752,94199918.99580005,92483891.84593506,92350065.20072255,95423362.13456254,92915408.63336252,90991578.55155003,90002491.09160006,91321976.93444505,98750136.66413003,98366565.00321503,87566749.13809252,93357094.753405,91885956.60125253,91460829.15392004,95904621.64143004,99234046.76315254,92515777.86966753,86895243.89920005,96244161.2813075,95154489.33962256,90485432.8604675,95874863.67730254,89367573.79223254,92067650.95641755,94919259.67257753,96081609.50562003,97748362.67157754,95354377.27010003,91881948.08182502,88063237.28524506,90932098.02552003,98472677.78930753,94933653.38322505,92349019.78207752,90121811.32156754,92415531.98896503,95152952.46719006,99007596.14676002,96684951.99166006,92366867.681645,91306245.66727754,89812679.15443502
2021-01-29,97221562.12987752,88214525.45328504,91094845.21568254,104415633.2717225,93163160.84576252,94816691.37076005,98989538.07729757,95686236.76409005,91248812.21421753,96434590.49530005,91577761.67093506,92349587.95522255,96945099.79106253,92983688.71386252,91423622.54705003,91501651.57760006,90304860.74744505,99283260.92963001,98002208.70371504,88683677.18709251,93207415.13740501,92414105.10075253,93592701.43342003,98144787.99993004,99974577.63965252,93318525.95166752,87452957.30670005,96749477.99630749,96759961.07662255,90343245.1859675,96225498.57630253,89490637.18073255,92440482.26641755,94488892.12157753,96955761.10512003,97096194.14257754,96176168.32310003,92587115.30732504,87405220.55574507,92174170.11602002,99540888.04430753,96159814.57172504,94558252.49257752,90318938.33056754,92855135.59096503,94493847.54819006,99101464.47976002,97224750.73716006,93065873.89864501,92335995.39827755,91682538.36193503
2021-02-01,93884468.88187753,85561523.59978503,89664115.68568255,101241378.9147225,90288621.64026251,90936756.88726005,96214650.48629756,91459663.61709005,87442909.48671754,93048477.86330006,86634113.18711007,90486623.89072257,92950375.29406253,89799489.38586253,87624506.31605002,89817077.63460006,87602711.84994504,96073235.21263,94792113.61271505,86062795.39059252,89935174.091405,89807471.19875252,89038552.03592004,95332695.87943004,96785831.82515253,90274534.01566753,85659811.98670006,93919276.0533075,93708949.72062255,86026347.4074675,93922677.16330254,87045208.34123257,89285298.46641755,89388876.66857752,92920213.74162003,94004964.44457756,93243853.65225253,89389392.41032502,83394465.08624506,87355063.74152003,95268465.68630752,92122176.65237755,92201588.46357752,88020637.47856754,91559856.86996503,92208970.44969004,96825172.52626002,93892740.53216006,89750258.29214501,89536297.46127754,89419548.25943503
2021-02-02,95131341.22187753,85882456.79678503,89131200.35918255,102970997.5827225,91985231.9932625,91046686.35376006,98225570.68179758,94283120.97509006,87694805.45471755,93996399.63480006,87692470.98511007,92329015.83372256,94128127.07306254,90929706.99336253,87654467.02705005,89753505.13560006,88242778.65294504,98455434.91263002,96465900.55171506,87885194.6875925,91984398.098405,90283681.22975251,89125029.56792004,97520524.36843003,99545838.56170255,93114771.23866753,87847635.17620006,95594483.0618075,96227598.85962255,86844368.19546752,95639277.81480253,88010978.90523258,90839694.17345506,90803607.66957752,94780169.37162004,97153054.66207758,96094589.80575255,91294630.67782503,86102771.40528256,89707451.77902003,97206747.67380753,92912252.54637755,94097730.72157753,89973621.19506754,91831277.08746503,93900192.61519006,99570103.38976002,96229638.55616006,91940829.69564502,92118619.11827755,90663824.73343503
2021-02-03,96843751.25105253,88073285.72878502,91543942.72518256,106535729.6177225,94240148.2962625,91962775.70826006,102211125.12479757,98949147.34409006,89867210.77971755,96670161.82797506,89554508.27111007,95733333.00772257,96824593.84306252,93376368.12453753,89729486.59955004,92255006.14860006,90505815.40744504,102541245.95163003,100368726.38071506,90722561.21159253,95942273.047405,92093574.85825253,90389189.45292005,101085601.32593004,102276608.10170254,97143770.56466754,89227216.77720006,98214486.5333075,99208054.72712256,90484456.53696752,99981474.89280254,89299243.36473256,94096154.32195505,94728894.78407753,96412354.69212005,100776221.69457757,99478544.91675255,94472297.36732504,89428681.32528257,92486325.75052002,100568995.83180754,96151216.83487755,95967553.26757753,92190197.44606754,94030924.86496502,97584815.76169005,103341876.66076002,99702197.98266007,94967607.83814502,95570704.57527755,94611538.11393502
2021-02-04,98751489.71005252,88299708.44928503,91759301.26468256,106847456.0407225,94866189.3612625,92408573.53726007,103347580.31429757,99443861.16859005,90157211.02521756,96497117.96997505,91154173.08011007,95892325.72272258,97026027.75756252,93719128.07953753,89290148.69655004,92736927.61510006,90479935.20994505,103078816.16763002,101248331.56171507,90671166.65159251,96458834.512905,91844206.49225253,91095154.62342006,101717800.19993004,103166530.46420255,97720146.33766754,89540980.55370006,98243909.3128075,99900659.26012257,91314194.32596752,100468912.24380255,89783692.63773257,94533676.55845506,94873726.24857754,97735785.65962006,101324584.79157758,99592022.34525254,94626416.05582504,89977218.10678257,92625919.28952004,100577757.46280754,96309567.94187754,97125660.51607752,92114347.73606755,95320124.54346503,97951393.16919005,104141320.04776001,100395842.29666008,95540072.25564504,95626266.56277755,95175992.49343503
2021-02-05,99513114.57005252,90151572.65028504,93774538.17268255,108855732.48322251,96209818.22276251,93884263.01976007,105036487.27729757,101661435.78209005,91201418.78521757,98256048.32747506,91866809.73211007,98207333.27722257,99207626.21206252,95393607.20653751,89963267.92905004,93704275.62760006,90512160.54594505,103454720.63313001,101955906.55671507,91721516.81909251,97972356.550905,93241417.42575252,91895727.60392007,102868027.01343003,102872616.03820255,98542987.78366753,89891039.26120007,98890731.6338075,100450829.69962257,91719291.24796753,101181998.28080255,90338895.02673258,95884932.58895506,95889960.81107754,98421697.30462006,102586762.64357758,99902799.07175255,95281555.00532505,92437018.98028257,93061904.87752004,102293053.25330755,97384013.15887754,97753248.89357752,93720628.23106755,95856920.76946503,98206722.99969006,105900569.88826,101020354.57866007,97446726.54714504,96991630.78677756,96661464.73293504
2021-02-08,95374114.57005252,86851310.82278503,90580458.36768255,105111929.61722252,93652512.82826251,91343998.58476007,100108554.27479757,97205659.43509007,86917252.72971757,96288314.45997506,88826938.03611007,94154729.99572258,95896803.72606254,92110430.01403753,87450470.22255006,90989867.20460007,88146311.61744505,100615868.60263002,98667414.37171507,89093766.06609252,93856391.26240501,92325400.40075254,89885491.01792008,98422335.87543005,99297250.20570254,94365985.69116755,86781354.39670005,94450574.47780749,97440587.08012256,87687975.54346752,97002182.17730255,87856672.98423257,92651785.48445506,92633003.55557753,95132783.70462006,98210355.48407757,98344301.75325257,92166355.50782505,88123550.85428257,89434645.86252004,98237211.44780755,93522283.22387755,94251006.51807752,90662330.93606757,91848497.91496503,94185983.91419005,101335128.12226002,97493094.40016007,94660959.30364504,93117861.48477757,93654654.23443504
2021-02-09,95309114.57005252,88229618.65528503,90518180.28118254,107497518.79472253,95974261.6072625,91407336.12476009,100502093.44479758,100203406.72259006,89084386.02421758,98827639.86597507,89240322.06411007,95860788.59222257,98380691.34856254,93826284.64603753,88833108.92955005,91384663.92160004,89445584.72994505,102542744.08763,100001754.85094008,90992964.60959251,95997851.65340503,94467402.52425253,90947772.06692007,99470276.20043004,101042349.61920254,95525949.46616755,87191750.58320007,94669128.4938075,99554904.03862256,89421262.49346752,98625857.27330256,89222204.97973257,94681068.51895505,94264804.92807755,94840837.82462007,100480824.88557759,100097666.11025256,93170689.83132505,89853964.82428257,90599400.71802004,99261918.25180754,96201926.23287755,94701800.18807751,91943909.95356756,92248581.60146503,95346570.16469006,103212869.19826004,98253537.73116007,96248918.68114504,94228232.78477757,96376631.03443503
2021-02-17,99144937.57005252,92083545.72378504,94025368.82118255,111604582.97522253,99529450.6977625,95049219.58126009,104379363.22679757,104791012.58559006,92786958.28171758,102986054.73097506,92402851.87661007,99224205.83222258,102875542.69256254,97625496.68653753,91702191.84305005,94575211.54910006,92516236.89094505,105926990.39413,103899845.11944008,95445606.43809251,100083808.64290503,97734885.50125253,93582242.92592008,103328498.60643004,104269134.90970254,99308811.62314755,90095515.04870006,98509380.1363075,104234608.20662256,92674437.21051252,102770123.52930255,93372272.18673258,99498688.64645505,98055592.30657755,97697874.05462007,104507609.19605759,104734538.09025258,97280515.75882505,94040246.17778257,94162693.54952005,103136305.84230754,100457292.17837754,99243793.87557752,95093627.24856757,96097091.34146503,99625896.40219006,107993663.45226003,102726483.64616007,98471965.98114505,97833708.41827756,100639234.14943504
2021-02-18,100236758.77855253,92504586.96178505,94163525.25418256,112272486.17972252,100122781.4167625,96850551.71126008,105076757.26779756,106483244.20109007,93414193.3812176,105074917.79697508,93689808.56061007,99455613.08572258,104527384.17356253,98080397.59003755,92203893.00305006,95349315.90060005,92935549.30744506,107515816.39863001,104943797.99744007,96781752.35359251,101329771.57490504,98137961.56475253,94556448.76992008,105220705.07343005,106181772.32720256,100788456.72664754,90852806.35720006,99623842.2228075,105334918.32462257,92851119.88601254,103238969.18480256,94117376.66723257,100054398.48795506,100160099.88357756,98531286.71862008,105406606.77055758,105981993.29675257,99065050.10132506,95325349.17878257,95412422.77502005,103899110.00430754,102223006.55837755,100523631.26257752,96322311.46856758,97225635.64396504,100960186.19319007,109798489.45176004,103722235.71666008,99319847.65914506,97888811.79227757,99960744.34143505
2021-02-19,98880975.11655253,91767947.88678505,92820776.95768255,111770760.64522253,99453182.7637625,96672839.7287601,104218261.17779757,104862981.94359007,92847805.59271759,103338382.03947508,92121753.79711008,97936755.60572258,103011206.88356254,97094831.35603754,91869951.73605005,94206921.74760005,92184963.99294506,106575612.63263002,104153827.21444008,96176007.07109252,100460549.03790504,97030218.45475253,93591806.8019201,103818861.04493006,105236315.06120256,99670600.45664755,88955767.36870006,97825580.9863075,104245624.96562256,91955280.19351254,101884533.97480255,93680232.56423259,99637890.78845507,98326573.64357756,97424845.07112008,104110143.6090576,104970562.49325258,98084869.79032506,94544170.08578259,93756855.91952005,103059793.41430755,101134568.07987756,99032641.07107753,95184445.90956758,95712811.96696503,100478588.68419006,108284864.53576005,102380481.59416008,98414372.58564505,97224832.30627757,99502075.18993504
2021-02-22,99078602.30055252,91773315.97178504,93074846.78318256,112037848.52922253,99260989.2672625,96113848.2792601,103563381.40129757,104760279.14009008,92337597.6727176,104178701.43647507,91747762.82361007,98004105.66172257,103215283.58206254,97078554.24703753,92430972.29955006,94867936.50610006,92581687.26594508,106053747.04763001,104277795.02644008,96469849.00259252,100331580.13190505,96677888.05725254,93889059.2709201,103450997.67993005,105414481.59220257,99717769.51914755,89271999.39470007,97535048.0738075,104190640.25962256,91221253.39351255,101546549.95580256,94214047.75973259,99015092.32195507,98914359.36107756,96978639.40312009,104226885.8470576,105466593.28225258,97311068.96232507,94051293.74178258,94049292.88952005,103218323.14930755,100921243.53487757,99260264.32157752,95243914.1920676,96016745.12996504,100975054.77469006,107880409.55276006,101836711.49916008,98427632.97864506,97300002.81277758,99556505.87593505
2021-02-23,99222882.09555252,91852965.30378504,92772744.07368256,112876767.09472254,99809325.1207625,96032222.6397601,103310227.36679758,104171859.83409008,92299188.6792176,104511966.60097508,90719966.46311007,97889226.71922258,103693670.35806255,96496367.67303754,92216366.42955007,95125153.34260006,92434536.09544505,107373152.54963003,104080659.59144008,97514132.75209253,100359430.70690504,96277551.61325255,93853532.64492011,103031366.72393006,104845194.72770256,99621909.23014754,89741484.98170008,96529072.0828075,104207085.30162257,90257920.13251254,101350450.66130257,95163863.54673259,98875566.87295507,98904440.78757757,96934736.07112008,104022873.9960576,104968737.49975258,97266526.15482508,94678545.66178258,92920169.26102006,103843428.87680756,101064769.40687756,98436010.76257753,95345004.48706758,96142638.38846505,101073474.76069006,107692703.76626007,101395245.51866008,98792621.42464507,97099492.87777759,99819804.37093505
2021-02-24,97603882.09555252,91061953.12828504,91926286.57518257,110708671.47072254,98371934.8387625,94578067.86876011,101458297.13329759,102568143.45909008,90901185.4067176,101866345.71447508,89344073.12961008,96757650.71922258,101949607.11306255,95466181.35753754,90804832.14755008,93751805.32360005,90816165.40394506,105510322.00763005,102551990.44394007,95940267.97859253,99277405.89690505,95052767.36675255,92722924.0489201,100983230.47443005,103071160.73520257,97892922.30064754,87935793.05520007,95054630.01030749,102489874.27212258,89132859.91451254,100150217.90780257,93523343.85573259,97652722.14995508,97041856.66757756,95741633.8896201,102397926.4700576,102879168.5357526,96267578.58582509,93669039.36278258,91175179.97002006,101910763.48680755,99856343.88387758,96497784.02007754,93410881.1895676,94456726.78846505,99381063.86819007,105560782.21376008,100017050.7456601,97717960.54914507,96323773.30727759,98071658.13743505
2021-02-25,97698882.09555252,91193830.63378504,91808627.25568257,111061176.36372255,98837884.24876252,94126994.19526011,101443893.59129758,102691196.23959008,90644568.6512176,102077430.87197508,89206074.18961008,96748650.71922258,102219284.08556256,95202950.68753754,90789914.88005008,93896364.48610006,90672594.32144506,104616364.89013004,102742208.2964401,96618898.38509253,99000245.74140504,94854620.51175256,92639289.1039201,100962034.44193006,103388432.72470258,97781142.99814755,87870264.69020008,94825406.80430749,102219975.73012257,89088556.26951255,100165598.50330257,94386254.3132326,97671027.80195507,96731152.66607757,96536596.4821201,102843848.4050576,103169148.21575259,96233538.75132509,93551734.59478259,91013669.11452007,102275051.16830756,100069448.32037756,96425696.87107754,93507380.67956759,94662101.67346506,99116950.08769009,105304035.99326009,99724022.5641601,97818309.76414508,96369311.84527758,98018827.04943505
2021-02-26,97578882.09555252,90582810.01328504,91199117.52718258,110870415.64122255,98590359.06176251,93620780.85226011,101597414.19379759,102698997.92859009,90159611.1372176,101792832.48747508,89137154.34011008,96574650.71922258,102576926.70206255,95166287.70003754,91310213.21005008,94074057.71060006,90841583.04544505,104893761.87463005,102494130.31894009,97108086.74509253,99402205.06590505,94572534.90325256,92637850.53392011,101234440.91293006,103017618.53120258,97243183.19564754,87983329.09770007,94729763.1843075,102421068.56012258,88727362.59401256,99808202.66830258,93993849.0747326,97440884.7749551,96317487.17457756,96566637.81812009,102218407.14505759,102939177.5287526,95638457.67832509,93947729.71328259,90833050.54502006,101735102.33580756,100015269.75237757,96550866.33007753,93801651.95806758,95015775.04246506,99224773.58419009,105339877.4222601,99475838.7626601,97775453.80214508,96613959.65377758,97943203.84843506
2021-03-01,100327882.09555252,91975033.92078504,93248979.23618259,113954317.55422254,101473334.43926251,96490335.00626013,105499990.80979759,104648748.24359009,92982190.6522176,105118594.90497509,90852837.50061008,98001384.86772259,104771085.35856256,97019784.14503753,92406703.48255008,95539209.81910008,92379076.03344506,106982948.88263005,104505569.23944008,100555657.55009253,101681403.87590507,97279407.43125255,94033791.8194201,104562456.50493006,105612517.28270258,98793687.09364754,90342892.87020007,96224426.09880751,105664462.95012257,90151223.99001256,101484138.85880259,96235125.90223262,99767292.37745509,98070434.24457756,98566070.77962008,104677553.42255759,104349463.89325258,97715214.9938251,96880095.15478258,93094432.40002006,104496341.61530755,102641849.50537758,98599041.31807753,95183344.95606759,96225329.06996506,100909982.4966901,107162297.8512601,102051734.0591601,99310492.01914507,98031438.0912776,100411915.38643506
2021-03-02,99943882.09555252,91573695.86978504,93147644.02568258,113988909.55872254,101383188.16926251,96298339.11126012,104869228.5207976,103849292.7475901,93020692.8532176,104625629.39647509,90776651.43711008,97341359.16022259,103354678.40456256,96862829.75053754,92118923.07455009,94747776.31760007,91765577.79594505,105669667.85713005,103430553.63944009,100262706.73509254,101065290.68590507,97008671.05625257,93574160.9524201,103893018.47893006,105842435.54920259,98531340.56964755,89419816.07170008,95561314.80030751,105289340.34762257,89794844.06351255,101098008.27280259,95914468.19423261,99524282.74845509,97562478.84857756,98088108.9276201,104114787.97255759,103680976.5542526,97908080.48382509,96004440.72978258,93376761.80702007,103923846.27530755,102447279.21587756,98055926.61557755,94302093.8180676,95625970.12646505,99718721.9266901,106398124.71326008,101784190.6681601,98427611.64364508,97586943.99927759,99890227.62543505
2021-03-03,100009882.09555252,92920518.61078504,93547710.12468258,114753729.42072254,101336841.66976252,96520125.85676011,105621587.38829759,104648338.3835901,93510270.9477176,104840054.68497509,90663736.06811008,97682451.78322259,103480137.57456256,96880583.58403754,92570116.65555009,95161572.31010008,91772842.70844506,105702399.96363005,103974776.60244009,100042404.39759254,101112648.54090506,98155641.60725257,93523428.7594201,103765630.90193006,105798401.92920259,98437302.31564754,89634442.89920008,95540540.31330751,104994495.01312257,90218288.18701255,101282379.55780259,96199901.00823262,100347191.4509551,97004011.02457756,98327003.6721201,104029130.91655758,104114282.93875259,97553130.4238251,96774895.4787826,93255482.89952007,103947440.97130755,102160778.81287757,98555414.71557754,94341637.59956759,95762096.91046506,100544846.88919011,106740799.0097601,101989979.7166601,98162975.92464507,97748646.40777759,99646737.57443506
2021-03-04,99817882.09555252,92031499.42628503,91386990.98468259,113600387.21822254,101666151.32676253,96726350.31126013,104002170.71679759,102238361.7390901,92547724.6157176,105333617.1299751,88396043.60561009,95804442.51784758,102771962.61406256,94684349.51753755,90784163.55505009,93597076.18460007,90559503.48494506,102823651.12728505,102166599.38494009,100012322.85259254,98792955.32640506,97981398.60875256,93380008.27692011,104538010.81593005,104340965.9792026,98217462.60064754,89552118.17519008,93834339.51980752,104531688.31112257,88970582.57301256,100418251.25580259,94312446.47473262,98273357.7289551,95316170.53906757,95663626.64912009,104162596.5995576,103377729.4362526,96525105.3868251,96035345.83878258,91216951.26452008,103923828.20330755,101784274.25187758,97675486.38307756,93832868.3410676,95361101.33096506,99153733.6981901,104889965.7665726,100964798.96466011,97784126.67564508,95153469.2417776,99499793.95806006
2021-03-05,100598882.09555252,93012719.33978504,91921941.26868258,113979669.21722254,102479168.12926252,97312319.57576013,104445117.12879759,102878414.7380901,92780951.8997176,106228370.7374751,88430817.46761009,96226376.58384758,103173696.41506256,94898609.93753755,90809229.0440501,94185929.28260008,91034142.39994507,103132175.07678504,102572106.6999401,100760428.51459254,98751656.41290507,99236743.72375257,93853990.4189201,105356414.80043006,104642628.7747026,99285348.74064754,90437486.51919007,94377445.35230751,104849101.57512257,88942492.61651257,101007510.83280258,95020746.05073263,98362275.7149551,95687591.88856757,95324595.9251201,105122454.28955759,104417555.40975259,97173215.1268251,95941057.19478258,91182871.46702008,105036070.90330756,102742132.05337757,98242802.31957756,94369150.0205676,95690554.95946506,99415275.5556901,104973984.54357259,101071311.6396601,97667210.16914508,94997417.4802776,100498120.80056006
2021-03-08,101910124.51055253,93843833.21728504,92074966.25018258,114929080.82272255,103436467.36276253,98597263.98026013,105688733.33129759,104163663.1945901,93290183.43321761,107767868.77747509,89374176.22461009,96984183.6408476,104568319.74656256,95827869.35353756,91608310.80655009,94993764.25860007,92004582.21544507,104237108.37528504,103610811.7299401,101470008.00059253,99578412.27940507,100204076.18975258,94763701.4539201,106744348.15243006,106136208.05620259,100304478.58364755,91682056.48769008,95809269.90530752,106457765.18012257,89249873.40301256,102008839.04180259,94961970.09923263,99406981.9314551,96733373.71406758,96282543.4401201,106611650.6005576,105467480.9197526,98250132.7558251,96910204.13378258,91956501.79352008,106582078.90830755,103809132.05337757,99265137.10707757,95175515.9545676,96759583.31446506,100120472.3131901,105583296.30407259,102254945.2131601,98727594.91764508,95807813.36777759,101129111.29806006
2021-03-09,100956761.10055253,93556217.34828503,91079919.94868259,113164193.32172255,102232845.32526252,96519729.67576015,104713491.8037976,102259570.03209011,92249317.0602176,106729056.63497509,88648627.0501101,96316615.5013476,103032602.64656256,95536664.33253756,90623758.2590501,94764136.13810009,91747080.75944507,104517656.09928505,103140575.4424401,99740058.33809254,99501512.56190507,98802909.71275258,94376281.28492011,105334639.39843006,105670610.7972026,99329371.53364754,90425394.69769007,95432260.9118075,105788673.01662257,88898177.47051255,100887032.27830258,93132308.89273262,98644494.7314551,96019913.30006757,96054576.24462011,104825117.0885576,104076735.70575258,96797923.6083251,96660577.96478258,92055017.60102008,105069078.90830755,102776089.66837758,98864418.59557757,94554942.23156759,96976583.31446506,99864434.2521901,104404382.7490726,101592208.6131601,98175968.06514509,95534104.6367776,99576485.45756006
2021-03-10,101217761.10055253,94417384.95678504,90968897.95918259,113337965.39472255,102409845.32526252,96827978.42726015,105408993.4617976,101747211.7770901,92586299.13721761,106946378.68097511,88550633.4461101,96666877.4388476,102787878.98606256,95982135.81703755,90922512.18805009,95566510.28010009,92222686.15194507,104777573.96378505,103003182.6719401,99783566.56309253,99743435.50940508,99220478.01375258,94783974.9034201,105520840.38043007,105999864.0092026,99508371.53364754,90484617.80769008,95326123.00480752,106501867.11912256,88865962.33651257,101174322.65980259,93345919.86273263,98534877.7744551,95829631.39256757,96544431.59412012,104508268.8165576,104141140.2627526,96615855.9983251,97339102.93828258,92076469.40202008,105030078.90830755,103013089.66837758,100065216.18057756,94862536.3990676,97328709.67496507,100200800.2821901,104741013.94107258,102128874.15416011,98148716.73698509,95814710.9667776,100063451.72256008
2021-03-11,102383761.10055253,95518726.70978503,91543933.3216826,115303607.95622256,104131151.71726252,98449608.85526013,106498285.27579759,102745642.64409012,94100139.37671761,107837004.68097511,88922436.14811009,97715836.75734761,103939815.83206257,96279792.45703755,91770782.8680501,95653484.9591001,92553154.16144508,105163819.85378505,104135641.8419401,100982726.66809253,100689764.60190508,100289129.54375257,96230948.9924201,106564463.62293008,106818373.04320261,100527371.53364754,91341445.44519009,96372886.33730751,107917381.98012257,89636543.37951256,102423293.17430258,94384612.43023263,99446397.3969551,96786526.19606757,97381352.8771201,105536162.3790576,105211734.1377526,97943755.8443251,98641517.3142826,92615783.86652008,106320078.90830755,104085481.81287757,100958048.62307756,95690070.2465676,98069709.67496507,101136400.65219009,106437795.03257258,103123396.9766601,98804374.81998509,96436550.2892776,101262878.52206007
2021-03-12,102240235.69305253,95827168.74778503,92148489.1456826,115032695.92272256,103500021.22326252,98252404.11026014,106464327.71779759,103285696.89159012,94016889.14321762,107879425.8949751,89655174.5791101,97770454.55334762,103781857.83206257,96920629.71603756,91858186.2340501,96209046.38810009,92617102.63644508,105079000.43578506,104359571.8834401,100807494.44359253,100961659.96190508,100228591.71725257,95587350.70892012,107030431.31543007,106877048.26170261,100587822.41264755,91535957.18919009,96585879.68230751,107426021.33812258,89565301.63601255,102375239.00030258,94423310.95773263,100219459.2099551,96471814.37706758,97546579.00462012,105385220.1365576,105480536.5937526,98193952.8618251,98484755.73178259,92799341.42252009,106262951.94080755,104006651.32387757,101233643.68857756,95854145.9215676,98117838.39596507,101601625.9866901,107042791.17957258,102762293.18916011,99106213.9549851,96348432.9527776,100497204.66556007
2021-03-15,102729235.69305253,96377017.87978503,92688644.0446826,114538821.56472257,103650704.32326251,98246303.75476015,107128840.0077976,105058581.32159011,95440797.29471761,108522480.9369751,91183772.3226101,99044741.76984762,104272968.51606256,97597811.46753755,92530248.0790501,96239868.6856001,93216128.27894507,105730046.55028506,105438198.89244011,100564618.59609254,101800581.43790507,101648976.26175258,95708797.57142012,107720760.02793008,107961072.54970261,101174822.41264755,92007244.16919008,97986340.51230751,107023025.67812258,90659955.01301256,102944993.92630258,96042099.43773264,100881953.7259551,97270372.53156759,98119756.26062012,105852801.34905759,106499391.5157526,98869510.75432509,99495276.65278259,93424771.65652008,106918219.50880755,104625651.32387757,101507276.55207756,96519596.8005676,98836598.86096507,102239801.35819009,106950497.05207258,103402262.3391601,98723387.25048509,96922915.4417776,100297841.42556007
2021-03-16,102675993.17305252,96506146.00078504,92650914.8966826,113157858.67372257,102811952.56626251,97290822.69726014,107028649.3717976,105607035.90659012,95908843.94571762,108348560.25447512,91990257.33311011,99528789.56684762,104320463.25806257,97667602.45903757,92798835.1330501,96263290.6806001,93362538.42994508,106178105.40978506,105401994.18394011,99599882.64459254,102094757.99790508,102172186.37725258,95846985.14392012,107812760.02793008,108138802.57120262,101193010.09764755,91783691.8451901,98127653.96780752,105978850.72162259,90862865.71401256,103156343.74530259,96719452.80523264,101651963.8909551,96926655.96906757,97976658.99912013,105596341.22405759,106839560.21475258,98812037.0128251,99576074.80328259,93554916.25302008,106601384.58280756,104725158.12387757,101574349.55757757,96643212.77856761,98689439.48146507,103153627.15319009,107076145.7315726,103187978.3941601,98609237.7124851,97188569.8917776,99656975.11806008
2021-03-17,103064993.17305252,96431377.85828504,92803804.5441826,114059454.56522259,103918758.06726252,98599480.10226014,106746116.4777976,105755535.19309011,95775772.95821762,108691748.4254751,91401088.86411011,98360282.81084763,104171759.70506257,96787919.55753757,92680459.34555009,95999412.9886001,93070764.02944508,105505522.86328506,105005088.86444011,101096376.71909255,102398849.12290509,101482217.42775258,96051845.10642013,108171760.02793008,107234757.26320262,101451010.09764755,91697134.77769008,97726935.85230751,106374930.57712258,90655229.74151257,103003628.23630258,97145617.16873264,100923048.33795512,97510108.05156758,97749771.44912013,105635823.08005759,105958737.2302526,98734775.7268251,99528519.7882826,93303785.81802008,106628744.92680755,105035158.12387757,101714914.80407757,96648567.1135676,98851926.43646507,102895378.37669009,107315665.6390726,103279652.8656601,99275331.0949851,96622798.5012776,100977410.42706007
2021-03-18,103299993.17305252,97167122.79678503,92946894.3946826,114172791.79072258,104277643.78076252,99097594.07376015,107629455.0187976,106489675.36059013,96182757.31971762,108846190.23997511,92585289.18961011,98771497.96034762,104815809.69006257,97335668.77953759,93131613.3905501,96185532.77060011,93667510.61244507,106716229.99428508,105454300.20594013,102044607.11109254,103251441.43690509,102092790.39525257,95981310.07592013,108003760.02793008,108294038.36120263,101911926.96014756,91815260.1506901,98133448.17430753,106966899.74212259,91796307.85951258,102764716.63430259,97875584.25323264,100952493.22945511,98194261.54456758,98171191.71812014,105347855.9975576,106436202.7752526,98983505.48932509,99948469.55328259,93636784.77552009,106774826.00680757,105255158.12387757,102786255.22507757,97113620.6635676,99280979.98646507,103550883.5191901,108802088.8015726,104047115.71566011,99502656.59048511,97081285.91427761,101581790.03706008
2021-03-19,104231993.17305252,98415773.01078504,93146436.84218259,114286008.09772259,104064341.20726252,99091761.37276015,108460823.6427976,106740381.00609013,96828993.06971762,109759142.12047511,94141432.8156101,99954871.66584763,105453628.09506257,97842506.11253758,94030613.3905501,95915047.11560011,94395151.68394507,108465440.99028507,105978764.80244012,102439156.61609256,104025385.16490507,103551657.25525257,96641032.79842013,108902760.02793008,109363462.61920263,102892926.96014756,92316656.6436901,98856678.52430752,108282550.56762259,92790618.15751258,103548528.35530259,98775067.47073264,101458292.1559551,98530421.56806758,98632500.19312014,106224580.3935576,108241318.3617526,100187221.8458251,100900469.55328259,94278042.3580201,107460884.94180757,106217158.12387757,104457508.53357758,98051620.6635676,100183979.98646507,104144590.51819012,109534607.5750726,105034928.16016011,99740419.55698511,97735340.75827761,101210396.79506008
2021-03-22,104549993.17305252,99092624.32978505,93296483.1971826,113766084.0912226,103690145.11226252,98782309.62776014,108718981.4332976,106960606.36259013,97949845.73621762,110320800.28047511,95000615.0731101,101278596.22484763,105529555.89406256,98473983.16403759,94414613.3905501,96286336.1211001,94341948.28794508,109411682.26528507,106238532.94594012,102029065.89059256,104012818.36990508,104729043.53425258,97086579.80742013,109399760.02793008,110075525.68770263,103233926.96014756,92861216.3986901,98940562.25430752,108393223.56662259,93618936.47151259,103669365.28680259,99921821.82273264,101761451.70395511,98243310.87806758,98584375.89562014,107263886.0765576,109522992.4667526,101030171.3283251,101267469.55328259,94647401.67852008,108358550.34980756,106621158.12387757,105223183.94757757,98436620.6635676,100561979.98646507,104313741.7111901,109557334.2830726,105033328.94516012,99718937.81598511,97993556.46327761,100496016.09256008
2021-03-23,104373572.46105252,99360710.53828505,92572765.6866826,112478226.2722226,102641155.78376251,97781702.07626015,108446190.77329761,106249151.11309013,98085242.16921762,110320732.05397512,95096158.5831101,101794260.77434763,104611223.24206257,99046887.84803757,94047283.3325501,95586377.69810012,93884794.29444508,109068273.17828508,105689348.60694012,100860299.32559256,103158358.22090508,105431627.57825258,96348787.89342013,108833387.31343009,109671765.85770263,102564868.96564755,93245285.0056901,98019813.81930754,108139146.5366226,94355845.02351257,103177863.8153026,100533664.69623265,101084103.31195512,97753346.41706759,98083873.88262014,106715625.8675576,109832731.2417526,101279927.9933251,100651193.92828259,94379509.54602009,107968327.46530756,105878851.07787758,105799699.19357757,97885807.8160676,99956853.85146508,103561995.77019012,109562731.22257262,104143939.56316012,99474710.55148512,97060492.13127762,99337875.87756008
2021-03-24,103049901.84006503,98717329.23728505,89593130.2175826,109486473.2688476,100271919.79057752,95697550.30226015,106649801.8157976,103191787.29995264,97036263.52343762,108269453.01647511,94262471.5041101,100096726.04634763,101635906.72006257,98147933.66553757,92082257.02505009,92869129.37860012,91975649.08644508,107738488.64828508,103352669.41694012,99789265.15859257,101580212.09140508,103980660.26625258,93866033.01192014,106741985.07943007,108215212.92720263,101366828.95064755,90827141.7994901,95584170.30880752,105514920.86712259,93024234.38923258,100602178.3821651,99155805.02873266,98096672.27373011,95806529.10856758,95346994.49702014,103794813.3985576,108660282.8997526,99792092.6288251,99027231.87394759,92872435.1645126,106562165.97430757,103465782.74269257,104744507.91857758,96059482.42706761,97903464.22646508,101661238.29669012,107501152.02307263,101720738.02017263,98889628.12648512,95110904.43277763,96772083.02652259
2021-03-25,103220901.84006503,98662225.78178504,88702706.9285826,108669504.26134759,99282393.54757752,94494139.81726015,105663737.0642976,102371086.76795265,97314674.97843763,107830055.86097512,94459647.1166101,100458996.98184764,100415270.41756257,98254197.20653757,91682591.59205009,92334376.70260012,90983350.03644508,107919442.40778507,102771036.89444013,100268477.00359257,100480033.56490508,104161006.43175258,93917298.47892013,105679138.91693008,108137420.70420264,101550721.90064755,90082884.8344901,94513383.92180753,104566191.8806226,92541682.24723259,99851964.20066509,99398884.24173266,97422097.76773012,95113850.62606758,95731615.50852014,103094393.97105761,109049282.8997526,99824910.1898251,98356799.39594759,92790337.4210126,106588165.97430757,102605931.53519258,104663541.28857759,95578387.00056762,98423718.55146506,100882009.72269014,107661669.88207263,100967139.79267262,98873003.51348512,94297570.57827763,95862243.21402259
2021-03-26,103601901.84006503,99545491.69328505,88269065.8592026,108498157.51290259,97818748.39331253,93466052.85476016,104620156.20079762,102137296.28745015,97633040.20443764,107036742.74947512,95076134.1151101,101864493.92334765,100103936.30456258,98541221.76953757,91225395.17101009,91597848.26743512,90249194.56525758,108480226.34428507,102344434.55694012,100838645.03859258,99214884.33948007,105603879.68575259,94258892.49492013,106573317.35343009,108466144.37620264,101919721.90064755,89710472.36349012,93501983.44427502,103886393.9396226,92894837.65369508,99566281.43716511,99704605.90722016,96976938.73373011,94778723.27456759,95633027.64963515,102815842.86055762,109342359.5334126,100372921.72840512,97894520.20494759,93121808.8820126,106867418.02680758,102074638.16719258,104778434.91465259,95295794.94256762,98630481.80896507,99828331.20746014,108144954.22757263,100347369.58067262,98089855.90936261,94191226.28727764,94058733.0555776
2021-03-29,105280901.84006503,101851034.11878505,88608493.3407026,109092181.2969026,98242668.01081252,93933674.84276016,105509713.0467976,103830162.41845015,99452491.30443764,109222683.99747512,96830809.67261009,104886798.23634765,100970211.97756258,100836464.62203757,92345748.4035101,93385820.70943512,91232885.34975758,110527863.47878507,103795705.53694013,102123670.03859258,101167719.61748008,108470278.66575259,95674592.67742014,107740600.76943009,110753322.27670263,103620721.90064755,91113289.04999012,94509439.47927502,105122637.9951226,95472667.87019509,101834032.20966512,102368682.19922015,98475745.42373012,95631257.2195676,97935695.61763515,103921155.4645576,111627543.45341262,102075469.07940511,99307706.3249476,95774931.9515126,108528418.02680758,103597654.00019257,107356991.47965258,96319395.2050676,100285481.80896507,102286936.51096013,109261825.96907264,101735303.52117263,100508537.94136262,95329814.89227764,96134841.2770776
2021-03-30,107545901.84006503,104334463.96378505,89592570.72370261,109647854.88790259,98558574.11481252,94735454.57776016,107102781.03529762,106738440.00445016,101605739.65343764,111366444.97547513,99957621.1031101,107287305.22434765,102869770.35756259,103660471.22403757,93784693.4115101,95704448.35093513,92712215.24575758,113506825.64678508,106196033.45294014,103497052.77709258,103258221.84648009,110848238.61325258,98754880.44192015,109581259.66443008,113403066.96470264,106005721.90064755,91840410.63399012,96233269.29127502,106583982.6601226,97455621.1441951,104268461.51966512,104633151.32422015,100209082.22523013,97090381.74106759,100167703.71063516,105715790.33755761,114427885.79341263,104445175.45740512,101387270.3654476,98834469.25801261,110923418.02680758,104998662.03869256,109945163.20665258,98060749.17006761,102427481.80896507,104731101.12346013,111026781.96857263,103571125.62117262,103298609.11936262,97756375.84027764,97224528.2770776
2021-03-31,108670901.84006503,104992532.42628506,89650413.3847026,110553844.1774026,100531776.67531253,95079391.46276017,107999119.20729762,106858988.12345016,102569422.16093764,112230758.76747513,100718859.8906101,108056770.55884764,103468864.5965626,104696582.73153758,95222590.3165101,95828865.34893513,93542647.23925757,113531176.79828508,106630769.79644012,105099362.37209257,103866180.90848008,112017755.14475259,99887648.05442014,110491971.27743009,113050718.03220263,107001721.90064755,92261298.84249012,96717859.19977503,107664851.64512259,97523981.8371951,105213973.67116512,106172430.36372015,101023623.76723012,97559367.3410676,99888256.66313517,106692117.96755761,115578661.78841262,104227760.03490514,101910697.6999476,98948201.1600126,112081418.02680758,106446078.59069258,111061652.51915258,99005809.81506762,103441481.80896507,104524848.47146013,112608076.38957264,104484371.62367263,104111880.82436262,97851870.88827765,98595059.4695776
2021-04-01,108081901.84006503,103676763.61028504,89975432.4612026,111943438.6169026,101304991.90431254,96641950.95276017,108437332.21479763,107012171.96545017,101638655.16193765,112521567.82997514,99434728.6431101,107589732.97884765,104380446.4665626,104035320.21153757,95977278.7120101,96369715.49993514,93813901.82375757,112762460.39378507,107354379.80244014,106509930.26459256,104480007.55598009,111713743.8027526,99063273.62792015,110977092.3664301,112213997.93720265,106439721.90064755,92715998.25699012,96938669.35427503,107011639.6701226,96770294.69469509,105615076.97316514,105796070.71672016,102001313.82923013,98819299.6750676,99464562.32213517,107693039.69905761,114861244.74841261,103461848.15640512,102397375.4429476,98467400.9090126,111617418.02680758,106975587.04719257,110058877.1616526,99627066.58506761,102814481.80896507,105505889.99496013,112937471.48957264,105386500.82367262,104743576.11936262,97687324.00827765,99137212.3920776
2021-04-02,109557607.27206503,103779889.01028506,90747389.90870261,112357947.9594026,102248322.20681253,97321746.89376017,109351076.44679764,107497048.65875018,102710055.93793765,112826679.31597514,100074114.4831101,108468598.88084763,104947872.15256259,104752365.03403758,96667760.3745101,97237507.04593512,94172122.80025758,113644859.33128507,108342924.69844013,106769247.83659257,105475007.27648008,112360039.6672526,99622894.63992015,111386418.1794301,113174085.71320266,106956626.85264754,93958071.19249013,97606955.92677504,107693599.6551226,98786841.59769508,106598471.75516513,106478856.16372016,102794495.94923012,98973973.2775676,99982234.51663516,109587699.74355762,115564839.88341261,104811236.45940514,102963028.27444759,99616575.22901261,112008002.18680757,107258841.77419257,110952485.73665258,100273466.93556762,103188157.22296508,106358366.92796014,113787572.09657264,105564664.67267263,105000659.28686261,98088521.86927766,99360457.90407759
2021-04-05,111211607.27206503,104457195.45228507,91528661.93820262,113657492.17390262,102294117.37231255,98093476.00026017,110250174.86779764,107897882.34925017,103976773.61693765,113643353.70197514,100977114.4831101,109657794.44584765,105449671.9455626,105485044.75603756,97600906.46151009,97937758.99943513,94283836.04725757,113199972.25378507,108811586.32494013,106941824.55559257,106659431.27648008,112430998.6922526,100375533.92992015,112164268.3719301,114091211.70320265,107603626.85264754,94594138.79599014,98554617.93377504,108505599.6551226,100428064.39019509,107280619.94066514,108352848.86372016,103517475.11023012,98936535.7745676,101119952.15713516,111020623.58705762,116658472.87341262,105161260.75540514,103546029.56944759,101046882.8265126,112742002.18680757,107490691.96669258,112086485.73665258,100526738.30656761,103766157.22296508,107628911.93246014,115108301.39407264,105997618.15667263,105551457.71536262,98246267.82377766,99547649.2675776
2021-04-06,110690877.95206502,103892920.54628506,91544162.77320261,112999981.29240263,102014680.92831254,97687204.23526016,110292788.30779764,107281495.14425017,103745470.99193765,113499582.31797515,100616114.4831101,109265056.32884765,105205800.9930626,105590592.30303757,98237112.34251009,97732162.99893513,93870472.30175759,112280607.21328509,108465409.77344014,106401966.78109257,106373176.47648008,112220348.5352526,99841999.77742015,111908487.7719301,113341734.91320264,107096452.15764755,94699222.03049013,98538161.00627503,108281599.6551226,99825457.6051951,107689689.61366513,108000562.59222017,103426143.73823012,98283743.86406761,100636217.42463517,110711532.84605762,116637943.41341263,104808460.66040514,103200466.2894476,100497413.3090126,112269583.23680758,107275265.04169258,111489963.98665258,100460884.82206762,103375649.33296508,107290180.55746016,114440770.84707263,106012970.24167264,105429957.38336262,97481825.01477766,98933757.4375776
2021-04-07,109538877.95206502,103302252.17128506,91872733.49820262,112502577.49740262,101368448.55181254,97520712.55076016,109653767.54779764,107348141.28575018,103020470.99193765,114236110.48897514,99671114.4831101,108935159.89434764,105600440.50506261,105595995.28953758,98810240.1385101,98398470.47593513,93750263.7817576,111704810.17928508,108378678.66344014,105922692.93009257,105974176.47648008,111676471.39525262,99141908.97742015,112169532.2524301,112235029.41770265,106346452.15764755,94762148.14549014,98191928.58627503,107763295.89012259,98614918.2601951,107582609.49616514,107540252.06122017,103851495.40223013,97655608.44156761,100240263.93063518,110518235.13855761,115940568.13241263,103835934.10540515,102701466.2894476,99784215.6090126,111466583.23680758,107141581.48419258,110608963.98665258,100652014.30206761,102725649.33296508,107203335.26746015,113374743.81357265,106090156.86617264,104987614.84336263,97059598.59227766,98834211.1480776
2021-04-08,111069856.74906501,104845052.66028507,93276353.12620263,113052846.24390262,101273109.77181254,98023801.12776017,110693066.51879764,108019831.9432502,104092169.51943766,114815645.11347514,100950756.67611009,110001440.62834765,107066303.5870626,106292032.82603759,99932682.5085101,99269020.02193514,94738969.9262576,113581108.3862851,109307831.32944015,106940215.72309257,107183611.74648008,112710199.4167526,100436506.76292016,112763129.2429301,113670046.38820265,107421912.44264755,95311301.35099015,98966416.69506253,108343943.89012259,100322006.0211951,107448859.88056514,108491930.70722017,104553958.05323014,97931857.01706761,101158810.91863519,111056735.96155763,116794046.23541263,104747518.13540515,104316161.1154476,100675771.5510126,112456069.73680758,108269499.23919258,111829840.12065259,101433130.39506762,103784347.86046508,108474761.79466015,114202882.50507264,107161011.82167265,105310802.95936263,98452821.92627767,98981300.9840776
2021-04-09,112563856.74906501,106026838.74028507,94083484.84170263,113422335.30440262,101661425.00731257,98079207.23026018,112000066.51879764,108766451.05575019,105469169.51943766,116102048.29347515,102530756.67611009,111794755.52684766,108658372.1290626,107713671.8135376,101056176.93601009,100438206.19993514,95808764.36875759,115630093.34978509,110976483.88494015,107482101.30709258,108516611.74648008,114353323.7017526,101678018.28292015,114409010.6819301,114824768.58570266,108753912.44264755,96347654.64899014,99867409.44156253,109836742.4776226,101340746.80869511,108835617.60456514,110258999.12972018,105931443.84923014,98552585.8970676,102476736.35613519,112645076.30055761,118546747.74041262,106122999.86040515,105639161.1154476,102135771.5510126,114117069.73680758,109471344.15519258,113247840.12065259,102677145.98256761,105141347.86046508,109306906.14466017,114498290.03307265,108298821.40767264,105673232.93336263,100014531.31777766,98733851.98507759
2021-04-12,114303856.74906501,107722572.99028507,96553756.73970263,113737719.55740263,102783490.31181255,99028674.95926018,113546445.11229764,112321022.5922502,106776338.00943765,118598011.28997515,104962090.8851101,113559755.52684766,110330081.7885626,109953047.41353759,101806628.8035101,101712400.87543514,97305896.1937576,117826469.51678509,112918294.67744015,108294350.45659257,109894309.67398009,117001203.99125262,103549689.30292016,115387855.25943011,117612057.90620267,110123929.23614755,98094479.05699015,102113825.20706253,111493336.33312258,103767176.0726951,111281951.83106515,112812933.74222018,107888386.92073014,99478030.13956761,105370525.2366352,115192531.46055762,121102908.12841263,107828009.87540515,107192300.4854476,103974049.3200126,115705473.19530758,111333546.66519257,114861746.7401526,104038290.44406763,106587457.51446508,111119003.86516017,115457548.00607264,109338552.88017264,106952445.36036262,102444384.94477767,99466769.5850776
2021-04-13,112565774.91006503,106098053.23528507,95416482.34320264,111002045.42840263,101075576.79881257,96537298.08426018,111313803.53729764,112440304.97025019,104965401.66343766,117306886.32797515,102767780.1171101,112289399.86934766,108930161.7620626,108389099.69503759,100966181.79251009,100941545.41293514,95786829.7237576,116063243.04428509,111799549.59444015,105997633.66859257,108341845.60398008,115266152.33525261,102359945.48592016,113255408.8364301,115676695.41020267,108086777.16114756,96918023.88449015,100732777.37606253,109782585.4661226,102238569.8866951,109692706.49756514,111056176.63122018,107105163.09873013,96983101.03406763,104094157.48963518,114199438.22905762,119543063.51141262,105924900.27470514,105454103.48494759,101948859.72918761,112875240.67530759,109869510.35319258,112545044.4366526,103128314.23906761,104326617.62846509,110042693.77066016,112756020.55307266,106665393.02717264,103759638.23636264,100812995.03377765,96709702.9425776
2021-04-14,114528774.91006503,108402053.23528507,96731258.81570263,110745494.27990262,101826092.99731258,99214161.22426018,113328439.70979764,114636052.5832502,108091042.75293766,120036474.03247516,105272415.4091101,114444399.86934766,111359261.2755626,110715830.5925376,102648586.27651009,102270929.50393514,96987319.5287576,119076609.50028509,113007785.05794016,107719671.15159258,110325479.92498007,118633099.57575262,104243956.13092016,114481832.59143011,118073621.06470267,110840503.66914755,99160122.40749015,101228187.38806254,111820611.63212259,104228721.8376951,111086572.71506514,113370077.81022018,108376631.40123014,98291976.14506762,107024594.3046352,115467493.27105762,122852771.54641263,108972030.09270516,107826218.8849476,104044668.93168761,115196763.49780758,111042616.99569258,114657899.9486526,104608556.45056762,106461326.18246508,111936788.78566016,114164096.95307265,108260965.67317264,105101505.19386263,102224407.67777766,97766348.93157761
2021-04-15,116195774.91006503,110757053.23528507,97833463.77970263,109596896.13690263,100813635.13581257,100449644.11176018,114558405.91479763,115985137.6432502,108867431.85343766,121115548.51797515,107151174.98111011,116249399.86934766,112543009.8510626,111266548.69053759,104143050.83351009,103188891.48843513,96609407.1232576,121703545.2382851,113656496.36894016,108926189.74359259,111869748.59798008,120456578.40725261,105666647.61092016,114411669.56843013,119289472.14820267,112408709.94114755,100294829.43699014,101270354.95706254,112593760.0576226,105602171.05519511,111742664.55006514,115421806.68522018,108332820.06723014,98131729.33106762,108917946.0536352,115493247.46855763,124897436.87391263,110301212.25170515,108769037.15144761,104666928.7921876,116983274.55780758,111176052.68319258,116703769.6096526,105159211.48956762,107406266.52946508,112620716.63366017,114007018.39407265,108692814.93467264,105568570.30386263,103495939.06277767,97976104.13607761
2021-04-16,118400693.56006502,113266053.23528507,98932426.61620264,109086432.65040264,100888425.79681258,101356040.24876018,116035882.44879763,116791943.14627519,110043523.93693766,121506527.17597516,108359673.8371101,118968674.46384767,113323481.4220626,112340576.85153759,105051795.0035101,103515591.11143515,96539465.9482576,123518100.5322851,115030859.28144015,108615143.02709258,113698678.93548009,121234382.70575263,105846348.86996517,115230708.02293012,120988409.85270268,114524863.61864755,100502932.82549015,101893414.15456255,113954539.86262259,106207920.66869512,112685327.74756515,117489337.76222019,108295811.70323014,97505347.45856762,109883528.68463519,116657184.39455763,125929712.36347263,111882516.82320516,110142318.8039476,106264109.21168761,119100382.01830758,112123444.16319259,117892109.92915261,105953609.48306763,108784028.17946509,113773883.74266016,114163501.13257265,108974927.50717264,105165196.55736265,105258915.98127767,98141283.3130776
2021-04-19,118187693.56006502,112721419.85028508,98817236.18520264,110560617.55690265,101637547.27731258,101564969.0287602,115180522.72379762,116118204.0997752,108759290.20793767,119634734.67747517,107011630.54611011,118000323.06284766,112205437.9985626,111434887.3525376,105149490.65851009,104021707.93193515,95953236.66925761,122908845.7322851,114782286.80744015,108759749.10359259,113276588.72548008,119145444.55625263,104825827.62396516,115839215.81843013,119392058.94670266,113360616.09864755,99838493.03349015,102652992.92756255,113967798.1676226,105068127.90069512,112342876.19456515,116754211.46222019,108557035.17373015,96858138.39906763,109873575.00913519,115942500.48555763,124633189.09147264,111521400.14520517,109219858.35144761,106108008.09918761,118562989.10580757,112436058.98369259,117036119.9571526,105981275.59156764,107442821.94496508,114045448.56266017,114955925.78657266,109425862.82417265,105660728.67986263,104407705.27927767,98656520.24707761
2021-04-20,120119693.56006502,114391419.85028508,99930536.81320265,111426481.97890264,102135072.14731258,102941312.30126019,116866239.94379762,117416780.6317752,109155355.77543768,121193458.10447517,107330950.06661011,119172122.38284767,112663341.92356262,112612996.6225376,106976918.92451009,106040773.35743515,97024403.71925761,125044067.7322851,116059467.26744014,108909990.24409258,115190060.55048008,119926098.71925262,104858827.64196515,117726884.39543012,119667109.76470266,114804007.19614755,100959087.14249015,104517787.28256255,115527413.21262258,105740606.21569511,113800477.76356514,118101453.30722019,110266381.83373015,97388833.20156763,111229168.0966352,117649401.47055763,125820492.77297264,113059312.61470518,109931697.6644476,107303836.73568761,120237401.47330758,114128964.22769257,118050663.75665262,107550021.02656764,107998661.25796509,115651695.18566018,114705694.52657266,111004854.41967265,105811169.57486263,105424265.62427767,98543005.5300776
2021-04-22,116695281.52306502,111153603.17028508,96861132.22620265,106115648.06990266,97754768.22131258,100186312.30126019,111901517.12979762,114200697.15427521,105216668.76043767,117778667.27947517,104082794.06698512,115504443.93050516,109089440.6835626,109279548.0060376,103807830.2660101,102796780.09293514,94266565.49638511,122304258.5729651,112866429.06144014,104562412.91409259,111929918.67548008,116033922.37825263,101278819.28046516,113036113.21293011,115290473.04520267,111144810.29714754,98073609.64249015,101493125.93281256,110236685.18912259,102684915.39569512,110602835.77906513,115001545.29354519,106835872.65705514,94211883.31732763,108016425.5036352,112684537.20355764,122797709.22797263,109640933.92720518,105839255.20194761,103759110.41068761,116381963.12880759,110109302.0036926,114548625.15415262,102951923.46656764,103773628.58046508,112778236.96466018,109120584.01507267,107222289.68411265,102179320.26448764,101482739.05403766,94373387.2510776
2021-04-23,117482613.16306502,111788035.42478508,97649160.10420266,108218254.42190266,98775455.53731258,100920312.30126019,113722016.14629763,114369302.1717752,105978676.51897268,117643667.27947517,105199799.47698511,116501009.17750517,109819580.3363876,110171630.3385376,103629402.1783901,103637692.68043515,94180803.95586011,123179232.9759651,113628924.56994015,106097752.98559259,112899803.01548009,116744177.46325262,102705276.19796517,114773157.24743012,116891722.27970268,113071403.06914754,98421531.24499016,101605145.29831256,112879134.62412259,102918865.46069512,110800735.14256513,115551175.68954518,108064931.32205515,94248710.09282765,108931103.7911352,114429347.53355765,123264767.64797264,110347080.91686267,107333078.43694761,105002854.49718761,117604999.57080759,111554322.5256926,115174762.28465262,104106385.12656763,104817041.25846508,113920138.45766018,110857765.92509267,107035427.77511264,103402804.54648763,101364946.65253767,96289000.54557762
2021-04-26,115737613.16306502,108954206.46478507,94094506.24219766,107226157.15971765,96749023.79496257,99449312.30126019,110601158.83379763,111247935.21377522,102636553.67497267,116220223.32947516,101670370.29448512,114502284.35400517,105748322.47688761,106809824.3804976,100626627.6233901,102360320.70509264,91715304.6923601,119966027.79346511,110621037.66223013,103849915.1505926,110490756.64048009,113248427.71425262,99027039.98596518,110940050.22643012,111061502.59020267,110166668.89714755,96270817.62499015,99759476.50831257,110068441.26762259,100049732.18019512,107338166.60956514,112908212.3413252,105531946.25405514,91504937.00182764,106068192.86613521,111675713.38684765,120383975.17997263,107842586.25386268,104381562.26694761,102048854.85318762,114730415.1638076,108303686.17569259,111131327.51565263,99658726.60656762,101763481.21846509,110980049.95066018,107840770.54059267,104362530.48561265,101574449.74498764,96640280.33353767,94383829.0925776
2021-04-27,112645143.798065,105871908.42478508,91956960.64871016,105976173.70571765,95447698.32896258,97082264.70876019,107382404.71129763,108741694.1972752,99895492.29147267,113148223.32947516,99659506.76098512,112960359.52150518,103538433.70038761,104612200.7295476,98617824.5373901,100328538.16809264,90787262.30836011,116993901.9464651,108673927.28353015,102572799.4390926,107961939.59383509,110247764.10025263,97261847.83246517,108439240.27293012,108289291.86370268,106879624.13214755,93956235.98449016,98539547.27831256,107270833.4436226,98026174.64105012,104586942.23836513,110695269.0033252,104214299.27455515,90262097.76745264,104174130.4666352,108984251.11034766,117670962.18297264,105651948.58636267,102872260.76644762,100284470.16918762,111269762.87530759,105881442.52969259,107998238.40865263,97504522.98306763,100183312.04696509,109096649.11817268,106623567.27709268,102868380.54811265,100699244.73648764,94944859.86603767,93049303.80157763
2021-04-28,112779143.798065,105554908.42478508,91926849.08871017,106949853.49471766,95888940.21096258,97339264.70876019,107034980.85329764,109351327.72477522,100251750.96597268,113221223.32947516,99707986.79248512,112715593.13600516,103452435.14938761,104866018.5575476,98567096.8233901,100414944.84909265,91101395.07586011,116426744.36046511,109007420.50353014,103431427.5130926,107652499.33883509,110336600.20225263,97394400.03246517,108520417.06837511,108292256.67720269,107261679.77414756,94159409.49349016,98194445.03281258,107359182.4471226,98009999.55555011,104081309.16486514,110676551.7163252,103986398.17505515,90479209.99439764,103779835.1051352,108635412.19034764,118095552.75047264,105064696.04686268,104242795.20594762,100241963.88968761,111126409.5873076,105830468.6826926,107514560.38515264,97197326.14406763,100324512.85146508,108798612.35817268,107453937.3385927,103531291.24661265,101518550.53798765,95106682.97653767,94209793.53307763
2021-04-29,113576143.798065,105561908.42478508,93050037.61471017,107957754.24671766,95997710.93746258,98129264.70876019,107400289.84829764,110130943.17527522,100567964.45397268,114102223.32947516,100228961.82248512,112938832.09150517,104263431.75088762,105718278.8965476,97989037.4578901,101378960.46709265,92178174.15336011,116172128.22846511,109445528.08203013,104927942.2795926,107361808.3338351,110569617.11975262,98673886.07846518,109072994.10287511,107371254.5872027,108420345.58014756,95101995.51199016,98534767.74881259,107136971.18462262,97927686.58955011,104078805.07086512,111189449.9033252,104251500.71105516,91115134.38039765,103364600.9086352,108593536.83034766,119415439.29547264,105264723.47086267,105955199.38294762,100419954.75418761,111667038.3623076,106047057.69619259,107863298.99515264,97632587.75206763,100904008.81996508,108458474.9416727,107972627.1900927,105482328.83211266,102210895.88048765,95871502.10453767,94649745.57507764
2021-05-04,111818143.798065,104092828.38578507,91309411.25221017,107005142.90171766,95196184.08146259,96815264.70876019,105458067.04802263,107999522.12577522,98251642.94347268,111946223.32947516,98694477.14448512,111600521.06650518,102040613.02588762,103286186.3795476,97002836.2883901,99856629.71909265,90805566.2433601,113645109.24396512,108195359.26153013,103217552.32009262,105479929.1408351,107535480.15725262,97551812.90696518,108007625.63837512,104030437.0232027,107310225.95659256,93168001.57199016,96958284.36181259,106054199.33312261,95593964.09705012,103169777.53486514,109334532.7813252,102276566.49905515,90624017.29339765,101175622.5036352,106756764.37434766,116200045.97047263,103443899.78486267,103905228.07344763,98467490.34918761,110549352.8363076,104704310.8951926,105751219.93365264,96648954.59506764,98261525.65646508,106192697.51967269,106661563.7190927,103569708.72411266,101422837.49898764,93617283.23103768,94302575.89807764
2021-05-05,115544227.05806501,107439449.97578508,93929277.76921017,109164923.40221766,97425925.72146258,99662748.1072602,108000391.14402264,109783840.27377522,102418199.2459727,115763108.26947518,101954944.53498513,114866693.37250519,105130347.22788763,107202533.5225476,99054102.8353901,103376207.11809266,92424495.2018601,116425174.91646512,110454101.80353013,105643108.98159261,108338197.1983351,111754163.10225262,100267020.05296518,110643649.50937513,107628446.94370271,110722711.34609257,96582858.92449015,100094257.76781258,110078969.19162261,98021416.02455011,105947337.36936513,111640532.8128252,104210046.98905516,92008479.28239766,103225273.07163519,109755185.24434765,119996598.82797265,105494004.33386268,107260795.75444764,100129315.17568763,114979448.01280761,109048636.72269261,109232486.72165264,99103243.21106765,102568482.25896509,108601217.2391727,108238419.8945927,106420514.50561266,102374121.55248764,96094438.46003768,96392425.59257764
2021-05-06,115059739.97606501,106318082.92928508,93708411.22371018,108822136.04221766,96313559.01046258,99838892.51076019,107784056.06402263,109849380.68177524,101859926.7869727,117185857.53747517,102471162.56998512,114811075.08650519,105724357.74488764,107798052.3885476,98260974.84739012,103138584.13509266,92397502.25886011,117339931.88496512,111359728.30403012,105308139.62709261,108623518.5053351,111388701.27175263,100772437.95096518,109450156.72337514,107482812.13070272,110651352.19309257,96858133.83249015,99868241.68381259,109186384.92162262,98430081.85255012,105635945.61986513,112201037.1078252,104707793.13155515,92164548.05739765,103487081.0341352,109584641.91034766,121053670.42297265,105668811.56836267,107336281.94744764,100463197.21718763,115552984.4353076,108177367.8131926,109296677.89715263,98759322.52856764,103227850.62246507,108372541.0081727,107779885.25509271,105805668.56511267,102444787.42248765,97361119.45253769,95868045.35707763
2021-05-07,113735739.97606501,104068319.94428508,92433136.71971017,108153966.98671767,95495503.09146258,98122477.05376019,106132190.45852263,108070563.93527524,99372673.2509727,115641945.51647517,101229557.01998512,113009706.76700519,104089393.48288764,106589539.2680476,96708761.17739011,101059883.94459265,91517808.7268601,115898222.03696513,110426853.93753013,104799048.98209262,106763758.2953351,109461061.46825263,98504991.21746519,106767447.84987514,106078444.72470272,109127355.23909256,95352048.74149016,98852085.35331258,106051230.72012262,97157925.29455012,103627903.81086513,110570956.4248252,101444709.77719766,92375780.43039764,102254704.8706352,107924954.96734765,118350044.61847265,104626517.48036268,105415280.64794764,100283498.50218762,113534134.24130762,105687883.2701926,107980303.84165265,96816517.05506764,101543964.91146508,106281731.2096727,107146765.97959271,103886696.38311265,102398971.98348764,96630101.79303768,94864079.50503764
2021-05-10,113597739.97606501,103739736.12678507,92659732.22621018,108397514.79671766,96698589.56146258,97871613.88426019,106174010.72152263,107845364.44077525,99424693.20697272,115488554.95647517,100939797.49948514,114049123.87050518,104022785.11588764,106560498.01504761,97629670.29639012,101374911.04209267,91706497.7108601,116084228.86946513,110621559.64353013,104824278.13309261,105186161.6378351,108334848.91725263,97780219.9534652,106615782.75287515,105526764.49870272,108988451.64959256,95288831.80199015,99615528.03081259,105999222.88262263,97110181.01455012,103825083.38586514,111478123.37082522,100516453.56569766,92686677.18839765,101530536.93263519,107974834.70134765,117451960.38347265,104145441.61886269,106158155.71294764,100092725.42318763,113740599.66180761,105353827.66019261,107487324.75265265,97697922.28956763,101657894.16896509,106292893.86217271,107783621.2310927,104203150.97811265,102373898.67398764,96482900.70553768,95085756.51503764
2021-05-11,115034739.97606501,104963845.66928509,93478540.46471018,107360577.10171767,97074500.9354626,99138992.74326019,107683638.40152264,109640665.53577524,101368181.36597271,117186751.20397517,102232719.11948514,115841636.5720052,105220268.44988763,108078625.7375476,98521002.80389011,103695995.99209267,92211283.05836011,117886210.48246513,111683719.57453014,105336103.9415926,106050008.1388351,109962749.06125262,99192189.96846518,107642532.62187514,107165111.58570272,110207543.79359257,96172886.84199014,100607575.21031259,106711077.38962263,98631358.70305012,104458131.33086514,113530406.36332522,102196251.53269766,92500555.91639765,103014650.4241352,109278914.41634765,119219500.14347264,104801411.80536269,107201596.80744764,100965098.08418763,115011608.99630761,107458100.7371926,108974364.67865264,97881167.76456764,103404069.63646509,107660975.69417271,108230822.08309272,104912023.09961265,102423389.04198764,97779513.9280377,94673100.63903764
2021-05-12,117824102.66006501,107154228.42478508,96212398.25271018,108730493.06221767,98840854.1839626,100778115.0652602,111094584.32752264,112155125.89327525,103094775.95297271,119759885.88147518,103901623.76598513,118586674.78900519,106942544.42888764,110590310.6800476,101023589.37639011,106137976.53759268,94037010.08836012,121017604.88346513,113756789.55003014,106661909.77059262,108226901.0103351,112134678.02525264,101508650.25696519,110321169.22687514,109591419.63970271,112745466.65459257,97906091.07099015,102930302.41631259,109524331.96112263,100045436.92955013,107327240.36536515,115727847.24882522,104769253.57219766,93002398.63139765,104864478.1636352,112077110.19284765,121401242.88297264,107139518.2813627,109775921.96644765,102797899.81418763,118478369.10730761,110752688.07569261,110724732.08465265,100438696.84056765,105660760.9469651,110899712.18417272,109738108.57909271,107641683.00511266,102794940.91998765,100270482.6605377,95359968.69503763
2021-05-13,119770102.66006501,107657157.47328508,98600915.61721018,109121573.14521767,98876047.06296259,101431154.5717602,111565841.46252264,113488387.82327525,103534038.86547272,121393972.66597517,105165511.70598513,117723360.67100519,108152903.02388765,111414702.13204761,101771092.69939011,108066763.24659267,94825772.65786012,121920297.76496513,115165117.67353013,107962553.49909261,109835289.6228351,114205944.93925264,101799262.43196519,110969871.83387515,110320972.40820271,114419002.91709256,99206674.30249016,104066447.99981259,109750545.68512262,100768781.65255012,108268304.81336515,115555886.25132522,106224551.66219766,94388469.34639764,105846595.94063519,113362950.17884766,122530905.57247265,108119278.9213627,110157016.64994764,104585125.55818763,118529933.43380763,110695549.4556926,112745694.14065266,101533988.12206765,106337715.7454651,111841788.64867271,109128858.0380927,109284843.78711267,103073548.45998764,101239264.98303771,95475698.17803764
2021-05-14,123303102.66006501,110897686.90678509,100649901.59421018,110439557.98621768,101442525.0449626,103611478.9877602,112988664.93852265,116915774.87427525,104763895.60847273,124368224.72147517,107889155.47848514,120526104.63800518,110960779.32688764,114549125.69904761,103750085.96389012,110416665.40159269,97045831.80486012,125159102.84196514,117905587.71103014,110414200.19659261,112377546.3808351,117611673.41925263,103137124.44146518,113622774.08287515,112782648.43220271,117934279.08609256,101502965.96749017,105920460.7538126,111327023.95362262,103176145.63455012,110035511.17286515,118558028.74732523,109078032.19219767,96577636.25439765,108800427.3581352,116073508.64834765,126178812.70747265,110960157.9838627,111668093.97894765,107540125.55818763,121254342.95530763,111577085.5146926,115725908.47365265,103516039.30706765,107674341.1834651,114997483.29217273,110490650.07959272,111780957.02711266,105507091.67998764,103888465.1735377,97244431.44153763
2021-05-17,124028102.66006501,111186129.94778508,101176254.98021017,109225535.11196768,101935529.0949626,103634498.04776022,113477946.93352264,117077165.06427525,105093072.84347272,124797883.68147518,108237965.76198512,121262640.45450519,112011682.41638765,114874694.4690476,103493446.11339012,109987634.34259269,96646601.42736012,124573129.23046514,118316024.56103015,110077887.95159261,112963942.3623351,117898412.03175265,103394547.3724652,114756297.37587515,112414093.20970272,118169348.91859257,101989584.60999015,106493075.2668126,110481213.40262264,103671882.59005013,109877369.19086514,118389740.43632522,110077032.19219767,96543156.93339765,108824783.96363519,115623911.15834767,126957531.93497264,110693836.3583627,111720968.01094766,107674193.09818763,120711159.27030763,111122123.4581926,116204707.50865266,104067669.77256764,108736792.6874651,115488320.26467273,109796614.94709271,112245322.37611267,105041626.95098764,104167914.8360377,97145398.75353764
2021-05-18,123256349.21906501,109466295.36178508,99945064.82571018,108237654.88446768,100372183.3049626,102229931.6782602,112424829.25352265,115345672.16177525,103626978.65647274,123901320.18147516,107255900.73198512,119696705.97200519,110777851.15738764,113999523.7760476,101328542.08589013,108035045.11659269,96039630.5223601,123027830.03446515,117231927.71303014,109635763.98159261,112167271.40183511,116681033.74425265,102196772.46696518,113249338.83787514,111451629.95170271,117574087.36859258,101234649.65799016,105809175.3358126,108682590.78812262,102887341.20255013,108221959.08042015,117403846.52982523,109268186.69419767,96656479.54339765,108171791.9076352,114457620.04034767,126309409.40497264,109630638.6963627,110731979.43794766,107062514.60068762,119046537.95130762,109939857.9821926,115307941.06065264,102791409.57006764,107504663.33146511,113620058.12517273,109975888.18309271,111525585.75311267,105634204.38448764,102127350.2950377,97643816.70453763
2021-05-19,124345199.99156502,110242603.68778509,99931060.76571018,108097714.40246768,100841398.2949626,102878916.45576021,113638588.08852266,115975995.54077524,103829048.45497274,125926690.84647517,108406900.73198512,120154945.95550519,111259323.24838765,114924424.2910476,101170802.74689013,109548891.19659269,96503369.90936011,123597030.74896514,118165828.22803015,110739664.49659261,113124891.3168351,118217037.33375265,103726513.29196519,114163597.66987514,112637948.57670273,118641690.31559257,102022649.65799016,107030762.7678126,108993987.55312264,103884844.00005013,108702287.90292016,117806934.42832524,109718087.20919767,96876383.77239765,108986385.8216352,116613412.93534766,128039832.26897265,111225997.1133627,112095019.17794766,108542415.11568762,120110691.46130764,110716719.19819261,116357482.69515266,103723431.02806765,108046535.5694651,114819709.15017273,110999740.19809271,112917028.25411268,107236620.55548763,103129843.4550377,98381386.01753764
2021-05-20,121450199.99156502,107932442.38728508,98210758.48571017,108241556.72296768,98168476.3469626,101093326.66976023,112415549.70152266,113952005.01777524,100418188.45397274,123975859.76647517,105929793.11198513,117661253.9900052,108951106.40238765,112617274.1310476,100438387.01439013,107765422.6925927,94290648.47536011,122079285.76246515,116073880.06803015,108872556.8765926,111841432.9608351,115674487.03375265,101524184.7439652,111919748.11187515,110228815.93670273,115524654.94309257,100210884.50799015,105241623.2908126,106526168.75662264,101419469.38405013,106548746.74442016,115224247.85332523,107028951.03919767,95798830.12589765,106802259.42313519,114520383.32384767,125098612.75497265,108823778.4283627,110792633.35594766,106514522.91568762,117918089.83480765,108705174.2001926,113700734.89515266,101312745.13556765,106221252.69246511,113771339.64217272,109281946.78009272,111277512.45511268,106771692.44398764,100644656.64253771,97942678.97153765
2021-05-21,122154252.11656502,109169127.75128509,98173001.50771019,108074801.82396768,98950836.3814626,102317632.7847602,112514378.29352267,114783784.71377525,101578664.43097274,125111257.39397517,106925793.11198513,118000487.46750519,110098873.36538765,113442274.1310476,101014454.11789013,109420356.73359269,95100010.9238601,122497264.52346514,116808880.06803015,109493261.98336762,111843748.12083511,116691487.03375265,102346568.1094652,112275561.37037516,110883807.07520272,117165163.83309259,100778884.50799015,105572395.2503126,106559143.67112264,102799603.72905013,106944019.01092015,116924905.24632522,107587451.41419767,96341885.39839765,107991407.18463519,116187012.90734768,126498248.66547266,109715778.4283627,111181694.36744766,107266522.91568762,118619227.84280765,109324177.76619262,114953551.38015266,101347039.31056765,107479105.57646511,114290339.04417273,110762573.19959272,112309652.92861268,108634686.72098765,101432534.89953771,98831808.75353765
2021-05-24,121270252.11656502,108476930.3137851,97467588.06771018,107995225.04896769,98874519.00546262,101928705.84476021,113265563.41702268,114306729.20027524,101824955.18847275,124861257.53647518,105918793.11198513,117242007.0035052,109578556.18688765,112607274.1310476,100972779.33389014,109414938.8855927,94658465.5068601,122167684.81046516,116058880.06803015,109125854.24786761,111626620.66233511,115647487.03375265,102279774.3594652,113163458.58687516,110133026.36170273,117448445.72309259,100150884.50799015,105328133.9403126,106579210.34062263,102356824.47755012,107899520.51142016,116927561.44682524,106922451.41419767,95960790.64189765,107244883.0771352,115900343.19284767,126605063.15597266,108777778.4283627,111336813.86794767,106432522.91568762,118096369.26630765,109523798.1036926,114508804.61565265,101307747.79256766,108147448.88196512,115617038.47517274,109724301.56709272,112228997.05611268,108585858.09748764,101322314.0750377,98213348.12053765
2021-05-25,121733252.11656502,107782908.1787851,97392445.75771019,108887077.1729677,98816574.97046262,101631977.17426023,113477710.31002268,113565274.16527525,101870686.89497274,125076840.69147518,105393793.11198513,117401471.28650519,109105332.19688767,112064274.1310476,100027809.22289014,109420511.95659271,94511103.89686011,122186202.37896515,115490880.06803015,109159051.67236762,111232191.72633511,115313487.03375265,101965162.66446519,112511193.31987515,110242010.22170272,118072824.65159258,99679884.50799015,105826326.2503126,106914144.48412263,102282959.17755012,106977169.36692016,116330140.61282524,106289451.41419767,96402538.68239765,106971883.0771352,115763751.18784767,126253747.60647266,108434778.4283627,110626829.71544766,106154522.91568762,117661731.37180765,108994003.2866926,114394796.29115266,101395046.49056765,108026403.04196513,115075757.95617273,109908584.50309272,111884372.26011267,108945147.09398764,101308786.5620377,99211451.60453765
2021-05-26,122003252.11656502,107366830.4157851,97795445.75771019,109530382.58596769,98415411.29746261,101097277.90426023,113984717.54502268,113024897.93277526,101516339.54947273,125172922.06847517,104745793.11198513,116410517.9225052,109042870.69988766,111528274.1310476,99287268.33439013,109843177.7210927,94737504.5578601,121259427.72346516,115026880.06803015,109598094.5308676,111328170.49333511,115320487.03375265,101070963.69446519,111864822.60337515,109976210.53420272,119114657.16159259,99314884.50799015,106044326.2503126,107391728.42912264,101163345.77405012,106993307.22692016,115545630.69782524,105775451.41419767,96885073.79989764,107148883.0771352,115942671.85284768,125468284.01997265,108485778.4283627,110273930.98244765,106347522.91568762,116720729.54680765,108094402.51669261,114636082.48365265,101843812.34806766,107069235.14046513,115153474.99717274,110707305.31609273,111491492.08611268,108817740.47398764,100513899.6585377,100131300.06153765
2021-05-27,121503252.11656502,105542225.9697851,97504445.75771019,108910771.5274677,97321339.03746262,100324157.29826024,112920897.97052267,111179609.53777525,100558431.37797274,123786328.44147518,103646793.11198513,115165238.90250519,107609533.28988767,110510274.1310476,98252650.75389014,109815328.64609271,93744693.00786011,119816079.54546516,114063880.06803015,108848403.68286762,110475886.50583512,114537487.03375265,99888402.4419652,110071971.71887514,109836086.76970273,118166769.86159258,98529884.50799015,105484326.2503126,106820036.28862265,100187128.36605012,107110492.16042015,114474567.06082524,104848451.41419767,96576697.26189765,106583883.0771352,115137041.80184768,123781859.56797266,107804778.4283627,109464815.92244767,105788522.91568762,115891088.65730765,107203965.20069261,113904668.57165267,101284918.39406766,106800411.62046513,113798444.05917275,109717103.70409273,110558198.19411269,108264985.40398765,99563899.6585377,99115465.28353766
2021-05-28,125049232.01156501,108396478.6192851,100921445.75771019,110929929.1474677,99599814.73496261,102167214.14026023,117492013.69952267,113750811.85977526,104061519.03147274,127996394.0239752,106204793.11198513,117585367.90500519,110910309.76238766,112916274.1310476,100500104.35739014,114806152.9200927,97011382.3378601,123170762.88446516,116395880.06803015,112249458.52536762,113891666.47333512,118108487.03375265,102543561.72996521,112826439.86887515,114121662.41570273,122608816.62709258,100476884.50799015,108489646.1803126,110675019.73362264,102671601.50405012,110268000.01892015,116556162.21982524,107128451.41419767,98326773.30189764,109576883.0771352,118869189.88184768,126839276.25847265,111195778.4283627,113519376.72544767,108817522.91568762,119240213.93780766,109651549.3606926,116995630.33165267,103953237.83956766,110047024.36446515,116397565.46467274,112876050.39409272,112359089.35411268,110573720.25398764,101891549.57103771,101026590.96103767
2021-05-31,125736232.01156501,108164033.0027851,102173445.75771019,112530366.0849677,100445593.26896262,102416412.13376024,120216438.25802268,113932533.13027526,105241518.52147274,129221078.2854752,105757793.11198513,117038618.34300518,112326658.48338766,112523274.1310476,99906596.05239014,116654263.1375927,98791641.80136012,122326841.04746516,116043880.06803015,112915189.1653676,114720593.33883512,118548487.03375265,102405149.4899652,114002102.28487515,114796368.00320274,124841417.37659259,100199884.50799015,109698646.1803126,112507620.38662265,102123784.62355012,111820096.47642016,116863882.35382524,106741451.41419767,99072164.33689764,110081883.0771352,119836274.64184767,127904366.42297266,111666778.4283627,114877889.75494766,109345522.91568762,118953589.90530767,109431357.23069261,118381846.82565266,105765219.81906766,110464549.69746514,117732635.91167276,114685491.70759273,112493111.06511268,112332798.20998764,101524549.57103771,101915776.78603765
2021-06-01,126220232.01156501,108796470.2147851,102093445.75771019,113385681.98446769,100764076.06746262,102600468.91476023,119712541.47352268,114528853.32327527,105863162.51447274,130604516.85997519,106444793.11198513,117346460.28350519,112614369.78538767,113162274.1310476,100396390.25439015,117232967.2070927,99688574.37136012,123329340.41146517,116635880.06803015,113380189.1653676,114593679.84033512,119116487.03375265,102677722.3424652,115244446.68287516,114973394.65020274,123675161.98809259,100709884.50799015,110653646.1803126,112121943.83512264,102570421.45555013,111638353.97192016,117642594.39332524,107282451.41419767,99484067.85589765,110535883.0771352,119487117.15784767,129147499.79897267,112158778.4283627,114573989.28794767,109777522.91568762,119537589.90530767,110502427.92019261,119321320.31965266,106187480.09806766,110173236.79146513,119027937.88067275,114502210.00359273,112773487.24011268,112826631.91998765,102304549.57103771,101886368.72503766
2021-06-02,129329964.46156502,111494503.09128511,105300071.14171018,115593356.41596769,102265695.55796263,103856997.65476024,121970354.12952268,116550222.12927526,108492398.00197275,134088652.3854752,108889838.74798512,120181306.39950518,114068521.58438766,115280040.19904761,101851366.66939014,120327991.66459271,102422430.97436011,126538902.28146516,118634646.13603015,116721285.53286761,116921808.44883512,122850319.54375266,104634947.0209652,116700707.72887515,118332240.27670273,128122259.8635926,102375513.49199015,112985637.56131259,114288944.22612265,104244267.60805014,113498395.14442018,119723943.84532525,109201080.39819767,101638411.54239765,113524444.1236352,122463389.39184767,131422447.26997267,115371934.7303627,117737694.35994767,112820128.28768763,121834658.15630767,113124462.43569261,121802023.77565266,108261008.37806766,113266582.05196515,120925446.97567275,117772134.89059274,114163739.53011268,114535755.12198764,104164046.47253771,105146940.16153768
2021-06-03,134286964.46156502,114586871.03728512,109414071.14171018,119777640.81296769,104739069.60046263,106270311.64526024,125570127.05452268,120078605.89877528,113010997.79697275,138698663.5959752,111896838.74798512,124530545.93300518,116825243.74938767,118043040.19904761,105151188.49189015,124887889.73209271,106294304.49036011,130825763.77646516,121269646.13603015,120814285.53286761,121081755.20183513,127350319.54375266,106883313.8234652,119848821.03787515,124182223.29920274,133397045.5195926,104668513.49199015,116322637.56131259,117816465.54862265,107022934.59055012,116981196.94442017,122747539.60632525,111836080.39819767,104365744.83239765,117195444.1236352,127820017.81684768,135161758.05547267,119394934.7303627,121074497.61344768,116431128.28768763,124265658.15630767,115665492.1956926,125906157.52865267,111563336.65056767,117464649.85196514,124874432.84167276,122371113.69109273,116254160.49611267,117920014.32698764,106594046.47253771,108535300.94353768
2021-06-04,133405964.46156502,114628265.72328511,108825462.23921019,121582923.53596768,104628817.79396263,106862461.87026024,125030721.71952268,119495588.86277527,112704997.79697275,138407234.6049752,112228146.61898513,124577545.93300518,117298121.42488766,118277320.5395476,104931964.46839014,123762692.9810927,105749321.57686013,130629763.77646516,121212710.14753015,120799766.7103676,120213688.69683512,127256845.61875266,106996618.5719652,120369040.73287515,123379904.35620274,132948316.0345926,104549099.96499015,115933860.7013126,117896168.65162265,106890810.50105013,116462965.30642018,123246982.35032526,111807935.83319768,105121244.85139765,117251444.1236352,128810299.64084768,135468549.79597268,119127764.7253627,119870010.21594767,116321453.78768763,124208017.49130768,115841686.46869262,125571327.99865267,110703186.82556766,117050095.35746515,124836524.02717277,121944373.34109274,116031962.24461268,118416963.40148765,106705775.8030377,109449048.89053768
2021-06-07,127835145.38156502,110154930.52428511,105173462.23921019,118030849.40096769,102458357.34996262,104952173.88726026,121368998.49952269,115940110.27877527,107748658.77197275,134308840.73297518,108666340.55398513,121328130.95800519,114741984.15988767,114963831.66654761,101429934.98189014,119203444.6060927,101384017.43986012,126175135.60846516,118582725.97753015,117291460.3363676,116235782.50683512,122597064.06125265,104193071.9279652,116760849.64487517,119013125.92870274,128714342.5370926,101545644.60849015,112148069.0363126,115258950.49762265,103579833.18855013,113870783.12992017,120345049.11932527,108172826.48669767,101797351.94339766,112983402.9086352,125294738.27834767,131976033.50797269,114755727.3133627,116358972.90094768,112555589.47768763,121040347.20880766,113818092.75219262,121174191.39815268,106150203.16606767,113784854.64646515,121552241.89767277,116996980.07809274,113452628.88161269,115275331.73098765,103982185.8640377,106464775.44453767
2021-06-08,123352723.21081501,107174185.9167851,101909462.23921019,114058870.5854677,100381908.47596264,101351915.44576025,117037576.15322268,111699771.78977527,103379301.27233773,129994027.90897521,104762783.81398514,116813238.33800519,111215891.08088768,111134437.71254762,98424794.44539015,115841929.85109271,97786562.49476013,121458677.34446517,115001788.98053014,114014355.88236761,112956782.50683512,119119802.11425266,99901981.98946519,113567251.17887516,114774980.63102774,124730388.5995926,98313211.70249015,108258619.3753126,110281359.74262266,100179860.96455014,110425899.74753267,115834775.41932526,104488240.60369769,97641550.80659765,108682375.1816352,121710152.14834768,127547926.22297268,110469060.7233627,112015883.20094767,109123589.47768763,115997933.44332767,109619973.01419261,117146932.45115268,101372836.91656768,109324820.25396515,117487782.88267277,112713052.10541773,108701401.72561269,111550379.76998766,100518687.93903771,103160830.58703768
2021-06-09,127182833.71081501,109012128.50178511,105249597.92921019,117050523.43896769,102328419.07246263,102753298.61476025,119970388.38972268,112743230.58427528,105767668.30933774,133776945.56897521,106974070.13998514,120336687.95050518,113059663.05088767,113626759.03604761,100746401.95689015,118882688.51609272,100394937.15126012,125391097.46446517,116651779.55153015,117248810.21236761,116299985.83883512,122442943.46425265,101928895.0734652,115945453.62237516,117871779.54702775,128108702.5975926,100446872.89500266,110468974.86031261,113457455.29262267,102175163.38855013,113062974.26653267,117735908.01315027,106655386.05119768,100278656.45309764,111650423.5016352,124822224.98714767,130581513.28297268,113689370.9433627,114817334.26144767,111826169.95268762,117461714.39132765,110141003.19419262,120120335.32865268,104390972.83456768,111141615.69796515,120105509.30767277,116360197.98391774,111448645.5614727,114993406.10798766,103014758.17453772,104368458.82253768
2021-06-10,125538833.71081501,107316637.76378511,104012844.28521018,116051193.7384677,101422686.78896263,102008575.61426026,118564256.42872268,111672968.88377528,104343178.03333774,132993996.8469752,105292209.34698515,118801687.95050518,111657477.30288768,112502538.54354762,98608006.68939015,117669385.1420927,99484335.55726013,124044824.38196518,115000911.34103015,116656775.34186761,115306069.69883512,121287234.35775265,101350159.02396521,114383166.52337517,116334098.70552775,126346847.1950926,99298427.70300266,108835408.06631261,111600119.50712267,100699173.63455012,111215514.27103268,115499302.26565027,104888788.2351977,99235771.86759765,110626210.18163519,123445224.98714767,128389304.46797268,111997888.2358627,113364482.22844768,111009049.88968763,117014712.92332765,109512260.48419264,119016346.84615266,102582651.98456767,110557566.25296515,119332413.68267277,115106571.19841774,109168608.4114727,112458120.41198766,101082167.8295377,103428107.88603768
2021-06-11,126416833.71081501,108655950.46678512,105603199.55971017,117566635.72396769,102553916.90196264,103128268.43926026,120144315.24922268,113253530.10877529,105499493.34733774,134312934.9519752,106437842.79948515,120289687.95050518,112821521.34638768,114492574.14904761,99591818.81039016,118849029.07959272,100521324.08476013,125017328.57196517,116530816.53503016,117693751.48036762,116636918.81683512,122392091.88275266,102984029.79596521,116009185.01637517,118235214.02552775,128128349.43309261,100816651.09050266,109990697.8363126,113731232.29462267,102222021.26005013,112845795.49203268,117274888.24515027,106347424.16069768,100289546.00659765,112525412.1776352,124105664.57214767,129113419.98047268,112772935.01086271,115028136.75194767,112259835.01968762,119231018.89232765,111745617.59819263,119750496.04615268,103853694.77006768,111609676.67996515,120237264.30317277,116556788.24391775,111944689.6814727,114908058.67148766,102876354.16203772,104908254.61153768
2021-06-14,125278833.71081501,108322250.88228512,104670925.54971018,116841980.94246769,101738039.83396263,102899610.40076026,118613328.31822267,112707091.67027529,105849538.86283775,133189753.9859752,105440738.78198515,119578687.95050518,111977740.8893877,114081067.26004761,99142486.11539015,117731445.38659272,99823981.14026013,123636910.59696516,115829433.11553016,116958577.75986761,115627425.61683512,121369469.83475266,103276998.7234652,116055828.91337518,118276193.74052775,127207815.59509261,100886977.78500268,109428732.7663126,113679870.98262268,101645209.33805014,112490564.30803268,116654608.92915027,105290812.4456977,99805253.83859766,111184160.6336352,123175693.39914767,128664512.08047268,112044119.5308627,114548398.06994767,110917328.67818762,119630239.95282765,112158210.51769263,118770439.82215267,103234919.68706769,110505747.61496516,119355927.32017277,116006751.16741773,112355621.1564727,114704470.48748767,102774766.10003771,104958463.78703767
2021-06-15,122744833.71081501,106784155.49128512,102579782.18171018,114902517.59446768,102326213.25796263,101752992.72576027,117398414.15322268,110985730.39527528,104680923.65633775,130820862.26097521,105231196.10198516,118288687.95050518,110536213.5343877,113096787.98254763,98643002.48589015,115722850.27809271,98372789.46776012,122700195.79446518,114042688.87753016,114955306.58886762,114204404.78433512,119820524.87675266,101635950.28796521,114305508.37837517,116565326.84502774,125354127.39209262,99815764.24600267,108185510.28831261,112157531.91362268,101555913.77062514,110705317.75103268,115701865.98115027,104152244.1816977,98718891.35709766,109485103.0836352,121234693.39914767,126937986.64947268,110933942.5448627,113274750.76694767,109072394.74068762,119307536.14932767,111331369.97569263,118057548.09715268,101448695.81256768,108902922.13260016,118186837.09017277,114454490.82441774,110848528.74797271,113947757.16248767,101436453.8550377,104030013.91453768
2021-06-16,122539833.71081501,107429062.83178511,101900612.50621018,114315467.31096768,101900184.66446263,101317706.77826026,116822103.43822269,110953346.55627528,105361567.02633774,129946094.9249752,105849658.11748515,118296277.55050519,110822622.1068877,113007726.30304763,98663161.97089016,114807375.67609271,98417930.17776012,122684792.26946518,113694661.29053016,114959690.92786762,113958056.21933511,119831473.77175266,101412951.00546521,114114054.05437519,117067733.02002776,125724085.70909262,99920927.28250268,107811633.79431261,111516101.25962268,102112958.89312515,110343885.41853268,115740301.11865029,104225911.5841977,98343698.48109765,108932899.8696352,120854098.20264769,127347180.67697269,110613189.1228627,113172384.50694768,108873519.84068763,119715851.31832767,111632432.49819264,117693897.31065267,100855527.81856768,108841083.76760015,117635953.81017277,113680388.06291774,109998079.4119727,113748754.00948769,101091733.61503771,103643485.99203768
2021-06-17,125800833.71081501,109735040.91228512,104193617.23521018,116931048.2959677,102905756.34846264,103726490.52876027,120606714.45122269,113385240.72427528,107905536.88683775,133138667.92897521,108222194.96998516,121741277.55050519,113045827.2158877,114814799.16554762,101070096.22439016,117534287.23609272,101155114.03026012,125979562.61296518,115966186.86253017,117406590.04686762,116661537.15883511,123447694.63175267,103522794.84196521,117390553.13812017,120689814.67202777,128801725.8070926,102147035.83150268,110314492.30131261,113471929.74462268,104434975.81612514,112843381.7035327,118936878.54215027,107140492.0171977,101108480.64309767,111590692.8946352,124674335.35564768,130610991.12197268,114066183.13086271,116603219.94244768,112323142.82768762,122393766.36582766,114094825.32069263,121537766.09165268,103175597.0685677,112127285.68160015,121034462.32517278,114847521.60465774,111238580.63647272,116011861.02148768,103189088.54903771,105701377.1915377
2021-06-18,126212765.21081501,110387663.41078511,104439412.54021019,117624961.7159677,103731511.92546263,104289364.27376027,121500267.93272269,113305235.26827528,107781960.97433776,133778032.50897521,108682595.81748515,121880963.48550518,113322970.9623877,115605251.21854763,101528583.07639016,118886618.41359273,101212510.22026011,126147127.90046519,116306863.81253016,118144802.48686762,117040849.44683513,124390745.33175266,104194166.44396521,117569932.77762018,120846400.54702777,129080616.8510926,102759252.89500268,110739678.18631262,113219704.50462267,104714320.73662513,113185985.86353269,119000777.66865028,107366489.7971977,101925142.96559766,112045402.8346352,125117506.35064767,131508224.21397269,114532881.6458627,117167387.54894768,113115740.27768762,124399497.25332767,114102464.98369263,122109303.83665267,103007095.03356768,111929477.60010016,122263977.45117277,116554564.02615775,110764081.96147272,116469559.53648768,103167635.96403772,106140138.93753769
2021-06-21,125167115.84831502,108936371.1377851,103399505.0997102,116293656.69496772,102897026.45046264,102844088.99926028,119334625.9842227,111333877.06677528,106197852.48283775,131828318.0304752,108598211.36148517,120831995.99000518,112814775.5838877,114343064.83104764,100727707.83439018,117123903.01459272,100590354.91376013,125282920.44346519,116078958.30503017,116824159.86736763,115780885.61483513,122734514.53325267,103574034.61346522,115912074.38212019,119538779.13252777,126772684.2215926,101386956.70400268,109360283.22631261,112238536.82062268,103691435.54062515,112078961.8725327,118361915.7521503,107260002.8876977,100918158.01459765,111096464.9596352,123166412.06214768,130004849.93747269,113251602.9508627,115311600.12344769,111849557.86568762,122556364.56032765,113407988.56769264,121054453.01115267,102313615.35456768,110346144.54210016,120199205.73867278,115886833.91015776,110108804.11047271,115678035.23648769,102627983.55903772,105308882.32753769
2021-06-22,125989276.05481502,108708803.91878513,103766378.74121019,116623236.5639677,103167329.29546264,103263992.17276028,119411571.4322227,111383112.96977529,106926516.57033774,132556368.39647521,108977063.17448516,121687611.96800518,112452692.3543877,114481591.30754764,100541797.05489019,117153557.23609272,100829174.28076011,125972067.1999652,115804883.51053016,117527817.87236762,116325115.27583513,123067003.84825267,103757531.56446522,116296503.6616202,120195442.13052776,126766449.66909261,101689845.03750268,110026182.98131262,113020329.63212268,104049753.69462515,112846786.18553269,118560694.35215029,107075658.38369772,101356361.85409766,112167047.1166352,123565857.79414767,130211020.28497268,114111741.04086271,116110254.39294767,112232046.87618762,122512915.96982765,114225960.41769265,121859879.48115267,103205288.17456768,111310755.71510017,120075331.14817278,116153125.63815776,109998254.70047271,116240631.31298769,103575139.66653772,106229561.5700377
2021-06-23,125298108.43981501,107838719.28478512,103231567.4327102,116133416.72346771,102299516.28896263,102950994.20726028,118899317.6727227,110343953.7827753,105860258.41883776,131446352.32947521,108320774.84598517,120536018.10600519,111197904.4443877,113730405.62854765,99425709.09289017,115991328.20509273,100332441.92942262,124462476.78596519,114994408.23153016,117043279.33386762,114694269.85383512,121814860.09825267,102921101.09196521,115381961.68562019,119829785.86252776,125405712.43459262,100894814.96950267,108744881.83981262,111529509.44862269,103139913.19528766,112140934.84803268,118222892.91465029,106395163.87069772,100851410.44709766,111190204.8766352,122823788.27764767,129440947.42097268,113359533.1848627,115496336.17344768,111722484.68118763,121964946.61882766,113440098.25269265,120606288.29015267,102045161.20006768,109399359.36960016,118975237.66767277,115358518.57715777,109378773.00147271,115327181.5899877,102504460.47003773,105899041.5325377
2021-06-24,125745732.62381503,107168143.25778513,103297936.5852102,115843006.02896772,102065076.72396263,103245974.67978528,118985891.14372271,109641209.7027753,105208257.32683775,130827448.7429752,108350915.98698516,119949572.8095052,110671220.0558877,113199185.35004765,99515716.85839018,116284948.49459273,100668882.14492261,125038669.23896518,115032245.91153017,117346348.18786763,115029059.66333513,121952206.08825268,102535945.13146521,115192621.6386202,119444737.38852777,125761131.33409262,100217019.23050267,108256326.69981262,111774759.85862269,102983835.08478767,112316653.33703269,118133458.95565028,106389528.11669771,101192972.94309765,111073518.03413521,123049699.51264769,128654606.87247267,113084813.96986271,115525630.55944768,111545550.26318762,122198236.96782765,113412585.52369265,120570787.66715267,101760785.02606769,109198752.98610017,118427681.59767278,116205136.33515777,108908220.93797272,115881254.58848768,102003979.98853773,105980001.8925377
2021-06-25,127904835.21631503,107228223.93278512,104406281.1987102,116643153.34346773,103052818.70746264,103094232.86078528,119449784.27222271,110696395.2787753,105207502.15833774,131613216.84247522,109362839.32798517,120361629.00750521,111733477.86538771,115473009.20404765,100179575.92539018,117336363.01259273,101270344.80342261,125428118.95046519,115790765.46353018,119632327.83686763,115926404.51483513,122379739.72775269,103100216.24546522,115291054.23112021,120331907.29252777,126296005.86909261,101755826.16500267,108710172.31181264,112655024.4621227,103594469.56978767,112792062.4205327,118746635.24115027,106921270.10019773,101445230.48009765,111568624.4986352,124483622.96414769,129003134.30997269,114320298.93436271,117420127.78644769,111486873.78068763,124102800.62732765,115084722.95869265,121507999.59465267,102109985.51006769,109801378.91110018,118968369.78817278,117356716.13365777,110447485.97647274,115832736.15848768,102532219.29903772,106178028.3205377
2021-06-28,128936835.21631503,108517432.70078513,105624226.3017102,118034368.45796773,103600793.35496265,104606046.6927853,120316930.33972271,112572426.30977531,105958283.90883775,133468727.67297521,110155776.54048517,121599429.7260052,113083783.1678877,116709888.55854765,101594060.61289018,118501068.23509273,102592548.45042261,127218733.1744652,116933800.87753019,120570133.34286763,117042474.61233515,123456287.73325267,103882687.30596521,115839592.83112022,121288435.39502776,126981674.98209262,102873033.95100267,109179622.92381263,114521083.50662269,104202548.84528768,114178694.7295327,120339122.39015028,107635602.18219772,102730930.03409767,112209476.81413521,126064969.1276477,129980889.22147268,114898401.74786271,118033963.06644769,112716800.55168763,124794408.84432766,115767475.32719266,123779821.26515266,102891270.05056769,110153353.03260016,119961129.33567278,118838647.21165776,111858548.05797273,117081411.97798768,103433557.74303773,106909110.5565377
2021-06-29,129141165.71631503,107928962.78728515,105267413.54321021,117600925.40646774,103065482.51996264,104060222.90328528,119993308.8737227,112098663.1132753,105929781.24483776,133016195.87397522,109747240.71648517,120684512.5350052,112800105.59038772,116257331.63404766,101407939.81639019,117651123.40009274,102477601.41242263,126542015.9159652,116002073.7170302,120835611.49786763,116966721.52983513,122775213.87875268,103273230.94946522,115308070.84262022,121223537.49102777,126506562.01759261,102526000.60900268,109227901.89131263,114138769.9371227,104064598.32128768,113802501.98903272,119861293.88015029,107110876.35719772,101966599.79409766,111119338.02663521,125712524.63964769,129130689.0574727,114489017.61386272,118154963.06644769,112299783.68968762,124716770.56432766,115582660.12419266,124027699.88265269,102413475.87406768,109423973.62260017,118436002.00117278,119181054.86065777,111034581.01547274,116819029.72598767,102629810.43803772,106013187.3980377
2021-06-30,128549165.71631503,107558377.51528515,104614296.43621022,117293493.36546773,102692362.72996265,102966353.93478529,119539314.06372271,111654733.91877532,105304286.22183776,131333500.55947523,109710532.27148518,119238202.6045052,111813624.38788773,115901436.26104766,101130036.08239019,116571390.83609274,101513163.48242262,125802932.59996521,115009641.9125302,119981471.65286763,115764839.76483515,122453209.9747527,103199154.30746523,115157673.32862023,120586548.41602777,125546879.43859261,102207887.71800268,108197148.89531264,113358625.9811227,103471322.02228768,112824126.67403272,119254589.35015029,106565363.00669771,101219263.50209767,110188161.13513522,124717375.64464769,128392676.1574727,113965329.02386272,117610963.06644769,111360773.66618763,124214429.21332765,114891534.66419266,123684799.35965268,101526989.67006768,108304735.24660017,117519824.08717279,118487611.13065776,110370435.77247274,115641641.07448767,101769614.82503773,105419321.94253771
2021-07-01,129785784.99881503,108074262.32178515,105221032.4242102,117661297.19346774,103376165.50096264,103083949.89678529,119936908.23472272,112160909.4197753,105048571.84883776,131561614.71847522,110489300.18398517,120023747.59550521,111776280.21188773,116502667.26554768,101967831.88539019,117288997.68359274,101725616.45192263,126395716.76246521,114801147.1195302,120367079.63086763,116240163.12833515,123461845.01025268,103984918.68746522,116088654.18662022,120662439.09352776,127322703.27059263,102779610.6425027,108425485.95331264,113621158.8951227,103655212.07628769,112921765.6460327,119530975.12815028,106779529.81969772,100988906.16259767,110753171.56263521,125305595.8791477,128781055.1014727,114664408.72636272,118358858.6124477,111544520.24118763,125460072.94832766,115991828.67669266,123578062.86765268,101918524.52106768,108655284.12760016,117592986.49817279,118804983.05157778,111461747.82947275,116643676.34098768,101694067.46253774,106434224.77803771
2021-07-02,129682784.99881503,107733416.69678515,104853033.1987102,117617939.94246773,103759761.47596264,102846223.1572853,119540792.63972272,111465863.8017753,104206314.77783777,130885089.24947523,110440417.39398518,119672028.38650522,111343393.93688773,116035108.09054768,101651305.13539019,116738739.57409275,101268796.98142263,126797827.07496521,113813874.6925302,119305705.91086763,115780569.55633515,123507845.01025268,103807413.54596522,115715131.76212023,119678825.57252777,127574444.42409262,102495312.56000268,107775984.62231264,113302832.69212271,103092360.89478768,112823408.7595327,119216396.67515029,106141052.85369772,100682469.36459768,110617238.48563522,124823077.6896477,128699837.81597272,114645233.28186274,118039701.72844769,110753049.98418763,124918815.85432765,115678741.50269267,122674381.99115269,101476457.81106769,107954553.03860018,116584978.0641728,118426573.33257778,111084867.58947274,116616048.22098768,101170890.77353774,106187613.36153771
2021-07-05,128898483.09881502,106863010.01828516,103216893.20871021,116868135.08896773,102901194.44546264,101829015.7291403,118468494.24122272,109457764.7584328,103202118.78033775,128028239.43497522,109014001.41798519,118736518.6720052,110570668.44338773,115162252.50354767,100725257.43639019,115703038.23509273,100123964.12292264,125366567.12696521,111862452.9585302,117675919.70236763,114580641.19183515,123047674.2682527,102861417.68246523,114330971.01962022,118436316.22202778,128278247.31759262,101087801.7815027,106582795.55781263,111994018.83312272,102067962.57478768,112442152.60253271,118583990.26065029,105954154.71319772,100325485.16909768,109226127.93713522,122758666.1821477,127541309.16897272,113879121.37686273,117544256.0934477,109770157.37418765,123000065.33682765,114709306.27619268,122012873.39315268,100022907.49806769,107892953.98610017,114217899.34067279,116817737.05657777,109638948.85997275,115449006.19398767,99990802.06203774,104945329.59303771
2021-07-06,125782483.09881502,102027556.83850515,99965716.18890521,112122867.07163273,99582577.68411514,97968677.0541403,115455060.11726272,105991336.45606282,100816418.59533776,119776236.25299773,106055378.18048519,114263094.7810352,106792520.61930773,110633631.21404767,97326402.77023518,113403896.83659273,95889807.77492264,120579626.29822521,107411668.0015302,114466832.64036763,110903284.88900515,119369474.25875269,99238854.61946523,109747462.33588022,114613722.95261778,121020203.37996262,96924089.55609018,102558784.90031263,108240025.33012271,98927924.70278767,109479170.89203271,117136973.1656503,103620472.07219774,96399640.64909768,105515299.98363523,119656890.0111877,124712674.56197271,109529253.74386273,114470256.0934477,105746429.82590765,119413411.76082765,112599730.54569268,117897723.60315268,96681169.73991269,104038567.30985019,108493510.8180978,111963196.67357779,106441336.27997275,112081779.94629768,97078192.56834525,100602035.7472177
2021-07-07,127356744.28960252,102654783.89050516,101630469.38990521,115063238.42063273,100682833.58711514,98819287.5769528,117128644.92976272,106704488.10656282,102287519.17183776,120932544.16699773,106142428.18398517,114807058.4697552,107801461.21480773,112855400.02704768,98623269.69423519,114891884.76022275,97175346.58292264,121300475.55122522,107989604.4945302,116231286.33036762,112114728.30400518,120614521.81875269,99362260.67975523,109915271.52038021,115515733.70061778,123518261.30496264,97278424.95359018,104750033.16431265,110316408.94462271,101224931.37478767,111503822.99503273,118364828.81234029,103833873.73382771,98028650.50659768,105459030.61313523,121269312.25568771,125214119.07576022,111624532.23136273,115971256.0934477,107426352.70758265,120363545.40732765,113766307.8941927,118297947.32765268,97577865.64791268,106904241.4503502,109300280.28859779,114051672.45775278,107589540.98597275,113707962.88229766,97627216.81684525,102858101.5297177
2021-07-08,125756964.53210253,101707916.01571016,101311742.71890521,112841634.63263273,98720927.32811515,96638971.23445281,115874325.50626272,106572032.68980283,100573349.28083776,120549825.65299773,105479778.93122518,113262079.17975521,106630623.95380773,111232862.16904768,97302497.5354752,114150498.33322275,96311758.91792262,120305415.89672521,106443773.9650302,115489792.07693763,111378785.43800518,119755085.3057527,97048127.86125523,108260638.19688022,114925961.19461778,122840561.49996263,95826631.47442769,103791379.87281266,109466833.37412271,100015180.06028768,110181953.60153273,117502568.9423403,102917147.20332772,97017722.24259768,103827989.05263524,120331781.9256327,123930556.82626022,110332578.47136274,114835256.0934477,106044074.59408267,118949865.46232766,113105328.62043269,116743683.92565268,96544014.95991269,105273233.5888502,107977325.3425978,113345601.77225277,106062855.21692275,112112730.25779766,96345455.54334524,102075007.9447177
2021-07-09,123673964.53210253,98716664.20697016,98542822.50790522,108018507.73508273,95767861.06477515,93769552.97802281,113881250.84766021,105623564.50680283,97628261.74333778,117475560.73449773,103051978.65622519,109472946.38175522,103905135.85249272,108685255.16791017,95888610.8279752,110850942.00272276,93583394.83462763,117145293.0177252,104175441.51385519,113908412.45793763,109342884.29100516,117693747.5108777,93258082.01160523,104029371.78241272,112123471.30611777,118149024.30564263,94725402.63192768,100811718.34481266,106743691.10017271,97868884.91028768,107578274.81879273,115469694.7278403,100006675.19882771,95076407.44444019,99626485.34571522,117649781.4306877,121973789.62276022,106543142.97689524,112909856.7167477,102880402.50565767,115833739.77019015,111076616.75293268,114529290.20794019,93667747.5719127,101557552.3163002,103127431.06019029,110317447.75151278,102637085.61992274,108163530.87883016,93106579.35918275,98635977.6165302
2021-07-12,121153992.93246502,96735299.76479015,96448428.34624273,103599048.00108273,93063653.89227515,91339292.7735228,109957693.90931521,102577272.02998783,95239792.56683777,114924140.08963272,100137899.01791018,103986497.45357522,100748756.19709273,107155187.10499017,93801788.60383269,106699419.74022275,90354276.88912763,113343369.38448021,102658650.2528677,112965778.98743764,105302903.39150517,115232647.3069427,90413162.63320524,100946603.51493272,107063419.62011778,112220252.34868014,92245526.78892769,97277841.12710516,105469140.3981727,95095526.5739002,104949404.28557523,113501646.87484029,96908842.38882771,94480486.46344018,96761044.98923522,115511959.43118769,120232739.83953522,104078058.04541524,110097515.3217477,100448504.54265767,113591199.99769016,108466432.57743269,111096275.92694019,90553523.80903772,97936103.6208002,101850671.54019028,106898378.74651277,99937784.61802274,105690163.95983018,91763107.34568274,95390790.4047152
2021-07-13,120806695.96446502,96026440.07205266,96827758.49424273,103704995.43296275,93385557.50585015,91670407.19502282,110098395.96874021,104322815.21998784,95601562.84483777,115101179.01263273,100470978.30341019,106175696.70357522,102516411.01659274,108763414.65799017,93377582.67692019,106036853.29000275,89335683.64377263,113651445.27640271,102676235.79786769,112852101.72443764,104739468.91950516,116598336.12394269,93262059.77520522,102102045.72043273,107002684.6496103,114553619.40118015,94125280.48795769,97697912.07767016,105749504.9351727,95472624.20540018,105744765.63459024,113153997.09237029,97551910.53382772,95234004.09794019,97208133.62273523,115365954.03768769,120007932.30567022,104708127.36941524,109604897.06674771,102058222.70015767,113500729.55768016,108447888.34393269,111232308.28244269,91053056.85303771,97258908.0973827,103008068.27119029,106576703.92393526,102383395.04002276,105573605.97383018,94179205.40618274,96079307.94499269
2021-07-14,120125695.96446502,95004994.16352765,96456662.33224273,103373954.27646273,92177466.91535014,91020278.72152282,108722981.76274022,103674206.31698784,95589049.61083779,113584830.57413273,99605789.75891018,105408159.35105023,102362078.66115525,108803550.36599018,92389509.05292019,105224222.04050276,88794811.09027264,112602495.3437027,101731685.41018769,111580903.42443764,104395927.97600517,116001759.0789427,93669782.02420524,101691767.83943275,104976050.2790103,113242050.69718014,94586842.29445769,97848682.59167016,106275703.9166727,95042149.63740018,104858640.75459023,111992626.39819029,96827214.61482774,95408594.8114402,95976296.94423524,115252799.44168769,119212908.99767023,103583194.70941524,109051039.4582477,101640012.71665768,112679766.89018016,108265150.31793268,110851107.43044269,90431832.5745377,96836001.5723827,101442562.4366903,105224543.95593527,101557561.01752275,105028131.64933017,94794442.99568275,94062212.95396769
2021-07-15,121226695.96446502,95749644.54052764,97612107.93124273,103703628.28546274,93911194.04209015,92634457.64952283,109831143.30424023,104295050.88698784,96397240.5038378,114607408.79913273,100409180.74491018,106231237.94455023,104851879.59165525,109743319.8399902,92774453.1234202,106454170.62550275,89844859.12627262,115577666.0912027,101742863.31768769,113810598.25043763,104872079.75800517,118458795.9924427,93753820.94120525,102893236.05393274,106439626.79801029,115750307.63318014,96025734.9439577,98411745.67367017,106464337.6231727,96647277.1379002,106859558.63559023,112257964.1961903,97557165.36682774,96252945.81944019,97218021.17623524,116677573.77518769,119757483.61167023,104774551.73141524,109827135.72424771,103103991.16765769,115290213.13868016,109590443.75993268,111137135.35344268,90966117.5400377,97227394.6893827,103133944.3466903,106378437.65793528,101521852.55052274,105840046.51033017,95877319.83318275,95599084.67396769
2021-07-16,120475668.66896503,96022247.90802765,96887309.17224273,103888885.02796274,93752967.72609016,92249994.57252282,109953540.36774024,103174110.58048785,95749650.81983778,113821506.55013272,99477193.14291018,106171303.89855024,104599898.58465527,109455421.99799019,92747739.96342018,106231669.13350275,89335512.46027263,115580989.90570271,102223762.9026877,113683322.94543764,104326300.45050517,118412456.3924427,93397322.83870526,102529232.18943274,107623038.0355103,115079167.15918013,95544912.97195771,98123425.71267016,106508561.95167272,96334218.96990019,106111809.69709024,111854662.80019028,96825032.96232775,95788020.9909402,96518474.58723524,115988848.8146877,119999407.70367023,103899084.38941523,110137420.91974771,102411971.89465769,115199801.16668016,109421612.89793268,110138812.97894269,90653129.1940377,96775529.5988827,103052401.39919029,106373185.87493527,102213228.97102275,105669512.02533019,95708866.85268274,95740242.6624677
2021-07-19,115688523.62524503,92955226.54602766,92904646.99345273,98906379.62396273,90315686.01485015,88666435.95252283,105222049.01174024,99255794.91898784,91195651.3488378,108518389.64733772,95514809.78241019,102329699.98839024,100994271.89188778,105372873.2309902,90472759.58342019,101253289.52923526,84975497.93677263,110959538.48220271,99310257.0091877,108266295.97946765,99434664.89600515,112770534.9009727,89128377.82270525,97311849.33600274,102675248.52251029,109754424.67918015,91641908.46945772,93612303.64067017,102243916.80967271,91982873.80206019,101131516.92909025,108036174.72119029,92247646.11432774,92101274.0921502,91513624.61423525,110483483.51896769,116280404.14767021,99330076.79892525,105279290.5102477,96814857.28415768,110372193.13618016,104300423.36110018,106428914.3269727,86684277.8990377,93438840.91209272,98834299.8344528,101677027.79043528,98421127.08502276,102141193.29283018,91948166.05768274,92130043.7334677
2021-07-20,116645504.97973754,94397593.34002765,93764866.50354522,101003625.93896273,91037138.14221016,89309427.59536283,106434292.90624025,103006283.91079783,92959838.48583779,110533701.76167774,97348696.65191019,102217028.56789024,103325112.65888777,107720536.99333021,90846920.7463802,102772994.77715024,87063322.97627263,112696178.07254271,101454181.3566877,110320058.04446764,100656834.42200518,115857858.5799727,91260665.71070525,98563530.87700275,102999651.2100103,112766921.76518014,93461301.24495772,94599268.66967016,103474685.55667272,94393875.2735602,101704903.06671526,109756409.1911903,93719142.84042275,94750433.45965019,93301427.88096024,113007041.17846769,119160761.36517021,101239772.12092525,107301038.43124771,98966482.54646768,113058119.46268016,106805810.07510018,108243532.94047269,88210805.86622521,94218807.44259271,100633698.5097628,103508816.75693527,100559890.70794776,103167934.16556019,92915945.89103773,93318712.61596772
2021-07-21,117052726.67023754,93710023.76152766,93766868.00704524,100474766.36446275,91008595.97371015,88634824.65236282,107168056.34724025,102305399.18829784,92835437.82483779,110443524.55367774,96716784.4629102,102312011.27839024,103086389.34538777,107123223.5923302,89943513.54938018,102040007.72015026,86910878.73127262,111726440.79504272,101961079.34318769,110395451.18846765,100429672.24800518,115398872.3229727,90632379.82920526,97905671.59950274,102890731.6590103,112660918.07368015,92925327.85195771,94240363.71817017,103957304.67967272,94236818.66856019,101451889.05071527,109610748.4231903,93117618.16842274,94275100.97715019,93293681.40196024,112475100.1634677,119315448.27367023,101062601.59892525,106204044.04724772,99415874.59046769,112675183.40468016,105941812.94160019,108627288.53797269,88325124.51822521,93850111.87709272,100749075.8427628,104022653.55393529,99963145.55194777,102683278.90156019,92860486.23003773,94255087.15496771
2021-07-22,118153194.92023754,95262069.90202767,95201598.36754525,102106115.64996275,92211995.83871014,90095553.68036282,110022709.20824026,103379949.98879786,94830897.49733779,112211939.18667774,98626878.7224102,103998248.49589024,104594349.22188778,109933059.4033302,90701397.54988019,103437528.75465026,87886403.90127262,112761765.02804273,104361724.4281877,111625192.02646765,101794864.39900517,118936523.8999727,91521968.49920526,98829982.06800275,103797358.79101032,114059740.66368015,95539675.81295772,95063431.14117017,106524748.68967271,95491010.3890602,102886653.89521527,111377971.0991903,94613732.47942275,95161467.6671502,94334988.63696024,114623526.3144677,121968947.18067023,104164290.00792524,107367839.96974772,101073482.5474677,113486160.73868015,108219244.28910019,110682984.14647269,89096329.18822521,95607270.85809273,102128889.5312628,105161413.99543528,100369227.93644777,105207954.32256019,94342199.29803774,95800914.86496772
2021-07-23,116765194.92023754,94395167.50902767,93603360.13354525,100422190.25296275,90751254.08271015,88611915.74386284,108891562.08574025,102145191.75879785,93162355.8948378,110461611.29617774,96679500.2534102,102901483.32839024,102671348.25988778,107508581.8133302,89101869.8468802,101971900.70965025,86540253.73427263,110309179.83104274,102029720.46118769,109723610.86246766,99211100.51650518,116866114.34247272,90275012.25570527,97755159.16300274,101932504.21001032,112683443.97168016,94359917.55395772,93531351.06367017,105280783.80267271,93832239.7060602,101086530.55421528,110338617.47719032,93382278.32242276,93285541.5201502,92448355.31696025,113214636.4819677,119424987.94617024,101840755.63692525,105093617.8482477,99530181.0434677,111683779.53818016,106900157.19360018,108143487.02397269,88005534.01872522,94441246.43159273,100605929.59126282,103423764.12793529,98700234.15644778,103661272.78156018,92797868.98653775,94796322.78346772
2021-07-26,115969194.92023754,93890430.83052766,92976819.54854524,100361373.09096275,90727688.75271015,89076661.39436284,108462328.70074025,102419759.30179785,93144356.14183779,110969145.33717772,97634066.9964102,102783312.04589026,102233042.6778878,106988328.91883022,88132816.8133802,102360458.68515025,86187782.34177265,111126488.75104274,102479980.3286877,109594057.72196767,98748139.38300517,117593956.71547271,90516470.20570526,98036476.25500274,101136030.47251031,112647946.36868015,94707436.87045771,93569926.96617018,105584493.20667273,93393323.4960602,101236042.98221527,110348965.70119032,93560547.24792276,92031634.5686502,92951170.87346025,112662974.1554677,117856021.74967025,101734296.59542525,105186938.00024772,99111182.78046769,111545387.65018018,106484416.00260018,107994342.9919727,87533711.6687252,94861316.35509275,100363281.11076282,103454182.4049353,99277388.04044777,104233430.71606019,93105094.78853776,94270217.47946772
2021-07-27,117715149.45723754,94695552.53052767,93648506.74954525,101322194.86946276,91459483.81121014,89993068.94886285,110230537.68974027,104123362.92179784,94368593.1978378,112087662.81817773,99356710.9004102,103588116.82639027,103190827.31638779,108759276.06133021,88619947.1708802,103834055.16265026,86640151.42077264,111404699.71104275,103448921.64918768,110961646.80696768,100126278.80050519,119514699.20997272,91184336.10170527,98207791.60350274,102326728.0565103,113987709.02418017,95376122.42795771,94296372.62317017,106614811.42067271,94454040.71856019,102133428.54021527,111166415.82369033,94396291.18592277,93456081.34865022,93423350.24146023,113754921.1599677,119414854.27667026,103405446.86942525,107156289.47674772,99862503.18146768,112797192.38818017,107178055.44560018,108860468.6984727,88408167.73972522,95915524.59809275,102481896.72176282,104520556.3679353,99806912.25794779,105634304.8885602,93934620.90653776,95540076.14896773
2021-07-28,117601613.28973754,94777776.24802767,93482673.65404525,100515887.60696277,91626754.54721014,90080951.09186286,110418229.99324027,104948236.90179786,94001740.75733781,111321747.58767773,99226309.34441021,103388360.67889026,103108905.98338778,109134041.42983022,88752504.8908802,103742743.00665024,87190734.18977265,111410740.82154275,103175701.24468769,110816305.09296767,99609397.1405052,118954200.75747274,90760342.93170527,97953616.81350273,101913224.5195103,113564807.71418017,94916898.47795771,93592150.41717018,106189872.98867272,94311750.7610602,101980522.57171527,111150171.61969034,94091656.95492277,93098408.0811502,93220405.78596024,113129980.5859677,119229509.81567027,103098045.48742527,106576781.89674772,99741463.79646769,112415419.59918019,107215249.25960019,108748279.2879727,88533214.76022522,95933114.45759276,102341151.59776282,104119204.8669353,99629403.62044778,105587062.41106021,94216702.11103776,95607295.34696773
2021-07-29,119463728.30723754,95448258.06752767,94204433.82104526,101707838.63246277,93024234.85771015,91192513.78086285,112647005.47424027,106341694.37579787,95152716.99583781,112994774.33967774,100706412.1559102,105976171.47439025,104222437.19938779,109853556.74683022,89910383.1443802,104929975.67365025,88858375.22477265,112300074.32304277,104616713.2951877,112210626.64996767,100646292.63400519,119912624.14947274,91854972.22620526,99147793.17100275,103220005.91801031,114596998.81018019,96477185.57195772,95030783.79067019,107181235.61017272,95061881.39656019,102904832.00721528,113268826.73869035,95158904.59342277,93930246.47465023,94271972.59496024,114217248.4879677,120805960.16567028,104488121.62842527,107551177.70474774,101692969.49146768,112856493.28818019,107844443.72260019,110902952.6454727,89207292.16022521,96751900.12309277,103181487.04126284,105792088.5234353,99680933.78794777,106801043.5640602,94821119.94503777,96696977.02246773
2021-07-30,121285728.30723754,95758753.05052766,94799230.61804527,102495663.63746278,94536634.08321014,92239721.68686286,114448026.45474029,107373208.94179785,97099995.7743378,113439269.71267773,101968395.06791021,107147234.94389026,104373556.77038778,109935486.27483022,90906473.0993802,106114697.64565025,89387197.96977265,113955886.03704277,106533085.5416877,113274874.91646767,102022787.0190052,121299235.65347275,92069040.48770526,99859820.31600276,103771514.8765103,115025099.94868019,98822877.85095772,96335334.70167018,107909275.39217272,95658255.0130602,104022526.89971527,116167761.62469035,96231277.57142279,95303979.49015023,94475935.19896024,114902905.9969677,122442075.89817028,106114413.26492527,108833597.59474772,103601322.4739677,113443007.46318018,108352785.39160019,111928343.8194727,89803469.6132252,98438888.77809277,104333845.26926285,108058237.8079353,100492439.60444778,108121256.5995602,95726556.61753777,97135206.10946774
2021-08-02,121587545.60523754,95306627.56602767,94347817.11854528,102508332.06696278,94123355.49921015,91944239.00586285,113948372.53724028,107041515.10679787,96420213.7163378,113618184.29767773,101849943.56341021,106750236.92889026,103896765.17738779,110088900.99433023,90624202.24538021,106033628.24315026,89678898.29377264,112876220.93954277,105944835.67168769,112703412.12446769,101744351.3060052,121774945.52747275,91821462.79370527,100056328.38300276,104112064.4765103,114724967.68718022,98273043.97645772,95607885.82767019,107634696.54717273,96671532.8565602,103927291.18221527,115716677.16319035,96245624.53442277,94372312.17815024,94033882.63196026,115756181.5489677,121878867.84767027,105926261.50292528,108900285.41274773,103294067.2799677,112823767.0641802,108792976.0326002,111161281.7359727,89353424.5267252,99146098.37359278,105305651.34776285,109243304.1764353,100334507.75194779,107763710.0575602,96125126.45003775,96878417.69296774
2021-08-03,123648349.68823753,95681453.06702766,95178732.71104528,103049531.82496278,95085706.67971015,92884872.67786285,114510612.85974029,108581702.47579788,96962111.7938378,115366290.56217773,102140965.8334102,107321514.17439026,104942593.74838778,110368807.87333024,91708183.8603802,106699498.93765026,90275718.15627265,113575957.64754279,106964634.3336877,114115159.14596769,102789813.7955052,122673120.34447275,92424472.77320528,100934729.01100275,106798485.2490103,115862738.48618022,98980961.06645772,96342553.64117019,108747798.96317273,97207912.8970602,105234321.01971528,116333274.51919036,96895857.04092278,95404165.31865022,94200317.38996026,116713657.9884677,123131619.28867027,106963354.57892528,109863631.42924774,104231126.7904677,112996013.90018019,109499854.2231002,111937581.28997272,90240670.1157252,99366639.65409277,106433255.53926285,110621256.19643532,100505811.63894778,108419108.41706021,97735554.30203776,97429271.23246776
2021-08-04,124607349.68823753,95984476.50402766,96452818.94304529,103608924.63996278,95527514.99321014,93576502.73986286,115444448.47874027,109187991.21779788,97048240.4438378,115147537.90717773,102735495.0254102,108970667.48539026,106741773.9668878,111780618.28183024,91440285.59688023,107290341.33565027,92024767.72427264,113647845.4970428,108332638.09168771,115431805.4534677,103060681.64600518,122688385.43597275,93283499.72170527,102094512.70800275,107459930.95151031,116424163.62218022,98969138.86545771,96976989.52767017,109341342.22867273,97711227.9420602,104542831.60621527,117884287.19119036,97319637.9594228,96445788.10865021,94822964.01946026,118122838.6614677,123818495.48817027,107446676.77392527,110035155.81324774,104808076.24146768,112241812.1536802,110762262.6571002,113635155.57197273,90688700.11972521,99801501.49409278,106430992.09176284,110943454.46543533,100699810.4394478,109530006.59406021,98218798.80653778,97851414.13496776
2021-08-05,125602010.94823754,96868370.75452767,97039850.69954528,104428583.50396277,96400063.10221013,94653429.03386286,116085890.22474028,109758531.34879789,97601274.56983781,116372627.96167773,103243598.00791019,110132520.61639026,108161475.0718878,112980545.31433025,91752778.44038022,108417362.88265026,93128509.84127265,114728350.0020428,109250884.8901877,116875793.6394677,103617155.92100519,124476199.58147275,94782992.38170528,102925568.30500275,108224919.82651031,117372981.31218022,100164385.26995772,98098626.32167019,110226381.14867273,98313285.0245602,105259329.20021528,118993543.51619036,97689566.5219228,97231401.05715021,95460943.47046027,119506075.59596771,124275108.50317028,108488537.08392528,111060734.43824774,105508967.36546768,112812858.0486802,111333926.6451002,114244869.62297273,91178097.45372522,100082420.00859278,106704085.00676283,111622924.20143531,101735236.94744782,110587128.37156022,99596343.35553777,98549637.11496776
2021-08-06,124748010.94823754,96511673.96102767,96746062.25204527,104376640.24846278,95931169.43321013,94474852.42036286,115755230.79524028,109283675.95279787,97494487.24033782,115809566.75167774,103392068.31591019,109682305.95039026,107496991.31588781,112675588.73683025,91413141.06988022,108054595.12765026,92844242.82727264,114039089.7625428,108774203.4286877,116238255.4344677,102312942.8255052,123730047.41197276,93871748.90520528,102427931.69000275,107467140.6815103,116958702.84668024,100302894.98845771,97494353.66917019,110290434.93017274,98183658.0835602,105289202.04771528,118474236.63219038,97480753.0844228,96616661.9536502,95404052.49846026,119134831.30446771,123895582.66567028,107718309.64192529,110380408.67224774,104797646.19996768,112018948.30718021,110959760.86810021,113894558.11347272,90930214.07972522,100187565.0240928,106312317.59276284,111857755.7204353,100856794.48594782,110824407.01706022,99197318.70653778,98996240.31096776
2021-08-09,127157010.94823754,98248836.58652768,98062546.77504528,106193028.83796279,97514807.15921013,96037169.89036287,117283678.60224028,110944942.79779787,99075027.86183782,117584788.60517775,105082040.4044102,111254963.93239027,109253281.17838782,114649664.64733025,92899929.92188023,109304573.88115026,93764484.43477264,115305387.83904281,110010278.5596877,117627765.42446771,104263615.4140052,126165219.48347276,95530778.60520528,103726489.43400276,108649253.1190103,120487106.32118025,102102634.76545772,98361609.1916702,111945269.91517274,99149135.0745602,106801688.53671528,119898196.35669038,99010983.15342279,98118724.74965021,96461818.72696027,120621790.2009677,125691748.72517028,110098379.9919253,111623198.82024774,106360655.55146769,114928115.08618021,112816480.32510021,115938096.99347273,91936558.68072522,100973484.97709279,107890240.64076284,113837413.37843531,101858380.04644783,113058318.27356023,100287036.34503777,100486085.31196776
2021-08-10,127503010.94823754,99404876.53252767,98685950.11954528,108639172.16596279,97483682.79421014,96718225.49136287,117548194.99724028,112302768.73229787,100164524.12333782,118716327.61817774,105283596.4039102,112481065.86139026,109490181.93838781,115720738.56083027,93698451.19938023,109865505.55765027,94776219.57977264,115106935.04354282,110296796.9036877,117584589.71996771,104917379.9040052,126498463.38147277,95557429.09320529,104432018.94700277,109089101.67601031,121092771.77668025,102161951.53945774,99095077.3421702,112291061.89617273,98903612.22306019,106931297.87171528,119889252.31769039,98797433.0079228,97994949.38965021,97262586.19346029,120863975.85446772,126693387.05417028,110703538.9459253,111761160.21524774,108284631.48046768,114813790.09618022,113133391.8256002,116042853.35997272,92669559.18622522,101288558.4310928,108983195.51976284,113949920.60043533,101927607.54044783,114130222.39756021,100450920.15103778,101529299.85646775
2021-08-11,127024053.55073753,97971672.14202768,98205280.71454528,108078775.6024628,96206568.89021014,95687400.07486287,116846223.65624028,112137918.36479788,99583371.96283782,117245427.38067776,104798964.4944102,111322482.15839027,108623176.72088781,113997477.06433026,93876822.42388023,108306341.22615026,93864356.40577266,113964729.09054281,109113867.93618771,116467432.5234677,103767544.59300521,125208315.31597276,94747414.29620528,103285718.79500276,108428055.96551031,119879294.47718026,100704726.04895774,97978654.0681702,111378245.39367273,97650533.5975602,106201250.62971528,118796816.80269039,97146799.55692281,97332866.28865021,96676384.4579603,119799460.18746772,125577976.20517027,110155424.8649253,110421671.96224774,108342228.84296767,113025783.91118023,112544587.71810022,115303485.90297271,91413781.57922524,100398206.3695928,107964832.09876285,113047379.09743533,101055422.26644781,112741868.26756021,99321717.93203777,101511653.41946776
2021-08-12,126805053.55073753,98261305.76302767,97900801.57854529,108487558.77496278,95888994.74971014,95991392.51936287,116468568.42624028,111710020.59879787,99268172.89283781,117664130.29417776,105013289.5799102,111290813.71089026,108388053.55088781,114036405.56683026,93071696.51688024,108027859.24865027,94039447.22777265,113583690.17154281,108823051.9521877,117172190.8959677,103196173.98300523,124815695.40397276,95160671.8412053,103210271.01950276,109098956.06051031,120083262.59568027,101004616.28445774,98541795.21467021,111363337.15167272,97109887.2780602,105965241.35621528,119134687.6511904,97020776.4309228,97090181.66715021,96591235.95696029,119519001.16346772,124990040.70067029,110195922.3579253,110337906.73024774,108315503.01196767,112529204.78368023,112909090.37810022,115878212.30247271,91376869.94222523,100326086.33059281,107603976.28926286,112790248.15393533,100583228.73494783,112219822.14156023,99165178.53153777,101084397.14746776
2021-08-13,129896664.72873753,99924962.22002767,99638003.66654529,109930451.17596279,97622574.56521013,97753735.87036288,118112244.39474028,113422139.23629788,99931973.92733783,119465144.04667775,106729287.00091021,112983637.27889027,109921011.03638782,115516613.31433026,94193396.45588024,108083007.01865026,95655805.48577265,115620245.54754281,110660750.98168771,119470568.8674677,104953942.07900523,126718265.24897276,96807914.7252053,105234942.03800276,111480113.3985103,122146262.59568027,102686890.31245774,98822103.99217021,114218745.38467273,98213403.93206021,107564434.8057153,120738608.75069039,98602062.47792281,99352655.91833022,97936702.63746029,120759512.00096771,127138696.14367029,111522380.30792531,111882291.94124773,109980115.30096768,113758867.43868023,114363110.89760022,118311483.72197272,92287144.04422525,101582213.5260928,108946432.30026287,114300752.55643535,101375724.51194784,113824871.29656023,100263611.91303778,101530629.02446777
2021-08-16,135002338.83873755,103162332.40702766,102468960.2995453,113928340.7134628,100958773.69171014,101343865.41386288,120831491.17324029,116837680.80529788,101061189.54733783,123823219.14717776,109850115.53791021,116585606.54889028,112917739.95238781,118423651.05383027,96006752.28938024,110786194.29865028,98728835.90327266,119066831.05604284,114276096.64568773,123480310.15346771,107519630.87650524,130109549.61697276,100343090.8902053,109058462.99200276,115606816.53701031,126263712.06018026,105885954.77495776,100891645.96017022,118594458.29717274,100768238.7945602,110658688.3852153,124674499.33269039,101264137.2944228,101983230.64733022,101288530.0469603,123978623.93946774,130975679.7046703,114813490.9604253,114180957.65724774,112935805.42496768,116340885.32618023,117449620.32960021,122680068.57147272,94615810.48072524,103154788.1820928,111575098.21826287,117094185.91493535,103861392.19244784,116970200.17656022,102648465.43003778,103250117.64846776
2021-08-17,134633338.83873755,103253607.07102767,101487497.3075453,113315285.38796279,100896345.10021015,101275993.87736288,121287778.74324027,116068979.70329787,100863786.36483783,123091773.45117778,109263330.8379102,115934842.62189028,112959493.21888782,118076058.43833026,95050990.77588025,110559952.60015027,97906436.61677267,119438467.38654283,113868290.67618772,122895878.30046771,106086607.74950524,129944814.99547276,100225356.5622053,109277587.46600276,114953080.61501032,125727766.92018026,106034689.41845776,100954436.30217023,118451473.48617274,100768091.1295602,111124210.1397153,124519770.28069039,100592949.03192282,101673393.36783023,101772751.2379603,122521748.36096776,131233528.76967031,113673925.0614253,113647714.06874773,112036755.68896767,115639237.13118023,117643701.98510021,122459862.47547272,94301165.86072525,102986454.31209281,111610767.21726286,115276682.57043535,104474983.21044785,116999510.12906024,102502489.65103778,103888447.14796777
2021-08-18,135314338.83873755,103662118.43202768,102069683.1430453,113465694.94596279,101225037.05321015,101576504.02736288,122093999.46974027,116058509.25479788,101173150.36833784,123491397.13217777,108975088.50891021,116331961.46939027,113328172.95788783,118205522.22583027,94698279.96088025,110373857.29915027,97991686.45277268,120360753.90654284,114205621.62768772,122985718.22046772,106232898.64850524,129866862.34347276,100353540.1072053,109982981.10700276,115399501.51701032,125903109.53168026,106623375.77295776,100694599.54517023,118987515.08367275,101091836.32956019,110850972.19671531,125204329.28869039,101150780.39492284,102106534.93083023,101823390.1284603,123005481.82896775,131435816.41767031,113203073.2929253,113766857.16474774,112248366.21446769,115324662.41418023,117312398.88710022,122914301.35747273,94867552.65372525,103043270.0035928,111437493.56126288,116380783.93843535,104479694.05494784,117191395.50506023,102506117.93103778,104168647.28846778
2021-08-19,137182338.83873755,104774329.70652768,103534446.7315453,114656324.7669628,102301184.01971015,103453624.24236287,123158338.25574027,116827009.61579788,101498802.79883784,124761613.86467777,109505866.81391022,117336044.49539028,115153003.57538782,119738841.58933027,95545874.45638025,111478213.35715027,99712912.50427267,121963117.28404284,115241503.01718771,124580056.90546772,107628516.72350524,130538505.38847277,101489772.78970529,110818519.99250276,116715738.52601033,127378752.14168027,108577544.94495776,101926506.24167022,121670038.14617275,102365293.8300602,112094137.14071532,125764952.75869039,101253966.16492283,102821224.74333024,103038973.56196031,124392298.98146775,132426813.55417031,114401992.54092531,115774284.52274774,112908341.7244677,116310856.56418023,117806661.92710023,124103680.71847272,95160859.75672525,103049479.4840928,112317396.45226288,116374899.12243535,105466537.65944785,118841538.93856023,103932309.66003779,104766402.07846779
2021-08-20,134817957.71373755,101564398.88102768,100151606.98522782,111183919.1019628,100026628.58921015,100245262.44336288,119446064.48424026,114457506.33079788,97485987.42027284,121837374.90317777,104958686.13056022,114504385.09789029,113173839.18938783,115557058.99883026,92595054.44138026,108036967.44415027,97331662.98577267,118497025.72004284,110980442.80218773,121701383.5129677,104282304.28900525,126720301.11233777,99124570.1147053,107664623.42400277,113947206.11801033,124118593.56118026,105858240.47195777,99695100.38517024,118613413.25567275,100720341.7785602,107777226.32921532,121699038.2436904,99579523.99592283,100254204.09783024,99206021.78796032,120270573.23863524,129151867.42567031,110697556.13792531,112956236.65274775,110536891.2414677,114224615.99318023,115257198.07660022,120854779.40147272,91504943.96166526,100900239.06409281,109198541.07076289,113308656.04386035,102019561.86096784,115757312.29556024,101593620.26603779,101620219.18396778
2021-08-23,136491496.92373753,101602499.12502769,100466302.64272782,111777277.01596281,100742547.75571017,100269232.29036288,119476374.18324026,115884831.04979786,97347210.97477284,122779079.25417776,104934511.01406023,115252624.9653903,113628685.80438782,114042445.65263027,93231970.11238025,107221147.28995028,96994223.07977268,119454025.69404283,111069748.53368774,122095985.77596772,104544925.94600525,128433455.51983777,99827063.2852053,108005045.75150278,114895707.25151032,125420045.20368028,106506043.51345778,98605273.38117024,119451254.59517276,100047368.31956021,107064102.09171532,121374572.22072041,99941952.31842284,100592809.52483025,98968225.93546031,121317068.95413525,129819257.58167031,111033064.53442532,111614693.72524774,111365688.3329677,113459755.38618024,115902253.07040022,120692965.10597274,91640323.27616525,100924292.59009281,108418270.6732629,113868762.31636035,101333108.24246785,114053341.28786024,101016403.10253781,99607301.10696778
2021-08-24,134481276.20073754,100270479.8900277,99809108.84022783,111569303.08846281,99970448.43421017,99646213.83386289,118653002.31824028,115406120.72079787,96874662.21134783,121585733.57117777,104309793.43006024,114793652.2488903,111809521.93938783,111148169.86634278,92602308.33838025,105867550.82583529,95914981.10727268,117963845.74504283,111151150.07968774,120815084.05546772,103004106.48747526,126854336.98483777,99352237.0052053,106857084.29500279,114187072.96851033,124913573.60368028,105124027.8344878,98064654.02617025,118122567.75817275,97949390.54056022,106795449.73871532,120496464.94422042,98821245.74692284,99372334.80580024,98895424.95246032,119462802.63014024,128508906.67817032,110345203.68692532,109375513.04931775,110757164.9794677,111168302.07718024,114612444.29290023,119832787.47597274,91210241.92716525,100657126.28359282,107449644.92426288,112138808.21589035,99827407.72943784,111966542.75436024,99398498.3095378,98100862.51946779
2021-08-25,135946276.20073754,101028723.1450277,101396894.36322783,112682108.60746281,100455160.00621016,100204883.1603629,119754307.90524027,116706066.50079787,97802538.43134785,122106319.81617777,105111275.08306023,115851075.2383903,112516804.60138783,112201886.05432779,93304987.86888026,106766155.06333528,96228653.30127269,119475706.32304284,112225847.22618774,121158267.97746772,103705158.38947526,128122336.98483777,100679555.9837053,107457220.7170028,115400445.38601032,126429598.02768028,105703273.7779878,98385478.72917026,118323702.02067274,98540785.58106023,107749703.26971534,121378473.00772041,99462323.58042283,100115332.27580026,99613467.63696033,120721170.66064025,129273462.9907678,111190768.82542533,110496295.48331776,112196854.27896771,111908877.80218025,115009344.74290024,121495053.96297273,91330439.34216526,101364318.46759284,108728460.4312629,113131354.85339037,100314291.16443786,113990203.45136026,100306032.59753782,99312359.55346778
2021-08-26,134235370.16823754,100066070.9810277,100242010.86672783,111563119.43146281,99552814.33321017,98406353.7083629,119484092.60024029,115656217.76279789,96727402.37284783,120572736.38467777,104689528.28756022,114320036.62612529,112510466.41838783,110987939.79782778,92943921.46988025,106673624.74033529,94974420.9787727,119174142.07754284,111903925.40068774,119773745.36896773,102305477.01947525,126647291.12683776,99486904.46020532,106349769.0340028,114665380.81051032,125027214.53518029,104666494.87198779,98067032.53867026,117055738.22267275,97871849.57306023,107633047.67771535,119613502.05122042,98730174.63642284,99144690.10480025,98380647.16146033,119859222.82014026,129135952.41626783,110598409.80692533,108864413.01081775,111544742.70796771,110223503.73018023,113155855.80837524,120342507.85147275,90665079.89916526,100284984.21109284,108454596.82776289,111731801.73739035,99125491.96693787,113524416.37486026,99764518.9945378,98845165.37296778
2021-08-27,135526677.57673752,100022621.67302771,100330627.00222783,112808324.87696281,100586113.03221017,99582275.4343629,120732943.91774029,116766198.52329789,97492955.21184784,122087221.67067778,105449723.90656024,114909045.95412529,114210392.45488782,111502669.67532778,93049532.06788026,107524744.4293353,96786375.3897727,120734723.39904284,113198788.45568775,120955577.40146773,102618187.42297526,127264468.35433777,100357650.70770532,107242296.92550279,115113594.98001033,126040114.94668029,105475970.7838928,99346736.74117026,118022714.07517275,98811172.01956023,109172512.38071536,120917613.24172041,99612475.53692284,100340126.63480026,98474673.74546033,120926030.03464025,131333573.36476782,110987919.64992532,109282889.05322276,113054346.59096771,111731663.17818025,114726680.63637523,121559268.41797274,91322035.78266525,101655879.53559285,110394679.9092629,112153324.66489035,99437896.17113787,115225008.10886025,100001897.88453782,100052626.23246779
2021-08-30,137410677.57673752,101641084.7730277,100513166.67222783,114578684.33996281,101837007.22471017,101107007.7503629,121293731.74674028,118089665.1142979,98446201.16734783,123128757.14817777,106314666.84606025,116562163.7536253,115438121.94738781,112924401.12382779,94283421.96338026,108925262.57583529,97888893.4112727,121579197.29504284,114834307.38568775,122740562.79646772,103949405.09097525,128704876.60483778,101239211.94470531,108728185.8380028,116677287.06501034,127826306.5816803,106799542.8808928,100636159.98367026,119294756.75067276,99987418.71456024,110147684.98021536,122662524.76472041,101550557.13442284,101446758.97180027,99297118.89546034,122287644.56964025,132956363.97826783,112531263.66592532,110096654.91222277,114717932.89396772,112866451.71318024,116201778.58687523,123284210.11797276,92221195.09516525,102278325.07009286,111298493.64676291,113565040.75289035,100685643.03613788,117372102.85486026,100959941.6445378,101038862.56696779
2021-08-31,136720286.16673756,101579801.3410277,99785929.20822784,113988525.76146282,100959530.11471017,100624866.52036291,121152810.4892403,117859434.85329789,98544394.10984784,122285842.27467777,106559359.92506024,115926181.9941253,114785142.03138784,112327193.56582779,93844399.00638026,109014941.31533527,98335232.37627271,121478865.58204286,114641244.26318775,122193054.17896773,103623989.92997527,127638840.25333777,100684022.47070532,108520061.7850028,116878625.79501033,127565024.58968028,107538011.7708928,101050456.57217026,118428397.65067276,99459912.70406026,110327937.67721534,122875360.51672041,101396476.68292286,101231408.07080024,98734893.05396032,122498913.22764027,132513242.17826784,111610179.98192532,109362707.28922278,114134591.92096771,112556416.33218026,115629805.03537524,122111356.33497277,91535691.32966526,101798949.33809286,110909340.2177629,112831237.48039035,101036663.94363788,116661330.26786026,100587621.77053782,101730097.4714678
2021-09-01,136331286.16673756,101742096.39052773,100072116.93922785,114091034.31796283,101406706.55271018,100406985.95786291,121182290.84424031,117125954.83579789,98283291.80984783,121887799.14967777,106511803.61506024,115945984.9156253,114198352.72538783,112148098.51782778,93669102.67638026,109523519.13533528,98255325.64177272,121729109.64804286,114358121.73168775,121737083.28446773,103721694.14897527,127458167.61633776,100826011.07070532,108841068.3015028,116699922.66001034,126807085.5026803,107337121.34139279,101012352.72017026,117851935.88217276,99604612.65106025,110541643.17021534,123111863.9642204,101354088.70592286,100954343.88480026,98550462.79096034,122061764.08614026,131650888.00376783,111650873.99592534,109065625.21422277,113568663.20746772,112262877.28468026,115646314.90087524,122138670.38947275,91411754.01316527,102347119.12659284,111042019.7142629,112429019.40439035,100834493.74363787,116431056.17436028,100598105.60653782,102340678.25796779
2021-09-06,137427862.57173753,102658510.14602774,100503324.01122785,114658186.76796284,101366753.04271019,100952549.29136293,122668443.32524031,118565324.11279789,98717676.04734784,122300663.40167777,106533264.95006025,116653020.6456253,114567250.07738784,112398144.27932778,94258983.15238026,110631047.70783529,98389433.50127271,122220492.78154287,115197987.64768775,121474989.47146773,104514232.24097528,127937617.89133775,101260428.99070531,110823815.5575028,118118549.38501033,127640048.61768031,107399477.8143928,102603385.61567026,117609956.47467276,100202385.36256026,111209012.13471535,123918827.7167204,101249516.85392286,101008843.31080025,98982596.49946034,121780408.15964025,132059645.80876783,112961335.36692533,109397451.66322279,113845982.73746772,113943894.65718026,116324150.97287524,123054803.69447276,91837243.66866526,102876245.94209285,112344681.55526292,112475864.93339035,101422427.32563788,117491947.28936027,101079813.12703782,104630093.4704678
2021-09-07,139775265.63073754,102572763.29702774,101121125.53022785,115473053.52496284,101884177.41121018,101088209.76436293,123634972.84183782,119624471.4162979,99708261.82934783,123020241.91427527,107125787.36656025,116465223.67662528,113002629.15438785,112420721.52382779,94820264.62488025,110832612.00633529,98661384.03327271,121269961.20014036,115782930.97368774,122358793.27396774,104876082.61347526,129127347.86783776,102348936.01020533,110967143.0560028,118633132.96701033,129002344.66418031,107271113.7063928,103253616.79267025,118981042.22217277,99766439.97556026,110979622.72221534,121624519.84322041,100620060.89392287,100815706.45330025,99975435.21746035,122352424.77114026,132012086.02926785,114141332.22692533,109029188.31372279,114126419.91946773,114043615.62618026,116354402.45137525,124744716.13097277,92256457.21566527,102513805.04109286,113308942.34176293,113629518.24139036,101364317.97613788,116337518.86886027,100545097.03103782,103020318.50496781
2021-09-08,141766068.94073755,102006785.82452776,102715427.73222786,117566079.21046284,103438048.86821018,101471354.62886292,124860251.92533782,121094993.5712979,101158503.58334784,124307296.59777528,108685537.43606026,118564664.98462528,113064361.21038786,113488496.56382778,96020712.76438025,112214520.97633527,98600120.43927272,121051452.05864036,116735269.02568774,124054349.93046775,106472574.72347528,131048809.85133776,103241636.09120533,110868698.7850028,119397600.28801033,130689938.83068033,109041566.6088928,104340797.71767026,120373585.88267276,99955179.83256027,110750032.59371534,122375285.45472041,100336984.11792287,100685215.68730025,100813581.35896033,122898825.13514027,132456321.91826785,115627064.12392533,109326366.75372279,115916314.50346774,115710753.95268029,117380424.91737524,126722226.19097276,93203751.38666527,101703387.01859286,114510000.41276291,114144974.34339036,102902663.79113787,116338865.00336027,101837743.74403782,102907392.1764678
2021-09-09,141970269.70873755,102080433.79802775,102627118.69572785,117854378.53346284,104741491.02321018,101734513.65836293,124934762.90133783,122125477.1072979,101245012.77784786,124664389.86277527,109005349.74056026,118999545.8051253,113472316.50688785,114042604.72632778,96577962.98138025,112558415.92433527,99325570.66327271,121928967.41414037,117261325.62118775,124811697.00946775,106820493.62597527,131404440.56133775,103969902.91120534,111819803.05050279,119606849.58351032,130808326.05568033,109771249.00289279,104946485.51517026,120830097.66567278,100649425.46806027,110855221.39121534,123461722.20172042,100982301.98542288,101463493.13980027,100816982.89096034,122727720.97814028,132367104.61926785,115931451.51392533,109804612.9557228,116323795.95496774,116242043.86968029,117583694.07687524,127335968.77997276,93328410.05716527,102437049.11759287,114359440.51126292,114757045.63139036,103584377.96163788,117394411.34386027,102433734.59253782,102830013.11996782
2021-09-10,142022404.37423754,101549576.79452777,102679633.89872786,118201126.58396283,104496614.47871019,101358742.45586294,124866114.24483782,122099310.1692979,100849289.86984786,124756331.03827527,108543003.61206028,118393021.96312529,113136065.64738786,114064944.26682779,96320170.22538026,112058462.43333527,99271999.21877272,121724363.00514036,116868500.80568776,124643847.50796777,106361606.92447528,130899715.11283775,103639844.66870533,110987812.6890028,119496445.17351033,130746352.84868032,110041470.0133928,104694598.84667027,120528666.18217278,100483612.34756027,110898293.96121533,123403888.46972042,100831708.97492287,100723186.98580028,100859734.26296034,123052138.08764029,132193341.52054785,115521127.27442533,109604677.9932228,115760663.70046775,115723113.84518027,116947580.34487526,127169590.82047276,93307064.91166528,102129135.61059287,113628777.16426292,114187124.49239036,103400347.97313789,117182049.20736028,101932370.64953783,102648298.07496783
2021-09-13,140049404.37423754,100516357.14702779,101125631.40122786,115712989.82246284,102419077.5927102,99832900.42336294,122477262.63033783,119977577.6427979,98368750.85734786,123258239.79327527,107041227.53956027,115747677.44212529,111413510.16488786,112724439.76382779,94143905.55938026,110097408.04433528,98728133.75777273,120809875.70664036,114629855.62518775,122684169.18346775,104149594.13947529,129765191.70683774,102223877.73870534,108949483.1480028,117276215.67351034,129403103.23268032,108205916.0203928,103113772.30117027,119329066.14567277,100767163.56506027,109352575.46921533,120884782.64822043,99700170.67542286,100074183.08880028,99103445.61596034,121107387.31914029,129425484.35204785,114270860.98442534,109675975.5742228,113498187.19946775,114640798.39218028,114960942.64137526,125228741.80547276,92013608.51266527,100620830.94309285,111430714.38176292,111513108.31389035,101387275.0296379,114871922.64936028,99500528.66553783,102014271.84746784
2021-09-14,139284815.83423755,99637656.50452778,100037213.77022785,114090790.74696285,101244792.44071019,98932563.12353295,120892818.42683783,119111653.60129791,96975919.60234785,121769368.31177527,106116113.28356028,115029202.03512529,110191525.73148786,111784281.28832778,93211125.64488026,108963469.58433527,97740503.86727273,119144217.74314038,113456744.08018774,122316348.02096775,102297681.15047526,128239104.00033776,101126703.76670533,107370434.0975028,116093368.97951035,128116452.74968033,107161870.3723928,101995521.55667028,118337806.18667278,100007217.21856028,108520257.24071532,119978835.51772043,98786804.70142287,99098983.80980028,98133008.68996036,120609418.94219027,128590830.31254785,112501103.06342535,108992036.9402228,112346279.49700776,113579362.44168028,113430718.59587526,123654716.50997277,90797837.34066528,99454254.88009286,109615773.87126292,111101462.56139034,100732241.0841379,114396091.5363603,98827605.52303784,101479086.97396784
2021-09-15,139859815.83423755,100721761.41152778,100969317.75572786,114252762.43446285,101672930.3672102,100561525.83253294,122015226.97733784,119398847.26029791,97211541.75134787,122623183.54477528,106388145.60506028,116418311.9451253,111044989.03448786,112938740.15932778,93633882.73688027,109727054.32433528,97961302.74527273,120419203.03614038,114399602.24018775,123774943.48846775,102926205.38047528,129229600.79333776,102028137.43020533,109188516.8425028,117470551.20651035,129442007.26768032,107622038.8728928,102771865.33867028,119323496.72917277,100518740.91106027,109061214.67887533,121157900.03222042,99081994.10142288,99859937.15780029,97537475.86496036,121093878.13769028,130466381.76254785,112509342.40592535,108980987.08122282,113074397.75150776,114545371.3366803,113762095.52787526,126112143.58147277,91473562.46616527,99216015.12209286,109720186.79876292,112236425.30189036,101441103.9956379,116545720.08702028,99647962.95153783,103320054.62596783
2021-09-16,139644687.16823754,100929667.04502779,100882790.30372785,114425759.69396286,101521380.6752102,100527479.85053295,121835649.00583783,119544925.66779792,96889134.48634787,122759173.32127526,106008583.83356027,116452016.2696253,110912788.15248786,112926291.9493278,93822694.69288027,110169400.75433528,97968974.09377274,119968143.61914039,114264318.49418774,124173413.89996776,102944663.02797528,129435494.31433776,101591236.22070533,109403747.48300281,117122779.50301036,129167107.87568031,107874288.44139281,102307974.49367028,119491861.35717277,99765950.72606027,108796445.15937534,121446268.24772044,99024167.12992287,99875991.2723003,96923408.84396036,120713500.62169027,130665567.40404785,112524408.75792535,108662341.17472282,112603963.33450776,114378509.12968028,114003243.63087526,126423824.54047278,91266505.29866529,98861428.81059286,109617747.65526292,112048962.15439036,101391014.00313789,116362799.66152029,99489653.73253785,103549933.63296784
2021-09-17,140937687.16823754,101303842.9520278,101511179.86172785,115117943.74596286,102607410.88571021,102123034.36553295,123240731.06583783,120878284.8567979,97854966.19134787,124749209.60827526,106852796.71006028,117505741.7346253,111278333.12998787,113334099.68582779,94459429.85188028,111098734.9643353,98113288.69177273,121852930.7861404,115569964.95768774,125402323.85496776,104637226.82797527,130606139.16433777,102819492.47970533,110435512.5490028,118396203.34901038,130329996.0186803,108816811.61539279,103147167.63117027,120730283.62117277,100528821.83756027,110020661.98737533,122903591.68222043,100302820.31542286,100654259.1508003,97559372.73196036,121168389.87269028,131762665.08154786,113884592.31542534,108522105.6527228,113341367.37300776,114264097.63668028,115708113.53987525,126980802.48047277,92198982.02116528,99810426.22459286,110749208.08426292,113015630.69439036,102447360.03663789,117727563.41352028,100567523.16253784,104122378.92446783
2021-09-20,139419625.94823754,99713771.43552779,100993876.27172786,113084929.32346286,101940813.67271021,101426001.00953296,122178694.61333784,120149790.8217979,96975989.31384787,122763216.58177528,106113595.42756028,116035239.37262529,110456187.92348787,111878595.6043278,93458755.56338027,110759727.1143353,98324674.16927272,120739932.1436404,115010133.15568775,124117549.99996775,104933471.67297527,129769259.91383778,101900729.12720533,109102652.79350281,117573538.42401037,130065780.49268031,107721679.1113928,101647782.14067028,118705907.20517278,99801253.02606028,109831792.37737533,121806889.18322045,98622772.90942287,99673132.04480031,97477284.31296037,121046002.80519027,130848220.16804786,113195664.88342534,108290154.23322281,111757024.56600776,113710403.84568027,114830029.44737525,126537539.66997278,90920245.86116529,98434571.12109286,110387342.58626291,112436867.64439036,101247315.94163789,116571691.57852028,99632415.84003785,102698068.74646786
2021-09-21,139388945.75223756,99992047.6340278,100981690.31372786,112581105.06696287,100771129.08548021,100445313.72696295,122335067.70333785,120408139.53679791,97404490.22284788,123131229.66127528,107182805.70506027,116610236.2571253,109897068.59648786,110139463.3668278,93044004.72888027,110613386.8838353,97752717.38427274,120088508.82830292,115354014.09868774,124093092.30796775,104739531.46747527,129687298.05283777,102452869.32220533,108056146.5255028,116767468.15151037,129709625.10268031,106522876.59689279,101271968.44587028,117645727.92517278,100020243.01556027,109761058.98887533,122585136.89072044,97992695.77242288,98929440.64230031,97128199.78496037,120026982.07469028,130705855.68404786,112634796.96242534,108606973.72822282,111671776.29300776,113964794.03918028,114671694.88264525,126387338.04447278,90963339.4901653,97882824.21856286,109304790.95676291,113145224.76789036,100910059.07313788,116208109.3595203,100108205.03353785,102018047.88346785
2021-09-22,139630990.28973755,99825214.8170278,101314303.06022786,112501988.29596286,102118339.5339802,101007680.54746296,122924272.63233784,120736699.11129792,97302199.34234788,123347298.37527528,107342018.40056026,116701640.2026253,109887544.43398787,110882229.9753278,93289240.49688026,111698594.9988353,98301718.68027273,120290282.47380292,115649820.20818773,124244788.04746775,104802539.60197528,129529701.79333776,102829380.02670534,108403673.9240028,117817417.59751038,129857618.07218032,106292728.90689278,102214203.86937028,118117808.88517277,100411212.90306029,109959838.17337534,122531646.82672045,97601619.40492287,99761543.59280032,96979727.51046038,119826364.60469028,131209770.76654786,112774507.03942534,109012307.70872281,112181893.81900775,115225974.55118027,115341632.90764526,126426830.65447278,91011505.02266529,97923739.00056288,109426150.17276293,112901887.94889036,101228654.34663789,117433690.5470203,100781601.07603785,102238427.79196785
2021-09-23,138784990.28973755,99803009.70652781,100693687.59122786,111485162.67396286,102948169.39948021,101028843.21746296,121665511.51183784,120172483.50129794,96410393.15234788,121424642.4912753,106867757.82256027,116120781.6816253,109299831.48198788,109974936.01482782,92023575.77088027,109904324.2023353,98621323.38027275,119968434.07080293,114302275.00068773,123292512.29146776,104271730.48947527,128987375.60133778,102604987.19670534,107624298.4845028,117469816.11451039,129507545.74718031,105585322.84839278,100660264.2258703,117380808.88517277,99272488.69006029,109793606.44587533,123184005.61172044,97013944.42242289,100265125.92180032,96581076.43396038,118004025.76119028,129416152.29204786,112523015.56992534,108978467.47272281,111348204.33050776,114946661.60118027,114585794.91964525,125018227.13797279,90379762.99766529,98006098.83856288,108055466.32076293,111773677.29539037,100704087.6286379,117499935.55352032,100560664.94903785,101936464.97946787
2021-09-24,137462832.54923755,99266469.0815278,99745079.72372785,111021854.49396287,102392267.53848022,100580878.70746295,120770025.67433783,119354241.14779794,95737584.96334788,121214327.0802753,106277145.75356027,115470229.01912531,108395269.32148787,109277281.7993278,91120081.15588027,109693721.23383531,98098978.16927275,119322162.38380292,113444869.18218774,122097876.99496776,103419800.30897528,128367221.03133777,101636169.77770533,107069177.4475028,116030897.29251039,128913400.07218032,104900136.11539277,99663282.43837029,116058889.14306277,98625672.68056029,108887939.88637534,122586103.18172045,95976919.6509229,99642708.63230033,96231766.45396039,116926055.33369029,127626850.41254787,111926671.62592535,108316890.50172281,110813305.77300777,114652925.34218028,113363223.60464525,124010809.44336277,89533256.33016528,97103065.50706287,107496359.74226293,110945081.66639036,100149840.91613789,116785938.55752033,100495174.72403786,101612895.59446786
2021-09-27,132997724.69527005,95586101.87202781,96769711.43916535,108180243.47437288,99458258.28689772,98646784.08746296,117476608.58598533,115361426.00196294,92530314.72437286,118457385.62927529,103383106.43556027,111472728.8321253,103961704.45098788,105912741.78821531,88624183.20100778,107082351.58493531,94892341.40059774,115201011.19124041,108814741.59584273,117549913.07858776,99383591.53447528,125199625.85600027,98192788.67848533,103643058.3942078,112497697.1584279,124473243.59661782,100516043.71624278,96897784.92121778,111933436.27906278,96116051.9425603,105840168.01253784,118364076.04630545,91392035.37492289,97190328.14790034,94493966.8979604,112508965.00904028,122751256.31171036,108655211.75632536,105674443.31061783,108006070.22000776,112756808.88268027,109770364.29364525,119466343.66803779,87353902.10562527,93932499.01445037,104150022.98262793,107180287.30895036,97445561.79052289,113738326.20102032,97822829.65916285,97324764.34246786
2021-09-28,134457238.85459507,96127390.34302782,97543689.04066536,110168526.61187288,99721254.98951021,99476179.33046296,117926657.46098533,116410841.03696294,93388596.21937287,119569677.0017753,104733506.91656026,113514937.20962532,104634638.63248788,106478399.9657153,89936814.58100778,108481679.70543532,96447212.09459774,116569819.76124042,109166899.81284274,118523900.05958776,100574367.56048778,126117595.45950028,98952757.99332532,103897211.82520781,112556915.5844279,124385862.42796782,101042357.28124279,97710553.9842178,112882761.46119776,96812107.74856031,107729374.19253784,119683656.74530546,91655277.2899229,97891642.03940034,94949647.00096038,113286940.63154028,124459328.40821037,109537544.25582536,106121117.78115283,109501656.56550777,114202974.45868027,110947949.52514525,120108405.8273553,88212295.33362529,94925618.27295038,104420257.67962791,107277109.55458537,98118080.77802289,116014581.55552033,98020197.64116286,97895269.45358036
2021-09-29,134647663.62009504,95844979.96252781,96919772.32766536,108709872.0598729,99389300.52551022,98552021.46496296,117042626.37148534,114756664.75896293,92788607.35737288,118499184.2412753,103502558.74206027,112543598.98312531,103996435.06948788,105937879.5247153,89801070.74550778,107301877.35193533,95676741.44759774,115721559.48824044,108498869.65284275,117879361.27808776,99597983.30548778,124995170.55900028,98653949.75582534,102757404.1977878,111611664.8919279,122958724.16246782,100322313.75774278,97518390.43571779,112292254.32769777,96256907.8246403,106910425.79053783,119304153.59330547,90810991.75273791,96982672.94990034,93872390.9129604,112676089.47654028,123041921.89821036,108426639.07382536,105813292.51515281,108831728.46800777,114008315.68318027,109901113.12414525,119593312.2458553,86939299.53112529,94302515.58645037,104217841.38862792,106329527.68458536,97386141.6350229,115417900.40352032,98129331.13416286,97095080.24808037
2021-09-30,135864663.62009504,95891560.56152782,97005736.83216536,108764864.2123729,99624982.02151023,98567186.68246296,117912130.94048533,115143142.78096293,93430349.63837287,118974990.4527753,103998762.52256027,112576714.62812531,104212619.15898788,106528028.2712153,90493436.73050778,107427943.07543534,95620662.72109775,115563426.72774044,108334610.35084274,118057784.22158776,100579488.03398779,125384283.5140003,99540298.43932533,102934577.0532878,112387420.72242789,123053667.82846782,100897073.57024278,98485309.8032178,112716219.53019777,96935920.31314033,106842246.84803784,119543204.69330548,90757557.37323791,97166149.49940035,94131830.63946038,113160348.64404029,123125844.19621037,108684048.53882536,105928226.17765284,109592916.87400776,114435758.86218026,110179455.90014526,120570741.9598553,87250080.8586253,94352670.41995038,104152471.78512791,106403270.86308536,97363619.5410229,115488106.32152033,98606812.90016286,96843733.67358038
2021-10-01,136805699.76009506,94963639.74652782,96231162.72666536,108842527.1768729,99310608.59301022,97753594.84746295,117718345.35948534,114876176.64496292,93968432.03187287,118783313.45327531,103719412.76256028,112930191.72362532,103499800.54048789,106577052.07371531,91182218.79100777,108052182.16043535,95494037.15209775,114180358.12474042,107861495.21584275,117957775.10758777,101416122.26848778,125189135.94350031,100170850.49532534,101969962.70728782,112236938.31492788,123678924.07446782,100825643.98124278,99308768.11671779,112561240.56919777,95866167.56564033,107062508.11353785,117941087.58980548,89192397.87473792,96356828.33390035,93735267.28246039,112432880.31304029,122583433.38771038,108017213.87582536,105482278.12665284,108975643.18850777,115001451.63018027,109676880.98264526,121316612.0473553,87045607.86712529,93942087.20995039,104143608.73812792,105844491.54008538,97426856.49752289,114586770.00752032,99247212.14266288,95653259.83108039
2021-10-04,137319208.74709505,95208026.79852782,95913605.55516537,108908690.7663729,98764866.23651022,97668620.25446296,118336712.40548533,115693854.48546293,93806923.06437287,119178472.4552753,105104874.04256028,112639993.00162531,103952245.5659329,107044765.7716203,91178516.03400777,110034497.46694034,95122927.18509775,113526287.28824043,108022973.42334275,118633238.19808777,101622149.16848779,125449963.9230003,101012592.57282534,101221350.27528782,110805017.88492788,123842293.58296783,100801414.79574278,100049677.6052178,113897401.11369777,96105561.36714034,107399264.02953786,118144067.59430549,89358584.6697379,97017426.31240034,93495633.95896038,111946855.7285403,123882744.50071037,108000414.38982537,106428021.62515283,108758620.89950776,115640543.77618028,110421528.87364526,121596137.1983553,87051085.95462528,94518003.37845038,104345588.73828791,105118169.44708537,97796373.56596789,115129747.55092531,99800588.14416288,95646109.3340804
2021-10-05,139636990.70959505,96904706.39152783,97501950.56316537,109727993.99237292,100415039.50001022,99260018.74246296,119716801.03098534,117582286.39296293,95047875.02387287,120840937.02727531,106339644.73556028,114254255.39562532,104926101.6674329,108281121.02462031,92943862.32750778,110989714.39044036,95491071.73309776,114277666.86924043,108573435.77084276,119795055.77008778,103018802.13098778,127070805.93650031,102242022.44632533,102253042.93528783,112602474.03592786,125310081.64796783,102220095.52024278,100565059.69971779,115243869.91719776,97079185.10214035,108812929.44653785,118683081.1143055,90890318.88073792,98494536.23440035,94929368.2104604,114332887.6015403,125375240.30521038,109081564.47132537,107182367.50365284,110065197.61100778,116048940.4291803,112666489.26564527,123545212.52185531,88352839.63962528,95884497.79095039,104945450.50228791,106922972.92308536,98526053.7959679,115206176.66642532,100808007.67416286,97025793.1390804
2021-10-06,140849992.99109507,97928563.69852783,97930731.45266537,110817363.15737292,100437852.79801022,99678839.50096297,121333573.04348534,118432871.32696295,95722130.90887287,121243491.83927532,107422511.03606029,114696119.15762532,105998740.2979329,108290861.40762031,93889951.08450778,111501073.02494036,95456357.65259776,114684994.26824042,108978013.67784277,120584785.91908778,103850326.13298777,128648304.78700031,102701817.84932534,102335495.96228783,112739775.78492787,126331918.36296783,102445689.02824278,101359675.57271779,116684701.95719777,98310851.98514035,110037882.86703786,120078664.11780551,91009662.19823793,98465999.47940037,95116145.03946042,114915157.3845403,125939286.6392104,109694996.75482537,107347802.18565284,110280875.91000777,116601877.4856803,113045781.20064527,124502432.7108553,88800009.27662528,96203536.1539504,104839743.56678791,107661500.15458536,99449616.8244679,116359285.54042532,100958270.08866288,97915729.09308042
2021-10-07,142231992.99109507,99023519.35052782,98322802.85666537,111281805.63887292,100580072.15601023,100363445.75996298,121929651.23998535,118735713.67096294,95999133.20787287,121851300.71177532,108054154.7375603,115127257.44912532,106059964.2939329,108583691.27462031,94373429.46400778,111429691.95444036,95633313.49759775,114402796.54124044,110026343.04984277,120323755.25108778,104295299.53198779,129239167.22400032,102806425.00382534,102940968.80628783,113460904.36392787,126432927.60946783,102414106.82624277,101041198.6462178,116925159.48019777,98992511.81464036,110157062.60353786,120160127.16680552,90868606.37823793,99332647.91440037,95691847.48346043,114515450.6665403,125959046.3012104,109654694.63632536,107856117.69165285,109851939.78050779,117995293.2641803,113921147.27864528,125286945.28935531,88955362.45962529,96677084.6699504,104762228.38078791,108387617.99008538,99642187.11296791,116886093.98292531,101356201.97066289,98028034.18458042
2021-10-08,141437809.39359507,99341805.17852783,97885595.37666538,110291464.97137292,101028026.13601023,100222582.90646297,121309019.34498534,119283606.23896295,95451193.65887286,121976938.33327532,107791857.61206031,114236677.79662533,105761398.7544329,108013030.1301203,93969117.39350778,111171674.32494037,95239150.25059776,113798130.72524044,110310501.97784278,119372284.61808778,103667832.36698778,128892594.70200032,101799358.70182535,102543430.42578784,112588128.31342787,125639815.79596785,101482456.1727428,100706640.72821781,116706148.25769778,98506123.15714036,109380758.02953786,120093045.56880552,91320408.49873795,99021211.54090036,96148732.82296042,114351361.2930403,125370097.67121041,108682227.99532536,107156558.79665285,109204910.04300779,117430989.4206803,113088648.94714527,124983019.7573553,89069396.49862528,96694959.63995041,104692229.35028793,107815596.82108538,99194401.98096791,117020206.65942532,101028827.10866287,98368593.69458042
2021-10-11,142013072.58609506,101030339.06852782,99173422.13666539,110978808.49337292,101557780.30401023,100830065.549963,122511572.50248535,120144443.40746295,96660120.09037286,123191643.61277531,108239202.7245603,115491913.98062533,106504997.6349329,109025653.49812031,95649768.75400779,113235812.71544038,95249020.70709775,114780610.48174044,111416732.92134278,120392598.80808778,104950291.84698778,130196453.15400031,102378944.19582535,102768779.64978784,113705599.57842788,126555675.10096784,102352997.0352428,101907585.35321781,116600873.60619777,99865447.91964035,109900669.36653787,120756633.41180553,92596731.35673794,99423497.60990037,97081983.45096043,114533344.6725403,127450631.6112104,109564998.40032536,108732745.82715285,109987774.2950078,117727251.9856803,113566941.19564527,125838593.8713553,89358208.24562529,97862438.13945042,105241365.02328794,108492438.73458537,100226049.94146791,118322026.32992531,102629658.36666289,98966090.57258043
2021-10-12,141583072.58609506,101574459.00502783,98405127.24816538,110833417.61637293,101498580.48851022,100771646.366963,123027941.62948535,120481690.99046294,96171215.41387287,124074667.3667753,107846766.3485603,116017318.18912534,106373655.87593292,108983249.2716203,95800868.86150779,113164367.85844038,95044833.40559775,114599863.22324045,112088183.66184278,119614796.0095878,105770516.85048778,130227719.64800033,102655990.50382535,103187702.99778783,114374591.60842788,126665278.06246784,101642909.49674278,102323965.6267178,117342978.56969778,100762074.26864035,110597940.52753787,120458535.36380553,93007367.49523795,99380611.11440037,97716488.58996043,115239833.2130403,127228397.2002104,109943765.03982536,108017602.25215286,110166323.3200078,117510006.9571803,113065509.14264527,124899266.99435529,88918864.20412529,97996313.76245041,105040788.98228794,108293301.00708538,100490795.7069679,118618881.68242532,103016569.3986629,98876879.83508043
2021-10-13,143929072.58609506,101749290.66702783,99474626.00016537,111223727.63537294,101729583.94851023,100616090.94696298,123304474.81848535,121080587.06746295,97176962.00437286,125507963.80677532,108462667.0105603,116371268.61912534,107304206.43493292,109703898.7821203,96848598.4890078,113453733.46894038,95545278.47509775,115736570.77474044,113107228.08684278,120448195.84658779,106516082.04448779,131485576.12500031,103649389.68382534,103545598.63378784,115373281.96342787,127838473.33996785,103013762.2762428,103378702.07221782,117976603.94569778,100972433.56314036,111906192.13753787,122023985.44980553,92724234.36123796,99882343.25990038,98142903.52646042,114960131.8880403,128201433.87871042,109445471.62682536,108731101.38065287,110752366.4945078,118266595.8981803,113978962.80714527,126329682.7433553,89372743.6866253,98689386.5349504,104529266.87228796,109046878.63658538,101585277.79796791,118469641.46242534,103849416.08016288,99509396.35308042
2021-10-14,146627072.58609506,102515734.41202785,100981725.96766537,112139793.43587294,101982624.64201023,101084543.00446302,123238052.63798538,122434750.96596295,98373041.46887287,126476243.97377531,109799222.06056032,117421962.08212534,108820227.74793291,110477306.5446203,98225417.71100779,114580919.5474404,96182763.68509775,116370276.83224045,113864375.17484277,120645009.1610878,107557940.4854878,132911131.85400032,104625197.41582535,104086841.67728785,117083954.11492787,128055403.39696784,104023400.59224279,104312517.97921783,118623953.31619778,101469690.89314036,113188397.05753787,124664962.34980553,92554615.77723795,100535192.97590037,98479590.97546041,115437640.20004033,129615265.4667104,109562302.36082537,109906109.55265287,112221405.3635078,120288677.8171803,115473213.18614526,127402052.98535532,90035771.12512529,99140155.82595041,104486264.65428795,110477326.54258539,103318342.35796791,119800647.47642535,104466056.02816288,101198739.18408044
2021-10-15,148443072.58609506,102114519.26252785,102013465.50616539,113359007.60287294,101710494.71301024,102136088.01646301,124317045.24198538,122976897.78546296,99405443.52987286,127941093.03777531,110749812.48756032,118054772.72762534,109384986.89443293,111499940.6546203,98690913.20050779,115227868.27694039,96548025.26209776,117372377.78374046,114800210.89584278,120964748.2990878,108578924.3074878,133294078.89400032,105572502.00782534,103762596.79078786,117452356.67442787,128589170.11646783,104245603.2132428,105118626.35071781,119449743.1926978,101448426.99064036,113858204.32253787,126191707.31080553,93157729.83773795,101458426.43140039,98760569.35046043,115713635.12004033,130667268.2297104,110376125.36482537,110756030.10715288,112757915.9145078,121216549.79418032,116274958.50864527,128533300.48135531,90877717.82712528,99790038.3149504,104375914.96328795,111377884.32258539,104483567.85546792,120435468.03092535,104729597.70816289,102143052.81158043
2021-10-18,148053072.58609506,102394344.62852786,102429418.27916539,113402419.27537295,100968730.60851024,102575777.37846301,124191241.08348538,122573201.54946296,98919946.81487288,127715577.42777532,111107039.48756032,117537050.24712534,109760796.38993293,111339476.5636203,98376966.24950778,115035909.1249404,96332546.85559776,116884629.53874046,114524122.05084278,120638642.6045878,108251769.5984878,133269936.95700032,105636610.63882536,103098059.33278786,116817038.84292787,128128211.86796784,104275913.6567428,104898173.89671782,120003308.8491978,102305098.92364037,113703618.54753786,126370602.32180554,92995042.37273796,101360167.36990038,99050714.71846043,116983384.31904034,130227725.3532104,110080797.66582537,109623473.40765288,112874015.13650781,121764180.88618033,116463056.82764526,127997946.66235532,91220809.43612528,99526810.30295041,104774648.61778794,111781366.08758539,104636567.85546792,120779256.83892535,103563342.0816629,102779121.04458043
2021-10-19,148673192.27009505,101948131.19302787,103349097.52916539,113401698.43937294,100544643.13651025,102829968.26296301,125141548.43648538,122784059.15796296,99881280.19037288,128151710.11777532,110945667.38206032,117276236.05762535,109544187.17643294,111760516.2486203,98352748.5335078,115122747.83494039,96447431.30109777,117156607.23974046,114632491.18784277,121228098.2595878,108746884.9844878,133425093.5180003,106254041.70132536,102214794.47978787,117380325.97442788,128587566.96596783,105331633.90924281,105039293.25471783,119661986.8166978,102753711.50364035,113575736.24753787,127162602.32180554,93107272.48623796,100804181.7204004,99661389.26346043,117074929.50404035,131113947.92321041,110018478.40832537,110188190.55615288,113290101.7375078,122624530.31618032,116927424.60014525,128095873.81935532,91275918.15462528,99453647.06895041,104411440.94128795,111572609.7215854,104999594.67946792,119767147.65992534,103943914.0306629,102827096.48758045
2021-10-20,149908072.81009507,102151312.91002786,103590721.27066539,114265991.27137294,99915898.29851024,103086403.13196301,125189643.39848539,123959641.62396297,100659841.53037289,129759110.56777531,111525920.05156031,118273236.05762535,109901876.14443295,112579280.52562031,99599023.9580078,115903951.6849404,96958993.13459778,117767424.21974047,115501154.65384278,122022966.7845878,109824962.1084878,134686110.9300003,106879907.58532536,102076131.90728787,116919693.93742788,129164112.39496784,105495077.7207428,106279808.49721783,120480974.4916978,103297629.06214038,114765869.71653786,128656018.23980553,94041879.30273797,100965143.0509004,100031255.64146042,117392445.44654034,131917574.5447104,110340350.79732539,111327813.57615288,113650934.4035078,123902584.74618033,118039437.91514526,128478297.24235532,91366271.31962529,99921467.33395043,103687054.16978794,112117774.68058538,105951232.27746792,119757502.02692536,104222839.44116288,103779179.79008044
2021-10-21,150819366.91009507,102304996.38002786,103828506.7986654,114372933.41787297,99973046.19701025,102751063.269463,124912078.36498539,124049986.11746296,100105308.0623729,130344721.15277532,111707077.63706031,118356909.00962536,110089896.66793296,112853583.62762031,100101667.4340078,116246564.0949404,97012446.36209777,117884351.20224047,116008277.58334279,121752487.28908783,110379392.6814878,134856718.8305003,106657239.52232537,102284579.86028787,117061887.69242789,128994230.59696785,104946001.2892428,106473047.45821783,120022557.2706978,103381843.60014036,114961396.16453788,129286720.67180553,94389676.35223797,100422615.82390039,100446724.11246043,116935921.85354035,132200159.27471042,109945165.68932539,111828813.57615288,113601966.98150781,124375584.74618033,118655437.91514526,127812068.84485532,91723076.39412528,100137561.44595042,103455141.14928795,112551251.26508538,106610891.48246792,120263133.92392536,104283251.8026629,104280506.71508044
2021-10-22,151948366.91009507,102596465.12752786,103990739.1416654,114982396.85387297,100035844.17601025,102187279.30596301,125072802.7919854,124702325.43646297,100546443.19287288,131358721.15277532,112337692.41506031,118610897.21262535,110702853.12593296,113540298.67262033,100869110.86650778,116122429.6979404,97032545.59759778,117978273.96324047,116234933.39384279,120909148.77408783,111097471.85548781,134882813.9780003,106349760.64932537,102805192.60478787,118309494.97592789,128443373.16446784,105363514.56424281,106874598.82421784,121477111.13019781,104110534.20614037,115507300.49853788,129969404.91680554,94397419.82223795,101177459.4364004,101071797.26496044,117920201.47104037,133119111.8567104,109670114.3818254,112629813.57615288,114415181.3130078,125263584.74618033,119697437.91514526,127478979.56535533,92593181.48862527,100038404.67195043,103356196.60878795,114277721.55908538,106854770.37496793,120990150.01592536,103930968.9311629,104870948.77258044
2021-10-25,149912366.91009507,101766020.65602785,103617532.02166541,115327189.93737297,99035688.91751027,99886184.99546301,123612340.0604854,121974544.15995297,99796653.3978729,129927502.43277532,111369753.13756032,115796696.13912538,110047111.51993296,112662544.05912033,98801981.7740078,114645626.90231039,96789854.09459779,116324256.59224048,114664915.8538428,118398243.83308783,109617991.25398782,132192694.18150033,105020135.91982536,102417369.39278787,117619977.38388789,126081241.69798785,104756960.25774282,104946801.24717784,119484676.79019782,102122106.52764037,113016139.82953788,128323930.23680553,92556016.33973795,100561749.6989004,98916162.39633043,117238411.86554036,131369244.75871041,107900269.3778254,111601071.23965287,112339877.7435078,123563187.69268033,118352419.21364526,125284892.55021782,92840673.71362528,98967449.88656792,102168931.02030796,113162677.48708539,105361568.32292792,119193504.38942537,101966315.2741629,103472948.77258044
2021-10-26,152323953.17459506,103054590.74602786,104246350.81716542,116399036.13487297,99719782.38151026,101154759.127963,124927707.41298538,123959557.23895296,100719776.9253729,132031308.12777531,112914598.42706032,117580709.29062536,111378804.85093296,114277856.10412033,100220798.02300781,116019395.0553104,97253960.06859778,117518989.78874049,115944628.82534277,120195092.05908784,111249564.2344878,133778002.36050034,106041178.84982535,103434031.10278788,118308780.89688788,127258722.50548786,105615629.39724283,106628508.11467785,121443132.77369782,103542861.89114037,115165902.77003789,129949727.94680554,93609182.89623795,102035343.2179004,100332231.17483044,118068453.94804035,133208372.9737104,108805343.30782539,112948470.88865288,113312617.23650782,125147955.16368032,120119006.97364527,126074241.91487783,93804277.11562528,99804267.73756793,103114220.56930795,114653833.7190854,106469788.42892793,120879305.35392536,102811766.4311629,104689482.69958045
2021-10-27,156222006.01959506,105974919.12602785,105466447.3216654,118448980.07537296,102640518.25001028,102783529.04396302,126776046.63998538,126502472.63745297,102430310.8603729,134737199.42127532,115978984.38756032,120220308.66512537,113951689.38093296,115932569.06362033,102584786.6260078,117980835.14031039,100101377.86159779,119006431.08274049,117694771.52134278,122253274.31758785,112865449.63448781,135981312.97250032,108295290.99932536,106278751.01828787,121506336.64888789,129061613.26798785,107929272.08674283,109444324.05167785,124197433.66419782,105369941.79164037,117496136.17753789,131681073.42930554,95481102.65423796,104571122.07240039,102065783.39533044,121329974.01554036,136459261.9337104,109767350.8288254,115486240.57115288,115763099.52450782,128298151.75618032,122879230.47614527,127995360.98487782,95122593.37962528,101660208.49656793,104865728.78730796,116974806.6215854,108388017.97592792,124826412.50642537,104722237.5611629,106737482.69958045
2021-10-28,159489287.94209507,107964058.37452787,106585088.9771654,120134438.85137297,103214615.60051027,105053895.42846301,129483210.2149854,128370442.78895298,104683254.5928729,137890801.38077533,117673372.51806034,121971015.23062536,116210281.83243297,118381140.07962033,103863046.95950781,119096516.44481039,101657065.90359779,120171717.5207405,120632138.42134279,123990645.69658785,114732010.98448783,138945323.01100034,110342170.97082537,108584356.34428787,124035833.88038789,131699334.08748786,109880439.08674285,110572308.77417785,126759404.43919782,107362475.80764037,119763021.96353789,134820629.85180554,96581597.99623796,105889706.32240039,103475496.98433045,123051786.32054037,138808214.6437104,110320278.49132541,117620009.53065288,116869600.20900783,131088884.74618033,126231624.27914527,129858347.14087783,96236933.55012527,103370817.43606794,104645060.83630796,119115119.1865854,110582129.06692792,126075379.77042538,106405772.7386629,108713880.71458045
2021-10-29,159328287.94209507,107714059.42952788,106189241.93266541,119964390.76837298,103316244.74201028,104854513.16346303,129168078.3774854,129948320.99395297,104559745.3303729,137827194.02877533,117540365.53806034,122008901.76312536,116449353.78493297,119186112.97512034,103799970.0570078,118071953.1593104,101466143.2650978,119590393.10824049,120700898.54384278,122741399.14808786,114921733.36998783,138851742.63400036,109782287.55282536,108928725.07078788,124500516.88038789,130704667.71548787,109686488.46674284,110185766.10517786,126788543.43169782,107906578.05014038,119900759.41653788,135187078.23430556,96407655.54523796,105586444.61990039,103979732.29683045,123497741.49554038,138683719.5587104,109922629.7778254,117566746.98365289,116249963.46000783,131244652.12068033,126413476.80114527,129826365.46337783,96456543.68312527,103562986.97506794,104740698.70830795,119665031.51658541,110866103.75192791,126878775.90292537,105895667.31866291,108602880.71458045
2021-11-01,159963067.52359506,108183407.11652787,107324966.21566541,120763752.31537297,102708483.8625103,105607847.77346303,128653016.21648541,130821230.55395298,105027514.9983729,138869894.48027533,117818929.52506034,122789994.08212537,117692331.11993298,120033511.57062033,105090446.67900781,117633376.8263104,101598221.0660978,119557635.85224049,120983792.28984278,122619488.47958785,116029362.15298784,139981323.07300034,109454420.69243285,109944547.88728788,125335946.15501788,130508560.98098788,110985324.40974283,110843136.58517787,127408313.09969783,109253620.90264037,120593648.29703788,135943324.44280556,97139453.24973795,106518405.1089004,104946453.25383045,124407941.20454037,139133975.9767104,111096724.09082541,118580813.15265289,117216895.74600783,132511678.80818033,128001979.18714526,131356408.83187783,96042913.65059778,103342847.37656793,103612796.86430795,120350297.79119289,111490103.75192791,126975028.71592538,106149070.26327041,109201514.70158045
2021-11-02,163622034.42659506,111140726.94752787,109502609.44066541,123948312.57687297,105803481.6605103,107563702.68146303,129693442.07498541,134144232.61145298,106714132.8778729,141233388.34127533,120318257.89506035,124822921.76712537,119767787.06493299,121534502.74712032,107026456.03850782,119847990.1593104,103397055.13909781,120542879.8397405,122830919.96284278,124851919.71808787,117390827.50348783,142809205.71450037,110559471.65193287,112193944.99128789,127385530.93401787,132704579.54448788,114038660.07174283,112971683.95617786,129461357.68319783,110455455.39264038,122363841.01453789,139112248.81680554,98591831.79123795,108213714.77490039,106852631.78883046,127930810.97854038,141091840.66271043,111193963.43332541,120494316.0611529,119384112.60150784,135306872.9021803,129915333.67164527,132740613.13787782,98113137.54059777,104532221.24106795,106366006.24930796,122654617.0551929,114158324.34892792,130035479.95392537,107094648.66027041,111622037.51008046
2021-11-03,156870034.42659506,108614040.56752539,105766541.1251654,120183872.62687299,103449962.5725103,105810102.53396302,127025643.92248541,129490406.90895298,103873299.5288729,137337441.68377534,116101497.10106033,121463305.69962537,115338515.67393298,118009708.16212033,104051567.95350783,117620633.8743104,101347372.80259782,116624735.3022405,118908284.06284279,121464562.56558786,114770912.46598783,139278597.75400037,106729817.59043287,109494117.6387879,124636302.89001788,132505153.65798786,111248233.35674284,110276252.24617785,125075932.72019783,108574576.42564039,118488280.5440379,134520598.87680554,95731685.43923795,104526523.44990039,102425903.16883045,123647608.90204038,137310245.2157104,110348210.89632542,116722851.0651529,115949694.96650784,131576724.59868033,126166576.26464528,127644898.48537782,95714026.37059776,101014413.59206794,103569933.54430796,118524217.4626929,109495178.67092791,126354993.58342537,104901611.05827041,106784246.44508046
2021-11-04,160332034.42659506,110134415.80552539,107207014.87066542,121832961.041873,104364973.7320103,107822023.39396304,129923003.05348542,130906585.48645298,106238531.45137289,139576577.01277533,118191446.95256034,122140963.62662537,117035210.106933,119878900.73562032,105794870.21000783,119914805.65731041,102385548.76759782,116918923.95432301,120906127.77884278,121787881.98841538,117376100.11298785,140769977.59400034,108782717.42843287,111492542.74578789,127193169.73151788,134312927.56648788,112689701.99974285,112198444.71317786,127631319.56769782,108664651.49264039,119833669.35553789,137517196.24580556,96969275.02923796,106144898.38740039,103670438.46833046,126414874.32054038,139640361.83871043,111381577.81315292,119198478.9571529,118234372.31950784,133726096.68268034,128298612.67164527,129838464.28037782,98255752.56409776,103044241.70956795,105603032.79680796,121037374.1491929,111534799.34692791,127819845.58192538,105942745.19827041,108489087.16258046
2021-11-05,164119586.20159507,111265822.50502539,109263221.31116542,123697323.090373,105413685.11101031,109787642.05946304,132313832.46298543,132400198.23145299,108233148.0463729,141347529.09627533,119921410.79720035,123180705.34012538,118819023.80943298,121774989.00412033,107101260.93800783,122050521.09081042,104107079.58709782,118507036.772823,122699193.73884279,122532743.02441537,120216069.46398784,143008782.64900035,111385323.55593286,112994153.96578789,129323859.68801787,136595405.8684879,114361330.44174285,113649549.19367787,129910133.65169781,109948164.79514039,121205108.27453789,139997584.06780556,98623430.20923795,108025705.91540039,104807742.13833046,127940434.36904037,141919449.1252104,112899538.85115293,121586962.06765291,120222041.84700784,135712225.88118035,130553500.07264528,131964443.08087783,100627212.12059776,104976612.44356795,107537757.94380796,121799298.5446929,113237365.93442792,128424215.81992538,108026159.74427041,110481908.39558047
2021-11-08,167745734.10359508,112977353.17002541,111556308.49366543,125437458.351873,106741048.45351031,111067168.00246304,135474328.7999854,134586807.340453,109902383.7963729,143260878.78627533,121998655.71720034,123622300.03512537,120525456.08193299,123498609.66412035,108110203.05900782,124686017.37631042,106592589.24959782,120320936.471823,125508503.43534279,123250109.14341539,122373102.09398785,144701650.40500033,114306433.03993288,115303447.3517879,131853501.56551789,138602034.6834879,116500709.48974285,115417212.20167786,131568102.91519782,110554782.1811404,122254815.91203791,142705513.86080557,100067281.41323794,109620682.22390038,106168588.95583045,130217542.01104039,144363545.36321044,114054428.67615293,124558135.3816529,122018517.85350783,138247754.02168036,132752055.54564527,134034437.41687784,102910812.59459777,106845356.26556794,109556341.60430798,123067769.86119291,115302926.37342793,129456932.96992539,110533113.64427042,112239233.89558047
2021-11-09,170039641.19859508,114793544.1170254,111622031.51016542,127267630.229873,108494954.33551031,110926047.87946305,137033157.03998542,136681027.746953,110546926.0753729,144239965.06327534,122686318.59070033,124371464.03412539,120800158.89393298,124816591.26912034,108626130.54600784,126831500.62881042,106437180.70959784,120676757.152823,127252669.7653428,123800706.41541539,123465102.09398785,145358108.31550032,115484816.40743287,116740214.35278788,132946452.48451789,139384890.6889879,116331231.43624285,116548960.09917787,132122256.37319782,111477371.6761404,122852905.1060379,143802488.87330556,100804281.41323794,110273744.0859004,107770504.47133046,130851106.74304038,144895528.79221043,114345020.64965293,126286319.30165291,123112006.02600783,139330089.57668036,133652195.10714528,134895379.55187783,103432977.09959778,107071991.75906795,109547408.00730798,123703171.68119292,116586654.67642793,130234102.3564254,111786728.40427041,113289801.06058048
2021-11-10,172767641.19859508,116337537.8035254,112131727.00366542,129222760.891373,109197262.73501033,111787819.63046303,138123134.94598544,138680626.82745302,111310164.5593729,147213437.69127533,124755981.70470034,125898114.25012538,122131390.57043299,126587044.15112033,110849749.37550783,127725153.38831043,106898382.75209785,120600646.45832302,128898254.54484281,125639179.54891539,126252782.74298784,146630854.37950033,116310356.95243287,118325297.52178788,134970518.5055179,139786511.0554879,118236605.55024286,118391268.07167786,134473130.26419783,112817489.30364041,125268826.3130379,145435804.97580558,102122875.95923793,111919620.8679004,109622484.49333046,132555378.3820404,146589158.68971044,116238598.78115293,128768572.2326529,124572006.02600783,140709057.07518035,136065464.81164527,136164853.15787783,104728053.65109779,107330597.40806794,110571073.75530799,125676025.50919291,117651654.67642793,131722351.07792541,113040313.83677042,114567801.06058048
2021-11-11,173926227.90259507,117082467.3890254,112495071.93366542,128989291.333873,108920929.99568781,111197621.68746305,136199337.67148542,139760541.419953,110662875.6718729,147159892.58427534,124586931.88970034,125537531.63612539,122592416.39593299,126228607.94912034,111266749.37550783,127160208.72581042,107042467.53859784,118523310.53582302,128754538.9128428,125645087.2104154,125885833.72798786,146386556.75450033,115433252.89943287,120270741.7842879,134633191.8555179,137315629.20698792,118792681.22174285,118881323.40917787,134651565.3486978,113976143.1366404,125951702.99303791,146271878.16330558,101952591.35923794,111685906.7614004,110747824.64683047,133941308.4590404,146321433.00671044,114971884.94665293,128822903.29915291,124697830.93000783,140152486.24018034,135466272.30664527,136140801.97587782,103486832.56209779,107165987.50906795,110446644.72780798,126891052.19919293,117889486.77042794,132637319.64842542,111910684.87177041,115467801.06058048
2021-11-12,176813827.37609506,118638363.7470254,113377818.09966543,131061124.99437301,109772349.57468784,112593181.34796304,137027165.38098544,142261311.59795302,112126470.1418729,149306853.99277532,126308835.94670033,127513963.8596254,124580103.593433,128050387.59712034,113745897.56550784,128259967.22331043,107481618.44109784,119155243.00332302,130577591.77784279,127738228.06991541,127498114.41148785,148651296.83850032,116364249.90143287,123150322.6572879,135988529.4355179,137931607.8954879,119705423.39124286,121275689.40367788,136394666.20619783,116265451.8991404,128398628.35303791,148987085.79080558,103154948.63373795,112464658.5419004,113113559.61583048,136014465.09204042,148918570.3307104,115396580.03615294,130469946.4036529,126579517.06050783,142854947.09768036,137613931.1481453,137772524.40287784,103316990.12509778,108599151.71856795,110614376.84880799,128688975.26119293,119581473.18242794,134410965.36392543,112525001.16677043,117524434.05058047
2021-11-15,173431958.02609506,116292902.8785254,113717607.12716544,128960681.519373,109894469.45818785,110633146.96096304,136082260.63348547,142516846.569453,111001566.6718729,146570993.99277532,124342817.83670035,125285591.8061254,123458402.127933,125488357.46162033,112453452.90750784,127097261.31081042,107141667.34509784,118345794.81532302,130173591.77784279,127477100.66141541,125736114.41148785,147446525.38850033,114617970.51943287,122101059.5442879,134611633.6715179,137984147.69348788,118191034.56624286,119370124.67367788,134470270.79619783,115481073.3751404,126445199.38970791,147075686.65830556,101368817.80623794,110126209.6434004,112177376.89983048,133780638.3975404,147650462.61971045,115258853.31082293,128555114.51615292,124634573.08300783,140387420.55568036,134817337.77714527,135596093.16537786,102236552.54609779,106596209.20806795,110201516.78830798,125493717.08269294,117418507.65942794,132705032.12142542,110889448.56927043,116227507.89058048
2021-11-16,173351694.48209506,116262217.5685254,113504678.34716544,126770990.628873,110360040.42968786,109674777.95946305,136503376.61648548,142612955.275453,110442715.7603729,145836240.85127532,123251790.28070036,125164334.32162541,122872183.59643298,124409835.86962034,111884537.31300785,126819688.51231043,107304055.84759784,117833880.36782303,130156767.8178428,127390973.02841541,126220326.16548786,146071024.38350034,112956178.53143288,120830610.7967879,134391099.4610179,138389217.4534879,118066678.72024286,118102515.38167787,133918202.46969783,114702943.6626404,126186572.3342079,145320271.19030556,100840870.52323794,109080313.4309004,111822170.52983047,132424270.9805404,146820759.70121044,115042454.15782294,128807113.34365292,123313017.91800784,139458059.02968037,134235349.71614528,134570167.84287784,102581476.7825978,106276495.45706795,109990637.88530798,124289327.88719293,116575467.50692794,130729639.46142542,110306809.57677042,114664225.3405805
2021-11-17,172810694.48209506,116215448.8136479,112555524.30216545,127093867.42687301,111069110.33568785,109819573.88946304,135796955.97948545,143771317.137953,109906310.52637291,145291550.81377533,122561790.28070036,124831334.32162541,123222827.68643299,123866862.79535285,111949962.43300785,126688896.84731042,107014629.41459785,117021380.72582303,130001767.8178428,128056942.49091542,126042326.16548786,145381514.30850035,112910241.83593288,120395259.0867879,133682967.83951789,137799790.45698792,117919050.44274285,118737347.89167787,133315783.02969784,114787487.0531404,126421040.12370792,144562793.07880557,100375099.71273795,108818287.82490039,112907095.44056296,132737810.41854039,145813405.76971042,115177957.52282295,129354113.34365292,123371936.49450783,139864037.09968036,133676772.55114529,133959443.59537783,103015402.34659779,105704904.47856796,110275158.93180798,123795468.92219295,116434333.97692795,130985705.55692542,110352119.27777043,114599964.22558048
2021-11-18,175592199.29559505,116982054.5586479,112360246.03916544,129675120.28837301,111372079.01168786,110985202.65196306,134404645.77348548,145575293.663453,109313855.0683729,147817048.32777533,123548801.24570034,125103565.53912541,125187725.42593297,124861770.81235284,112350662.82450785,127579534.85781042,106301593.39309785,116222690.03632304,131408466.1478428,128984946.33091542,126640219.05148785,145510127.31850034,111531578.7769329,122115476.8532879,135465287.0170179,136716739.6429879,118545443.86174287,119405552.74267787,135475371.36069784,115992137.1641404,127041290.22570792,145426299.12430558,101070817.46473795,109274045.2424004,114797507.64756297,135135895.1720404,146016579.70121044,114980144.30032295,131172561.43115291,123872715.05750783,142271275.34018037,135149075.07464528,134503351.48287785,103234474.40309781,105332118.05756795,111343261.24930799,125090195.59669295,116876082.84292793,132514940.89992541,110628135.61977044,116631260.89658049
2021-11-19,174782199.29559505,114123836.4789579,110350037.54666543,129794166.90487301,109387475.31768787,110543288.71996304,133055254.24598548,142436140.557953,106299430.62192291,146849891.42877534,122662791.46070033,122799786.49212542,124659127.67793298,123948792.46785283,108372955.27672786,124537202.31549792,104502875.89309785,115470383.32332304,129389575.7243428,127003814.57241541,123649183.05148786,145242350.47950035,110667678.46943289,119840128.4637879,137193700.0070179,134092830.00398791,117174169.18524286,118083862.97722787,134392596.13569784,112511029.83014041,124434369.43170792,142349919.79430556,100261357.67923796,107112896.4417104,112700510.86856297,134581459.8640404,142226720.48561043,113046763.43882295,128628415.36515293,122230838.95100784,142809511.91668037,133118847.78864528,131652808.65527783,100840145.7060978,102935838.09806797,109270178.52965799,121875057.76927294,116357985.08292794,130321858.66342543,109691371.00177044,116152282.81408049
2021-11-22,166717224.72559506,110006372.4064579,107426652.90616545,126727313.18987301,105281702.51618788,107632428.67346305,131112600.4344855,136098190.784453,103828011.79689792,144716784.33577535,119156521.02770033,118359272.41767041,119016455.271433,120739426.14739783,104518660.77072786,121243238.71149793,100370617.11309786,113876292.42932305,124698156.90334281,122739584.91741543,118971268.83648786,142092265.37700036,107340053.5714329,114940981.8547879,133196066.8850179,131690303.1134879,114607310.03324288,114265139.76372787,129689402.48369785,108136199.0566404,120206100.3702079,136112357.0923056,96528859.38023797,105316521.2297104,107042121.89356297,131073325.2735404,136214863.44011042,110291304.13382295,123815837.11615293,117500664.76205283,138514706.61318037,129134493.6106453,129758480.26127782,96886635.5085978,101089906.68156797,106544294.297658,118878249.69427294,112671487.43892795,126674969.37392543,108616084.54077043,112653570.1410805
2021-11-23,165471224.72559506,111685753.3024579,107395656.86066544,126260208.23737302,106495054.49168788,107006059.31846306,133089214.8459855,135897516.60995302,103974184.01889792,145458912.22827536,118945327.71270035,118510085.94367042,118155751.23243299,119874465.24789783,105340958.15272786,121212284.98149793,100296542.32709786,116381598.88582304,126911646.57034281,124147721.06741543,119164235.58748786,141942921.82650036,107740821.3784329,116632309.4257879,132033560.47001791,133176852.92948791,115119422.05174288,115894032.91872787,130100953.14769785,109128572.78264041,120822754.48870791,136154772.9083056,97116517.16523796,106510052.1427104,106045916.76656297,128935697.2495404,136012335.01361042,114816335.19832297,124164748.74665293,116453812.40705284,137208956.20568037,130118036.39264531,130511133.86077783,98022847.55559781,101820788.53606796,108271374.87865801,119165575.59427294,112853037.13992795,127065314.01092543,110023775.04127043,112302592.7735805
2021-11-24,166380604.26904505,111593168.83395791,107844620.45666544,126088058.352373,108606021.24968788,106656834.97646305,133221347.21498549,138209365.44145304,104119433.35439792,144194840.49427536,119154964.44320035,119211709.42617041,118324545.682433,119425568.40189785,106555036.80222785,120899424.15049794,100436343.21509786,115743220.39832303,126623184.71284282,125507809.88141543,120307765.71348786,142238753.56750038,107448651.0829329,116179394.78928791,131598820.29851791,134804477.2049879,114977187.90774289,116536068.55222788,129989690.65019785,110921616.42114042,122591295.92620791,138085015.3123056,97007376.07723796,105959069.14971042,107174540.35956298,129074310.65954041,135781652.45861042,115227556.91532296,124044075.19165292,116182383.05805284,138196670.0146804,130486959.41164531,130638766.96477783,98345478.3945978,101416932.93006796,108705934.982658,119688111.37927295,112293278.95692796,128014347.89492545,109745057.45227043,112518045.0665805
2021-11-25,171348704.74404508,113802187.14895791,108258436.59266543,128221627.15837301,110679937.57068789,109229135.02746305,135210107.2769855,141884656.92145303,106001882.60939792,147271306.69677535,121136379.02770036,121045658.43217042,120906987.26043299,122055967.48889785,108205406.86372785,122669344.31799793,101604985.06459787,116531537.28782304,128127450.34784281,127801317.06541544,122188843.72398788,145146219.5990004,108433897.05593291,118320557.80728792,133619810.9850179,135044908.17398793,116268935.8042429,119761007.32522787,132306091.91969785,113481288.82614042,125070976.91720791,140593128.1233056,98005458.39373797,107738447.2922104,110475573.12006298,131072203.47404042,138306899.59461045,115383338.52182297,126462879.30165292,118875741.45205283,140885469.77168038,133159997.95814532,131541372.75527784,99678300.75959781,103416217.38606797,110411921.099658,121676840.08177295,113598608.37892796,131599797.83192545,112297994.77677044,114565148.1695805
2021-11-26,171412704.74404508,114179516.1199579,107651299.56116544,127436073.40037301,110071944.80818789,109426610.91996305,132486684.4794855,142472579.73645303,106214481.40989792,146006857.90777537,120969083.09270036,120876050.95467043,120485987.26043299,121755806.94289786,108287296.25872785,123068669.58399794,101182832.34659788,115785393.80132304,127252182.79834281,127719764.29541545,121767218.93798786,145398936.4815004,107918000.1964329,117454318.00978792,133447720.31001791,133955887.22448793,115916298.97824289,120676414.76022787,131886501.26719785,113152615.95764042,125428193.4582079,139801589.57780558,98087684.65223797,107524948.48371041,110655651.84706298,130774589.23554042,136774445.94561043,114248610.94932297,127073249.49565293,118099360.24955285,140954941.80068037,133312083.36614531,131847661.75527784,99133312.5745978,102551483.96956797,109097528.75265801,121680324.23077296,113419058.52442797,131278665.39942545,111670830.90177044,114400950.35558051
2021-11-29,173939704.74404508,115048147.20895791,106510254.33916543,127663223.55987301,109715472.28368789,111049610.91996305,132994694.6589855,144793579.73645303,106102724.62289792,146397159.56327537,121268905.08820036,120684684.66490543,121057685.563933,121355555.91639785,108616668.79272786,123180191.94549794,100116447.66909787,115566559.38532305,128477202.00984281,129454144.67891544,121940030.88748787,145064969.43350038,108711205.55943291,118807760.94578792,134311465.86451793,134971731.29098794,115829581.92374289,122473845.17422788,132909241.71669784,112568322.39114043,125330070.50270791,140163813.3758056,97859647.62723798,107710457.8257104,111082050.29456297,131337273.58554041,136155263.04311043,115418402.299323,129640843.16315293,118061177.26805285,141059913.72168037,133198360.25364532,132290369.23477784,98932837.58359781,102621534.91956797,109820518.128658,121888758.00077297,113216753.63692796,132594809.39692543,112225237.47477043,115975967.3615805
2021-11-30,175786452.94904506,114924130.00495791,105839472.51716544,128775319.47887303,110380909.51518789,112320610.91996305,133327223.8904855,146475579.73645303,106621244.46489793,145770244.12427536,121251322.77170037,120851880.51040542,121974201.481933,121462056.31389786,108838040.03522785,123415719.64999795,99980343.31459787,115863354.86982304,127848030.88434282,129222039.94341545,122329217.80748788,144121285.23200038,108991733.1754329,119127493.21828791,134807472.27951792,135679230.47498792,115004027.33574289,123943481.61422788,133507083.64669785,113043787.60814042,126245436.80520791,138932413.3588056,97765225.69973797,107661468.0972104,112139792.47956297,130876515.16404042,135545240.00811043,117477778.15182298,131271728.83315292,119109725.30105285,141747182.97818038,132516605.32464534,132206321.62577784,99421767.38359782,102277438.32306796,110630175.21315801,121316747.12927297,112922668.68392797,132786470.00492543,113106132.69777045,116752955.16758052
2021-12-01,176101452.94904506,114235713.90345791,106428254.17766543,128721676.10387303,111636624.4726879,112782610.91996305,135168374.7469855,146951621.85442805,106940051.84739794,146692513.39777535,121014011.65270036,121332164.37140544,121914665.741933,122278443.11939786,108989196.47420286,123593503.07349795,100681329.32509787,116384379.33232304,128388985.56434283,131009910.51141545,122645642.46698788,144349899.6220004,109128537.81893292,118693220.16228792,135183912.34201792,137201767.11298794,114677580.5597429,124452481.61422788,132878387.31969784,112961423.93464042,126162712.08520792,137710384.58430558,97698068.78823797,107255613.33021042,112370191.58956297,129557523.95004043,136256964.90761045,119655965.81166801,131677728.83315292,118892993.24155286,141290493.22818038,132136890.24014533,132557762.75827783,99575415.16359782,103465926.03856798,111482799.336158,120840177.15427297,112688183.05592798,131906624.67242542,114187956.21627045,116301087.11458051
2021-12-02,175027135.46604508,113850884.22495791,106365737.84066543,128757701.31087303,111193325.7116879,111862581.33696306,133897867.1184855,145839004.76792803,107847513.92189795,146498929.38877538,120486384.62020037,120960098.75140543,121136843.569933,121800424.27789786,108827419.65020287,122782939.75899795,99683258.75309788,115986760.51982304,127720688.30784284,129266457.38641547,123202411.26298788,144060086.6570004,108196434.35193291,118559307.15428792,134640674.95301792,135215020.51148793,115161056.1222429,123172947.98172788,132802747.23219785,112116837.7426404,125573190.76520792,137498974.28680557,97664155.29123798,107569584.78721042,111397527.36356297,129823319.91554043,136646739.81061044,117866221.49566801,130325003.78515293,118176265.40405285,141182733.5951804,132665949.29514533,132911572.05177784,98354751.73359782,103497103.81356798,110344124.410658,121038273.39877298,113345777.18992798,132397182.28942543,113528630.64727044,115830511.04758051
2021-12-03,168019135.46604508,109671687.6323879,104217455.11366543,123746847.86587304,107187480.9561179,107973254.84946305,129046209.3244855,139492247.73592806,103971481.75039795,140022316.68902537,116009949.44570038,115949784.96740544,115930987.871933,117774786.28889787,104794233.95720287,119546370.11342795,95584893.40509789,111951592.38012305,122841360.72184284,124824115.40491548,118532251.0924879,138298495.9787504,105290859.22643292,113608099.69158792,128803445.02701792,130453872.03201294,111386104.9577429,117846993.01772788,127733216.96319786,107519680.63164042,119121825.67620793,132131857.5393056,93658717.79673798,103914154.48851041,107180646.81158297,125075074.85504045,131995426.92961043,112050876.07716802,125001699.41415294,113939967.16455287,134936949.54518038,129240025.36244535,128134554.26152785,94264727.79759783,99119852.96756798,105383584.04865801,116614114.40107298,109925956.32385798,127119852.23917544,110140657.01577044,111830802.57758051
2021-12-06,162240704.21881008,107634729.64888792,102263256.06416544,119442299.45737304,103838377.8801179,104951103.97596306,125283215.7239855,135792090.47792804,101031903.48739794,136136698.33024037,113154074.81070039,112766265.86190544,111538493.355433,115586637.35690787,103207741.36570287,118017325.96842796,93425869.38709788,109166565.52112305,120354211.23074284,122688879.99491549,116234209.6964879,134629531.6323004,103532599.77682292,110208592.13560793,125546553.15765542,127519733.78101295,109395854.56324291,113808629.34072788,123911620.84469786,104813854.23714042,115782510.23370793,126725561.29030558,90105584.59423798,101369767.11243542,103944144.74059297,121949034.60654044,127733937.80911043,108054218.20866801,121545186.53015293,111079309.01306286,131561730.65668039,127069119.64544536,125043384.27322786,91415570.75109781,95458579.36206798,102064321.93065801,114389191.30357298,107352718.26485798,122671866.48117544,107508373.34977044,108651876.35608052
2021-12-07,172473275.18781006,111530163.30238792,105347425.82666543,125437737.79737303,107093733.3285279,110051762.06687306,129560426.3879855,141268838.16892806,105017612.69980294,143096996.91974038,118127722.6672004,117722571.45640545,115750293.005608,119750610.94940788,107521445.60520287,121391255.59942797,95959930.39600289,112677034.59712306,126316860.24824283,126447463.14741549,120838040.4674879,139990051.48030043,106798947.27893542,115916242.38660793,131519914.68365543,131603042.41818795,113771405.47924292,119578955.48272789,129728311.68719786,108599083.17214042,119556906.08120795,132075286.23480558,93558267.39735049,105340552.11193542,108379447.73559298,128474456.74904045,132260918.14861044,110928299.40020803,127336620.02965294,115172830.66756286,137565045.97881788,130878330.33044536,130779219.37072785,94260544.50959781,98020006.22156799,106152391.50365801,118667880.08657299,112257267.87335798,126863493.44077545,110396397.34881045,114742002.98708051
2021-12-08,173216275.18781006,113202776.30638793,106270613.78566544,125368026.47137304,108373285.1955279,111664257.17087306,131575070.1039855,143532790.24342805,106037597.41330294,143898378.8122404,119613631.82870041,118209539.42490545,116620601.46810801,121720432.60040788,108520704.60170287,122324720.37442797,97469739.56750289,114091270.94012305,128256864.05324283,126774878.6909155,121568314.7889879,139119898.69930044,107899731.69393542,118387926.82560793,133975651.86365542,133689615.94668795,115493035.23624292,120604032.99672788,131524190.30919786,108987586.72664043,119471243.22670795,133718942.85480559,94932034.08935049,106952873.46193543,109256769.08009298,129718019.91104046,133324838.00461045,110788416.17270803,128847857.18565294,116330959.05006287,139597129.7343179,132899932.06494537,131358778.96622786,95057465.33509782,97926078.91156799,106810081.028658,120074552.50707299,112454302.58035798,127278011.73227546,112301457.71681045,115833108.88908052
2021-12-09,176384275.18781006,114520214.95638792,107183723.90466544,127214577.24287304,110288493.63602789,112955832.15087306,133563873.8379855,144925291.91492805,107684930.68780296,145915680.0862404,121108907.68920042,119863372.18440545,119191408.104108,122284533.76790789,110686570.73120287,123787559.86742797,98629351.45650288,115538082.76712306,129558174.17524283,127047480.23141551,123339185.2374879,142433235.83930042,109080657.78693542,120167279.15810792,136269469.52065542,135453537.01568794,116764199.60974292,122400603.19722788,134485281.45619786,111536116.51964043,122157154.39670795,136824542.5513056,95884481.40935048,108198525.56243542,110451977.24009298,132267445.94354045,135707834.65411046,112386924.91220804,130240065.60215294,117380066.39656286,141459813.8873179,134302752.79444537,133614811.66872787,96991788.64009781,100190579.31156799,108146100.17365801,121695644.345573,115610486.65535799,129221882.08777545,113482557.44081046,118294585.57658052
2021-12-10,176460275.18781006,114118329.09588793,106033613.14766544,127322006.02287304,109428067.6705279,112745321.56187306,132088520.31748551,145443110.05292803,106486744.31680296,145082581.5367404,120449557.95370041,119626619.41340545,117572480.71260801,121650203.01840788,111291449.53070286,123218119.27892798,98718839.0645029,115402893.74162306,130525482.86074284,128157081.82641551,121828680.9194879,140245118.74730045,109228135.27393542,120211512.77010792,135233313.13315544,135067541.60118794,116568280.62674293,122740086.87422788,133447487.08119786,111219067.02514043,120839012.52170795,135162139.0138056,96219838.75635049,107525967.76993543,109946061.54659298,131633780.37854046,134281063.70411044,112855267.41870803,130162733.66565295,117447570.32206286,141769350.7958179,133145576.72944537,133079817.87922788,95864510.83359781,99199186.04556799,108971685.33065802,120669912.60957299,114522806.55135798,128755711.34427546,112824478.31631047,117187105.20508052
2021-12-13,185198275.18781006,119955951.16688794,107677953.78666544,131694051.56537305,112131038.1280279,117947037.59987307,135832873.00648552,151753505.75342804,110731614.43880296,149884809.5082404,125003521.9967004,124307764.26790546,122266756.529108,125524357.61740789,116888780.74220286,128083165.20742798,101103020.21300289,119433917.11812305,135659912.41574284,132790094.16941552,125654159.1519879,145566119.39780045,113532118.38293543,125907498.20410793,139985606.99015543,140016465.01268795,121191976.78724292,128950063.53272788,138567270.40219787,115484254.28814043,124940351.04520796,140911026.8043056,100108600.0133505,111216129.68443543,114317877.20909297,138044443.77854046,139163666.38161045,116613254.00720803,136065059.08515295,122212955.80206287,149016824.8148179,135375534.53594536,137557980.2622279,99220343.20709781,101104620.92506799,114306367.37015802,125327590.061073,117836518.96185799,134603390.92677546,116405670.48731047,120686630.30608052
2021-12-14,187866275.18781006,122594970.67088793,107151335.25166546,133190463.24287304,112052723.8545279,120711606.86037306,135356560.62598553,155539687.26242805,111002979.67830296,151508475.4037404,126597217.34820041,125789057.75990546,123600860.23460801,128180101.40540789,119297785.88970287,130086410.23242797,100814863.2880029,120021710.02312306,137230884.86424282,134970398.45441553,126662034.3414879,146717975.23930046,115143710.42093542,127998836.54010794,139336036.76665545,141349504.29168797,122556601.53174293,131733748.29272789,139500489.32719785,116826056.97214043,125408798.20420796,142728397.0338056,101770285.51085049,113115262.38193543,115523921.04509297,141175908.01654047,139394724.49261045,117102147.95670803,138767981.65515295,123001779.90106288,151280080.07081792,136815909.61044535,138447160.6672279,99181723.00709783,101743481.345068,115550749.34715801,128496704.945573,117889854.01685798,137339448.84127545,116628114.86481047,121552052.25608052
2021-12-15,187533913.33781007,121404586.79088794,106971105.19666547,131336254.54787304,112836549.7595279,120113824.65387307,134423579.92048553,155245716.38892806,109795683.00930296,152383647.54374042,124853815.36820042,124482257.63490546,123392002.58510801,127602473.0934079,119249660.23270287,128428594.65242797,99811480.51500289,118403174.11662306,135398663.57774284,133295468.27191553,126711734.6404879,147481708.40580046,113554058.85343544,127402857.63310795,138437154.53365543,137660152.42518795,122552518.89874294,130903445.6177279,138807416.00169787,116960737.09214044,126386669.70670795,142028198.3353056,101418679.90285051,112553730.72943543,116171409.49259298,140362436.64254045,140297449.69211048,116740475.58670804,136633375.68315294,122875824.87306288,149810379.4893179,136619648.06194535,138334464.1167279,98196579.55559783,101142385.13856798,113720128.64665802,129693910.43107301,119677472.007858,139176456.57027546,114215400.81181048,121103450.15858054
2021-12-16,195977913.33781007,125903444.94088794,108873863.59266546,134909274.65537304,116026206.3810279,125236523.99837308,136721088.28398553,159805963.10442805,113001472.77180296,156923513.4087404,128343445.94820042,128620123.48490547,126670199.38910802,132096389.1929079,124313655.83970287,132889180.21942797,102397936.0385029,120806543.13262306,139862222.96874285,137554918.2709155,131144698.4439879,152612589.92730045,117077402.18593544,132571602.67810795,142954476.97065544,140863514.82218796,126070125.71824294,136097875.7832279,143448606.65819788,121115664.65914044,131233439.09570797,147311799.2128056,105917264.43285051,116722080.77343543,121884555.37059298,146443603.55054048,145388055.67461047,119351755.31270804,141320398.09315294,126705902.97906289,154708258.4723179,141322649.16044536,142865045.9382279,101023277.18209782,103164557.01306799,117277311.05615802,134051536.918573,123945877.806358,143032600.28177547,118852458.44681047,124403713.50108053
2021-12-17,195752913.33781007,125507556.38038793,109525636.70066547,135876046.98037302,115422365.5710279,124509590.19637308,136351472.75598556,160369412.10692805,114738896.83180296,157887715.16374043,129491740.02070042,129396844.72290547,127895682.97710802,131408238.1174079,124798500.63820288,133628303.63692796,102005352.4565029,121877673.21462306,140180845.75824285,137651345.53991553,130746410.4949879,152577835.80280048,117915960.13093545,131715339.39660795,144487639.01765546,139155733.25418797,126265391.61574295,134927566.7942279,143999516.03319788,122695186.98314044,132580673.09070796,147736530.8808056,106158799.28935051,117149541.53593543,121119227.10309297,146465758.84054047,147129203.63911048,119213901.15970804,141723966.38815296,127847884.13456288,156046424.45031792,142325388.4129454,144179986.9057279,101831856.88909782,103566646.37556799,117499691.03115803,133927204.58257301,123416868.32885799,143635293.4452755,119552956.41381048,124409006.19958054
2021-12-20,194009913.33781007,123940776.10038793,108106742.07166547,134239500.58787304,114044625.66002792,123470534.13637307,134118093.86698556,160605486.77192807,112779344.91430297,157158138.22374043,127672713.02420042,128759078.88490547,124489381.98410803,129687535.7624079,123629227.29820287,131821831.38392797,100063678.91250291,121908375.71562307,138893913.21074286,137301547.46241552,127752371.52748792,149521473.96130046,116393810.59393544,130589301.73660795,143059334.74965546,137249838.732188,124952500.49974294,133043437.75272791,141112190.18419787,121482627.24614044,129218188.98370796,144907596.4833056,105086440.9368505,116436934.06193542,119608023.05009298,145248163.70804048,143023774.6771105,119577546.77870804,139901024.59815297,126854705.01756288,154048234.0463179,140592341.05044538,143672422.7272279,99264725.70259783,102177783.79356799,117757481.91615802,131242087.25407301,121318005.134358,140988749.77277547,118590951.07081047,122147087.37658054
2021-12-21,198042913.33781007,126455917.49288794,109713423.02066548,135829852.20987305,115231510.79602791,124980666.81437308,135784387.84298557,165984457.85692808,114074703.56430297,159517576.05874044,131615965.21120042,131331435.04140547,126552115.02210802,132490399.24040791,126713017.94320288,133915831.38392797,100904292.04350291,123676582.91012308,142639453.61874285,140033292.26891553,128944487.77248791,151256288.6933005,117647638.28543545,134327518.50210795,145862073.36515546,139539089.90618798,128209264.36824295,134773497.3207279,142549379.61469787,124134297.98264045,131109229.24820797,147023336.2423056,108295632.07835051,119565699.14893542,121928912.69759297,148949933.64504045,146169231.82161048,122135626.09370804,142628839.12215295,128749806.23456289,157704462.21831793,143940987.2599454,146763163.2897279,99215202.90459783,101810971.64756799,119842672.76465803,133777978.241573,122605573.39885801,142927834.4427755,120477376.38531047,123557236.24708053
2021-12-22,201319913.33781007,128784917.49288794,110634810.84866548,136798727.79437304,115282357.88052791,126559629.01687308,137010801.42448556,171179675.39492807,113643189.58680297,161010127.01924044,133554870.66620043,134472485.79090548,125736492.66360803,134144098.46190791,129857254.58070289,134682094.90892798,100765676.38450292,124734504.27662307,145262054.40674284,143176018.73441553,129682499.20098792,152301207.69580048,118514877.06793545,137516755.13960797,148565620.33065546,140869592.61168796,130183169.69324295,136709041.17222792,143457166.91719788,126215501.12264045,131202948.54570797,148415336.2423056,110660262.89235051,122109029.64893544,124243710.57609297,152139955.76004046,147235424.25761047,123852822.45620805,144863252.42215297,130644803.74956289,159505584.65831792,145481960.1344454,148459401.3397279,98136235.25159782,100873078.02506799,121378709.15665802,135204882.41157302,123014127.25485802,144090498.7802755,122063478.09031047,124451244.25608054
2021-12-23,196341347.41531008,126365611.68038794,108222765.28366548,133382137.06112304,112436655.64402792,123521869.95487307,132999127.09098555,168457027.04942808,110416512.35185297,155944932.59902793,128731310.31981042,132181721.2479055,119660034.71630803,129013061.78140791,127782095.09320289,128645468.39142796,98098522.7395029,122923127.49312307,143025274.96824285,140684375.34241554,123647081.55848792,146647171.11815047,115960210.92443545,134859695.22460794,144473660.21165547,136306887.60368797,126297320.95307294,132576878.9072279,138182241.34619787,122657140.21964045,125361911.83856797,143375390.2466556,108493564.91985051,119431029.64893544,119504944.13459298,145631258.73254046,140538771.9624605,122750386.82920805,142429154.82715297,127852490.2140629,154582854.97581792,141370826.3689454,144222779.9989279,93771121.37059782,96109762.76161799,119384452.65276803,131857181.24157302,116750447.17318802,138889160.1462305,120236170.55331048,121225817.28006053
2021-12-24,193539752.01681006,124975735.06538793,107558290.58422548,132922479.82112306,112400380.44302793,123422608.85337308,132296023.63298555,166357812.43192807,109436877.01335298,155257256.26702794,128731677.25481042,131483207.6399055,120636716.62580803,128610341.24090791,126665955.6182029,128378298.52025297,98580702.06350292,121736896.30812307,141942122.78924286,138612418.35241556,123949055.38648793,146608583.59015048,115351320.76943547,132756056.65810797,142710135.35265547,137210293.65468797,124565323.97057295,133663560.7542279,137760952.11269787,122344867.85564046,124497175.30306797,142078806.49415562,107114276.7248505,118256220.27893543,119695802.75859298,145579765.36604047,141351979.3229605,121386119.77420804,140926177.85665298,126950377.9080629,153117760.79731792,141244962.9244454,143369480.99242792,93213895.26315282,96371358.32261798,117509956.59026803,132185366.84407303,116896722.58418801,139212065.3437305,119232852.74331048,119853705.91456053
2021-12-27,202209752.01681006,129589538.15738794,110388039.62772548,136584928.90912306,115689838.98652792,126002775.22637308,135018587.45598555,171916925.3094281,112721347.39835298,158888319.67802793,132870707.24481043,134528201.8589055,123390697.41080803,132165974.26090792,130983098.31420289,131232906.50125296,100723956.20050292,124322432.92560807,145046711.29174286,141804987.84491554,127929629.23798794,151948511.3436505,118469974.67193545,136771887.96810797,147169375.12265548,138819760.77317297,128837390.57457295,136777752.96122792,143620520.18619788,127425556.32164046,128494577.34006797,145273588.48465562,111014337.36985052,121702822.65093544,123524009.02209298,150548851.74454045,144358566.17596048,123772307.99070805,145135633.34165296,130149451.3700629,158755848.87531793,144220088.9834454,147781813.7494279,95315362.56065282,98146866.65911798,121081665.48226804,135745999.89557302,121059377.33668801,143468003.4302305,122258619.00681049,123996656.83556053
2021-12-28,208731388.01681006,132354913.96388794,111538706.65972547,138862948.05662307,118566871.88002793,128607148.03437307,137861555.45398554,177003925.3094281,115742815.18185297,163016641.96702793,136536917.37981042,136758603.4529055,127410731.90030804,134901961.07340792,135248162.9332029,134245288.72325295,102213645.42350292,126359274.93860807,147208342.04474288,145336419.52941555,130782528.01048794,155021013.0626505,120259972.41293547,140569178.41110796,149303321.3231555,139865026.860173,133382952.80557294,139682174.6432279,146129095.66569787,130170985.50964047,132937731.75056797,148626233.37365562,113633935.23735052,124248688.99093543,125916334.98959298,153901147.08254048,146819179.6034605,126238211.30570805,148410890.44865295,132340085.55456291,162286745.15831792,146865713.7139454,151302200.7104279,96024151.32465282,99791961.98661798,123282330.19576803,138958818.22207305,124754476.09318802,146903159.6402305,124086558.22881049,127208469.21056053
2021-12-29,207022388.01681006,129795058.49588795,110457955.45672548,136563462.63012308,116215510.31752793,125728805.80187307,136980889.98448557,176166925.3094281,114260851.97635297,161642411.57402796,134665960.01581043,135255202.0909055,126242465.63430804,133446023.82290792,134220206.35320288,133274292.69825298,100782192.24550292,125328434.83210807,145438326.15424287,143205008.62941554,128436480.37598795,152251558.8266505,118145031.59843546,138675895.01110795,147304754.16415548,136745490.74117297,133997948.75457294,136295660.02122793,142276250.3446979,127372283.16664048,131944561.70006797,145099605.6471556,112773603.99185053,122429663.60093543,124224770.12559299,151464406.12654048,145273337.0404605,125776270.88320805,145746037.73965296,130876736.65556291,159726917.9278179,143860998.7019454,149289841.3894279,93934748.16415283,98214371.400118,123886769.20326804,137237948.22207305,123181446.73668803,144741506.58823052,121465187.24881049,126292635.97556053
2021-12-30,203808388.01681006,129131406.88988796,108536489.75622548,134667823.13012308,117073405.50752793,125639937.98387308,135882663.59848556,173113925.3094281,112418602.51335298,159442468.05802795,133193986.89581043,134547693.4694055,125148277.98880805,132059563.61190793,132137206.35320288,132514944.23575297,101126897.86600292,124853289.68310806,143063625.61174288,141360000.02441555,127158498.93898794,150538649.0911505,116956465.01843546,137846999.75610796,145665660.8941555,135410124.393673,131331677.14157295,135491311.6152279,141045637.09169787,125814605.14814048,130216179.91306797,144040141.18615562,111018274.75235052,120538188.42843543,122838350.49159299,149386618.14904046,144017437.3124605,124210770.59220806,144185171.21865296,129708677.01206292,158017794.41731793,143582252.4654454,147339000.33692792,94263465.88465282,98305196.19011799,122078963.64476803,135811328.62157303,122210497.10918802,143142781.42573053,120942812.13081048,125205213.99756053
2021-12-31,202262611.59681007,128186110.74888796,108285709.11622548,133836342.78012305,116569177.36552793,125229138.37437308,135411211.92048556,171874925.3094281,111244188.35535297,158327068.28352797,132623893.57581043,134185669.62840551,124837755.20780805,131327210.63490793,131252022.07320288,131761272.30975297,100565413.07050292,124381122.69160806,143003982.4047429,139312905.41241556,127252455.26998796,150683382.3336505,116194953.96193546,137349534.62910795,144833394.3491555,134514841.93267298,131207196.78557295,134622402.35722792,140284947.61919788,124756164.83114047,130210905.67206797,144225879.34315562,110512734.48535052,119846956.73043543,123403122.89459299,149009692.58404046,143397253.5104605,123069875.45120806,143278343.02765298,129513495.52056292,156958632.18431792,142890184.5674454,146004599.97292793,94262207.33065283,98035447.81311798,121036239.57026803,135053577.21407303,121479977.06518804,142785552.62673053,120102117.02681048,124549805.34556052
2022-01-04,209938611.59681007,132039616.19688797,111340401.22372548,138461342.78012305,118891610.09502792,128079889.73837307,138692260.4454856,178195925.3094281,114754478.31885298,163288774.62952796,137904350.6723104,138211616.5034055,128972680.56680804,135687298.57490793,135911022.07320288,136013009.77175295,102278036.85450292,128064449.83910805,147650744.14724287,144050991.73041555,130862006.48648795,155825134.8261505,119778251.02793546,142320179.48710796,150610078.11165547,137743080.912673,135478905.66057295,138334438.76972792,144695109.58669788,130203224.62914047,135308681.64206797,149848501.11765563,113384079.34535053,123212251.93143544,127989400.47009298,154834458.95654047,147752346.53846052,125949282.55870806,147304288.42765296,133537679.51856293,162407066.53431794,147189350.18644542,150658480.86492792,96648826.31915283,100582901.758618,124637296.46776804,139228912.92407304,125583791.89618804,147919718.08123052,123563548.88431048,128667311.12706053
2022-01-05,220239970.04881006,135161255.35788795,114497063.16872548,142722235.03962305,120028738.38302794,130448703.63687308,141546783.8369856,183969917.99192807,118261510.15035298,167338019.57502794,142053202.89631045,141466619.7719055,132695084.95480806,139589761.59590793,140234660.0832029,139298845.80425298,103635540.78900293,131459440.22160806,150566719.8027429,147772747.06491557,133257192.13448796,160639520.9381505,121661995.32793546,145605568.43210796,155530009.4386555,139335404.611173,139771863.81807294,139767093.99172792,146992284.54269788,134891197.68214047,139325395.832568,153584588.06215563,116678418.54285052,127013004.25093544,129708487.01909299,160352519.33354047,152065750.78796053,128056896.28920805,151525168.67065296,136613824.65806293,167420336.68431795,150558921.58994544,154708997.9439279,98092711.19265284,102618765.27761799,128658601.80176803,143929093.25007305,130088171.17768805,151610218.36023057,127088455.1773105,133350032.41156054
2022-01-06,225833138.96881008,138665301.19488797,115945908.80122547,143624152.21262306,120812874.40652794,131953892.50887309,144873588.44998556,188565296.84392807,119873639.89335299,170056892.44052795,144685530.72381043,143130715.6899055,133684901.92380807,142044986.68890792,142584478.4977029,140927169.80075297,105055526.74200293,134077920.80560806,154199195.2217429,150438516.73991558,133468823.76298797,161554618.4621505,124527940.41493547,147774158.01010796,158473317.0766555,142817123.101673,141493868.43607295,141557319.46372792,148232076.0551979,136511860.36214048,140799106.566568,155538738.04315564,119246162.24385053,129154414.71943544,130768529.11709298,164589755.52304047,154850239.59346053,129870073.27620806,155133676.45865297,138694897.79606295,170025890.96931794,152124615.17694542,157493338.01442793,98847616.54765284,102765753.115118,132927539.61076804,145941195.65607303,132463551.23668806,153812887.22873056,130357548.73631048,136471044.24906054
2022-01-07,236389138.96881008,143440500.04088795,119598858.08772546,147517095.88162306,122978508.57152793,134686105.1063731,146878571.26098558,196560549.98792806,122722677.871853,176167153.01752797,149073654.68581045,148955100.6089055,137074853.27830806,145674654.04340792,147323599.49420288,143535450.69375297,106080121.07150292,137156557.43210807,159058890.0997429,153586633.0584156,135780025.30998796,167033349.4636505,128778210.24693547,151780726.77960795,161859944.8796555,144446285.470673,145986899.71807295,144373076.39422792,152441821.2171979,140930774.9096405,146243060.81306797,159972248.45965564,125453873.22035053,133196734.07793544,133699766.57259299,171301341.86654046,158832674.8284605,133391761.10620806,159534736.77765298,142318560.90956295,175139774.42931795,154457340.61694542,163090736.05692792,101466479.23815283,104078068.91211799,137218936.71526805,150024766.21457306,136283936.36218807,159227031.47973058,133307317.5093105,139493497.77256054
2022-01-10,228702138.96881008,139790913.17638797,113990887.35822546,141924944.07562307,120609158.62252794,131920683.63637309,143791108.6669856,191995408.22742808,119627280.463853,171871809.66452795,143914621.65281042,144274729.77590552,135677343.18380806,142729594.90640792,142962845.84370288,138967753.259253,104602689.20800292,132453540.96460807,152350624.6727429,150143146.1184156,131115594.57148796,161316852.21415052,124479678.20843548,147497046.62610796,157545259.94565552,140094998.574173,139970564.26607296,140812714.91222793,149556017.3141979,137101013.83414048,140267685.12306798,154509324.01665565,122498545.24635054,129732641.12793544,131627090.83909298,164906082.01204047,154025484.51646054,131235545.14420806,155019999.52565297,138755379.75956294,167383181.00031793,149811365.20394543,157464111.09642792,101365907.69165285,102814848.13311799,132971545.38726804,144375607.08457306,132803690.05818807,154489444.72823057,128402809.3058105,134040670.24056055
2022-01-11,233984138.96881008,140496851.16938797,114813981.10822546,145696449.98762307,118986294.51552795,133190440.56237309,142875459.0564856,194762621.63242808,122181545.69835299,174602005.41352797,145937561.97881043,145669885.53040552,136383659.58230808,143095955.70590794,146072276.53870288,140091703.384253,104349031.57550293,133848281.69860807,155210342.29224288,151973312.9469156,133498035.34498796,163479788.5686505,126633485.02643546,149136695.60160798,160350311.83415553,140414817.028173,141395630.12007296,141596543.31222793,151507576.0506979,139838896.2916405,142793051.44206798,153786561.59865567,123571651.72385053,131187305.51443544,131657981.71859299,164350402.33304048,153350982.3934605,131545110.80420807,157574250.62165296,140917829.97656295,169327089.40931794,150101606.03644544,158957556.66742793,101269566.62165284,103076939.87311798,134426546.82826805,146032836.26357305,133664369.90018807,157515386.88673058,129502264.9458105,134134038.83956055
2022-01-12,218505138.96881008,135355400.16938797,110259587.81972547,138076486.06962305,114168942.51552795,129185189.44287309,138609160.9254856,184806547.60292807,116552153.7215055,166534942.84702796,140058379.14531043,139032006.48440552,131526492.26380807,135376951.35090795,137933034.3242029,135177144.61837798,102521996.05865544,129058150.68360808,146043482.3592429,147432138.26291558,126946853.32181796,154897467.9746505,121256509.24643548,142704352.48560798,154528809.70365554,135024471.91117302,133114666.88257296,135065485.26672792,144653496.0036979,132338804.41851048,134203178.47056797,148143601.55515566,118549682.43635054,124966374.89993544,126754953.663593,158147916.79204047,146845186.68596053,126594589.65270807,148997569.30865297,134287650.05106297,161314014.84431794,144608076.16044545,149925449.2657979,99121712.12165284,100768030.478618,129831847.63126804,137497431.42494306,129681890.57118806,149481637.19323057,124807367.4178105,127213208.60956055
2022-01-13,203407138.96881008,127192982.46538797,104946359.46575546,130185330.83212307,107527297.42752795,120817921.3103731,131571163.7234856,174536713.79792807,109793065.2539555,159150631.12081546,132941132.18631044,131839264.88390553,124787483.42530808,126804700.15240794,130613764.3332429,129179609.730878,98210113.05765544,122812295.14210808,136674893.6067929,139181973.7459156,121745373.81181797,145694597.15415052,114904098.15497547,133753262.43560797,145020986.14865553,127201911.81367302,125062391.40557297,128541013.65472794,136275601.5011979,125269318.18351048,125025284.05706798,140041763.77015567,112119713.87635054,118430945.28243543,120480241.36509301,149074539.67554048,140209624.59256053,121018431.85120808,141615202.81915298,126517157.10856296,154178166.80281794,136489903.14544544,140101056.33079794,95718619.75452784,96234466.66211797,122459721.89076805,129861017.11011806,123393146.45618807,141875019.02573058,118876044.28831051,118681887.30606055
2022-01-14,195923138.96881008,123767276.85788797,100663347.42925547,123329600.00712307,104999245.73202795,119123687.12437311,131599915.7779856,169670713.79792807,105446003.7979555,154915188.25331548,129323596.03931046,128643115.17140552,120657202.0188081,120698182.78890795,126950083.8882429,126813609.31087801,97540183.59465544,120623100.51660809,131803911.06229289,134876671.38591558,117626522.04681799,141212772.17915052,110839000.61747548,130202894.62710798,141329511.99465552,124126313.15167303,121620767.45657296,124772026.79972793,133398870.6586979,121492163.82901049,119916182.45256798,135632205.9886557,108415709.15585054,116476630.95893544,118621285.930093,145783456.41804048,135864128.34456053,119505893.11820808,136155564.60515296,121134013.83356296,148519784.59381795,134016396.39394546,134742780.70079792,94185233.76902784,95373243.22411798,120542734.20576805,124812019.56311807,120518403.67568807,138054339.91573057,116840565.26631051,116156938.64656055
2022-01-17,185485764.0271901,115566055.39253297,95549778.47575547,117634366.28712307,98899238.95402795,112322762.6528731,123820079.0779856,160682843.42657307,100912048.9009555,146861513.50631547,121162637.97962295,121200379.46205053,115452249.2702331,112818287.29905295,118678083.8882429,120075174.299878,93205022.90565544,116007425.78910808,123431187.5672929,127862934.15591559,113130172.05431798,131919203.77015053,105901053.21047547,122430490.09360798,134896527.94715554,117435162.88767304,113845534.66447297,116300637.50472794,126002566.2026979,116538884.1940105,113371942.68856798,127770970.01265569,102151709.95385054,109845706.61293544,112324295.27009301,135857664.40118548,128759806.94156052,115217918.81514558,128276443.67915298,115369203.42556296,139685660.90831795,124685578.59944545,127644636.48944291,92642769.80952784,92452932.31711797,114446272.81845805,117479247.31061807,115176749.18568808,130165186.21473058,109931046.75731051,108242450.07606056
2022-01-18,174755531.70119008,109410497.96403298,92103116.40475547,112957988.20662308,93793635.29602796,106167841.3088731,117745128.3044856,152748562.96307307,95221066.4849555,139071897.10031548,114623843.15962295,115844112.17755052,110197433.47423309,106958257.52105294,112275233.5307429,114615539.734878,90790904.16515544,109586419.61410809,116653365.6532929,120799505.2479156,109620160.39631799,125306460.79515053,102250349.12247548,115765050.96260798,128765195.88365553,111640227.00117305,107407654.27147298,108839301.32272793,119491539.1021979,111285269.8445105,108376794.77106798,121176617.64915568,96183372.18585055,103270330.81793544,108046232.18909301,128626742.77118549,122652974.09656052,111734488.94714558,120522692.30815297,109492774.75556296,133325472.08631797,117828564.81044546,121930785.91294293,89825522.90652785,90924148.40861797,109441055.53045806,110726062.25661807,110135308.65418808,123471309.27223058,104202356.91731052,103274892.52456057
2022-01-19,165585531.70119008,105037932.07553297,89442235.21475548,109774589.23612307,90828328.65002795,100877358.16337311,113356128.5624856,147414149.38107306,92409243.20795551,135791746.40281546,110582111.55962294,112090553.12145053,105334797.9942331,103584709.14755295,107019200.11574289,113284979.95537801,89709878.34765545,105616921.02160808,112960357.15579289,119244080.6924156,106917781.40181799,121423003.63615052,101214846.55047548,113511110.81010798,125010607.74365553,108157455.85717306,103421777.80197297,105553940.07872795,116170667.1006979,106928745.0095105,104780797.48706798,115474769.10915568,94515307.71835056,98827616.37643544,106014539.76409301,126381872.3561855,118622789.89206053,107715577.40714559,116710772.37915298,104383000.33378796,130082477.91381797,116392131.45444547,117593462.06794293,87512891.86252786,89369598.11461797,106192560.75545806,106227330.65661807,105490321.66168807,118398849.87023057,102603672.90081052,102066262.46456057
2022-01-20,170342753.57119006,110840938.78353298,89537127.84575547,114149347.74612308,91661666.91797794,103552090.60937311,113754199.5749856,149990620.58357307,97042878.63795552,142455068.58181548,111889776.70462295,114818255.81995052,104607410.96723309,105687075.02655295,110644757.1767429,116843454.35615301,90349987.32415545,106210928.25310808,114896915.2457929,122939013.56241561,109566781.185318,123196757.21365052,105159207.55547549,117879477.03410797,127978679.55915552,108795374.97117305,107375333.69197297,110670632.20122793,117669154.30519791,110032552.3375105,107065112.62706798,115550168.30915569,97796155.61835055,101899908.02843544,108018124.45509303,130880880.4216855,118904674.63956052,107678593.36214559,120800531.99715298,106655104.62628797,133197566.54831797,120305482.53894547,119589441.76494294,88260546.63002786,91686032.95361798,106966815.18445806,106592569.41061807,106418393.76868808,119780284.68373057,102853421.53081053,104792052.25456057
2022-01-21,176560297.97919008,114718317.49553297,91065214.57125548,116968710.88912308,93248478.38597795,106534333.27637312,116162224.8034856,155647620.58357307,101581361.48295552,148134798.7658155,113644440.22012296,118544659.90945053,107510102.46723309,109157148.06405294,113341783.29274291,119446705.57415302,90536385.92115545,107299672.7651081,116420065.3992929,123447529.8629156,112316873.388818,128109868.69615054,107711749.11297548,121133759.87610798,129857196.44315553,107293786.13567305,110236975.82147297,114547734.77372794,119036505.35969791,112426234.8150105,109022820.555568,118759032.32415569,98775480.73835056,103990502.93243545,108955219.81009302,133584676.5146855,119615309.55806053,109125404.93714559,122369102.93415299,109859177.31028797,136125512.78931797,119639799.43694547,122807511.92844293,90015998.79302786,92481747.70861799,108929172.84045807,108712308.47861807,109048156.64418808,122153464.81873058,104083965.61931053,105484510.98756057
2022-01-24,165690864.39519006,107886921.30103299,87275892.36355548,108875994.38662308,88482893.94897795,99927340.55787311,110789150.5474856,145601510.65293556,96276446.97995551,139700560.3813155,108019454.15762296,111138178.09945053,101407065.5652231,102461409.82654294,105487863.42674291,112094768.93265302,86053907.57665545,102105184.5556081,108571636.3052929,115741763.00691561,107174519.87781802,121022215.28215055,101695937.1544755,114635201.69360797,121452328.72315553,102461371.80467305,103433138.48507297,107061416.20622794,111109021.49119791,104991990.7755105,103513503.13456799,112701500.4891557,93017435.27135056,97965841.63343544,101837131.59409302,125223094.9066855,113483928.49556054,104699066.6601456,116499296.52265298,103211183.93728797,128970794.59431797,112594341.44844548,115944333.11094294,86095402.78102787,86598405.25411798,103322320.42945807,103012266.94511808,103606064.1751881,115682053.47523059,99535669.84831055,100458701.61506057
2022-01-25,162883679.69919008,109459675.95603299,87175689.84355548,108060244.24262308,89917716.92147796,98625368.27132311,111083401.8454356,145217588.7624356,96738954.37735552,142566181.0808155,107669515.46682295,110209171.27945054,100795395.16967312,104756251.14204295,106218598.3172429,111313089.55165303,88678058.74615544,101791254.26560809,108663673.1712929,114072345.91891561,107841669.11981802,122834695.25015056,102130637.9599755,113457198.03860798,121210473.57715553,103313045.95517305,103086316.93457298,108829582.57222794,111471505.50369792,103425114.34901051,105145047.57006799,112945210.3671557,93320750.24685057,97445241.62493545,101370926.15159303,125171385.22218552,114617859.27006054,105595516.1790956,115880140.80265298,102573551.18813798,129679903.71231797,113288505.88844548,116587993.01944295,86172962.25002787,86768613.52661797,101469651.96095806,105099761.9801181,104266927.18513809,116591423.4587306,97449360.67731056,103018201.04406057
2022-01-26,160277679.69919008,107448751.59603299,84390338.83205548,104437498.34431309,91417933.76347795,96556067.86532311,110788170.7555256,144026095.85843557,96288767.76585552,141190514.4298155,105423584.79982296,107137587.25395054,100577878.11867312,103105669.44673546,104034790.1487429,107944632.94965303,88108609.27765545,99474584.8751081,105651667.4696179,112927174.18791562,106620110.31151801,121558345.70665056,98258837.9669755,112213156.85569799,119480448.15965554,100676858.08827305,100623845.40007299,108884648.76572795,110586821.22919792,101539845.4040105,103682320.94506799,110698191.97353071,91290647.49235058,95828002.19493544,99231684.55509304,122977243.02128552,112513358.08344054,103455507.51809558,114133777.22665298,100820779.69013798,126601075.36531799,111625565.96714549,114417211.97044295,86324497.17004538,85261432.70811798,99792188.14645806,104467728.3561181,103952895.0746381,114590252.0282306,94152382.47521555,102291041.22306058
2022-01-27,154102809.56919008,104305431.354033,82196887.63855548,102916964.45731308,90309437.72247796,93776954.08132061,109987158.5690256,140500534.13093558,93998540.95135552,137677880.3828155,104609582.56132296,105366169.59995054,98380033.82167313,102693892.04573546,102800763.94774291,105121842.51115304,86885360.18065545,97013097.3191081,104289262.8721179,111886512.96991563,104308563.90651801,120751256.39965054,95915451.5384755,110948396.66019799,117371528.43315554,100389114.30977306,99127036.28157298,105855552.96372795,109351539.04419793,100081781.55301051,102014249.000568,109429125.31653072,90746369.6648506,94463043.53193545,98437833.07909304,122104313.4562855,111852219.19194055,101312552.5255956,112459338.75665298,99345590.64763798,123640895.002318,111258796.77764548,113318966.74994294,85451157.48804538,84532232.60361798,98204349.31595808,103354978.2071181,103962560.0551381,112447124.21823059,92598449.75271556,102327311.2935606
2022-01-28,155220026.91319007,104105576.203033,83746459.83005548,104002561.40581308,91302177.43447796,93754018.84232062,110281492.23402561,142524904.66693556,94261922.93635552,137803996.29081553,104877445.39832297,105964129.31545055,98799890.91667312,102927446.49023545,103700652.17174292,105540571.17465302,87977909.91465546,97902106.8026081,105329098.6106179,111871553.50341561,105073759.89451802,122307853.43965055,96734123.5484755,111271281.73769799,116428083.66215554,101996145.05727306,99675585.69307297,106986745.02722797,109109524.07169794,98956542.3220105,100379020.98856801,110049580.08203071,91390225.4423506,94712378.74843545,98528411.68709303,121372628.0907855,111956450.45994055,102162844.5075706,114504945.797153,99870066.19563799,123625905.296818,110520970.91714549,112454933.71644296,85171984.21804538,84336293.08911799,97542568.31145807,104024926.6076181,104922200.4536381,113178484.3117306,92279198.52771556,102717216.16306059
2022-02-07,158269026.91319007,105002174.3931505,86499635.46805549,106385120.28931308,91441863.30697796,93475034.99232061,111956017.6190256,144297275.2289356,94687505.81435552,139440497.98081553,106848155.50482297,109499306.36845055,99615317.43367311,104253627.10223545,108199139.91374291,109350106.93965304,89242253.50015545,99048524.72610809,108268802.63011792,116105847.84891562,105617475.21851803,125723203.12315056,100877704.97397551,114337636.11519799,118838919.43115553,104812265.02277306,101659739.23557298,107927576.92372796,110323716.20169793,102171529.6990105,101097719.07868549,111104628.3570307,94610548.2758506,96789861.78093547,101598795.71609303,123653389.8092855,113919247.64194056,104550863.17907059,119153452.65515299,103379486.97563799,128411673.485818,112599970.10114549,114536064.25744295,87916534.4410454,86095957.529618,99834676.93645807,105883975.81073561,106438983.97563812,114958632.0727306,95247775.65321556,104774035.50306061
2022-02-08,157604026.91319007,105317103.9946505,85646262.35305548,105267547.13331307,89745048.78097796,93074946.28432062,112100053.4765256,142590586.5439356,93184278.63885552,138837232.29981554,107496699.47582299,109359151.21045056,99280327.78417313,103475127.40223545,107485443.12924293,110707121.17865303,88697226.03215545,98380349.32660809,108935367.38561791,117556762.11291564,106159503.13651803,125971850.97765055,100850502.3609755,114050699.23219799,118389969.78415552,104989311.62377305,101436209.79207298,108000431.73472796,110028423.34319793,101590039.43001051,101369019.8391855,110486571.52603072,94080570.21185058,97288019.04343545,101645479.12559304,124812871.95378551,113416959.28644055,104433564.4400706,119178125.29415299,104628936.19213799,127263552.559818,113428222.8491455,113995471.22494297,88472383.9295454,85692288.78911799,100988917.93345806,106133826.20923561,107136857.94813813,114602679.02473061,94681558.17521557,105617351.3460606
2022-02-09,162792766.1766901,108454309.1506505,88033120.42505549,108053926.30431308,92376194.69847797,93593390.96832062,113639048.13352561,146718066.0004356,94599558.27785552,141425985.22631553,108228206.974823,110104480.18395054,101729714.70017312,104613624.20473546,109128264.11174293,112711814.42415303,90031106.81215546,99546709.5901081,111443174.28361793,119213924.89791563,106076003.23301804,129312167.27715057,103145508.1409755,117105753.00969797,120861850.13865554,106175161.28627305,102433362.64357299,110002411.27322796,111518481.62519793,104022886.67901051,102334558.8371855,112308435.24403071,96924227.2363506,99060554.00243546,103480067.48659304,128003967.25778551,113914420.84644057,106582868.4030706,122457782.370153,106735962.512638,129889781.099818,114596248.8201455,116737252.15244296,89644103.2035454,88520925.09511799,102566860.10795806,107980833.06273562,108287301.19013813,115798495.1817306,96269418.00321558,106772134.9535606
2022-02-10,165840766.1766901,109432777.2111505,88334181.03805548,109126783.45531307,93670760.25347796,94324809.84932062,114606102.83952561,148683080.80793557,95494476.71035554,142607485.19431555,108789698.86732301,110626582.72195055,102343951.45617312,105263143.47423546,108971478.94574293,114189529.83165304,90695832.51015547,100671225.6571081,112920362.68661793,119347708.07841563,106224810.01751804,129681155.56715056,104413563.25147551,118165977.94769798,121915176.18515554,107284311.46777305,103489925.43807298,110680804.50772797,112705056.41519794,105166259.00401051,103087362.16168551,112407517.74853072,97941261.0663506,99314799.09943545,104716757.98159304,129676991.12728551,113612340.38144056,107223145.05607061,122803230.561153,106337384.64813799,131939022.874818,115388227.37264553,118221535.10394296,90402422.7860454,88559050.202118,102983372.09595808,108849499.06773563,108115142.56563812,116727843.1502306,96821529.83421558,107779075.52106062
2022-02-11,163297692.2506901,109566142.66715051,87754712.9230555,107788189.02231309,92298897.86047795,93915602.78932063,113626109.6245256,147072033.45893556,93917920.20385553,141277045.82131553,109497737.06282301,109739241.84245056,101229000.63317314,104742613.08973545,108724721.65724295,113663536.31165305,90440046.49015546,99574422.1436081,112077954.23661792,119226619.78591563,106115374.15501803,128935540.29765058,103629370.55197552,117042272.40919799,119963203.55565554,106604639.44027305,102922295.920573,109673755.34172797,112836026.04569796,104108122.80501053,103206184.79468551,111569229.19403072,96644992.43385059,98772769.03543547,104233890.90359305,128996095.85078552,113341055.86194059,106443211.60707061,122968323.81515299,106037780.62163799,130284628.05831802,115335022.66314551,117115825.12644297,90075320.76754542,88247848.700118,103055499.21295808,108196557.91273563,107705531.44713813,116276089.3902306,95834879.32371557,108003756.11056061
2022-02-14,162262691.94469008,107585842.79715051,87592730.5270555,106345971.93181309,90875487.02247797,92467395.15582064,112414055.93452561,144960464.74093556,93014219.81935553,139824297.65331554,108205629.765823,108156907.22995055,98955938.13867314,103325821.43173546,106264353.50774294,111136388.70215306,89822866.58365546,97831837.94260809,110354055.35961792,116147778.32841563,105469704.19101803,126426613.16515057,102765919.59247553,115681127.47169799,118962156.72565553,105904033.30227305,101351693.30357298,109459499.86972797,109740053.81419796,101152833.62401053,100273027.72468552,108369018.97503072,95747338.4423506,97864695.76143546,103017934.33159305,128680043.24978553,111682855.53844059,104108559.7245706,120726318.024153,104877654.71963799,129560149.55581802,112330647.04164553,114825719.46494296,88082405.85404542,86644488.244118,101627246.52745807,106231230.74473563,105639142.98463814,113780934.4012306,93098289.42971559,105883898.49606061
2022-02-15,162624534.94469008,109633059.01065052,88712360.37955551,106378636.06931308,91976219.80497797,92806729.97282064,113753789.87152562,146419955.9634356,93788749.00735554,141280500.24781552,109077715.231823,109655289.36845055,99929604.36267315,104691430.40173545,107099308.67274295,111494330.96865305,91079376.00315545,98972792.26210809,110755505.97961792,116745292.12995562,106035463.85601804,128111468.70265058,103400986.24647553,116154789.11419798,119784208.05715552,106705490.02977306,101819624.73457299,111218934.71172798,110570062.24119796,101694638.35551053,100514417.21218553,109552053.68203072,96362258.2798506,98289541.84793547,104665805.02659306,130414796.53778553,113417458.24494061,106134349.42707059,122148318.40415299,106348405.51113799,131640321.76831803,113394251.17764553,114949417.01194295,88515980.72704542,86315246.383118,101233122.15345809,107083234.58023562,106375927.68363814,113853984.7997306,94006659.95421559,106843894.94006063
2022-02-16,164716836.73969007,111836752.59965052,90617543.8565555,108824832.6328131,94056344.63697797,92995881.61082065,114446176.47852562,149090372.6739356,95987182.67235553,144470169.86281553,110379009.07882302,110556140.58095054,101635709.54317316,106394092.11473545,108476817.38174295,112183997.48065306,93100831.92665546,101958585.22060809,112819889.70311794,117050196.61895563,109383669.47151804,129357111.41415057,105562451.69997554,118364959.783698,120864592.33465552,108129698.53527305,103019766.59457299,113462983.72722799,111740620.89569797,103474850.81701055,100893584.08718553,111611666.65153071,99051971.4408506,99254096.53693548,107176250.30259305,132645734.47778553,115413786.43844059,106704887.9865706,123616504.290153,107656674.70813799,133774572.90481803,113867622.87664554,116915750.98444296,89070794.36954542,88186941.69061801,102127025.7404581,108307172.70523563,107012452.05113815,114238199.86573061,94796429.08971559,107919537.38556063
2022-02-17,164985836.73969007,111824254.74715053,90783306.1055555,108706767.89281309,93902644.00097796,93192899.64132065,114627717.34852561,149856804.7044356,96035565.54135554,144450780.29281554,110910990.79282302,110996781.57395054,101376859.01717316,107134518.49023545,108695069.40474296,112506334.09765306,93013867.99315545,102437747.14210808,112577963.61311793,117781016.96695563,110379487.19151804,129249244.21415058,105337624.67297554,118685678.221198,120788685.44765553,108018272.79927304,103356549.99757299,113937667.85722798,111653580.96869797,103647156.28601055,101473238.59318553,111352443.7805307,99321682.5203506,100149968.59443547,107514375.11759305,132989026.33028553,115599858.2274406,107555387.3750706,123533323.85415299,107731508.20813799,133695796.95281802,114281298.85264553,116742903.55894296,89331609.9870454,88018759.453118,102525512.7479581,108578147.13423562,107318051.88513815,114387233.63073061,95018242.0252156,108057622.19556063
2022-02-18,167550836.73969007,113141676.61565052,92636478.6285555,110074592.67081311,94714266.26997797,93810652.82632065,115497701.14852563,151730803.6474356,97561095.83985554,147255520.41781554,111670227.26532301,112275605.87795055,101880969.06417316,107849365.57523546,108614737.41324297,112748259.00465308,93930416.89665546,103493511.92760809,113813675.25411794,118049507.02595563,110767363.88151804,130508506.38165057,107139835.90647554,120366604.721198,122396765.52215552,109939420.17777303,104312094.188073,115471952.32722798,112688597.60019797,105361453.33801056,101398928.73168553,112680308.71203071,100743624.0213506,100733926.63193548,109050829.50559305,134204952.40878554,116877084.3914406,108889955.3425706,124928231.42715299,109052646.387638,134720904.13931802,115664834.42414553,117996576.00594297,89940685.24704543,88740659.704118,102284436.8144581,109059307.01673563,108037958.85013816,115387531.7257306,96050935.63321559,108835584.17706063
2022-02-21,169162124.22719008,114549930.53365052,93482520.1620555,110305726.66781312,95728843.42397797,94629441.77982065,116232742.20852563,154029961.94793558,98731041.52885555,148384942.38731554,112685101.71332303,112893827.30795054,103618418.46867317,108780406.80523546,109033350.04274297,114362975.66215308,94748452.33715546,104247004.2866081,114550125.83411793,119114073.72145563,111345852.69601804,132044676.94865057,108650082.67447555,121877900.00869799,124031007.18115552,111047010.52627304,104858054.56707299,116265631.095728,113264190.94519797,105642134.88401055,102270667.93418553,114293756.12553072,101855776.10035062,102189759.64293548,109714984.32809305,135613295.91778553,118550870.2914406,111418512.75557062,125805682.979653,109968801.378138,136722759.86131802,117036331.71164553,119812016.75444296,90682004.18304542,89110041.694618,103356146.41845809,109746057.87273563,108626976.76313816,116564774.19373061,96546646.3392156,109533116.91656063
2022-02-22,165106124.22719008,111001893.44715053,90495228.56755552,107430215.59281312,93549925.79847798,93704895.36732066,114726271.30602562,149946429.19793558,95032650.78635554,146414846.42231554,111511808.56832303,110698799.79895055,101553238.56567317,106940363.66523546,108440531.86224298,111061546.29765308,92776517.42715546,101316498.01660809,112170067.00711793,116730769.61895563,109950340.09851803,129196762.08665057,106843494.16947556,119007900.00869799,120311080.15615553,108921884.24627304,102714368.31507298,113889078.300728,112194898.78269798,104086471.54351056,100580584.09418555,112038764.54253072,99645438.50035061,99338662.27693547,106816240.60059306,132844642.27378553,116427054.9334406,109719153.62657063,123300770.08215299,108570448.20063801,135042617.718818,115687685.77614553,117091220.25444296,88384604.99904543,87975421.874618,101676935.1284581,107189686.60423563,107301712.32213816,113597750.5312306,94618773.0477156,108331956.98506063
2022-02-23,167576841.60219008,113703208.22115053,92010909.38855551,109298231.57381311,94804110.80097799,95069323.94982065,115875765.47902563,152246348.1429356,96321990.30685556,147885498.74531555,111848488.91732302,111962579.84295055,102469670.43067315,108414165.00523546,109167420.39974298,113107150.81465308,93891959.05715546,103451202.9731081,113619398.23411794,117766202.98345563,111956413.82101803,130706132.14665055,108749220.04897556,120492766.19619799,121660364.01515552,109804562.78627305,103936107.48457298,115858726.369728,113352798.61519796,105744412.74751055,102075324.33218555,113018523.95753074,100742743.3003506,101496862.01343548,108766293.48059306,133777100.04378554,117904825.9254406,110904639.56957063,126128568.938153,109587366.841138,136367598.862318,116622086.05414553,117867776.92744297,89145373.84404543,88781404.368118,102032877.3509581,108718876.74623564,108190987.96513815,115140640.0502306,96973429.9112156,108774467.53806064
2022-02-24,164150398.5501901,111531371.87865053,90280801.3125555,106357233.77131312,93828504.86947799,92642241.86082065,113534592.54952563,148436088.41093558,93321024.42335555,144990146.76531553,109467195.87432303,109615219.97295055,99674322.85967316,106657650.81173545,106769135.88074298,111721480.86665308,91246854.86265545,102335731.05810809,110561072.62561795,114283523.13595563,108995099.04651803,128085977.16415057,106306924.07597555,118180223.481198,119655150.36565554,107290616.61927305,100648422.832573,114021701.129228,112532796.87919796,103702039.50951055,101774656.68498555,109835042.44553074,98808820.7543506,101000198.8874355,106716338.72759306,129362964.97081053,116283244.4064406,108446364.38057062,122575915.313153,108343474.251138,131720652.28331801,115891447.11494553,114557118.04394297,87376441.47054543,86360668.019618,99479015.91795811,108616810.25323564,105298721.00613816,112626057.43273062,94820291.3247156,106817695.76606065
2022-02-25,164577398.5501901,112626420.44615053,90564360.07705551,106035499.32831311,94010199.23676549,93490086.80760816,114008978.38952564,148749981.4039356,94476870.97435555,145315393.24281555,109664098.22282302,110372688.75995053,99905501.13467315,107023537.39123547,107905960.88374299,111346817.43315308,91023420.53515545,103008764.0091081,110500427.84761795,114408575.40145563,108955995.06201804,128130769.05015057,106995246.52547556,118520800.635198,120177916.80115555,108300163.68627305,102019807.07707301,114375561.653728,112133263.96219797,103830900.16451056,101931982.97598556,109840416.66553076,98759609.2343506,101552247.42593549,107252063.98259306,130335738.64481054,116567752.1579531,107898048.78257063,122609111.140653,108841577.62513801,132530093.96831802,116170976.85094553,114707116.60754298,87781537.00954543,86849564.43111801,99708062.5299581,108870010.27973562,105621543.18563816,113386392.51023062,95368682.5642156,106943927.70606065
2022-02-28,163217398.5501901,111004975.55515052,89875581.67455551,105846751.8983131,93184013.65726548,93430469.90310815,112791558.69652563,148348305.8389356,94353143.52035555,144672013.50431556,109233539.31932302,110300113.21095054,99537681.24567315,106710437.94773546,107104487.357243,110123576.56065309,91512114.75315545,102362318.57660809,110456610.64361794,114502709.35795563,108955971.31101803,128069432.17565057,107033152.49797556,118392657.224198,120866524.85315555,107933548.58427306,101784623.77957301,113520400.99322799,111271594.20269796,103332233.42751056,101037868.69048555,109904257.18753076,99280771.1743506,101525117.99343549,107860243.97759306,130369363.21831055,117800653.87945311,108304035.53857063,122250666.050653,108658967.63913801,131969616.46581802,116944479.68144554,114267076.33654298,88296089.20954543,86855749.090118,99770727.73995811,107865234.29273562,105590708.83363816,112718252.87973061,94127962.54921561,106205520.32856065
2022-03-01,167473398.5501901,113621615.27126803,92126408.7005555,108497203.30831312,93985918.25726548,94410182.26260816,115391077.17852564,151732452.5324356,96913267.44685555,148541703.52281556,111050757.12432301,111201212.81995055,101464758.25567317,109184535.84723547,107999700.727243,112512924.39915308,93872449.27115546,104158928.6871081,112420162.38861793,115767008.05045564,110488933.43501803,131252219.05865057,108405598.54447556,122130998.29619801,122855483.30127305,109847410.05227306,103955736.62388802,117018517.278228,113290559.19069797,104304160.64682555,102771908.60148555,111185931.98353076,101593863.5763506,102610343.7984355,110089711.68859307,133289194.24481055,119747905.92545311,110844366.06607063,125188680.58315301,110015158.15963802,134884591.57681802,119055265.63244554,115434520.53204298,89699139.79154544,87586599.43961802,101035400.76445812,109883501.47273561,107412870.26763815,115229642.83373061,97027179.11571561,107069955.02756067
2022-03-02,166715349.53519008,112471967.63876803,91735985.77055551,107969407.64631312,92889062.52276549,93110021.64460815,115047845.04352564,150490266.4279356,95799932.70985556,147679371.58831555,109998534.975823,110539668.51895055,100250030.46567318,108264706.28123549,108152754.55724302,112365470.2106531,93110379.96315546,102206139.6426081,110804952.89661793,115381723.44295564,108983728.49701804,130806098.64765057,107045906.50847557,121229717.266698,121563393.97527306,109713404.93227306,103474768.21438801,116468844.883228,112143292.36619797,104177638.59682557,103447737.72198556,111067144.86053076,100337714.29435061,101745679.9719355,110018497.56809306,130768939.98981054,119423552.1709531,110817573.21857063,124633124.668153,108873361.19663802,133062245.56481802,117852666.84244555,114748107.69704297,89491895.12304544,86740544.31361802,100882404.06495811,109671065.04473561,106936847.44563816,114163664.68623061,96428180.9762156,106906597.37206066
2022-03-03,166734561.14619008,112806452.43776803,92195009.38705552,108433225.93131311,93021129.15826549,94075650.44460817,115547555.25902565,151329891.9969356,96155247.86835556,148257962.59881556,111643460.61982301,111537144.15695056,100543777.94017316,108644329.04423548,108308940.014243,112980598.5116531,94319160.22315547,102439004.5851081,111901246.04361793,116087255.19145563,109524092.12301806,131059916.94265057,108339276.29847556,121196826.50169802,122017687.79777306,110693171.17877306,104538553.570388,118328624.138728,113935040.22819798,105220254.84232557,104069663.51298557,111561957.57053077,101073610.32535061,102731765.5469355,111475746.36759306,131381391.05081055,119550650.91295311,111352988.23257065,124856346.292153,109631584.491638,133865814.65281804,117877509.00644556,115838156.34554297,90254351.64754543,87497800.21961802,101624370.92945811,109590595.38523562,107895160.91213816,114384475.77623062,96569010.55621561,107603243.62506066
2022-03-04,169149931.78319007,115523919.64926803,93021403.42205551,110447801.9913131,92962130.3482655,94350291.87610817,117301702.48402564,152490184.9484356,97403200.32735556,149438877.57881558,112712332.34782302,111349506.12445055,101367254.41517317,109946688.77523547,109614798.05224301,115310480.59515311,96362038.37115547,104257401.06560811,112721676.86711794,117533448.00095564,109897620.96251807,134028752.71465057,109402053.53997555,123029360.31019801,123209774.72577307,111790473.90577307,106264988.43238801,120431562.17922801,116860983.27919796,106659281.20882557,105063448.78198557,111623539.29553078,102671504.18185061,104756477.4319355,112456897.04159307,132950129.32631055,119942350.31845312,111993791.22957064,127009519.58115302,110007190.55513802,136402605.12331802,118434367.53844556,118160332.28304297,91398003.60454544,88515296.84261803,102793116.13795811,111872098.71423563,109315435.99913818,116395132.12623063,98709852.57521561,109928472.52306068
2022-03-07,169392518.68319008,115456119.13976802,92526403.42205551,109448994.88281311,92353633.55326551,95370730.83060816,117448074.87002563,153250275.97293562,96555728.45185556,149133816.13981557,113383872.52232303,111690856.76645055,100340775.75517318,109507478.81373549,109256030.23724301,114544658.63915311,96162053.12615547,103600770.31710812,112744449.77711794,117137478.43595564,109962184.85751806,133649141.64115058,109852578.95047557,123847964.08669803,124732095.83177307,112731119.93877308,105536364.92738801,120596343.529228,116749032.62919797,106599081.22832558,104193890.84598556,112095865.43953079,102951502.98685062,104172999.6909355,112275163.29659307,132177464.60031056,120971122.19495313,113420152.11557065,125535423.904153,109634661.59763803,135142030.79831803,119062716.78594556,117600051.31604297,92367152.19054544,88647918.94361803,103239600.33045812,110985879.4107356,109717422.51113817,115938959.57523061,97608412.5037156,109180167.36206068
2022-03-08,163874518.68319008,112073830.57776803,89880966.76705551,106461638.49631311,90306036.56126551,92484247.27910817,113945644.61402564,148412324.50293562,93567133.24985556,144452713.35481557,111219613.19332305,108618426.05295058,97349330.90667318,106675700.32123548,106298689.76124302,110729760.0366531,94230999.67165548,100649373.43810812,110764932.14961796,114643819.27595565,106005764.81251806,131091604.72715059,106986261.19147557,119726908.72369802,121498244.57527308,109680422.30627309,102219472.43226053,117028466.09472801,112939563.14069797,104376798.1853256,102049159.98198557,109921354.0385308,100094408.2493506,100879171.25193551,108879845.64359309,127028977.67831057,117506461.12295313,110857029.17694314,120692228.90915301,107520513.65813804,130466763.72931802,116659249.02194555,114195742.25404298,89760325.99454544,86901120.59153304,100584795.82545812,108360295.98423561,108662213.35063818,112986411.95123062,95203704.93971561,106192915.94856067
2022-03-09,164494995.84556508,111734342.45826803,90029539.05933052,106461477.11031312,90216728.46382552,91905428.93510817,114495322.66514316,148851306.6354356,93551979.23529056,144602935.76651555,110779649.46082304,108295074.12245058,98077442.9614482,106461310.35723549,106288964.22974303,109763061.95265311,94165513.00665548,101653541.87704313,111181235.42561796,113808986.45744316,106030976.93896806,131162067.15123059,107331589.13097557,119675700.59219803,121258611.68827309,110475225.38877308,101310401.63271053,116683407.27094051,112013276.58817296,103955013.76925059,102399316.35676056,110535036.54654829,99538602.68906312,100327867.181648,108766973.64209309,126812761.65210056,117630299.41495313,110613693.43515565,120792796.22315301,107714136.92813805,130639548.83681804,117000657.24894556,112983871.70754299,89899919.59905794,86537579.94753304,100433701.55134311,108041268.76301062,108615822.63039568,112646376.28823063,94529693.84315062,106652728.03583567
2022-03-10,164737057.4670651,111751670.50826803,90378455.02133052,106481240.98633312,90832410.68682551,92424901.97360817,114988465.25914316,149419790.63143563,94281682.02929056,144320426.98501557,111421027.89482304,109453477.88545057,97663660.37244818,106938972.43873549,106163742.37624301,110401666.00715311,94265636.61415549,102053754.27104314,111287677.00611795,114032698.78394318,106195817.65996808,131631828.2802306,107524378.10997558,120253606.84019804,121893710.6317731,111070416.43227309,101871771.36221051,117512153.18644051,112139488.49317294,104004615.6842506,102675833.17076057,110077315.5715483,99780146.67356311,101486920.23464799,108669137.3640931,127114925.95210057,117868808.32295313,110787438.66915564,121484248.26315302,107278684.52163804,131442538.14831805,117029748.64894557,114111345.03154299,90550726.15105794,86418569.00053304,100387090.11034313,108567841.58801062,108197435.79289569,112618989.23473063,95045999.3116506,105604937.29535566
2022-03-11,162445057.4670651,110066752.52876803,89384692.57133052,105220880.89133313,89444641.01532552,91370447.49160817,113062396.09864315,147473532.22093564,93106263.10929057,142077508.9620156,109746928.95882306,108855418.12395057,96598980.88694818,105679290.63623549,105007928.64024301,108831708.6241531,93576716.5216555,100889573.65154314,109342585.09611796,112786914.56894317,104285923.59746808,128672123.7882306,105617383.52947558,118367023.62519804,120140327.4017731,109747374.6907731,101085457.39121053,116570798.87294051,110936203.30667296,102854280.26625061,101352447.37826057,107899447.0435483,98737764.99456312,101065731.49164799,106764490.2020931,124511550.02960059,116127320.75195312,108969005.31965564,121062030.31065302,106241689.75913802,129468681.81481804,115781777.39144558,112654789.16304299,89755623.74305794,85597118.96803303,99256392.28384313,107540195.20301062,106839173.5488957,110265448.11073063,94034708.3431506,103577815.20935568
2022-03-14,161021126.72209007,108843064.72376803,88479819.52101552,104873732.59133314,88962417.96482553,90626776.87210818,111756781.20275567,146116559.03245813,92500140.25079058,139555116.7985156,107947383.28059305,107736335.11845058,95435267.17773569,104184108.67900549,104395660.338743,107942292.8276156,93230366.81961799,100383978.32604313,108971052.75611795,111423243.02596067,103260528.38596809,126329738.3391906,103794366.06724557,116708242.77914804,119357690.3617731,107459976.27077311,101276359.60371052,114921158.26744051,109395902.88658546,99526175.45975062,99740445.02153057,106103216.95214829,97346231.35983312,100475840.38964799,105172294.4750931,123007130.13105059,115069014.65747064,106917984.90292564,121032752.58265302,105938623.79337052,128193895.91981804,113914068.23602557,111559704.19557299,88573556.88104543,84203698.26499553,97639572.30905312,107047323.29961061,105966916.17109069,108645176.75784564,93627315.3981506,102288536.20635566
2022-03-15,161930143.5271951,110004155.32561302,89206607.09351552,106258506.86699314,89904729.43932553,91169926.13425818,112287798.52825567,147435548.12095815,93336170.37161309,141144068.1378856,110133318.05943805,107312477.85229059,96296660.94473569,105025762.63465549,104283807.73658301,109018066.06196061,94181289.452118,101225517.35854313,110115405.76861796,113523522.65796067,102807361.91553807,127817064.3993906,104472987.78624558,117977774.50614806,119972502.61384311,107993704.41127312,102260503.64221053,115798913.19401053,111171896.81858546,100069027.57825062,100499207.76353057,106802098.0422183,98208196.56033313,101373258.84622797,106661058.1929156,125320985.42105058,116014347.11147064,107025566.48726563,122144296.58365302,107297332.38137053,128814452.54804805,114712552.49652559,111750984.39657299,88804941.64316544,84978437.53049552,98660641.19755313,107812517.53611061,106951747.59009069,110603089.52484563,94256124.0386506,102664456.44566567
2022-03-16,162446967.6641951,110471551.96861303,88966548.47851554,106509235.75199315,90001667.22932553,91238033.16425817,112545907.94275567,148441262.23745814,93412834.45111308,141654831.6663856,110541928.17193806,107467285.37979059,96102546.16573569,105364014.51765549,104460566.10058302,108891655.6344606,94520747.66411799,102101206.15254313,110776712.03211796,113930337.87646067,102794759.98303808,128066655.7098906,104400832.70524558,118730394.34664805,120274895.3763431,107548918.0052731,102673764.52021053,117020799.53851052,111714972.58908546,101064277.35225062,100634790.19053057,106514284.5012183,98693031.78533313,101994613.03222798,106874237.9399156,125516167.92005059,116351515.64397064,107201636.96226564,122393426.900653,107830921.98137054,129112629.45954806,115038524.32902558,112569315.81957299,88392543.39416543,85789915.68049553,98688300.17755313,107774284.54861063,107369912.82309072,111020228.68634564,94581301.1241506,102368906.6116657
2022-03-17,161401967.6641951,110234247.95611301,89328646.11401552,107148385.06999315,90059647.08318552,91111239.84075817,112840541.05825567,148328683.68395814,94068634.65311308,141462657.2718856,112371635.81043807,107298629.83129059,96336736.62423569,105782522.1391555,104730731.17058302,108571791.3724606,95614605.603618,102920567.88054314,111200441.57561797,113522295.63746066,103830194.57153809,127459758.8023906,105403610.7227456,117982334.74314806,120466792.2888431,108081528.5772731,102919604.86921054,117033552.72001053,111698535.48358546,100791269.24174312,101484355.55853057,106463960.12671831,99079512.60433313,101927430.20122798,106440986.3379156,125297980.32755059,117934811.07147065,107733501.52525814,123612918.31265302,108679716.02887054,128786477.70704806,115360443.76152559,113106113.54157299,88316061.46166542,85826339.47149554,98671442.91855314,108602698.52311063,107482676.9735907,110929989.35334566,96219493.93165061,102629323.9401657
2022-03-18,164184967.6641951,111172953.94511302,89386299.38701552,108242090.84799315,90629850.50818552,91985788.62775818,112855091.95025568,149538145.75345814,94809529.65961309,141309015.6538856,113476567.18093807,107390115.4892906,96421995.2617357,106437570.2566555,105590407.50158302,109036792.5054606,96459884.01011801,103300934.30204314,113228111.84811796,114048520.63296068,104245657.59703809,129378011.0323906,106586927.99024558,119507411.97314805,121212404.1153431,108978920.25027311,103729352.68671054,117356009.39101054,112902834.26858547,101080627.15324312,102368443.81653059,107307734.7387183,100051988.15283313,102933392.91172798,107016654.7019156,127038495.62955059,118483860.56947064,109109533.38625814,124929421.38765302,109683543.82037054,129818398.96454807,116465340.62152559,113313753.332573,88498850.19916543,86234028.22099553,99843800.80455315,109320014.83111063,108559064.21759072,111341721.83384566,97191965.12815061,103030316.3696657
2022-03-21,168741066.7591951,114372755.60411303,91386766.00251552,109989259.77299316,92660420.76018551,93820229.25425819,116172601.39725569,154187054.74445814,96871014.45561308,144536834.83088562,115661569.09893805,108963343.3717906,98573533.6677357,109174692.5321555,107749744.154583,111990514.95946062,98481077.586618,107367592.91004315,116363108.85661796,116862632.04346068,107078506.9440381,131541124.1633906,108334526.95474559,123229771.63664806,125161883.3048431,110920750.30777311,106443087.42971054,119093456.56901056,113921874.32508548,103039336.02824314,103841149.73903058,109166069.2597183,102632837.07233314,104735612.83672798,110095229.39491561,129457933.4275506,121241141.82497065,111491461.42925814,128334397.66915303,111548363.65887055,132603419.21354806,118173984.25352558,116321767.435573,89653610.67466542,88538029.81949553,102166866.00355315,112054237.61011063,110933615.04759073,113199395.22034568,99436820.36815062,104194999.3321657
2022-03-22,169812066.7591951,115732145.58761302,91423915.95401552,110142097.65899317,92269628.25868551,95006656.31875817,115693370.28225568,154998079.68645814,97422988.47561309,144896734.8428856,116298416.67143805,109203257.17329061,98780387.44923571,109971745.2921555,108336513.95658302,112109329.2524606,98827912.215118,106618834.36504315,117029612.21461797,117555641.1814607,107012411.2550381,132012088.56039059,108545238.47374558,123885471.83164805,126321107.3258431,112078397.52677312,106806804.47271053,119536675.71251056,114774330.22508548,102973762.38024315,103576998.16453059,109158874.99371831,103183853.88483316,104857880.64272799,110150104.21091561,129426842.6075506,122594030.38047063,112394280.10025814,130159170.91715303,111738952.14787054,133478496.72104809,118585452.68952557,116452474.743573,89914945.74116543,89198506.72999553,102432334.49805313,112754796.01761062,110758041.83609071,112857149.98434567,99607804.54915062,104597930.6931657
2022-03-23,168879066.7591951,115510483.73961301,91045910.50401554,110163225.68849318,91693485.30218552,94742823.99975818,115198551.7452557,154251010.85945815,96836244.59811309,144818980.37888563,115459872.14493807,108162744.0487906,98387297.2262357,110105259.29065551,107717433.50308302,111829263.72196059,98154381.163618,106647898.75654316,116379735.51961796,117347625.25346069,107209168.37253809,131273269.9318906,108452181.12724559,123173272.60014805,125785585.28784312,111061590.31577313,106999706.92571054,119325311.50101055,114447329.06108548,103127122.12174314,103909857.47103058,108734177.82121831,102708864.50883316,104472807.81272799,109488070.35441561,128366800.2315506,122537329.32097064,112273633.34525815,130614185.39865303,110901035.18837056,133335247.91404809,118026071.15352559,115706933.153573,89397201.79166543,88442713.33549553,101921032.08205314,111611094.54461062,110530103.47709073,113003440.60134566,99780986.83365062,103838706.0281657
2022-03-24,169202046.35919508,115333321.24361302,91354565.69201553,110463461.80699319,92194626.17218553,94776125.93575817,115521505.27275568,154441806.36995816,96449749.9276131,145281098.45038563,115509345.56693807,107479904.3877906,98859361.1537357,109834733.8556555,108310169.13608302,112176345.8749606,98189589.449618,106461503.63054316,117401601.69361795,118610488.35896069,107207848.2195381,131972267.88889061,107825492.6197456,123547598.47664806,125996669.23134312,111400487.21327312,106930694.50021054,120760164.16451056,114343601.89058548,103683721.47374314,104353609.13303056,108414927.47171831,103058996.29383315,104865662.31072798,109338699.29141562,127853799.2515506,122016938.46997064,112903480.86075814,130575683.77215302,111173017.75387055,134177044.4740481,118361790.1295256,115668149.746573,90025354.03616545,89038713.33549553,101806895.15805313,112101254.51111063,110262268.07959074,113220314.76784566,99490526.16965061,103694799.6031657
2022-03-25,169438338.9291951,115600676.75611302,90709482.00301555,110577476.07399319,92689475.26918551,94942502.01975818,115461495.8227557,154608552.67495817,96117343.4651131,144997648.19138563,115244943.13793807,106878674.86029062,99138684.5287357,110120303.3391555,107902628.58958301,112073977.0874606,98052996.924618,106093262.55904317,117764908.10911795,120123026.78996071,107277774.0425381,131442500.17689061,107173306.82824561,123886542.37714808,126559177.82484314,111388415.52477312,106897017.13821054,120627707.97651055,114222132.75158548,103456535.58374314,104279207.43453057,108538329.0497183,102831972.86533317,104845279.346728,109380833.85241562,127446615.66155061,122462974.46047066,112831657.86875814,130422835.50915302,111163004.54937056,134019190.9975481,117873046.68252559,115705777.85857302,89821071.84316544,89163488.97999555,102349240.35805315,112942562.62511063,110415736.83459073,113342002.42784569,99471810.94015062,103705111.5301657
2022-03-28,170388716.61319512,116455208.47611302,90123027.50851554,109207059.4494932,90640581.55018552,94523883.90975818,112513240.23375571,150926528.36495817,95214906.7281131,144099822.26788566,112939802.50893807,105279893.65429062,98478732.9842357,108124548.46415551,107222353.18208303,111182183.0624606,97613564.59561801,104272368.65354317,116152572.60311796,119845844.7849607,105632464.38453811,130717845.39189062,106657611.40024562,123879497.53214808,125531018.85784313,110673142.97277313,106146604.95971054,119285297.62351057,113224397.15658548,102032723.98624314,102741268.23703057,106742779.85371831,101036347.89783317,104675252.888728,108444405.79891561,127295869.1195506,119367737.19847067,112042166.01275815,128139366.11365303,109446932.97187054,131030887.7180481,116547453.27152559,114594544.46007302,90084015.06516545,88789420.04549554,101946499.78105316,112866044.26661064,108813804.06909074,111899151.2618457,98207329.90465061,102743025.93916571
2022-03-29,172368191.11319512,118171725.23611301,91198415.16251555,109154401.8394932,89724539.06968552,96244409.18975818,112527657.0702557,151947368.46495816,96142832.0996131,144828858.34338564,114437971.15793808,105689817.04929063,99408568.39223571,108412472.80115551,108145392.80008304,111061027.85496059,98035864.410618,104898810.11654317,116822096.23261796,120550318.41496071,105952674.8230381,132339310.77789062,106223367.63024563,125577066.78414808,126560569.42784312,110577935.13577314,107898609.18921055,119860971.06451055,115784215.10108548,103115149.85774316,104239555.68003058,106415817.29371831,102770978.76583317,104719438.499728,109421479.99041562,127818283.5080506,120141174.39797068,112367523.71525815,129686015.80915304,110786408.35987055,130698937.82554811,117097019.8315256,116212960.34907302,91308435.29016545,89459848.16299555,102714619.31805314,113536443.28761065,108798731.09009074,111998517.39284569,99111459.32165061,102742018.5831657
2022-03-30,169061229.65069512,115548211.71311301,89310243.96651556,108192689.63399321,87225315.10518552,94297018.19825819,110540950.8592557,149057418.83845815,93828721.84861311,142573168.18938565,112288967.65435307,103503999.74129063,98998600.84473571,106722557.86115551,105860975.57458304,108852358.37196061,96578422.05861801,103809255.50904316,114423096.18411797,116881616.81896071,103872134.2845381,128726021.86589062,103679873.24024561,123250317.0621481,125011239.36635564,108333340.98777314,105634230.17921054,116822699.79001054,113358227.01508549,101728684.18824317,103584171.44153059,103390402.65221831,100854222.74133316,102652429.09022799,107931346.79091561,124752100.1025506,117799798.96047068,109522954.13525815,127482777.77915303,108793927.81337056,127620308.98154813,115277508.24702561,112198717.65607302,89735923.92716545,88000848.16299555,101711382.12255314,112157231.97761065,106948996.10909075,110109307.1408457,97150889.97915061,100471817.97766571
2022-03-31,165302241.2506951,114676958.88511302,88543677.66051555,106469020.0919932,85027199.04268554,92805815.56075819,108588164.99456072,147137627.06945816,92437239.94261312,140562639.72338563,111738123.88285308,102271478.82129063,98133958.68023571,105427618.46715552,104617310.10458304,107459627.2989606,95817132.394618,103663772.60954317,113041235.15011796,115564462.81646071,103080079.3415381,125744162.56139061,102179011.24174562,122062603.02314809,124645779.02335565,106404200.31277314,103731823.21221055,114512288.27031556,110642520.42358547,100578212.80024317,102652351.29003058,101285501.16871831,99596323.18433316,100952061.055228,107188694.2449156,123467682.1734606,116061192.36597067,107923005.67775816,125774338.82115304,108295360.53537056,127506734.56554812,113477174.17252561,110919863.94407302,89133040.16916545,86257060.69799554,100962689.28405315,109780175.93961066,105694459.37509075,108023418.5938457,95526124.84965062,98629519.87566571
2022-04-01,165283241.2506951,115754585.47039302,89193143.45801556,106793853.6515982,84340875.06018554,93532779.89175819,108241925.20856072,147371156.81595817,92291256.27111313,141513866.52674565,111978687.74674807,102226137.28479064,99119473.20323572,106033808.96306552,104818177.77558304,107193779.83846061,96404656.62411802,105983597.51654316,112601495.06011796,115688323.53946072,103352606.1570381,126469610.8039906,102248111.85851564,121501757.4799631,125746307.31585565,105570071.80377313,104239951.81671055,114316357.90164053,110819851.32308549,101433232.98324317,102868284.7239281,100933940.90671831,101244416.62260315,100783547.12849799,107507805.78291562,123931118.0267756,115761130.51640818,107430202.90425816,128303281.69265305,108593104.52387056,127767184.48504812,113677058.16234061,110328990.05657302,89260262.83116546,85962314.75799555,101609646.38355315,109676204.09411067,105669479.60283074,107805231.9420857,96083682.16465062,99849535.89066571
2022-04-04,163528467.5386951,114825082.46639302,88979844.09401557,106695242.4215982,84020354.96118554,93307699.3817582,108246225.04506072,146682632.31995818,93316756.25761312,140911421.34324563,111959545.56324808,102049265.64129063,98534829.89323571,106417357.92556551,103802870.85408303,105838818.0089606,95829601.05261803,105615936.56904316,112483591.63661796,114999725.63696072,102420163.75953811,127273617.61699061,102434134.10101564,121467751.8589631,124489978.65435565,104749915.83127314,104850660.80321056,114421322.78414056,110646452.6300855,100732886.83324318,102704007.73792809,100718549.01721832,100513130.30860315,100024858.664998,106499407.68407312,124481408.25177561,114793473.16390818,106170535.65675816,128411562.29915306,107850468.01487055,127113763.16904812,113752731.98334062,109843635.43557301,89088179.31266546,85482597.08199555,101273938.98155314,110231564.32811067,105860119.57483074,106752424.6565857,97347812.33665064,99991673.3596657
2022-04-05,163511467.5386951,114305345.83139302,89011068.04101557,106526055.6805982,84014797.01368554,92506769.51375818,108447551.63856073,145776519.31245816,93219830.75361311,140788357.32424563,111991651.00824809,101154787.21429065,98668278.47373572,105849052.58806552,103467033.85508305,105913377.86971311,95392952.94077303,105589783.31354316,112456826.11061797,114404615.02946071,103079361.73553811,127137637.14799061,102168782.37801564,121111126.1614631,122210499.96735564,104982771.41127314,105438511.53821057,114429845.19064054,110803769.7920855,100796349.23974317,102252704.80392809,100172583.10171834,100263128.42710316,99313072.808653,105358164.38107312,124994384.0637756,114208472.53690818,105940725.78875817,128387189.05765305,107056698.22787055,127899032.23404813,113786447.50909312,109430745.83857302,88434856.85816546,85425254.65749554,101890792.07905315,109519288.57711068,105824109.35683075,105881623.01808572,96541111.59015062,99885013.4421657
2022-04-06,160272403.5212701,111831044.71404302,88274169.08251557,104857122.43624821,83408438.53518555,90043711.3861682,107828214.32956073,143398820.66745818,91562755.66140813,138705105.65892565,110301640.81004308,99146959.70479065,97435441.4548507,104225651.5400655,100985709.25619805,104152199.59871311,94089530.63427302,103926610.69604316,111658848.28661796,112100793.45957571,100672086.63503811,125291342.43549061,101563450.22889063,119587422.35988809,120660402.80628064,104121054.56292063,105322940.02621058,113998484.44914055,109684675.65608299,99137754.20774066,100093404.56192562,98991247.43041834,99564941.00010316,98103746.07865301,103102121.29007311,122272507.87131561,113941169.05840817,104196591.04925817,126024675.68815304,104447787.17786804,126636812.79655811,114211308.13124311,109351698.46357304,86940500.16357547,83930829.22960804,100318318.83166815,108798519.18711068,104800792.98033074,104530771.21454321,94680714.89715062,99616642.63116571
2022-04-07,159681802.1732701,111298780.05604301,87300753.95510057,103997739.7702482,82097552.58468553,88372820.64716819,105945261.94756073,140700015.9769582,90701815.61490811,137113168.19892567,110102964.60054308,98690022.94529065,96509825.8168507,103094028.7760655,99560596.99119805,103623309.19621313,93058047.27077302,101365055.84704317,110011949.30211797,110633857.8385757,100752986.81753811,124515101.94399062,100349218.72189063,118565495.3908881,118650777.10528065,102844954.29142064,104691093.19571057,112473435.72364056,109240562.60358301,99366064.64474067,99660507.26642562,98733495.36691833,98652738.74810316,96950252.03265302,102513219.8450731,120208833.73131561,112446666.44140816,103412188.69575818,125854266.73815304,103114399.54936805,124873658.30905811,113895740.99224311,108851743.37357304,86202469.68857548,83404639.42060804,98889793.25066814,106623538.33211067,103875517.08933075,103734559.12754321,94497068.72115062,98000304.29666571
2022-04-08,157175100.3276701,110458360.768543,85965659.05763808,103184347.1407482,80313235.64226803,86430539.45966819,102370965.58614074,139427953.23780566,88988868.93440811,134665419.55842566,107598323.36154309,96691938.81429067,93924749.76935071,101306402.0605655,98671434.04519805,101272597.77607313,89719889.66827302,98428867.00004318,105979235.39461046,109282996.3765682,98648892.4945381,123335074.33226061,98861662.15039062,116875243.27088809,116750362.30528066,99548399.92102814,101743992.19471058,109295185.20764056,106768454.861083,97093622.44374067,98933295.10742563,96475518.42041834,96745264.17460316,94867302.60622302,100601650.15132311,118054196.29281563,109748479.71490318,100862459.42925817,123973095.28915305,99502461.13036805,120424952.07905811,112217374.35724312,107040639.85342303,84881432.72657546,82037821.56560804,95680981.75016814,102657022.27171817,102578634.58683075,101212027.93204321,92528951.55365062,95401259.32316573
2022-04-12,152485909.91187513,106828468.03974302,82035960.64156309,99274065.6721032,78476825.08209553,83250251.66675319,96510988.24153073,134541796.01991817,87401204.72249313,129359091.11588818,105634924.27998307,94240838.12870066,90549279.0568157,98470747.218728,94982215.28807555,98476889.78834315,86411221.45062302,94139090.63342068,102450906.32331046,106136140.16015321,96736752.78203811,120734704.34106061,96899835.21989563,112078225.7331081,111410867.57863066,96389109.89043814,98248853.13534059,104792300.47944055,104593640.841083,95364672.68499067,96789078.67292564,92473721.82753834,94562856.43754816,91332643.857223,97918083.9197331,112835283.5311906,106930958.98940317,98127357.36500567,121262456.63665304,96752032.95040804,117554616.09497312,108781493.8520831,103734149.90704304,82463102.92071296,78907055.13016555,93458786.07442814,98583988.89460568,101644523.64580825,98905670.29969071,89218021.65492313,91827525.00058822
2022-04-13,153516000.5957351,106512436.23489302,82794206.06126559,101039092.2641032,79104921.73410803,84556873.7977007,97708048.63261074,136429906.1645557,89407322.72799312,130180556.96298817,105881569.26752308,95028441.61868316,91871020.7543157,99567772.11771052,96835870.05257556,99136279.48134065,87461748.06562302,95169934.85860567,103499695.88612048,107140903.5393032,97879862.6137231,123911722.36006062,98996950.43289565,113779806.0456081,113390380.92194065,97403016.22865814,99225667.3838231,107909408.26894055,106111903.99627301,97053162.86449067,97563635.76692563,94116921.12972833,95235290.98603065,93241690.72722301,99423323.09821561,115431928.58169061,107999065.85102317,99238260.36250317,123134897.80323304,97275374.66940805,119672047.01201311,111264486.6927731,105040094.87597305,83893336.49671297,80352654.98768803,96079847.77996814,100075470.44610567,102365816.44473824,99966741.82014072,90948431.58042313,93933076.00908822
2022-04-14,155991000.5957351,105234455.40939303,82596985.07026558,100300201.18660322,78647894.24160804,83943420.9587007,96955558.42311074,135159152.9320557,89910141.59599312,128306075.11298817,105559183.03102309,95222302.26268317,91977199.1348157,98990309.67271052,95660574.48057556,98894692.11284065,86924172.30562301,94683822.75610566,103450573.68562049,106621345.1838032,98794824.3517231,124590788.14656061,98549237.83839564,113789895.6541081,113049521.68294065,96761382.20015815,99526040.6808231,107792131.00494055,105549613.12827301,97717904.00899068,97615557.62242563,94427738.63572834,95255255.27753067,92838766.78972301,99397487.86521561,115089619.32819062,106867524.51102318,98672623.63500318,123931292.21323304,96475095.93290806,119733602.6510131,111333646.0682731,104843439.00347304,83226458.42521298,80655220.00668806,94843494.46496814,100024665.33660568,101508548.21873824,100422440.38364072,91495431.07042313,93065697.11608821
2022-04-15,154577000.5957351,102702021.12539303,80708136.98876558,98195120.21260321,77823178.00160804,82961935.51470071,96032326.95711073,133313566.02205572,87206306.91299313,126338155.88348818,103975238.3575231,94103176.56668317,91487209.86281571,97049774.13271052,94236878.21307558,97227527.74884066,85460001.62262303,93054222.76910567,102339274.3331205,104583975.9333032,97669998.96472311,121137192.15956062,96435257.38289563,111688071.7731081,111288582.10794066,95301231.26065814,97437314.38982311,104937802.67344056,103332423.255273,95786841.59149069,96175376.63742563,92885170.52472834,93929822.83653066,91625003.24772301,96853427.24521562,112106522.35269062,105368644.01902318,97377372.71850318,121988992.23223303,95056372.31640807,119018984.9750131,108795640.6132731,102724426.30647305,82231645.89221299,79461539.15318805,93838453.26796815,97863232.9666057,99337731.62573825,98641996.24196072,89912522.23342313,90103993.73168823
2022-04-18,152508000.5957351,99668053.52689303,78542065.68976559,96390284.09460323,76747749.91160804,81092476.76120071,95080289.47311074,129936575.92755572,84707633.85431813,122260052.52848817,101478683.8950381,91999567.77068318,89280540.95231572,95437280.84721053,92079947.24482557,93876311.68262064,83078976.99437302,90957288.29942566,100564802.7366205,102625280.9893032,95632130.20072311,118526046.0080606,95496983.13189563,108595057.07798311,108911931.06944066,92023554.54829817,94883087.44732311,100926726.46127057,101252110.383273,94168007.12263069,94657605.83575064,91480730.62055334,90925673.06603067,88985968.38677302,95302632.16446562,107468380.71740563,102553140.53902318,94113613.23750317,119174424.16423304,91493609.64740807,115872832.36251312,107229823.8403331,100928376.45197305,79752758.33646297,78005679.04918806,92505949.62846814,96005396.40053569,97532706.15173826,97844858.09096073,87315302.43260813,87724649.39718823
2022-04-19,151001265.6154051,97314766.54309304,77267183.84664059,93969554.38910323,76112841.85010804,79464068.7215757,94110237.49311075,125780526.14755574,84225161.42281812,120370606.26608819,99847224.0620381,90043512.68518318,87231783.39681572,93476009.02771053,89202516.70682558,92613022.28162065,81264405.40587303,88862763.02942568,98627948.91312052,99685659.33830571,94565070.00592312,117003679.44506061,94403626.70136563,106612468.6004831,107773497.65394066,89615347.79379816,93164047.19982311,97831721.51477057,99788815.54373302,93202364.44563068,93739899.16575064,89711035.11305335,88735446.24353066,87148468.44160801,93903320.47146562,105790005.46990563,99476370.28952318,92384426.20601317,118405173.87323305,88154443.28410807,113510175.39901313,104299828.4953331,98748840.45747305,77549720.42607798,76958480.27168807,90574354.13546816,94051186.65353568,95171878.43905324,96668132.16996074,85858964.59810814,86306266.99118823
2022-04-20,145461999.25008512,94087262.19723053,74831398.53890309,90455343.83010323,73517722.85846055,77278441.8155507,91729050.19535324,121820615.71927075,81274198.37073813,116256700.86724067,97291564.3065381,87003875.60558069,84874815.58995572,90130093.53993055,87192906.87542808,89116961.40288815,78401644.33725801,85525435.22302568,95142782.03012052,96229745.99840572,90259881.64528312,111903839.30956063,91335554.21719316,104452911.97950312,104515392.83480066,87243432.16361818,90477989.1824806,94601511.30177307,96566218.95371051,89790767.80170068,91253594.43374564,86541565.95006336,85730242.85556567,83393670.98080301,91603217.55791563,101772787.26080564,96004934.14391819,90380089.38733065,113865264.76259303,85389930.07314056,109842337.13759312,99505619.81835812,94073560.06161055,74694931.70807798,74436237.16949557,87629263.01313815,91701281.51730569,92202905.80655324,94196014.45328075,82210108.52973314,83841742.55618824
2022-04-21,148528045.2780851,91541668.64323054,73608230.0754031,89301949.54635324,72423618.92346054,76355982.0065507,90315388.73635325,118139762.34477076,80953208.61723813,116052216.93974067,98797345.0775381,84961595.1745807,85838253.38995573,87492686.82193056,85723428.82136808,88471101.46509565,77391921.00225802,85026566.49802569,93929012.8866205,95386623.79490572,87800616.85628313,110646486.71056063,90375744.01419315,102876241.68950312,102625244.86330065,86011727.83811818,90398737.1509806,93268101.09827305,96659066.88621052,90170575.5297007,89462220.79424563,85985937.06206337,85857599.92277318,81662574.19130301,91278817.52291563,102084255.63780564,93882645.9624182,90429461.34833066,112697146.82509305,84841292.16864057,107822783.59009312,95971915.06535812,92909995.51011054,75173624.90807799,74740264.26299557,86464329.84763816,92469414.02330568,91299299.42505325,93564900.85428074,80859331.08173314,83953222.12468824
2022-04-22,146103695.28008515,91900424.73323053,74067888.71790309,86339731.87285325,72441587.19596055,75608513.1845507,91034020.83578324,116742446.43127076,79214920.27323814,116166490.59665316,97473928.64842561,83221020.43508069,83928823.57795572,86348832.95543055,84938085.3133681,87690813.33109565,76419216.78275803,83101824.94752571,91880169.33905052,95839837.65290573,85318483.69878313,109157546.85162814,89702951.91369316,102010447.24200311,101603351.53930068,85133637.47304818,89805575.45248061,91866734.69627306,95911677.66721052,88449739.05170068,89038758.78674564,86148078.24295089,84830116.64627318,80674429.98356551,90047184.63996065,100885290.28430563,93660603.3644182,90328507.81987566,110898448.31283554,86758805.12064058,106284174.25215814,95962471.25942561,92158733.71311055,75439184.90707798,74475478.94670558,86514977.53963816,92797499.10030569,88780023.24005325,93654606.17528075,79711719.56473315,83862346.56473324
2022-04-25,141096695.28008515,88655978.84723054,70962206.4137231,83639178.75835325,69903990.53324056,72106395.74655071,88004960.58628324,111084484.55827075,76227095.80194063,112024510.84465316,92886710.0334256,79280575.9195007,81187327.32045572,83144939.59443055,82857390.98886809,84425821.22251564,73715992.95793803,79696506.12394571,87036658.28103551,91734926.23790574,81428843.07104813,105242375.78262815,85684373.27911316,97948790.20736562,96980301.42530069,81351943.81154819,86762585.20298061,88805460.76077306,92122195.22321051,85457931.3466857,85594147.74924564,84088417.72745088,81270627.44877318,78729610.02006552,87004333.79796065,97567941.24180564,89108628.3114182,86783508.28579566,105244377.56310555,84222493.29164058,100544617.78315812,93318906.64042562,87043588.75361055,72831501.10707799,70835632.85120557,83596532.48813817,87852722.9363057,85045791.96655326,90143349.12762825,76058587.68321565,81162311.50373325
2022-04-26,140759449.73508012,91803715.99573055,73375874.71672311,85803113.62085325,73047938.33224055,73736430.0905507,90617658.83028325,115590111.00027075,78003892.81394064,116363795.06665316,96681257.08342561,82524060.5895007,82461839.81795572,84259516.32393056,85924945.8678681,85844207.23601565,75758006.19993803,82676892.28894572,89166056.28653303,93008039.43790573,84168033.96054813,108307880.82296816,88402965.69411317,99010968.17636561,101341209.1678007,83059507.53904569,88292913.9229806,89807776.40668306,96110163.75071052,88944514.6271857,87955088.67024565,85847461.87045087,83856090.26227318,79596346.09006554,87589557.87537065,100741119.62880564,93563192.31891821,90966220.03129566,108509015.83660555,86210230.24114059,104167608.23065811,94896821.22792563,90693044.07578304,76576041.108078,72208872.93270557,87213386.00063816,89235316.10130319,86552978.79272576,93513729.74162826,78110533.06071565,82174188.50973076
2022-04-27,142617365.32008016,93701608.92523055,74619666.9607231,87320680.34635325,74476398.84124056,74982518.8960507,91658965.81578325,117676656.20027074,78234892.40794063,117550900.15815318,98968315.18992563,83956804.7765007,83356762.02295572,85873678.30093056,86049910.69986808,86601140.81601566,76843715.81543802,83405183.76544572,89760130.199033,95096577.61240573,84688906.61804813,109833413.46896815,89061500.19411317,99999147.44886562,102192953.9818007,83986879.3410457,89744276.3349806,91269935.46918306,97083609.29921052,90485923.23218569,88266361.27024564,86452290.24195087,85636144.31277317,80348006.85656554,87470692.16237065,102168504.99630564,93352178.91541821,93203362.65729566,109174765.37660556,87143604.74714059,104500211.19465813,95728340.24192563,91649057.09878306,77794472.933078,72454036.11170557,89511615.75363816,90320138.5773032,87107454.74872576,94343014.49512826,78448288.03221565,83932350.16673075
2022-04-28,143841365.32008016,92706804.82023056,75470536.6807231,87793759.34035325,74713143.62274057,74955081.71805072,91803035.51878324,117243246.60477075,78253919.40994063,117467500.77765317,100606641.20242563,84390137.83550069,83328788.47395572,86085601.61343056,86504932.79736808,85770015.71051566,77121534.66993801,83224625.30844572,90752405.36603302,95581046.58490574,84754296.18204814,110496165.38996816,89291962.65561315,100164468.4373656,102030745.6548007,83378955.92904569,90442773.28448063,91561648.43368305,96588135.44771053,91123745.3361857,87970547.66024564,86571744.98295087,85665593.40527317,81039831.37356552,87004298.39237066,101797255.18280563,92899428.10041821,94272323.13779566,108235191.12210557,88097806.9536406,104723037.54415813,96071946.63742563,90594967.92178306,78132092.145578,72339630.76220557,89938369.55563816,90042124.3348032,88095418.94272576,95289818.57262826,78783305.80271566,84413014.00123075
2022-04-29,144708917.38008016,93148634.73723057,75989371.73972312,88959094.37735325,75911597.02724056,75250752.65605071,93118108.54428324,118195987.88827074,79451708.55744064,119855086.33515318,101466283.58092563,84729963.1455007,84438485.47195573,86597043.42293057,87211479.9833681,86742513.65451565,77612246.24393801,83721183.51244573,92524744.84703302,96819741.13140574,85817570.27354814,111351662.01046816,89979329.76561317,101200992.3793656,102152004.28430071,84442476.68954569,91084027.36848062,92523173.43618305,97612440.83871052,92283754.86218569,90398288.92024565,87779856.33045089,85930928.6857732,82344095.84506553,88045033.56037065,104000271.04880564,94131932.1554182,94613251.48479566,109501923.35960555,88622327.2921406,106529419.86515813,97684682.30992565,91691137.96778306,78747799.40807801,72845782.59420559,90963976.91213815,90872729.4193032,88757836.13522576,96287348.45962827,79265635.17071566,85698064.33873074
2022-05-04,140934917.38008016,92114959.61473058,74639828.7277231,85906643.26635325,75306659.13724056,74787485.4215507,91124521.18278325,115896978.34777075,77722459.95744064,116748431.77015318,98131618.06542563,82343219.00750071,82613270.72895575,85319603.86793056,85664459.4113681,86580020.40701565,76910181.89493802,82482291.22994572,90993223.41003302,94624708.05140574,84326251.77854814,107140717.11896816,86605299.64011317,100244767.24736561,100712857.85280073,83911475.5180457,90626555.13498062,90059390.32618305,95104392.91321053,90168089.60968569,91281348.77274565,85279082.81045088,83227880.75477318,79251609.66606554,85345389.93487066,102627379.94580565,92443208.1189182,91959792.85729566,107648342.62560555,86854050.9091406,102984725.02765813,96302120.29942565,91100662.80828306,76994941.09807801,72427017.50470558,88387511.09813815,88669573.03980319,85735463.19372576,94960028.61262827,79135871.12921566,84497900.75873074
2022-05-05,140265917.38008016,92251085.08223058,75021263.0127231,85853655.95885326,75233319.04974055,74176928.2815507,90947688.88028325,115530509.86277075,77417679.05494064,114972880.56265317,98581806.98042563,83056313.4650007,82111609.00145574,85335563.21793056,85462403.1913681,87041530.72951567,76515097.14993802,82585283.68994573,90835085.58003302,95142092.30890575,84006292.47854814,106777939.58396816,86357857.42511317,99644900.4873656,100973842.25530073,83884340.7980457,90384290.38498062,89854379.08118305,95129706.80571052,90005611.9796857,90834622.12024565,84882723.81045088,83234109.33477318,78989729.97856554,85281816.75737067,101055295.77080566,93108349.4939182,91629233.85229567,107397968.34060556,86746650.3791406,101772842.62015814,95940564.73942564,90779231.88828307,76629227.34807801,72047102.19470559,88310606.77313817,88255256.00980319,86166101.36872576,95090516.24012826,79335264.03921567,84844848.55373076
2022-05-06,137846917.38008016,91754761.2897306,73510935.4127231,84954689.97385326,73974079.01724055,72814143.80405071,89640688.88028325,113004768.91709074,76702133.31494065,113355943.07515317,96971278.67542563,81780536.7600007,80830503.66145574,84593316.83793056,84786372.59386809,86603318.49451567,76040466.84743801,81640911.99494573,90167783.55003302,93858782.55890575,83311511.34354813,105016191.16896816,85029906.93261318,97458019.65986562,100669519.39530073,82935523.7030457,89701272.58498062,88682739.58118305,93929286.63821054,88941105.43718569,89856853.78274564,84526603.21045089,81484652.1972732,78563249.91356555,84800148.05987066,98414227.29580565,91958444.18391821,90275227.81479567,105897900.13242556,85168161.5566406,100152387.24515814,95057068.19692564,89291217.19828308,75151282.97057801,71122854.75561559,86933517.93563816,87228318.65230319,84754061.78122576,94548304.36762828,78411931.67171568,83249328.61623076
2022-05-09,133267540.16758014,91253761.2897306,72012935.4127231,84194689.97385326,73063689.75017557,72088143.80405071,87566462.55278325,111633128.88958074,75489906.98744065,111968565.86265317,95031278.67542563,79840536.7600007,78589277.33395573,83744090.51043056,83739372.59386809,86389318.49451567,76040466.84743801,80777129.55317573,89285783.55003302,92085782.55890575,81339511.34354813,102999191.16896816,83421906.93261318,96491579.71687311,100001519.39530073,82177523.7030457,89701272.58498062,87378739.58118305,92642984.86821054,86789105.43718569,88974853.78274564,82768603.21045089,80090652.1972732,77290249.91356555,84132148.05987066,97108227.29580565,90886142.41391821,88288227.81479567,104366170.11179306,83682161.5566406,97868341.06581064,93440766.42692564,88034798.53722808,73863056.643078,70621854.75561559,84946517.93563816,86138318.65230319,82600061.78122576,93880304.36762828,77651931.67171568,82309328.61623076
2022-05-10,130571578.61258015,90778737.53223059,71280972.2527231,83526637.38135326,72711874.05517557,71431169.2965507,86572487.91528326,110929497.49958074,74645920.06994066,111171148.26015316,93236939.15792564,78022473.7000007,77436961.44395573,83216366.96793056,82760348.83636808,86225265.90201567,76040466.84743801,80312129.55317573,88699418.54003301,91056035.25890574,79546142.86104815,102218484.90646815,82808541.92261317,96491579.71687311,99381519.39530073,81521520.2305457,89701272.58498062,86218736.10868305,91858932.27571054,85472736.95468569,88388488.77274564,81115563.77795088,79430287.18727319,76094447.30106555,83498783.04987065,95973245.37830566,90266142.41391821,86699229.54979566,103621463.84929305,82987108.9641406,96461696.20331064,92315450.53692564,87401433.52722807,72960073.638078,70146830.9981156,83963770.63563816,85118644.22980319,81271644.17872576,93246939.35762827,76983879.07921568,82329328.61623076
2022-05-11,131321578.61258015,90778737.53223059,71628972.2527231,83832637.38135326,72711874.05517557,71431169.2965507,86716487.91528326,110929497.49958074,74645920.06994066,111171148.26015316,93542939.15792564,78022473.7000007,77580961.44395573,83216366.96793056,83066348.83636808,86225265.90201567,76040466.84743801,80540129.55317573,88671418.54003301,91200035.25890574,79852142.86104815,102382484.90646815,82924541.92261317,96491579.71687311,99685519.39530073,81521520.2305457,89701272.58498062,86524736.10868305,92162932.27571054,85616736.95468569,88360488.77274564,81115563.77795088,79574287.18727319,76094447.30106555,83498783.04987065,95973245.37830566,90570142.41391821,86977229.54979566,103593463.84929305,83437108.9641406,96461696.20331064,92315450.53692564,87401433.52722807,73188073.638078,70146830.9981156,84079770.63563816,85118644.22980319,81721644.17872576,93246939.35762827,77289879.07921568,82445328.61623076
2022-05-12,129779128.76363015,90778737.53223059,70721972.2527231,83340637.38135326,72711874.05517557,71431169.2965507,86137487.91528326,110929497.49958074,74645920.06994066,111171148.26015316,93050939.15792564,78022473.7000007,77001961.44395573,83216366.96793056,82574348.83636808,86225265.90201567,76040466.84743801,80084129.55317573,88434803.22637051,90621035.25890574,79505672.95167814,101257943.75218815,82017164.67274067,96491579.71687311,99077519.39530073,81521520.2305457,89701272.58498062,86178266.19931304,91554932.27571054,85037736.95468569,88123873.45908314,81115563.77795088,78995287.18727319,76094447.30106555,83498783.04987065,95973245.37830566,89962142.41391821,86132688.39551565,103265086.59942055,82366108.9641406,96461696.20331064,92315450.53692564,87401433.52722807,72732073.638078,70146830.9981156,83148229.48135816,85118644.22980319,80650644.17872576,93246939.35762827,76797879.07921568,81513787.46195075
2022-05-13,129358018.01311766,90778737.53223059,70415972.2527231,82881637.38135326,72711874.05517557,71431169.2965507,85871922.59425826,110929497.49958074,74645920.06994066,111171148.26015316,92591939.15792564,78022473.7000007,76749294.99364823,83216366.96793056,82115348.83636808,86225265.90201567,76040466.84743801,79641574.54062323,88434803.22637051,90355469.93788074,79505672.95167814,101257943.75218815,81751599.35171567,96491579.71687311,98487446.04523073,81521520.2305457,89701272.58498062,86178266.19931304,90964858.92564054,85037736.95468569,88123873.45908314,81115563.77795088,78995287.18727319,76094447.30106555,83498783.04987065,95973245.37830566,89372069.06384821,85673688.39551565,103265086.59942055,81907108.9641406,96461696.20331064,92315450.53692564,87401433.52722807,72289518.6255255,70146830.9981156,82899319.98783316,85118644.22980319,79938977.72841826,93246939.35762827,76338879.07921568,81264877.96842575
2022-05-16,129358018.01311766,90778737.53223059,70390856.11790311,82843963.17912325,72711874.05517557,71431169.2965507,85871922.59425826,110929497.49958074,74645920.06994066,111171148.26015316,92554264.95569563,78022473.7000007,76749294.99364823,83216366.96793056,82077674.63413808,86225265.90201567,76040466.84743801,79641574.54062323,88434803.22637051,90355469.93788074,79505672.95167814,101257943.75218815,81751599.35171567,96491579.71687311,98487446.04523073,81521520.2305457,89701272.58498062,86178266.19931304,90964858.92564054,85037736.95468569,88123873.45908314,81115563.77795088,78995287.18727319,76094447.30106555,83498783.04987065,95973245.37830566,89372069.06384821,85636014.19328564,103265086.59942055,81869434.76191059,96461696.20331064,92315450.53692564,87401433.52722807,72289518.6255255,70146830.9981156,82899319.98783316,85118644.22980319,79901303.52618825,93246939.35762827,76301204.87698567,81264877.96842575
2022-05-17,129358018.01311766,90778737.53223059,70999856.11790311,82843963.17912325,72711874.05517557,71431169.2965507,85871922.59425826,110929497.49958074,74645920.06994066,111171148.26015316,92554264.95569563,78022473.7000007,76749294.99364823,83216366.96793056,82077674.63413808,86225265.90201567,76040466.84743801,79641574.54062323,88434803.22637051,90355469.93788074,79505672.95167814,102069943.75218815,81751599.35171567,96491579.71687311,98487446.04523073,81521520.2305457,89701272.58498062,86178266.19931304,90964858.92564054,85646736.95468569,88123873.45908314,81115563.77795088,79604287.18727319,76094447.30106555,83498783.04987065,95973245.37830566,89372069.06384821,85636014.19328564,103265086.59942055,82478434.76191059,96461696.20331064,92315450.53692564,87401433.52722807,72289518.6255255,70146830.9981156,82899319.98783316,85118644.22980319,79901303.52618825,93246939.35762827,76301204.87698567,81264877.96842575
2022-05-18,129358018.01311766,90778737.53223059,71113856.11790311,82843963.17912325,72711874.05517557,71431169.2965507,85871922.59425826,110929497.49958074,74645920.06994066,111171148.26015316,92554264.95569563,78022473.7000007,76749294.99364823,83216366.96793056,82077674.63413808,86225265.90201567,76040466.84743801,79641574.54062323,88434803.22637051,90355469.93788074,79505672.95167814,102221943.75218815,81751599.35171567,96491579.71687311,98487446.04523073,81521520.2305457,89701272.58498062,86178266.19931304,90964858.92564054,85760736.95468569,88123873.45908314,81115563.77795088,79718287.18727319,76094447.30106555,83498783.04987065,95973245.37830566,89372069.06384821,85636014.19328564,103265086.59942055,82592434.76191059,96461696.20331064,92315450.53692564,87401433.52722807,72289518.6255255,70146830.9981156,82899319.98783316,85118644.22980319,79901303.52618825,93246939.35762827,76301204.87698567,81264877.96842575
2022-05-19,129358018.01311766,90778737.53223059,71056856.11790311,82843963.17912325,72711874.05517557,71431169.2965507,85871922.59425826,110929497.49958074,74645920.06994066,111171148.26015316,92554264.95569563,78022473.7000007,76749294.99364823,83216366.96793056,82077674.63413808,86225265.90201567,76040466.84743801,79641574.54062323,88434803.22637051,90355469.93788074,79505672.95167814,102145943.75218815,81751599.35171567,96491579.71687311,98487446.04523073,81521520.2305457,89701272.58498062,86178266.19931304,90964858.92564054,85703736.95468569,88123873.45908314,81115563.77795088,79661287.18727319,76094447.30106555,83498783.04987065,95973245.37830566,89372069.06384821,85636014.19328564,103265086.59942055,82535434.76191059,96461696.20331064,92315450.53692564,87401433.52722807,72289518.6255255,70146830.9981156,82899319.98783316,85118644.22980319,79901303.52618825,93246939.35762827,76301204.87698567,81264877.96842575
2022-05-20,129358018.01311766,90778737.53223059,71003048.63540311,82843963.17912325,72711874.05517557,71431169.2965507,85871922.59425826,110929497.49958074,74645920.06994066,111171148.26015316,92554264.95569563,78022473.7000007,76749294.99364823,83216366.96793056,82077674.63413808,86225265.90201567,76040466.84743801,79641574.54062323,88434803.22637051,90355469.93788074,79505672.95167814,102074200.44218814,81751599.35171567,96491579.71687311,98487446.04523073,81521520.2305457,89701272.58498062,86178266.19931304,90964858.92564054,85649929.47218569,88123873.45908314,81115563.77795088,79607479.70477319,76094447.30106555,83498783.04987065,95973245.37830566,89372069.06384821,85636014.19328564,103265086.59942055,82481627.27941059,96461696.20331064,92315450.53692564,87401433.52722807,72289518.6255255,70146830.9981156,82899319.98783316,85118644.22980319,79901303.52618825,93246939.35762827,76301204.87698567,81264877.96842575
2022-05-23,129358018.01311766,90778737.53223059,71003048.63540311,82843963.17912325,72711874.05517557,71431169.2965507,85871922.59425826,110929497.49958074,74645920.06994066,111171148.26015316,92554264.95569563,78022473.7000007,76749294.99364823,83216366.96793056,82077674.63413808,86225265.90201567,76040466.84743801,79641574.54062323,88434803.22637051,90355469.93788074,79505672.95167814,102074200.44218814,81751599.35171567,96491579.71687311,98487446.04523073,81521520.2305457,89701272.58498062,86178266.19931304,90964858.92564054,85649929.47218569,88123873.45908314,81115563.77795088,79607479.70477319,76094447.30106555,83498783.04987065,95973245.37830566,89372069.06384821,85636014.19328564,103265086.59942055,82481627.27941059,96461696.20331064,92315450.53692564,87401433.52722807,72289518.6255255,70146830.9981156,82899319.98783316,85118644.22980319,79901303.52618825,93246939.35762827,76301204.87698567,81264877.96842575
2022-05-24,129358018.01311766,90778737.53223059,71003048.63540311,82843963.17912325,72711874.05517557,71431169.2965507,85871922.59425826,110929497.49958074,74645920.06994066,111171148.26015316,92554264.95569563,78022473.7000007,76749294.99364823,83216366.96793056,82077674.63413808,86225265.90201567,76040466.84743801,79641574.54062323,88434803.22637051,90355469.93788074,79505672.95167814,102074200.44218814,81751599.35171567,96491579.71687311,98487446.04523073,81521520.2305457,89701272.58498062,86178266.19931304,90964858.92564054,85649929.47218569,88123873.45908314,81115563.77795088,79607479.70477319,76094447.30106555,83498783.04987065,95973245.37830566,89372069.06384821,85636014.19328564,103265086.59942055,82481627.27941059,96461696.20331064,92315450.53692564,87401433.52722807,72289518.6255255,70146830.9981156,82899319.98783316,85118644.22980319,79901303.52618825,93246939.35762827,76301204.87698567,81264877.96842575
2022-05-25,129358018.01311766,90778737.53223059,71003048.63540311,82843963.17912325,72711874.05517557,71431169.2965507,85871922.59425826,110929497.49958074,74645920.06994066,111171148.26015316,92554264.95569563,78022473.7000007,76749294.99364823,83216366.96793056,82077674.63413808,86225265.90201567,76040466.84743801,79641574.54062323,88434803.22637051,90355469.93788074,79505672.95167814,102074200.44218814,81751599.35171567,96491579.71687311,98487446.04523073,81521520.2305457,89701272.58498062,86178266.19931304,90964858.92564054,85649929.47218569,88123873.45908314,81115563.77795088,79607479.70477319,76094447.30106555,83498783.04987065,95973245.37830566,89372069.06384821,85636014.19328564,103265086.59942055,82481627.27941059,96461696.20331064,92315450.53692564,87401433.52722807,72289518.6255255,70146830.9981156,82899319.98783316,85118644.22980319,79901303.52618825,93246939.35762827,76301204.87698567,81264877.96842575
2022-05-26,129358018.01311766,90778737.53223059,71003048.63540311,82843963.17912325,72711874.05517557,71431169.2965507,85871922.59425826,110929497.49958074,74645920.06994066,111171148.26015316,92554264.95569563,78022473.7000007,76749294.99364823,83216366.96793056,82077674.63413808,86225265.90201567,76040466.84743801,79641574.54062323,88434803.22637051,90355469.93788074,79505672.95167814,102074200.44218814,81751599.35171567,96491579.71687311,98487446.04523073,81521520.2305457,89701272.58498062,86178266.19931304,90964858.92564054,85649929.47218569,88123873.45908314,81115563.77795088,79607479.70477319,76094447.30106555,83498783.04987065,95973245.37830566,89372069.06384821,85636014.19328564,103265086.59942055,82481627.27941059,96461696.20331064,92315450.53692564,87401433.52722807,72289518.6255255,70146830.9981156,82899319.98783316,85118644.22980319,79901303.52618825,93246939.35762827,76301204.87698567,81264877.96842575
2022-05-27,129358018.01311766,90778737.53223059,71003048.63540311,82843963.17912325,72711874.05517557,71431169.2965507,85871922.59425826,110929497.49958074,74645920.06994066,111171148.26015316,92554264.95569563,78022473.7000007,76749294.99364823,83216366.96793056,82077674.63413808,86225265.90201567,76040466.84743801,79641574.54062323,88434803.22637051,90355469.93788074,79505672.95167814,102074200.44218814,81751599.35171567,96491579.71687311,98487446.04523073,81521520.2305457,89701272.58498062,86178266.19931304,90964858.92564054,85649929.47218569,88123873.45908314,81115563.77795088,79607479.70477319,76094447.30106555,83498783.04987065,95973245.37830566,89372069.06384821,85636014.19328564,103265086.59942055,82481627.27941059,96461696.20331064,92315450.53692564,87401433.52722807,72289518.6255255,70146830.9981156,82899319.98783316,85118644.22980319,79901303.52618825,93246939.35762827,76301204.87698567,81264877.96842575
2022-05-30,129358018.01311766,90778737.53223059,71003048.63540311,82843963.17912325,72711874.05517557,71431169.2965507,85871922.59425826,110929497.49958074,74645920.06994066,111171148.26015316,92554264.95569563,78022473.7000007,76749294.99364823,83216366.96793056,82077674.63413808,86225265.90201567,76040466.84743801,79641574.54062323,88434803.22637051,90355469.93788074,79505672.95167814,102074200.44218814,81751599.35171567,96491579.71687311,98487446.04523073,81521520.2305457,89701272.58498062,86178266.19931304,90964858.92564054,85649929.47218569,88123873.45908314,81115563.77795088,79607479.70477319,76094447.30106555,83498783.04987065,95973245.37830566,89372069.06384821,85636014.19328564,103265086.59942055,82481627.27941059,96461696.20331064,92315450.53692564,87401433.52722807,72289518.6255255,70146830.9981156,82899319.98783316,85118644.22980319,79901303.52618825,93246939.35762827,76301204.87698567,81264877.96842575
2022-05-31,129358018.01311766,90778737.53223059,71003048.63540311,82843963.17912325,72711874.05517557,71431169.2965507,85871922.59425826,110929497.49958074,74645920.06994066,111171148.26015316,92554264.95569563,78022473.7000007,76749294.99364823,83216366.96793056,82077674.63413808,86225265.90201567,76040466.84743801,79641574.54062323,88434803.22637051,90355469.93788074,79505672.95167814,102074200.44218814,81751599.35171567,96491579.71687311,98487446.04523073,81521520.2305457,89701272.58498062,86178266.19931304,90964858.92564054,85649929.47218569,88123873.45908314,81115563.77795088,79607479.70477319,76094447.30106555,83498783.04987065,95973245.37830566,89372069.06384821,85636014.19328564,103265086.59942055,82481627.27941059,96461696.20331064,92315450.53692564,87401433.52722807,72289518.6255255,70146830.9981156,82899319.98783316,85118644.22980319,79901303.52618825,93246939.35762827,76301204.87698567,81264877.96842575
2022-06-01,129358018.01311766,90778737.53223059,71003048.63540311,82843963.17912325,72711874.05517557,71431169.2965507,85871922.59425826,110929497.49958074,74645920.06994066,111171148.26015316,92554264.95569563,78022473.7000007,76749294.99364823,83216366.96793056,82077674.63413808,86225265.90201567,76040466.84743801,79641574.54062323,88434803.22637051,90355469.93788074,79505672.95167814,102074200.44218814,81751599.35171567,96491579.71687311,98487446.04523073,81521520.2305457,89701272.58498062,86178266.19931304,90964858.92564054,85649929.47218569,88123873.45908314,81115563.77795088,79607479.70477319,76094447.30106555,83498783.04987065,95973245.37830566,89372069.06384821,85636014.19328564,103265086.59942055,82481627.27941059,96461696.20331064,92315450.53692564,87401433.52722807,72289518.6255255,70146830.9981156,82899319.98783316,85118644.22980319,79901303.52618825,93246939.35762827,76301204.87698567,81264877.96842575
2022-06-02,129358018.01311766,90778737.53223059,71003048.63540311,82843963.17912325,72711874.05517557,71431169.2965507,85871922.59425826,110929497.49958074,74645920.06994066,111171148.26015316,92554264.95569563,78022473.7000007,76749294.99364823,83216366.96793056,82077674.63413808,86225265.90201567,76040466.84743801,79641574.54062323,88434803.22637051,90355469.93788074,79505672.95167814,102074200.44218814,81751599.35171567,96491579.71687311,98487446.04523073,81521520.2305457,89701272.58498062,86178266.19931304,90964858.92564054,85649929.47218569,88123873.45908314,81115563.77795088,79607479.70477319,76094447.30106555,83498783.04987065,95973245.37830566,89372069.06384821,85636014.19328564,103265086.59942055,82481627.27941059,96461696.20331064,92315450.53692564,87401433.52722807,72289518.6255255,70146830.9981156,82899319.98783316,85118644.22980319,79901303.52618825,93246939.35762827,76301204.87698567,81264877.96842575
2022-06-03,129358018.01311766,90778737.53223059,71003048.63540311,82843963.17912325,72711874.05517557,71431169.2965507,85871922.59425826,110929497.49958074,74645920.06994066,111171148.26015316,92554264.95569563,78022473.7000007,76749294.99364823,83216366.96793056,82077674.63413808,86225265.90201567,76040466.84743801,79641574.54062323,88434803.22637051,90355469.93788074,79505672.95167814,102074200.44218814,81751599.35171567,96491579.71687311,98487446.04523073,81521520.2305457,89701272.58498062,86178266.19931304,90964858.92564054,85649929.47218569,88123873.45908314,81115563.77795088,79607479.70477319,76094447.30106555,83498783.04987065,95973245.37830566,89372069.06384821,85636014.19328564,103265086.59942055,82481627.27941059,96461696.20331064,92315450.53692564,87401433.52722807,72289518.6255255,70146830.9981156,82899319.98783316,85118644.22980319,79901303.52618825,93246939.35762827,76301204.87698567,81264877.96842575
2022-06-06,129358018.01311766,90778737.53223059,71003048.63540311,82843963.17912325,72711874.05517557,71431169.2965507,85871922.59425826,110929497.49958074,74645920.06994066,111171148.26015316,92554264.95569563,78022473.7000007,76749294.99364823,83216366.96793056,82077674.63413808,86225265.90201567,76040466.84743801,79641574.54062323,88434803.22637051,90355469.93788074,79505672.95167814,102074200.44218814,81751599.35171567,96491579.71687311,98487446.04523073,81521520.2305457,89701272.58498062,86178266.19931304,90964858.92564054,85649929.47218569,88123873.45908314,81115563.77795088,79607479.70477319,76094447.30106555,83498783.04987065,95973245.37830566,89372069.06384821,85636014.19328564,103265086.59942055,82481627.27941059,96461696.20331064,92315450.53692564,87401433.52722807,72289518.6255255,70146830.9981156,82899319.98783316,85118644.22980319,79901303.52618825,93246939.35762827,76301204.87698567,81264877.96842575
2022-06-07,129358018.01311766,90778737.53223059,71003048.63540311,82843963.17912325,72711874.05517557,71431169.2965507,85871922.59425826,110929497.49958074,74645920.06994066,111171148.26015316,92554264.95569563,78022473.7000007,76749294.99364823,83216366.96793056,82077674.63413808,86225265.90201567,76040466.84743801,79641574.54062323,88434803.22637051,90355469.93788074,79505672.95167814,102074200.44218814,81751599.35171567,96491579.71687311,98487446.04523073,81521520.2305457,89701272.58498062,86178266.19931304,90964858.92564054,85649929.47218569,88123873.45908314,81115563.77795088,79607479.70477319,76094447.30106555,83498783.04987065,95973245.37830566,89372069.06384821,85636014.19328564,103265086.59942055,82481627.27941059,96461696.20331064,92315450.53692564,87401433.52722807,72289518.6255255,70146830.9981156,82899319.98783316,85118644.22980319,79901303.52618825,93246939.35762827,76301204.87698567,81264877.96842575
2022-06-08,129358018.01311766,90778737.53223059,71003048.63540311,82843963.17912325,72711874.05517557,71431169.2965507,85871922.59425826,110929497.49958074,74645920.06994066,111171148.26015316,92554264.95569563,78022473.7000007,76749294.99364823,83216366.96793056,82077674.63413808,86225265.90201567,76040466.84743801,79641574.54062323,88434803.22637051,90355469.93788074,79505672.95167814,102074200.44218814,81751599.35171567,96491579.71687311,98487446.04523073,81521520.2305457,89701272.58498062,86178266.19931304,90964858.92564054,85649929.47218569,88123873.45908314,81115563.77795088,79607479.70477319,76094447.30106555,83498783.04987065,95973245.37830566,89372069.06384821,85636014.19328564,103265086.59942055,82481627.27941059,96461696.20331064,92315450.53692564,87401433.52722807,72289518.6255255,70146830.9981156,82899319.98783316,85118644.22980319,79901303.52618825,93246939.35762827,76301204.87698567,81264877.96842575
2022-06-09,129358018.01311766,90778737.53223059,71003048.63540311,82843963.17912325,72711874.05517557,71431169.2965507,85871922.59425826,110929497.49958074,74645920.06994066,111171148.26015316,92554264.95569563,78022473.7000007,76749294.99364823,83216366.96793056,82077674.63413808,86225265.90201567,76040466.84743801,79641574.54062323,88434803.22637051,90355469.93788074,79505672.95167814,102074200.44218814,81751599.35171567,96491579.71687311,98487446.04523073,81521520.2305457,89701272.58498062,86178266.19931304,90964858.92564054,85649929.47218569,88123873.45908314,81115563.77795088,79607479.70477319,76094447.30106555,83498783.04987065,95973245.37830566,89372069.06384821,85636014.19328564,103265086.59942055,82481627.27941059,96461696.20331064,92315450.53692564,87401433.52722807,72289518.6255255,70146830.9981156,82899319.98783316,85118644.22980319,79901303.52618825,93246939.35762827,76301204.87698567,81264877.96842575
2022-06-10,129358018.01311766,90778737.53223059,71003048.63540311,82843963.17912325,72711874.05517557,71431169.2965507,85871922.59425826,110929497.49958074,74645920.06994066,111171148.26015316,92554264.95569563,78022473.7000007,76749294.99364823,83216366.96793056,82077674.63413808,86225265.90201567,76040466.84743801,79641574.54062323,88434803.22637051,90355469.93788074,79505672.95167814,102074200.44218814,81751599.35171567,96491579.71687311,98487446.04523073,81521520.2305457,89701272.58498062,86178266.19931304,90964858.92564054,85649929.47218569,88123873.45908314,81115563.77795088,79607479.70477319,76094447.30106555,83498783.04987065,95973245.37830566,89372069.06384821,85636014.19328564,103265086.59942055,82481627.27941059,96461696.20331064,92315450.53692564,87401433.52722807,72289518.6255255,70146830.9981156,82899319.98783316,85118644.22980319,79901303.52618825,93246939.35762827,76301204.87698567,81264877.96842575
2022-06-13,129358018.01311766,90778737.53223059,71003048.63540311,82843963.17912325,72711874.05517557,71431169.2965507,85871922.59425826,110929497.49958074,74645920.06994066,111171148.26015316,92554264.95569563,78022473.7000007,76749294.99364823,83216366.96793056,82077674.63413808,86225265.90201567,76040466.84743801,79641574.54062323,88434803.22637051,90355469.93788074,79505672.95167814,102074200.44218814,81751599.35171567,96491579.71687311,98487446.04523073,81521520.2305457,89701272.58498062,86178266.19931304,90964858.92564054,85649929.47218569,88123873.45908314,81115563.77795088,79607479.70477319,76094447.30106555,83498783.04987065,95973245.37830566,89372069.06384821,85636014.19328564,103265086.59942055,82481627.27941059,96461696.20331064,92315450.53692564,87401433.52722807,72289518.6255255,70146830.9981156,82899319.98783316,85118644.22980319,79901303.52618825,93246939.35762827,76301204.87698567,81264877.96842575
2022-06-14,129358018.01311766,90778737.53223059,71003048.63540311,82843963.17912325,72711874.05517557,71431169.2965507,85871922.59425826,110929497.49958074,74645920.06994066,111171148.26015316,92554264.95569563,78022473.7000007,76749294.99364823,83216366.96793056,82077674.63413808,86225265.90201567,76040466.84743801,79641574.54062323,88434803.22637051,90355469.93788074,79505672.95167814,102074200.44218814,81751599.35171567,96491579.71687311,98487446.04523073,81521520.2305457,89701272.58498062,86178266.19931304,90964858.92564054,85649929.47218569,88123873.45908314,81115563.77795088,79607479.70477319,76094447.30106555,83498783.04987065,95973245.37830566,89372069.06384821,85636014.19328564,103265086.59942055,82481627.27941059,96461696.20331064,92315450.53692564,87401433.52722807,72289518.6255255,70146830.9981156,82899319.98783316,85118644.22980319,79901303.52618825,93246939.35762827,76301204.87698567,81264877.96842575
2022-06-15,129358018.01311766,90778737.53223059,71003048.63540311,82843963.17912325,72711874.05517557,71431169.2965507,85871922.59425826,110929497.49958074,74645920.06994066,111171148.26015316,92554264.95569563,78022473.7000007,76749294.99364823,83216366.96793056,82077674.63413808,86225265.90201567,76040466.84743801,79641574.54062323,88434803.22637051,90355469.93788074,79505672.95167814,102074200.44218814,81751599.35171567,96491579.71687311,98487446.04523073,81521520.2305457,89701272.58498062,86178266.19931304,90964858.92564054,85649929.47218569,88123873.45908314,81115563.77795088,79607479.70477319,76094447.30106555,83498783.04987065,95973245.37830566,89372069.06384821,85636014.19328564,103265086.59942055,82481627.27941059,96461696.20331064,92315450.53692564,87401433.52722807,72289518.6255255,70146830.9981156,82899319.98783316,85118644.22980319,79901303.52618825,93246939.35762827,76301204.87698567,81264877.96842575
2022-06-16,129358018.01311766,90778737.53223059,71003048.63540311,82843963.17912325,72711874.05517557,71431169.2965507,85871922.59425826,110929497.49958074,74645920.06994066,111171148.26015316,92554264.95569563,78022473.7000007,76749294.99364823,83216366.96793056,82077674.63413808,86225265.90201567,76040466.84743801,79641574.54062323,88434803.22637051,90355469.93788074,79505672.95167814,102074200.44218814,81751599.35171567,96491579.71687311,98487446.04523073,81521520.2305457,89701272.58498062,86178266.19931304,90964858.92564054,85649929.47218569,88123873.45908314,81115563.77795088,79607479.70477319,76094447.30106555,83498783.04987065,95973245.37830566,89372069.06384821,85636014.19328564,103265086.59942055,82481627.27941059,96461696.20331064,92315450.53692564,87401433.52722807,72289518.6255255,70146830.9981156,82899319.98783316,85118644.22980319,79901303.52618825,93246939.35762827,76301204.87698567,81264877.96842575
2022-06-17,129358018.01311766,90778737.53223059,71003048.63540311,82843963.17912325,72711874.05517557,71431169.2965507,85871922.59425826,110929497.49958074,74645920.06994066,111171148.26015316,92554264.95569563,78022473.7000007,76749294.99364823,83216366.96793056,82077674.63413808,86225265.90201567,76040466.84743801,79641574.54062323,88434803.22637051,90355469.93788074,79505672.95167814,102074200.44218814,81751599.35171567,96491579.71687311,98487446.04523073,81521520.2305457,89701272.58498062,86178266.19931304,90964858.92564054,85649929.47218569,88123873.45908314,81115563.77795088,79607479.70477319,76094447.30106555,83498783.04987065,95973245.37830566,89372069.06384821,85636014.19328564,103265086.59942055,82481627.27941059,96461696.20331064,92315450.53692564,87401433.52722807,72289518.6255255,70146830.9981156,82899319.98783316,85118644.22980319,79901303.52618825,93246939.35762827,76301204.87698567,81264877.96842575
2022-06-20,129358018.01311766,90778737.53223059,71003048.63540311,82843963.17912325,72711874.05517557,71431169.2965507,85871922.59425826,110929497.49958074,74645920.06994066,111171148.26015316,92554264.95569563,78022473.7000007,76749294.99364823,83216366.96793056,82077674.63413808,86225265.90201567,76040466.84743801,79641574.54062323,88434803.22637051,90355469.93788074,79505672.95167814,102074200.44218814,81751599.35171567,96491579.71687311,98487446.04523073,81521520.2305457,89701272.58498062,86178266.19931304,90964858.92564054,85649929.47218569,88123873.45908314,81115563.77795088,79607479.70477319,76094447.30106555,83498783.04987065,95973245.37830566,89372069.06384821,85636014.19328564,103265086.59942055,82481627.27941059,96461696.20331064,92315450.53692564,87401433.52722807,72289518.6255255,70146830.9981156,82899319.98783316,85118644.22980319,79901303.52618825,93246939.35762827,76301204.87698567,81264877.96842575
2022-06-21,129358018.01311766,90778737.53223059,71003048.63540311,82843963.17912325,72711874.05517557,71431169.2965507,85871922.59425826,110929497.49958074,74645920.06994066,111171148.26015316,92554264.95569563,78022473.7000007,76749294.99364823,83216366.96793056,82077674.63413808,86225265.90201567,76040466.84743801,79641574.54062323,88434803.22637051,90355469.93788074,79505672.95167814,102074200.44218814,81751599.35171567,96491579.71687311,98487446.04523073,81521520.2305457,89701272.58498062,86178266.19931304,90964858.92564054,85649929.47218569,88123873.45908314,81115563.77795088,79607479.70477319,76094447.30106555,83498783.04987065,95973245.37830566,89372069.06384821,85636014.19328564,103265086.59942055,82481627.27941059,96461696.20331064,92315450.53692564,87401433.52722807,72289518.6255255,70146830.9981156,82899319.98783316,85118644.22980319,79901303.52618825,93246939.35762827,76301204.87698567,81264877.96842575
2022-06-22,129358018.01311766,90778737.53223059,71003048.63540311,82843963.17912325,72711874.05517557,71431169.2965507,85871922.59425826,110929497.49958074,74645920.06994066,111171148.26015316,92554264.95569563,78022473.7000007,76749294.99364823,83216366.96793056,82077674.63413808,86225265.90201567,76040466.84743801,79641574.54062323,88434803.22637051,90355469.93788074,79505672.95167814,102074200.44218814,81751599.35171567,96491579.71687311,98487446.04523073,81521520.2305457,89701272.58498062,86178266.19931304,90964858.92564054,85649929.47218569,88123873.45908314,81115563.77795088,79607479.70477319,76094447.30106555,83498783.04987065,95973245.37830566,89372069.06384821,85636014.19328564,103265086.59942055,82481627.27941059,96461696.20331064,92315450.53692564,87401433.52722807,72289518.6255255,70146830.9981156,82899319.98783316,85118644.22980319,79901303.52618825,93246939.35762827,76301204.87698567,81264877.96842575
2022-06-23,129358018.01311766,90778737.53223059,71003048.63540311,82843963.17912325,72711874.05517557,71431169.2965507,85871922.59425826,110929497.49958074,74645920.06994066,111171148.26015316,92554264.95569563,78022473.7000007,76749294.99364823,83216366.96793056,82077674.63413808,86225265.90201567,76040466.84743801,79641574.54062323,88434803.22637051,90355469.93788074,79505672.95167814,102074200.44218814,81751599.35171567,96491579.71687311,98487446.04523073,81521520.2305457,89701272.58498062,86178266.19931304,90964858.92564054,85649929.47218569,88123873.45908314,81115563.77795088,79607479.70477319,76094447.30106555,83498783.04987065,95973245.37830566,89372069.06384821,85636014.19328564,103265086.59942055,82481627.27941059,96461696.20331064,92315450.53692564,87401433.52722807,72289518.6255255,70146830.9981156,82899319.98783316,85118644.22980319,79901303.52618825,93246939.35762827,76301204.87698567,81264877.96842575
2022-06-24,129358018.01311766,90778737.53223059,71003048.63540311,82843963.17912325,72711874.05517557,71431169.2965507,85871922.59425826,110929497.49958074,74645920.06994066,111171148.26015316,92554264.95569563,78022473.7000007,76749294.99364823,83216366.96793056,82077674.63413808,86225265.90201567,76040466.84743801,79641574.54062323,88434803.22637051,90355469.93788074,79505672.95167814,102074200.44218814,81751599.35171567,96491579.71687311,98487446.04523073,81521520.2305457,89701272.58498062,86178266.19931304,90964858.92564054,85649929.47218569,88123873.45908314,81115563.77795088,79607479.70477319,76094447.30106555,83498783.04987065,95973245.37830566,89372069.06384821,85636014.19328564,103265086.59942055,82481627.27941059,96461696.20331064,92315450.53692564,87401433.52722807,72289518.6255255,70146830.9981156,82899319.98783316,85118644.22980319,79901303.52618825,93246939.35762827,76301204.87698567,81264877.96842575
2022-06-27,129358018.01311766,90778737.53223059,71003048.63540311,82843963.17912325,72711874.05517557,71431169.2965507,85871922.59425826,110929497.49958074,74645920.06994066,111171148.26015316,92554264.95569563,78022473.7000007,76749294.99364823,83216366.96793056,82077674.63413808,86225265.90201567,76040466.84743801,79641574.54062323,88434803.22637051,90355469.93788074,79505672.95167814,102074200.44218814,81751599.35171567,96491579.71687311,98487446.04523073,81521520.2305457,89701272.58498062,86178266.19931304,90964858.92564054,85649929.47218569,88123873.45908314,81115563.77795088,79607479.70477319,76094447.30106555,83498783.04987065,95973245.37830566,89372069.06384821,85636014.19328564,103265086.59942055,82481627.27941059,96461696.20331064,92315450.53692564,87401433.52722807,72289518.6255255,70146830.9981156,82899319.98783316,85118644.22980319,79901303.52618825,93246939.35762827,76301204.87698567,81264877.96842575
2022-06-28,129358018.01311766,90778737.53223059,71003048.63540311,82843963.17912325,72711874.05517557,71431169.2965507,85871922.59425826,110929497.49958074,74645920.06994066,111171148.26015316,92554264.95569563,78022473.7000007,76749294.99364823,83216366.96793056,82077674.63413808,86225265.90201567,76040466.84743801,79641574.54062323,88434803.22637051,90355469.93788074,79505672.95167814,102074200.44218814,81751599.35171567,96491579.71687311,98487446.04523073,81521520.2305457,89701272.58498062,86178266.19931304,90964858.92564054,85649929.47218569,88123873.45908314,81115563.77795088,79607479.70477319,76094447.30106555,83498783.04987065,95973245.37830566,89372069.06384821,85636014.19328564,103265086.59942055,82481627.27941059,96461696.20331064,92315450.53692564,87401433.52722807,72289518.6255255,70146830.9981156,82899319.98783316,85118644.22980319,79901303.52618825,93246939.35762827,76301204.87698567,81264877.96842575
2022-06-29,129358018.01311766,90778737.53223059,71003048.63540311,82843963.17912325,72711874.05517557,71431169.2965507,85871922.59425826,110929497.49958074,74645920.06994066,111171148.26015316,92554264.95569563,78022473.7000007,76749294.99364823,83216366.96793056,82077674.63413808,86225265.90201567,76040466.84743801,79641574.54062323,88434803.22637051,90355469.93788074,79505672.95167814,102074200.44218814,81751599.35171567,96491579.71687311,98487446.04523073,81521520.2305457,89701272.58498062,86178266.19931304,90964858.92564054,85649929.47218569,88123873.45908314,81115563.77795088,79607479.70477319,76094447.30106555,83498783.04987065,95973245.37830566,89372069.06384821,85636014.19328564,103265086.59942055,82481627.27941059,96461696.20331064,92315450.53692564,87401433.52722807,72289518.6255255,70146830.9981156,82899319.98783316,85118644.22980319,79901303.52618825,93246939.35762827,76301204.87698567,81264877.96842575
2022-06-30,129358018.01311766,90778737.53223059,71003048.63540311,82843963.17912325,72711874.05517557,71431169.2965507,85871922.59425826,110929497.49958074,74645920.06994066,111171148.26015316,92554264.95569563,78022473.7000007,76749294.99364823,83216366.96793056,82077674.63413808,86225265.90201567,76040466.84743801,79641574.54062323,88434803.22637051,90355469.93788074,79505672.95167814,102074200.44218814,81751599.35171567,96491579.71687311,98487446.04523073,81521520.2305457,89701272.58498062,86178266.19931304,90964858.92564054,85649929.47218569,88123873.45908314,81115563.77795088,79607479.70477319,76094447.30106555,83498783.04987065,95973245.37830566,89372069.06384821,85636014.19328564,103265086.59942055,82481627.27941059,96461696.20331064,92315450.53692564,87401433.52722807,72289518.6255255,70146830.9981156,82899319.98783316,85118644.22980319,79901303.52618825,93246939.35762827,76301204.87698567,81264877.96842575
2022-07-01,129358018.01311766,90778737.53223059,71003048.63540311,82843963.17912325,72711874.05517557,71431169.2965507,85871922.59425826,110929497.49958074,74645920.06994066,111171148.26015316,92554264.95569563,78022473.7000007,76749294.99364823,83216366.96793056,82077674.63413808,86225265.90201567,76040466.84743801,79641574.54062323,88434803.22637051,90355469.93788074,79505672.95167814,102074200.44218814,81751599.35171567,96491579.71687311,98487446.04523073,81521520.2305457,89701272.58498062,86178266.19931304,90964858.92564054,85649929.47218569,88123873.45908314,81115563.77795088,79607479.70477319,76094447.30106555,83498783.04987065,95973245.37830566,89372069.06384821,85636014.19328564,103265086.59942055,82481627.27941059,96461696.20331064,92315450.53692564,87401433.52722807,72289518.6255255,70146830.9981156,82899319.98783316,85118644.22980319,79901303.52618825,93246939.35762827,76301204.87698567,81264877.96842575
2022-07-04,129358018.01311766,90778737.53223059,71003048.63540311,82843963.17912325,72711874.05517557,71431169.2965507,85871922.59425826,110929497.49958074,74645920.06994066,111171148.26015316,92554264.95569563,78022473.7000007,76749294.99364823,83216366.96793056,82077674.63413808,86225265.90201567,76040466.84743801,79641574.54062323,88434803.22637051,90355469.93788074,79505672.95167814,102074200.44218814,81751599.35171567,96491579.71687311,98487446.04523073,81521520.2305457,89701272.58498062,86178266.19931304,90964858.92564054,85649929.47218569,88123873.45908314,81115563.77795088,79607479.70477319,76094447.30106555,83498783.04987065,95973245.37830566,89372069.06384821,85636014.19328564,103265086.59942055,82481627.27941059,96461696.20331064,92315450.53692564,87401433.52722807,72289518.6255255,70146830.9981156,82899319.98783316,85118644.22980319,79901303.52618825,93246939.35762827,76301204.87698567,81264877.96842575
2022-07-05,129358018.01311766,90778737.53223059,71003048.63540311,82843963.17912325,72711874.05517557,71431169.2965507,85871922.59425826,110929497.49958074,74645920.06994066,111171148.26015316,92554264.95569563,78022473.7000007,76749294.99364823,83216366.96793056,82077674.63413808,86225265.90201567,76040466.84743801,79641574.54062323,88434803.22637051,90355469.93788074,79505672.95167814,102074200.44218814,81751599.35171567,96491579.71687311,98487446.04523073,81521520.2305457,89701272.58498062,86178266.19931304,90964858.92564054,85649929.47218569,88123873.45908314,81115563.77795088,79607479.70477319,76094447.30106555,83498783.04987065,95973245.37830566,89372069.06384821,85636014.19328564,103265086.59942055,82481627.27941059,96461696.20331064,92315450.53692564,87401433.52722807,72289518.6255255,70146830.9981156,82899319.98783316,85118644.22980319,79901303.52618825,93246939.35762827,76301204.87698567,81264877.96842575
2022-07-06,129358018.01311766,90778737.53223059,71003048.63540311,82843963.17912325,72711874.05517557,71431169.2965507,85871922.59425826,110929497.49958074,74645920.06994066,111171148.26015316,92554264.95569563,78022473.7000007,76749294.99364823,83216366.96793056,82077674.63413808,86225265.90201567,76040466.84743801,79641574.54062323,88434803.22637051,90355469.93788074,79505672.95167814,102074200.44218814,81751599.35171567,96491579.71687311,98487446.04523073,81521520.2305457,89701272.58498062,86178266.19931304,90964858.92564054,85649929.47218569,88123873.45908314,81115563.77795088,79607479.70477319,76094447.30106555,83498783.04987065,95973245.37830566,89372069.06384821,85636014.19328564,103265086.59942055,82481627.27941059,96461696.20331064,92315450.53692564,87401433.52722807,72289518.6255255,70146830.9981156,82899319.98783316,85118644.22980319,79901303.52618825,93246939.35762827,76301204.87698567,81264877.96842575
2022-07-07,129358018.01311766,90778737.53223059,71003048.63540311,82843963.17912325,72711874.05517557,71431169.2965507,85871922.59425826,110929497.49958074,74645920.06994066,111171148.26015316,92554264.95569563,78022473.7000007,76749294.99364823,83216366.96793056,82077674.63413808,86225265.90201567,76040466.84743801,79641574.54062323,88434803.22637051,90355469.93788074,79505672.95167814,102074200.44218814,81751599.35171567,96491579.71687311,98487446.04523073,81521520.2305457,89701272.58498062,86178266.19931304,90964858.92564054,85649929.47218569,88123873.45908314,81115563.77795088,79607479.70477319,76094447.30106555,83498783.04987065,95973245.37830566,89372069.06384821,85636014.19328564,103265086.59942055,82481627.27941059,96461696.20331064,92315450.53692564,87401433.52722807,72289518.6255255,70146830.9981156,82899319.98783316,85118644.22980319,79901303.52618825,93246939.35762827,76301204.87698567,81264877.96842575
2022-07-08,129358018.01311766,90778737.53223059,71003048.63540311,82843963.17912325,72711874.05517557,71431169.2965507,85871922.59425826,110929497.49958074,74645920.06994066,111171148.26015316,92554264.95569563,78022473.7000007,76749294.99364823,83216366.96793056,82077674.63413808,86225265.90201567,76040466.84743801,79641574.54062323,88434803.22637051,90355469.93788074,79505672.95167814,102074200.44218814,81751599.35171567,96491579.71687311,98487446.04523073,81521520.2305457,89701272.58498062,86178266.19931304,90964858.92564054,85649929.47218569,88123873.45908314,81115563.77795088,79607479.70477319,76094447.30106555,83498783.04987065,95973245.37830566,89372069.06384821,85636014.19328564,103265086.59942055,82481627.27941059,96461696.20331064,92315450.53692564,87401433.52722807,72289518.6255255,70146830.9981156,82899319.98783316,85118644.22980319,79901303.52618825,93246939.35762827,76301204.87698567,81264877.96842575
2022-07-11,129358018.01311766,90778737.53223059,71003048.63540311,82843963.17912325,72711874.05517557,71431169.2965507,85871922.59425826,110929497.49958074,74645920.06994066,111171148.26015316,92554264.95569563,78022473.7000007,76749294.99364823,83216366.96793056,82077674.63413808,86225265.90201567,76040466.84743801,79641574.54062323,88434803.22637051,90355469.93788074,79505672.95167814,102074200.44218814,81751599.35171567,96491579.71687311,98487446.04523073,81521520.2305457,89701272.58498062,86178266.19931304,90964858.92564054,85649929.47218569,88123873.45908314,81115563.77795088,79607479.70477319,76094447.30106555,83498783.04987065,95973245.37830566,89372069.06384821,85636014.19328564,103265086.59942055,82481627.27941059,96461696.20331064,92315450.53692564,87401433.52722807,72289518.6255255,70146830.9981156,82899319.98783316,85118644.22980319,79901303.52618825,93246939.35762827,76301204.87698567,81264877.96842575
2022-07-12,129358018.01311766,90778737.53223059,71003048.63540311,82843963.17912325,72711874.05517557,71431169.2965507,85871922.59425826,110929497.49958074,74645920.06994066,111171148.26015316,92554264.95569563,78022473.7000007,76749294.99364823,83216366.96793056,82077674.63413808,86225265.90201567,76040466.84743801,79641574.54062323,88434803.22637051,90355469.93788074,79505672.95167814,102074200.44218814,81751599.35171567,96491579.71687311,98487446.04523073,81521520.2305457,89701272.58498062,86178266.19931304,90964858.92564054,85649929.47218569,88123873.45908314,81115563.77795088,79607479.70477319,76094447.30106555,83498783.04987065,95973245.37830566,89372069.06384821,85636014.19328564,103265086.59942055,82481627.27941059,96461696.20331064,92315450.53692564,87401433.52722807,72289518.6255255,70146830.9981156,82899319.98783316,85118644.22980319,79901303.52618825,93246939.35762827,76301204.87698567,81264877.96842575
2022-07-13,129358018.01311766,90778737.53223059,71003048.63540311,82843963.17912325,72711874.05517557,71431169.2965507,85871922.59425826,110929497.49958074,74645920.06994066,111171148.26015316,92554264.95569563,78022473.7000007,76749294.99364823,83216366.96793056,82077674.63413808,86225265.90201567,76040466.84743801,79641574.54062323,88434803.22637051,90355469.93788074,79505672.95167814,102074200.44218814,81751599.35171567,96491579.71687311,98487446.04523073,81521520.2305457,89701272.58498062,86178266.19931304,90964858.92564054,85649929.47218569,88123873.45908314,81115563.77795088,79607479.70477319,76094447.30106555,83498783.04987065,95973245.37830566,89372069.06384821,85636014.19328564,103265086.59942055,82481627.27941059,96461696.20331064,92315450.53692564,87401433.52722807,72289518.6255255,70146830.9981156,82899319.98783316,85118644.22980319,79901303.52618825,93246939.35762827,76301204.87698567,81264877.96842575
2022-07-14,129358018.01311766,90778737.53223059,71003048.63540311,82843963.17912325,72711874.05517557,71431169.2965507,85871922.59425826,110929497.49958074,74645920.06994066,111171148.26015316,92554264.95569563,78022473.7000007,76749294.99364823,83216366.96793056,82077674.63413808,86225265.90201567,76040466.84743801,79641574.54062323,88434803.22637051,90355469.93788074,79505672.95167814,102074200.44218814,81751599.35171567,96491579.71687311,98487446.04523073,81521520.2305457,89701272.58498062,86178266.19931304,90964858.92564054,85649929.47218569,88123873.45908314,81115563.77795088,79607479.70477319,76094447.30106555,83498783.04987065,95973245.37830566,89372069.06384821,85636014.19328564,103265086.59942055,82481627.27941059,96461696.20331064,92315450.53692564,87401433.52722807,72289518.6255255,70146830.9981156,82899319.98783316,85118644.22980319,79901303.52618825,93246939.35762827,76301204.87698567,81264877.96842575
2022-07-15,129358018.01311766,90778737.53223059,71003048.63540311,82843963.17912325,72711874.05517557,71431169.2965507,85871922.59425826,110929497.49958074,74645920.06994066,111171148.26015316,92554264.95569563,78022473.7000007,76749294.99364823,83216366.96793056,82077674.63413808,86225265.90201567,76040466.84743801,79641574.54062323,88434803.22637051,90355469.93788074,79505672.95167814,102074200.44218814,81751599.35171567,96491579.71687311,98487446.04523073,81521520.2305457,89701272.58498062,86178266.19931304,90964858.92564054,85649929.47218569,88123873.45908314,81115563.77795088,79607479.70477319,76094447.30106555,83498783.04987065,95973245.37830566,89372069.06384821,85636014.19328564,103265086.59942055,82481627.27941059,96461696.20331064,92315450.53692564,87401433.52722807,72289518.6255255,70146830.9981156,82899319.98783316,85118644.22980319,79901303.52618825,93246939.35762827,76301204.87698567,81264877.96842575
2022-07-18,129358018.01311766,90778737.53223059,71003048.63540311,82843963.17912325,72711874.05517557,71431169.2965507,85871922.59425826,110929497.49958074,74645920.06994066,111171148.26015316,92554264.95569563,78022473.7000007,76749294.99364823,83216366.96793056,82077674.63413808,86225265.90201567,76040466.84743801,79641574.54062323,88434803.22637051,90355469.93788074,79505672.95167814,102074200.44218814,81751599.35171567,96491579.71687311,98487446.04523073,81521520.2305457,89701272.58498062,86178266.19931304,90964858.92564054,85649929.47218569,88123873.45908314,81115563.77795088,79607479.70477319,76094447.30106555,83498783.04987065,95973245.37830566,89372069.06384821,85636014.19328564,103265086.59942055,82481627.27941059,96461696.20331064,92315450.53692564,87401433.52722807,72289518.6255255,70146830.9981156,82899319.98783316,85118644.22980319,79901303.52618825,93246939.35762827,76301204.87698567,81264877.96842575
2022-07-19,129358018.01311766,90778737.53223059,71003048.63540311,82843963.17912325,72711874.05517557,71431169.2965507,85871922.59425826,110929497.49958074,74645920.06994066,111171148.26015316,92554264.95569563,78022473.7000007,76749294.99364823,83216366.96793056,82077674.63413808,86225265.90201567,76040466.84743801,79641574.54062323,88434803.22637051,90355469.93788074,79505672.95167814,102074200.44218814,81751599.35171567,96491579.71687311,98487446.04523073,81521520.2305457,89701272.58498062,86178266.19931304,90964858.92564054,85649929.47218569,88123873.45908314,81115563.77795088,79607479.70477319,76094447.30106555,83498783.04987065,95973245.37830566,89372069.06384821,85636014.19328564,103265086.59942055,82481627.27941059,96461696.20331064,92315450.53692564,87401433.52722807,72289518.6255255,70146830.9981156,82899319.98783316,85118644.22980319,79901303.52618825,93246939.35762827,76301204.87698567,81264877.96842575
2022-07-20,129358018.01311766,90778737.53223059,71003048.63540311,82843963.17912325,72711874.05517557,71431169.2965507,85871922.59425826,110929497.49958074,74645920.06994066,111171148.26015316,92554264.95569563,78022473.7000007,76749294.99364823,83216366.96793056,82077674.63413808,86225265.90201567,76040466.84743801,79641574.54062323,88434803.22637051,90355469.93788074,79505672.95167814,102074200.44218814,81751599.35171567,96491579.71687311,98487446.04523073,81521520.2305457,89701272.58498062,86178266.19931304,90964858.92564054,85649929.47218569,88123873.45908314,81115563.77795088,79607479.70477319,76094447.30106555,83498783.04987065,95973245.37830566,89372069.06384821,85636014.19328564,103265086.59942055,82481627.27941059,96461696.20331064,92315450.53692564,87401433.52722807,72289518.6255255,70146830.9981156,82899319.98783316,85118644.22980319,79901303.52618825,93246939.35762827,76301204.87698567,81264877.96842575
2022-07-21,129358018.01311766,90778737.53223059,71003048.63540311,82843963.17912325,72711874.05517557,71431169.2965507,85871922.59425826,110929497.49958074,74645920.06994066,111171148.26015316,92554264.95569563,78022473.7000007,76749294.99364823,83216366.96793056,82077674.63413808,86225265.90201567,76040466.84743801,79641574.54062323,88434803.22637051,90355469.93788074,79505672.95167814,102074200.44218814,81751599.35171567,96491579.71687311,98487446.04523073,81521520.2305457,89701272.58498062,86178266.19931304,90964858.92564054,85649929.47218569,88123873.45908314,81115563.77795088,79607479.70477319,76094447.30106555,83498783.04987065,95973245.37830566,89372069.06384821,85636014.19328564,103265086.59942055,82481627.27941059,96461696.20331064,92315450.53692564,87401433.52722807,72289518.6255255,70146830.9981156,82899319.98783316,85118644.22980319,79901303.52618825,93246939.35762827,76301204.87698567,81264877.96842575
2022-07-22,129358018.01311766,90778737.53223059,71003048.63540311,82843963.17912325,72711874.05517557,71431169.2965507,85871922.59425826,110929497.49958074,74645920.06994066,111171148.26015316,92554264.95569563,78022473.7000007,76749294.99364823,83216366.96793056,82077674.63413808,86225265.90201567,76040466.84743801,79641574.54062323,88434803.22637051,90355469.93788074,79505672.95167814,102074200.44218814,81751599.35171567,96491579.71687311,98487446.04523073,81521520.2305457,89701272.58498062,86178266.19931304,90964858.92564054,85649929.47218569,88123873.45908314,81115563.77795088,79607479.70477319,76094447.30106555,83498783.04987065,95973245.37830566,89372069.06384821,85636014.19328564,103265086.59942055,82481627.27941059,96461696.20331064,92315450.53692564,87401433.52722807,72289518.6255255,70146830.9981156,82899319.98783316,85118644.22980319,79901303.52618825,93246939.35762827,76301204.87698567,81264877.96842575
2022-07-25,129358018.01311766,90778737.53223059,71003048.63540311,82843963.17912325,72711874.05517557,71431169.2965507,85871922.59425826,110929497.49958074,74645920.06994066,111171148.26015316,92554264.95569563,78022473.7000007,76749294.99364823,83216366.96793056,82077674.63413808,86225265.90201567,76040466.84743801,79641574.54062323,88434803.22637051,90355469.93788074,79505672.95167814,102074200.44218814,81751599.35171567,96491579.71687311,98487446.04523073,81521520.2305457,89701272.58498062,86178266.19931304,90964858.92564054,85649929.47218569,88123873.45908314,81115563.77795088,79607479.70477319,76094447.30106555,83498783.04987065,95973245.37830566,89372069.06384821,85636014.19328564,103265086.59942055,82481627.27941059,96461696.20331064,92315450.53692564,87401433.52722807,72289518.6255255,70146830.9981156,82899319.98783316,85118644.22980319,79901303.52618825,93246939.35762827,76301204.87698567,81264877.96842575
2022-07-26,129358018.01311766,90778737.53223059,71003048.63540311,82843963.17912325,72711874.05517557,71431169.2965507,85871922.59425826,110929497.49958074,74645920.06994066,111171148.26015316,92554264.95569563,78022473.7000007,76749294.99364823,83216366.96793056,82077674.63413808,86225265.90201567,76040466.84743801,79641574.54062323,88434803.22637051,90355469.93788074,79505672.95167814,102074200.44218814,81751599.35171567,96491579.71687311,98487446.04523073,81521520.2305457,89701272.58498062,86178266.19931304,90964858.92564054,85649929.47218569,88123873.45908314,81115563.77795088,79607479.70477319,76094447.30106555,83498783.04987065,95973245.37830566,89372069.06384821,85636014.19328564,103265086.59942055,82481627.27941059,96461696.20331064,92315450.53692564,87401433.52722807,72289518.6255255,70146830.9981156,82899319.98783316,85118644.22980319,79901303.52618825,93246939.35762827,76301204.87698567,81264877.96842575
2022-07-27,129358018.01311766,90778737.53223059,71003048.63540311,82843963.17912325,72711874.05517557,71431169.2965507,85871922.59425826,110929497.49958074,74645920.06994066,111171148.26015316,92554264.95569563,78022473.7000007,76749294.99364823,83216366.96793056,82077674.63413808,86225265.90201567,76040466.84743801,79641574.54062323,88434803.22637051,90355469.93788074,79505672.95167814,102074200.44218814,81751599.35171567,96491579.71687311,98487446.04523073,81521520.2305457,89701272.58498062,86178266.19931304,90964858.92564054,85649929.47218569,88123873.45908314,81115563.77795088,79607479.70477319,76094447.30106555,83498783.04987065,95973245.37830566,89372069.06384821,85636014.19328564,103265086.59942055,82481627.27941059,96461696.20331064,92315450.53692564,87401433.52722807,72289518.6255255,70146830.9981156,82899319.98783316,85118644.22980319,79901303.52618825,93246939.35762827,76301204.87698567,81264877.96842575
2022-07-28,129358018.01311766,90778737.53223059,71003048.63540311,82843963.17912325,72711874.05517557,71431169.2965507,85871922.59425826,110929497.49958074,74645920.06994066,111171148.26015316,92554264.95569563,78022473.7000007,76749294.99364823,83216366.96793056,82077674.63413808,86225265.90201567,76040466.84743801,79641574.54062323,88434803.22637051,90355469.93788074,79505672.95167814,102074200.44218814,81751599.35171567,96491579.71687311,98487446.04523073,81521520.2305457,89701272.58498062,86178266.19931304,90964858.92564054,85649929.47218569,88123873.45908314,81115563.77795088,79607479.70477319,76094447.30106555,83498783.04987065,95973245.37830566,89372069.06384821,85636014.19328564,103265086.59942055,82481627.27941059,96461696.20331064,92315450.53692564,87401433.52722807,72289518.6255255,70146830.9981156,82899319.98783316,85118644.22980319,79901303.52618825,93246939.35762827,76301204.87698567,81264877.96842575
2022-07-29,129358018.01311766,90778737.53223059,71003048.63540311,82843963.17912325,72711874.05517557,71431169.2965507,85871922.59425826,110929497.49958074,74645920.06994066,111171148.26015316,92554264.95569563,78022473.7000007,76749294.99364823,83216366.96793056,82077674.63413808,86225265.90201567,76040466.84743801,79641574.54062323,88434803.22637051,90355469.93788074,79505672.95167814,102074200.44218814,81751599.35171567,96491579.71687311,98487446.04523073,81521520.2305457,89701272.58498062,86178266.19931304,90964858.92564054,85649929.47218569,88123873.45908314,81115563.77795088,79607479.70477319,76094447.30106555,83498783.04987065,95973245.37830566,89372069.06384821,85636014.19328564,103265086.59942055,82481627.27941059,96461696.20331064,92315450.53692564,87401433.52722807,72289518.6255255,70146830.9981156,82899319.98783316,85118644.22980319,79901303.52618825,93246939.35762827,76301204.87698567,81264877.96842575
2022-08-01,129358018.01311766,90778737.53223059,71003048.63540311,82843963.17912325,72711874.05517557,71431169.2965507,85871922.59425826,110929497.49958074,74645920.06994066,111171148.26015316,92554264.95569563,78022473.7000007,76749294.99364823,83216366.96793056,82077674.63413808,86225265.90201567,76040466.84743801,79641574.54062323,88434803.22637051,90355469.93788074,79505672.95167814,102074200.44218814,81751599.35171567,96491579.71687311,98487446.04523073,81521520.2305457,89701272.58498062,86178266.19931304,90964858.92564054,85649929.47218569,88123873.45908314,81115563.77795088,79607479.70477319,76094447.30106555,83498783.04987065,95973245.37830566,89372069.06384821,85636014.19328564,103265086.59942055,82481627.27941059,96461696.20331064,92315450.53692564,87401433.52722807,72289518.6255255,70146830.9981156,82899319.98783316,85118644.22980319,79901303.52618825,93246939.35762827,76301204.87698567,81264877.96842575
2022-08-02,129358018.01311766,90778737.53223059,71003048.63540311,82843963.17912325,72711874.05517557,71431169.2965507,85871922.59425826,110929497.49958074,74645920.06994066,111171148.26015316,92554264.95569563,78022473.7000007,76749294.99364823,83216366.96793056,82077674.63413808,86225265.90201567,76040466.84743801,79641574.54062323,88434803.22637051,90355469.93788074,79505672.95167814,102074200.44218814,81751599.35171567,96491579.71687311,98487446.04523073,81521520.2305457,89701272.58498062,86178266.19931304,90964858.92564054,85649929.47218569,88123873.45908314,81115563.77795088,79607479.70477319,76094447.30106555,83498783.04987065,95973245.37830566,89372069.06384821,85636014.19328564,103265086.59942055,82481627.27941059,96461696.20331064,92315450.53692564,87401433.52722807,72289518.6255255,70146830.9981156,82899319.98783316,85118644.22980319,79901303.52618825,93246939.35762827,76301204.87698567,81264877.96842575
2022-08-03,129358018.01311766,90778737.53223059,71003048.63540311,82843963.17912325,72711874.05517557,71431169.2965507,85871922.59425826,110929497.49958074,74645920.06994066,111171148.26015316,92554264.95569563,78022473.7000007,76749294.99364823,83216366.96793056,82077674.63413808,86225265.90201567,76040466.84743801,79641574.54062323,88434803.22637051,90355469.93788074,79505672.95167814,102074200.44218814,81751599.35171567,96491579.71687311,98487446.04523073,81521520.2305457,89701272.58498062,86178266.19931304,90964858.92564054,85649929.47218569,88123873.45908314,81115563.77795088,79607479.70477319,76094447.30106555,83498783.04987065,95973245.37830566,89372069.06384821,85636014.19328564,103265086.59942055,82481627.27941059,96461696.20331064,92315450.53692564,87401433.52722807,72289518.6255255,70146830.9981156,82899319.98783316,85118644.22980319,79901303.52618825,93246939.35762827,76301204.87698567,81264877.96842575
2022-08-04,129358018.01311766,90778737.53223059,71003048.63540311,82843963.17912325,72711874.05517557,71431169.2965507,85871922.59425826,110929497.49958074,74645920.06994066,111171148.26015316,92554264.95569563,78022473.7000007,76749294.99364823,83216366.96793056,82077674.63413808,86225265.90201567,76040466.84743801,79641574.54062323,88434803.22637051,90355469.93788074,79505672.95167814,102074200.44218814,81751599.35171567,96491579.71687311,98487446.04523073,81521520.2305457,89701272.58498062,86178266.19931304,90964858.92564054,85649929.47218569,88123873.45908314,81115563.77795088,79607479.70477319,76094447.30106555,83498783.04987065,95973245.37830566,89372069.06384821,85636014.19328564,103265086.59942055,82481627.27941059,96461696.20331064,92315450.53692564,87401433.52722807,72289518.6255255,70146830.9981156,82899319.98783316,85118644.22980319,79901303.52618825,93246939.35762827,76301204.87698567,81264877.96842575
2022-08-05,129358018.01311766,90778737.53223059,71003048.63540311,82843963.17912325,72711874.05517557,71431169.2965507,85871922.59425826,110929497.49958074,74645920.06994066,111171148.26015316,92554264.95569563,78022473.7000007,76749294.99364823,83216366.96793056,82077674.63413808,86225265.90201567,76040466.84743801,79641574.54062323,88434803.22637051,90355469.93788074,79505672.95167814,102074200.44218814,81751599.35171567,96491579.71687311,98487446.04523073,81521520.2305457,89701272.58498062,86178266.19931304,90964858.92564054,85649929.47218569,88123873.45908314,81115563.77795088,79607479.70477319,76094447.30106555,83498783.04987065,95973245.37830566,89372069.06384821,85636014.19328564,103265086.59942055,82481627.27941059,96461696.20331064,92315450.53692564,87401433.52722807,72289518.6255255,70146830.9981156,82899319.98783316,85118644.22980319,79901303.52618825,93246939.35762827,76301204.87698567,81264877.96842575
2022-08-08,129358018.01311766,90778737.53223059,71003048.63540311,82843963.17912325,72711874.05517557,71431169.2965507,85871922.59425826,110929497.49958074,74645920.06994066,111171148.26015316,92554264.95569563,78022473.7000007,76749294.99364823,83216366.96793056,82077674.63413808,86225265.90201567,76040466.84743801,79641574.54062323,88434803.22637051,90355469.93788074,79505672.95167814,102074200.44218814,81751599.35171567,96491579.71687311,98487446.04523073,81521520.2305457,89701272.58498062,86178266.19931304,90964858.92564054,85649929.47218569,88123873.45908314,81115563.77795088,79607479.70477319,76094447.30106555,83498783.04987065,95973245.37830566,89372069.06384821,85636014.19328564,103265086.59942055,82481627.27941059,96461696.20331064,92315450.53692564,87401433.52722807,72289518.6255255,70146830.9981156,82899319.98783316,85118644.22980319,79901303.52618825,93246939.35762827,76301204.87698567,81264877.96842575
2022-08-09,129358018.01311766,90778737.53223059,71003048.63540311,82843963.17912325,72711874.05517557,71431169.2965507,85871922.59425826,110929497.49958074,74645920.06994066,111171148.26015316,92554264.95569563,78022473.7000007,76749294.99364823,83216366.96793056,82077674.63413808,86225265.90201567,76040466.84743801,79641574.54062323,88434803.22637051,90355469.93788074,79505672.95167814,102074200.44218814,81751599.35171567,96491579.71687311,98487446.04523073,81521520.2305457,89701272.58498062,86178266.19931304,90964858.92564054,85649929.47218569,88123873.45908314,81115563.77795088,79607479.70477319,76094447.30106555,83498783.04987065,95973245.37830566,89372069.06384821,85636014.19328564,103265086.59942055,82481627.27941059,96461696.20331064,92315450.53692564,87401433.52722807,72289518.6255255,70146830.9981156,82899319.98783316,85118644.22980319,79901303.52618825,93246939.35762827,76301204.87698567,81264877.96842575
2022-08-10,129358018.01311766,90778737.53223059,71003048.63540311,82843963.17912325,72711874.05517557,71431169.2965507,85871922.59425826,110929497.49958074,74645920.06994066,111171148.26015316,92554264.95569563,78022473.7000007,76749294.99364823,83216366.96793056,82077674.63413808,86225265.90201567,76040466.84743801,79641574.54062323,88434803.22637051,90355469.93788074,79505672.95167814,102074200.44218814,81751599.35171567,96491579.71687311,98487446.04523073,81521520.2305457,89701272.58498062,86178266.19931304,90964858.92564054,85649929.47218569,88123873.45908314,81115563.77795088,79607479.70477319,76094447.30106555,83498783.04987065,95973245.37830566,89372069.06384821,85636014.19328564,103265086.59942055,82481627.27941059,96461696.20331064,92315450.53692564,87401433.52722807,72289518.6255255,70146830.9981156,82899319.98783316,85118644.22980319,79901303.52618825,93246939.35762827,76301204.87698567,81264877.96842575
2022-08-11,129358018.01311766,90778737.53223059,71003048.63540311,82843963.17912325,72711874.05517557,71431169.2965507,85871922.59425826,110929497.49958074,74645920.06994066,111171148.26015316,92554264.95569563,78022473.7000007,76749294.99364823,83216366.96793056,82077674.63413808,86225265.90201567,76040466.84743801,79641574.54062323,88434803.22637051,90355469.93788074,79505672.95167814,102074200.44218814,81751599.35171567,96491579.71687311,98487446.04523073,81521520.2305457,89701272.58498062,86178266.19931304,90964858.92564054,85649929.47218569,88123873.45908314,81115563.77795088,79607479.70477319,76094447.30106555,83498783.04987065,95973245.37830566,89372069.06384821,85636014.19328564,103265086.59942055,82481627.27941059,96461696.20331064,92315450.53692564,87401433.52722807,72289518.6255255,70146830.9981156,82899319.98783316,85118644.22980319,79901303.52618825,93246939.35762827,76301204.87698567,81264877.96842575
2022-08-12,129358018.01311766,90778737.53223059,71003048.63540311,82843963.17912325,72711874.05517557,71431169.2965507,85871922.59425826,110929497.49958074,74645920.06994066,111171148.26015316,92554264.95569563,78022473.7000007,76749294.99364823,83216366.96793056,82077674.63413808,86225265.90201567,76040466.84743801,79641574.54062323,88434803.22637051,90355469.93788074,79505672.95167814,102074200.44218814,81751599.35171567,96491579.71687311,98487446.04523073,81521520.2305457,89701272.58498062,86178266.19931304,90964858.92564054,85649929.47218569,88123873.45908314,81115563.77795088,79607479.70477319,76094447.30106555,83498783.04987065,95973245.37830566,89372069.06384821,85636014.19328564,103265086.59942055,82481627.27941059,96461696.20331064,92315450.53692564,87401433.52722807,72289518.6255255,70146830.9981156,82899319.98783316,85118644.22980319,79901303.52618825,93246939.35762827,76301204.87698567,81264877.96842575
2022-08-15,129358018.01311766,90778737.53223059,71003048.63540311,82843963.17912325,72711874.05517557,71431169.2965507,85871922.59425826,110929497.49958074,74645920.06994066,111171148.26015316,92554264.95569563,78022473.7000007,76749294.99364823,83216366.96793056,82077674.63413808,86225265.90201567,76040466.84743801,79641574.54062323,88434803.22637051,90355469.93788074,79505672.95167814,102074200.44218814,81751599.35171567,96491579.71687311,98487446.04523073,81521520.2305457,89701272.58498062,86178266.19931304,90964858.92564054,85649929.47218569,88123873.45908314,81115563.77795088,79607479.70477319,76094447.30106555,83498783.04987065,95973245.37830566,89372069.06384821,85636014.19328564,103265086.59942055,82481627.27941059,96461696.20331064,92315450.53692564,87401433.52722807,72289518.6255255,70146830.9981156,82899319.98783316,85118644.22980319,79901303.52618825,93246939.35762827,76301204.87698567,81264877.96842575
2022-08-16,129358018.01311766,90778737.53223059,71003048.63540311,82843963.17912325,72711874.05517557,71431169.2965507,85871922.59425826,110929497.49958074,74645920.06994066,111171148.26015316,92554264.95569563,78022473.7000007,76749294.99364823,83216366.96793056,82077674.63413808,86225265.90201567,76040466.84743801,79641574.54062323,88434803.22637051,90355469.93788074,79505672.95167814,102074200.44218814,81751599.35171567,96491579.71687311,98487446.04523073,81521520.2305457,89701272.58498062,86178266.19931304,90964858.92564054,85649929.47218569,88123873.45908314,81115563.77795088,79607479.70477319,76094447.30106555,83498783.04987065,95973245.37830566,89372069.06384821,85636014.19328564,103265086.59942055,82481627.27941059,96461696.20331064,92315450.53692564,87401433.52722807,72289518.6255255,70146830.9981156,82899319.98783316,85118644.22980319,79901303.52618825,93246939.35762827,76301204.87698567,81264877.96842575
2022-08-17,129358018.01311766,90778737.53223059,71003048.63540311,82843963.17912325,72711874.05517557,71431169.2965507,85871922.59425826,110929497.49958074,74645920.06994066,111171148.26015316,92554264.95569563,78022473.7000007,76749294.99364823,83216366.96793056,82077674.63413808,86225265.90201567,76040466.84743801,79641574.54062323,88434803.22637051,90355469.93788074,79505672.95167814,102074200.44218814,81751599.35171567,96491579.71687311,98487446.04523073,81521520.2305457,89701272.58498062,86178266.19931304,90964858.92564054,85649929.47218569,88123873.45908314,81115563.77795088,79607479.70477319,76094447.30106555,83498783.04987065,95973245.37830566,89372069.06384821,85636014.19328564,103265086.59942055,82481627.27941059,96461696.20331064,92315450.53692564,87401433.52722807,72289518.6255255,70146830.9981156,82899319.98783316,85118644.22980319,79901303.52618825,93246939.35762827,76301204.87698567,81264877.96842575
2022-08-18,129358018.01311766,90778737.53223059,71003048.63540311,82843963.17912325,72711874.05517557,71431169.2965507,85871922.59425826,110929497.49958074,74645920.06994066,111171148.26015316,92554264.95569563,78022473.7000007,76749294.99364823,83216366.96793056,82077674.63413808,86225265.90201567,76040466.84743801,79641574.54062323,88434803.22637051,90355469.93788074,79505672.95167814,102074200.44218814,81751599.35171567,96491579.71687311,98487446.04523073,81521520.2305457,89701272.58498062,86178266.19931304,90964858.92564054,85649929.47218569,88123873.45908314,81115563.77795088,79607479.70477319,76094447.30106555,83498783.04987065,95973245.37830566,89372069.06384821,85636014.19328564,103265086.59942055,82481627.27941059,96461696.20331064,92315450.53692564,87401433.52722807,72289518.6255255,70146830.9981156,82899319.98783316,85118644.22980319,79901303.52618825,93246939.35762827,76301204.87698567,81264877.96842575
2022-08-19,129358018.01311766,90778737.53223059,71003048.63540311,82843963.17912325,72711874.05517557,71431169.2965507,85871922.59425826,110929497.49958074,74645920.06994066,111171148.26015316,92554264.95569563,78022473.7000007,76749294.99364823,83216366.96793056,82077674.63413808,86225265.90201567,76040466.84743801,79641574.54062323,88434803.22637051,90355469.93788074,79505672.95167814,102074200.44218814,81751599.35171567,96491579.71687311,98487446.04523073,81521520.2305457,89701272.58498062,86178266.19931304,90964858.92564054,85649929.47218569,88123873.45908314,81115563.77795088,79607479.70477319,76094447.30106555,83498783.04987065,95973245.37830566,89372069.06384821,85636014.19328564,103265086.59942055,82481627.27941059,96461696.20331064,92315450.53692564,87401433.52722807,72289518.6255255,70146830.9981156,82899319.98783316,85118644.22980319,79901303.52618825,93246939.35762827,76301204.87698567,81264877.96842575
2022-08-22,129358018.01311766,90778737.53223059,71003048.63540311,82843963.17912325,72711874.05517557,71431169.2965507,85871922.59425826,110929497.49958074,74645920.06994066,111171148.26015316,92554264.95569563,78022473.7000007,76749294.99364823,83216366.96793056,82077674.63413808,86225265.90201567,76040466.84743801,79641574.54062323,88434803.22637051,90355469.93788074,79505672.95167814,102074200.44218814,81751599.35171567,96491579.71687311,98487446.04523073,81521520.2305457,89701272.58498062,86178266.19931304,90964858.92564054,85649929.47218569,88123873.45908314,81115563.77795088,79607479.70477319,76094447.30106555,83498783.04987065,95973245.37830566,89372069.06384821,85636014.19328564,103265086.59942055,82481627.27941059,96461696.20331064,92315450.53692564,87401433.52722807,72289518.6255255,70146830.9981156,82899319.98783316,85118644.22980319,79901303.52618825,93246939.35762827,76301204.87698567,81264877.96842575
2022-08-23,129358018.01311766,90778737.53223059,71003048.63540311,82843963.17912325,72711874.05517557,71431169.2965507,85871922.59425826,110929497.49958074,74645920.06994066,111171148.26015316,92554264.95569563,78022473.7000007,76749294.99364823,83216366.96793056,82077674.63413808,86225265.90201567,76040466.84743801,79641574.54062323,88434803.22637051,90355469.93788074,79505672.95167814,102074200.44218814,81751599.35171567,96491579.71687311,98487446.04523073,81521520.2305457,89701272.58498062,86178266.19931304,90964858.92564054,85649929.47218569,88123873.45908314,81115563.77795088,79607479.70477319,76094447.30106555,83498783.04987065,95973245.37830566,89372069.06384821,85636014.19328564,103265086.59942055,82481627.27941059,96461696.20331064,92315450.53692564,87401433.52722807,72289518.6255255,70146830.9981156,82899319.98783316,85118644.22980319,79901303.52618825,93246939.35762827,76301204.87698567,81264877.96842575
2022-08-24,129358018.01311766,90778737.53223059,71003048.63540311,82843963.17912325,72711874.05517557,71431169.2965507,85871922.59425826,110929497.49958074,74645920.06994066,111171148.26015316,92554264.95569563,78022473.7000007,76749294.99364823,83216366.96793056,82077674.63413808,86225265.90201567,76040466.84743801,79641574.54062323,88434803.22637051,90355469.93788074,79505672.95167814,102074200.44218814,81751599.35171567,96491579.71687311,98487446.04523073,81521520.2305457,89701272.58498062,86178266.19931304,90964858.92564054,85649929.47218569,88123873.45908314,81115563.77795088,79607479.70477319,76094447.30106555,83498783.04987065,95973245.37830566,89372069.06384821,85636014.19328564,103265086.59942055,82481627.27941059,96461696.20331064,92315450.53692564,87401433.52722807,72289518.6255255,70146830.9981156,82899319.98783316,85118644.22980319,79901303.52618825,93246939.35762827,76301204.87698567,81264877.96842575
2022-08-25,129358018.01311766,90778737.53223059,71003048.63540311,82843963.17912325,72711874.05517557,71431169.2965507,85871922.59425826,110929497.49958074,74645920.06994066,111171148.26015316,92554264.95569563,78022473.7000007,76749294.99364823,83216366.96793056,82077674.63413808,86225265.90201567,76040466.84743801,79641574.54062323,88434803.22637051,90355469.93788074,79505672.95167814,102074200.44218814,81751599.35171567,96491579.71687311,98487446.04523073,81521520.2305457,89701272.58498062,86178266.19931304,90964858.92564054,85649929.47218569,88123873.45908314,81115563.77795088,79607479.70477319,76094447.30106555,83498783.04987065,95973245.37830566,89372069.06384821,85636014.19328564,103265086.59942055,82481627.27941059,96461696.20331064,92315450.53692564,87401433.52722807,72289518.6255255,70146830.9981156,82899319.98783316,85118644.22980319,79901303.52618825,93246939.35762827,76301204.87698567,81264877.96842575
2022-08-26,129358018.01311766,90778737.53223059,71003048.63540311,82843963.17912325,72711874.05517557,71431169.2965507,85871922.59425826,110929497.49958074,74645920.06994066,111171148.26015316,92554264.95569563,78022473.7000007,76749294.99364823,83216366.96793056,82077674.63413808,86225265.90201567,76040466.84743801,79641574.54062323,88434803.22637051,90355469.93788074,79505672.95167814,102074200.44218814,81751599.35171567,96491579.71687311,98487446.04523073,81521520.2305457,89701272.58498062,86178266.19931304,90964858.92564054,85649929.47218569,88123873.45908314,81115563.77795088,79607479.70477319,76094447.30106555,83498783.04987065,95973245.37830566,89372069.06384821,85636014.19328564,103265086.59942055,82481627.27941059,96461696.20331064,92315450.53692564,87401433.52722807,72289518.6255255,70146830.9981156,82899319.98783316,85118644.22980319,79901303.52618825,93246939.35762827,76301204.87698567,81264877.96842575
2022-08-29,129358018.01311766,90778737.53223059,71003048.63540311,82843963.17912325,72711874.05517557,71431169.2965507,85871922.59425826,110929497.49958074,74645920.06994066,111171148.26015316,92554264.95569563,78022473.7000007,76749294.99364823,83216366.96793056,82077674.63413808,86225265.90201567,76040466.84743801,79641574.54062323,88434803.22637051,90355469.93788074,79505672.95167814,102074200.44218814,81751599.35171567,96491579.71687311,98487446.04523073,81521520.2305457,89701272.58498062,86178266.19931304,90964858.92564054,85649929.47218569,88123873.45908314,81115563.77795088,79607479.70477319,76094447.30106555,83498783.04987065,95973245.37830566,89372069.06384821,85636014.19328564,103265086.59942055,82481627.27941059,96461696.20331064,92315450.53692564,87401433.52722807,72289518.6255255,70146830.9981156,82899319.98783316,85118644.22980319,79901303.52618825,93246939.35762827,76301204.87698567,81264877.96842575
2022-08-30,129358018.01311766,90778737.53223059,71003048.63540311,82843963.17912325,72711874.05517557,71431169.2965507,85871922.59425826,110929497.49958074,74645920.06994066,111171148.26015316,92554264.95569563,78022473.7000007,76749294.99364823,83216366.96793056,82077674.63413808,86225265.90201567,76040466.84743801,79641574.54062323,88434803.22637051,90355469.93788074,79505672.95167814,102074200.44218814,81751599.35171567,96491579.71687311,98487446.04523073,81521520.2305457,89701272.58498062,86178266.19931304,90964858.92564054,85649929.47218569,88123873.45908314,81115563.77795088,79607479.70477319,76094447.30106555,83498783.04987065,95973245.37830566,89372069.06384821,85636014.19328564,103265086.59942055,82481627.27941059,96461696.20331064,92315450.53692564,87401433.52722807,72289518.6255255,70146830.9981156,82899319.98783316,85118644.22980319,79901303.52618825,93246939.35762827,76301204.87698567,81264877.96842575
2022-08-31,129358018.01311766,90778737.53223059,71003048.63540311,82843963.17912325,72711874.05517557,71431169.2965507,85871922.59425826,110929497.49958074,74645920.06994066,111171148.26015316,92554264.95569563,78022473.7000007,76749294.99364823,83216366.96793056,82077674.63413808,86225265.90201567,76040466.84743801,79641574.54062323,88434803.22637051,90355469.93788074,79505672.95167814,102074200.44218814,81751599.35171567,96491579.71687311,98487446.04523073,81521520.2305457,89701272.58498062,86178266.19931304,90964858.92564054,85649929.47218569,88123873.45908314,81115563.77795088,79607479.70477319,76094447.30106555,83498783.04987065,95973245.37830566,89372069.06384821,85636014.19328564,103265086.59942055,82481627.27941059,96461696.20331064,92315450.53692564,87401433.52722807,72289518.6255255,70146830.9981156,82899319.98783316,85118644.22980319,79901303.52618825,93246939.35762827,76301204.87698567,81264877.96842575
2022-09-05,129358018.01311766,90778737.53223059,71003048.63540311,82843963.17912325,72711874.05517557,71431169.2965507,85871922.59425826,110929497.49958074,74645920.06994066,111171148.26015316,92554264.95569563,78022473.7000007,76749294.99364823,83216366.96793056,82077674.63413808,86225265.90201567,76040466.84743801,79641574.54062323,88434803.22637051,90355469.93788074,79505672.95167814,102074200.44218814,81751599.35171567,96491579.71687311,98487446.04523073,81521520.2305457,89701272.58498062,86178266.19931304,90964858.92564054,85649929.47218569,88123873.45908314,81115563.77795088,79607479.70477319,76094447.30106555,83498783.04987065,95973245.37830566,89372069.06384821,85636014.19328564,103265086.59942055,82481627.27941059,96461696.20331064,92315450.53692564,87401433.52722807,72289518.6255255,70146830.9981156,82899319.98783316,85118644.22980319,79901303.52618825,93246939.35762827,76301204.87698567,81264877.96842575
2022-09-06,129358018.01311766,90778737.53223059,71003048.63540311,82843963.17912325,72711874.05517557,71431169.2965507,85871922.59425826,110929497.49958074,74645920.06994066,111171148.26015316,92554264.95569563,78022473.7000007,76749294.99364823,83216366.96793056,82077674.63413808,86225265.90201567,76040466.84743801,79641574.54062323,88434803.22637051,90355469.93788074,79505672.95167814,102074200.44218814,81751599.35171567,96491579.71687311,98487446.04523073,81521520.2305457,89701272.58498062,86178266.19931304,90964858.92564054,85649929.47218569,88123873.45908314,81115563.77795088,79607479.70477319,76094447.30106555,83498783.04987065,95973245.37830566,89372069.06384821,85636014.19328564,103265086.59942055,82481627.27941059,96461696.20331064,92315450.53692564,87401433.52722807,72289518.6255255,70146830.9981156,82899319.98783316,85118644.22980319,79901303.52618825,93246939.35762827,76301204.87698567,81264877.96842575
2022-09-07,129358018.01311766,90778737.53223059,71003048.63540311,82843963.17912325,72711874.05517557,71431169.2965507,85871922.59425826,110929497.49958074,74645920.06994066,111171148.26015316,92554264.95569563,78022473.7000007,76749294.99364823,83216366.96793056,82077674.63413808,86225265.90201567,76040466.84743801,79641574.54062323,88434803.22637051,90355469.93788074,79505672.95167814,102074200.44218814,81751599.35171567,96491579.71687311,98487446.04523073,81521520.2305457,89701272.58498062,86178266.19931304,90964858.92564054,85649929.47218569,88123873.45908314,81115563.77795088,79607479.70477319,76094447.30106555,83498783.04987065,95973245.37830566,89372069.06384821,85636014.19328564,103265086.59942055,82481627.27941059,96461696.20331064,92315450.53692564,87401433.52722807,72289518.6255255,70146830.9981156,82899319.98783316,85118644.22980319,79901303.52618825,93246939.35762827,76301204.87698567,81264877.96842575
2022-09-08,129358018.01311766,90778737.53223059,71003048.63540311,82843963.17912325,72711874.05517557,71431169.2965507,85871922.59425826,110929497.49958074,74645920.06994066,111171148.26015316,92554264.95569563,78022473.7000007,76749294.99364823,83216366.96793056,82077674.63413808,86225265.90201567,76040466.84743801,79641574.54062323,88434803.22637051,90355469.93788074,79505672.95167814,102074200.44218814,81751599.35171567,96491579.71687311,98487446.04523073,81521520.2305457,89701272.58498062,86178266.19931304,90964858.92564054,85649929.47218569,88123873.45908314,81115563.77795088,79607479.70477319,76094447.30106555,83498783.04987065,95973245.37830566,89372069.06384821,85636014.19328564,103265086.59942055,82481627.27941059,96461696.20331064,92315450.53692564,87401433.52722807,72289518.6255255,70146830.9981156,82899319.98783316,85118644.22980319,79901303.52618825,93246939.35762827,76301204.87698567,81264877.96842575
2022-09-09,129358018.01311766,90778737.53223059,71003048.63540311,82843963.17912325,72711874.05517557,71431169.2965507,85871922.59425826,110929497.49958074,74645920.06994066,111171148.26015316,92554264.95569563,78022473.7000007,76749294.99364823,83216366.96793056,82077674.63413808,86225265.90201567,76040466.84743801,79641574.54062323,88434803.22637051,90355469.93788074,79505672.95167814,102074200.44218814,81751599.35171567,96491579.71687311,98487446.04523073,81521520.2305457,89701272.58498062,86178266.19931304,90964858.92564054,85649929.47218569,88123873.45908314,81115563.77795088,79607479.70477319,76094447.30106555,83498783.04987065,95973245.37830566,89372069.06384821,85636014.19328564,103265086.59942055,82481627.27941059,96461696.20331064,92315450.53692564,87401433.52722807,72289518.6255255,70146830.9981156,82899319.98783316,85118644.22980319,79901303.52618825,93246939.35762827,76301204.87698567,81264877.96842575
2022-09-12,129358018.01311766,90778737.53223059,71003048.63540311,82843963.17912325,72711874.05517557,71431169.2965507,85871922.59425826,110929497.49958074,74645920.06994066,111171148.26015316,92554264.95569563,78022473.7000007,76749294.99364823,83216366.96793056,82077674.63413808,86225265.90201567,76040466.84743801,79641574.54062323,88434803.22637051,90355469.93788074,79505672.95167814,102074200.44218814,81751599.35171567,96491579.71687311,98487446.04523073,81521520.2305457,89701272.58498062,86178266.19931304,90964858.92564054,85649929.47218569,88123873.45908314,81115563.77795088,79607479.70477319,76094447.30106555,83498783.04987065,95973245.37830566,89372069.06384821,85636014.19328564,103265086.59942055,82481627.27941059,96461696.20331064,92315450.53692564,87401433.52722807,72289518.6255255,70146830.9981156,82899319.98783316,85118644.22980319,79901303.52618825,93246939.35762827,76301204.87698567,81264877.96842575
2022-09-13,129358018.01311766,90778737.53223059,71003048.63540311,82843963.17912325,72711874.05517557,71431169.2965507,85871922.59425826,110929497.49958074,74645920.06994066,111171148.26015316,92554264.95569563,78022473.7000007,76749294.99364823,83216366.96793056,82077674.63413808,86225265.90201567,76040466.84743801,79641574.54062323,88434803.22637051,90355469.93788074,79505672.95167814,102074200.44218814,81751599.35171567,96491579.71687311,98487446.04523073,81521520.2305457,89701272.58498062,86178266.19931304,90964858.92564054,85649929.47218569,88123873.45908314,81115563.77795088,79607479.70477319,76094447.30106555,83498783.04987065,95973245.37830566,89372069.06384821,85636014.19328564,103265086.59942055,82481627.27941059,96461696.20331064,92315450.53692564,87401433.52722807,72289518.6255255,70146830.9981156,82899319.98783316,85118644.22980319,79901303.52618825,93246939.35762827,76301204.87698567,81264877.96842575
2022-09-14,129358018.01311766,90778737.53223059,71003048.63540311,82843963.17912325,72711874.05517557,71431169.2965507,85871922.59425826,110929497.49958074,74645920.06994066,111171148.26015316,92554264.95569563,78022473.7000007,76749294.99364823,83216366.96793056,82077674.63413808,86225265.90201567,76040466.84743801,79641574.54062323,88434803.22637051,90355469.93788074,79505672.95167814,102074200.44218814,81751599.35171567,96491579.71687311,98487446.04523073,81521520.2305457,89701272.58498062,86178266.19931304,90964858.92564054,85649929.47218569,88123873.45908314,81115563.77795088,79607479.70477319,76094447.30106555,83498783.04987065,95973245.37830566,89372069.06384821,85636014.19328564,103265086.59942055,82481627.27941059,96461696.20331064,92315450.53692564,87401433.52722807,72289518.6255255,70146830.9981156,82899319.98783316,85118644.22980319,79901303.52618825,93246939.35762827,76301204.87698567,81264877.96842575
2022-09-15,129358018.01311766,90778737.53223059,71003048.63540311,82843963.17912325,72711874.05517557,71431169.2965507,85871922.59425826,110929497.49958074,74645920.06994066,111171148.26015316,92554264.95569563,78022473.7000007,76749294.99364823,83216366.96793056,82077674.63413808,86225265.90201567,76040466.84743801,79641574.54062323,88434803.22637051,90355469.93788074,79505672.95167814,102074200.44218814,81751599.35171567,96491579.71687311,98487446.04523073,81521520.2305457,89701272.58498062,86178266.19931304,90964858.92564054,85649929.47218569,88123873.45908314,81115563.77795088,79607479.70477319,76094447.30106555,83498783.04987065,95973245.37830566,89372069.06384821,85636014.19328564,103265086.59942055,82481627.27941059,96461696.20331064,92315450.53692564,87401433.52722807,72289518.6255255,70146830.9981156,82899319.98783316,85118644.22980319,79901303.52618825,93246939.35762827,76301204.87698567,81264877.96842575
2022-09-16,129358018.01311766,90778737.53223059,71003048.63540311,82843963.17912325,72711874.05517557,71431169.2965507,85871922.59425826,110929497.49958074,74645920.06994066,111171148.26015316,92554264.95569563,78022473.7000007,76749294.99364823,83216366.96793056,82077674.63413808,86225265.90201567,76040466.84743801,79641574.54062323,88434803.22637051,90355469.93788074,79505672.95167814,102074200.44218814,81751599.35171567,96491579.71687311,98487446.04523073,81521520.2305457,89701272.58498062,86178266.19931304,90964858.92564054,85649929.47218569,88123873.45908314,81115563.77795088,79607479.70477319,76094447.30106555,83498783.04987065,95973245.37830566,89372069.06384821,85636014.19328564,103265086.59942055,82481627.27941059,96461696.20331064,92315450.53692564,87401433.52722807,72289518.6255255,70146830.9981156,82899319.98783316,85118644.22980319,79901303.52618825,93246939.35762827,76301204.87698567,81264877.96842575
2022-09-19,129358018.01311766,90778737.53223059,71003048.63540311,82843963.17912325,72711874.05517557,71431169.2965507,85871922.59425826,110929497.49958074,74645920.06994066,111171148.26015316,92554264.95569563,78022473.7000007,76749294.99364823,83216366.96793056,82077674.63413808,86225265.90201567,76040466.84743801,79641574.54062323,88434803.22637051,90355469.93788074,79505672.95167814,102074200.44218814,81751599.35171567,96491579.71687311,98487446.04523073,81521520.2305457,89701272.58498062,86178266.19931304,90964858.92564054,85649929.47218569,88123873.45908314,81115563.77795088,79607479.70477319,76094447.30106555,83498783.04987065,95973245.37830566,89372069.06384821,85636014.19328564,103265086.59942055,82481627.27941059,96461696.20331064,92315450.53692564,87401433.52722807,72289518.6255255,70146830.9981156,82899319.98783316,85118644.22980319,79901303.52618825,93246939.35762827,76301204.87698567,81264877.96842575
2022-09-20,129358018.01311766,90778737.53223059,71003048.63540311,82843963.17912325,72711874.05517557,71431169.2965507,85871922.59425826,110929497.49958074,74645920.06994066,111171148.26015316,92554264.95569563,78022473.7000007,76749294.99364823,83216366.96793056,82077674.63413808,86225265.90201567,76040466.84743801,79641574.54062323,88434803.22637051,90355469.93788074,79505672.95167814,102074200.44218814,81751599.35171567,96491579.71687311,98487446.04523073,81521520.2305457,89701272.58498062,86178266.19931304,90964858.92564054,85649929.47218569,88123873.45908314,81115563.77795088,79607479.70477319,76094447.30106555,83498783.04987065,95973245.37830566,89372069.06384821,85636014.19328564,103265086.59942055,82481627.27941059,96461696.20331064,92315450.53692564,87401433.52722807,72289518.6255255,70146830.9981156,82899319.98783316,85118644.22980319,79901303.52618825,93246939.35762827,76301204.87698567,81264877.96842575
2022-09-21,129358018.01311766,90778737.53223059,71003048.63540311,82843963.17912325,72711874.05517557,71431169.2965507,85871922.59425826,110929497.49958074,74645920.06994066,111171148.26015316,92554264.95569563,78022473.7000007,76749294.99364823,83216366.96793056,82077674.63413808,86225265.90201567,76040466.84743801,79641574.54062323,88434803.22637051,90355469.93788074,79505672.95167814,102074200.44218814,81751599.35171567,96491579.71687311,98487446.04523073,81521520.2305457,89701272.58498062,86178266.19931304,90964858.92564054,85649929.47218569,88123873.45908314,81115563.77795088,79607479.70477319,76094447.30106555,83498783.04987065,95973245.37830566,89372069.06384821,85636014.19328564,103265086.59942055,82481627.27941059,96461696.20331064,92315450.53692564,87401433.52722807,72289518.6255255,70146830.9981156,82899319.98783316,85118644.22980319,79901303.52618825,93246939.35762827,76301204.87698567,81264877.96842575
2022-09-22,129358018.01311766,90778737.53223059,71003048.63540311,82843963.17912325,72711874.05517557,71431169.2965507,85871922.59425826,110929497.49958074,74645920.06994066,111171148.26015316,92554264.95569563,78022473.7000007,76749294.99364823,83216366.96793056,82077674.63413808,86225265.90201567,76040466.84743801,79641574.54062323,88434803.22637051,90355469.93788074,79505672.95167814,102074200.44218814,81751599.35171567,96491579.71687311,98487446.04523073,81521520.2305457,89701272.58498062,86178266.19931304,90964858.92564054,85649929.47218569,88123873.45908314,81115563.77795088,79607479.70477319,76094447.30106555,83498783.04987065,95973245.37830566,89372069.06384821,85636014.19328564,103265086.59942055,82481627.27941059,96461696.20331064,92315450.53692564,87401433.52722807,72289518.6255255,70146830.9981156,82899319.98783316,85118644.22980319,79901303.52618825,93246939.35762827,76301204.87698567,81264877.96842575
2022-09-23,129358018.01311766,90778737.53223059,71003048.63540311,82843963.17912325,72711874.05517557,71431169.2965507,85871922.59425826,110929497.49958074,74645920.06994066,111171148.26015316,92554264.95569563,78022473.7000007,76749294.99364823,83216366.96793056,82077674.63413808,86225265.90201567,76040466.84743801,79641574.54062323,88434803.22637051,90355469.93788074,79505672.95167814,102074200.44218814,81751599.35171567,96491579.71687311,98487446.04523073,81521520.2305457,89701272.58498062,86178266.19931304,90964858.92564054,85649929.47218569,88123873.45908314,81115563.77795088,79607479.70477319,76094447.30106555,83498783.04987065,95973245.37830566,89372069.06384821,85636014.19328564,103265086.59942055,82481627.27941059,96461696.20331064,92315450.53692564,87401433.52722807,72289518.6255255,70146830.9981156,82899319.98783316,85118644.22980319,79901303.52618825,93246939.35762827,76301204.87698567,81264877.96842575
2022-09-26,129358018.01311766,90778737.53223059,71003048.63540311,82843963.17912325,72711874.05517557,71431169.2965507,85871922.59425826,110929497.49958074,74645920.06994066,111171148.26015316,92554264.95569563,78022473.7000007,76749294.99364823,83216366.96793056,82077674.63413808,86225265.90201567,76040466.84743801,79641574.54062323,88434803.22637051,90355469.93788074,79505672.95167814,102074200.44218814,81751599.35171567,96491579.71687311,98487446.04523073,81521520.2305457,89701272.58498062,86178266.19931304,90964858.92564054,85649929.47218569,88123873.45908314,81115563.77795088,79607479.70477319,76094447.30106555,83498783.04987065,95973245.37830566,89372069.06384821,85636014.19328564,103265086.59942055,82481627.27941059,96461696.20331064,92315450.53692564,87401433.52722807,72289518.6255255,70146830.9981156,82899319.98783316,85118644.22980319,79901303.52618825,93246939.35762827,76301204.87698567,81264877.96842575
2022-09-27,129358018.01311766,90778737.53223059,71003048.63540311,82843963.17912325,72711874.05517557,71431169.2965507,85871922.59425826,110929497.49958074,74645920.06994066,111171148.26015316,92554264.95569563,78022473.7000007,76749294.99364823,83216366.96793056,82077674.63413808,86225265.90201567,76040466.84743801,79641574.54062323,88434803.22637051,90355469.93788074,79505672.95167814,102074200.44218814,81751599.35171567,96491579.71687311,98487446.04523073,81521520.2305457,89701272.58498062,86178266.19931304,90964858.92564054,85649929.47218569,88123873.45908314,81115563.77795088,79607479.70477319,76094447.30106555,83498783.04987065,95973245.37830566,89372069.06384821,85636014.19328564,103265086.59942055,82481627.27941059,96461696.20331064,92315450.53692564,87401433.52722807,72289518.6255255,70146830.9981156,82899319.98783316,85118644.22980319,79901303.52618825,93246939.35762827,76301204.87698567,81264877.96842575
2022-09-28,129358018.01311766,90778737.53223059,71003048.63540311,82843963.17912325,72711874.05517557,71431169.2965507,85871922.59425826,110929497.49958074,74645920.06994066,111171148.26015316,92554264.95569563,78022473.7000007,76749294.99364823,83216366.96793056,82077674.63413808,86225265.90201567,76040466.84743801,79641574.54062323,88434803.22637051,90355469.93788074,79505672.95167814,102074200.44218814,81751599.35171567,96491579.71687311,98487446.04523073,81521520.2305457,89701272.58498062,86178266.19931304,90964858.92564054,85649929.47218569,88123873.45908314,81115563.77795088,79607479.70477319,76094447.30106555,83498783.04987065,95973245.37830566,89372069.06384821,85636014.19328564,103265086.59942055,82481627.27941059,96461696.20331064,92315450.53692564,87401433.52722807,72289518.6255255,70146830.9981156,82899319.98783316,85118644.22980319,79901303.52618825,93246939.35762827,76301204.87698567,81264877.96842575
2022-09-29,129358018.01311766,90778737.53223059,71003048.63540311,82843963.17912325,72711874.05517557,71431169.2965507,85871922.59425826,110929497.49958074,74645920.06994066,111171148.26015316,92554264.95569563,78022473.7000007,76749294.99364823,83216366.96793056,82077674.63413808,86225265.90201567,76040466.84743801,79641574.54062323,88434803.22637051,90355469.93788074,79505672.95167814,102074200.44218814,81751599.35171567,96491579.71687311,98487446.04523073,81521520.2305457,89701272.58498062,86178266.19931304,90964858.92564054,85649929.47218569,88123873.45908314,81115563.77795088,79607479.70477319,76094447.30106555,83498783.04987065,95973245.37830566,89372069.06384821,85636014.19328564,103265086.59942055,82481627.27941059,96461696.20331064,92315450.53692564,87401433.52722807,72289518.6255255,70146830.9981156,82899319.98783316,85118644.22980319,79901303.52618825,93246939.35762827,76301204.87698567,81264877.96842575
2022-09-30,129358018.01311766,90778737.53223059,71003048.63540311,82843963.17912325,72711874.05517557,71431169.2965507,85871922.59425826,110929497.49958074,74645920.06994066,111171148.26015316,92554264.95569563,78022473.7000007,76749294.99364823,83216366.96793056,82077674.63413808,86225265.90201567,76040466.84743801,79641574.54062323,88434803.22637051,90355469.93788074,79505672.95167814,102074200.44218814,81751599.35171567,96491579.71687311,98487446.04523073,81521520.2305457,89701272.58498062,86178266.19931304,90964858.92564054,85649929.47218569,88123873.45908314,81115563.77795088,79607479.70477319,76094447.30106555,83498783.04987065,95973245.37830566,89372069.06384821,85636014.19328564,103265086.59942055,82481627.27941059,96461696.20331064,92315450.53692564,87401433.52722807,72289518.6255255,70146830.9981156,82899319.98783316,85118644.22980319,79901303.52618825,93246939.35762827,76301204.87698567,81264877.96842575
2022-10-03,129358018.01311766,90778737.53223059,71003048.63540311,82843963.17912325,72711874.05517557,71431169.2965507,85871922.59425826,110929497.49958074,74645920.06994066,111171148.26015316,92554264.95569563,78022473.7000007,76749294.99364823,83216366.96793056,82077674.63413808,86225265.90201567,76040466.84743801,79641574.54062323,88434803.22637051,90355469.93788074,79505672.95167814,102074200.44218814,81751599.35171567,96491579.71687311,98487446.04523073,81521520.2305457,89701272.58498062,86178266.19931304,90964858.92564054,85649929.47218569,88123873.45908314,81115563.77795088,79607479.70477319,76094447.30106555,83498783.04987065,95973245.37830566,89372069.06384821,85636014.19328564,103265086.59942055,82481627.27941059,96461696.20331064,92315450.53692564,87401433.52722807,72289518.6255255,70146830.9981156,82899319.98783316,85118644.22980319,79901303.52618825,93246939.35762827,76301204.87698567,81264877.96842575
2022-10-04,129358018.01311766,90778737.53223059,71003048.63540311,82843963.17912325,72711874.05517557,71431169.2965507,85871922.59425826,110929497.49958074,74645920.06994066,111171148.26015316,92554264.95569563,78022473.7000007,76749294.99364823,83216366.96793056,82077674.63413808,86225265.90201567,76040466.84743801,79641574.54062323,88434803.22637051,90355469.93788074,79505672.95167814,102074200.44218814,81751599.35171567,96491579.71687311,98487446.04523073,81521520.2305457,89701272.58498062,86178266.19931304,90964858.92564054,85649929.47218569,88123873.45908314,81115563.77795088,79607479.70477319,76094447.30106555,83498783.04987065,95973245.37830566,89372069.06384821,85636014.19328564,103265086.59942055,82481627.27941059,96461696.20331064,92315450.53692564,87401433.52722807,72289518.6255255,70146830.9981156,82899319.98783316,85118644.22980319,79901303.52618825,93246939.35762827,76301204.87698567,81264877.96842575
2022-10-05,129358018.01311766,90778737.53223059,71003048.63540311,82843963.17912325,72711874.05517557,71431169.2965507,85871922.59425826,110929497.49958074,74645920.06994066,111171148.26015316,92554264.95569563,78022473.7000007,76749294.99364823,83216366.96793056,82077674.63413808,86225265.90201567,76040466.84743801,79641574.54062323,88434803.22637051,90355469.93788074,79505672.95167814,102074200.44218814,81751599.35171567,96491579.71687311,98487446.04523073,81521520.2305457,89701272.58498062,86178266.19931304,90964858.92564054,85649929.47218569,88123873.45908314,81115563.77795088,79607479.70477319,76094447.30106555,83498783.04987065,95973245.37830566,89372069.06384821,85636014.19328564,103265086.59942055,82481627.27941059,96461696.20331064,92315450.53692564,87401433.52722807,72289518.6255255,70146830.9981156,82899319.98783316,85118644.22980319,79901303.52618825,93246939.35762827,76301204.87698567,81264877.96842575
2022-10-06,129358018.01311766,90778737.53223059,71003048.63540311,82843963.17912325,72711874.05517557,71431169.2965507,85871922.59425826,110929497.49958074,74645920.06994066,111171148.26015316,92554264.95569563,78022473.7000007,76749294.99364823,83216366.96793056,82077674.63413808,86225265.90201567,76040466.84743801,79641574.54062323,88434803.22637051,90355469.93788074,79505672.95167814,102074200.44218814,81751599.35171567,96491579.71687311,98487446.04523073,81521520.2305457,89701272.58498062,86178266.19931304,90964858.92564054,85649929.47218569,88123873.45908314,81115563.77795088,79607479.70477319,76094447.30106555,83498783.04987065,95973245.37830566,89372069.06384821,85636014.19328564,103265086.59942055,82481627.27941059,96461696.20331064,92315450.53692564,87401433.52722807,72289518.6255255,70146830.9981156,82899319.98783316,85118644.22980319,79901303.52618825,93246939.35762827,76301204.87698567,81264877.96842575
2022-10-07,129358018.01311766,90778737.53223059,71003048.63540311,82843963.17912325,72711874.05517557,71431169.2965507,85871922.59425826,110929497.49958074,74645920.06994066,111171148.26015316,92554264.95569563,78022473.7000007,76749294.99364823,83216366.96793056,82077674.63413808,86225265.90201567,76040466.84743801,79641574.54062323,88434803.22637051,90355469.93788074,79505672.95167814,102074200.44218814,81751599.35171567,96491579.71687311,98487446.04523073,81521520.2305457,89701272.58498062,86178266.19931304,90964858.92564054,85649929.47218569,88123873.45908314,81115563.77795088,79607479.70477319,76094447.30106555,83498783.04987065,95973245.37830566,89372069.06384821,85636014.19328564,103265086.59942055,82481627.27941059,96461696.20331064,92315450.53692564,87401433.52722807,72289518.6255255,70146830.9981156,82899319.98783316,85118644.22980319,79901303.52618825,93246939.35762827,76301204.87698567,81264877.96842575
2022-10-10,129358018.01311766,90778737.53223059,71003048.63540311,82843963.17912325,72711874.05517557,71431169.2965507,85871922.59425826,110929497.49958074,74645920.06994066,111171148.26015316,92554264.95569563,78022473.7000007,76749294.99364823,83216366.96793056,82077674.63413808,86225265.90201567,76040466.84743801,79641574.54062323,88434803.22637051,90355469.93788074,79505672.95167814,102074200.44218814,81751599.35171567,96491579.71687311,98487446.04523073,81521520.2305457,89701272.58498062,86178266.19931304,90964858.92564054,85649929.47218569,88123873.45908314,81115563.77795088,79607479.70477319,76094447.30106555,83498783.04987065,95973245.37830566,89372069.06384821,85636014.19328564,103265086.59942055,82481627.27941059,96461696.20331064,92315450.53692564,87401433.52722807,72289518.6255255,70146830.9981156,82899319.98783316,85118644.22980319,79901303.52618825,93246939.35762827,76301204.87698567,81264877.96842575
2022-10-11,129358018.01311766,90778737.53223059,71003048.63540311,82843963.17912325,72711874.05517557,71431169.2965507,85871922.59425826,110929497.49958074,74645920.06994066,111171148.26015316,92554264.95569563,78022473.7000007,76749294.99364823,83216366.96793056,82077674.63413808,86225265.90201567,76040466.84743801,79641574.54062323,88434803.22637051,90355469.93788074,79505672.95167814,102074200.44218814,81751599.35171567,96491579.71687311,98487446.04523073,81521520.2305457,89701272.58498062,86178266.19931304,90964858.92564054,85649929.47218569,88123873.45908314,81115563.77795088,79607479.70477319,76094447.30106555,83498783.04987065,95973245.37830566,89372069.06384821,85636014.19328564,103265086.59942055,82481627.27941059,96461696.20331064,92315450.53692564,87401433.52722807,72289518.6255255,70146830.9981156,82899319.98783316,85118644.22980319,79901303.52618825,93246939.35762827,76301204.87698567,81264877.96842575
2022-10-12,129358018.01311766,90778737.53223059,71003048.63540311,82843963.17912325,72711874.05517557,71431169.2965507,85871922.59425826,110929497.49958074,74645920.06994066,111171148.26015316,92554264.95569563,78022473.7000007,76749294.99364823,83216366.96793056,82077674.63413808,86225265.90201567,76040466.84743801,79641574.54062323,88434803.22637051,90355469.93788074,79505672.95167814,102074200.44218814,81751599.35171567,96491579.71687311,98487446.04523073,81521520.2305457,89701272.58498062,86178266.19931304,90964858.92564054,85649929.47218569,88123873.45908314,81115563.77795088,79607479.70477319,76094447.30106555,83498783.04987065,95973245.37830566,89372069.06384821,85636014.19328564,103265086.59942055,82481627.27941059,96461696.20331064,92315450.53692564,87401433.52722807,72289518.6255255,70146830.9981156,82899319.98783316,85118644.22980319,79901303.52618825,93246939.35762827,76301204.87698567,81264877.96842575
2022-10-13,129358018.01311766,90778737.53223059,71003048.63540311,82843963.17912325,72711874.05517557,71431169.2965507,85871922.59425826,110929497.49958074,74645920.06994066,111171148.26015316,92554264.95569563,78022473.7000007,76749294.99364823,83216366.96793056,82077674.63413808,86225265.90201567,76040466.84743801,79641574.54062323,88434803.22637051,90355469.93788074,79505672.95167814,102074200.44218814,81751599.35171567,96491579.71687311,98487446.04523073,81521520.2305457,89701272.58498062,86178266.19931304,90964858.92564054,85649929.47218569,88123873.45908314,81115563.77795088,79607479.70477319,76094447.30106555,83498783.04987065,95973245.37830566,89372069.06384821,85636014.19328564,103265086.59942055,82481627.27941059,96461696.20331064,92315450.53692564,87401433.52722807,72289518.6255255,70146830.9981156,82899319.98783316,85118644.22980319,79901303.52618825,93246939.35762827,76301204.87698567,81264877.96842575
2022-10-14,129358018.01311766,90778737.53223059,71003048.63540311,82843963.17912325,72711874.05517557,71431169.2965507,85871922.59425826,110929497.49958074,74645920.06994066,111171148.26015316,92554264.95569563,78022473.7000007,76749294.99364823,83216366.96793056,82077674.63413808,86225265.90201567,76040466.84743801,79641574.54062323,88434803.22637051,90355469.93788074,79505672.95167814,102074200.44218814,81751599.35171567,96491579.71687311,98487446.04523073,81521520.2305457,89701272.58498062,86178266.19931304,90964858.92564054,85649929.47218569,88123873.45908314,81115563.77795088,79607479.70477319,76094447.30106555,83498783.04987065,95973245.37830566,89372069.06384821,85636014.19328564,103265086.59942055,82481627.27941059,96461696.20331064,92315450.53692564,87401433.52722807,72289518.6255255,70146830.9981156,82899319.98783316,85118644.22980319,79901303.52618825,93246939.35762827,76301204.87698567,81264877.96842575
2022-10-17,129358018.01311766,90778737.53223059,71003048.63540311,82843963.17912325,72711874.05517557,71431169.2965507,85871922.59425826,110929497.49958074,74645920.06994066,111171148.26015316,92554264.95569563,78022473.7000007,76749294.99364823,83216366.96793056,82077674.63413808,86225265.90201567,76040466.84743801,79641574.54062323,88434803.22637051,90355469.93788074,79505672.95167814,102074200.44218814,81751599.35171567,96491579.71687311,98487446.04523073,81521520.2305457,89701272.58498062,86178266.19931304,90964858.92564054,85649929.47218569,88123873.45908314,81115563.77795088,79607479.70477319,76094447.30106555,83498783.04987065,95973245.37830566,89372069.06384821,85636014.19328564,103265086.59942055,82481627.27941059,96461696.20331064,92315450.53692564,87401433.52722807,72289518.6255255,70146830.9981156,82899319.98783316,85118644.22980319,79901303.52618825,93246939.35762827,76301204.87698567,81264877.96842575
2022-10-18,129358018.01311766,90778737.53223059,71003048.63540311,82843963.17912325,72711874.05517557,71431169.2965507,85871922.59425826,110929497.49958074,74645920.06994066,111171148.26015316,92554264.95569563,78022473.7000007,76749294.99364823,83216366.96793056,82077674.63413808,86225265.90201567,76040466.84743801,79641574.54062323,88434803.22637051,90355469.93788074,79505672.95167814,102074200.44218814,81751599.35171567,96491579.71687311,98487446.04523073,81521520.2305457,89701272.58498062,86178266.19931304,90964858.92564054,85649929.47218569,88123873.45908314,81115563.77795088,79607479.70477319,76094447.30106555,83498783.04987065,95973245.37830566,89372069.06384821,85636014.19328564,103265086.59942055,82481627.27941059,96461696.20331064,92315450.53692564,87401433.52722807,72289518.6255255,70146830.9981156,82899319.98783316,85118644.22980319,79901303.52618825,93246939.35762827,76301204.87698567,81264877.96842575
2022-10-19,129358018.01311766,90778737.53223059,71003048.63540311,82843963.17912325,72711874.05517557,71431169.2965507,85871922.59425826,110929497.49958074,74645920.06994066,111171148.26015316,92554264.95569563,78022473.7000007,76749294.99364823,83216366.96793056,82077674.63413808,86225265.90201567,76040466.84743801,79641574.54062323,88434803.22637051,90355469.93788074,79505672.95167814,102074200.44218814,81751599.35171567,96491579.71687311,98487446.04523073,81521520.2305457,89701272.58498062,86178266.19931304,90964858.92564054,85649929.47218569,88123873.45908314,81115563.77795088,79607479.70477319,76094447.30106555,83498783.04987065,95973245.37830566,89372069.06384821,85636014.19328564,103265086.59942055,82481627.27941059,96461696.20331064,92315450.53692564,87401433.52722807,72289518.6255255,70146830.9981156,82899319.98783316,85118644.22980319,79901303.52618825,93246939.35762827,76301204.87698567,81264877.96842575
2022-10-20,129358018.01311766,90778737.53223059,71003048.63540311,82843963.17912325,72711874.05517557,71431169.2965507,85871922.59425826,110929497.49958074,74645920.06994066,111171148.26015316,92554264.95569563,78022473.7000007,76749294.99364823,83216366.96793056,82077674.63413808,86225265.90201567,76040466.84743801,79641574.54062323,88434803.22637051,90355469.93788074,79505672.95167814,102074200.44218814,81751599.35171567,96491579.71687311,98487446.04523073,81521520.2305457,89701272.58498062,86178266.19931304,90964858.92564054,85649929.47218569,88123873.45908314,81115563.77795088,79607479.70477319,76094447.30106555,83498783.04987065,95973245.37830566,89372069.06384821,85636014.19328564,103265086.59942055,82481627.27941059,96461696.20331064,92315450.53692564,87401433.52722807,72289518.6255255,70146830.9981156,82899319.98783316,85118644.22980319,79901303.52618825,93246939.35762827,76301204.87698567,81264877.96842575
2022-10-21,129358018.01311766,90778737.53223059,71003048.63540311,82843963.17912325,72711874.05517557,71431169.2965507,85871922.59425826,110929497.49958074,74645920.06994066,111171148.26015316,92554264.95569563,78022473.7000007,76749294.99364823,83216366.96793056,82077674.63413808,86225265.90201567,76040466.84743801,79641574.54062323,88434803.22637051,90355469.93788074,79505672.95167814,102074200.44218814,81751599.35171567,96491579.71687311,98487446.04523073,81521520.2305457,89701272.58498062,86178266.19931304,90964858.92564054,85649929.47218569,88123873.45908314,81115563.77795088,79607479.70477319,76094447.30106555,83498783.04987065,95973245.37830566,89372069.06384821,85636014.19328564,103265086.59942055,82481627.27941059,96461696.20331064,92315450.53692564,87401433.52722807,72289518.6255255,70146830.9981156,82899319.98783316,85118644.22980319,79901303.52618825,93246939.35762827,76301204.87698567,81264877.96842575
2022-10-24,129358018.01311766,90778737.53223059,71003048.63540311,82843963.17912325,72711874.05517557,71431169.2965507,85871922.59425826,110929497.49958074,74645920.06994066,111171148.26015316,92554264.95569563,78022473.7000007,76749294.99364823,83216366.96793056,82077674.63413808,86225265.90201567,76040466.84743801,79641574.54062323,88434803.22637051,90355469.93788074,79505672.95167814,102074200.44218814,81751599.35171567,96491579.71687311,98487446.04523073,81521520.2305457,89701272.58498062,86178266.19931304,90964858.92564054,85649929.47218569,88123873.45908314,81115563.77795088,79607479.70477319,76094447.30106555,83498783.04987065,95973245.37830566,89372069.06384821,85636014.19328564,103265086.59942055,82481627.27941059,96461696.20331064,92315450.53692564,87401433.52722807,72289518.6255255,70146830.9981156,82899319.98783316,85118644.22980319,79901303.52618825,93246939.35762827,76301204.87698567,81264877.96842575
2022-10-25,129358018.01311766,90778737.53223059,71003048.63540311,82843963.17912325,72711874.05517557,71431169.2965507,85871922.59425826,110929497.49958074,74645920.06994066,111171148.26015316,92554264.95569563,78022473.7000007,76749294.99364823,83216366.96793056,82077674.63413808,86225265.90201567,76040466.84743801,79641574.54062323,88434803.22637051,90355469.93788074,79505672.95167814,102074200.44218814,81751599.35171567,96491579.71687311,98487446.04523073,81521520.2305457,89701272.58498062,86178266.19931304,90964858.92564054,85649929.47218569,88123873.45908314,81115563.77795088,79607479.70477319,76094447.30106555,83498783.04987065,95973245.37830566,89372069.06384821,85636014.19328564,103265086.59942055,82481627.27941059,96461696.20331064,92315450.53692564,87401433.52722807,72289518.6255255,70146830.9981156,82899319.98783316,85118644.22980319,79901303.52618825,93246939.35762827,76301204.87698567,81264877.96842575
2022-10-26,129358018.01311766,90778737.53223059,71003048.63540311,82843963.17912325,72711874.05517557,71431169.2965507,85871922.59425826,110929497.49958074,74645920.06994066,111171148.26015316,92554264.95569563,78022473.7000007,76749294.99364823,83216366.96793056,82077674.63413808,86225265.90201567,76040466.84743801,79641574.54062323,88434803.22637051,90355469.93788074,79505672.95167814,102074200.44218814,81751599.35171567,96491579.71687311,98487446.04523073,81521520.2305457,89701272.58498062,86178266.19931304,90964858.92564054,85649929.47218569,88123873.45908314,81115563.77795088,79607479.70477319,76094447.30106555,83498783.04987065,95973245.37830566,89372069.06384821,85636014.19328564,103265086.59942055,82481627.27941059,96461696.20331064,92315450.53692564,87401433.52722807,72289518.6255255,70146830.9981156,82899319.98783316,85118644.22980319,79901303.52618825,93246939.35762827,76301204.87698567,81264877.96842575
2022-10-27,129358018.01311766,90778737.53223059,71003048.63540311,82843963.17912325,72711874.05517557,71431169.2965507,85871922.59425826,110929497.49958074,74645920.06994066,111171148.26015316,92554264.95569563,78022473.7000007,76749294.99364823,83216366.96793056,82077674.63413808,86225265.90201567,76040466.84743801,79641574.54062323,88434803.22637051,90355469.93788074,79505672.95167814,102074200.44218814,81751599.35171567,96491579.71687311,98487446.04523073,81521520.2305457,89701272.58498062,86178266.19931304,90964858.92564054,85649929.47218569,88123873.45908314,81115563.77795088,79607479.70477319,76094447.30106555,83498783.04987065,95973245.37830566,89372069.06384821,85636014.19328564,103265086.59942055,82481627.27941059,96461696.20331064,92315450.53692564,87401433.52722807,72289518.6255255,70146830.9981156,82899319.98783316,85118644.22980319,79901303.52618825,93246939.35762827,76301204.87698567,81264877.96842575
2022-10-28,129358018.01311766,90778737.53223059,71003048.63540311,82843963.17912325,72711874.05517557,71431169.2965507,85871922.59425826,110929497.49958074,74645920.06994066,111171148.26015316,92554264.95569563,78022473.7000007,76749294.99364823,83216366.96793056,82077674.63413808,86225265.90201567,76040466.84743801,79641574.54062323,88434803.22637051,90355469.93788074,79505672.95167814,102074200.44218814,81751599.35171567,96491579.71687311,98487446.04523073,81521520.2305457,89701272.58498062,86178266.19931304,90964858.92564054,85649929.47218569,88123873.45908314,81115563.77795088,79607479.70477319,76094447.30106555,83498783.04987065,95973245.37830566,89372069.06384821,85636014.19328564,103265086.59942055,82481627.27941059,96461696.20331064,92315450.53692564,87401433.52722807,72289518.6255255,70146830.9981156,82899319.98783316,85118644.22980319,79901303.52618825,93246939.35762827,76301204.87698567,81264877.96842575
2022-10-31,129358018.01311766,90778737.53223059,71003048.63540311,82843963.17912325,72711874.05517557,71431169.2965507,85871922.59425826,110929497.49958074,74645920.06994066,111171148.26015316,92554264.95569563,78022473.7000007,76749294.99364823,83216366.96793056,82077674.63413808,86225265.90201567,76040466.84743801,79641574.54062323,88434803.22637051,90355469.93788074,79505672.95167814,102074200.44218814,81751599.35171567,96491579.71687311,98487446.04523073,81521520.2305457,89701272.58498062,86178266.19931304,90964858.92564054,85649929.47218569,88123873.45908314,81115563.77795088,79607479.70477319,76094447.30106555,83498783.04987065,95973245.37830566,89372069.06384821,85636014.19328564,103265086.59942055,82481627.27941059,96461696.20331064,92315450.53692564,87401433.52722807,72289518.6255255,70146830.9981156,82899319.98783316,85118644.22980319,79901303.52618825,93246939.35762827,76301204.87698567,81264877.96842575
2022-11-01,129358018.01311766,90778737.53223059,71003048.63540311,82843963.17912325,72711874.05517557,71431169.2965507,85871922.59425826,110929497.49958074,74645920.06994066,111171148.26015316,92554264.95569563,78022473.7000007,76749294.99364823,83216366.96793056,82077674.63413808,86225265.90201567,76040466.84743801,79641574.54062323,88434803.22637051,90355469.93788074,79505672.95167814,102074200.44218814,81751599.35171567,96491579.71687311,98487446.04523073,81521520.2305457,89701272.58498062,86178266.19931304,90964858.92564054,85649929.47218569,88123873.45908314,81115563.77795088,79607479.70477319,76094447.30106555,83498783.04987065,95973245.37830566,89372069.06384821,85636014.19328564,103265086.59942055,82481627.27941059,96461696.20331064,92315450.53692564,87401433.52722807,72289518.6255255,70146830.9981156,82899319.98783316,85118644.22980319,79901303.52618825,93246939.35762827,76301204.87698567,81264877.96842575
2022-11-02,129358018.01311766,90778737.53223059,71003048.63540311,82843963.17912325,72711874.05517557,71431169.2965507,85871922.59425826,110929497.49958074,74645920.06994066,111171148.26015316,92554264.95569563,78022473.7000007,76749294.99364823,83216366.96793056,82077674.63413808,86225265.90201567,76040466.84743801,79641574.54062323,88434803.22637051,90355469.93788074,79505672.95167814,102074200.44218814,81751599.35171567,96491579.71687311,98487446.04523073,81521520.2305457,89701272.58498062,86178266.19931304,90964858.92564054,85649929.47218569,88123873.45908314,81115563.77795088,79607479.70477319,76094447.30106555,83498783.04987065,95973245.37830566,89372069.06384821,85636014.19328564,103265086.59942055,82481627.27941059,96461696.20331064,92315450.53692564,87401433.52722807,72289518.6255255,70146830.9981156,82899319.98783316,85118644.22980319,79901303.52618825,93246939.35762827,76301204.87698567,81264877.96842575
2022-11-03,129358018.01311766,90778737.53223059,71003048.63540311,82843963.17912325,72711874.05517557,71431169.2965507,85871922.59425826,110929497.49958074,74645920.06994066,111171148.26015316,92554264.95569563,78022473.7000007,76749294.99364823,83216366.96793056,82077674.63413808,86225265.90201567,76040466.84743801,79641574.54062323,88434803.22637051,90355469.93788074,79505672.95167814,102074200.44218814,81751599.35171567,96491579.71687311,98487446.04523073,81521520.2305457,89701272.58498062,86178266.19931304,90964858.92564054,85649929.47218569,88123873.45908314,81115563.77795088,79607479.70477319,76094447.30106555,83498783.04987065,95973245.37830566,89372069.06384821,85636014.19328564,103265086.59942055,82481627.27941059,96461696.20331064,92315450.53692564,87401433.52722807,72289518.6255255,70146830.9981156,82899319.98783316,85118644.22980319,79901303.52618825,93246939.35762827,76301204.87698567,81264877.96842575
2022-11-04,129358018.01311766,90778737.53223059,71003048.63540311,82843963.17912325,72711874.05517557,71431169.2965507,85871922.59425826,110929497.49958074,74645920.06994066,111171148.26015316,92554264.95569563,78022473.7000007,76749294.99364823,83216366.96793056,82077674.63413808,86225265.90201567,76040466.84743801,79641574.54062323,88434803.22637051,90355469.93788074,79505672.95167814,102074200.44218814,81751599.35171567,96491579.71687311,98487446.04523073,81521520.2305457,89701272.58498062,86178266.19931304,90964858.92564054,85649929.47218569,88123873.45908314,81115563.77795088,79607479.70477319,76094447.30106555,83498783.04987065,95973245.37830566,89372069.06384821,85636014.19328564,103265086.59942055,82481627.27941059,96461696.20331064,92315450.53692564,87401433.52722807,72289518.6255255,70146830.9981156,82899319.98783316,85118644.22980319,79901303.52618825,93246939.35762827,76301204.87698567,81264877.96842575
2022-11-07,129358018.01311766,90778737.53223059,71003048.63540311,82843963.17912325,72711874.05517557,71431169.2965507,85871922.59425826,110929497.49958074,74645920.06994066,111171148.26015316,92554264.95569563,78022473.7000007,76749294.99364823,83216366.96793056,82077674.63413808,86225265.90201567,76040466.84743801,79641574.54062323,88434803.22637051,90355469.93788074,79505672.95167814,102074200.44218814,81751599.35171567,96491579.71687311,98487446.04523073,81521520.2305457,89701272.58498062,86178266.19931304,90964858.92564054,85649929.47218569,88123873.45908314,81115563.77795088,79607479.70477319,76094447.30106555,83498783.04987065,95973245.37830566,89372069.06384821,85636014.19328564,103265086.59942055,82481627.27941059,96461696.20331064,92315450.53692564,87401433.52722807,72289518.6255255,70146830.9981156,82899319.98783316,85118644.22980319,79901303.52618825,93246939.35762827,76301204.87698567,81264877.96842575
2022-11-08,129358018.01311766,90778737.53223059,71003048.63540311,82843963.17912325,72711874.05517557,71431169.2965507,85871922.59425826,110929497.49958074,74645920.06994066,111171148.26015316,92554264.95569563,78022473.7000007,76749294.99364823,83216366.96793056,82077674.63413808,86225265.90201567,76040466.84743801,79641574.54062323,88434803.22637051,90355469.93788074,79505672.95167814,102074200.44218814,81751599.35171567,96491579.71687311,98487446.04523073,81521520.2305457,89701272.58498062,86178266.19931304,90964858.92564054,85649929.47218569,88123873.45908314,81115563.77795088,79607479.70477319,76094447.30106555,83498783.04987065,95973245.37830566,89372069.06384821,85636014.19328564,103265086.59942055,82481627.27941059,96461696.20331064,92315450.53692564,87401433.52722807,72289518.6255255,70146830.9981156,82899319.98783316,85118644.22980319,79901303.52618825,93246939.35762827,76301204.87698567,81264877.96842575
2022-11-09,129358018.01311766,90778737.53223059,71003048.63540311,82843963.17912325,72711874.05517557,71431169.2965507,85871922.59425826,110929497.49958074,74645920.06994066,111171148.26015316,92554264.95569563,78022473.7000007,76749294.99364823,83216366.96793056,82077674.63413808,86225265.90201567,76040466.84743801,79641574.54062323,88434803.22637051,90355469.93788074,79505672.95167814,102074200.44218814,81751599.35171567,96491579.71687311,98487446.04523073,81521520.2305457,89701272.58498062,86178266.19931304,90964858.92564054,85649929.47218569,88123873.45908314,81115563.77795088,79607479.70477319,76094447.30106555,83498783.04987065,95973245.37830566,89372069.06384821,85636014.19328564,103265086.59942055,82481627.27941059,96461696.20331064,92315450.53692564,87401433.52722807,72289518.6255255,70146830.9981156,82899319.98783316,85118644.22980319,79901303.52618825,93246939.35762827,76301204.87698567,81264877.96842575
2022-11-10,129358018.01311766,90778737.53223059,71003048.63540311,82843963.17912325,72711874.05517557,71431169.2965507,85871922.59425826,110929497.49958074,74645920.06994066,111171148.26015316,92554264.95569563,78022473.7000007,76749294.99364823,83216366.96793056,82077674.63413808,86225265.90201567,76040466.84743801,79641574.54062323,88434803.22637051,90355469.93788074,79505672.95167814,102074200.44218814,81751599.35171567,96491579.71687311,98487446.04523073,81521520.2305457,89701272.58498062,86178266.19931304,90964858.92564054,85649929.47218569,88123873.45908314,81115563.77795088,79607479.70477319,76094447.30106555,83498783.04987065,95973245.37830566,89372069.06384821,85636014.19328564,103265086.59942055,82481627.27941059,96461696.20331064,92315450.53692564,87401433.52722807,72289518.6255255,70146830.9981156,82899319.98783316,85118644.22980319,79901303.52618825,93246939.35762827,76301204.87698567,81264877.96842575
2022-11-11,129358018.01311766,90778737.53223059,71003048.63540311,82843963.17912325,72711874.05517557,71431169.2965507,85871922.59425826,110929497.49958074,74645920.06994066,111171148.26015316,92554264.95569563,78022473.7000007,76749294.99364823,83216366.96793056,82077674.63413808,86225265.90201567,76040466.84743801,79641574.54062323,88434803.22637051,90355469.93788074,79505672.95167814,102074200.44218814,81751599.35171567,96491579.71687311,98487446.04523073,81521520.2305457,89701272.58498062,86178266.19931304,90964858.92564054,85649929.47218569,88123873.45908314,81115563.77795088,79607479.70477319,76094447.30106555,83498783.04987065,95973245.37830566,89372069.06384821,85636014.19328564,103265086.59942055,82481627.27941059,96461696.20331064,92315450.53692564,87401433.52722807,72289518.6255255,70146830.9981156,82899319.98783316,85118644.22980319,79901303.52618825,93246939.35762827,76301204.87698567,81264877.96842575
2022-11-14,129358018.01311766,90778737.53223059,71003048.63540311,82843963.17912325,72711874.05517557,71431169.2965507,85871922.59425826,110929497.49958074,74645920.06994066,111171148.26015316,92554264.95569563,78022473.7000007,76749294.99364823,83216366.96793056,82077674.63413808,86225265.90201567,76040466.84743801,79641574.54062323,88434803.22637051,90355469.93788074,79505672.95167814,102074200.44218814,81751599.35171567,96491579.71687311,98487446.04523073,81521520.2305457,89701272.58498062,86178266.19931304,90964858.92564054,85649929.47218569,88123873.45908314,81115563.77795088,79607479.70477319,76094447.30106555,83498783.04987065,95973245.37830566,89372069.06384821,85636014.19328564,103265086.59942055,82481627.27941059,96461696.20331064,92315450.53692564,87401433.52722807,72289518.6255255,70146830.9981156,82899319.98783316,85118644.22980319,79901303.52618825,93246939.35762827,76301204.87698567,81264877.96842575
2022-11-15,129358018.01311766,90778737.53223059,71003048.63540311,82843963.17912325,72711874.05517557,71431169.2965507,85871922.59425826,110929497.49958074,74645920.06994066,111171148.26015316,92554264.95569563,78022473.7000007,76749294.99364823,83216366.96793056,82077674.63413808,86225265.90201567,76040466.84743801,79641574.54062323,88434803.22637051,90355469.93788074,79505672.95167814,102074200.44218814,81751599.35171567,96491579.71687311,98487446.04523073,81521520.2305457,89701272.58498062,86178266.19931304,90964858.92564054,85649929.47218569,88123873.45908314,81115563.77795088,79607479.70477319,76094447.30106555,83498783.04987065,95973245.37830566,89372069.06384821,85636014.19328564,103265086.59942055,82481627.27941059,96461696.20331064,92315450.53692564,87401433.52722807,72289518.6255255,70146830.9981156,82899319.98783316,85118644.22980319,79901303.52618825,93246939.35762827,76301204.87698567,81264877.96842575
2022-11-16,129358018.01311766,90778737.53223059,71003048.63540311,82843963.17912325,72711874.05517557,71431169.2965507,85871922.59425826,110929497.49958074,74645920.06994066,111171148.26015316,92554264.95569563,78022473.7000007,76749294.99364823,83216366.96793056,82077674.63413808,86225265.90201567,76040466.84743801,79641574.54062323,88434803.22637051,90355469.93788074,79505672.95167814,102074200.44218814,81751599.35171567,96491579.71687311,98487446.04523073,81521520.2305457,89701272.58498062,86178266.19931304,90964858.92564054,85649929.47218569,88123873.45908314,81115563.77795088,79607479.70477319,76094447.30106555,83498783.04987065,95973245.37830566,89372069.06384821,85636014.19328564,103265086.59942055,82481627.27941059,96461696.20331064,92315450.53692564,87401433.52722807,72289518.6255255,70146830.9981156,82899319.98783316,85118644.22980319,79901303.52618825,93246939.35762827,76301204.87698567,81264877.96842575
2022-11-17,129358018.01311766,90778737.53223059,71003048.63540311,82843963.17912325,72711874.05517557,71431169.2965507,85871922.59425826,110929497.49958074,74645920.06994066,111171148.26015316,92554264.95569563,78022473.7000007,76749294.99364823,83216366.96793056,82077674.63413808,86225265.90201567,76040466.84743801,79641574.54062323,88434803.22637051,90355469.93788074,79505672.95167814,102074200.44218814,81751599.35171567,96491579.71687311,98487446.04523073,81521520.2305457,89701272.58498062,86178266.19931304,90964858.92564054,85649929.47218569,88123873.45908314,81115563.77795088,79607479.70477319,76094447.30106555,83498783.04987065,95973245.37830566,89372069.06384821,85636014.19328564,103265086.59942055,82481627.27941059,96461696.20331064,92315450.53692564,87401433.52722807,72289518.6255255,70146830.9981156,82899319.98783316,85118644.22980319,79901303.52618825,93246939.35762827,76301204.87698567,81264877.96842575
2022-11-18,129358018.01311766,90778737.53223059,71003048.63540311,82843963.17912325,72711874.05517557,71431169.2965507,85871922.59425826,110929497.49958074,74645920.06994066,111171148.26015316,92554264.95569563,78022473.7000007,76749294.99364823,83216366.96793056,82077674.63413808,86225265.90201567,76040466.84743801,79641574.54062323,88434803.22637051,90355469.93788074,79505672.95167814,102074200.44218814,81751599.35171567,96491579.71687311,98487446.04523073,81521520.2305457,89701272.58498062,86178266.19931304,90964858.92564054,85649929.47218569,88123873.45908314,81115563.77795088,79607479.70477319,76094447.30106555,83498783.04987065,95973245.37830566,89372069.06384821,85636014.19328564,103265086.59942055,82481627.27941059,96461696.20331064,92315450.53692564,87401433.52722807,72289518.6255255,70146830.9981156,82899319.98783316,85118644.22980319,79901303.52618825,93246939.35762827,76301204.87698567,81264877.96842575
2022-11-21,129358018.01311766,90778737.53223059,71003048.63540311,82843963.17912325,72711874.05517557,71431169.2965507,85871922.59425826,110929497.49958074,74645920.06994066,111171148.26015316,92554264.95569563,78022473.7000007,76749294.99364823,83216366.96793056,82077674.63413808,86225265.90201567,76040466.84743801,79641574.54062323,88434803.22637051,90355469.93788074,79505672.95167814,102074200.44218814,81751599.35171567,96491579.71687311,98487446.04523073,81521520.2305457,89701272.58498062,86178266.19931304,90964858.92564054,85649929.47218569,88123873.45908314,81115563.77795088,79607479.70477319,76094447.30106555,83498783.04987065,95973245.37830566,89372069.06384821,85636014.19328564,103265086.59942055,82481627.27941059,96461696.20331064,92315450.53692564,87401433.52722807,72289518.6255255,70146830.9981156,82899319.98783316,85118644.22980319,79901303.52618825,93246939.35762827,76301204.87698567,81264877.96842575
2022-11-22,129358018.01311766,90778737.53223059,71003048.63540311,82843963.17912325,72711874.05517557,71431169.2965507,85871922.59425826,110929497.49958074,74645920.06994066,111171148.26015316,92554264.95569563,78022473.7000007,76749294.99364823,83216366.96793056,82077674.63413808,86225265.90201567,76040466.84743801,79641574.54062323,88434803.22637051,90355469.93788074,79505672.95167814,102074200.44218814,81751599.35171567,96491579.71687311,98487446.04523073,81521520.2305457,89701272.58498062,86178266.19931304,90964858.92564054,85649929.47218569,88123873.45908314,81115563.77795088,79607479.70477319,76094447.30106555,83498783.04987065,95973245.37830566,89372069.06384821,85636014.19328564,103265086.59942055,82481627.27941059,96461696.20331064,92315450.53692564,87401433.52722807,72289518.6255255,70146830.9981156,82899319.98783316,85118644.22980319,79901303.52618825,93246939.35762827,76301204.87698567,81264877.96842575
2022-11-23,129358018.01311766,90778737.53223059,71003048.63540311,82843963.17912325,72711874.05517557,71431169.2965507,85871922.59425826,110929497.49958074,74645920.06994066,111171148.26015316,92554264.95569563,78022473.7000007,76749294.99364823,83216366.96793056,82077674.63413808,86225265.90201567,76040466.84743801,79641574.54062323,88434803.22637051,90355469.93788074,79505672.95167814,102074200.44218814,81751599.35171567,96491579.71687311,98487446.04523073,81521520.2305457,89701272.58498062,86178266.19931304,90964858.92564054,85649929.47218569,88123873.45908314,81115563.77795088,79607479.70477319,76094447.30106555,83498783.04987065,95973245.37830566,89372069.06384821,85636014.19328564,103265086.59942055,82481627.27941059,96461696.20331064,92315450.53692564,87401433.52722807,72289518.6255255,70146830.9981156,82899319.98783316,85118644.22980319,79901303.52618825,93246939.35762827,76301204.87698567,81264877.96842575
2022-11-24,129358018.01311766,90778737.53223059,71003048.63540311,82843963.17912325,72711874.05517557,71431169.2965507,85871922.59425826,110929497.49958074,74645920.06994066,111171148.26015316,92554264.95569563,78022473.7000007,76749294.99364823,83216366.96793056,82077674.63413808,86225265.90201567,76040466.84743801,79641574.54062323,88434803.22637051,90355469.93788074,79505672.95167814,102074200.44218814,81751599.35171567,96491579.71687311,98487446.04523073,81521520.2305457,89701272.58498062,86178266.19931304,90964858.92564054,85649929.47218569,88123873.45908314,81115563.77795088,79607479.70477319,76094447.30106555,83498783.04987065,95973245.37830566,89372069.06384821,85636014.19328564,103265086.59942055,82481627.27941059,96461696.20331064,92315450.53692564,87401433.52722807,72289518.6255255,70146830.9981156,82899319.98783316,85118644.22980319,79901303.52618825,93246939.35762827,76301204.87698567,81264877.96842575
2022-11-25,129358018.01311766,90778737.53223059,71003048.63540311,82843963.17912325,72711874.05517557,71431169.2965507,85871922.59425826,110929497.49958074,74645920.06994066,111171148.26015316,92554264.95569563,78022473.7000007,76749294.99364823,83216366.96793056,82077674.63413808,86225265.90201567,76040466.84743801,79641574.54062323,88434803.22637051,90355469.93788074,79505672.95167814,102074200.44218814,81751599.35171567,96491579.71687311,98487446.04523073,81521520.2305457,89701272.58498062,86178266.19931304,90964858.92564054,85649929.47218569,88123873.45908314,81115563.77795088,79607479.70477319,76094447.30106555,83498783.04987065,95973245.37830566,89372069.06384821,85636014.19328564,103265086.59942055,82481627.27941059,96461696.20331064,92315450.53692564,87401433.52722807,72289518.6255255,70146830.9981156,82899319.98783316,85118644.22980319,79901303.52618825,93246939.35762827,76301204.87698567,81264877.96842575
2022-11-28,129358018.01311766,90778737.53223059,71003048.63540311,82843963.17912325,72711874.05517557,71431169.2965507,85871922.59425826,110929497.49958074,74645920.06994066,111171148.26015316,92554264.95569563,78022473.7000007,76749294.99364823,83216366.96793056,82077674.63413808,86225265.90201567,76040466.84743801,79641574.54062323,88434803.22637051,90355469.93788074,79505672.95167814,102074200.44218814,81751599.35171567,96491579.71687311,98487446.04523073,81521520.2305457,89701272.58498062,86178266.19931304,90964858.92564054,85649929.47218569,88123873.45908314,81115563.77795088,79607479.70477319,76094447.30106555,83498783.04987065,95973245.37830566,89372069.06384821,85636014.19328564,103265086.59942055,82481627.27941059,96461696.20331064,92315450.53692564,87401433.52722807,72289518.6255255,70146830.9981156,82899319.98783316,85118644.22980319,79901303.52618825,93246939.35762827,76301204.87698567,81264877.96842575
2022-11-29,129358018.01311766,90778737.53223059,71003048.63540311,82843963.17912325,72711874.05517557,71431169.2965507,85871922.59425826,110929497.49958074,74645920.06994066,111171148.26015316,92554264.95569563,78022473.7000007,76749294.99364823,83216366.96793056,82077674.63413808,86225265.90201567,76040466.84743801,79641574.54062323,88434803.22637051,90355469.93788074,79505672.95167814,102074200.44218814,81751599.35171567,96491579.71687311,98487446.04523073,81521520.2305457,89701272.58498062,86178266.19931304,90964858.92564054,85649929.47218569,88123873.45908314,81115563.77795088,79607479.70477319,76094447.30106555,83498783.04987065,95973245.37830566,89372069.06384821,85636014.19328564,103265086.59942055,82481627.27941059,96461696.20331064,92315450.53692564,87401433.52722807,72289518.6255255,70146830.9981156,82899319.98783316,85118644.22980319,79901303.52618825,93246939.35762827,76301204.87698567,81264877.96842575
2022-11-30,129358018.01311766,90778737.53223059,71003048.63540311,82843963.17912325,72711874.05517557,71431169.2965507,85871922.59425826,110929497.49958074,74645920.06994066,111171148.26015316,92554264.95569563,78022473.7000007,76749294.99364823,83216366.96793056,82077674.63413808,86225265.90201567,76040466.84743801,79641574.54062323,88434803.22637051,90355469.93788074,79505672.95167814,102074200.44218814,81751599.35171567,96491579.71687311,98487446.04523073,81521520.2305457,89701272.58498062,86178266.19931304,90964858.92564054,85649929.47218569,88123873.45908314,81115563.77795088,79607479.70477319,76094447.30106555,83498783.04987065,95973245.37830566,89372069.06384821,85636014.19328564,103265086.59942055,82481627.27941059,96461696.20331064,92315450.53692564,87401433.52722807,72289518.6255255,70146830.9981156,82899319.98783316,85118644.22980319,79901303.52618825,93246939.35762827,76301204.87698567,81264877.96842575
2022-12-01,129358018.01311766,90778737.53223059,71003048.63540311,82843963.17912325,72711874.05517557,71431169.2965507,85871922.59425826,110929497.49958074,74645920.06994066,111171148.26015316,92554264.95569563,78022473.7000007,76749294.99364823,83216366.96793056,82077674.63413808,86225265.90201567,76040466.84743801,79641574.54062323,88434803.22637051,90355469.93788074,79505672.95167814,102074200.44218814,81751599.35171567,96491579.71687311,98487446.04523073,81521520.2305457,89701272.58498062,86178266.19931304,90964858.92564054,85649929.47218569,88123873.45908314,81115563.77795088,79607479.70477319,76094447.30106555,83498783.04987065,95973245.37830566,89372069.06384821,85636014.19328564,103265086.59942055,82481627.27941059,96461696.20331064,92315450.53692564,87401433.52722807,72289518.6255255,70146830.9981156,82899319.98783316,85118644.22980319,79901303.52618825,93246939.35762827,76301204.87698567,81264877.96842575
2022-12-02,129358018.01311766,90778737.53223059,71003048.63540311,82843963.17912325,72711874.05517557,71431169.2965507,85871922.59425826,110929497.49958074,74645920.06994066,111171148.26015316,92554264.95569563,78022473.7000007,76749294.99364823,83216366.96793056,82077674.63413808,86225265.90201567,76040466.84743801,79641574.54062323,88434803.22637051,90355469.93788074,79505672.95167814,102074200.44218814,81751599.35171567,96491579.71687311,98487446.04523073,81521520.2305457,89701272.58498062,86178266.19931304,90964858.92564054,85649929.47218569,88123873.45908314,81115563.77795088,79607479.70477319,76094447.30106555,83498783.04987065,95973245.37830566,89372069.06384821,85636014.19328564,103265086.59942055,82481627.27941059,96461696.20331064,92315450.53692564,87401433.52722807,72289518.6255255,70146830.9981156,82899319.98783316,85118644.22980319,79901303.52618825,93246939.35762827,76301204.87698567,81264877.96842575
2022-12-05,129358018.01311766,90778737.53223059,71003048.63540311,82843963.17912325,72711874.05517557,71431169.2965507,85871922.59425826,110929497.49958074,74645920.06994066,111171148.26015316,92554264.95569563,78022473.7000007,76749294.99364823,83216366.96793056,82077674.63413808,86225265.90201567,76040466.84743801,79641574.54062323,88434803.22637051,90355469.93788074,79505672.95167814,102074200.44218814,81751599.35171567,96491579.71687311,98487446.04523073,81521520.2305457,89701272.58498062,86178266.19931304,90964858.92564054,85649929.47218569,88123873.45908314,81115563.77795088,79607479.70477319,76094447.30106555,83498783.04987065,95973245.37830566,89372069.06384821,85636014.19328564,103265086.59942055,82481627.27941059,96461696.20331064,92315450.53692564,87401433.52722807,72289518.6255255,70146830.9981156,82899319.98783316,85118644.22980319,79901303.52618825,93246939.35762827,76301204.87698567,81264877.96842575
2022-12-06,129358018.01311766,90778737.53223059,71003048.63540311,82843963.17912325,72711874.05517557,71431169.2965507,85871922.59425826,110929497.49958074,74645920.06994066,111171148.26015316,92554264.95569563,78022473.7000007,76749294.99364823,83216366.96793056,82077674.63413808,86225265.90201567,76040466.84743801,79641574.54062323,88434803.22637051,90355469.93788074,79505672.95167814,102074200.44218814,81751599.35171567,96491579.71687311,98487446.04523073,81521520.2305457,89701272.58498062,86178266.19931304,90964858.92564054,85649929.47218569,88123873.45908314,81115563.77795088,79607479.70477319,76094447.30106555,83498783.04987065,95973245.37830566,89372069.06384821,85636014.19328564,103265086.59942055,82481627.27941059,96461696.20331064,92315450.53692564,87401433.52722807,72289518.6255255,70146830.9981156,82899319.98783316,85118644.22980319,79901303.52618825,93246939.35762827,76301204.87698567,81264877.96842575
2022-12-07,129358018.01311766,90778737.53223059,71003048.63540311,82843963.17912325,72711874.05517557,71431169.2965507,85871922.59425826,110929497.49958074,74645920.06994066,111171148.26015316,92554264.95569563,78022473.7000007,76749294.99364823,83216366.96793056,82077674.63413808,86225265.90201567,76040466.84743801,79641574.54062323,88434803.22637051,90355469.93788074,79505672.95167814,102074200.44218814,81751599.35171567,96491579.71687311,98487446.04523073,81521520.2305457,89701272.58498062,86178266.19931304,90964858.92564054,85649929.47218569,88123873.45908314,81115563.77795088,79607479.70477319,76094447.30106555,83498783.04987065,95973245.37830566,89372069.06384821,85636014.19328564,103265086.59942055,82481627.27941059,96461696.20331064,92315450.53692564,87401433.52722807,72289518.6255255,70146830.9981156,82899319.98783316,85118644.22980319,79901303.52618825,93246939.35762827,76301204.87698567,81264877.96842575
2022-12-08,129358018.01311766,90778737.53223059,71003048.63540311,82843963.17912325,72711874.05517557,71431169.2965507,85871922.59425826,110929497.49958074,74645920.06994066,111171148.26015316,92554264.95569563,78022473.7000007,76749294.99364823,83216366.96793056,82077674.63413808,86225265.90201567,76040466.84743801,79641574.54062323,88434803.22637051,90355469.93788074,79505672.95167814,102074200.44218814,81751599.35171567,96491579.71687311,98487446.04523073,81521520.2305457,89701272.58498062,86178266.19931304,90964858.92564054,85649929.47218569,88123873.45908314,81115563.77795088,79607479.70477319,76094447.30106555,83498783.04987065,95973245.37830566,89372069.06384821,85636014.19328564,103265086.59942055,82481627.27941059,96461696.20331064,92315450.53692564,87401433.52722807,72289518.6255255,70146830.9981156,82899319.98783316,85118644.22980319,79901303.52618825,93246939.35762827,76301204.87698567,81264877.96842575
2022-12-09,129358018.01311766,90778737.53223059,71003048.63540311,82843963.17912325,72711874.05517557,71431169.2965507,85871922.59425826,110929497.49958074,74645920.06994066,111171148.26015316,92554264.95569563,78022473.7000007,76749294.99364823,83216366.96793056,82077674.63413808,86225265.90201567,76040466.84743801,79641574.54062323,88434803.22637051,90355469.93788074,79505672.95167814,102074200.44218814,81751599.35171567,96491579.71687311,98487446.04523073,81521520.2305457,89701272.58498062,86178266.19931304,90964858.92564054,85649929.47218569,88123873.45908314,81115563.77795088,79607479.70477319,76094447.30106555,83498783.04987065,95973245.37830566,89372069.06384821,85636014.19328564,103265086.59942055,82481627.27941059,96461696.20331064,92315450.53692564,87401433.52722807,72289518.6255255,70146830.9981156,82899319.98783316,85118644.22980319,79901303.52618825,93246939.35762827,76301204.87698567,81264877.96842575
2022-12-12,129358018.01311766,90778737.53223059,71003048.63540311,82843963.17912325,72711874.05517557,71431169.2965507,85871922.59425826,110929497.49958074,74645920.06994066,111171148.26015316,92554264.95569563,78022473.7000007,76749294.99364823,83216366.96793056,82077674.63413808,86225265.90201567,76040466.84743801,79641574.54062323,88434803.22637051,90355469.93788074,79505672.95167814,102074200.44218814,81751599.35171567,96491579.71687311,98487446.04523073,81521520.2305457,89701272.58498062,86178266.19931304,90964858.92564054,85649929.47218569,88123873.45908314,81115563.77795088,79607479.70477319,76094447.30106555,83498783.04987065,95973245.37830566,89372069.06384821,85636014.19328564,103265086.59942055,82481627.27941059,96461696.20331064,92315450.53692564,87401433.52722807,72289518.6255255,70146830.9981156,82899319.98783316,85118644.22980319,79901303.52618825,93246939.35762827,76301204.87698567,81264877.96842575
2022-12-13,129358018.01311766,90778737.53223059,71003048.63540311,82843963.17912325,72711874.05517557,71431169.2965507,85871922.59425826,110929497.49958074,74645920.06994066,111171148.26015316,92554264.95569563,78022473.7000007,76749294.99364823,83216366.96793056,82077674.63413808,86225265.90201567,76040466.84743801,79641574.54062323,88434803.22637051,90355469.93788074,79505672.95167814,102074200.44218814,81751599.35171567,96491579.71687311,98487446.04523073,81521520.2305457,89701272.58498062,86178266.19931304,90964858.92564054,85649929.47218569,88123873.45908314,81115563.77795088,79607479.70477319,76094447.30106555,83498783.04987065,95973245.37830566,89372069.06384821,85636014.19328564,103265086.59942055,82481627.27941059,96461696.20331064,92315450.53692564,87401433.52722807,72289518.6255255,70146830.9981156,82899319.98783316,85118644.22980319,79901303.52618825,93246939.35762827,76301204.87698567,81264877.96842575
2022-12-14,129358018.01311766,90778737.53223059,71003048.63540311,82843963.17912325,72711874.05517557,71431169.2965507,85871922.59425826,110929497.49958074,74645920.06994066,111171148.26015316,92554264.95569563,78022473.7000007,76749294.99364823,83216366.96793056,82077674.63413808,86225265.90201567,76040466.84743801,79641574.54062323,88434803.22637051,90355469.93788074,79505672.95167814,102074200.44218814,81751599.35171567,96491579.71687311,98487446.04523073,81521520.2305457,89701272.58498062,86178266.19931304,90964858.92564054,85649929.47218569,88123873.45908314,81115563.77795088,79607479.70477319,76094447.30106555,83498783.04987065,95973245.37830566,89372069.06384821,85636014.19328564,103265086.59942055,82481627.27941059,96461696.20331064,92315450.53692564,87401433.52722807,72289518.6255255,70146830.9981156,82899319.98783316,85118644.22980319,79901303.52618825,93246939.35762827,76301204.87698567,81264877.96842575
2022-12-15,129358018.01311766,90778737.53223059,71003048.63540311,82843963.17912325,72711874.05517557,71431169.2965507,85871922.59425826,110929497.49958074,74645920.06994066,111171148.26015316,92554264.95569563,78022473.7000007,76749294.99364823,83216366.96793056,82077674.63413808,86225265.90201567,76040466.84743801,79641574.54062323,88434803.22637051,90355469.93788074,79505672.95167814,102074200.44218814,81751599.35171567,96491579.71687311,98487446.04523073,81521520.2305457,89701272.58498062,86178266.19931304,90964858.92564054,85649929.47218569,88123873.45908314,81115563.77795088,79607479.70477319,76094447.30106555,83498783.04987065,95973245.37830566,89372069.06384821,85636014.19328564,103265086.59942055,82481627.27941059,96461696.20331064,92315450.53692564,87401433.52722807,72289518.6255255,70146830.9981156,82899319.98783316,85118644.22980319,79901303.52618825,93246939.35762827,76301204.87698567,81264877.96842575
2022-12-16,129358018.01311766,90778737.53223059,71003048.63540311,82843963.17912325,72711874.05517557,71431169.2965507,85871922.59425826,110929497.49958074,74645920.06994066,111171148.26015316,92554264.95569563,78022473.7000007,76749294.99364823,83216366.96793056,82077674.63413808,86225265.90201567,76040466.84743801,79641574.54062323,88434803.22637051,90355469.93788074,79505672.95167814,102074200.44218814,81751599.35171567,96491579.71687311,98487446.04523073,81521520.2305457,89701272.58498062,86178266.19931304,90964858.92564054,85649929.47218569,88123873.45908314,81115563.77795088,79607479.70477319,76094447.30106555,83498783.04987065,95973245.37830566,89372069.06384821,85636014.19328564,103265086.59942055,82481627.27941059,96461696.20331064,92315450.53692564,87401433.52722807,72289518.6255255,70146830.9981156,82899319.98783316,85118644.22980319,79901303.52618825,93246939.35762827,76301204.87698567,81264877.96842575
2022-12-19,129358018.01311766,90778737.53223059,71003048.63540311,82843963.17912325,72711874.05517557,71431169.2965507,85871922.59425826,110929497.49958074,74645920.06994066,111171148.26015316,92554264.95569563,78022473.7000007,76749294.99364823,83216366.96793056,82077674.63413808,86225265.90201567,76040466.84743801,79641574.54062323,88434803.22637051,90355469.93788074,79505672.95167814,102074200.44218814,81751599.35171567,96491579.71687311,98487446.04523073,81521520.2305457,89701272.58498062,86178266.19931304,90964858.92564054,85649929.47218569,88123873.45908314,81115563.77795088,79607479.70477319,76094447.30106555,83498783.04987065,95973245.37830566,89372069.06384821,85636014.19328564,103265086.59942055,82481627.27941059,96461696.20331064,92315450.53692564,87401433.52722807,72289518.6255255,70146830.9981156,82899319.98783316,85118644.22980319,79901303.52618825,93246939.35762827,76301204.87698567,81264877.96842575
2022-12-20,129358018.01311766,90778737.53223059,71003048.63540311,82843963.17912325,72711874.05517557,71431169.2965507,85871922.59425826,110929497.49958074,74645920.06994066,111171148.26015316,92554264.95569563,78022473.7000007,76749294.99364823,83216366.96793056,82077674.63413808,86225265.90201567,76040466.84743801,79641574.54062323,88434803.22637051,90355469.93788074,79505672.95167814,102074200.44218814,81751599.35171567,96491579.71687311,98487446.04523073,81521520.2305457,89701272.58498062,86178266.19931304,90964858.92564054,85649929.47218569,88123873.45908314,81115563.77795088,79607479.70477319,76094447.30106555,83498783.04987065,95973245.37830566,89372069.06384821,85636014.19328564,103265086.59942055,82481627.27941059,96461696.20331064,92315450.53692564,87401433.52722807,72289518.6255255,70146830.9981156,82899319.98783316,85118644.22980319,79901303.52618825,93246939.35762827,76301204.87698567,81264877.96842575
2022-12-21,129358018.01311766,90778737.53223059,71003048.63540311,82843963.17912325,72711874.05517557,71431169.2965507,85871922.59425826,110929497.49958074,74645920.06994066,111171148.26015316,92554264.95569563,78022473.7000007,76749294.99364823,83216366.96793056,82077674.63413808,86225265.90201567,76040466.84743801,79641574.54062323,88434803.22637051,90355469.93788074,79505672.95167814,102074200.44218814,81751599.35171567,96491579.71687311,98487446.04523073,81521520.2305457,89701272.58498062,86178266.19931304,90964858.92564054,85649929.47218569,88123873.45908314,81115563.77795088,79607479.70477319,76094447.30106555,83498783.04987065,95973245.37830566,89372069.06384821,85636014.19328564,103265086.59942055,82481627.27941059,96461696.20331064,92315450.53692564,87401433.52722807,72289518.6255255,70146830.9981156,82899319.98783316,85118644.22980319,79901303.52618825,93246939.35762827,76301204.87698567,81264877.96842575
2022-12-22,129358018.01311766,90778737.53223059,71003048.63540311,82843963.17912325,72711874.05517557,71431169.2965507,85871922.59425826,110929497.49958074,74645920.06994066,111171148.26015316,92554264.95569563,78022473.7000007,76749294.99364823,83216366.96793056,82077674.63413808,86225265.90201567,76040466.84743801,79641574.54062323,88434803.22637051,90355469.93788074,79505672.95167814,102074200.44218814,81751599.35171567,96491579.71687311,98487446.04523073,81521520.2305457,89701272.58498062,86178266.19931304,90964858.92564054,85649929.47218569,88123873.45908314,81115563.77795088,79607479.70477319,76094447.30106555,83498783.04987065,95973245.37830566,89372069.06384821,85636014.19328564,103265086.59942055,82481627.27941059,96461696.20331064,92315450.53692564,87401433.52722807,72289518.6255255,70146830.9981156,82899319.98783316,85118644.22980319,79901303.52618825,93246939.35762827,76301204.87698567,81264877.96842575
2022-12-23,129358018.01311766,90778737.53223059,71003048.63540311,82843963.17912325,72711874.05517557,71431169.2965507,85871922.59425826,110929497.49958074,74645920.06994066,111171148.26015316,92554264.95569563,78022473.7000007,76749294.99364823,83216366.96793056,82077674.63413808,86225265.90201567,76040466.84743801,79641574.54062323,88434803.22637051,90355469.93788074,79505672.95167814,102074200.44218814,81751599.35171567,96491579.71687311,98487446.04523073,81521520.2305457,89701272.58498062,86178266.19931304,90964858.92564054,85649929.47218569,88123873.45908314,81115563.77795088,79607479.70477319,76094447.30106555,83498783.04987065,95973245.37830566,89372069.06384821,85636014.19328564,103265086.59942055,82481627.27941059,96461696.20331064,92315450.53692564,87401433.52722807,72289518.6255255,70146830.9981156,82899319.98783316,85118644.22980319,79901303.52618825,93246939.35762827,76301204.87698567,81264877.96842575
2022-12-26,129358018.01311766,90778737.53223059,71003048.63540311,82843963.17912325,72711874.05517557,71431169.2965507,85871922.59425826,110929497.49958074,74645920.06994066,111171148.26015316,92554264.95569563,78022473.7000007,76749294.99364823,83216366.96793056,82077674.63413808,86225265.90201567,76040466.84743801,79641574.54062323,88434803.22637051,90355469.93788074,79505672.95167814,102074200.44218814,81751599.35171567,96491579.71687311,98487446.04523073,81521520.2305457,89701272.58498062,86178266.19931304,90964858.92564054,85649929.47218569,88123873.45908314,81115563.77795088,79607479.70477319,76094447.30106555,83498783.04987065,95973245.37830566,89372069.06384821,85636014.19328564,103265086.59942055,82481627.27941059,96461696.20331064,92315450.53692564,87401433.52722807,72289518.6255255,70146830.9981156,82899319.98783316,85118644.22980319,79901303.52618825,93246939.35762827,76301204.87698567,81264877.96842575
2022-12-27,129358018.01311766,90778737.53223059,71003048.63540311,82843963.17912325,72711874.05517557,71431169.2965507,85871922.59425826,110929497.49958074,74645920.06994066,111171148.26015316,92554264.95569563,78022473.7000007,76749294.99364823,83216366.96793056,82077674.63413808,86225265.90201567,76040466.84743801,79641574.54062323,88434803.22637051,90355469.93788074,79505672.95167814,102074200.44218814,81751599.35171567,96491579.71687311,98487446.04523073,81521520.2305457,89701272.58498062,86178266.19931304,90964858.92564054,85649929.47218569,88123873.45908314,81115563.77795088,79607479.70477319,76094447.30106555,83498783.04987065,95973245.37830566,89372069.06384821,85636014.19328564,103265086.59942055,82481627.27941059,96461696.20331064,92315450.53692564,87401433.52722807,72289518.6255255,70146830.9981156,82899319.98783316,85118644.22980319,79901303.52618825,93246939.35762827,76301204.87698567,81264877.96842575
2022-12-28,129358018.01311766,90778737.53223059,71003048.63540311,82843963.17912325,72711874.05517557,71431169.2965507,85871922.59425826,110929497.49958074,74645920.06994066,111171148.26015316,92554264.95569563,78022473.7000007,76749294.99364823,83216366.96793056,82077674.63413808,86225265.90201567,76040466.84743801,79641574.54062323,88434803.22637051,90355469.93788074,79505672.95167814,102074200.44218814,81751599.35171567,96491579.71687311,98487446.04523073,81521520.2305457,89701272.58498062,86178266.19931304,90964858.92564054,85649929.47218569,88123873.45908314,81115563.77795088,79607479.70477319,76094447.30106555,83498783.04987065,95973245.37830566,89372069.06384821,85636014.19328564,103265086.59942055,82481627.27941059,96461696.20331064,92315450.53692564,87401433.52722807,72289518.6255255,70146830.9981156,82899319.98783316,85118644.22980319,79901303.52618825,93246939.35762827,76301204.87698567,81264877.96842575
2022-12-29,129358018.01311766,90778737.53223059,71003048.63540311,82843963.17912325,72711874.05517557,71431169.2965507,85871922.59425826,110929497.49958074,74645920.06994066,111171148.26015316,92554264.95569563,78022473.7000007,76749294.99364823,83216366.96793056,82077674.63413808,86225265.90201567,76040466.84743801,79641574.54062323,88434803.22637051,90355469.93788074,79505672.95167814,102074200.44218814,81751599.35171567,96491579.71687311,98487446.04523073,81521520.2305457,89701272.58498062,86178266.19931304,90964858.92564054,85649929.47218569,88123873.45908314,81115563.77795088,79607479.70477319,76094447.30106555,83498783.04987065,95973245.37830566,89372069.06384821,85636014.19328564,103265086.59942055,82481627.27941059,96461696.20331064,92315450.53692564,87401433.52722807,72289518.6255255,70146830.9981156,82899319.98783316,85118644.22980319,79901303.52618825,93246939.35762827,76301204.87698567,81264877.96842575
2022-12-30,129358018.01311766,90778737.53223059,71003048.63540311,82843963.17912325,72711874.05517557,71431169.2965507,85871922.59425826,110929497.49958074,74645920.06994066,111171148.26015316,92554264.95569563,78022473.7000007,76749294.99364823,83216366.96793056,82077674.63413808,86225265.90201567,76040466.84743801,79641574.54062323,88434803.22637051,90355469.93788074,79505672.95167814,102074200.44218814,81751599.35171567,96491579.71687311,98487446.04523073,81521520.2305457,89701272.58498062,86178266.19931304,90964858.92564054,85649929.47218569,88123873.45908314,81115563.77795088,79607479.70477319,76094447.30106555,83498783.04987065,95973245.37830566,89372069.06384821,85636014.19328564,103265086.59942055,82481627.27941059,96461696.20331064,92315450.53692564,87401433.52722807,72289518.6255255,70146830.9981156,82899319.98783316,85118644.22980319,79901303.52618825,93246939.35762827,76301204.87698567,81264877.96842575
2023-01-03,129358018.01311766,90778737.53223059,71003048.63540311,82843963.17912325,72711874.05517557,71431169.2965507,85871922.59425826,110929497.49958074,74645920.06994066,111171148.26015316,92554264.95569563,78022473.7000007,76749294.99364823,83216366.96793056,82077674.63413808,86225265.90201567,76040466.84743801,79641574.54062323,88434803.22637051,90355469.93788074,79505672.95167814,102074200.44218814,81751599.35171567,96491579.71687311,98487446.04523073,81521520.2305457,89701272.58498062,86178266.19931304,90964858.92564054,85649929.47218569,88123873.45908314,81115563.77795088,79607479.70477319,76094447.30106555,83498783.04987065,95973245.37830566,89372069.06384821,85636014.19328564,103265086.59942055,82481627.27941059,96461696.20331064,92315450.53692564,87401433.52722807,72289518.6255255,70146830.9981156,82899319.98783316,85118644.22980319,79901303.52618825,93246939.35762827,76301204.87698567,81264877.96842575
2023-01-04,129358018.01311766,90778737.53223059,71003048.63540311,82843963.17912325,72711874.05517557,71431169.2965507,85871922.59425826,110929497.49958074,74645920.06994066,111171148.26015316,92554264.95569563,78022473.7000007,76749294.99364823,83216366.96793056,82077674.63413808,86225265.90201567,76040466.84743801,79641574.54062323,88434803.22637051,90355469.93788074,79505672.95167814,102074200.44218814,81751599.35171567,96491579.71687311,98487446.04523073,81521520.2305457,89701272.58498062,86178266.19931304,90964858.92564054,85649929.47218569,88123873.45908314,81115563.77795088,79607479.70477319,76094447.30106555,83498783.04987065,95973245.37830566,89372069.06384821,85636014.19328564,103265086.59942055,82481627.27941059,96461696.20331064,92315450.53692564,87401433.52722807,72289518.6255255,70146830.9981156,82899319.98783316,85118644.22980319,79901303.52618825,93246939.35762827,76301204.87698567,81264877.96842575
2023-01-05,129358018.01311766,90778737.53223059,71003048.63540311,82843963.17912325,72711874.05517557,71431169.2965507,85871922.59425826,110929497.49958074,74645920.06994066,111171148.26015316,92554264.95569563,78022473.7000007,76749294.99364823,83216366.96793056,82077674.63413808,86225265.90201567,76040466.84743801,79641574.54062323,88434803.22637051,90355469.93788074,79505672.95167814,102074200.44218814,81751599.35171567,96491579.71687311,98487446.04523073,81521520.2305457,89701272.58498062,86178266.19931304,90964858.92564054,85649929.47218569,88123873.45908314,81115563.77795088,79607479.70477319,76094447.30106555,83498783.04987065,95973245.37830566,89372069.06384821,85636014.19328564,103265086.59942055,82481627.27941059,96461696.20331064,92315450.53692564,87401433.52722807,72289518.6255255,70146830.9981156,82899319.98783316,85118644.22980319,79901303.52618825,93246939.35762827,76301204.87698567,81264877.96842575
2023-01-06,129358018.01311766,90778737.53223059,71003048.63540311,82843963.17912325,72711874.05517557,71431169.2965507,85871922.59425826,110929497.49958074,74645920.06994066,111171148.26015316,92554264.95569563,78022473.7000007,76749294.99364823,83216366.96793056,82077674.63413808,86225265.90201567,76040466.84743801,79641574.54062323,88434803.22637051,90355469.93788074,79505672.95167814,102074200.44218814,81751599.35171567,96491579.71687311,98487446.04523073,81521520.2305457,89701272.58498062,86178266.19931304,90964858.92564054,85649929.47218569,88123873.45908314,81115563.77795088,79607479.70477319,76094447.30106555,83498783.04987065,95973245.37830566,89372069.06384821,85636014.19328564,103265086.59942055,82481627.27941059,96461696.20331064,92315450.53692564,87401433.52722807,72289518.6255255,70146830.9981156,82899319.98783316,85118644.22980319,79901303.52618825,93246939.35762827,76301204.87698567,81264877.96842575
2023-01-09,129358018.01311766,90778737.53223059,71003048.63540311,82843963.17912325,72711874.05517557,71431169.2965507,85871922.59425826,110929497.49958074,74645920.06994066,111171148.26015316,92554264.95569563,78022473.7000007,76749294.99364823,83216366.96793056,82077674.63413808,86225265.90201567,76040466.84743801,79641574.54062323,88434803.22637051,90355469.93788074,79505672.95167814,102074200.44218814,81751599.35171567,96491579.71687311,98487446.04523073,81521520.2305457,89701272.58498062,86178266.19931304,90964858.92564054,85649929.47218569,88123873.45908314,81115563.77795088,79607479.70477319,76094447.30106555,83498783.04987065,95973245.37830566,89372069.06384821,85636014.19328564,103265086.59942055,82481627.27941059,96461696.20331064,92315450.53692564,87401433.52722807,72289518.6255255,70146830.9981156,82899319.98783316,85118644.22980319,79901303.52618825,93246939.35762827,76301204.87698567,81264877.96842575
2023-01-10,129358018.01311766,90778737.53223059,71003048.63540311,82843963.17912325,72711874.05517557,71431169.2965507,85871922.59425826,110929497.49958074,74645920.06994066,111171148.26015316,92554264.95569563,78022473.7000007,76749294.99364823,83216366.96793056,82077674.63413808,86225265.90201567,76040466.84743801,79641574.54062323,88434803.22637051,90355469.93788074,79505672.95167814,102074200.44218814,81751599.35171567,96491579.71687311,98487446.04523073,81521520.2305457,89701272.58498062,86178266.19931304,90964858.92564054,85649929.47218569,88123873.45908314,81115563.77795088,79607479.70477319,76094447.30106555,83498783.04987065,95973245.37830566,89372069.06384821,85636014.19328564,103265086.59942055,82481627.27941059,96461696.20331064,92315450.53692564,87401433.52722807,72289518.6255255,70146830.9981156,82899319.98783316,85118644.22980319,79901303.52618825,93246939.35762827,76301204.87698567,81264877.96842575
2023-01-11,129358018.01311766,90778737.53223059,71003048.63540311,82843963.17912325,72711874.05517557,71431169.2965507,85871922.59425826,110929497.49958074,74645920.06994066,111171148.26015316,92554264.95569563,78022473.7000007,76749294.99364823,83216366.96793056,82077674.63413808,86225265.90201567,76040466.84743801,79641574.54062323,88434803.22637051,90355469.93788074,79505672.95167814,102074200.44218814,81751599.35171567,96491579.71687311,98487446.04523073,81521520.2305457,89701272.58498062,86178266.19931304,90964858.92564054,85649929.47218569,88123873.45908314,81115563.77795088,79607479.70477319,76094447.30106555,83498783.04987065,95973245.37830566,89372069.06384821,85636014.19328564,103265086.59942055,82481627.27941059,96461696.20331064,92315450.53692564,87401433.52722807,72289518.6255255,70146830.9981156,82899319.98783316,85118644.22980319,79901303.52618825,93246939.35762827,76301204.87698567,81264877.96842575
2023-01-12,129358018.01311766,90778737.53223059,71003048.63540311,82843963.17912325,72711874.05517557,71431169.2965507,85871922.59425826,110929497.49958074,74645920.06994066,111171148.26015316,92554264.95569563,78022473.7000007,76749294.99364823,83216366.96793056,82077674.63413808,86225265.90201567,76040466.84743801,79641574.54062323,88434803.22637051,90355469.93788074,79505672.95167814,102074200.44218814,81751599.35171567,96491579.71687311,98487446.04523073,81521520.2305457,89701272.58498062,86178266.19931304,90964858.92564054,85649929.47218569,88123873.45908314,81115563.77795088,79607479.70477319,76094447.30106555,83498783.04987065,95973245.37830566,89372069.06384821,85636014.19328564,103265086.59942055,82481627.27941059,96461696.20331064,92315450.53692564,87401433.52722807,72289518.6255255,70146830.9981156,82899319.98783316,85118644.22980319,79901303.52618825,93246939.35762827,76301204.87698567,81264877.96842575
2023-01-13,129358018.01311766,90778737.53223059,71003048.63540311,82843963.17912325,72711874.05517557,71431169.2965507,85871922.59425826,110929497.49958074,74645920.06994066,111171148.26015316,92554264.95569563,78022473.7000007,76749294.99364823,83216366.96793056,82077674.63413808,86225265.90201567,76040466.84743801,79641574.54062323,88434803.22637051,90355469.93788074,79505672.95167814,102074200.44218814,81751599.35171567,96491579.71687311,98487446.04523073,81521520.2305457,89701272.58498062,86178266.19931304,90964858.92564054,85649929.47218569,88123873.45908314,81115563.77795088,79607479.70477319,76094447.30106555,83498783.04987065,95973245.37830566,89372069.06384821,85636014.19328564,103265086.59942055,82481627.27941059,96461696.20331064,92315450.53692564,87401433.52722807,72289518.6255255,70146830.9981156,82899319.98783316,85118644.22980319,79901303.52618825,93246939.35762827,76301204.87698567,81264877.96842575
2023-01-16,129358018.01311766,90778737.53223059,71003048.63540311,82843963.17912325,72711874.05517557,71431169.2965507,85871922.59425826,110929497.49958074,74645920.06994066,111171148.26015316,92554264.95569563,78022473.7000007,76749294.99364823,83216366.96793056,82077674.63413808,86225265.90201567,76040466.84743801,79641574.54062323,88434803.22637051,90355469.93788074,79505672.95167814,102074200.44218814,81751599.35171567,96491579.71687311,98487446.04523073,81521520.2305457,89701272.58498062,86178266.19931304,90964858.92564054,85649929.47218569,88123873.45908314,81115563.77795088,79607479.70477319,76094447.30106555,83498783.04987065,95973245.37830566,89372069.06384821,85636014.19328564,103265086.59942055,82481627.27941059,96461696.20331064,92315450.53692564,87401433.52722807,72289518.6255255,70146830.9981156,82899319.98783316,85118644.22980319,79901303.52618825,93246939.35762827,76301204.87698567,81264877.96842575
2023-01-17,129358018.01311766,90778737.53223059,71003048.63540311,82843963.17912325,72711874.05517557,71431169.2965507,85871922.59425826,110929497.49958074,74645920.06994066,111171148.26015316,92554264.95569563,78022473.7000007,76749294.99364823,83216366.96793056,82077674.63413808,86225265.90201567,76040466.84743801,79641574.54062323,88434803.22637051,90355469.93788074,79505672.95167814,102074200.44218814,81751599.35171567,96491579.71687311,98487446.04523073,81521520.2305457,89701272.58498062,86178266.19931304,90964858.92564054,85649929.47218569,88123873.45908314,81115563.77795088,79607479.70477319,76094447.30106555,83498783.04987065,95973245.37830566,89372069.06384821,85636014.19328564,103265086.59942055,82481627.27941059,96461696.20331064,92315450.53692564,87401433.52722807,72289518.6255255,70146830.9981156,82899319.98783316,85118644.22980319,79901303.52618825,93246939.35762827,76301204.87698567,81264877.96842575
2023-01-18,129358018.01311766,90778737.53223059,71003048.63540311,82843963.17912325,72711874.05517557,71431169.2965507,85871922.59425826,110929497.49958074,74645920.06994066,111171148.26015316,92554264.95569563,78022473.7000007,76749294.99364823,83216366.96793056,82077674.63413808,86225265.90201567,76040466.84743801,79641574.54062323,88434803.22637051,90355469.93788074,79505672.95167814,102074200.44218814,81751599.35171567,96491579.71687311,98487446.04523073,81521520.2305457,89701272.58498062,86178266.19931304,90964858.92564054,85649929.47218569,88123873.45908314,81115563.77795088,79607479.70477319,76094447.30106555,83498783.04987065,95973245.37830566,89372069.06384821,85636014.19328564,103265086.59942055,82481627.27941059,96461696.20331064,92315450.53692564,87401433.52722807,72289518.6255255,70146830.9981156,82899319.98783316,85118644.22980319,79901303.52618825,93246939.35762827,76301204.87698567,81264877.96842575
2023-01-19,129358018.01311766,90778737.53223059,71003048.63540311,82843963.17912325,72711874.05517557,71431169.2965507,85871922.59425826,110929497.49958074,74645920.06994066,111171148.26015316,92554264.95569563,78022473.7000007,76749294.99364823,83216366.96793056,82077674.63413808,86225265.90201567,76040466.84743801,79641574.54062323,88434803.22637051,90355469.93788074,79505672.95167814,102074200.44218814,81751599.35171567,96491579.71687311,98487446.04523073,81521520.2305457,89701272.58498062,86178266.19931304,90964858.92564054,85649929.47218569,88123873.45908314,81115563.77795088,79607479.70477319,76094447.30106555,83498783.04987065,95973245.37830566,89372069.06384821,85636014.19328564,103265086.59942055,82481627.27941059,96461696.20331064,92315450.53692564,87401433.52722807,72289518.6255255,70146830.9981156,82899319.98783316,85118644.22980319,79901303.52618825,93246939.35762827,76301204.87698567,81264877.96842575
2023-01-27,129358018.01311766,90778737.53223059,71003048.63540311,82843963.17912325,72711874.05517557,71431169.2965507,85871922.59425826,110929497.49958074,74645920.06994066,111171148.26015316,92554264.95569563,78022473.7000007,76749294.99364823,83216366.96793056,82077674.63413808,86225265.90201567,76040466.84743801,79641574.54062323,88434803.22637051,90355469.93788074,79505672.95167814,102074200.44218814,81751599.35171567,96491579.71687311,98487446.04523073,81521520.2305457,89701272.58498062,86178266.19931304,90964858.92564054,85649929.47218569,88123873.45908314,81115563.77795088,79607479.70477319,76094447.30106555,83498783.04987065,95973245.37830566,89372069.06384821,85636014.19328564,103265086.59942055,82481627.27941059,96461696.20331064,92315450.53692564,87401433.52722807,72289518.6255255,70146830.9981156,82899319.98783316,85118644.22980319,79901303.52618825,93246939.35762827,76301204.87698567,81264877.96842575
2023-01-30,129358018.01311766,90778737.53223059,71003048.63540311,82843963.17912325,72711874.05517557,71431169.2965507,85871922.59425826,110929497.49958074,74645920.06994066,111171148.26015316,92554264.95569563,78022473.7000007,76749294.99364823,83216366.96793056,82077674.63413808,86225265.90201567,76040466.84743801,79641574.54062323,88434803.22637051,90355469.93788074,79505672.95167814,102074200.44218814,81751599.35171567,96491579.71687311,98487446.04523073,81521520.2305457,89701272.58498062,86178266.19931304,90964858.92564054,85649929.47218569,88123873.45908314,81115563.77795088,79607479.70477319,76094447.30106555,83498783.04987065,95973245.37830566,89372069.06384821,85636014.19328564,103265086.59942055,82481627.27941059,96461696.20331064,92315450.53692564,87401433.52722807,72289518.6255255,70146830.9981156,82899319.98783316,85118644.22980319,79901303.52618825,93246939.35762827,76301204.87698567,81264877.96842575
2023-01-31,129358018.01311766,90778737.53223059,71003048.63540311,82843963.17912325,72711874.05517557,71431169.2965507,85871922.59425826,110929497.49958074,74645920.06994066,111171148.26015316,92554264.95569563,78022473.7000007,76749294.99364823,83216366.96793056,82077674.63413808,86225265.90201567,76040466.84743801,79641574.54062323,88434803.22637051,90355469.93788074,79505672.95167814,102074200.44218814,81751599.35171567,96491579.71687311,98487446.04523073,81521520.2305457,89701272.58498062,86178266.19931304,90964858.92564054,85649929.47218569,88123873.45908314,81115563.77795088,79607479.70477319,76094447.30106555,83498783.04987065,95973245.37830566,89372069.06384821,85636014.19328564,103265086.59942055,82481627.27941059,96461696.20331064,92315450.53692564,87401433.52722807,72289518.6255255,70146830.9981156,82899319.98783316,85118644.22980319,79901303.52618825,93246939.35762827,76301204.87698567,81264877.96842575
2023-02-01,129358018.01311766,90778737.53223059,71003048.63540311,82843963.17912325,72711874.05517557,71431169.2965507,85871922.59425826,110929497.49958074,74645920.06994066,111171148.26015316,92554264.95569563,78022473.7000007,76749294.99364823,83216366.96793056,82077674.63413808,86225265.90201567,76040466.84743801,79641574.54062323,88434803.22637051,90355469.93788074,79505672.95167814,102074200.44218814,81751599.35171567,96491579.71687311,98487446.04523073,81521520.2305457,89701272.58498062,86178266.19931304,90964858.92564054,85649929.47218569,88123873.45908314,81115563.77795088,79607479.70477319,76094447.30106555,83498783.04987065,95973245.37830566,89372069.06384821,85636014.19328564,103265086.59942055,82481627.27941059,96461696.20331064,92315450.53692564,87401433.52722807,72289518.6255255,70146830.9981156,82899319.98783316,85118644.22980319,79901303.52618825,93246939.35762827,76301204.87698567,81264877.96842575
2023-02-02,129358018.01311766,90778737.53223059,71003048.63540311,82843963.17912325,72711874.05517557,71431169.2965507,85871922.59425826,110929497.49958074,74645920.06994066,111171148.26015316,92554264.95569563,78022473.7000007,76749294.99364823,83216366.96793056,82077674.63413808,86225265.90201567,76040466.84743801,79641574.54062323,88434803.22637051,90355469.93788074,79505672.95167814,102074200.44218814,81751599.35171567,96491579.71687311,98487446.04523073,81521520.2305457,89701272.58498062,86178266.19931304,90964858.92564054,85649929.47218569,88123873.45908314,81115563.77795088,79607479.70477319,76094447.30106555,83498783.04987065,95973245.37830566,89372069.06384821,85636014.19328564,103265086.59942055,82481627.27941059,96461696.20331064,92315450.53692564,87401433.52722807,72289518.6255255,70146830.9981156,82899319.98783316,85118644.22980319,79901303.52618825,93246939.35762827,76301204.87698567,81264877.96842575
2023-02-03,129358018.01311766,90778737.53223059,71003048.63540311,82843963.17912325,72711874.05517557,71431169.2965507,85871922.59425826,110929497.49958074,74645920.06994066,111171148.26015316,92554264.95569563,78022473.7000007,76749294.99364823,83216366.96793056,82077674.63413808,86225265.90201567,76040466.84743801,79641574.54062323,88434803.22637051,90355469.93788074,79505672.95167814,102074200.44218814,81751599.35171567,96491579.71687311,98487446.04523073,81521520.2305457,89701272.58498062,86178266.19931304,90964858.92564054,85649929.47218569,88123873.45908314,81115563.77795088,79607479.70477319,76094447.30106555,83498783.04987065,95973245.37830566,89372069.06384821,85636014.19328564,103265086.59942055,82481627.27941059,96461696.20331064,92315450.53692564,87401433.52722807,72289518.6255255,70146830.9981156,82899319.98783316,85118644.22980319,79901303.52618825,93246939.35762827,76301204.87698567,81264877.96842575
2023-02-06,129358018.01311766,90778737.53223059,71003048.63540311,82843963.17912325,72711874.05517557,71431169.2965507,85871922.59425826,110929497.49958074,74645920.06994066,111171148.26015316,92554264.95569563,78022473.7000007,76749294.99364823,83216366.96793056,82077674.63413808,86225265.90201567,76040466.84743801,79641574.54062323,88434803.22637051,90355469.93788074,79505672.95167814,102074200.44218814,81751599.35171567,96491579.71687311,98487446.04523073,81521520.2305457,89701272.58498062,86178266.19931304,90964858.92564054,85649929.47218569,88123873.45908314,81115563.77795088,79607479.70477319,76094447.30106555,83498783.04987065,95973245.37830566,89372069.06384821,85636014.19328564,103265086.59942055,82481627.27941059,96461696.20331064,92315450.53692564,87401433.52722807,72289518.6255255,70146830.9981156,82899319.98783316,85118644.22980319,79901303.52618825,93246939.35762827,76301204.87698567,81264877.96842575
2023-02-07,129358018.01311766,90778737.53223059,71003048.63540311,82843963.17912325,72711874.05517557,71431169.2965507,85871922.59425826,110929497.49958074,74645920.06994066,111171148.26015316,92554264.95569563,78022473.7000007,76749294.99364823,83216366.96793056,82077674.63413808,86225265.90201567,76040466.84743801,79641574.54062323,88434803.22637051,90355469.93788074,79505672.95167814,102074200.44218814,81751599.35171567,96491579.71687311,98487446.04523073,81521520.2305457,89701272.58498062,86178266.19931304,90964858.92564054,85649929.47218569,88123873.45908314,81115563.77795088,79607479.70477319,76094447.30106555,83498783.04987065,95973245.37830566,89372069.06384821,85636014.19328564,103265086.59942055,82481627.27941059,96461696.20331064,92315450.53692564,87401433.52722807,72289518.6255255,70146830.9981156,82899319.98783316,85118644.22980319,79901303.52618825,93246939.35762827,76301204.87698567,81264877.96842575
2023-02-08,129358018.01311766,90778737.53223059,71003048.63540311,82843963.17912325,72711874.05517557,71431169.2965507,85871922.59425826,110929497.49958074,74645920.06994066,111171148.26015316,92554264.95569563,78022473.7000007,76749294.99364823,83216366.96793056,82077674.63413808,86225265.90201567,76040466.84743801,79641574.54062323,88434803.22637051,90355469.93788074,79505672.95167814,102074200.44218814,81751599.35171567,96491579.71687311,98487446.04523073,81521520.2305457,89701272.58498062,86178266.19931304,90964858.92564054,85649929.47218569,88123873.45908314,81115563.77795088,79607479.70477319,76094447.30106555,83498783.04987065,95973245.37830566,89372069.06384821,85636014.19328564,103265086.59942055,82481627.27941059,96461696.20331064,92315450.53692564,87401433.52722807,72289518.6255255,70146830.9981156,82899319.98783316,85118644.22980319,79901303.52618825,93246939.35762827,76301204.87698567,81264877.96842575
2023-02-09,129358018.01311766,90778737.53223059,71003048.63540311,82843963.17912325,72711874.05517557,71431169.2965507,85871922.59425826,110929497.49958074,74645920.06994066,111171148.26015316,92554264.95569563,78022473.7000007,76749294.99364823,83216366.96793056,82077674.63413808,86225265.90201567,76040466.84743801,79641574.54062323,88434803.22637051,90355469.93788074,79505672.95167814,102074200.44218814,81751599.35171567,96491579.71687311,98487446.04523073,81521520.2305457,89701272.58498062,86178266.19931304,90964858.92564054,85649929.47218569,88123873.45908314,81115563.77795088,79607479.70477319,76094447.30106555,83498783.04987065,95973245.37830566,89372069.06384821,85636014.19328564,103265086.59942055,82481627.27941059,96461696.20331064,92315450.53692564,87401433.52722807,72289518.6255255,70146830.9981156,82899319.98783316,85118644.22980319,79901303.52618825,93246939.35762827,76301204.87698567,81264877.96842575
2023-02-10,129358018.01311766,90778737.53223059,71003048.63540311,82843963.17912325,72711874.05517557,71431169.2965507,85871922.59425826,110929497.49958074,74645920.06994066,111171148.26015316,92554264.95569563,78022473.7000007,76749294.99364823,83216366.96793056,82077674.63413808,86225265.90201567,76040466.84743801,79641574.54062323,88434803.22637051,90355469.93788074,79505672.95167814,102074200.44218814,81751599.35171567,96491579.71687311,98487446.04523073,81521520.2305457,89701272.58498062,86178266.19931304,90964858.92564054,85649929.47218569,88123873.45908314,81115563.77795088,79607479.70477319,76094447.30106555,83498783.04987065,95973245.37830566,89372069.06384821,85636014.19328564,103265086.59942055,82481627.27941059,96461696.20331064,92315450.53692564,87401433.52722807,72289518.6255255,70146830.9981156,82899319.98783316,85118644.22980319,79901303.52618825,93246939.35762827,76301204.87698567,81264877.96842575
2023-02-13,129358018.01311766,90778737.53223059,71003048.63540311,82843963.17912325,72711874.05517557,71431169.2965507,85871922.59425826,110929497.49958074,74645920.06994066,111171148.26015316,92554264.95569563,78022473.7000007,76749294.99364823,83216366.96793056,82077674.63413808,86225265.90201567,76040466.84743801,79641574.54062323,88434803.22637051,90355469.93788074,79505672.95167814,102074200.44218814,81751599.35171567,96491579.71687311,98487446.04523073,81521520.2305457,89701272.58498062,86178266.19931304,90964858.92564054,85649929.47218569,88123873.45908314,81115563.77795088,79607479.70477319,76094447.30106555,83498783.04987065,95973245.37830566,89372069.06384821,85636014.19328564,103265086.59942055,82481627.27941059,96461696.20331064,92315450.53692564,87401433.52722807,72289518.6255255,70146830.9981156,82899319.98783316,85118644.22980319,79901303.52618825,93246939.35762827,76301204.87698567,81264877.96842575
2023-02-14,129358018.01311766,90778737.53223059,71003048.63540311,82843963.17912325,72711874.05517557,71431169.2965507,85871922.59425826,110929497.49958074,74645920.06994066,111171148.26015316,92554264.95569563,78022473.7000007,76749294.99364823,83216366.96793056,82077674.63413808,86225265.90201567,76040466.84743801,79641574.54062323,88434803.22637051,90355469.93788074,79505672.95167814,102074200.44218814,81751599.35171567,96491579.71687311,98487446.04523073,81521520.2305457,89701272.58498062,86178266.19931304,90964858.92564054,85649929.47218569,88123873.45908314,81115563.77795088,79607479.70477319,76094447.30106555,83498783.04987065,95973245.37830566,89372069.06384821,85636014.19328564,103265086.59942055,82481627.27941059,96461696.20331064,92315450.53692564,87401433.52722807,72289518.6255255,70146830.9981156,82899319.98783316,85118644.22980319,79901303.52618825,93246939.35762827,76301204.87698567,81264877.96842575
2023-02-15,129358018.01311766,90778737.53223059,71003048.63540311,82843963.17912325,72711874.05517557,71431169.2965507,85871922.59425826,110929497.49958074,74645920.06994066,111171148.26015316,92554264.95569563,78022473.7000007,76749294.99364823,83216366.96793056,82077674.63413808,86225265.90201567,76040466.84743801,79641574.54062323,88434803.22637051,90355469.93788074,79505672.95167814,102074200.44218814,81751599.35171567,96491579.71687311,98487446.04523073,81521520.2305457,89701272.58498062,86178266.19931304,90964858.92564054,85649929.47218569,88123873.45908314,81115563.77795088,79607479.70477319,76094447.30106555,83498783.04987065,95973245.37830566,89372069.06384821,85636014.19328564,103265086.59942055,82481627.27941059,96461696.20331064,92315450.53692564,87401433.52722807,72289518.6255255,70146830.9981156,82899319.98783316,85118644.22980319,79901303.52618825,93246939.35762827,76301204.87698567,81264877.96842575
2023-02-16,129358018.01311766,90778737.53223059,71003048.63540311,82843963.17912325,72711874.05517557,71431169.2965507,85871922.59425826,110929497.49958074,74645920.06994066,111171148.26015316,92554264.95569563,78022473.7000007,76749294.99364823,83216366.96793056,82077674.63413808,86225265.90201567,76040466.84743801,79641574.54062323,88434803.22637051,90355469.93788074,79505672.95167814,102074200.44218814,81751599.35171567,96491579.71687311,98487446.04523073,81521520.2305457,89701272.58498062,86178266.19931304,90964858.92564054,85649929.47218569,88123873.45908314,81115563.77795088,79607479.70477319,76094447.30106555,83498783.04987065,95973245.37830566,89372069.06384821,85636014.19328564,103265086.59942055,82481627.27941059,96461696.20331064,92315450.53692564,87401433.52722807,72289518.6255255,70146830.9981156,82899319.98783316,85118644.22980319,79901303.52618825,93246939.35762827,76301204.87698567,81264877.96842575
2023-02-17,129358018.01311766,90778737.53223059,71003048.63540311,82843963.17912325,72711874.05517557,71431169.2965507,85871922.59425826,110929497.49958074,74645920.06994066,111171148.26015316,92554264.95569563,78022473.7000007,76749294.99364823,83216366.96793056,82077674.63413808,86225265.90201567,76040466.84743801,79641574.54062323,88434803.22637051,90355469.93788074,79505672.95167814,102074200.44218814,81751599.35171567,96491579.71687311,98487446.04523073,81521520.2305457,89701272.58498062,86178266.19931304,90964858.92564054,85649929.47218569,88123873.45908314,81115563.77795088,79607479.70477319,76094447.30106555,83498783.04987065,95973245.37830566,89372069.06384821,85636014.19328564,103265086.59942055,82481627.27941059,96461696.20331064,92315450.53692564,87401433.52722807,72289518.6255255,70146830.9981156,82899319.98783316,85118644.22980319,79901303.52618825,93246939.35762827,76301204.87698567,81264877.96842575
2023-02-20,129358018.01311766,90778737.53223059,71003048.63540311,82843963.17912325,72711874.05517557,71431169.2965507,85871922.59425826,110929497.49958074,74645920.06994066,111171148.26015316,92554264.95569563,78022473.7000007,76749294.99364823,83216366.96793056,82077674.63413808,86225265.90201567,76040466.84743801,79641574.54062323,88434803.22637051,90355469.93788074,79505672.95167814,102074200.44218814,81751599.35171567,96491579.71687311,98487446.04523073,81521520.2305457,89701272.58498062,86178266.19931304,90964858.92564054,85649929.47218569,88123873.45908314,81115563.77795088,79607479.70477319,76094447.30106555,83498783.04987065,95973245.37830566,89372069.06384821,85636014.19328564,103265086.59942055,82481627.27941059,96461696.20331064,92315450.53692564,87401433.52722807,72289518.6255255,70146830.9981156,82899319.98783316,85118644.22980319,79901303.52618825,93246939.35762827,76301204.87698567,81264877.96842575
2023-02-21,129358018.01311766,90778737.53223059,71003048.63540311,82843963.17912325,72711874.05517557,71431169.2965507,85871922.59425826,110929497.49958074,74645920.06994066,111171148.26015316,92554264.95569563,78022473.7000007,76749294.99364823,83216366.96793056,82077674.63413808,86225265.90201567,76040466.84743801,79641574.54062323,88434803.22637051,90355469.93788074,79505672.95167814,102074200.44218814,81751599.35171567,96491579.71687311,98487446.04523073,81521520.2305457,89701272.58498062,86178266.19931304,90964858.92564054,85649929.47218569,88123873.45908314,81115563.77795088,79607479.70477319,76094447.30106555,83498783.04987065,95973245.37830566,89372069.06384821,85636014.19328564,103265086.59942055,82481627.27941059,96461696.20331064,92315450.53692564,87401433.52722807,72289518.6255255,70146830.9981156,82899319.98783316,85118644.22980319,79901303.52618825,93246939.35762827,76301204.87698567,81264877.96842575
2023-02-22,129358018.01311766,90778737.53223059,71003048.63540311,82843963.17912325,72711874.05517557,71431169.2965507,85871922.59425826,110929497.49958074,74645920.06994066,111171148.26015316,92554264.95569563,78022473.7000007,76749294.99364823,83216366.96793056,82077674.63413808,86225265.90201567,76040466.84743801,79641574.54062323,88434803.22637051,90355469.93788074,79505672.95167814,102074200.44218814,81751599.35171567,96491579.71687311,98487446.04523073,81521520.2305457,89701272.58498062,86178266.19931304,90964858.92564054,85649929.47218569,88123873.45908314,81115563.77795088,79607479.70477319,76094447.30106555,83498783.04987065,95973245.37830566,89372069.06384821,85636014.19328564,103265086.59942055,82481627.27941059,96461696.20331064,92315450.53692564,87401433.52722807,72289518.6255255,70146830.9981156,82899319.98783316,85118644.22980319,79901303.52618825,93246939.35762827,76301204.87698567,81264877.96842575
2023-02-23,129358018.01311766,90778737.53223059,71003048.63540311,82843963.17912325,72711874.05517557,71431169.2965507,85871922.59425826,110929497.49958074,74645920.06994066,111171148.26015316,92554264.95569563,78022473.7000007,76749294.99364823,83216366.96793056,82077674.63413808,86225265.90201567,76040466.84743801,79641574.54062323,88434803.22637051,90355469.93788074,79505672.95167814,102074200.44218814,81751599.35171567,96491579.71687311,98487446.04523073,81521520.2305457,89701272.58498062,86178266.19931304,90964858.92564054,85649929.47218569,88123873.45908314,81115563.77795088,79607479.70477319,76094447.30106555,83498783.04987065,95973245.37830566,89372069.06384821,85636014.19328564,103265086.59942055,82481627.27941059,96461696.20331064,92315450.53692564,87401433.52722807,72289518.6255255,70146830.9981156,82899319.98783316,85118644.22980319,79901303.52618825,93246939.35762827,76301204.87698567,81264877.96842575
2023-02-24,129358018.01311766,90778737.53223059,71003048.63540311,82843963.17912325,72711874.05517557,71431169.2965507,85871922.59425826,110929497.49958074,74645920.06994066,111171148.26015316,92554264.95569563,78022473.7000007,76749294.99364823,83216366.96793056,82077674.63413808,86225265.90201567,76040466.84743801,79641574.54062323,88434803.22637051,90355469.93788074,79505672.95167814,102074200.44218814,81751599.35171567,96491579.71687311,98487446.04523073,81521520.2305457,89701272.58498062,86178266.19931304,90964858.92564054,85649929.47218569,88123873.45908314,81115563.77795088,79607479.70477319,76094447.30106555,83498783.04987065,95973245.37830566,89372069.06384821,85636014.19328564,103265086.59942055,82481627.27941059,96461696.20331064,92315450.53692564,87401433.52722807,72289518.6255255,70146830.9981156,82899319.98783316,85118644.22980319,79901303.52618825,93246939.35762827,76301204.87698567,81264877.96842575
2023-02-27,129358018.01311766,90778737.53223059,71003048.63540311,82843963.17912325,72711874.05517557,71431169.2965507,85871922.59425826,110929497.49958074,74645920.06994066,111171148.26015316,92554264.95569563,78022473.7000007,76749294.99364823,83216366.96793056,82077674.63413808,86225265.90201567,76040466.84743801,79641574.54062323,88434803.22637051,90355469.93788074,79505672.95167814,102074200.44218814,81751599.35171567,96491579.71687311,98487446.04523073,81521520.2305457,89701272.58498062,86178266.19931304,90964858.92564054,85649929.47218569,88123873.45908314,81115563.77795088,79607479.70477319,76094447.30106555,83498783.04987065,95973245.37830566,89372069.06384821,85636014.19328564,103265086.59942055,82481627.27941059,96461696.20331064,92315450.53692564,87401433.52722807,72289518.6255255,70146830.9981156,82899319.98783316,85118644.22980319,79901303.52618825,93246939.35762827,76301204.87698567,81264877.96842575
2023-02-28,129358018.01311766,90778737.53223059,71003048.63540311,82843963.17912325,72711874.05517557,71431169.2965507,85871922.59425826,110929497.49958074,74645920.06994066,111171148.26015316,92554264.95569563,78022473.7000007,76749294.99364823,83216366.96793056,82077674.63413808,86225265.90201567,76040466.84743801,79641574.54062323,88434803.22637051,90355469.93788074,79505672.95167814,102074200.44218814,81751599.35171567,96491579.71687311,98487446.04523073,81521520.2305457,89701272.58498062,86178266.19931304,90964858.92564054,85649929.47218569,88123873.45908314,81115563.77795088,79607479.70477319,76094447.30106555,83498783.04987065,95973245.37830566,89372069.06384821,85636014.19328564,103265086.59942055,82481627.27941059,96461696.20331064,92315450.53692564,87401433.52722807,72289518.6255255,70146830.9981156,82899319.98783316,85118644.22980319,79901303.52618825,93246939.35762827,76301204.87698567,81264877.96842575
2023-03-01,129358018.01311766,90778737.53223059,71003048.63540311,82843963.17912325,72711874.05517557,71431169.2965507,85871922.59425826,110929497.49958074,74645920.06994066,111171148.26015316,92554264.95569563,78022473.7000007,76749294.99364823,83216366.96793056,82077674.63413808,86225265.90201567,76040466.84743801,79641574.54062323,88434803.22637051,90355469.93788074,79505672.95167814,102074200.44218814,81751599.35171567,96491579.71687311,98487446.04523073,81521520.2305457,89701272.58498062,86178266.19931304,90964858.92564054,85649929.47218569,88123873.45908314,81115563.77795088,79607479.70477319,76094447.30106555,83498783.04987065,95973245.37830566,89372069.06384821,85636014.19328564,103265086.59942055,82481627.27941059,96461696.20331064,92315450.53692564,87401433.52722807,72289518.6255255,70146830.9981156,82899319.98783316,85118644.22980319,79901303.52618825,93246939.35762827,76301204.87698567,81264877.96842575
2023-03-02,129358018.01311766,90778737.53223059,71003048.63540311,82843963.17912325,72711874.05517557,71431169.2965507,85871922.59425826,110929497.49958074,74645920.06994066,111171148.26015316,92554264.95569563,78022473.7000007,76749294.99364823,83216366.96793056,82077674.63413808,86225265.90201567,76040466.84743801,79641574.54062323,88434803.22637051,90355469.93788074,79505672.95167814,102074200.44218814,81751599.35171567,96491579.71687311,98487446.04523073,81521520.2305457,89701272.58498062,86178266.19931304,90964858.92564054,85649929.47218569,88123873.45908314,81115563.77795088,79607479.70477319,76094447.30106555,83498783.04987065,95973245.37830566,89372069.06384821,85636014.19328564,103265086.59942055,82481627.27941059,96461696.20331064,92315450.53692564,87401433.52722807,72289518.6255255,70146830.9981156,82899319.98783316,85118644.22980319,79901303.52618825,93246939.35762827,76301204.87698567,81264877.96842575
2023-03-03,129358018.01311766,90778737.53223059,71003048.63540311,82843963.17912325,72711874.05517557,71431169.2965507,85871922.59425826,110929497.49958074,74645920.06994066,111171148.26015316,92554264.95569563,78022473.7000007,76749294.99364823,83216366.96793056,82077674.63413808,86225265.90201567,76040466.84743801,79641574.54062323,88434803.22637051,90355469.93788074,79505672.95167814,102074200.44218814,81751599.35171567,96491579.71687311,98487446.04523073,81521520.2305457,89701272.58498062,86178266.19931304,90964858.92564054,85649929.47218569,88123873.45908314,81115563.77795088,79607479.70477319,76094447.30106555,83498783.04987065,95973245.37830566,89372069.06384821,85636014.19328564,103265086.59942055,82481627.27941059,96461696.20331064,92315450.53692564,87401433.52722807,72289518.6255255,70146830.9981156,82899319.98783316,85118644.22980319,79901303.52618825,93246939.35762827,76301204.87698567,81264877.96842575
2023-03-06,129358018.01311766,90778737.53223059,71003048.63540311,82843963.17912325,72711874.05517557,71431169.2965507,85871922.59425826,110929497.49958074,74645920.06994066,111171148.26015316,92554264.95569563,78022473.7000007,76749294.99364823,83216366.96793056,82077674.63413808,86225265.90201567,76040466.84743801,79641574.54062323,88434803.22637051,90355469.93788074,79505672.95167814,102074200.44218814,81751599.35171567,96491579.71687311,98487446.04523073,81521520.2305457,89701272.58498062,86178266.19931304,90964858.92564054,85649929.47218569,88123873.45908314,81115563.77795088,79607479.70477319,76094447.30106555,83498783.04987065,95973245.37830566,89372069.06384821,85636014.19328564,103265086.59942055,82481627.27941059,96461696.20331064,92315450.53692564,87401433.52722807,72289518.6255255,70146830.9981156,82899319.98783316,85118644.22980319,79901303.52618825,93246939.35762827,76301204.87698567,81264877.96842575
2023-03-07,129358018.01311766,90778737.53223059,71003048.63540311,82843963.17912325,72711874.05517557,71431169.2965507,85871922.59425826,110929497.49958074,74645920.06994066,111171148.26015316,92554264.95569563,78022473.7000007,76749294.99364823,83216366.96793056,82077674.63413808,86225265.90201567,76040466.84743801,79641574.54062323,88434803.22637051,90355469.93788074,79505672.95167814,102074200.44218814,81751599.35171567,96491579.71687311,98487446.04523073,81521520.2305457,89701272.58498062,86178266.19931304,90964858.92564054,85649929.47218569,88123873.45908314,81115563.77795088,79607479.70477319,76094447.30106555,83498783.04987065,95973245.37830566,89372069.06384821,85636014.19328564,103265086.59942055,82481627.27941059,96461696.20331064,92315450.53692564,87401433.52722807,72289518.6255255,70146830.9981156,82899319.98783316,85118644.22980319,79901303.52618825,93246939.35762827,76301204.87698567,81264877.96842575
2023-03-08,129358018.01311766,90778737.53223059,71003048.63540311,82843963.17912325,72711874.05517557,71431169.2965507,85871922.59425826,110929497.49958074,74645920.06994066,111171148.26015316,92554264.95569563,78022473.7000007,76749294.99364823,83216366.96793056,82077674.63413808,86225265.90201567,76040466.84743801,79641574.54062323,88434803.22637051,90355469.93788074,79505672.95167814,102074200.44218814,81751599.35171567,96491579.71687311,98487446.04523073,81521520.2305457,89701272.58498062,86178266.19931304,90964858.92564054,85649929.47218569,88123873.45908314,81115563.77795088,79607479.70477319,76094447.30106555,83498783.04987065,95973245.37830566,89372069.06384821,85636014.19328564,103265086.59942055,82481627.27941059,96461696.20331064,92315450.53692564,87401433.52722807,72289518.6255255,70146830.9981156,82899319.98783316,85118644.22980319,79901303.52618825,93246939.35762827,76301204.87698567,81264877.96842575
2023-03-09,129358018.01311766,90778737.53223059,71003048.63540311,82843963.17912325,72711874.05517557,71431169.2965507,85871922.59425826,110929497.49958074,74645920.06994066,111171148.26015316,92554264.95569563,78022473.7000007,76749294.99364823,83216366.96793056,82077674.63413808,86225265.90201567,76040466.84743801,79641574.54062323,88434803.22637051,90355469.93788074,79505672.95167814,102074200.44218814,81751599.35171567,96491579.71687311,98487446.04523073,81521520.2305457,89701272.58498062,86178266.19931304,90964858.92564054,85649929.47218569,88123873.45908314,81115563.77795088,79607479.70477319,76094447.30106555,83498783.04987065,95973245.37830566,89372069.06384821,85636014.19328564,103265086.59942055,82481627.27941059,96461696.20331064,92315450.53692564,87401433.52722807,72289518.6255255,70146830.9981156,82899319.98783316,85118644.22980319,79901303.52618825,93246939.35762827,76301204.87698567,81264877.96842575
2023-03-10,129358018.01311766,90778737.53223059,71003048.63540311,82843963.17912325,72711874.05517557,71431169.2965507,85871922.59425826,110929497.49958074,74645920.06994066,111171148.26015316,92554264.95569563,78022473.7000007,76749294.99364823,83216366.96793056,82077674.63413808,86225265.90201567,76040466.84743801,79641574.54062323,88434803.22637051,90355469.93788074,79505672.95167814,102074200.44218814,81751599.35171567,96491579.71687311,98487446.04523073,81521520.2305457,89701272.58498062,86178266.19931304,90964858.92564054,85649929.47218569,88123873.45908314,81115563.77795088,79607479.70477319,76094447.30106555,83498783.04987065,95973245.37830566,89372069.06384821,85636014.19328564,103265086.59942055,82481627.27941059,96461696.20331064,92315450.53692564,87401433.52722807,72289518.6255255,70146830.9981156,82899319.98783316,85118644.22980319,79901303.52618825,93246939.35762827,76301204.87698567,81264877.96842575
2023-03-13,129358018.01311766,90778737.53223059,71003048.63540311,82843963.17912325,72711874.05517557,71431169.2965507,85871922.59425826,110929497.49958074,74645920.06994066,111171148.26015316,92554264.95569563,78022473.7000007,76749294.99364823,83216366.96793056,82077674.63413808,86225265.90201567,76040466.84743801,79641574.54062323,88434803.22637051,90355469.93788074,79505672.95167814,102074200.44218814,81751599.35171567,96491579.71687311,98487446.04523073,81521520.2305457,89701272.58498062,86178266.19931304,90964858.92564054,85649929.47218569,88123873.45908314,81115563.77795088,79607479.70477319,76094447.30106555,83498783.04987065,95973245.37830566,89372069.06384821,85636014.19328564,103265086.59942055,82481627.27941059,96461696.20331064,92315450.53692564,87401433.52722807,72289518.6255255,70146830.9981156,82899319.98783316,85118644.22980319,79901303.52618825,93246939.35762827,76301204.87698567,81264877.96842575
2023-03-14,129358018.01311766,90778737.53223059,71003048.63540311,82843963.17912325,72711874.05517557,71431169.2965507,85871922.59425826,110929497.49958074,74645920.06994066,111171148.26015316,92554264.95569563,78022473.7000007,76749294.99364823,83216366.96793056,82077674.63413808,86225265.90201567,76040466.84743801,79641574.54062323,88434803.22637051,90355469.93788074,79505672.95167814,102074200.44218814,81751599.35171567,96491579.71687311,98487446.04523073,81521520.2305457,89701272.58498062,86178266.19931304,90964858.92564054,85649929.47218569,88123873.45908314,81115563.77795088,79607479.70477319,76094447.30106555,83498783.04987065,95973245.37830566,89372069.06384821,85636014.19328564,103265086.59942055,82481627.27941059,96461696.20331064,92315450.53692564,87401433.52722807,72289518.6255255,70146830.9981156,82899319.98783316,85118644.22980319,79901303.52618825,93246939.35762827,76301204.87698567,81264877.96842575
2023-03-15,129358018.01311766,90778737.53223059,71003048.63540311,82843963.17912325,72711874.05517557,71431169.2965507,85871922.59425826,110929497.49958074,74645920.06994066,111171148.26015316,92554264.95569563,78022473.7000007,76749294.99364823,83216366.96793056,82077674.63413808,86225265.90201567,76040466.84743801,79641574.54062323,88434803.22637051,90355469.93788074,79505672.95167814,102074200.44218814,81751599.35171567,96491579.71687311,98487446.04523073,81521520.2305457,89701272.58498062,86178266.19931304,90964858.92564054,85649929.47218569,88123873.45908314,81115563.77795088,79607479.70477319,76094447.30106555,83498783.04987065,95973245.37830566,89372069.06384821,85636014.19328564,103265086.59942055,82481627.27941059,96461696.20331064,92315450.53692564,87401433.52722807,72289518.6255255,70146830.9981156,82899319.98783316,85118644.22980319,79901303.52618825,93246939.35762827,76301204.87698567,81264877.96842575
2023-03-16,129358018.01311766,90778737.53223059,71003048.63540311,82843963.17912325,72711874.05517557,71431169.2965507,85871922.59425826,110929497.49958074,74645920.06994066,111171148.26015316,92554264.95569563,78022473.7000007,76749294.99364823,83216366.96793056,82077674.63413808,86225265.90201567,76040466.84743801,79641574.54062323,88434803.22637051,90355469.93788074,79505672.95167814,102074200.44218814,81751599.35171567,96491579.71687311,98487446.04523073,81521520.2305457,89701272.58498062,86178266.19931304,90964858.92564054,85649929.47218569,88123873.45908314,81115563.77795088,79607479.70477319,76094447.30106555,83498783.04987065,95973245.37830566,89372069.06384821,85636014.19328564,103265086.59942055,82481627.27941059,96461696.20331064,92315450.53692564,87401433.52722807,72289518.6255255,70146830.9981156,82899319.98783316,85118644.22980319,79901303.52618825,93246939.35762827,76301204.87698567,81264877.96842575
2023-03-17,129358018.01311766,90778737.53223059,71003048.63540311,82843963.17912325,72711874.05517557,71431169.2965507,85871922.59425826,110929497.49958074,74645920.06994066,111171148.26015316,92554264.95569563,78022473.7000007,76749294.99364823,83216366.96793056,82077674.63413808,86225265.90201567,76040466.84743801,79641574.54062323,88434803.22637051,90355469.93788074,79505672.95167814,102074200.44218814,81751599.35171567,96491579.71687311,98487446.04523073,81521520.2305457,89701272.58498062,86178266.19931304,90964858.92564054,85649929.47218569,88123873.45908314,81115563.77795088,79607479.70477319,76094447.30106555,83498783.04987065,95973245.37830566,89372069.06384821,85636014.19328564,103265086.59942055,82481627.27941059,96461696.20331064,92315450.53692564,87401433.52722807,72289518.6255255,70146830.9981156,82899319.98783316,85118644.22980319,79901303.52618825,93246939.35762827,76301204.87698567,81264877.96842575
2023-03-20,129358018.01311766,90778737.53223059,71003048.63540311,82843963.17912325,72711874.05517557,71431169.2965507,85871922.59425826,110929497.49958074,74645920.06994066,111171148.26015316,92554264.95569563,78022473.7000007,76749294.99364823,83216366.96793056,82077674.63413808,86225265.90201567,76040466.84743801,79641574.54062323,88434803.22637051,90355469.93788074,79505672.95167814,102074200.44218814,81751599.35171567,96491579.71687311,98487446.04523073,81521520.2305457,89701272.58498062,86178266.19931304,90964858.92564054,85649929.47218569,88123873.45908314,81115563.77795088,79607479.70477319,76094447.30106555,83498783.04987065,95973245.37830566,89372069.06384821,85636014.19328564,103265086.59942055,82481627.27941059,96461696.20331064,92315450.53692564,87401433.52722807,72289518.6255255,70146830.9981156,82899319.98783316,85118644.22980319,79901303.52618825,93246939.35762827,76301204.87698567,81264877.96842575
2023-03-21,129358018.01311766,90778737.53223059,71003048.63540311,82843963.17912325,72711874.05517557,71431169.2965507,85871922.59425826,110929497.49958074,74645920.06994066,111171148.26015316,92554264.95569563,78022473.7000007,76749294.99364823,83216366.96793056,82077674.63413808,86225265.90201567,76040466.84743801,79641574.54062323,88434803.22637051,90355469.93788074,79505672.95167814,102074200.44218814,81751599.35171567,96491579.71687311,98487446.04523073,81521520.2305457,89701272.58498062,86178266.19931304,90964858.92564054,85649929.47218569,88123873.45908314,81115563.77795088,79607479.70477319,76094447.30106555,83498783.04987065,95973245.37830566,89372069.06384821,85636014.19328564,103265086.59942055,82481627.27941059,96461696.20331064,92315450.53692564,87401433.52722807,72289518.6255255,70146830.9981156,82899319.98783316,85118644.22980319,79901303.52618825,93246939.35762827,76301204.87698567,81264877.96842575
2023-03-22,129358018.01311766,90778737.53223059,71003048.63540311,82843963.17912325,72711874.05517557,71431169.2965507,85871922.59425826,110929497.49958074,74645920.06994066,111171148.26015316,92554264.95569563,78022473.7000007,76749294.99364823,83216366.96793056,82077674.63413808,86225265.90201567,76040466.84743801,79641574.54062323,88434803.22637051,90355469.93788074,79505672.95167814,102074200.44218814,81751599.35171567,96491579.71687311,98487446.04523073,81521520.2305457,89701272.58498062,86178266.19931304,90964858.92564054,85649929.47218569,88123873.45908314,81115563.77795088,79607479.70477319,76094447.30106555,83498783.04987065,95973245.37830566,89372069.06384821,85636014.19328564,103265086.59942055,82481627.27941059,96461696.20331064,92315450.53692564,87401433.52722807,72289518.6255255,70146830.9981156,82899319.98783316,85118644.22980319,79901303.52618825,93246939.35762827,76301204.87698567,81264877.96842575
2023-03-23,129358018.01311766,90778737.53223059,71003048.63540311,82843963.17912325,72711874.05517557,71431169.2965507,85871922.59425826,110929497.49958074,74645920.06994066,111171148.26015316,92554264.95569563,78022473.7000007,76749294.99364823,83216366.96793056,82077674.63413808,86225265.90201567,76040466.84743801,79641574.54062323,88434803.22637051,90355469.93788074,79505672.95167814,102074200.44218814,81751599.35171567,96491579.71687311,98487446.04523073,81521520.2305457,89701272.58498062,86178266.19931304,90964858.92564054,85649929.47218569,88123873.45908314,81115563.77795088,79607479.70477319,76094447.30106555,83498783.04987065,95973245.37830566,89372069.06384821,85636014.19328564,103265086.59942055,82481627.27941059,96461696.20331064,92315450.53692564,87401433.52722807,72289518.6255255,70146830.9981156,82899319.98783316,85118644.22980319,79901303.52618825,93246939.35762827,76301204.87698567,81264877.96842575
2023-03-24,129358018.01311766,90778737.53223059,71003048.63540311,82843963.17912325,72711874.05517557,71431169.2965507,85871922.59425826,110929497.49958074,74645920.06994066,111171148.26015316,92554264.95569563,78022473.7000007,76749294.99364823,83216366.96793056,82077674.63413808,86225265.90201567,76040466.84743801,79641574.54062323,88434803.22637051,90355469.93788074,79505672.95167814,102074200.44218814,81751599.35171567,96491579.71687311,98487446.04523073,81521520.2305457,89701272.58498062,86178266.19931304,90964858.92564054,85649929.47218569,88123873.45908314,81115563.77795088,79607479.70477319,76094447.30106555,83498783.04987065,95973245.37830566,89372069.06384821,85636014.19328564,103265086.59942055,82481627.27941059,96461696.20331064,92315450.53692564,87401433.52722807,72289518.6255255,70146830.9981156,82899319.98783316,85118644.22980319,79901303.52618825,93246939.35762827,76301204.87698567,81264877.96842575
2023-03-27,129358018.01311766,90778737.53223059,71003048.63540311,82843963.17912325,72711874.05517557,71431169.2965507,85871922.59425826,110929497.49958074,74645920.06994066,111171148.26015316,92554264.95569563,78022473.7000007,76749294.99364823,83216366.96793056,82077674.63413808,86225265.90201567,76040466.84743801,79641574.54062323,88434803.22637051,90355469.93788074,79505672.95167814,102074200.44218814,81751599.35171567,96491579.71687311,98487446.04523073,81521520.2305457,89701272.58498062,86178266.19931304,90964858.92564054,85649929.47218569,88123873.45908314,81115563.77795088,79607479.70477319,76094447.30106555,83498783.04987065,95973245.37830566,89372069.06384821,85636014.19328564,103265086.59942055,82481627.27941059,96461696.20331064,92315450.53692564,87401433.52722807,72289518.6255255,70146830.9981156,82899319.98783316,85118644.22980319,79901303.52618825,93246939.35762827,76301204.87698567,81264877.96842575
2023-03-28,129358018.01311766,90778737.53223059,71003048.63540311,82843963.17912325,72711874.05517557,71431169.2965507,85871922.59425826,110929497.49958074,74645920.06994066,111171148.26015316,92554264.95569563,78022473.7000007,76749294.99364823,83216366.96793056,82077674.63413808,86225265.90201567,76040466.84743801,79641574.54062323,88434803.22637051,90355469.93788074,79505672.95167814,102074200.44218814,81751599.35171567,96491579.71687311,98487446.04523073,81521520.2305457,89701272.58498062,86178266.19931304,90964858.92564054,85649929.47218569,88123873.45908314,81115563.77795088,79607479.70477319,76094447.30106555,83498783.04987065,95973245.37830566,89372069.06384821,85636014.19328564,103265086.59942055,82481627.27941059,96461696.20331064,92315450.53692564,87401433.52722807,72289518.6255255,70146830.9981156,82899319.98783316,85118644.22980319,79901303.52618825,93246939.35762827,76301204.87698567,81264877.96842575
2023-03-29,129358018.01311766,90778737.53223059,71003048.63540311,82843963.17912325,72711874.05517557,71431169.2965507,85871922.59425826,110929497.49958074,74645920.06994066,111171148.26015316,92554264.95569563,78022473.7000007,76749294.99364823,83216366.96793056,82077674.63413808,86225265.90201567,76040466.84743801,79641574.54062323,88434803.22637051,90355469.93788074,79505672.95167814,102074200.44218814,81751599.35171567,96491579.71687311,98487446.04523073,81521520.2305457,89701272.58498062,86178266.19931304,90964858.92564054,85649929.47218569,88123873.45908314,81115563.77795088,79607479.70477319,76094447.30106555,83498783.04987065,95973245.37830566,89372069.06384821,85636014.19328564,103265086.59942055,82481627.27941059,96461696.20331064,92315450.53692564,87401433.52722807,72289518.6255255,70146830.9981156,82899319.98783316,85118644.22980319,79901303.52618825,93246939.35762827,76301204.87698567,81264877.96842575
2023-03-30,129358018.01311766,90778737.53223059,71003048.63540311,82843963.17912325,72711874.05517557,71431169.2965507,85871922.59425826,110929497.49958074,74645920.06994066,111171148.26015316,92554264.95569563,78022473.7000007,76749294.99364823,83216366.96793056,82077674.63413808,86225265.90201567,76040466.84743801,79641574.54062323,88434803.22637051,90355469.93788074,79505672.95167814,102074200.44218814,81751599.35171567,96491579.71687311,98487446.04523073,81521520.2305457,89701272.58498062,86178266.19931304,90964858.92564054,85649929.47218569,88123873.45908314,81115563.77795088,79607479.70477319,76094447.30106555,83498783.04987065,95973245.37830566,89372069.06384821,85636014.19328564,103265086.59942055,82481627.27941059,96461696.20331064,92315450.53692564,87401433.52722807,72289518.6255255,70146830.9981156,82899319.98783316,85118644.22980319,79901303.52618825,93246939.35762827,76301204.87698567,81264877.96842575
2023-03-31,129358018.01311766,90778737.53223059,71003048.63540311,82843963.17912325,72711874.05517557,71431169.2965507,85871922.59425826,110929497.49958074,74645920.06994066,111171148.26015316,92554264.95569563,78022473.7000007,76749294.99364823,83216366.96793056,82077674.63413808,86225265.90201567,76040466.84743801,79641574.54062323,88434803.22637051,90355469.93788074,79505672.95167814,102074200.44218814,81751599.35171567,96491579.71687311,98487446.04523073,81521520.2305457,89701272.58498062,86178266.19931304,90964858.92564054,85649929.47218569,88123873.45908314,81115563.77795088,79607479.70477319,76094447.30106555,83498783.04987065,95973245.37830566,89372069.06384821,85636014.19328564,103265086.59942055,82481627.27941059,96461696.20331064,92315450.53692564,87401433.52722807,72289518.6255255,70146830.9981156,82899319.98783316,85118644.22980319,79901303.52618825,93246939.35762827,76301204.87698567,81264877.96842575
2023-04-03,129358018.01311766,90778737.53223059,71003048.63540311,82843963.17912325,72711874.05517557,71431169.2965507,85871922.59425826,110929497.49958074,74645920.06994066,111171148.26015316,92554264.95569563,78022473.7000007,76749294.99364823,83216366.96793056,82077674.63413808,86225265.90201567,76040466.84743801,79641574.54062323,88434803.22637051,90355469.93788074,79505672.95167814,102074200.44218814,81751599.35171567,96491579.71687311,98487446.04523073,81521520.2305457,89701272.58498062,86178266.19931304,90964858.92564054,85649929.47218569,88123873.45908314,81115563.77795088,79607479.70477319,76094447.30106555,83498783.04987065,95973245.37830566,89372069.06384821,85636014.19328564,103265086.59942055,82481627.27941059,96461696.20331064,92315450.53692564,87401433.52722807,72289518.6255255,70146830.9981156,82899319.98783316,85118644.22980319,79901303.52618825,93246939.35762827,76301204.87698567,81264877.96842575
2023-04-04,129358018.01311766,90778737.53223059,71003048.63540311,82843963.17912325,72711874.05517557,71431169.2965507,85871922.59425826,110929497.49958074,74645920.06994066,111171148.26015316,92554264.95569563,78022473.7000007,76749294.99364823,83216366.96793056,82077674.63413808,86225265.90201567,76040466.84743801,79641574.54062323,88434803.22637051,90355469.93788074,79505672.95167814,102074200.44218814,81751599.35171567,96491579.71687311,98487446.04523073,81521520.2305457,89701272.58498062,86178266.19931304,90964858.92564054,85649929.47218569,88123873.45908314,81115563.77795088,79607479.70477319,76094447.30106555,83498783.04987065,95973245.37830566,89372069.06384821,85636014.19328564,103265086.59942055,82481627.27941059,96461696.20331064,92315450.53692564,87401433.52722807,72289518.6255255,70146830.9981156,82899319.98783316,85118644.22980319,79901303.52618825,93246939.35762827,76301204.87698567,81264877.96842575
2023-04-05,129358018.01311766,90778737.53223059,71003048.63540311,82843963.17912325,72711874.05517557,71431169.2965507,85871922.59425826,110929497.49958074,74645920.06994066,111171148.26015316,92554264.95569563,78022473.7000007,76749294.99364823,83216366.96793056,82077674.63413808,86225265.90201567,76040466.84743801,79641574.54062323,88434803.22637051,90355469.93788074,79505672.95167814,102074200.44218814,81751599.35171567,96491579.71687311,98487446.04523073,81521520.2305457,89701272.58498062,86178266.19931304,90964858.92564054,85649929.47218569,88123873.45908314,81115563.77795088,79607479.70477319,76094447.30106555,83498783.04987065,95973245.37830566,89372069.06384821,85636014.19328564,103265086.59942055,82481627.27941059,96461696.20331064,92315450.53692564,87401433.52722807,72289518.6255255,70146830.9981156,82899319.98783316,85118644.22980319,79901303.52618825,93246939.35762827,76301204.87698567,81264877.96842575
2023-04-06,129358018.01311766,90778737.53223059,71003048.63540311,82843963.17912325,72711874.05517557,71431169.2965507,85871922.59425826,110929497.49958074,74645920.06994066,111171148.26015316,92554264.95569563,78022473.7000007,76749294.99364823,83216366.96793056,82077674.63413808,86225265.90201567,76040466.84743801,79641574.54062323,88434803.22637051,90355469.93788074,79505672.95167814,102074200.44218814,81751599.35171567,96491579.71687311,98487446.04523073,81521520.2305457,89701272.58498062,86178266.19931304,90964858.92564054,85649929.47218569,88123873.45908314,81115563.77795088,79607479.70477319,76094447.30106555,83498783.04987065,95973245.37830566,89372069.06384821,85636014.19328564,103265086.59942055,82481627.27941059,96461696.20331064,92315450.53692564,87401433.52722807,72289518.6255255,70146830.9981156,82899319.98783316,85118644.22980319,79901303.52618825,93246939.35762827,76301204.87698567,81264877.96842575
2023-04-07,129358018.01311766,90778737.53223059,71003048.63540311,82843963.17912325,72711874.05517557,71431169.2965507,85871922.59425826,110929497.49958074,74645920.06994066,111171148.26015316,92554264.95569563,78022473.7000007,76749294.99364823,83216366.96793056,82077674.63413808,86225265.90201567,76040466.84743801,79641574.54062323,88434803.22637051,90355469.93788074,79505672.95167814,102074200.44218814,81751599.35171567,96491579.71687311,98487446.04523073,81521520.2305457,89701272.58498062,86178266.19931304,90964858.92564054,85649929.47218569,88123873.45908314,81115563.77795088,79607479.70477319,76094447.30106555,83498783.04987065,95973245.37830566,89372069.06384821,85636014.19328564,103265086.59942055,82481627.27941059,96461696.20331064,92315450.53692564,87401433.52722807,72289518.6255255,70146830.9981156,82899319.98783316,85118644.22980319,79901303.52618825,93246939.35762827,76301204.87698567,81264877.96842575
2023-04-10,129358018.01311766,90778737.53223059,71003048.63540311,82843963.17912325,72711874.05517557,71431169.2965507,85871922.59425826,110929497.49958074,74645920.06994066,111171148.26015316,92554264.95569563,78022473.7000007,76749294.99364823,83216366.96793056,82077674.63413808,86225265.90201567,76040466.84743801,79641574.54062323,88434803.22637051,90355469.93788074,79505672.95167814,102074200.44218814,81751599.35171567,96491579.71687311,98487446.04523073,81521520.2305457,89701272.58498062,86178266.19931304,90964858.92564054,85649929.47218569,88123873.45908314,81115563.77795088,79607479.70477319,76094447.30106555,83498783.04987065,95973245.37830566,89372069.06384821,85636014.19328564,103265086.59942055,82481627.27941059,96461696.20331064,92315450.53692564,87401433.52722807,72289518.6255255,70146830.9981156,82899319.98783316,85118644.22980319,79901303.52618825,93246939.35762827,76301204.87698567,81264877.96842575
2023-04-11,129358018.01311766,90778737.53223059,71003048.63540311,82843963.17912325,72711874.05517557,71431169.2965507,85871922.59425826,110929497.49958074,74645920.06994066,111171148.26015316,92554264.95569563,78022473.7000007,76749294.99364823,83216366.96793056,82077674.63413808,86225265.90201567,76040466.84743801,79641574.54062323,88434803.22637051,90355469.93788074,79505672.95167814,102074200.44218814,81751599.35171567,96491579.71687311,98487446.04523073,81521520.2305457,89701272.58498062,86178266.19931304,90964858.92564054,85649929.47218569,88123873.45908314,81115563.77795088,79607479.70477319,76094447.30106555,83498783.04987065,95973245.37830566,89372069.06384821,85636014.19328564,103265086.59942055,82481627.27941059,96461696.20331064,92315450.53692564,87401433.52722807,72289518.6255255,70146830.9981156,82899319.98783316,85118644.22980319,79901303.52618825,93246939.35762827,76301204.87698567,81264877.96842575
2023-04-12,129358018.01311766,90778737.53223059,71003048.63540311,82843963.17912325,72711874.05517557,71431169.2965507,85871922.59425826,110929497.49958074,74645920.06994066,111171148.26015316,92554264.95569563,78022473.7000007,76749294.99364823,83216366.96793056,82077674.63413808,86225265.90201567,76040466.84743801,79641574.54062323,88434803.22637051,90355469.93788074,79505672.95167814,102074200.44218814,81751599.35171567,96491579.71687311,98487446.04523073,81521520.2305457,89701272.58498062,86178266.19931304,90964858.92564054,85649929.47218569,88123873.45908314,81115563.77795088,79607479.70477319,76094447.30106555,83498783.04987065,95973245.37830566,89372069.06384821,85636014.19328564,103265086.59942055,82481627.27941059,96461696.20331064,92315450.53692564,87401433.52722807,72289518.6255255,70146830.9981156,82899319.98783316,85118644.22980319,79901303.52618825,93246939.35762827,76301204.87698567,81264877.96842575
2023-04-13,129358018.01311766,90778737.53223059,71003048.63540311,82843963.17912325,72711874.05517557,71431169.2965507,85871922.59425826,110929497.49958074,74645920.06994066,111171148.26015316,92554264.95569563,78022473.7000007,76749294.99364823,83216366.96793056,82077674.63413808,86225265.90201567,76040466.84743801,79641574.54062323,88434803.22637051,90355469.93788074,79505672.95167814,102074200.44218814,81751599.35171567,96491579.71687311,98487446.04523073,81521520.2305457,89701272.58498062,86178266.19931304,90964858.92564054,85649929.47218569,88123873.45908314,81115563.77795088,79607479.70477319,76094447.30106555,83498783.04987065,95973245.37830566,89372069.06384821,85636014.19328564,103265086.59942055,82481627.27941059,96461696.20331064,92315450.53692564,87401433.52722807,72289518.6255255,70146830.9981156,82899319.98783316,85118644.22980319,79901303.52618825,93246939.35762827,76301204.87698567,81264877.96842575
2023-04-14,129358018.01311766,90778737.53223059,71003048.63540311,82843963.17912325,72711874.05517557,71431169.2965507,85871922.59425826,110929497.49958074,74645920.06994066,111171148.26015316,92554264.95569563,78022473.7000007,76749294.99364823,83216366.96793056,82077674.63413808,86225265.90201567,76040466.84743801,79641574.54062323,88434803.22637051,90355469.93788074,79505672.95167814,102074200.44218814,81751599.35171567,96491579.71687311,98487446.04523073,81521520.2305457,89701272.58498062,86178266.19931304,90964858.92564054,85649929.47218569,88123873.45908314,81115563.77795088,79607479.70477319,76094447.30106555,83498783.04987065,95973245.37830566,89372069.06384821,85636014.19328564,103265086.59942055,82481627.27941059,96461696.20331064,92315450.53692564,87401433.52722807,72289518.6255255,70146830.9981156,82899319.98783316,85118644.22980319,79901303.52618825,93246939.35762827,76301204.87698567,81264877.96842575
2023-04-17,129358018.01311766,90778737.53223059,71003048.63540311,82843963.17912325,72711874.05517557,71431169.2965507,85871922.59425826,110929497.49958074,74645920.06994066,111171148.26015316,92554264.95569563,78022473.7000007,76749294.99364823,83216366.96793056,82077674.63413808,86225265.90201567,76040466.84743801,79641574.54062323,88434803.22637051,90355469.93788074,79505672.95167814,102074200.44218814,81751599.35171567,96491579.71687311,98487446.04523073,81521520.2305457,89701272.58498062,86178266.19931304,90964858.92564054,85649929.47218569,88123873.45908314,81115563.77795088,79607479.70477319,76094447.30106555,83498783.04987065,95973245.37830566,89372069.06384821,85636014.19328564,103265086.59942055,82481627.27941059,96461696.20331064,92315450.53692564,87401433.52722807,72289518.6255255,70146830.9981156,82899319.98783316,85118644.22980319,79901303.52618825,93246939.35762827,76301204.87698567,81264877.96842575
2023-04-18,129358018.01311766,90778737.53223059,71003048.63540311,82843963.17912325,72711874.05517557,71431169.2965507,85871922.59425826,110929497.49958074,74645920.06994066,111171148.26015316,92554264.95569563,78022473.7000007,76749294.99364823,83216366.96793056,82077674.63413808,86225265.90201567,76040466.84743801,79641574.54062323,88434803.22637051,90355469.93788074,79505672.95167814,102074200.44218814,81751599.35171567,96491579.71687311,98487446.04523073,81521520.2305457,89701272.58498062,86178266.19931304,90964858.92564054,85649929.47218569,88123873.45908314,81115563.77795088,79607479.70477319,76094447.30106555,83498783.04987065,95973245.37830566,89372069.06384821,85636014.19328564,103265086.59942055,82481627.27941059,96461696.20331064,92315450.53692564,87401433.52722807,72289518.6255255,70146830.9981156,82899319.98783316,85118644.22980319,79901303.52618825,93246939.35762827,76301204.87698567,81264877.96842575
2023-04-19,129358018.01311766,90778737.53223059,71003048.63540311,82843963.17912325,72711874.05517557,71431169.2965507,85871922.59425826,110929497.49958074,74645920.06994066,111171148.26015316,92554264.95569563,78022473.7000007,76749294.99364823,83216366.96793056,82077674.63413808,86225265.90201567,76040466.84743801,79641574.54062323,88434803.22637051,90355469.93788074,79505672.95167814,102074200.44218814,81751599.35171567,96491579.71687311,98487446.04523073,81521520.2305457,89701272.58498062,86178266.19931304,90964858.92564054,85649929.47218569,88123873.45908314,81115563.77795088,79607479.70477319,76094447.30106555,83498783.04987065,95973245.37830566,89372069.06384821,85636014.19328564,103265086.59942055,82481627.27941059,96461696.20331064,92315450.53692564,87401433.52722807,72289518.6255255,70146830.9981156,82899319.98783316,85118644.22980319,79901303.52618825,93246939.35762827,76301204.87698567,81264877.96842575
2023-04-20,129358018.01311766,90778737.53223059,71003048.63540311,82843963.17912325,72711874.05517557,71431169.2965507,85871922.59425826,110929497.49958074,74645920.06994066,111171148.26015316,92554264.95569563,78022473.7000007,76749294.99364823,83216366.96793056,82077674.63413808,86225265.90201567,76040466.84743801,79641574.54062323,88434803.22637051,90355469.93788074,79505672.95167814,102074200.44218814,81751599.35171567,96491579.71687311,98487446.04523073,81521520.2305457,89701272.58498062,86178266.19931304,90964858.92564054,85649929.47218569,88123873.45908314,81115563.77795088,79607479.70477319,76094447.30106555,83498783.04987065,95973245.37830566,89372069.06384821,85636014.19328564,103265086.59942055,82481627.27941059,96461696.20331064,92315450.53692564,87401433.52722807,72289518.6255255,70146830.9981156,82899319.98783316,85118644.22980319,79901303.52618825,93246939.35762827,76301204.87698567,81264877.96842575
2023-04-21,129358018.01311766,90778737.53223059,71003048.63540311,82843963.17912325,72711874.05517557,71431169.2965507,85871922.59425826,110929497.49958074,74645920.06994066,111171148.26015316,92554264.95569563,78022473.7000007,76749294.99364823,83216366.96793056,82077674.63413808,86225265.90201567,76040466.84743801,79641574.54062323,88434803.22637051,90355469.93788074,79505672.95167814,102074200.44218814,81751599.35171567,96491579.71687311,98487446.04523073,81521520.2305457,89701272.58498062,86178266.19931304,90964858.92564054,85649929.47218569,88123873.45908314,81115563.77795088,79607479.70477319,76094447.30106555,83498783.04987065,95973245.37830566,89372069.06384821,85636014.19328564,103265086.59942055,82481627.27941059,96461696.20331064,92315450.53692564,87401433.52722807,72289518.6255255,70146830.9981156,82899319.98783316,85118644.22980319,79901303.52618825,93246939.35762827,76301204.87698567,81264877.96842575
2023-04-24,129358018.01311766,90778737.53223059,71003048.63540311,82843963.17912325,72711874.05517557,71431169.2965507,85871922.59425826,110929497.49958074,74645920.06994066,111171148.26015316,92554264.95569563,78022473.7000007,76749294.99364823,83216366.96793056,82077674.63413808,86225265.90201567,76040466.84743801,79641574.54062323,88434803.22637051,90355469.93788074,79505672.95167814,102074200.44218814,81751599.35171567,96491579.71687311,98487446.04523073,81521520.2305457,89701272.58498062,86178266.19931304,90964858.92564054,85649929.47218569,88123873.45908314,81115563.77795088,79607479.70477319,76094447.30106555,83498783.04987065,95973245.37830566,89372069.06384821,85636014.19328564,103265086.59942055,82481627.27941059,96461696.20331064,92315450.53692564,87401433.52722807,72289518.6255255,70146830.9981156,82899319.98783316,85118644.22980319,79901303.52618825,93246939.35762827,76301204.87698567,81264877.96842575
2023-04-25,129358018.01311766,90778737.53223059,71003048.63540311,82843963.17912325,72711874.05517557,71431169.2965507,85871922.59425826,110929497.49958074,74645920.06994066,111171148.26015316,92554264.95569563,78022473.7000007,76749294.99364823,83216366.96793056,82077674.63413808,86225265.90201567,76040466.84743801,79641574.54062323,88434803.22637051,90355469.93788074,79505672.95167814,102074200.44218814,81751599.35171567,96491579.71687311,98487446.04523073,81521520.2305457,89701272.58498062,86178266.19931304,90964858.92564054,85649929.47218569,88123873.45908314,81115563.77795088,79607479.70477319,76094447.30106555,83498783.04987065,95973245.37830566,89372069.06384821,85636014.19328564,103265086.59942055,82481627.27941059,96461696.20331064,92315450.53692564,87401433.52722807,72289518.6255255,70146830.9981156,82899319.98783316,85118644.22980319,79901303.52618825,93246939.35762827,76301204.87698567,81264877.96842575
2023-04-26,129358018.01311766,90778737.53223059,71003048.63540311,82843963.17912325,72711874.05517557,71431169.2965507,85871922.59425826,110929497.49958074,74645920.06994066,111171148.26015316,92554264.95569563,78022473.7000007,76749294.99364823,83216366.96793056,82077674.63413808,86225265.90201567,76040466.84743801,79641574.54062323,88434803.22637051,90355469.93788074,79505672.95167814,102074200.44218814,81751599.35171567,96491579.71687311,98487446.04523073,81521520.2305457,89701272.58498062,86178266.19931304,90964858.92564054,85649929.47218569,88123873.45908314,81115563.77795088,79607479.70477319,76094447.30106555,83498783.04987065,95973245.37830566,89372069.06384821,85636014.19328564,103265086.59942055,82481627.27941059,96461696.20331064,92315450.53692564,87401433.52722807,72289518.6255255,70146830.9981156,82899319.98783316,85118644.22980319,79901303.52618825,93246939.35762827,76301204.87698567,81264877.96842575
2023-04-27,129358018.01311766,90778737.53223059,71003048.63540311,82843963.17912325,72711874.05517557,71431169.2965507,85871922.59425826,110929497.49958074,74645920.06994066,111171148.26015316,92554264.95569563,78022473.7000007,76749294.99364823,83216366.96793056,82077674.63413808,86225265.90201567,76040466.84743801,79641574.54062323,88434803.22637051,90355469.93788074,79505672.95167814,102074200.44218814,81751599.35171567,96491579.71687311,98487446.04523073,81521520.2305457,89701272.58498062,86178266.19931304,90964858.92564054,85649929.47218569,88123873.45908314,81115563.77795088,79607479.70477319,76094447.30106555,83498783.04987065,95973245.37830566,89372069.06384821,85636014.19328564,103265086.59942055,82481627.27941059,96461696.20331064,92315450.53692564,87401433.52722807,72289518.6255255,70146830.9981156,82899319.98783316,85118644.22980319,79901303.52618825,93246939.35762827,76301204.87698567,81264877.96842575
2023-04-28,129358018.01311766,90778737.53223059,71003048.63540311,82843963.17912325,72711874.05517557,71431169.2965507,85871922.59425826,110929497.49958074,74645920.06994066,111171148.26015316,92554264.95569563,78022473.7000007,76749294.99364823,83216366.96793056,82077674.63413808,86225265.90201567,76040466.84743801,79641574.54062323,88434803.22637051,90355469.93788074,79505672.95167814,102074200.44218814,81751599.35171567,96491579.71687311,98487446.04523073,81521520.2305457,89701272.58498062,86178266.19931304,90964858.92564054,85649929.47218569,88123873.45908314,81115563.77795088,79607479.70477319,76094447.30106555,83498783.04987065,95973245.37830566,89372069.06384821,85636014.19328564,103265086.59942055,82481627.27941059,96461696.20331064,92315450.53692564,87401433.52722807,72289518.6255255,70146830.9981156,82899319.98783316,85118644.22980319,79901303.52618825,93246939.35762827,76301204.87698567,81264877.96842575
2023-05-04,129358018.01311766,90778737.53223059,71003048.63540311,82843963.17912325,72711874.05517557,71431169.2965507,85871922.59425826,110929497.49958074,74645920.06994066,111171148.26015316,92554264.95569563,78022473.7000007,76749294.99364823,83216366.96793056,82077674.63413808,86225265.90201567,76040466.84743801,79641574.54062323,88434803.22637051,90355469.93788074,79505672.95167814,102074200.44218814,81751599.35171567,96491579.71687311,98487446.04523073,81521520.2305457,89701272.58498062,86178266.19931304,90964858.92564054,85649929.47218569,88123873.45908314,81115563.77795088,79607479.70477319,76094447.30106555,83498783.04987065,95973245.37830566,89372069.06384821,85636014.19328564,103265086.59942055,82481627.27941059,96461696.20331064,92315450.53692564,87401433.52722807,72289518.6255255,70146830.9981156,82899319.98783316,85118644.22980319,79901303.52618825,93246939.35762827,76301204.87698567,81264877.96842575
2023-05-05,129358018.01311766,90778737.53223059,71003048.63540311,82843963.17912325,72711874.05517557,71431169.2965507,85871922.59425826,110929497.49958074,74645920.06994066,111171148.26015316,92554264.95569563,78022473.7000007,76749294.99364823,83216366.96793056,82077674.63413808,86225265.90201567,76040466.84743801,79641574.54062323,88434803.22637051,90355469.93788074,79505672.95167814,102074200.44218814,81751599.35171567,96491579.71687311,98487446.04523073,81521520.2305457,89701272.58498062,86178266.19931304,90964858.92564054,85649929.47218569,88123873.45908314,81115563.77795088,79607479.70477319,76094447.30106555,83498783.04987065,95973245.37830566,89372069.06384821,85636014.19328564,103265086.59942055,82481627.27941059,96461696.20331064,92315450.53692564,87401433.52722807,72289518.6255255,70146830.9981156,82899319.98783316,85118644.22980319,79901303.52618825,93246939.35762827,76301204.87698567,81264877.96842575
2023-05-08,129358018.01311766,90778737.53223059,71003048.63540311,82843963.17912325,72711874.05517557,71431169.2965507,85871922.59425826,110929497.49958074,74645920.06994066,111171148.26015316,92554264.95569563,78022473.7000007,76749294.99364823,83216366.96793056,82077674.63413808,86225265.90201567,76040466.84743801,79641574.54062323,88434803.22637051,90355469.93788074,79505672.95167814,102074200.44218814,81751599.35171567,96491579.71687311,98487446.04523073,81521520.2305457,89701272.58498062,86178266.19931304,90964858.92564054,85649929.47218569,88123873.45908314,81115563.77795088,79607479.70477319,76094447.30106555,83498783.04987065,95973245.37830566,89372069.06384821,85636014.19328564,103265086.59942055,82481627.27941059,96461696.20331064,92315450.53692564,87401433.52722807,72289518.6255255,70146830.9981156,82899319.98783316,85118644.22980319,79901303.52618825,93246939.35762827,76301204.87698567,81264877.96842575
2023-05-09,129358018.01311766,90778737.53223059,71003048.63540311,82843963.17912325,72711874.05517557,71431169.2965507,85871922.59425826,110929497.49958074,74645920.06994066,111171148.26015316,92554264.95569563,78022473.7000007,76749294.99364823,83216366.96793056,82077674.63413808,86225265.90201567,76040466.84743801,79641574.54062323,88434803.22637051,90355469.93788074,79505672.95167814,102074200.44218814,81751599.35171567,96491579.71687311,98487446.04523073,81521520.2305457,89701272.58498062,86178266.19931304,90964858.92564054,85649929.47218569,88123873.45908314,81115563.77795088,79607479.70477319,76094447.30106555,83498783.04987065,95973245.37830566,89372069.06384821,85636014.19328564,103265086.59942055,82481627.27941059,96461696.20331064,92315450.53692564,87401433.52722807,72289518.6255255,70146830.9981156,82899319.98783316,85118644.22980319,79901303.52618825,93246939.35762827,76301204.87698567,81264877.96842575
2023-05-10,129358018.01311766,90778737.53223059,71003048.63540311,82843963.17912325,72711874.05517557,71431169.2965507,85871922.59425826,110929497.49958074,74645920.06994066,111171148.26015316,92554264.95569563,78022473.7000007,76749294.99364823,83216366.96793056,82077674.63413808,86225265.90201567,76040466.84743801,79641574.54062323,88434803.22637051,90355469.93788074,79505672.95167814,102074200.44218814,81751599.35171567,96491579.71687311,98487446.04523073,81521520.2305457,89701272.58498062,86178266.19931304,90964858.92564054,85649929.47218569,88123873.45908314,81115563.77795088,79607479.70477319,76094447.30106555,83498783.04987065,95973245.37830566,89372069.06384821,85636014.19328564,103265086.59942055,82481627.27941059,96461696.20331064,92315450.53692564,87401433.52722807,72289518.6255255,70146830.9981156,82899319.98783316,85118644.22980319,79901303.52618825,93246939.35762827,76301204.87698567,81264877.96842575
2023-05-11,129358018.01311766,90778737.53223059,71003048.63540311,82843963.17912325,72711874.05517557,71431169.2965507,85871922.59425826,110929497.49958074,74645920.06994066,111171148.26015316,92554264.95569563,78022473.7000007,76749294.99364823,83216366.96793056,82077674.63413808,86225265.90201567,76040466.84743801,79641574.54062323,88434803.22637051,90355469.93788074,79505672.95167814,102074200.44218814,81751599.35171567,96491579.71687311,98487446.04523073,81521520.2305457,89701272.58498062,86178266.19931304,90964858.92564054,85649929.47218569,88123873.45908314,81115563.77795088,79607479.70477319,76094447.30106555,83498783.04987065,95973245.37830566,89372069.06384821,85636014.19328564,103265086.59942055,82481627.27941059,96461696.20331064,92315450.53692564,87401433.52722807,72289518.6255255,70146830.9981156,82899319.98783316,85118644.22980319,79901303.52618825,93246939.35762827,76301204.87698567,81264877.96842575
2023-05-12,129358018.01311766,90778737.53223059,71003048.63540311,82843963.17912325,72711874.05517557,71431169.2965507,85871922.59425826,110929497.49958074,74645920.06994066,111171148.26015316,92554264.95569563,78022473.7000007,76749294.99364823,83216366.96793056,82077674.63413808,86225265.90201567,76040466.84743801,79641574.54062323,88434803.22637051,90355469.93788074,79505672.95167814,102074200.44218814,81751599.35171567,96491579.71687311,98487446.04523073,81521520.2305457,89701272.58498062,86178266.19931304,90964858.92564054,85649929.47218569,88123873.45908314,81115563.77795088,79607479.70477319,76094447.30106555,83498783.04987065,95973245.37830566,89372069.06384821,85636014.19328564,103265086.59942055,82481627.27941059,96461696.20331064,92315450.53692564,87401433.52722807,72289518.6255255,70146830.9981156,82899319.98783316,85118644.22980319,79901303.52618825,93246939.35762827,76301204.87698567,81264877.96842575
2023-05-15,129358018.01311766,90778737.53223059,71003048.63540311,82843963.17912325,72711874.05517557,71431169.2965507,85871922.59425826,110929497.49958074,74645920.06994066,111171148.26015316,92554264.95569563,78022473.7000007,76749294.99364823,83216366.96793056,82077674.63413808,86225265.90201567,76040466.84743801,79641574.54062323,88434803.22637051,90355469.93788074,79505672.95167814,102074200.44218814,81751599.35171567,96491579.71687311,98487446.04523073,81521520.2305457,89701272.58498062,86178266.19931304,90964858.92564054,85649929.47218569,88123873.45908314,81115563.77795088,79607479.70477319,76094447.30106555,83498783.04987065,95973245.37830566,89372069.06384821,85636014.19328564,103265086.59942055,82481627.27941059,96461696.20331064,92315450.53692564,87401433.52722807,72289518.6255255,70146830.9981156,82899319.98783316,85118644.22980319,79901303.52618825,93246939.35762827,76301204.87698567,81264877.96842575
2023-05-16,129358018.01311766,90778737.53223059,71003048.63540311,82843963.17912325,72711874.05517557,71431169.2965507,85871922.59425826,110929497.49958074,74645920.06994066,111171148.26015316,92554264.95569563,78022473.7000007,76749294.99364823,83216366.96793056,82077674.63413808,86225265.90201567,76040466.84743801,79641574.54062323,88434803.22637051,90355469.93788074,79505672.95167814,102074200.44218814,81751599.35171567,96491579.71687311,98487446.04523073,81521520.2305457,89701272.58498062,86178266.19931304,90964858.92564054,85649929.47218569,88123873.45908314,81115563.77795088,79607479.70477319,76094447.30106555,83498783.04987065,95973245.37830566,89372069.06384821,85636014.19328564,103265086.59942055,82481627.27941059,96461696.20331064,92315450.53692564,87401433.52722807,72289518.6255255,70146830.9981156,82899319.98783316,85118644.22980319,79901303.52618825,93246939.35762827,76301204.87698567,81264877.96842575
2023-05-17,129358018.01311766,90778737.53223059,71003048.63540311,82843963.17912325,72711874.05517557,71431169.2965507,85871922.59425826,110929497.49958074,74645920.06994066,111171148.26015316,92554264.95569563,78022473.7000007,76749294.99364823,83216366.96793056,82077674.63413808,86225265.90201567,76040466.84743801,79641574.54062323,88434803.22637051,90355469.93788074,79505672.95167814,102074200.44218814,81751599.35171567,96491579.71687311,98487446.04523073,81521520.2305457,89701272.58498062,86178266.19931304,90964858.92564054,85649929.47218569,88123873.45908314,81115563.77795088,79607479.70477319,76094447.30106555,83498783.04987065,95973245.37830566,89372069.06384821,85636014.19328564,103265086.59942055,82481627.27941059,96461696.20331064,92315450.53692564,87401433.52722807,72289518.6255255,70146830.9981156,82899319.98783316,85118644.22980319,79901303.52618825,93246939.35762827,76301204.87698567,81264877.96842575
2023-05-18,129358018.01311766,90778737.53223059,71003048.63540311,82843963.17912325,72711874.05517557,71431169.2965507,85871922.59425826,110929497.49958074,74645920.06994066,111171148.26015316,92554264.95569563,78022473.7000007,76749294.99364823,83216366.96793056,82077674.63413808,86225265.90201567,76040466.84743801,79641574.54062323,88434803.22637051,90355469.93788074,79505672.95167814,102074200.44218814,81751599.35171567,96491579.71687311,98487446.04523073,81521520.2305457,89701272.58498062,86178266.19931304,90964858.92564054,85649929.47218569,88123873.45908314,81115563.77795088,79607479.70477319,76094447.30106555,83498783.04987065,95973245.37830566,89372069.06384821,85636014.19328564,103265086.59942055,82481627.27941059,96461696.20331064,92315450.53692564,87401433.52722807,72289518.6255255,70146830.9981156,82899319.98783316,85118644.22980319,79901303.52618825,93246939.35762827,76301204.87698567,81264877.96842575
2023-05-19,129358018.01311766,90778737.53223059,71003048.63540311,82843963.17912325,72711874.05517557,71431169.2965507,85871922.59425826,110929497.49958074,74645920.06994066,111171148.26015316,92554264.95569563,78022473.7000007,76749294.99364823,83216366.96793056,82077674.63413808,86225265.90201567,76040466.84743801,79641574.54062323,88434803.22637051,90355469.93788074,79505672.95167814,102074200.44218814,81751599.35171567,96491579.71687311,98487446.04523073,81521520.2305457,89701272.58498062,86178266.19931304,90964858.92564054,85649929.47218569,88123873.45908314,81115563.77795088,79607479.70477319,76094447.30106555,83498783.04987065,95973245.37830566,89372069.06384821,85636014.19328564,103265086.59942055,82481627.27941059,96461696.20331064,92315450.53692564,87401433.52722807,72289518.6255255,70146830.9981156,82899319.98783316,85118644.22980319,79901303.52618825,93246939.35762827,76301204.87698567,81264877.96842575
2023-05-22,129358018.01311766,90778737.53223059,71003048.63540311,82843963.17912325,72711874.05517557,71431169.2965507,85871922.59425826,110929497.49958074,74645920.06994066,111171148.26015316,92554264.95569563,78022473.7000007,76749294.99364823,83216366.96793056,82077674.63413808,86225265.90201567,76040466.84743801,79641574.54062323,88434803.22637051,90355469.93788074,79505672.95167814,102074200.44218814,81751599.35171567,96491579.71687311,98487446.04523073,81521520.2305457,89701272.58498062,86178266.19931304,90964858.92564054,85649929.47218569,88123873.45908314,81115563.77795088,79607479.70477319,76094447.30106555,83498783.04987065,95973245.37830566,89372069.06384821,85636014.19328564,103265086.59942055,82481627.27941059,96461696.20331064,92315450.53692564,87401433.52722807,72289518.6255255,70146830.9981156,82899319.98783316,85118644.22980319,79901303.52618825,93246939.35762827,76301204.87698567,81264877.96842575
2023-05-23,129358018.01311766,90778737.53223059,71003048.63540311,82843963.17912325,72711874.05517557,71431169.2965507,85871922.59425826,110929497.49958074,74645920.06994066,111171148.26015316,92554264.95569563,78022473.7000007,76749294.99364823,83216366.96793056,82077674.63413808,86225265.90201567,76040466.84743801,79641574.54062323,88434803.22637051,90355469.93788074,79505672.95167814,102074200.44218814,81751599.35171567,96491579.71687311,98487446.04523073,81521520.2305457,89701272.58498062,86178266.19931304,90964858.92564054,85649929.47218569,88123873.45908314,81115563.77795088,79607479.70477319,76094447.30106555,83498783.04987065,95973245.37830566,89372069.06384821,85636014.19328564,103265086.59942055,82481627.27941059,96461696.20331064,92315450.53692564,87401433.52722807,72289518.6255255,70146830.9981156,82899319.98783316,85118644.22980319,79901303.52618825,93246939.35762827,76301204.87698567,81264877.96842575
2023-05-24,129358018.01311766,90778737.53223059,71003048.63540311,82843963.17912325,72711874.05517557,71431169.2965507,85871922.59425826,110929497.49958074,74645920.06994066,111171148.26015316,92554264.95569563,78022473.7000007,76749294.99364823,83216366.96793056,82077674.63413808,86225265.90201567,76040466.84743801,79641574.54062323,88434803.22637051,90355469.93788074,79505672.95167814,102074200.44218814,81751599.35171567,96491579.71687311,98487446.04523073,81521520.2305457,89701272.58498062,86178266.19931304,90964858.92564054,85649929.47218569,88123873.45908314,81115563.77795088,79607479.70477319,76094447.30106555,83498783.04987065,95973245.37830566,89372069.06384821,85636014.19328564,103265086.59942055,82481627.27941059,96461696.20331064,92315450.53692564,87401433.52722807,72289518.6255255,70146830.9981156,82899319.98783316,85118644.22980319,79901303.52618825,93246939.35762827,76301204.87698567,81264877.96842575
2023-05-25,129358018.01311766,90778737.53223059,71003048.63540311,82843963.17912325,72711874.05517557,71431169.2965507,85871922.59425826,110929497.49958074,74645920.06994066,111171148.26015316,92554264.95569563,78022473.7000007,76749294.99364823,83216366.96793056,82077674.63413808,86225265.90201567,76040466.84743801,79641574.54062323,88434803.22637051,90355469.93788074,79505672.95167814,102074200.44218814,81751599.35171567,96491579.71687311,98487446.04523073,81521520.2305457,89701272.58498062,86178266.19931304,90964858.92564054,85649929.47218569,88123873.45908314,81115563.77795088,79607479.70477319,76094447.30106555,83498783.04987065,95973245.37830566,89372069.06384821,85636014.19328564,103265086.59942055,82481627.27941059,96461696.20331064,92315450.53692564,87401433.52722807,72289518.6255255,70146830.9981156,82899319.98783316,85118644.22980319,79901303.52618825,93246939.35762827,76301204.87698567,81264877.96842575
2023-05-26,129358018.01311766,90778737.53223059,71003048.63540311,82843963.17912325,72711874.05517557,71431169.2965507,85871922.59425826,110929497.49958074,74645920.06994066,111171148.26015316,92554264.95569563,78022473.7000007,76749294.99364823,83216366.96793056,82077674.63413808,86225265.90201567,76040466.84743801,79641574.54062323,88434803.22637051,90355469.93788074,79505672.95167814,102074200.44218814,81751599.35171567,96491579.71687311,98487446.04523073,81521520.2305457,89701272.58498062,86178266.19931304,90964858.92564054,85649929.47218569,88123873.45908314,81115563.77795088,79607479.70477319,76094447.30106555,83498783.04987065,95973245.37830566,89372069.06384821,85636014.19328564,103265086.59942055,82481627.27941059,96461696.20331064,92315450.53692564,87401433.52722807,72289518.6255255,70146830.9981156,82899319.98783316,85118644.22980319,79901303.52618825,93246939.35762827,76301204.87698567,81264877.96842575
2023-05-29,129358018.01311766,90778737.53223059,71003048.63540311,82843963.17912325,72711874.05517557,71431169.2965507,85871922.59425826,110929497.49958074,74645920.06994066,111171148.26015316,92554264.95569563,78022473.7000007,76749294.99364823,83216366.96793056,82077674.63413808,86225265.90201567,76040466.84743801,79641574.54062323,88434803.22637051,90355469.93788074,79505672.95167814,102074200.44218814,81751599.35171567,96491579.71687311,98487446.04523073,81521520.2305457,89701272.58498062,86178266.19931304,90964858.92564054,85649929.47218569,88123873.45908314,81115563.77795088,79607479.70477319,76094447.30106555,83498783.04987065,95973245.37830566,89372069.06384821,85636014.19328564,103265086.59942055,82481627.27941059,96461696.20331064,92315450.53692564,87401433.52722807,72289518.6255255,70146830.9981156,82899319.98783316,85118644.22980319,79901303.52618825,93246939.35762827,76301204.87698567,81264877.96842575
2023-05-30,129358018.01311766,90778737.53223059,71003048.63540311,82843963.17912325,72711874.05517557,71431169.2965507,85871922.59425826,110929497.49958074,74645920.06994066,111171148.26015316,92554264.95569563,78022473.7000007,76749294.99364823,83216366.96793056,82077674.63413808,86225265.90201567,76040466.84743801,79641574.54062323,88434803.22637051,90355469.93788074,79505672.95167814,102074200.44218814,81751599.35171567,96491579.71687311,98487446.04523073,81521520.2305457,89701272.58498062,86178266.19931304,90964858.92564054,85649929.47218569,88123873.45908314,81115563.77795088,79607479.70477319,76094447.30106555,83498783.04987065,95973245.37830566,89372069.06384821,85636014.19328564,103265086.59942055,82481627.27941059,96461696.20331064,92315450.53692564,87401433.52722807,72289518.6255255,70146830.9981156,82899319.98783316,85118644.22980319,79901303.52618825,93246939.35762827,76301204.87698567,81264877.96842575
2023-05-31,129358018.01311766,90778737.53223059,71003048.63540311,82843963.17912325,72711874.05517557,71431169.2965507,85871922.59425826,110929497.49958074,74645920.06994066,111171148.26015316,92554264.95569563,78022473.7000007,76749294.99364823,83216366.96793056,82077674.63413808,86225265.90201567,76040466.84743801,79641574.54062323,88434803.22637051,90355469.93788074,79505672.95167814,102074200.44218814,81751599.35171567,96491579.71687311,98487446.04523073,81521520.2305457,89701272.58498062,86178266.19931304,90964858.92564054,85649929.47218569,88123873.45908314,81115563.77795088,79607479.70477319,76094447.30106555,83498783.04987065,95973245.37830566,89372069.06384821,85636014.19328564,103265086.59942055,82481627.27941059,96461696.20331064,92315450.53692564,87401433.52722807,72289518.6255255,70146830.9981156,82899319.98783316,85118644.22980319,79901303.52618825,93246939.35762827,76301204.87698567,81264877.96842575
2023-06-01,129358018.01311766,90778737.53223059,71003048.63540311,82843963.17912325,72711874.05517557,71431169.2965507,85871922.59425826,110929497.49958074,74645920.06994066,111171148.26015316,92554264.95569563,78022473.7000007,76749294.99364823,83216366.96793056,82077674.63413808,86225265.90201567,76040466.84743801,79641574.54062323,88434803.22637051,90355469.93788074,79505672.95167814,102074200.44218814,81751599.35171567,96491579.71687311,98487446.04523073,81521520.2305457,89701272.58498062,86178266.19931304,90964858.92564054,85649929.47218569,88123873.45908314,81115563.77795088,79607479.70477319,76094447.30106555,83498783.04987065,95973245.37830566,89372069.06384821,85636014.19328564,103265086.59942055,82481627.27941059,96461696.20331064,92315450.53692564,87401433.52722807,72289518.6255255,70146830.9981156,82899319.98783316,85118644.22980319,79901303.52618825,93246939.35762827,76301204.87698567,81264877.96842575
2023-06-02,129358018.01311766,90778737.53223059,71003048.63540311,82843963.17912325,72711874.05517557,71431169.2965507,85871922.59425826,110929497.49958074,74645920.06994066,111171148.26015316,92554264.95569563,78022473.7000007,76749294.99364823,83216366.96793056,82077674.63413808,86225265.90201567,76040466.84743801,79641574.54062323,88434803.22637051,90355469.93788074,79505672.95167814,102074200.44218814,81751599.35171567,96491579.71687311,98487446.04523073,81521520.2305457,89701272.58498062,86178266.19931304,90964858.92564054,85649929.47218569,88123873.45908314,81115563.77795088,79607479.70477319,76094447.30106555,83498783.04987065,95973245.37830566,89372069.06384821,85636014.19328564,103265086.59942055,82481627.27941059,96461696.20331064,92315450.53692564,87401433.52722807,72289518.6255255,70146830.9981156,82899319.98783316,85118644.22980319,79901303.52618825,93246939.35762827,76301204.87698567,81264877.96842575
2023-06-05,129358018.01311766,90778737.53223059,71003048.63540311,82843963.17912325,72711874.05517557,71431169.2965507,85871922.59425826,110929497.49958074,74645920.06994066,111171148.26015316,92554264.95569563,78022473.7000007,76749294.99364823,83216366.96793056,82077674.63413808,86225265.90201567,76040466.84743801,79641574.54062323,88434803.22637051,90355469.93788074,79505672.95167814,102074200.44218814,81751599.35171567,96491579.71687311,98487446.04523073,81521520.2305457,89701272.58498062,86178266.19931304,90964858.92564054,85649929.47218569,88123873.45908314,81115563.77795088,79607479.70477319,76094447.30106555,83498783.04987065,95973245.37830566,89372069.06384821,85636014.19328564,103265086.59942055,82481627.27941059,96461696.20331064,92315450.53692564,87401433.52722807,72289518.6255255,70146830.9981156,82899319.98783316,85118644.22980319,79901303.52618825,93246939.35762827,76301204.87698567,81264877.96842575
2023-06-06,129358018.01311766,90778737.53223059,71003048.63540311,82843963.17912325,72711874.05517557,71431169.2965507,85871922.59425826,110929497.49958074,74645920.06994066,111171148.26015316,92554264.95569563,78022473.7000007,76749294.99364823,83216366.96793056,82077674.63413808,86225265.90201567,76040466.84743801,79641574.54062323,88434803.22637051,90355469.93788074,79505672.95167814,102074200.44218814,81751599.35171567,96491579.71687311,98487446.04523073,81521520.2305457,89701272.58498062,86178266.19931304,90964858.92564054,85649929.47218569,88123873.45908314,81115563.77795088,79607479.70477319,76094447.30106555,83498783.04987065,95973245.37830566,89372069.06384821,85636014.19328564,103265086.59942055,82481627.27941059,96461696.20331064,92315450.53692564,87401433.52722807,72289518.6255255,70146830.9981156,82899319.98783316,85118644.22980319,79901303.52618825,93246939.35762827,76301204.87698567,81264877.96842575
2023-06-07,129358018.01311766,90778737.53223059,71003048.63540311,82843963.17912325,72711874.05517557,71431169.2965507,85871922.59425826,110929497.49958074,74645920.06994066,111171148.26015316,92554264.95569563,78022473.7000007,76749294.99364823,83216366.96793056,82077674.63413808,86225265.90201567,76040466.84743801,79641574.54062323,88434803.22637051,90355469.93788074,79505672.95167814,102074200.44218814,81751599.35171567,96491579.71687311,98487446.04523073,81521520.2305457,89701272.58498062,86178266.19931304,90964858.92564054,85649929.47218569,88123873.45908314,81115563.77795088,79607479.70477319,76094447.30106555,83498783.04987065,95973245.37830566,89372069.06384821,85636014.19328564,103265086.59942055,82481627.27941059,96461696.20331064,92315450.53692564,87401433.52722807,72289518.6255255,70146830.9981156,82899319.98783316,85118644.22980319,79901303.52618825,93246939.35762827,76301204.87698567,81264877.96842575
2023-06-08,129358018.01311766,90778737.53223059,71003048.63540311,82843963.17912325,72711874.05517557,71431169.2965507,85871922.59425826,110929497.49958074,74645920.06994066,111171148.26015316,92554264.95569563,78022473.7000007,76749294.99364823,83216366.96793056,82077674.63413808,86225265.90201567,76040466.84743801,79641574.54062323,88434803.22637051,90355469.93788074,79505672.95167814,102074200.44218814,81751599.35171567,96491579.71687311,98487446.04523073,81521520.2305457,89701272.58498062,86178266.19931304,90964858.92564054,85649929.47218569,88123873.45908314,81115563.77795088,79607479.70477319,76094447.30106555,83498783.04987065,95973245.37830566,89372069.06384821,85636014.19328564,103265086.59942055,82481627.27941059,96461696.20331064,92315450.53692564,87401433.52722807,72289518.6255255,70146830.9981156,82899319.98783316,85118644.22980319,79901303.52618825,93246939.35762827,76301204.87698567,81264877.96842575
2023-06-09,129358018.01311766,90778737.53223059,71003048.63540311,82843963.17912325,72711874.05517557,71431169.2965507,85871922.59425826,110929497.49958074,74645920.06994066,111171148.26015316,92554264.95569563,78022473.7000007,76749294.99364823,83216366.96793056,82077674.63413808,86225265.90201567,76040466.84743801,79641574.54062323,88434803.22637051,90355469.93788074,79505672.95167814,102074200.44218814,81751599.35171567,96491579.71687311,98487446.04523073,81521520.2305457,89701272.58498062,86178266.19931304,90964858.92564054,85649929.47218569,88123873.45908314,81115563.77795088,79607479.70477319,76094447.30106555,83498783.04987065,95973245.37830566,89372069.06384821,85636014.19328564,103265086.59942055,82481627.27941059,96461696.20331064,92315450.53692564,87401433.52722807,72289518.6255255,70146830.9981156,82899319.98783316,85118644.22980319,79901303.52618825,93246939.35762827,76301204.87698567,81264877.96842575
2023-06-12,129358018.01311766,90778737.53223059,71003048.63540311,82843963.17912325,72711874.05517557,71431169.2965507,85871922.59425826,110929497.49958074,74645920.06994066,111171148.26015316,92554264.95569563,78022473.7000007,76749294.99364823,83216366.96793056,82077674.63413808,86225265.90201567,76040466.84743801,79641574.54062323,88434803.22637051,90355469.93788074,79505672.95167814,102074200.44218814,81751599.35171567,96491579.71687311,98487446.04523073,81521520.2305457,89701272.58498062,86178266.19931304,90964858.92564054,85649929.47218569,88123873.45908314,81115563.77795088,79607479.70477319,76094447.30106555,83498783.04987065,95973245.37830566,89372069.06384821,85636014.19328564,103265086.59942055,82481627.27941059,96461696.20331064,92315450.53692564,87401433.52722807,72289518.6255255,70146830.9981156,82899319.98783316,85118644.22980319,79901303.52618825,93246939.35762827,76301204.87698567,81264877.96842575
2023-06-13,129358018.01311766,90778737.53223059,71003048.63540311,82843963.17912325,72711874.05517557,71431169.2965507,85871922.59425826,110929497.49958074,74645920.06994066,111171148.26015316,92554264.95569563,78022473.7000007,76749294.99364823,83216366.96793056,82077674.63413808,86225265.90201567,76040466.84743801,79641574.54062323,88434803.22637051,90355469.93788074,79505672.95167814,102074200.44218814,81751599.35171567,96491579.71687311,98487446.04523073,81521520.2305457,89701272.58498062,86178266.19931304,90964858.92564054,85649929.47218569,88123873.45908314,81115563.77795088,79607479.70477319,76094447.30106555,83498783.04987065,95973245.37830566,89372069.06384821,85636014.19328564,103265086.59942055,82481627.27941059,96461696.20331064,92315450.53692564,87401433.52722807,72289518.6255255,70146830.9981156,82899319.98783316,85118644.22980319,79901303.52618825,93246939.35762827,76301204.87698567,81264877.96842575
2023-06-14,129358018.01311766,90778737.53223059,71003048.63540311,82843963.17912325,72711874.05517557,71431169.2965507,85871922.59425826,110929497.49958074,74645920.06994066,111171148.26015316,92554264.95569563,78022473.7000007,76749294.99364823,83216366.96793056,82077674.63413808,86225265.90201567,76040466.84743801,79641574.54062323,88434803.22637051,90355469.93788074,79505672.95167814,102074200.44218814,81751599.35171567,96491579.71687311,98487446.04523073,81521520.2305457,89701272.58498062,86178266.19931304,90964858.92564054,85649929.47218569,88123873.45908314,81115563.77795088,79607479.70477319,76094447.30106555,83498783.04987065,95973245.37830566,89372069.06384821,85636014.19328564,103265086.59942055,82481627.27941059,96461696.20331064,92315450.53692564,87401433.52722807,72289518.6255255,70146830.9981156,82899319.98783316,85118644.22980319,79901303.52618825,93246939.35762827,76301204.87698567,81264877.96842575
2023-06-15,129358018.01311766,90778737.53223059,71003048.63540311,82843963.17912325,72711874.05517557,71431169.2965507,85871922.59425826,110929497.49958074,74645920.06994066,111171148.26015316,92554264.95569563,78022473.7000007,76749294.99364823,83216366.96793056,82077674.63413808,86225265.90201567,76040466.84743801,79641574.54062323,88434803.22637051,90355469.93788074,79505672.95167814,102074200.44218814,81751599.35171567,96491579.71687311,98487446.04523073,81521520.2305457,89701272.58498062,86178266.19931304,90964858.92564054,85649929.47218569,88123873.45908314,81115563.77795088,79607479.70477319,76094447.30106555,83498783.04987065,95973245.37830566,89372069.06384821,85636014.19328564,103265086.59942055,82481627.27941059,96461696.20331064,92315450.53692564,87401433.52722807,72289518.6255255,70146830.9981156,82899319.98783316,85118644.22980319,79901303.52618825,93246939.35762827,76301204.87698567,81264877.96842575
2023-06-16,129358018.01311766,90778737.53223059,71003048.63540311,82843963.17912325,72711874.05517557,71431169.2965507,85871922.59425826,110929497.49958074,74645920.06994066,111171148.26015316,92554264.95569563,78022473.7000007,76749294.99364823,83216366.96793056,82077674.63413808,86225265.90201567,76040466.84743801,79641574.54062323,88434803.22637051,90355469.93788074,79505672.95167814,102074200.44218814,81751599.35171567,96491579.71687311,98487446.04523073,81521520.2305457,89701272.58498062,86178266.19931304,90964858.92564054,85649929.47218569,88123873.45908314,81115563.77795088,79607479.70477319,76094447.30106555,83498783.04987065,95973245.37830566,89372069.06384821,85636014.19328564,103265086.59942055,82481627.27941059,96461696.20331064,92315450.53692564,87401433.52722807,72289518.6255255,70146830.9981156,82899319.98783316,85118644.22980319,79901303.52618825,93246939.35762827,76301204.87698567,81264877.96842575
2023-06-19,129358018.01311766,90778737.53223059,71003048.63540311,82843963.17912325,72711874.05517557,71431169.2965507,85871922.59425826,110929497.49958074,74645920.06994066,111171148.26015316,92554264.95569563,78022473.7000007,76749294.99364823,83216366.96793056,82077674.63413808,86225265.90201567,76040466.84743801,79641574.54062323,88434803.22637051,90355469.93788074,79505672.95167814,102074200.44218814,81751599.35171567,96491579.71687311,98487446.04523073,81521520.2305457,89701272.58498062,86178266.19931304,90964858.92564054,85649929.47218569,88123873.45908314,81115563.77795088,79607479.70477319,76094447.30106555,83498783.04987065,95973245.37830566,89372069.06384821,85636014.19328564,103265086.59942055,82481627.27941059,96461696.20331064,92315450.53692564,87401433.52722807,72289518.6255255,70146830.9981156,82899319.98783316,85118644.22980319,79901303.52618825,93246939.35762827,76301204.87698567,81264877.96842575
2023-06-20,129358018.01311766,90778737.53223059,71003048.63540311,82843963.17912325,72711874.05517557,71431169.2965507,85871922.59425826,110929497.49958074,74645920.06994066,111171148.26015316,92554264.95569563,78022473.7000007,76749294.99364823,83216366.96793056,82077674.63413808,86225265.90201567,76040466.84743801,79641574.54062323,88434803.22637051,90355469.93788074,79505672.95167814,102074200.44218814,81751599.35171567,96491579.71687311,98487446.04523073,81521520.2305457,89701272.58498062,86178266.19931304,90964858.92564054,85649929.47218569,88123873.45908314,81115563.77795088,79607479.70477319,76094447.30106555,83498783.04987065,95973245.37830566,89372069.06384821,85636014.19328564,103265086.59942055,82481627.27941059,96461696.20331064,92315450.53692564,87401433.52722807,72289518.6255255,70146830.9981156,82899319.98783316,85118644.22980319,79901303.52618825,93246939.35762827,76301204.87698567,81264877.96842575
2023-06-21,129358018.01311766,90778737.53223059,71003048.63540311,82843963.17912325,72711874.05517557,71431169.2965507,85871922.59425826,110929497.49958074,74645920.06994066,111171148.26015316,92554264.95569563,78022473.7000007,76749294.99364823,83216366.96793056,82077674.63413808,86225265.90201567,76040466.84743801,79641574.54062323,88434803.22637051,90355469.93788074,79505672.95167814,102074200.44218814,81751599.35171567,96491579.71687311,98487446.04523073,81521520.2305457,89701272.58498062,86178266.19931304,90964858.92564054,85649929.47218569,88123873.45908314,81115563.77795088,79607479.70477319,76094447.30106555,83498783.04987065,95973245.37830566,89372069.06384821,85636014.19328564,103265086.59942055,82481627.27941059,96461696.20331064,92315450.53692564,87401433.52722807,72289518.6255255,70146830.9981156,82899319.98783316,85118644.22980319,79901303.52618825,93246939.35762827,76301204.87698567,81264877.96842575
2023-06-22,129358018.01311766,90778737.53223059,71003048.63540311,82843963.17912325,72711874.05517557,71431169.2965507,85871922.59425826,110929497.49958074,74645920.06994066,111171148.26015316,92554264.95569563,78022473.7000007,76749294.99364823,83216366.96793056,82077674.63413808,86225265.90201567,76040466.84743801,79641574.54062323,88434803.22637051,90355469.93788074,79505672.95167814,102074200.44218814,81751599.35171567,96491579.71687311,98487446.04523073,81521520.2305457,89701272.58498062,86178266.19931304,90964858.92564054,85649929.47218569,88123873.45908314,81115563.77795088,79607479.70477319,76094447.30106555,83498783.04987065,95973245.37830566,89372069.06384821,85636014.19328564,103265086.59942055,82481627.27941059,96461696.20331064,92315450.53692564,87401433.52722807,72289518.6255255,70146830.9981156,82899319.98783316,85118644.22980319,79901303.52618825,93246939.35762827,76301204.87698567,81264877.96842575
2023-06-23,129358018.01311766,90778737.53223059,71003048.63540311,82843963.17912325,72711874.05517557,71431169.2965507,85871922.59425826,110929497.49958074,74645920.06994066,111171148.26015316,92554264.95569563,78022473.7000007,76749294.99364823,83216366.96793056,82077674.63413808,86225265.90201567,76040466.84743801,79641574.54062323,88434803.22637051,90355469.93788074,79505672.95167814,102074200.44218814,81751599.35171567,96491579.71687311,98487446.04523073,81521520.2305457,89701272.58498062,86178266.19931304,90964858.92564054,85649929.47218569,88123873.45908314,81115563.77795088,79607479.70477319,76094447.30106555,83498783.04987065,95973245.37830566,89372069.06384821,85636014.19328564,103265086.59942055,82481627.27941059,96461696.20331064,92315450.53692564,87401433.52722807,72289518.6255255,70146830.9981156,82899319.98783316,85118644.22980319,79901303.52618825,93246939.35762827,76301204.87698567,81264877.96842575
2023-06-26,129358018.01311766,90778737.53223059,71003048.63540311,82843963.17912325,72711874.05517557,71431169.2965507,85871922.59425826,110929497.49958074,74645920.06994066,111171148.26015316,92554264.95569563,78022473.7000007,76749294.99364823,83216366.96793056,82077674.63413808,86225265.90201567,76040466.84743801,79641574.54062323,88434803.22637051,90355469.93788074,79505672.95167814,102074200.44218814,81751599.35171567,96491579.71687311,98487446.04523073,81521520.2305457,89701272.58498062,86178266.19931304,90964858.92564054,85649929.47218569,88123873.45908314,81115563.77795088,79607479.70477319,76094447.30106555,83498783.04987065,95973245.37830566,89372069.06384821,85636014.19328564,103265086.59942055,82481627.27941059,96461696.20331064,92315450.53692564,87401433.52722807,72289518.6255255,70146830.9981156,82899319.98783316,85118644.22980319,79901303.52618825,93246939.35762827,76301204.87698567,81264877.96842575
2023-06-27,129358018.01311766,90778737.53223059,71003048.63540311,82843963.17912325,72711874.05517557,71431169.2965507,85871922.59425826,110929497.49958074,74645920.06994066,111171148.26015316,92554264.95569563,78022473.7000007,76749294.99364823,83216366.96793056,82077674.63413808,86225265.90201567,76040466.84743801,79641574.54062323,88434803.22637051,90355469.93788074,79505672.95167814,102074200.44218814,81751599.35171567,96491579.71687311,98487446.04523073,81521520.2305457,89701272.58498062,86178266.19931304,90964858.92564054,85649929.47218569,88123873.45908314,81115563.77795088,79607479.70477319,76094447.30106555,83498783.04987065,95973245.37830566,89372069.06384821,85636014.19328564,103265086.59942055,82481627.27941059,96461696.20331064,92315450.53692564,87401433.52722807,72289518.6255255,70146830.9981156,82899319.98783316,85118644.22980319,79901303.52618825,93246939.35762827,76301204.87698567,81264877.96842575
2023-06-28,129358018.01311766,90778737.53223059,71003048.63540311,82843963.17912325,72711874.05517557,71431169.2965507,85871922.59425826,110929497.49958074,74645920.06994066,111171148.26015316,92554264.95569563,78022473.7000007,76749294.99364823,83216366.96793056,82077674.63413808,86225265.90201567,76040466.84743801,79641574.54062323,88434803.22637051,90355469.93788074,79505672.95167814,102074200.44218814,81751599.35171567,96491579.71687311,98487446.04523073,81521520.2305457,89701272.58498062,86178266.19931304,90964858.92564054,85649929.47218569,88123873.45908314,81115563.77795088,79607479.70477319,76094447.30106555,83498783.04987065,95973245.37830566,89372069.06384821,85636014.19328564,103265086.59942055,82481627.27941059,96461696.20331064,92315450.53692564,87401433.52722807,72289518.6255255,70146830.9981156,82899319.98783316,85118644.22980319,79901303.52618825,93246939.35762827,76301204.87698567,81264877.96842575
2023-06-29,129358018.01311766,90778737.53223059,71003048.63540311,82843963.17912325,72711874.05517557,71431169.2965507,85871922.59425826,110929497.49958074,74645920.06994066,111171148.26015316,92554264.95569563,78022473.7000007,76749294.99364823,83216366.96793056,82077674.63413808,86225265.90201567,76040466.84743801,79641574.54062323,88434803.22637051,90355469.93788074,79505672.95167814,102074200.44218814,81751599.35171567,96491579.71687311,98487446.04523073,81521520.2305457,89701272.58498062,86178266.19931304,90964858.92564054,85649929.47218569,88123873.45908314,81115563.77795088,79607479.70477319,76094447.30106555,83498783.04987065,95973245.37830566,89372069.06384821,85636014.19328564,103265086.59942055,82481627.27941059,96461696.20331064,92315450.53692564,87401433.52722807,72289518.6255255,70146830.9981156,82899319.98783316,85118644.22980319,79901303.52618825,93246939.35762827,76301204.87698567,81264877.96842575
2023-06-30,129358018.01311766,90778737.53223059,71003048.63540311,82843963.17912325,72711874.05517557,71431169.2965507,85871922.59425826,110929497.49958074,74645920.06994066,111171148.26015316,92554264.95569563,78022473.7000007,76749294.99364823,83216366.96793056,82077674.63413808,86225265.90201567,76040466.84743801,79641574.54062323,88434803.22637051,90355469.93788074,79505672.95167814,102074200.44218814,81751599.35171567,96491579.71687311,98487446.04523073,81521520.2305457,89701272.58498062,86178266.19931304,90964858.92564054,85649929.47218569,88123873.45908314,81115563.77795088,79607479.70477319,76094447.30106555,83498783.04987065,95973245.37830566,89372069.06384821,85636014.19328564,103265086.59942055,82481627.27941059,96461696.20331064,92315450.53692564,87401433.52722807,72289518.6255255,70146830.9981156,82899319.98783316,85118644.22980319,79901303.52618825,93246939.35762827,76301204.87698567,81264877.96842575
2023-07-03,129358018.01311766,90778737.53223059,71003048.63540311,82843963.17912325,72711874.05517557,71431169.2965507,85871922.59425826,110929497.49958074,74645920.06994066,111171148.26015316,92554264.95569563,78022473.7000007,76749294.99364823,83216366.96793056,82077674.63413808,86225265.90201567,76040466.84743801,79641574.54062323,88434803.22637051,90355469.93788074,79505672.95167814,102074200.44218814,81751599.35171567,96491579.71687311,98487446.04523073,81521520.2305457,89701272.58498062,86178266.19931304,90964858.92564054,85649929.47218569,88123873.45908314,81115563.77795088,79607479.70477319,76094447.30106555,83498783.04987065,95973245.37830566,89372069.06384821,85636014.19328564,103265086.59942055,82481627.27941059,96461696.20331064,92315450.53692564,87401433.52722807,72289518.6255255,70146830.9981156,82899319.98783316,85118644.22980319,79901303.52618825,93246939.35762827,76301204.87698567,81264877.96842575
2023-07-04,130414402.47711766,91262056.64373058,71448748.3719031,82924024.63612327,72843158.44117558,71663546.93955071,85793867.08075826,110873732.16908073,74712388.56994066,111347253.45165315,92617806.90369561,78053619.6080007,76854645.12014824,83663759.22293055,82795692.96563809,86405807.14851567,76064345.390438,79945020.52712324,88915625.84087051,90953596.63688074,79594284.53567815,102945380.47568814,82575305.59571567,96708159.78737311,98630486.59473073,81665610.4040457,90115414.08998063,86399678.36481304,91240445.30064054,85686394.87068568,88330079.50458315,81121520.27345088,79733988.12727319,76321354.76356554,83675616.27037065,96798901.79530565,89931499.04434821,85736012.41128564,103930296.65092055,82688050.65091059,97278722.34381065,92215330.78742565,87334590.43822807,72382681.2410255,70298316.90711561,83301170.71883315,85175408.50680318,79981205.28418826,94036401.95912828,76833044.09748566,81489756.81592575
2023-07-05,129637632.33761767,91063916.88223058,71191738.7809031,82498534.36012326,72614179.26517558,71450177.93555072,85456655.37575826,110762335.45458072,74651922.00744066,110911303.01015316,92852374.56819561,77683873.5790007,76661207.27414824,83453711.21393056,82613568.7116381,86294471.56851566,76008705.125938,79781857.34762323,88378694.30387051,90895710.52388075,79525996.98267815,102855035.69268815,82268800.31071568,96333790.58937311,98325509.53223073,81501489.64854571,89838201.18498063,86092590.33181304,90696625.83264054,85448789.12868568,88182920.93108314,80632143.96795088,79915079.6022732,75879915.11756554,83283105.58537066,96221956.65230566,89877770.72884822,85432696.04028565,103223696.91792056,82758495.33591059,96734846.64281064,92061693.22742565,87146693.82072806,72284532.96902551,69878810.21911561,82995337.34033316,85111615.75230318,80023845.68618827,93955600.50012827,76551685.09948567,81266439.14342575
2023-07-06,129314632.33761767,90112305.18273059,70845696.05240312,81918340.45262328,71822258.5396756,70876063.39705072,84568828.08225827,109666259.33008072,74005971.04044066,110428346.31365317,92039929.71019562,77280208.7395007,76361371.66914824,82444702.29943056,81674342.2021381,85551484.94301566,75674921.719938,78951660.75312325,87654596.02437052,90408484.91438076,78934633.55617815,102011473.42968816,81682570.49271569,95092163.77137311,98038815.02473074,80597804.22704571,89287340.48148064,85318704.02181305,89808060.37814054,84728215.57268569,87515507.17808315,80354083.39545089,79129749.1877732,75210981.23856555,83063203.21987066,94926484.16380566,88840432.68434823,84606365.52528565,101876642.90042055,81874570.1204106,95975083.63481066,91561004.39542565,86541475.20572808,71743055.36952549,68904183.63311562,82331728.98083317,84087741.17180319,79449196.19318828,93374707.82062829,75838682.08098568,80383723.70192575
2023-07-07,129714233.02011767,91333827.34723058,71010615.56140311,82720928.17662328,71700139.05967559,71332634.33705072,85292134.10125828,110043297.87408072,74859053.82994066,111028023.41065316,91981526.81969562,77111700.8120007,76344015.85614824,82943633.33043055,81976476.0756381,86195587.22401567,76629736.828438,79080633.94112325,87826175.04187053,90907185.69888075,79394790.03817815,102791410.94468816,82406336.86421567,94800849.41787311,98344778.13023072,80481863.33354573,90162595.51260565,86099249.66131304,90354852.90214054,85220749.4551857,87529543.33308315,80396166.6742909,79728620.76777318,75803482.15956555,83243983.76537065,96214138.64330566,88942584.80584824,84505904.68478563,102193236.30042055,82147061.75691059,96310739.88931066,91615315.23942564,86142626.57122809,71997786.8650255,68774257.82261562,82436785.98383316,84143133.17780319,80340398.06418827,93968102.39712828,76833175.08998567,81003459.41592574
2023-07-10,131604376.31611767,92881751.07623059,71543679.76740311,83778961.42412329,72292280.53367558,71610967.76105073,85929545.53675827,111780409.29758072,75833647.16444066,112224714.34815317,92924949.50969562,77752502.5160007,77228186.98164825,84182953.92743056,82944535.9931381,87346005.71251567,77634804.418438,79450544.26062325,89199293.62087053,92241286.74438074,79686411.86167815,103214253.37018815,83733408.60271567,95737085.89387313,99027933.47323073,81598167.13254572,91115068.16510566,87081435.08331305,91529895.54364055,85820038.9766857,88460776.03558317,81038944.98479089,80184420.5387732,76547495.62606555,84388468.98287067,97490250.60080567,90187334.61184824,86060254.03478563,103069100.47242056,82405439.2754106,97799505.16581067,92057890.35442565,86770259.61222808,72659832.96552551,69505621.12761563,83234492.25183317,85630167.0168032,81586467.62768829,94739400.63862829,77471322.40298566,81577909.04542574
2023-07-11,131902238.15111767,93016333.20273058,71330792.79290313,84066823.8461233,72493363.96217558,71591106.83405074,86116918.11225827,112128988.85108075,75900145.44194067,112045151.56665319,93055808.27469562,77281398.5875007,77544134.83014825,83902784.27993055,82631915.05263808,88606205.62801568,77377433.23543802,79798555.70812327,89400442.69287053,92415144.05088075,79867860.08017816,103871435.52968816,83502546.47521567,95321605.05387312,100001627.68423074,81136707.66204573,91374473.72760566,87097305.98631305,91917715.65814054,85882359.2596857,88779441.51608317,81172117.11029088,80045510.91877319,76250160.39906555,84476866.23137066,97284218.52380568,90400283.63784823,86217771.43578564,103332589.50242056,82358508.87091058,98149704.29481068,91660921.80592565,86474230.98522809,73079352.41852552,69814427.80611563,83116666.41333318,85828956.8398032,82342615.91268829,95639963.7001283,77321205.19698566,81747918.97942576
2023-07-12,131948238.15111767,93281665.74873058,70693526.40290312,83635224.51462328,72270640.80767559,71612509.13205074,85920557.41125828,112380165.14208074,75235493.32594067,112373664.25515318,92235191.46269563,77589472.57900071,77348470.51564826,83622066.31393056,82100781.55563809,88258950.25451568,77068231.94343801,79620199.92262326,89233589.58887053,92263781.68488075,79451713.96967815,103587657.76268816,83121751.61271568,94563967.86787312,99808373.55723074,81416002.27504572,91013276.94210565,86496002.58131304,91748466.28964056,85731925.2481857,88504801.48308316,80672177.05829088,79616447.0697732,76341593.02506556,84293925.90287066,96870508.58680567,89767977.88434823,85925554.28628564,103263397.63092056,82021584.0934106,98071450.24981068,91881537.76892567,86705586.8622281,72602624.36002551,69763865.79911563,82894798.62083317,85689304.1023032,81826784.28618827,95170227.2086283,77110223.78098567,81064288.99042577
2023-07-13,133683889.85111767,94331714.71273059,71434364.79590315,84691556.1566233,72343965.24917558,71849178.93205073,87234524.90175828,113316613.76458074,75920028.25694065,112727903.6676532,93944768.68769562,78203967.67950071,78778157.88214827,84055158.50843056,82853162.87863809,89061343.4570157,77590073.989938,80474585.37712327,90375057.58487053,93721403.08488074,80203986.11867814,104608301.42018817,84094872.94871569,95782396.55687311,100750943.19273074,81826434.84554574,92189134.26310566,87294040.71031304,92514492.04964057,86761682.1711857,89172153.82558316,81129157.5207909,80298053.8337732,76891070.67006557,84976586.84287065,98236307.22080567,90491674.65534824,87582772.37628563,103738553.84242058,82686292.7674106,99417932.40331069,92472443.89092566,87726532.36972809,72880004.95602551,70433224.69911563,83999416.37333319,87103964.14480321,82793723.09068829,96193719.6396283,77810116.38648567,82573391.94842577
2023-07-14,135115072.57111767,94576817.30523059,71927793.21940313,85365464.12712331,72557582.51817557,71925429.72755075,87640835.72575828,113730636.14558074,76043400.49444066,113293399.30315322,94583427.37819563,78302568.49450071,79496057.63614827,84275055.45843056,82751047.56613809,89045090.06251568,77851723.76243801,80493627.31262326,91199657.45387053,94704822.20988074,80726450.53867814,105227738.60018818,84072058.3937157,97283554.69187312,101806545.08023074,82392028.18554574,92963486.22360565,87799981.35331303,93397500.46764055,86866795.1561857,89641077.37508316,80821995.1642909,81135880.99177319,76771368.47206557,85486602.69487065,99453020.97380567,91416650.50584824,88717232.65378563,104232019.62342057,83062282.0274106,99839604.0113107,92867532.02542566,88526912.75222808,73116032.9855255,70672374.50011563,84518273.78433317,87493909.8138032,83627971.8541883,96010359.63562831,78488202.82998568,82738614.97292575
2023-07-17,135146114.60711765,94417152.91823058,72011466.12540314,85824187.5326233,72954536.54967558,72036107.35055074,87933319.74725828,113582141.52758077,76338600.97644067,113388699.60715322,94215919.94919562,77893464.67850071,79604817.06164826,85184787.81393054,82643550.8661381,88840244.28351569,77801090.61243801,80846497.80862327,91077442.66387053,94923412.26388074,80592427.47117813,104685141.39468819,84593273.81271571,97057434.72287312,101932523.40573074,83168992.33904573,92786826.96610565,87818025.78781304,93858155.17964056,86282829.7116857,89423556.04958317,80714695.8532909,81379994.2347732,76825829.56056556,85645167.09837066,99911148.82530567,91479822.09284824,89134506.50428563,104247344.58642057,83153644.3624106,99796890.2958107,93516529.15892567,88365725.4672281,73024893.3225255,70561043.18561563,85371987.28333318,87512227.7738032,83574176.4071883,96058216.26862831,78600484.07448567,82976388.74742576
2023-07-18,134529715.17911768,93986441.68823059,72011169.90540315,85178156.98012331,72715808.08567558,71951024.20505075,87531330.91475828,113023408.80708078,76050125.24644066,113158538.78015321,94117069.16419564,77798072.97300072,79454946.03364827,84935568.05493055,82329813.36463809,89196720.5855157,77399969.88143802,80410916.04462326,91191626.40287054,94632282.38538074,80271152.86867814,104425772.46668819,84819706.4742157,97025002.20637314,101599973.32073075,83288770.33754574,92414838.61660565,87858246.54431304,93561860.94914056,85564896.02118571,89201988.02608317,80302180.8942909,80726196.8442732,77051206.50556557,85425576.94687065,99364392.82280567,91661935.00684825,89005996.72378562,103634668.34692056,83127254.20291062,99288232.3268107,92861422.39592567,88268689.7107281,72752118.2070255,70545488.21511564,85095917.28333318,86900727.01030321,83423575.58918828,95568121.30212831,78440553.19248568,82534870.15142575
2023-07-19,134283996.15911767,93739039.68573059,71243655.76290317,84732319.5781233,72482494.06767559,71481914.03555074,87536189.83325829,112237824.80908078,75662311.87694067,112913747.12165323,93860976.96919563,77451025.45300072,79418162.34864827,84757484.59543055,81554515.7251381,89034067.5175157,77167394.29393801,79729690.40612327,91143068.17287053,94577488.88888076,79586127.10167815,105023528.01618817,84150759.36921571,96686310.32887313,102379341.05273074,82996234.93304573,92410352.91760565,87847557.60931304,93541129.87564056,84660745.47468571,88836945.54258317,79711203.85929091,80191439.6212732,76574401.26356557,84795739.35387066,99624757.60130568,91564204.35734825,88216663.43628563,103621608.64942056,82724319.69141062,98499266.96181071,92671040.74942568,87505632.2402281,72461306.0915255,69975431.26861563,85052379.78883319,86478595.06730321,83287590.35918829,96060188.0056283,78396902.42498568,82024731.10192576
2023-07-20,135015257.84911767,93702369.14173059,71607509.96790317,84805972.7446233,72326392.31817558,71684929.12055075,87791377.95325829,113157866.95358078,75788596.98444067,113356908.39815323,94244817.47419566,77429158.19850072,79747336.68664826,85206765.15543056,81906404.87863809,88802330.47651571,77599609.96293801,80152359.61512327,91306074.66837053,94968648.91138075,79579586.95767814,106092634.29468817,84410490.34271571,97087186.43987314,103292092.35173075,82682706.47404572,92733628.23560566,88210446.74881303,93747119.52264056,84633007.74118571,89370605.41308317,79965064.95329091,80870880.8082732,76317445.80206558,85177827.18687066,99432611.48980568,91982750.88134825,88172478.47528563,103496577.12542056,82989243.86991061,98348850.5233107,92720492.93992567,87545007.9332281,72730732.90502551,70049654.82861564,85125556.81833318,86586569.31480321,83287941.07168828,96105470.7196283,78838746.83648568,82597553.15042575
2023-07-21,138568257.84911767,95959621.7927306,72267821.61340317,86289576.18412331,73515810.17117558,72444006.68155074,89323399.43075828,115492545.61308078,77260759.57294066,114527307.99715324,95892969.56219566,78796155.98750073,80828438.24664827,86530729.72643057,83228790.97113809,91100707.4110157,78497653.80293801,82064642.58912326,92779786.79687053,96769986.52138075,80293950.98667815,108385419.26318817,86573693.38771571,98420825.06537315,105273893.22523075,83636529.46254574,94173271.33510566,89336843.12881303,95447770.75764056,86108730.53518572,91293235.18058316,81246703.13379091,82519439.7997732,77020565.57156557,86884899.93937066,101006404.3528057,93001166.25034826,89409678.75028564,105227589.02292056,84592694.38841061,100148516.9148107,94363938.01092568,89280214.81022811,74240315.4985255,71541600.99661563,86764578.1618332,88414834.5803032,84555546.75518829,98177740.61612831,80711927.91148567,83973393.14292575
2023-07-24,140014860.29911768,97310707.1867306,72543741.28040317,87083922.36112331,74194970.40917557,73233320.94655074,90113925.79475829,117080839.67558077,77719110.06494066,116357581.36215323,96445093.27419566,79107438.76250072,81332169.54364827,86869215.04943058,83470195.5976381,91966426.26551571,79316481.18043801,83340880.83312327,93657853.04487053,98061986.52138075,80629301.24367815,109486277.95368817,87824561.42121571,99776888.59987316,106440336.26123077,84223556.72104573,94650670.96710566,90236840.63781303,96485959.25064057,86879278.89368573,92058772.19458318,82612062.93529092,83234813.60577321,77306698.33206558,88105399.61987066,101177667.1103057,94184452.14484827,90044235.84278566,106331876.48442057,86307987.6704106,102023230.33331071,94997159.57242566,90716759.7317281,74662680.27902551,72994049.29061563,88193809.7318332,89145120.33280322,85417888.33268827,98628283.19112831,81539569.48398568,84820405.07642575
2023-07-25,139495860.29911768,96876372.3602306,73084422.53090318,86925287.84212331,73930801.74567558,72953427.47455075,89795984.72425827,116992129.10908078,77381295.02744067,115381000.43915324,96232458.33819565,78763394.09250072,80948649.51364827,86590872.57393058,83248644.2741381,91780054.89151572,78979840.52943802,82574917.37012327,92975199.09687054,97772323.88488075,80742397.65067816,108801947.22868818,87185620.2122157,99425023.08137316,106543290.62273076,83761255.01254575,95542475.51210566,89749765.73981306,96045737.10864057,86838908.66168572,92299047.43808319,82014436.33429092,82785220.6687732,76824453.46806557,87685847.34237066,100734480.5648057,93948111.02784827,89297785.82878566,105613454.76192056,86018707.87591061,102929557.9418107,94457749.45142567,90178383.4907281,74260412.72652552,72781326.95711565,87624154.81533322,88869383.06130321,85109377.61768828,97841393.17362833,80813322.36198568,84684151.61692575
2023-07-26,141208860.29911768,97732469.14423059,73311813.87090318,88123251.81512332,74592281.75867559,73492925.18855074,90660197.68925828,117431470.43908077,78143520.72794066,115971053.99265325,97261658.91019565,79426256.21450073,81750943.85364828,86679408.26043059,83865138.7276381,92559626.39351572,79452190.93193802,83390358.95612326,93853776.52987054,98643923.04488075,81183410.85517816,109456071.06968817,87766477.9822157,99971313.14587316,107638273.08273077,84215008.08254576,96189709.30210565,90560830.36281306,97128069.03364056,87410572.87168571,93140290.04908319,82324856.32979092,83240963.74127321,77263303.37856558,88388208.00987065,101074613.19180572,94847265.12184827,90165366.92878565,107148926.90892056,86431139.48241062,103118745.3138107,95042742.90242568,90923312.63872811,74887155.31702551,73184334.39861564,88482465.60183321,89664212.10430321,85519123.93768828,98615789.02462831,81354850.50698568,85245572.49392575
2023-07-27,140859412.3591177,97402247.47523059,73014371.08490318,88386679.04812331,74723356.69767559,73774694.45705074,90401706.76925828,117580372.38908078,78204003.98794067,115838082.12115325,97326949.77869567,79168471.69950072,81570886.18964827,86936752.60743059,84050473.24713811,92198687.98251572,79497928.36993802,83935721.05162327,93558125.10487054,98290907.49988076,81219364.96667816,110790887.89868817,88038543.0572157,99622126.50037315,107428339.48273076,84474223.36754575,96494517.93410565,90324944.61181305,96928814.46264057,86774252.74768572,92826405.8755832,81747964.46179092,83518040.50977322,77664850.76356557,88575549.82337065,100700818.78930572,94914322.12434828,89802317.72361566,106761789.20542055,86573475.71791062,103431119.85281071,94449566.82542568,91646874.8107281,74784968.7955255,73065286.84011565,88611579.34083322,89816069.18180321,85065503.35868828,98832088.96662831,81677568.14098568,85565180.85242575
2023-07-28,142168720.55611765,97673508.24023059,73302197.23340318,88893258.52812332,74449689.9626756,74342201.43905075,90981067.27425827,118708174.19608077,79159628.11094067,116276598.68165326,97747133.20619567,79549149.21800072,82382989.93364827,87968659.5019306,84765899.8221381,92487701.32201572,80363885.39093803,84919946.00612327,94309819.79437053,98903150.79538074,81879176.65167817,111526312.33368817,89052093.91571571,100897074.13437316,108272352.14173076,85871068.01804575,97214785.95910564,91009659.15731306,97916558.84764057,87076774.89718573,93549303.4545832,82425742.55729091,84579136.49327323,78035253.47856557,89234668.41137065,101137602.13730572,95815443.19434828,90522072.18861566,107369072.27392057,87745036.84491062,104601285.79681072,94859439.85592568,92041237.5367281,75309392.31152551,73111127.55961566,89246766.92183322,90195597.69930321,85907840.31768829,99558729.92912832,82817265.08348568,86267147.97992575
2023-07-31,142381711.36211768,98073606.94723059,73593681.45840317,88989074.93412331,74990187.4161756,75015552.15055075,91364671.94475827,118592707.42258078,79718451.51244067,117148858.29515326,97864473.00169566,79719789.16650072,83202003.08514827,88581085.10693058,84892214.30063811,92421468.47101572,81084986.18943803,85133376.94712327,94898665.77737054,99568460.99038075,82533121.48217817,112850269.36268817,89563146.7562157,101180179.37987317,108357576.68573076,86382052.76854576,97571354.27410565,91334379.61831307,98360388.42714058,87470379.43368573,93933938.1860832,82880879.00929092,85252414.61877322,77862931.83456558,90013428.71637064,102383194.48030573,96353205.99334827,91471501.08861566,107613997.72242057,88355670.46141063,104988392.73981072,94803637.89392568,93013532.1137281,75692133.66252552,72987666.70711565,89779098.3698332,90005711.71230322,86021373.57918827,99729175.23262832,83220676.27948569,86430614.09042576
2023-08-01,141026590.65211767,97192329.56573059,72603956.31740318,88642371.64162332,74404968.1781756,73901767.31655076,91180222.08975826,117535181.01258078,79594903.80644067,115568912.71515325,96667790.06069566,78989845.84500073,82197212.19664827,88068692.26493058,83782656.72863811,90998983.21201572,80263445.41893804,83998388.95912327,93736866.44187054,98241460.97238076,81844498.77667817,111427756.81268817,88193469.1277157,100166914.92787318,107509465.10673076,85056635.73854578,96609352.71510565,90358693.68881306,97213987.93614058,86490228.72018573,93269477.1790832,81606607.37129092,83580694.27427322,77472037.33006558,88808995.16237065,101520997.80530573,95367941.15584828,89965550.12161565,106181569.74442059,87525896.83591063,103751396.74581072,94501635.21442568,91615290.1162281,74305222.90652552,72234513.82911566,88799266.84633322,88917221.2043032,86169087.37718828,98974701.06062831,82115626.54948568,85830180.11542575
2023-08-02,143405840.91261768,97985259.16373059,73632788.91840318,90085316.69612332,75168118.9946756,75339689.82305075,92746903.90025827,119225754.84408078,80547907.83544067,116682663.11215326,97794089.06319568,79951938.59500073,84159644.25464827,89520741.60043058,85235622.02463812,92020956.33751573,81851779.98343803,84356570.02512327,95132726.29837054,99426042.71038076,83321259.11967817,113375707.51368819,89648389.89371571,101610473.22187318,109284244.73923077,86397371.65354577,98535158.62560566,91648274.66731307,99069391.21314058,87464230.59318574,94643811.6020832,82251720.92079091,85063204.45477323,78290444.56306557,90175361.32837065,103010868.17280574,96907964.47434828,91509142.62011567,107596990.33992058,89123748.81241064,104231832.08281073,95923721.08492568,93033529.26122811,75230590.11852552,72938164.81111567,90383948.88183323,89847282.16430321,87380840.72968827,100174166.80162832,83771541.38098569,87111518.31042576
2023-08-03,145349485.90261766,98167672.81473058,73864134.57386318,90552362.80612332,75158452.07967561,75411189.91055076,92993659.27275828,119567835.51108077,80583445.37144068,117565651.40715326,98247504.7561957,80179899.63300073,84578348.87264827,90393076.43843059,85917819.02213812,91764382.44101572,82074867.67343803,84265175.96062328,95481287.68337056,100070497.71588075,83574181.48867817,114261885.9636882,90371461.10971572,102092816.30887318,110588077.56973079,87018923.48104577,99166279.13010567,91965253.02181308,99458044.1841406,87268011.76668572,95229038.70258322,82596428.80629091,85770601.60027324,78413653.09756558,91246718.16687065,102397406.06180575,96961145.03684828,92036260.62761566,108409240.99242058,89483214.95991063,103809440.84381074,95794524.90492569,94128599.5662281,75432516.14152552,72594613.28161567,91244392.05333322,89871991.54530321,87554467.70518829,100409102.38162832,84294997.11898568,87416141.26742575
2023-08-04,146168485.90261766,99505080.61073059,74556551.63986318,91048710.51562332,75626465.73917562,76657999.64405078,93862967.44925827,120410438.30508077,81303576.11444068,119028814.71915327,99226834.33969569,81286790.40000072,85224936.98764828,90853077.76643059,86278106.94813812,92797639.19101572,83147776.24043803,85277162.40362327,96138831.83637056,101066105.25238076,83969276.27817819,115561067.7226882,91852504.83721572,102932625.08337319,111751101.15623078,87213397.41104577,99693147.35260567,92614153.73181307,100469427.42514059,88190510.77118574,95722922.19308323,83494397.84079091,87033160.09977323,79518807.91106558,92265636.20437065,104105595.16580576,97729508.90184827,92572829.10661566,110119569.4674206,90401206.57241063,105196857.84281074,97401248.4589257,94911014.23622811,76083717.53002553,73623849.15211567,91949593.98583323,90897281.74430321,87999266.7961883,101642227.27812833,85006100.17048569,88465446.97142576
2023-08-07,146997485.90261766,100429915.91373059,75077416.36286318,91486243.90662332,76219309.15267561,76567378.79755077,94812254.99925826,120651373.49208078,82006374.09794067,119709043.60265326,99044335.00269568,81583543.90400073,85790875.85364828,91968093.0179306,86716833.12913811,93484567.21401572,83144166.68993802,85615597.05962327,97036947.96937056,101902413.31238076,84644430.64417818,116065541.3121882,91993659.16621572,103841757.07337318,112177785.32173079,88101315.33754577,100594039.65360567,93446320.32931308,101177411.3826406,88297606.78268573,95709136.11808321,84081377.02279091,88016768.35977323,80491712.27706559,93030973.78387064,104887980.02680576,98128802.44684827,93119879.79111567,110636870.5549206,90539968.55741063,104997159.52681075,97145980.18592569,95266096.92372811,75996022.16402553,73842509.57961567,92602660.47133322,91111726.40480322,88844821.96818829,101644542.72512832,85961355.3859857,89129995.92142576
2023-08-08,146300485.90261766,100897551.47623059,75261419.40736319,91816461.90212332,76174920.22567561,75583885.77305077,94898546.86675826,119807074.92208079,81585055.94494067,119293496.99765328,99336945.10019568,81558408.62900072,85134352.56264828,91650906.30693059,87069107.33013812,94279373.39401573,82901891.83643803,85637189.05712327,96435704.86437055,101675693.16088076,84284683.84617819,115508215.8981882,91051609.48921572,102334865.33087319,111603301.2792308,87849301.19354576,99848757.16360568,92566030.45531309,100680515.1686406,88767258.89868574,95167690.15858322,84104708.47279091,87375762.32477324,80066723.72406559,92795978.04587065,104618361.41030574,97336108.05934829,92655594.88111567,110786092.7424206,89726117.93391064,104228790.55481075,97269847.34942569,95112244.76172811,75393133.75802553,73180029.03211567,92347615.48333323,91395475.55080321,88488127.73018828,101805722.23312834,85088400.6334857,88542992.28692576
2023-08-09,145271408.56811768,99516744.2712306,74438441.87036319,91540799.47362332,75668193.88717562,75126614.09455077,94152874.23825827,119361024.6885808,80973761.96494067,118384505.68315327,99208176.05819568,81096584.58150072,84630409.00414829,90952978.80793059,86274879.22613811,93742701.74151574,82134091.99443804,84896674.96062328,95699288.41537055,101405718.16388077,83848133.28967819,114334974.33918819,90619811.64421572,102226547.71387318,111066513.0037308,87025953.59004577,98981408.49860568,92137033.34381309,99620499.4366406,88364860.31418574,94382079.16358322,83252212.32329091,87576462.40627323,79252036.94556558,91913520.21987064,104224751.96330574,96466027.81534828,92240375.24361569,109689402.2989206,89426097.13141064,102900585.87931074,96022052.7749257,94826168.42822811,74898920.70702553,72382661.58511567,91466503.85633323,90312016.98830321,87745170.0346883,100577079.14112833,84563669.58898571,87784343.48492576
2023-08-10,142968706.08811766,97029644.47873059,73169364.07786319,90167699.85212332,74306387.33967562,74093929.11005077,92292067.68525827,118408656.4085808,79290254.00544068,116125172.76515327,97632160.72219568,80154790.82550073,83075740.87914829,89449543.49193059,84944329.57813811,92103098.88151574,81042155.05693804,83285157.23162328,93949337.11687057,99411645.48388076,82092067.5171782,112230365.4391882,89690699.46421573,101324292.78687319,108751787.2732308,85381741.88304576,97018394.89960569,90582265.31631309,97141967.4231406,86858534.70568575,92894648.26008323,81938054.5622909,86181326.99227324,78136661.27656558,90348535.79337065,102611525.09530574,94421686.07884829,90796288.83111568,107731234.89542061,88196031.67991064,101167706.43331076,94425421.8009257,92801231.52922812,73507587.79502553,71500378.41511567,89916215.54833323,89163268.97680321,86555161.4431883,98770443.41762835,83022771.23698571,86045677.39242578
2023-08-11,143987706.08811766,97673316.2417306,73406425.95086318,90704850.43212332,75294642.46767563,74492996.52205077,92861668.27453327,119002699.0128558,79857423.02394068,117553506.74915327,98010233.0421957,81127226.57314074,83820502.1866483,90273154.55793059,85484760.87480812,92767992.98501575,81914515.95693803,84086382.53022328,95141658.91737056,100483037.16338076,82473981.75967818,113511864.3516882,89981713.54017071,102115941.0823732,109959936.9117308,85839501.30554578,97924447.89560568,90584434.5420481,98742918.0686406,87362873.45068574,93265164.73808321,82561081.2732909,86863354.21791324,79346154.16056558,91267324.18937065,102568163.99580576,94302243.18696329,91131725.63157068,108983204.16492061,88521891.50341064,102243039.06631076,95427910.26692571,93562677.38422811,73996521.75140554,72138091.14261568,90535117.29183322,89612057.89514321,86812945.9611883,99738388.67812836,83275851.34922071,86932407.63742577
2023-08-14,146712706.08811766,99447478.1772306,74674657.34036319,91928830.96112332,76840987.00917563,75845188.60905078,94082963.83703327,121594903.72235581,81048132.18594068,119279065.43015328,99019261.33819568,82304355.66314073,85076976.4281483,91626888.8744306,86374663.96980812,94510032.61401574,83585111.92693804,85495245.86122328,96805820.45537056,102329023.61988077,84045263.6671782,116545055.37818821,92142860.43617071,103645155.5998732,112126103.90573081,87350822.65604578,99649125.7616057,91697579.08054811,100850192.46464062,88211580.34068576,94331687.58408323,83431310.23629092,89147595.27541324,79983677.61406559,92714315.46237066,103577706.51480576,95753797.27696328,92380339.15357068,110217474.26242061,90143841.99191065,103920431.45781076,96867499.08242571,95193398.47772811,75356102.68240553,73435186.75261568,92125736.37733324,90677757.42064323,88228514.39368829,100903430.93862836,84747481.69972073,87437694.19042578
2023-08-15,146735017.78761768,99437039.4347306,74610821.33936319,91960030.93462333,77116705.84167562,75910246.93255077,94167805.87753327,122112739.0173558,80951544.21444067,118580107.19115329,98866219.68819568,81928954.13814074,85436032.9876483,91090107.5894306,86441664.98480812,95006556.76001574,83626325.01793805,85042812.82722329,96916474.20237055,102243697.24138077,84112395.3111782,116390214.14718822,91957869.23467073,103657923.71137321,113367064.41073081,87641381.90604578,99687457.2566057,91342777.34854811,100799018.26814061,88366600.70468575,94580380.90558322,83589559.38229093,89148504.92891325,81087104.66556558,92432678.08737066,104243475.46430576,95961548.35496329,92500504.48057069,110221027.97742061,89878401.48641065,104341494.79781076,96990952.84992571,95220246.58022812,75208451.89190555,73334887.64761569,92044814.11233324,90657968.92214322,87965256.7991883,102051095.76512836,84783712.48572072,87491771.43292578
2023-08-16,147848017.78761768,99511686.6592306,74592273.4103632,93127135.21462333,77260558.86917563,76329467.82505077,95374721.02853326,123700462.06885579,81800431.60894068,118316204.1511533,98630178.37619568,82051867.94814073,85677906.2291483,91632516.6729306,87243907.27880812,95381794.06151575,84455677.81693804,85271706.32172328,97620612.51737057,103652710.76538077,85129444.07617821,117554376.23868822,92901315.76217073,104301741.41487321,115523179.28723082,87899738.07154578,100254134.5091057,92466272.82254812,101701193.34914061,88489422.35018575,95202199.72508323,84180929.52629092,89424539.77591325,81743398.07206559,93010934.33887066,105751792.53080575,96894161.62996328,93363914.4660707,110267843.26342061,90341641.94391066,105555471.82481077,97584643.33942571,95422640.22022812,76144658.43040554,73138409.7466157,92647032.24533324,90717492.22914323,88675317.18518831,103209114.96762836,85127263.50172073,87910081.50642578
2023-08-17,148196017.78761768,99179258.2892306,74685945.2098632,92957865.44762333,76879503.21117562,76581712.76105078,95384408.39453328,124117517.94385579,81612161.35244069,118573316.27115329,98713485.04869568,82037703.83814073,85513816.3251483,91569644.41793059,87080586.81080812,95192819.20901574,84697059.27793804,85171200.20972328,97782849.66537057,103389591.58288077,84840788.1596782,117330435.77818821,92802532.71267073,104560356.88737322,115228726.85423082,87507590.50504577,100025675.16910571,91974869.65504812,101300872.23914061,88747512.91168575,95258833.12408322,84391270.17879093,89576051.81841326,81701908.7280656,92945153.79137066,105076653.89380576,96326018.01096329,92811354.46857071,110092117.40192063,90034296.62341066,104971362.93131077,97583211.38492572,95432838.94972812,75674687.11140555,72958649.8171157,92789861.24783324,90463300.28014323,88241106.0986883,103148046.15912837,84784216.69172072,87261949.55842578
2023-08-18,140197645.97028518,93501447.33367561,71138908.48372069,87681511.24662334,72349806.00767563,72591719.65078577,90046159.03753327,117132950.2158558,76564901.97096068,112134408.56136829,94265453.8438457,78230040.93064073,80760706.4231483,86138437.0010806,82650690.17880812,89515772.30501574,79237517.11443804,79998738.61703329,91954931.37291056,96741127.22938076,79862975.39667822,111557402.0999507,87507609.40267073,99450944.06463572,108133227.47773083,82393646.26419577,93933491.8766057,87615963.9683581,94711518.08764061,84526789.12988076,90876885.90866072,79410988.78579094,84867027.20941326,77270767.5590781,88709583.41237067,99535542.96250075,91472152.53065829,88410308.35207072,103050034.01745313,86090529.90741065,99005649.49681078,92492592.18137072,90032386.30372812,72124535.48440555,69282870.81931569,88217583.16055323,85206239.01964323,82978946.48083831,98660053.00414838,79501314.90072073,82775638.3864258
2023-08-21,138339787.5832752,92486661.25347562,71124313.6602207,86347732.97594333,71498978.86434063,72042838.86628577,88773984.65286078,116686554.0400458,75718793.02146068,111364022.6368683,93312202.6807082,76644475.67239074,80987922.30399331,85089108.1020906,82276749.57962814,89585402.87523074,78753994.54726554,79298473.54003328,91291674.29541057,96310450.79038076,79036422.48459321,109731889.9074057,87574139.37507072,98877176.22263572,107312044.11707583,80647953.92754078,94369080.7612832,86866755.0995081,93884618.34139311,83083306.28072575,89726667.28066072,79582974.26219094,84235045.94183326,76939181.53300309,87742153.68577066,99464034.54900075,90703380.64649579,88851529.25207072,101609989.64595313,84982675.89541067,97955905.79631078,91399677.78755821,89839151.65722813,71238508.28312056,69169356.5028157,87813805.89566323,84398525.20592323,83226824.07151583,97580284.48548838,78933875.44972074,81721050.23942581
2023-08-22,140271298.9235302,91918917.71330062,72012421.5360407,86388671.64882083,72011332.57954063,72472879.39098579,90209211.43386078,118665827.1172158,76700352.76246068,112367373.0809683,93597784.3400282,77132185.09289074,81901229.7884933,86165557.4795906,83291669.99262814,90732271.35973075,79891727.28876555,79647267.73463829,92676237.33241057,96957784.47338077,79855618.57759322,111226411.73740572,88645409.95861071,100158102.01463573,109316531.03207582,82195320.28954078,95388401.2292832,87363001.26888561,95959814.74289311,82944559.34308575,89343145.51311073,80900149.25569095,85217673.12283327,77096575.1055731,88283792.77327067,100650239.61832076,90620790.50031829,90100030.19111322,102188817.54267314,84892511.49973068,98905698.85259327,91603079.7010132,90779483.05522811,71685676.90268055,68995534.1130932,88928642.76116323,85378904.48602574,84739926.44651583,98896161.37595838,80807180.52922073,82491105.4044258
2023-08-23,139802298.9235302,90787554.57930063,71044649.2315407,85425695.60782082,71405826.03204063,71614776.74198578,88915045.7568608,117600584.2482158,75342720.72746068,110892020.76596831,92827716.6660282,76338274.70139074,81347490.37949331,85115547.4965906,82891167.28062814,89783132.38473074,78652944.84726554,79405161.3866383,91558585.36591057,95576578.50988077,78885762.85809323,110151927.00840572,87049093.43661073,98620767.13113573,108174960.51957583,81944044.66804078,94799353.3797832,86993735.66638562,94745274.42689312,82092222.56058575,88435422.40311074,79974820.69169095,84005637.36883327,76406976.02057311,87491592.51027067,100010199.18882075,89670380.3248183,89425770.73511322,101055620.36017314,84363996.77923068,97784092.23859328,90416958.5955132,89789619.63772812,71099347.94768056,68022297.7035932,87497309.72016323,84529599.19652572,83770686.59401584,97534037.6944584,80050750.84922074,81689250.5684258
2023-08-24,144389298.9235302,93601448.30580062,72737143.7140407,87448947.54732083,73231046.67204063,73612698.0964858,91329830.58136079,120361461.5847158,77950854.32646067,114075744.84446831,94684589.3445282,77916030.38339074,83408043.52149332,87157521.1450906,84558960.35462813,92179267.97173074,80998247.50726555,81080920.6776383,93896449.27591059,98033709.82138076,81681826.94109324,113440368.5589057,90012484.14911072,101678815.19463573,111115196.43957582,84655179.42804079,96758965.03778319,90613194.40188561,98300178.98789312,83536764.46008576,90083567.16961074,81473056.10469094,86216139.50183326,78311446.4755731,90247533.28127067,103108877.28782076,92358944.8223183,91896120.78861323,103263924.35617314,86201282.25873068,100143084.59559329,91669541.32051322,92569558.40072814,72896567.37318055,70337058.75009319,90369359.23216324,85912435.81252572,86322094.70601583,99902954.3404584,82376420.76522075,83386097.8614258
2023-08-25,144720298.9235302,93856391.69280063,72768630.6555407,87730925.45132083,72838401.77654062,73190582.58098578,91414760.14286079,120749878.2872158,78503353.19746068,114644107.9169683,94243658.37852821,77241151.09389074,83343654.97249332,86989859.1030906,84504918.10412814,91910569.48373075,80760109.22676556,80922010.8136383,94350514.65691057,98116789.87138078,81760557.08359323,113117362.6704057,90125325.24011073,101723178.03463572,111039736.94307584,84563652.1070408,96623466.70428321,90656818.82588562,98909692.82489313,83564435.34308577,89554435.24811074,81063000.88019094,86116314.42633328,77869705.04757312,89988293.34777068,102629799.71282075,92549160.5713183,92208601.13411322,102587280.25217316,86182397.58273068,100154285.4155933,91779448.97051322,92865578.91572814,72950573.41618055,70124771.1755932,91052034.71566324,85959379.22252573,86865759.80501583,100539373.3009584,83005328.56722075,83273200.8219258
2023-08-28,147531151.54703018,95210696.16080062,73985328.2875407,89181019.89732084,74004591.61254063,74439874.55748579,93169347.4743608,123438312.5702158,80254351.01346068,117269003.69396831,96598066.1565282,78195577.74739075,84757719.61199333,88568892.8545906,86587374.03462814,93663754.81073076,82947645.42726555,82907916.88813831,96408535.64341058,100898921.05338077,82986744.17209324,115050321.91340572,91937193.85211073,103665205.87313573,113337568.36607584,86268771.82604079,98827117.91828321,92597929.88838562,101170589.70689313,85079551.85608576,91037417.77311075,82251657.59269094,87466390.55083327,78997646.29257312,92121183.65127067,104323008.80132076,93562926.75631832,93879236.99361324,104695628.67517316,87366255.6112307,102146379.0625933,93589828.09901322,94864364.54022813,74402056.96118055,71285803.6685932,93046839.72766325,87287973.52552573,88271439.81451586,102594867.9694584,85161274.11972074,84921916.0004258
2023-08-29,149617668.34703016,95631177.46730062,74198005.6305407,89345393.60182083,75087001.48454063,74808972.7374858,93926404.09586078,123576745.45721582,80753462.4534607,118338314.6449683,97446859.57602821,78546807.78539075,85479952.07149333,89536674.2795906,86788437.29012814,94109147.60823074,83069715.40026556,82994432.2181383,97293032.26941058,101443990.16638078,83777719.63759324,116045051.2949057,92148540.51261073,104155012.70863573,114226058.13057587,87344666.74904078,98842580.1147832,93624382.19888562,101440929.63239314,85570772.72008577,91050808.77311076,83088529.26769096,87869587.57783328,79255152.22607312,92381212.35027069,104927443.18082076,94184206.09281832,94791969.05711325,105109008.80367315,88072499.26723069,102687833.8165933,93817593.80701324,95221396.15722814,74697493.29318056,71875601.5970932,93724870.09566325,87597875.31952575,88558889.04951586,102966759.19745839,85342977.22472075,85072828.7349258
2023-08-30,151347668.34703016,96870950.87330061,75073264.1570407,90113972.84332083,75677703.61104062,75840655.67348579,95364729.01186077,124497963.06971583,82031997.08246069,120256636.9099683,99327836.27452822,79255999.04689075,86498246.30249333,90750109.93459061,87629042.57712814,95150372.33973075,84203071.40226556,83518424.7531383,98288477.93691057,103065053.74438077,84918922.91809325,117376584.3934057,93442532.14311072,106174586.36913574,115753360.63057587,87905880.5890408,100003752.0297832,94725766.02338561,103016983.47239314,85699602.10608578,92647845.46811077,83733310.49069095,88993262.70333329,79759544.50957312,93843204.94877069,105734235.88382076,95316594.06781831,96029762.30711325,106677769.38517314,88867676.36773069,104065843.83859332,94975722.39501324,95572425.25172815,75218085.53318055,72392760.0295932,95224566.48366326,88881482.64902575,89915120.18451586,103944234.9894584,86827671.99922074,85897391.0464258
2023-08-31,153216466.6390302,98194223.82330061,75940926.6685407,90822355.64932084,76362606.44804062,76848552.24098578,96279780.09136078,126230296.19221583,83285231.0459607,122121166.37196831,101022813.30902822,79975084.66939075,87610871.27149335,91840054.3895906,89264902.71512814,96586695.43123075,85193507.35126556,84492980.27663831,99721334.74641058,104141039.68338078,86119850.58659326,119132590.41140571,95060002.11511073,107060457.17913574,117847801.71557587,89076355.5430408,100789110.64028321,96472335.94438562,104054883.73189314,87200705.04008578,93499054.47961077,84762921.40569095,90051392.82783328,80756695.27757312,94562425.8912707,107228104.64282076,96860223.80181833,97176605.43211325,108250326.16867316,90016658.0832307,104986859.60359332,95776792.95801324,97329178.35472813,76508697.52368055,73457532.3855932,96338246.74166326,89421580.46302575,90760900.79701586,105371210.8899584,87633888.44072075,87953216.80042581
2023-09-05,153653975.95703018,98115565.48430061,75892936.38304071,91458962.08832085,76826571.64754063,77174651.8614858,96885874.87186077,126453866.12071584,83747005.80596069,123234818.91746831,101402821.90752824,80252045.25689074,88078978.15249334,92007628.6885906,89271647.09762815,97125227.79123077,85395038.89626557,85268573.72213832,100045460.37741058,104423788.51088078,86739918.54159325,119924243.24740571,95958401.09061074,107095057.17013574,118169850.06107587,89695216.66804081,100906205.61978322,97350673.20188563,104280308.51889314,87899227.99608576,94471964.34611076,85346606.79319096,90470630.59583329,81014794.06957312,94545641.24477069,108598304.14032075,96813621.99731833,97614682.25761324,108801713.28467315,91123836.5617307,105096314.06709331,95887580.47701326,97738411.00972815,77113797.25468054,74047859.99859321,96787950.16416326,89559460.22852576,91022435.93801586,105405384.2474584,87666726.18622077,88386431.91342582
2023-09-06,156844477.7120302,99425540.43080062,76703748.84554072,92287779.12132084,77772927.18254063,77997508.47448578,98312592.27286078,127075488.37621585,84968904.6194607,124761591.65646832,102511594.88402826,81017437.13089074,89348242.31799334,93031958.2305906,89951937.43162815,98834631.65323077,86254929.13776557,85951182.85413831,102449337.93191057,105580874.56488079,87405154.87659326,122153686.80190572,97112866.08211073,108791381.69963574,120505249.54857588,91254984.09154081,103587652.10078323,99140233.63738564,105690755.43639314,88911399.99308577,95753604.29711075,86606057.30169095,91240636.77983329,81944136.46407312,95960590.3842707,109630120.04032075,98630477.92681833,98819249.79361326,110309599.43117316,92408738.06773071,106975969.59409331,96554513.11701326,98828134.55522814,77804954.56668055,75025250.86209321,97993254.88116327,90593084.56202576,92933544.16951586,106170918.1119584,88786850.59722075,89120449.99542582
2023-09-07,155998344.6245302,98842881.90230063,76628196.80554071,92476653.45382085,77395354.54154062,77914093.09248579,97917227.08136079,127002211.96671584,84321337.0454607,123192724.62546831,101655156.55852824,80763739.16139075,88499411.29599334,92754592.1490906,89390053.59662816,98392986.59673077,86606327.10676557,85808480.61863832,102254104.35541059,105350252.50788078,87064676.10659325,122107614.31190571,97223710.51611073,108504113.92013575,120312443.68507588,90737123.55254081,103699069.91528322,98705241.52688563,105426411.47339314,88763199.88358578,95030550.69711077,86859731.62469095,90952420.51133329,81734432.01457313,95613258.3497707,109173972.44132076,98433724.43981832,97876943.31261325,108696024.46417315,92009187.58973071,106066887.5305933,95799373.34101325,98314712.03422815,77536986.49218056,74713333.3175932,96923288.46966328,90232468.06352575,92448437.52751587,106262049.2684584,88536473.73022075,88883460.78292581
2023-09-08,156273132.8045302,98885714.32430062,76434892.27504072,92225244.74932085,78203949.38654062,77635770.16548578,98156076.34486079,127083053.49271584,84810422.0479607,124038516.49746832,102168926.86302826,80394841.18189076,88948550.11499335,93107025.5785906,89427636.40712816,98099323.90673077,86783650.79926556,85783183.77313831,102412189.93941058,105770177.41988079,87035996.47159326,121365136.09290572,97632921.28461073,108668001.04813576,120986586.39207588,90666838.36654082,103161562.40578322,98733630.62438563,105458681.12789315,88255733.84908578,95182883.80511077,86504926.72319095,91235985.62133329,81768583.66457313,95934482.0367707,109094900.99282077,98202709.50031832,98304468.88761327,109425670.82567315,91704910.6967307,106774888.3470933,96456480.78701326,97633107.12922816,77413221.12918055,74280334.39909321,97494632.23966327,90156768.35852575,93037281.12051587,106168044.1989584,88564586.33772075,89342441.20242584
2023-09-11,152693555.2715302,96967115.01630062,74928524.12554073,90587784.90882085,77329594.46054062,76076798.83098578,95307461.73786078,124998444.27471583,82890349.2624607,122114186.80296832,100675568.38402826,78771427.35939074,87136080.42399335,89807232.19609061,87676578.22812817,96341564.89973079,84795955.78826559,83384864.53713831,99840097.85241058,103270681.11038078,85226496.73709325,119446755.49940571,95698233.40461075,105875836.32113576,117460097.5390759,88701545.61954083,100187015.62728323,96642572.13238564,103037476.52539316,86726488.06408578,93067878.52461077,85332474.71619095,88635729.7073333,80063160.88107312,93688432.2682707,106495520.63332076,95603272.03781833,96838952.72111326,106450854.84867316,90111207.51673071,104224948.1520933,94291565.47801325,95957877.51922816,76047083.41168056,73177372.9155932,95328853.72466329,89054576.09852576,90651010.88451587,104021118.75345841,86875342.21072075,87706075.61142583
2023-09-12,157440555.2715302,99999351.75380063,76376138.96754073,92722150.37932086,78897788.13654062,77568927.9884858,97844682.3193608,128943339.02071583,84933345.34996068,124210402.22796834,103640538.10452826,80510057.02939075,89608700.60399336,93172506.4615906,89204635.79562816,98733719.06073079,87159513.72576559,85504513.81863832,102895476.27441058,106099799.86538078,87461603.93559326,122837068.31090572,98061162.85711074,109646794.65813577,120575198.7330759,91087402.37754083,103156471.63128324,98933437.35988565,105774785.57089315,88840662.67258579,95712997.07711078,86631033.94469096,91167592.2513333,81985701.40857312,96163559.8357707,110172591.77732077,98730920.18031833,99484696.17861326,109652105.54267317,93125466.27873072,107271478.5490933,96671409.10201326,97964660.83672819,78097744.68768057,74248529.10859321,98033808.14666328,90955063.02952576,92718280.02051587,106655908.30345841,89586454.67372075,90933121.05392584
2023-09-13,155847674.3605302,98680131.68680063,75879147.48004073,91588142.35682085,79001538.93004063,77365686.8484858,96705808.45637079,128985283.82871583,84497008.28496069,122424066.15946834,103036119.41552827,80844261.75239074,88538591.65999337,92149532.55909061,87754444.08063817,97811515.37273079,86072524.96026558,84276484.22814833,101863287.68891059,105224884.10738078,86769292.67909326,121348541.18990573,97308823.65111074,108341551.30813578,119702518.9700759,90917547.66354081,101438756.89478324,97113078.18438564,104713160.79139316,88339139.5525858,95294065.92961079,86395931.16869095,90904982.4863333,80998664.52257313,95540783.5802707,110199283.21032077,98173433.09831834,98515120.51561326,108716661.13231066,92012029.62373072,106319083.77809331,95612306.58701326,97602856.42272818,77656766.53118058,73683398.15359321,96907236.98266327,90707823.62502575,91887214.50751588,105945540.87795842,89114212.25522076,90253927.33492583
2023-09-14,151821192.4845302,96405045.68330063,74024655.12704073,89523811.09332085,77145894.73654063,75660644.6194858,95007529.1548708,126247025.09771584,82643643.7854607,120013395.49996834,100806872.90852827,79660709.67139076,86648130.82749337,89613953.74709061,86375564.36963816,95909789.72923082,84460570.69026557,82598980.24614833,99055850.54091059,102260881.88588078,84426643.17109327,118917992.77940573,95482051.46311074,106036431.92413577,117460708.8580759,88573116.59404081,99061700.32028325,93852127.52188565,102059612.00089316,86751568.01258579,92920224.87461078,84636289.56769095,88334195.3648333,79577276.90557313,93678248.48027068,107148898.69632077,96882162.05481833,96066199.00711326,105322589.47031067,89664074.82923071,102851089.3140258,92922361.67901327,95449221.56772819,75885211.62118058,72456077.3140932,94780641.90766329,88751947.22252576,89333920.24651588,103399997.80995841,86725244.69972076,88094124.60092583
2023-09-15,152732692.6520302,97464084.44980063,74054107.78404073,89489756.68682085,77120157.74704063,76172560.07798581,94871856.8033708,127158902.63921586,82872296.1819607,119656581.30896835,100642059.31802826,79923808.38439076,87432882.18849337,90179027.6650906,86615881.03163818,96932646.09773082,84768262.70476557,82862460.92214835,99273722.24891059,103241490.6038808,85040346.33709326,120213593.91190574,95587562.21961075,106361234.98913577,117333040.62957591,88204211.95254081,99366623.38078324,94579949.44429815,102283848.77539316,86811962.0105858,93252449.52711079,84812722.77969095,88612420.64033331,79819573.35657313,93846800.37427069,106911972.99282078,97156086.40981832,96559948.37361327,105919395.57631066,89897106.79923071,103010466.57002582,93278013.62401326,95393009.57572818,75794739.14968057,72427514.65259321,94343278.39466327,88936222.60652576,89700799.35651588,103630472.19145842,86894441.96172075,88660483.30392584
2023-09-18,151144692.6520302,96245708.09550563,73459458.71404073,88342353.70582086,76335089.83310564,75085937.59748581,94087785.83237079,125033423.91521586,82458678.0374607,117766621.92646836,99731572.64002825,79275463.19539076,86544579.92149338,89286298.4570906,85069091.15005067,95857416.94773081,83661425.61776558,82091167.00464834,98662107.4924106,102282568.8513808,84318804.12886328,118755879.80351573,94357345.84161076,104908887.31763576,115939119.08407593,86960990.11904082,98204739.30841324,93403406.64671063,101616471.22839317,86435180.09108579,92503746.56711078,83813397.00069095,86740815.56733331,78896411.94357313,92819584.0222707,105552773.46582079,96519229.77531832,95242331.15711327,104278316.13225067,89423894.8064357,102021747.36302581,92913826.33201326,94589687.40472817,75294048.38818057,71831949.75459322,92638628.30416328,88139404.06652577,88629751.16422087,103062107.15695842,85641905.25372076,87403731.98713085
2023-09-19,152330983.9069902,96308910.58550563,73159935.66104074,89230937.14132085,76825820.16860564,74953597.0499858,94244982.41137081,125052520.18671586,82347024.3189607,118679698.71796836,100436437.97652826,79472553.95139076,86512990.77549338,89017496.27537811,85046601.38355067,95690983.0040183,83756607.31076558,81757669.59464835,98982842.8769106,102757624.46638079,84083784.67386328,118102399.00251573,93856545.65361077,105976602.63963577,114940694.88242093,86533561.68054083,98526425.45191324,93297969.84821065,102715863.05139317,86424354.0815858,92227510.30539829,83656798.44669095,87542076.41083331,79354290.51157314,92476663.6752707,105261419.8663208,97816399.74681833,96048916.25661327,103829149.92225066,89603813.44493571,102680645.28752582,92715888.24201328,95226707.64972818,75722436.38118058,72035127.15109321,91634046.00516328,88578521.58152577,87900084.66622087,102691859.99845843,84942541.58222076,87828988.30913085
2023-09-20,155647476.4159902,98141915.53400563,74998380.10504074,90683460.32382086,78142744.26510563,76122368.65515581,96008864.35387081,127914499.72021586,83958351.95896071,120431607.59996834,102557541.47552826,80541215.13639076,88511395.58999339,90787914.69587812,86445964.21655068,97936018.83201832,84941056.84743558,83394677.25214835,101693094.8099106,104854695.46588078,85945068.73486328,120979993.17751573,95813298.19458576,107971834.86413577,118283514.40542093,88473524.46201582,100425455.82941324,94494089.88671064,104754349.16639316,88330110.6530858,94074949.03639828,85482740.70419094,89260493.77883331,81132433.34207313,94381454.5612707,108227904.27132082,99328546.07281834,97767369.71061327,106515413.84725067,92010787.89493573,104040817.77052581,94942225.67551327,96768582.53672817,76725038.51218058,72934496.69659323,93352731.24175078,90264230.43502578,89583697.16722086,105383464.19695844,87621247.84922077,90064052.31913085
2023-09-21,153180850.65299022,97061314.27800564,74319513.17304075,89346949.79432085,77650409.27610564,75531811.4691558,95235275.5028708,125690313.68321586,82837062.5614607,118394034.51996836,100762133.27552825,80134604.34589076,87030150.36649337,88959893.66337812,85254834.12755069,96294824.04551832,82677931.98693559,82202534.86364836,100444866.3719106,102904894.47038078,84736457.61136328,118499526.34301573,94617451.53658575,106666037.55563578,116060783.07092093,87532753.38151583,97886740.38141324,92823243.95771065,103611616.56239317,87216914.4205858,93028416.00089829,83895285.30319095,88121461.86733332,79466702.01607314,93743767.02777071,105587612.9563208,97949799.55431834,95801876.69061327,104136033.45425066,90821849.81593572,102275527.53252581,93265422.64201327,95551514.29722817,75750457.74318057,72516994.31709322,91067421.19525078,89570685.01552577,89266445.93922088,104455681.87045844,85817661.72222076,88627524.49513085
2023-09-22,147061445.8914752,93814166.62300564,71884900.70936075,86576575.57882085,75104109.19710565,73254895.45815581,90911398.8288708,120695268.03321587,79254825.4185282,112624798.29646836,96314826.42502826,77160490.08039075,83728624.59949338,86427263.70837812,82820560.9010507,92360408.87185833,79029316.60822308,79328732.52814585,95458981.56717059,98683605.19538079,81220037.33336328,113013386.70267823,90207029.74291575,101411683.89413577,111997492.99591093,84488566.73909083,93409350.45023824,89557097.65821065,99763486.12339318,84233076.8952958,89629226.39339828,80759359.40276594,84911859.67683332,76963498.58713312,89534900.61727071,101875467.8395558,94279583.72381835,92670587.83711328,100074449.76158068,86430654.25843573,99107912.98102582,89571933.80601326,92222476.25994068,72661860.42918059,70469521.27309322,86507924.5552508,86070137.61052577,85054398.58322087,99920589.04095843,81803629.83504076,85953628.45404585
2023-09-25,140012740.8130477,88880210.28611813,67880343.84736076,82826814.22482085,71485345.74370065,69248566.78371081,85112613.3630283,116226202.90354836,75180499.9325282,106960596.46501337,91887040.21724826,73425772.34989075,79161228.10775338,82640091.10287061,79336635.1525507,88046395.80618332,75136621.67258808,76011215.15723085,90519990.96117061,94411219.04653078,77544645.12014577,106765923.51933822,85445848.34991574,94903434.26196328,108972217.05829592,80567294.44091582,88280795.19717324,84667158.46538815,95194623.08976318,81390896.69604829,84801783.6195058,76882850.41915344,79553875.0990833,74450646.59932062,84611457.72727071,98158621.9197633,88949491.76226835,87921031.68564329,96251362.91090569,82294861.11476071,93003362.70288831,85485168.92215326,88869118.25826567,68939820.96675059,66917256.723393224,82296339.2041058,82844576.49336328,80878506.88622086,95259056.11162844,77162490.82811826,82406401.56190586
2023-09-26,137255594.9500477,87697015.15532313,67092181.374360755,81262614.25682086,69507934.36870065,67731381.02671081,82797765.6395283,114007579.99704838,73278806.0270282,104424200.44701338,90853289.33774826,72265100.53324325,77283038.09975338,80505733.51087062,78203835.3900507,86679369.27468333,73704276.76958808,74463695.04673085,88498283.4306706,93299294.9800308,75385398.08464578,103909407.26496324,84093918.83691576,93734229.18846327,106954176.41029593,78547804.13741583,86917049.89167324,82829017.58488816,94282042.05826318,79492560.8476933,83402750.50650579,75963373.92615344,77528951.15308332,72877336.91682063,82899849.57527071,96612308.9037633,86811113.79876834,86173719.52914327,94726058.9529057,80707427.34076071,91306802.50888832,84317669.23335326,87140811.39991067,67759682.4967506,65745746.77989322,80726280.80910578,81882759.72836328,79838851.84822085,93559302.08062844,75252828.05561827,80813186.97140586
2023-09-27,140841989.0746077,89542942.45547563,68976590.03976576,83899687.24682087,70287167.77820066,69317144.5711708,85307547.60052831,115692456.46148589,75586695.1952682,105043280.04691339,92450618.51708327,73281026.53595075,79378035.87533337,82118249.33283061,80008037.7860507,87735663.29052582,75854753.64758807,75408727.13219085,90395301.4041631,95340461.9125308,76890424.44314577,107064426.76796323,87584062.48341575,97116583.67146327,109636407.13329592,80458538.64741583,88843220.45228074,84301048.24738815,97889169.89676319,80231916.1222808,85837617.14850578,77666297.66315344,79834676.08008333,74125709.12432064,85891343.07177071,99362435.7482633,88055660.77385585,88867245.74014327,95710844.61990571,82804363.6209057,93776914.79088832,85586321.56585327,88913540.43041067,69131087.33212557,66779357.82583073,83329463.83860579,83795178.04836328,81581733.69622086,96177248.42162845,77280357.63557827,82959173.85990587
2023-09-28,139003856.3191077,89619750.93897565,68628155.67676575,82899897.89682086,70006740.46770066,68254730.4681708,84316768.9950283,114759476.0929859,75147082.8902682,104932023.5994134,92403586.55958328,72618545.82795075,79137473.46183339,81465593.80783062,78673008.85055071,86990210.75602582,75275998.42008808,74985742.65719084,89204897.50366311,94233848.9980308,75931661.19764578,105556093.49846324,86289292.92091575,96256367.79396327,108714547.71829593,79984480.45991585,87619463.08228076,84503746.28538816,96764977.81226319,79421784.29728082,84964353.1795058,77070416.66915344,80037789.40858333,73277468.41582064,84570391.87177071,98468933.5062633,87727407.07185586,89003100.40264328,96090859.72190571,82201222.07090572,92851756.85838833,85356184.10885328,88681589.84191068,68603228.85762559,66038431.55633073,81882795.6596058,82902607.96136329,81600824.07322088,95282975.01962845,76523954.53757828,82379354.99840587
2023-09-29,138602070.6541077,88806543.62297565,68675352.14626576,83061150.19232087,70260638.96220066,68203072.14267081,84258967.8850283,113723213.9544859,75214927.1817682,104699146.92441338,92341951.57708329,72590887.49195075,79192132.57133338,81642874.7428306,78667671.06705071,87364383.40052582,75543685.23458809,75217562.08819085,89957465.43016312,93699336.9060308,75904768.29214579,105983046.67246324,85910388.30741575,95157670.07596327,108552749.39379594,79896607.76641583,87518560.82928075,83702486.37638816,95838388.0407632,79629382.0992808,84747172.7780058,76852344.27665344,80012419.31558332,73626181.58582065,84732726.75677072,98862457.2907633,87618431.01985586,88608422.53364328,95549395.9699057,82459954.71840571,92310629.32788834,84728122.71685328,88394996.21491069,68116351.06862558,65619189.887330726,81857564.2881058,82963940.77236329,81453154.04072088,95305078.05662845,76414658.54457828,82676840.30390587
2023-10-02,139846070.6541077,89468527.79347564,69088825.00726576,83286372.09032087,70557634.49970067,68487726.62967081,84635894.17352831,114428105.75648591,75555020.1842682,105201708.63691339,92532273.9700833,72538184.29345076,79716658.41683337,82244589.90833062,78935592.87555072,87839716.10202582,76007388.76358809,75308750.15169084,90292702.53716311,94208069.1150308,76428660.7721458,106166986.00946325,86811978.64941576,95684448.62646326,108958405.64279595,79852202.29041584,87578328.22678076,84318537.55338815,96340367.6672632,79759565.8837808,85416703.6235058,77173966.50165345,80635174.62658332,73985122.92632064,85686599.71177071,98373864.5567633,88078338.16985586,88818279.62814328,96038669.1044057,82999681.78440571,92904760.38588834,84572409.96085328,88573469.78691068,68451699.71962558,65723289.44983073,82024954.2301058,82982050.6853633,81474402.63372087,95505584.06562845,77121895.19157828,82828912.88440588
2023-10-03,133320767.2516077,86215403.91397564,66181620.357765764,79188031.60882087,67634164.25570066,64987407.61967082,80087939.71002832,109205905.2314859,72194862.7277682,101950564.15991336,88990075.1935833,70976860.88895075,75480094.58533338,78602582.64633062,74337026.00555071,84694950.76452583,72496445.45408809,72648334.75019085,85883212.58566311,90174693.6260308,73424144.9806458,101220616.60996325,82498035.98091576,91842881.70146328,105322177.74529594,77092008.01391584,84137859.82728074,81052619.63338815,90792063.6817632,76654646.0072808,81945026.7480058,74266545.24365345,76344608.86558333,70566047.47732064,82061894.91627072,94946611.2262633,83781998.38835587,84921277.12114328,92569270.42090571,79839408.68040572,89149440.68288834,80795064.76285328,84553085.96941069,66195921.86012559,63228511.225330725,77635148.2166058,79611937.8498633,78118257.23022088,91309102.08962846,72593201.18157828,79793676.17940587
2023-10-04,133300956.8557002,86873196.53722563,67302156.33426577,79954574.40107086,67646931.58150066,65078733.190428324,81083462.1520383,110270441.08004591,72566866.5202682,104018027.71541336,90959821.0555833,71487159.57895076,76369055.5133334,79923250.90183063,75150558.49006072,86069053.76652583,73134168.29284559,74482038.09619085,86402322.12216312,91062837.3510808,74284320.0351458,102673258.91324326,83182570.27141577,93036938.74796328,106861953.55079594,78014883.34941584,85331838.38328075,81421689.25218314,91800147.0372632,77521593.56078081,83821332.6350058,75879787.85865344,77215249.29183333,71338464.49816065,82886693.43677072,97278221.70676331,85444607.66535586,85942623.01564328,94942713.73640572,81074614.54540572,89420588.69488834,81227568.94086328,84388009.2489107,66744270.21492558,63821778.879818216,77627886.1526158,79355861.66915831,79053838.55222088,92518408.48912847,73147137.56047828,81509278.86190587
2023-10-05,129150281.88370019,85589117.52322564,65637025.66226576,78238267.59307086,66183267.576000676,63291924.05492833,79779933.05103832,107674893.64704591,71277620.6337682,102601530.26791337,89110110.4970833,70613016.78045076,73986861.07083338,78094407.73483063,73928540.24906072,84048483.18902583,71598326.98684558,72932010.64669086,85152616.46116312,89410617.85608082,72344713.6711458,100510441.08024326,81141454.31191577,90536010.1704633,104174151.99101594,76674691.02391583,83415980.61328074,79612491.95268315,88652823.5352632,76699873.51994081,82425750.7325058,73781914.78981344,76047005.66383334,70456414.13466065,80236243.87577073,94910634.9098383,82841158.83035587,83514205.46764329,92772811.16940573,79033369.04090571,88664312.61388835,79284352.74302828,83093324.1444107,66207270.772425584,63284916.383318216,75717192.96561581,77915499.22815831,76918594.41622087,90467286.16212846,71806949.79997829,79028299.57175587
2023-10-06,131646932.8304327,86943299.19822565,66783543.533998266,79876599.57366586,67416096.05841318,64067522.715628326,81237250.51103832,109887160.85004592,72022516.1015782,104724906.71891338,90575322.7065833,71074331.94695076,74892241.9662384,79747986.06083062,74995279.2130607,85196360.36652584,72885781.17034559,73853273.65269086,86679691.82066312,91168767.41922581,73926864.0956458,102579155.65774326,82580115.57191578,92614122.6214633,106381700.58901595,77677158.94351083,84524613.87059075,80917487.18618315,90344401.4626632,78025013.02194081,83746569.23500581,74876206.68931344,77945056.12883332,71105421.74316064,81767560.48671573,96919572.2328383,85260786.20776588,84704008.10773829,93707355.31040573,80664967.49590573,90574478.48838836,80511217.77952829,84427576.8506107,67118570.61392558,63761402.01281822,77084743.5702108,79723067.33665831,78523881.16402589,91699744.20112847,73472381.28797829,80026503.32445587
2023-10-09,134655932.8304327,87617451.49422564,67859512.70949826,81151592.73466587,68584899.40391319,64833043.473128326,82925952.95853832,111794338.41504592,72602020.18257819,105661703.23991336,92018069.1780833,71936668.49145079,76056697.6942384,80911492.73133063,75926211.20306072,86690515.76452585,74321797.7888456,75037653.52469087,88098846.90366313,92269827.67622583,75166084.1046458,104430052.82574326,83711417.92691578,94248423.68446329,107230615.33901595,78586064.40101084,85723757.04159075,82491056.59568316,92160517.1866632,79327036.5134408,84926411.47250581,76443112.48131345,78901891.38483334,72089454.36316064,82724918.49571572,98422827.1758383,86534834.00026588,86345418.33473828,95728174.71240573,82291071.90790573,92015098.18338835,81179384.9430283,84877335.3991107,68157278.59442559,65016855.99581821,78125436.5652108,80784199.21515831,79487710.72952588,93172506.30112846,74860606.4209783,80845396.74895588
2023-10-10,133856932.8304327,87165687.41022563,67723053.35749826,80432245.66916586,67602279.03541318,64826327.28912833,82285294.06753834,111541681.54854593,72423801.97807819,104795157.55841337,91447855.10858332,72023178.35495079,75595675.3942384,80510414.63233063,75490174.12206072,86222019.48702584,73956650.6233456,74421995.39569086,87641470.76166311,91473512.13122582,74800546.3706458,104020713.65874326,83480067.25591578,94440651.3264633,106582080.35351594,78296672.43851084,85605213.31209075,82126599.24368316,91794588.0366632,78706975.93994081,84740411.7090058,75341528.86481345,78351098.72883333,71668840.75116065,82176403.88921574,97962655.6728383,85913391.75426587,85815708.47123829,94935239.17340572,81672971.41590571,91443088.58338834,80698891.1995283,84949272.89511073,67954277.07592559,64919143.11031822,78362871.8467108,80855251.74965832,79314246.31702588,92585243.16912846,74227432.2039783,80701797.46545587
2023-10-11,135462932.8304327,88014810.60472564,68339208.35349827,81335661.68016587,68382758.31141318,65388812.025128335,83292140.95003833,113406565.96254593,73629861.9880782,105606569.39341336,93099612.05658332,73029532.18245079,76339710.5337384,81896847.25333062,76457010.32806073,87425046.05702585,75150989.8208456,75536181.54869086,89398638.26166312,92940050.52422582,76045887.5696458,105181033.29924327,84904073.78341576,95531075.5219633,108988335.01551594,79567030.77151084,86752363.99709076,83671831.31218316,93134207.7461632,79346547.26644081,85659618.4575058,76227626.39631346,79303932.13483334,72991622.33416064,83337935.97421573,99697088.41933832,87268846.41926588,87108640.82323828,96182239.17340572,82651672.75990573,92648301.78988835,81897359.85452831,86113370.73361072,69123771.98742558,65467039.95031822,79488333.6642108,81464698.88215831,80421841.87802589,94020155.14362846,75752145.54747829,82046092.34995589
2023-10-12,135948932.8304327,88242621.55822563,68644659.89849827,82042345.49966587,68612283.89391318,65312713.070628345,83689671.19553834,113047313.16604593,73318449.3245782,106015073.66791338,93030928.64558332,72694859.9059508,76768041.5552384,82093733.08833063,76519119.84056073,87900909.65052585,75024859.1998456,75271411.50569087,90020929.43816312,92340023.30822581,75970842.85314581,105272039.75024326,84893013.13941577,95493884.1759633,108731736.02801594,79702368.57751085,87052788.23809075,83136634.32418317,93118594.9956632,79634976.85644081,85519727.7960058,76389514.01681346,79513135.48483333,73079036.08666065,83258920.60321574,99724515.39583832,87483927.99226588,87500657.50923829,96696293.24090573,82675406.59190571,92862417.12038833,81816145.2255283,85999573.81861073,69031899.02692558,65426009.974818215,79796374.93271081,80884807.0351583,80579304.28702588,94355914.90712845,75851562.85997829,82024207.36295588
2023-10-13,136867802.9554327,89169285.34672564,68997794.25349827,82482519.32766588,69068259.8579132,65176598.761628345,83998744.09553833,113258908.66204593,73131084.1670782,106850917.29391338,93761368.44858332,72926644.4044508,77100111.2517384,82669815.46883063,76604883.29656073,88943760.11552586,75620857.8153456,75824740.23469087,90606981.57166311,92784413.26422583,76232285.8546458,104945832.10024327,85041926.06241578,95852925.01996331,108680951.92901593,79591988.99151084,87359448.88209076,83160206.21868315,92901145.87666321,80366962.06244081,85312706.2485058,77170705.99631345,80073580.41833334,73438845.74716064,83438350.92921574,100275811.69483832,87123067.56426589,87820188.96423829,98030153.76590572,83201799.90190572,93276340.61238834,81333012.29802832,86467701.41111073,68971272.06442559,65688255.055818215,79815198.65221082,80450425.65215832,80670725.8460259,94937354.03212845,76301285.89147829,81826610.55795589
2023-10-16,136449587.5604327,88659483.68572564,68640604.27849826,81330680.78866589,67926605.6834132,64477143.949128345,83279946.03353834,111837913.20954594,71567309.5955782,105880888.47891338,92673321.08358333,72167699.1639508,75491500.0917384,82025694.34883064,75353465.06106073,87638147.02002586,74358188.3618456,74885502.92719087,89623906.77066311,91349451.60622583,75211659.5806458,104701693.68424326,83089673.92841579,95108070.23296332,107845087.36151594,78944537.50951084,86481504.68309076,82923886.50918317,91909967.5371632,79674481.07294083,84232014.49700582,76182552.71131346,79511536.00833334,72031505.72466065,82410729.36521575,98595747.26483832,85572865.7757659,86994787.89923829,97763207.93090573,82369503.38390572,92335482.41038834,80564703.89802831,85590371.49211073,68140006.87292558,65092566.343318224,78900077.07821082,79121312.45165832,79047274.8785259,94055044.69712846,75751137.73747829,80013345.22995588
2023-10-17,131907884.8509327,86065788.96722564,66883972.60799827,79097089.58316588,65638505.84891319,62630881.225128345,80591549.74453834,108100038.78554593,69236978.3805782,102750552.37091339,90132074.03108332,69274220.04645081,73050400.76623839,79214243.06083062,72932271.94306073,84573183.69752586,72065286.8878456,72635840.58019087,86831928.02516311,88443411.35072583,72336418.80214581,101737985.77774325,79661805.7739158,91172217.47396332,104409212.31251594,76945581.52751085,84169595.02259077,80450289.11568317,88857225.19566321,77814613.21144082,80696089.16900581,74124982.57631344,77240907.53133334,69980103.05666065,80211794.98671575,95196467.22733831,81785122.9612659,84284601.5512383,95609053.00090572,79111612.65590572,89427984.45988834,76940321.29452832,82994195.53711075,65565182.12492558,63764300.42631823,76155933.97721082,76478326.00315833,76818918.78752589,90394152.13462846,73561212.34347829,77088838.3274559
2023-10-18,130595434.29870771,85115565.68822566,66170290.93249826,77702501.43216589,65322504.96391319,62106843.42262835,79242527.44814834,106303939.65954593,68509276.7460782,100621046.09916338,88622639.98958333,68818234.0389508,72469768.97018841,77430799.30333063,71276082.34306073,82350470.94852588,70515029.22184561,71064048.09096587,84483346.4171831,86805722.85872585,71216890.75554581,100437776.67574325,79468374.3580258,89188098.49396333,103717374.33946344,76504797.33451086,83282165.21509078,79819800.69868316,87932973.29706071,77057385.26152582,79368099.21590582,73361601.90481344,76131563.48243335,68662720.75766066,79181735.44956575,93171110.99424583,79155386.02881339,83175768.00473829,94494234.55390573,77493219.66343072,87816425.25288834,76194589.40341082,80668204.03622073,64470278.56882559,62517528.536650725,74814113.05173582,75123305.16050832,75779571.52352591,89554046.31762847,72629478.6824783,76320884.8364059
2023-10-19,128732730.9073677,83510214.50672564,65350691.29249826,76277570.8226659,63733074.84791319,61447605.310673356,78314718.87398833,104328089.34604594,67031254.56307821,99477918.20816338,86990307.92482835,67892949.88395081,71160658.2981884,76004978.26933064,70299602.79406074,80963083.26152587,69560838.29684561,69714472.46196587,83095965.95918311,84137963.29372585,70141139.58438581,99448606.01074326,78402748.3870258,87075853.87996332,102099835.15246345,75505427.92351085,82194055.46509078,79123525.29918316,86733870.01256071,76391893.89902583,78184003.29140583,72172566.16781345,75630874.73797834,67198895.06866065,77305388.84656575,90964324.33724582,78529680.9618134,81834565.3680683,92755937.75040573,76852185.90043072,86791576.84088834,75646159.73241082,79651900.62222072,63585972.25982559,61655399.17365073,73746722.0552358,74480688.42950833,74238285.33687592,88373479.30762847,71238274.22544329,75124354.1749509
2023-10-20,129944705.7890502,84558281.04122564,66515444.50099826,77571022.2099584,66149871.603413194,62924639.49067336,80319107.71698834,107838084.56698595,69197144.0355782,101170612.67516339,88772096.69932833,69025412.6474508,72490928.16218841,77556754.07933065,72017889.59256074,82999548.36852588,71614906.44634561,71050141.69792587,85159675.87718311,86638583.43633834,71659173.52538581,100878893.92374326,80724501.86302581,88678315.20996332,103252650.38191345,77052518.39101085,82857848.25803828,80153774.47418317,88573196.93285322,77905773.30002585,80564135.53240582,74428848.24227345,76941007.69297834,68427949.85416065,79566568.55956575,92425394.34024584,80357201.2808134,83438993.9710683,94213670.74040574,78475810.67793071,89770286.97288834,76918874.97941081,80935301.39822073,64523542.979560584,63130608.01265073,75304051.07573582,76405580.59700832,75559057.4010559,89622250.98512846,72242934.3084433,76874783.12295091
2023-10-23,128485598.3440502,83440661.81022565,65598654.60299826,76952214.81095842,65300950.1249132,62408257.76767336,79101418.97798833,105344881.62648596,68299212.6860782,100715115.05016339,87416927.76982833,68306463.93995082,71292103.5826884,76549376.56633064,71232254.01856074,81978827.02202587,70103790.01984562,70290914.66342586,84279714.03318311,85556354.55533835,70670801.19988582,99787506.66824326,79617282.76002581,87275766.32096334,101472043.82891345,76151990.44501086,82178834.59303828,79135556.95968316,88055565.18935321,76202186.53352587,78410038.24290583,73648007.22127345,76240608.66047834,67176798.84866065,78736642.13756575,90703225.49274583,78803420.5953134,82055414.8980683,93185501.19840574,77232451.25993071,88405082.31188834,75974427.70841081,79930067.68422075,64244576.33006058,62502675.00265072,74102579.43673582,75625343.16450833,74231292.16605592,88549025.06512848,71413899.84694329,75809507.80095091
2023-10-24,129102851.10605021,84170194.68272565,66302288.34819326,78284968.58345841,66029291.7814132,62519748.121983364,79235999.06467335,106220287.03748596,68177944.0492282,100500505.80388838,88224734.40632834,68789437.20595083,71932704.14918841,76568309.26683065,71405101.62687074,82298996.73225087,70424244.46734563,70706783.81642586,85328765.1601831,84961227.54883835,70969940.84838583,99998569.72803578,80387732.88802582,87687462.51996334,102303114.48691344,76424839.67251086,83225578.34553827,79615528.20599318,89028401.22985321,77057901.17052588,78127170.71540582,73943780.15677345,76995100.25597835,67358908.67266066,78710078.82256575,91220983.36774585,78917364.73931341,82834625.9085683,93820732.25319824,77989045.07643071,89509350.91038834,77465699.76191083,80657049.86972076,64385481.83375558,62826171.94115073,74784807.86973584,76119382.89750832,75234750.2040559,88295630.93912847,71618457.59094329,75817079.49795091
2023-10-25,128024851.10605021,83505969.66239065,65587810.76469326,78029551.4924584,65636719.9499132,62431019.246983364,78811741.17467335,105481531.66648597,67879566.01972821,99830186.13788839,87499117.26132834,68526688.29995082,71298248.10918841,75855472.67983066,71047539.61137074,81517349.77175087,69445046.61484562,70134885.22942586,85105371.93018311,84022971.52533835,70401804.63199583,99098846.70803577,80042979.75552583,86455288.05812836,101319169.48591344,75814091.93251085,83140565.17853828,79168431.21849316,88177970.22935322,76488714.16752587,77777751.62440583,73184251.36027345,76591129.17958835,66766458.72177066,77750004.57506576,90261033.59359834,78134990.66631341,82296867.6160683,93155332.94869825,77217909.53404072,89070546.88338834,76633415.44191083,79585637.09122077,64163937.861255586,62499265.956650734,74184720.69123583,75202613.12524332,74677822.55905592,87119051.54762846,70892749.6284433,74802242.79445092
2023-10-26,122917476.7960227,79846789.31347814,62627397.26971827,73194451.33890341,62163657.1462107,58945966.23707336,76383231.03067335,99925176.17002846,65036635.40538822,95292832.80845588,83062885.57924083,65759372.266078316,68149929.5654859,73306877.96829566,68682663.84858075,78158853.87361586,67440685.5578106,67192773.71843836,80349881.89986062,80674211.90796086,67726282.97747833,94786151.51391578,76182267.00552583,82939838.98893584,96817665.82735094,73209264.23588836,79713256.52982327,75920492.70871817,83903821.31689571,72593285.94175836,74663309.37611333,70144464.58550595,73676402.91815084,64122454.30610815,74544745.65655825,86350024.55259584,75517958.76777843,78977452.4013708,88363795.27419826,74487376.46234322,84079601.00564335,73054767.82198833,76935991.37961076,62000776.60525558,60314571.51897323,69959062.57129583,72319213.14276083,71592462.36328843,83473291.02071346,67843297.38677078,71483057.59943593
2023-10-27,123855182.8460227,80049633.80302566,62631139.18271826,74748454.57590342,62012585.137710705,59590427.513073355,76823736.51725335,102334054.67202847,65597311.998208225,95268155.45150337,83337959.16853583,65257212.914098315,68012161.60756591,73821249.40291566,68358397.37240323,78104403.94416335,67793227.09181061,67271941.06293836,81349425.15479311,80992605.28696087,67966561.29547833,95605557.00491579,77187007.70502584,84225928.45393585,97083121.92415594,73155986.31022835,79888280.19420826,76745638.10053065,84645772.14139572,72895079.93259588,75552650.03761333,70920016.39550595,74485631.33715084,63947879.884270646,75031306.05055825,86625989.18964584,75635684.78021091,79346093.5068708,89536558.40153575,74330926.3543432,85081558.56764334,72804130.07560833,78605476.00211076,62814402.76461308,60856713.16440823,70072944.81611583,72292050.57956083,72558970.35420343,83585738.81286347,68002955.0791083,72137544.22493592
2023-10-30,120986615.7160227,78207045.68902566,60996972.22644578,72321757.36090341,60859544.218095705,57910588.660958365,74665260.52425337,98318297.91202846,64664395.87266322,92467802.25500336,80101980.57503583,63968292.185598314,66959730.84306591,71749295.24059567,67286700.93390325,76783647.63866335,66700869.65131062,64828399.83349837,78792520.94779311,79221057.99064088,65865011.175978325,92517951.3089158,74947376.24052583,81326495.27593586,93678081.57265595,71148565.18772836,77302242.23470828,75297776.65503067,82327546.31789573,70545999.47759588,73527690.59661333,68318746.05650595,72713035.26615083,61381879.306270644,74024594.81055826,84306260.23860085,74106747.85889092,76085703.2298308,87802814.17053576,72651974.0944032,82149363.34714335,71094911.64010835,76432619.88711077,61283595.86161308,59533884.983908236,68910730.38711584,70349849.93156083,70058615.20170343,81439107.72636348,66863382.14010829,70096134.82539093
2023-10-31,117975700.6592327,75469388.96252567,60140250.89894578,69516193.7505784,59533098.331595704,56061620.183458365,73526749.99981837,94700062.95302847,62999231.93366322,90780547.83050336,78402628.49603583,63101109.68009831,65769901.008020915,70383466.05966067,66237654.969903246,75545084.96166335,66322110.449810624,62873007.10399837,76746715.93951562,78148645.37414087,64183485.17649832,89537984.33910328,72642716.60223582,79656779.09334084,90972381.48384593,69871709.43471585,75391853.15081327,73544958.12353066,80651202.93318322,68406405.66153589,71914026.45667332,65980787.18093096,70866771.31411333,59958880.53668565,72639553.94116324,82620988.44660085,72671909.75187841,73775547.9947708,85009742.16764325,71471263.2984032,79530234.82240584,69079619.23079084,74776042.61750327,59828171.658250585,57816341.81897324,66777379.64311583,68581070.89456084,67772002.03266844,79204589.59086348,65510083.03460829,68036078.92879593
2023-11-01,119460115.56031018,76064824.41965067,60591731.90294578,69800452.12057841,60851147.36511071,57041079.057145864,74722802.04681838,97114730.44876847,63654273.730663225,92488467.34300336,79459819.03353582,64486116.51159831,66920061.56252092,70822275.73116067,67237322.40690325,77827156.81716335,66917482.343310624,64677710.176498376,78010934.31451562,79118948.09614086,66086112.416998334,89959615.4161033,73671951.82122582,81498267.13634086,91825928.42524843,70511456.62721586,75959479.22855327,74421940.28853066,81006368.12318322,68692748.80853589,73092086.11429831,67044449.23233345,71561600.89011334,61173868.97768565,74385933.39366326,82879505.37860087,74197990.07337841,74892874.8337708,85829094.60573825,72022739.7159032,80239749.67490584,69424156.50619334,76592426.61000328,61167320.79775059,58602409.94347324,67767340.61361584,69634130.16636583,69200283.27216844,80098477.41086349,66220095.82560829,68955056.25779593
2023-11-02,121147180.53531018,77676697.83465067,62100854.702945784,71477723.03307842,62474099.072610706,58362854.95714587,75936674.81431837,99932056.77626847,64736547.36316323,94027275.80800337,81245488.22103582,66076546.80659831,67833270.37502092,72245710.04116067,68119372.25190325,79980079.11966336,68218968.31331062,66811852.38149838,80495052.96951562,80889397.07114087,67554854.76699834,91331226.5961033,75110569.11622582,83305074.09884085,93657269.72774844,71812996.84721586,77408125.87605327,75809182.93603066,83044398.48568323,69553445.40603589,74789673.43429832,68767031.99233346,73120959.65511334,62887720.68268565,76095651.13116327,83673487.86360085,75585406.30087844,75765214.1412708,87183205.92823826,73245076.7959032,82295640.26740584,70903480.94369335,78617039.29250328,63292920.39775059,59717916.45847324,68781576.55111584,71672945.39386584,71213797.42966846,81723100.56086348,68609820.32560828,70772361.55029593
2023-11-03,120673180.53531018,77727546.19715066,62348140.74544579,71579255.68807842,62379475.3251107,58476938.99964587,75999418.82181837,100197674.40626848,64839419.97566324,94309265.28800337,81400506.53603582,66192437.631598316,67934256.98002094,72346882.45366067,68065762.93440324,79985616.28216337,68478406.09581064,67042955.853998385,80533582.20451564,80701766.12114087,67536029.45949835,91484864.0461033,75071442.24622582,83388886.83884084,93941188.76524843,71931169.54471587,77712201.86105327,75775154.85103066,83602932.72068323,69487985.18603589,74735432.13179833,68911004.47733346,73243854.10761334,62878894.80518565,76210389.64616327,83493386.46110086,75474553.79087843,75820446.5812708,87181017.37323827,73393390.3259032,82330103.17990585,71054834.37119335,78870533.83750328,63411845.9127506,59758778.863473244,68864012.98611584,71642081.40636584,71327840.01966844,81732694.02086349,68539586.8731083,70625368.41529593
2023-11-06,121041180.53531018,77727546.19715066,62543140.74544579,71663255.68807842,62672475.3251107,58476938.99964587,75999418.82181837,100197674.40626848,65034419.97566324,94309265.28800337,81466506.53603582,66387437.631598316,67950256.98002094,72346882.45366067,68163762.93440324,80083616.28216337,68541406.09581064,67105955.853998385,80812582.20451564,80974010.24614087,67552029.45949835,91484864.0461033,75169442.24622582,83412886.83884084,93941188.76524843,71931169.54471587,77712201.86105327,75883398.97603066,83797932.72068323,69585985.18603589,75028432.13179833,69019248.60233346,73330854.10761334,62976894.80518565,76210389.64616327,83591386.46110086,75606797.91587843,75820446.5812708,87279017.37323827,73393390.3259032,82657401.55490585,71054834.37119335,78900533.83750328,63672845.9127506,59842968.738473244,68864012.98611584,71740081.40636584,71327840.01966844,82025694.02086349,68971803.8731083,70888368.41529593
2023-11-07,121141180.53531018,77727546.19715066,62513140.74544579,71479255.68807842,62629475.3251107,58476938.99964587,75999418.82181837,100197674.40626848,65004419.97566324,94309265.28800337,81414506.53603582,66357437.631598316,68042256.98002094,72346882.45366067,68150762.93440324,80070616.28216337,68403406.09581064,66967955.853998385,80598582.20451564,80909010.24614087,67644029.45949835,91484864.0461033,75156442.24622582,83550886.83884084,93941188.76524843,71931169.54471587,77712201.86105327,75883398.97603066,83767932.72068323,69572985.18603589,74985432.13179833,69019248.60233346,73044854.10761334,62963894.80518565,76210389.64616327,83578386.46110086,75744797.91587843,75820446.5812708,87266017.37323827,73393390.3259032,82627401.55490585,71054834.37119335,78715533.83750328,63590845.9127506,59842968.738473244,68864012.98611584,71727081.40636584,71327840.01966844,81982694.02086349,68698803.8731083,70484368.41529593
2023-11-08,123155180.53531018,77727546.19715066,62887140.74544579,71999255.68807842,63285475.3251107,58476938.99964587,75999418.82181837,100197674.40626848,65378419.97566324,94309265.28800337,81834506.53603582,66731437.631598316,68286256.98002094,72346882.45366067,68432762.93440324,80352616.28216337,68793406.09581064,67357955.8539984,81492582.20451564,81611010.24614087,67888029.45949835,91484864.0461033,75438442.24622582,83916886.83884084,93941188.76524843,71931169.54471587,77712201.86105327,75883398.97603066,84141932.72068323,69854985.18603589,75641432.13179833,69019248.60233346,73412875.81761333,63245894.80518565,76210389.64616327,83860386.46110086,76110797.91587843,75820446.5812708,87548017.37323827,73393390.3259032,83001401.55490585,71054834.37119335,78688060.97500329,64384845.9127506,59842968.738473244,68864012.98611584,72009081.40636584,71327840.01966844,82638694.02086349,70008803.8731083,71680390.12529594
2023-11-09,123000622.38531019,77727546.19715066,62872140.74544579,72551255.68807842,63264475.3251107,58476938.99964587,75999418.82181837,100197674.40626848,65363419.97566324,94309265.28800337,81838227.46103582,66716437.631598316,68226256.98002094,72346882.45366067,68426762.93440324,80346616.28216337,69207406.09581064,67771955.8539984,82029582.20451564,81608731.17114086,67828029.45949835,91484864.0461033,75432442.24622582,83826886.83884084,93941188.76524843,71931169.54471587,77712201.86105327,75883398.97603066,84126932.72068323,69848985.18603589,75620432.13179833,69019248.60233346,73826875.81761333,63239894.80518565,76210389.64616327,83854386.46110086,76020797.91587843,75820446.5812708,87542017.37323827,73393390.3259032,82986401.55490585,71054834.37119335,78688060.97500329,64373566.837750606,59842968.738473244,68864012.98611584,72003081.40636584,71327840.01966844,82617694.02086349,70458803.8731083,72139390.12529594
2023-11-10,122753622.38531019,77727546.19715066,62887140.74544579,72619255.68807842,63213475.3251107,58476938.99964587,75999418.82181837,100197674.40626848,65378419.97566324,94309265.28800337,81838227.46103582,66731437.631598316,68180256.98002094,72346882.45366067,68360762.93440324,80280616.28216337,69258406.09581064,67822955.8539984,82112582.20451564,81542731.17114086,67782029.45949835,91484864.0461033,75366442.24622582,83757886.83884084,93941188.76524843,71931169.54471587,77712201.86105327,75883398.97603066,84141932.72068323,69782985.18603589,75569432.13179833,69019248.60233346,73877875.81761333,63173894.80518565,76210389.64616327,83788386.46110086,75951797.91587843,75820446.5812708,87476017.37323827,73393390.3259032,83001401.55490585,71054834.37119335,78688060.97500329,64388566.837750606,59842968.738473244,68864012.98611584,71937081.40636584,71327840.01966844,82566694.02086349,70502958.48810829,72102544.74029595
2023-11-13,123084622.38531019,77727546.19715066,62909140.74544579,72867255.68807842,63228475.3251107,58476938.99964587,75999418.82181837,100197674.40626848,65400419.97566324,94309265.28800337,81838227.46103582,66753437.631598316,68318256.98002094,72346882.45366067,68353762.93440324,80273616.28216337,69444406.09581064,68008955.85399838,82382582.20451564,81535731.17114086,67920029.45949835,91484864.0461033,75359442.24622582,83964886.83884084,93941188.76524843,71931169.54471587,77712201.86105327,75883398.97603066,84163932.72068323,69775985.18603589,75584432.13179833,69019248.60233346,74063875.81761333,63166894.80518565,76210389.64616327,83781386.46110086,76158797.91587843,75820446.5812708,87469017.37323827,73393390.3259032,83023401.55490585,71054834.37119335,78688060.97500329,64410566.837750606,59842968.738473244,68864012.98611584,71930081.40636584,71327840.01966844,82581694.02086349,70710958.48810829,72281544.74029595
2023-11-14,123162622.38531019,77727546.19715066,62924140.74544579,72867255.68807842,63322475.3251107,58476938.99964587,75999418.82181837,100197674.40626848,65415419.97566324,94309265.28800337,81838227.46103582,66768437.631598316,68286256.98002094,72346882.45366067,68432762.93440324,80352616.28216337,69444406.09581064,68008955.85399838,82397582.20451564,81614731.17114086,67888029.45949835,91484864.0461033,75438442.24622582,83916886.83884084,93941188.76524843,71931169.54471587,77712201.86105327,75883398.97603066,84178932.72068323,69854985.18603589,75678432.13179833,69019248.60233346,74063875.81761333,63245894.80518565,76210389.64616327,83860386.46110086,76110797.91587843,75820446.5812708,87548017.37323827,73393390.3259032,83038401.55490585,71054834.37119335,78688060.97500329,64425566.837750606,59842968.738473244,68864012.98611584,72009081.40636584,71327840.01966844,82675694.02086349,70725958.48810829,72360544.74029595
2023-11-15,123021622.38531019,77727546.19715066,62962140.74544579,72887255.68807842,63347475.3251107,58476938.99964587,75999418.82181837,100197674.40626848,65453419.97566324,94309265.28800337,81838227.46103582,66806437.631598316,68240256.98002094,72346882.45366067,68419762.93440324,80339616.28216337,69459406.09581064,68023955.8539984,82455582.20451564,81601731.17114086,67842029.45949835,91484864.0461033,75425442.24622582,83847886.83884084,93941188.76524843,71931169.54471587,77712201.86105327,75883398.97603066,84216932.72068323,69841985.18603589,75703432.13179833,69019248.60233346,74078875.81761333,63232894.80518565,76210389.64616327,83847386.46110086,76041797.91587843,75820446.5812708,87535017.37323827,73393390.3259032,83076401.55490585,71054834.37119335,78688060.97500329,64463566.837750606,59842968.738473244,68864012.98611584,71996081.40636584,71327840.01966844,82700694.02086349,70778958.48810829,72362544.74029595
2023-11-16,123294622.38531019,77727546.19715066,63097140.74544579,73203255.68807842,63521475.3251107,58476938.99964587,75999418.82181837,100197674.40626848,65588419.97566324,94309265.28800337,81838227.46103582,66941437.631598316,68318256.98002094,72346882.45366067,68458762.93440324,80378616.28216337,69696406.09581064,68260955.8539984,82906582.20451564,81640731.17114086,67920029.45949835,91484864.0461033,75464442.24622582,83964886.83884084,93941188.76524843,71931169.54471587,77712201.86105327,75883398.97603066,84351932.72068323,69880985.18603589,75877432.13179833,69019248.60233346,74315875.81761333,63271894.80518565,76210389.64616327,83886386.46110086,76158797.91587843,75820446.5812708,87574017.37323827,73393390.3259032,83211401.55490585,71054834.37119335,78688060.97500329,64598566.837750606,59842968.738473244,68864012.98611584,72035081.40636584,71327840.01966844,82874694.02086349,71150958.48810829,72638544.74029595
2023-11-17,122647622.38531019,77727546.19715066,62909140.74544579,73455255.68807842,63202475.3251107,58476938.99964587,75999418.82181837,100197674.40626848,65400419.97566324,94309265.28800337,81838227.46103582,66753437.631598316,68164256.98002094,72346882.45366067,68327762.93440324,80247616.28216337,69885406.09581064,68449955.8539984,82970582.20451564,81509731.17114086,67766029.45949835,91484864.0461033,75333442.24622582,83733886.83884084,93941188.76524843,71931169.54471587,77712201.86105327,75883398.97603066,84163932.72068323,69749985.18603589,75558432.13179833,69019248.60233346,74504875.81761333,63140894.80518565,76210389.64616327,83755386.46110086,75927797.91587843,75820446.5812708,87443017.37323827,73393390.3259032,83023401.55490585,71054834.37119335,78688060.97500329,64410566.837750606,59842968.738473244,68864012.98611584,71904081.40636584,71327840.01966844,82555694.02086349,71151958.48810829,72696544.74029595
2023-11-20,122682622.38531019,77727546.19715066,62909140.74544579,73571255.68807842,63182475.3251107,58476938.99964587,75999418.82181837,100197674.40626848,65400419.97566324,94309265.28800337,81838227.46103582,66753437.631598316,68194256.98002094,72346882.45366067,68307762.93440324,80227616.28216337,69972406.09581064,68536955.8539984,83086582.20451564,81489731.17114086,67796029.45949835,91484864.0461033,75313442.24622582,83778886.83884084,93941188.76524843,71931169.54471587,77712201.86105327,75883398.97603066,84163932.72068323,69729985.18603589,75538432.13179833,69019248.60233346,74591875.81761333,63120894.80518565,76210389.64616327,83735386.46110086,75972797.91587843,75820446.5812708,87423017.37323827,73393390.3259032,83023401.55490585,71054834.37119335,78688060.97500329,64410566.837750606,59842968.738473244,68864012.98611584,71884081.40636584,71327840.01966844,82535694.02086349,71238958.48810829,72763544.74029595
2023-11-21,123542386.57531019,77727546.19715066,63029140.74544579,73523255.68807842,63367357.4201107,58476938.99964587,75999418.82181837,100197674.40626848,65520419.97566324,94309265.28800337,81838227.46103582,66873437.631598316,68486256.98002094,72346882.45366067,68372645.02940325,80292498.37716337,69936406.09581064,68500955.8539984,83158582.20451564,81554613.26614086,68088029.45949835,91484864.0461033,75378324.34122582,84216886.83884084,93941188.76524843,71931169.54471587,77712201.86105327,75883398.97603066,84283932.72068323,69794867.28103589,75723314.22679833,69019248.60233346,74555875.81761333,63185776.90018565,76210389.64616327,83800268.55610086,76410797.91587843,75820446.5812708,87487899.46823826,73393390.3259032,83143401.55490585,71054834.37119335,78688060.97500329,64530566.837750606,59842968.738473244,68864012.98611584,71948963.50136584,71327840.01966844,82720576.11586349,71322958.48810829,72792426.83529595
2023-11-22,123502386.57531019,77727546.19715066,63126140.74544579,73607255.68807842,63464357.4201107,58476938.99964587,75999418.82181837,100197674.40626848,65617419.97566324,94309265.28800337,81838227.46103582,66970437.631598316,68470256.98002094,72346882.45366067,68372645.02940325,80292498.37716337,69999406.09581064,68563955.8539984,83339582.20451564,81554613.26614086,68072029.45949835,91484864.0461033,75378324.34122582,84192886.83884084,93941188.76524843,71931169.54471587,77712201.86105327,75883398.97603066,84380932.72068323,69794867.28103589,75820314.22679833,69019248.60233346,74618875.81761333,63185776.90018565,76210389.64616327,83800268.55610086,76386797.91587843,75820446.5812708,87487899.46823826,73393390.3259032,83240401.55490585,71054834.37119335,78688060.97500329,64627566.837750606,59842968.738473244,68864012.98611584,71948963.50136584,71327840.01966844,82817576.11586349,71482958.48810829,72855426.83529595
2023-11-23,122777386.57531019,77727546.19715066,62879140.74544579,72935255.68807842,63217357.4201107,58476938.99964587,75999418.82181837,100197674.40626848,65370419.97566324,94309265.28800337,81838227.46103582,66723437.631598316,68180256.98002094,72346882.45366067,68372645.02940325,80292498.37716337,69495406.09581064,68059955.8539984,82420582.20451564,81554613.26614086,67782029.45949835,91484864.0461033,75378324.34122582,83757886.83884084,93941188.76524843,71931169.54471587,77712201.86105327,75883398.97603066,84133932.72068323,69794867.28103589,75573314.22679833,69019248.60233346,74114875.81761333,63185776.90018565,76210389.64616327,83800268.55610086,75951797.91587843,75820446.5812708,87487899.46823826,73393390.3259032,82993401.55490585,71054834.37119335,78688060.97500329,64380566.837750606,59842968.738473244,68864012.98611584,71948963.50136584,71327840.01966844,82570576.11586349,70731958.48810829,72351426.83529595
2023-11-24,122967386.57531019,77727546.19715066,63074140.74544579,73219255.68807842,63412357.4201107,58476938.99964587,75999418.82181837,100197674.40626848,65565419.97566324,94309265.28800337,81838227.46103582,66918437.631598316,68256256.98002094,72346882.45366067,68372645.02940325,80292498.37716337,69708406.09581064,68272955.8539984,82899582.20451564,81554613.26614086,67858029.45949835,91484864.0461033,75378324.34122582,83871886.83884084,93941188.76524843,71931169.54471587,77712201.86105327,75883398.97603066,84328932.72068323,69794867.28103589,75768314.22679833,69019248.60233346,74327875.81761333,63185776.90018565,76210389.64616327,83800268.55610086,76065797.91587843,75820446.5812708,87487899.46823826,73393390.3259032,83188401.55490585,71054834.37119335,78688060.97500329,64575566.837750606,59842968.738473244,68864012.98611584,71948963.50136584,71327840.01966844,82765576.11586349,71139958.48810829,72564426.83529595
2023-11-27,123007386.57531019,77727546.19715066,62977140.74544579,72935255.68807842,63315357.4201107,58476938.99964587,75999418.82181837,100197674.40626848,65468419.97566324,94309265.28800337,81838227.46103582,66821437.631598316,68272256.98002094,72346882.45366067,68372645.02940325,80292498.37716337,69495406.09581064,68059955.8539984,82518582.20451564,81554613.26614086,67874029.45949835,91484864.0461033,75378324.34122582,83895886.83884084,93941188.76524843,71931169.54471587,77712201.86105327,75883398.97603066,84231932.72068323,69794867.28103589,75671314.22679833,69019248.60233346,74114875.81761333,63185776.90018565,76210389.64616327,83800268.55610086,76089797.91587843,75820446.5812708,87487899.46823826,73393390.3259032,83091401.55490585,71054834.37119335,78688060.97500329,64478566.837750606,59842968.738473244,68864012.98611584,71948963.50136584,71327840.01966844,82668576.11586349,70829958.48810829,72351426.83529595
2023-11-28,123042386.57531019,77727546.19715066,62984140.74544579,73071255.68807842,63322357.4201107,58476938.99964587,75999418.82181837,100197674.40626848,65475419.97566324,94309265.28800337,81838227.46103582,66828437.631598316,68286256.98002094,72346882.45366067,68372645.02940325,80292498.37716337,69597406.09581064,68161955.8539984,82661582.20451564,81554613.26614086,67888029.45949835,91484864.0461033,75378324.34122582,83916886.83884084,93941188.76524843,71931169.54471587,77712201.86105327,75883398.97603066,84238932.72068323,69794867.28103589,75678314.22679833,69019248.60233346,74216875.81761333,63185776.90018565,76210389.64616327,83800268.55610086,76110797.91587843,75820446.5812708,87487899.46823826,73393390.3259032,83098401.55490585,71054834.37119335,78688060.97500329,64485566.837750606,59842968.738473244,68864012.98611584,71948963.50136584,71327840.01966844,82675576.11586349,70938958.48810829,72453426.83529595
2023-11-29,123732386.57531019,77727546.19715066,63097140.74544579,73171255.68807842,63435357.4201107,58476938.99964587,75999418.82181837,100197674.40626848,65588419.97566324,94309265.28800337,81838227.46103582,66941437.631598316,68562256.98002094,72346882.45366067,68372645.02940325,80292498.37716337,69672406.09581064,68236955.8539984,82874582.20451564,81554613.26614086,68164029.45949835,91484864.0461033,75378324.34122582,84330886.83884084,93941188.76524843,71931169.54471587,77712201.86105327,75883398.97603066,84351932.72068323,69794867.28103589,75791314.22679833,69019248.60233346,74291875.81761333,63185776.90018565,76210389.64616327,83800268.55610086,76524797.91587843,75820446.5812708,87487899.46823826,73393390.3259032,83211401.55490585,71054834.37119335,78688060.97500329,64598566.837750606,59842968.738473244,68864012.98611584,71948963.50136584,71327840.01966844,82788576.11586349,71126958.48810829,72528426.83529595
2023-11-30,123577386.57531019,77727546.19715066,62999140.74544579,73135255.68807842,63337357.4201107,58476938.99964587,75999418.82181837,100197674.40626848,65490419.97566324,94309265.28800337,81838227.46103582,66843437.631598316,68500256.98002094,72346882.45366067,68372645.02940325,80292498.37716337,69645406.09581064,68209955.8539984,82740582.20451564,81554613.26614086,68102029.45949835,91484864.0461033,75378324.34122582,84237886.83884084,93941188.76524843,71931169.54471587,77712201.86105327,75883398.97603066,84253932.72068323,69794867.28103589,75693314.22679833,69019248.60233346,74264875.81761333,63185776.90018565,76210389.64616327,83800268.55610086,76431797.91587843,75820446.5812708,87487899.46823826,73393390.3259032,83113401.55490585,71054834.37119335,78688060.97500329,64500566.837750606,59842968.738473244,68864012.98611584,71948963.50136584,71327840.01966844,82690576.11586349,71001958.48810829,72501426.83529595
2023-12-01,123657386.57531019,77727546.19715066,63044140.74544579,73071255.68807842,63382357.4201107,58476938.99964587,75999418.82181837,100197674.40626848,65535419.97566324,94309265.28800337,81838227.46103582,66888437.631598316,68532256.98002094,72346882.45366067,68372645.02940325,80292498.37716337,69597406.09581064,68161955.8539984,82721582.20451564,81554613.26614086,68134029.45949835,91484864.0461033,75378324.34122582,84285886.83884084,93941188.76524843,71931169.54471587,77712201.86105327,75883398.97603066,84298932.72068323,69794867.28103589,75738314.22679833,69019248.60233346,74216875.81761333,63185776.90018565,76210389.64616327,83800268.55610086,76479797.91587843,75820446.5812708,87487899.46823826,73393390.3259032,83158401.55490585,71054834.37119335,78688060.97500329,64545566.837750606,59842968.738473244,68864012.98611584,71948963.50136584,71327840.01966844,82735576.11586349,70998958.48810829,72453426.83529595
2023-12-04,123847386.57531019,77727546.19715066,63224140.74544579,73523255.68807842,63562357.4201107,58476938.99964587,75999418.82181837,100197674.40626848,65715419.97566324,94309265.28800337,81838227.46103582,67068437.631598316,68608256.98002094,72346882.45366067,68372645.02940325,80292498.37716337,69936406.09581064,68500955.8539984,83353582.20451564,81554613.26614086,68210029.45949835,91484864.0461033,75378324.34122582,84399886.83884084,93941188.76524843,71931169.54471587,77712201.86105327,75883398.97603066,84478932.72068323,69794867.28103589,75918314.22679833,69019248.60233346,74555875.81761333,63185776.90018565,76210389.64616327,83800268.55610086,76593797.91587843,75820446.5812708,87487899.46823826,73393390.3259032,83338401.55490585,71054834.37119335,78688060.97500329,64725566.837750606,59842968.738473244,68864012.98611584,71948963.50136584,71327840.01966844,82915576.11586349,71517958.48810829,72792426.83529595
2023-12-05,124112386.57531019,77727546.19715066,63209140.74544579,73387255.68807842,63547357.4201107,58476938.99964587,75999418.82181837,100197674.40626848,65700419.97566324,94309265.28800337,81838227.46103582,67053437.631598316,68714256.98002094,72346882.45366067,68372645.02940325,80292498.37716337,69834406.09581064,68398955.8539984,83202582.20451564,81554613.26614086,68316029.45949835,91484864.0461033,75378324.34122582,84558886.83884084,93941188.76524843,71931169.54471587,77712201.86105327,75883398.97603066,84463932.72068323,69794867.28103589,75903314.22679833,69019248.60233346,74453875.81761333,63185776.90018565,76210389.64616327,83800268.55610086,76752797.91587843,75820446.5812708,87487899.46823826,73393390.3259032,83323401.55490585,71054834.37119335,78688060.97500329,64710566.837750606,59842968.738473244,68864012.98611584,71948963.50136584,71327840.01966844,82900576.11586349,71400958.48810829,72690426.83529595
2023-12-06,124192386.57531019,77727546.19715066,63261140.74544579,73671255.68807842,63599357.4201107,58476938.99964587,75999418.82181837,100197674.40626848,65752419.97566324,94309265.28800337,81838227.46103582,67105437.631598316,68746256.98002094,72346882.45366067,68372645.02940325,80292498.37716337,70047406.09581064,68611955.8539984,83538582.20451564,81554613.26614086,68348029.45949835,91484864.0461033,75378324.34122582,84606886.83884084,93941188.76524843,71931169.54471587,77712201.86105327,75883398.97603066,84515932.72068323,69794867.28103589,75955314.22679833,69019248.60233346,74666875.81761333,63185776.90018565,76210389.64616327,83800268.55610086,76800797.91587843,75820446.5812708,87487899.46823826,73393390.3259032,83375401.55490585,71054834.37119335,78688060.97500329,64762566.837750606,59842968.738473244,68864012.98611584,71948963.50136584,71327840.01966844,82952576.11586349,71665958.48810829,72903426.83529595
2023-12-07,123657386.57531019,77727546.19715066,63201140.74544579,73623255.68807842,63539357.4201107,58476938.99964587,75999418.82181837,100197674.40626848,65692419.97566324,94309265.28800337,81838227.46103582,67045437.631598316,68532256.98002094,72346882.45366067,68372645.02940325,80292498.37716337,70011406.09581064,68575955.8539984,83430582.20451564,81554613.26614086,68134029.45949835,91484864.0461033,75378324.34122582,84285886.83884084,93941188.76524843,71931169.54471587,77712201.86105327,75883398.97603066,84455932.72068323,69794867.28103589,75895314.22679833,69019248.60233346,74630875.81761333,63185776.90018565,76210389.64616327,83800268.55610086,76479797.91587843,75820446.5812708,87487899.46823826,73393390.3259032,83315401.55490585,71054834.37119335,78688060.97500329,64702566.837750606,59842968.738473244,68864012.98611584,71948963.50136584,71327840.01966844,82892576.11586349,71569958.48810829,72867426.83529595
2023-12-08,123657386.57531019,77727546.19715066,63246140.74544579,73639255.68807842,63584357.4201107,58476938.99964587,75999418.82181837,100197674.40626848,65737419.97566324,94309265.28800337,81838227.46103582,67090437.631598316,68532256.98002094,72346882.45366067,68372645.02940325,80292498.37716337,70023406.09581064,68587955.8539984,83491582.20451564,81554613.26614086,68134029.45949835,91484864.0461033,75378324.34122582,84285886.83884084,93941188.76524843,71931169.54471587,77712201.86105327,75883398.97603066,84500932.72068323,69794867.28103589,75940314.22679833,69019248.60233346,74642875.81761333,63185776.90018565,76210389.64616327,83800268.55610086,76479797.91587843,75820446.5812708,87487899.46823826,73393390.3259032,83360401.55490585,71054834.37119335,78688060.97500329,64747566.837750606,59842968.738473244,68864012.98611584,71948963.50136584,71327840.01966844,82937576.11586349,71626958.48810829,72879426.83529595
2023-12-11,123680256.33781019,77727546.19715066,63246140.74544579,73339255.68807842,63584357.4201107,58476938.99964587,75999418.82181837,100197674.40626848,65737419.97566324,94309265.28800337,81838227.46103582,67090437.631598316,68541404.88502093,72346882.45366067,68372645.02940325,80292498.37716337,69798406.09581064,68362955.8539984,83191582.20451564,81554613.26614086,68143177.36449835,91484864.0461033,75378324.34122582,84299608.69634084,93941188.76524843,71931169.54471587,77712201.86105327,75883398.97603066,84500932.72068323,69794867.28103589,75940314.22679833,69019248.60233346,74417875.81761333,63185776.90018565,76210389.64616327,83800268.55610086,76493519.77337843,75820446.5812708,87487899.46823826,73393390.3259032,83360401.55490585,71054834.37119335,78688060.97500329,64747566.837750606,59842968.738473244,68864012.98611584,71948963.50136584,71327840.01966844,82937576.11586349,71401958.48810829,72654426.83529595
2023-12-12,123680256.33781019,77727546.19715066,63186140.74544579,73087255.68807842,63524357.4201107,58476938.99964587,75999418.82181837,100197674.40626848,65677419.97566324,94309265.28800337,81838227.46103582,67030437.631598316,68541404.88502093,72346882.45366067,68372645.02940325,80292498.37716337,69609406.09581064,68173955.8539984,82879582.20451564,81554613.26614086,68143177.36449835,91484864.0461033,75378324.34122582,84299608.69634084,93941188.76524843,71931169.54471587,77712201.86105327,75883398.97603066,84440932.72068323,69794867.28103589,75880314.22679833,69019248.60233346,74228875.81761333,63185776.90018565,76210389.64616327,83800268.55610086,76493519.77337843,75820446.5812708,87487899.46823826,73393390.3259032,83300401.55490585,71054834.37119335,78688060.97500329,64687566.837750606,59842968.738473244,68864012.98611584,71948963.50136584,71327840.01966844,82877576.11586349,71152958.48810829,72465426.83529595
2023-12-13,123680256.33781019,77727546.19715066,63104140.74544579,72851255.68807842,63442357.4201107,58476938.99964587,75999418.82181837,100197674.40626848,65595419.97566324,94309265.28800337,81838227.46103582,66948437.631598316,68541404.88502093,72346882.45366067,68372645.02940325,80292498.37716337,69432406.09581064,67996955.8539984,82561582.20451564,81554613.26614086,68143177.36449835,91484864.0461033,75378324.34122582,84299608.69634084,93941188.76524843,71931169.54471587,77712201.86105327,75883398.97603066,84358932.72068323,69794867.28103589,75798314.22679833,69019248.60233346,74051875.81761333,63185776.90018565,76210389.64616327,83800268.55610086,76493519.77337843,75820446.5812708,87487899.46823826,73393390.3259032,83218401.55490585,71054834.37119335,78688060.97500329,64605566.837750606,59842968.738473244,68864012.98611584,71948963.50136584,71327840.01966844,82795576.11586349,70893958.48810829,72288426.83529595
2023-12-14,123680256.33781019,77727546.19715066,63037140.74544579,72767255.68807842,63375357.4201107,58476938.99964587,75999418.82181837,100197674.40626848,65528419.97566324,94309265.28800337,81838227.46103582,66881437.631598316,68541404.88502093,72346882.45366067,68372645.02940325,80292498.37716337,69369406.09581064,67933955.85399838,82410582.20451564,81554613.26614086,68143177.36449835,91484864.0461033,75378324.34122582,84299608.69634084,93941188.76524843,71931169.54471587,77712201.86105327,75883398.97603066,84291932.72068323,69794867.28103589,75731314.22679833,69019248.60233346,73988875.81761333,63185776.90018565,76210389.64616327,83800268.55610086,76493519.77337843,75820446.5812708,87487899.46823826,73393390.3259032,83151401.55490585,71054834.37119335,78688060.97500329,64538566.837750606,59842968.738473244,68864012.98611584,71948963.50136584,71327840.01966844,82728576.11586349,70763958.48810829,72225426.83529593
2023-12-15,123680256.33781019,77727546.19715066,62909140.74544579,72835255.68807842,63247357.4201107,58476938.99964587,75999418.82181837,100197674.40626848,65400419.97566324,94309265.28800337,81838227.46103582,66753437.631598316,68541404.88502093,72346882.45366067,68372645.02940325,80292498.37716337,69420406.09581064,67984955.8539984,82350582.20451564,81554613.26614086,68143177.36449835,91484864.0461033,75378324.34122582,84299608.69634084,93941188.76524843,71931169.54471587,77712201.86105327,75883398.97603066,84163932.72068323,69794867.28103589,75603314.22679833,69019248.60233346,74039875.81761333,63185776.90018565,76210389.64616327,83800268.55610086,76493519.77337843,75820446.5812708,87487899.46823826,73393390.3259032,83023401.55490585,71054834.37119335,78688060.97500329,64410566.837750606,59842968.738473244,68864012.98611584,71948963.50136584,71327840.01966844,82600576.11586349,70686958.48810829,72276426.83529595
2023-12-18,123680256.33781019,77727546.19715066,62937535.83294579,72835255.68807842,63275752.5076107,58476938.99964587,75999418.82181837,100197674.40626848,65428815.063163236,94309265.28800337,81838227.46103582,66781832.719098315,68541404.88502093,72346882.45366067,68372645.02940325,80292498.37716337,69420406.09581064,67984955.8539984,82378977.29201563,81554613.26614086,68143177.36449835,91484864.0461033,75378324.34122582,84299608.69634084,93941188.76524843,71931169.54471587,77712201.86105327,75883398.97603066,84192327.80818324,69794867.28103589,75631709.31429833,69019248.60233346,74039875.81761333,63185776.90018565,76210389.64616327,83800268.55610086,76493519.77337843,75820446.5812708,87487899.46823826,73393390.3259032,83051796.64240585,71054834.37119335,78688060.97500329,64438961.925250605,59842968.738473244,68864012.98611584,71948963.50136584,71327840.01966844,82628971.2033635,70715353.57560828,72276426.83529595
2023-12-19,123680256.33781019,77727546.19715066,62937535.83294579,72903255.68807842,63275752.5076107,58476938.99964587,75999418.82181837,100197674.40626848,65428815.063163236,94309265.28800337,81838227.46103582,66781832.719098315,68541404.88502093,72346882.45366067,68372645.02940325,80292498.37716337,69471406.09581064,68035955.8539984,82446977.29201563,81554613.26614086,68143177.36449835,91484864.0461033,75378324.34122582,84299608.69634084,93941188.76524843,71931169.54471587,77712201.86105327,75883398.97603066,84192327.80818324,69794867.28103589,75631709.31429833,69019248.60233346,74090875.81761333,63185776.90018565,76210389.64616327,83800268.55610086,76493519.77337843,75820446.5812708,87487899.46823826,73393390.3259032,83051796.64240585,71054834.37119335,78688060.97500329,64438961.925250605,59842968.738473244,68864012.98611584,71948963.50136584,71327840.01966844,82628971.2033635,70766353.5756083,72327426.83529595
2023-12-20,123680256.33781019,77727546.19715066,62937535.83294579,72867255.68807842,63275752.5076107,58476938.99964587,75999418.82181837,100197674.40626848,65428815.063163236,94309265.28800337,81838227.46103582,66781832.719098315,68541404.88502093,72346882.45366067,68372645.02940325,80292498.37716337,69444406.09581064,68008955.85399838,82410977.29201563,81554613.26614086,68143177.36449835,91484864.0461033,75378324.34122582,84299608.69634084,93941188.76524843,71931169.54471587,77712201.86105327,75883398.97603066,84192327.80818324,69794867.28103589,75631709.31429833,69019248.60233346,74063875.81761333,63185776.90018565,76210389.64616327,83800268.55610086,76493519.77337843,75820446.5812708,87487899.46823826,73393390.3259032,83051796.64240585,71054834.37119335,78688060.97500329,64438961.925250605,59842968.738473244,68864012.98611584,71948963.50136584,71327840.01966844,82628971.2033635,70739353.57560828,72300426.83529593
2023-12-21,123680256.33781019,77727546.19715066,62937535.83294579,72867255.68807842,63275752.5076107,58476938.99964587,75999418.82181837,100197674.40626848,65428815.063163236,94309265.28800337,81838227.46103582,66781832.719098315,68541404.88502093,72346882.45366067,68372645.02940325,80292498.37716337,69444406.09581064,68008955.85399838,82410977.29201563,81554613.26614086,68143177.36449835,91484864.0461033,75378324.34122582,84299608.69634084,93941188.76524843,71931169.54471587,77712201.86105327,75883398.97603066,84192327.80818324,69794867.28103589,75631709.31429833,69019248.60233346,74063875.81761333,63185776.90018565,76210389.64616327,83800268.55610086,76493519.77337843,75820446.5812708,87487899.46823826,73393390.3259032,83051796.64240585,71054834.37119335,78688060.97500329,64438961.925250605,59842968.738473244,68864012.98611584,71948963.50136584,71327840.01966844,82628971.2033635,70739353.57560828,72300426.83529593
2023-12-22,123680256.33781019,77727546.19715066,62937535.83294579,73003255.68807842,63275752.5076107,58476938.99964587,75999418.82181837,100197674.40626848,65428815.063163236,94309265.28800337,81838227.46103582,66781832.719098315,68541404.88502093,72346882.45366067,68372645.02940325,80292498.37716337,69546406.09581064,68110955.8539984,82546977.29201563,81554613.26614086,68143177.36449835,91484864.0461033,75378324.34122582,84299608.69634084,93941188.76524843,71931169.54471587,77712201.86105327,75883398.97603066,84192327.80818324,69794867.28103589,75631709.31429833,69019248.60233346,74165875.81761333,63185776.90018565,76210389.64616327,83800268.55610086,76493519.77337843,75820446.5812708,87487899.46823826,73393390.3259032,83051796.64240585,71054834.37119335,78688060.97500329,64438961.925250605,59842968.738473244,68864012.98611584,71948963.50136584,71327840.01966844,82628971.2033635,70841353.5756083,72402426.83529595
2023-12-25,123680256.33781019,77727546.19715066,62937535.83294579,73255255.68807842,63275752.5076107,58476938.99964587,75999418.82181837,100197674.40626848,65428815.063163236,94309265.28800337,81838227.46103582,66781832.719098315,68541404.88502093,72346882.45366067,68372645.02940325,80292498.37716337,69735406.09581064,68299955.8539984,82798977.29201563,81554613.26614086,68143177.36449835,91484864.0461033,75378324.34122582,84299608.69634084,93941188.76524843,71931169.54471587,77712201.86105327,75883398.97603066,84192327.80818324,69794867.28103589,75631709.31429833,69019248.60233346,74354875.81761333,63185776.90018565,76210389.64616327,83800268.55610086,76493519.77337843,75820446.5812708,87487899.46823826,73393390.3259032,83051796.64240585,71054834.37119335,78688060.97500329,64438961.925250605,59842968.738473244,68864012.98611584,71948963.50136584,71327840.01966844,82628971.2033635,71030353.57560828,72591426.83529595
2023-12-26,123680256.33781019,77727546.19715066,62937535.83294579,73339255.68807842,63275752.5076107,58476938.99964587,75999418.82181837,100197674.40626848,65428815.063163236,94309265.28800337,81838227.46103582,66781832.719098315,68541404.88502093,72346882.45366067,68372645.02940325,80292498.37716337,69798406.09581064,68362955.8539984,82882977.29201563,81554613.26614086,68143177.36449835,91484864.0461033,75378324.34122582,84299608.69634084,93941188.76524843,71931169.54471587,77712201.86105327,75883398.97603066,84192327.80818324,69794867.28103589,75631709.31429833,69019248.60233346,74417875.81761333,63185776.90018565,76210389.64616327,83800268.55610086,76493519.77337843,75820446.5812708,87487899.46823826,73393390.3259032,83051796.64240585,71054834.37119335,78688060.97500329,64438961.925250605,59842968.738473244,68864012.98611584,71948963.50136584,71327840.01966844,82628971.2033635,71093353.5756083,72654426.83529595
2023-12-27,123680256.33781019,77727546.19715066,62937535.83294579,73287255.68807842,63275752.5076107,58476938.99964587,75999418.82181837,100197674.40626848,65428815.063163236,94309265.28800337,81838227.46103582,66781832.719098315,68541404.88502093,72346882.45366067,68372645.02940325,80292498.37716337,69759406.09581064,68323955.8539984,82830977.29201563,81554613.26614086,68143177.36449835,91484864.0461033,75378324.34122582,84299608.69634084,93941188.76524843,71931169.54471587,77712201.86105327,75883398.97603066,84192327.80818324,69794867.28103589,75631709.31429833,69019248.60233346,74378875.81761333,63185776.90018565,76210389.64616327,83800268.55610086,76493519.77337843,75820446.5812708,87487899.46823826,73393390.3259032,83051796.64240585,71054834.37119335,78688060.97500329,64438961.925250605,59842968.738473244,68864012.98611584,71948963.50136584,71327840.01966844,82628971.2033635,71054353.57560828,72615426.83529595
2023-12-28,123680256.33781019,77727546.19715066,62937535.83294579,73303255.68807842,63275752.5076107,58476938.99964587,75999418.82181837,100197674.40626848,65428815.063163236,94309265.28800337,81838227.46103582,66781832.719098315,68541404.88502093,72346882.45366067,68372645.02940325,80292498.37716337,69771406.09581064,68335955.8539984,82846977.29201563,81554613.26614086,68143177.36449835,91484864.0461033,75378324.34122582,84299608.69634084,93941188.76524843,71931169.54471587,77712201.86105327,75883398.97603066,84192327.80818324,69794867.28103589,75631709.31429833,69019248.60233346,74390875.81761333,63185776.90018565,76210389.64616327,83800268.55610086,76493519.77337843,75820446.5812708,87487899.46823826,73393390.3259032,83051796.64240585,71054834.37119335,78688060.97500329,64438961.925250605,59842968.738473244,68864012.98611584,71948963.50136584,71327840.01966844,82628971.2033635,71066353.5756083,72627426.83529595
2023-12-29,123680256.33781019,77727546.19715066,62937535.83294579,73306714.94807842,63275752.5076107,58476938.99964587,75999418.82181837,100197674.40626848,65428815.063163236,94309265.28800337,81838227.46103582,66781832.719098315,68541404.88502093,72346882.45366067,68372645.02940325,80292498.37716337,69774000.54081064,68338550.29899839,82850436.55201563,81554613.26614086,68143177.36449835,91484864.0461033,75378324.34122582,84299608.69634084,93941188.76524843,71931169.54471587,77712201.86105327,75883398.97603066,84192327.80818324,69794867.28103589,75631709.31429833,69019248.60233346,74393470.26261333,63185776.90018565,76210389.64616327,83800268.55610086,76493519.77337843,75820446.5812708,87487899.46823826,73393390.3259032,83051796.64240585,71054834.37119335,78688060.97500329,64438961.925250605,59842968.738473244,68864012.98611584,71948963.50136584,71327840.01966844,82628971.2033635,71068948.02060829,72630021.28029594
