,strat,r0,r1,r2,r3,r4,r5,r6,r7,r8,r9,r10,r11,r12,r13,r14,r15,r16,r17,r18,r19,r20,r21,r22,r23,r24,r25,r26,r27,r28,r29,r30,r31,r32,r33,r34,r35,r36,r37,r38,r39,r40,r41,r42,r43,r44,r45,r46,r47,r48,r49
2021-01-04,100000000.0,100000000.0,100000000.0,100000000.0,100000000.0,100000000.0,100000000.0,100000000.0,100000000.0,100000000.0,100000000.0,100000000.0,100000000.0,100000000.0,100000000.0,100000000.0,100000000.0,100000000.0,100000000.0,100000000.0,100000000.0,100000000.0,100000000.0,100000000.0,100000000.0,100000000.0,100000000.0,100000000.0,100000000.0,100000000.0,100000000.0,100000000.0,100000000.0,100000000.0,100000000.0,100000000.0,100000000.0,100000000.0,100000000.0,100000000.0,100000000.0,100000000.0,100000000.0,100000000.0,100000000.0,100000000.0,100000000.0,100000000.0,100000000.0,100000000.0,100000000.0
2021-01-05,100151580.2735,100013247.574,100989450.897,100698984.9165,100961582.175,100812102.28400001,100582709.05,100374037.34650001,100513839.8295,101105364.5445,100179348.03100002,100318792.30100001,99982092.3795,100335725.36050001,100509166.02149999,100601335.12650001,100408952.397,100176634.1065,100136629.10350001,100082270.586,100639297.604,99992589.97500001,100199847.2325,100502557.16,100651928.4805,99992894.95500001,100686408.97150001,100615822.319,100144000.42400001,100350669.626,101069044.9525,99891248.57100001,100400079.9735,100476511.4315,100480033.645,100368735.7635,100488016.63300002,100641321.7145,100958594.08250001,100692133.105,100366606.987,100556061.66,100613034.1435,100360027.73750001,100432698.241,100185724.5575,101212412.67300001,100326721.5575,99824073.669,100532565.0615,100716374.5505
2021-01-06,99509549.4795,100453739.695,101028202.4725,100437719.58150001,101797456.924,100645559.88250002,100529093.6065,99985696.26500002,100251290.52350001,101415914.09849998,99482099.00650002,100532826.54600002,99853449.81650001,100139875.0715,100375038.3705,100222783.21750002,100520131.729,99890218.783,100043851.2565,99748785.22049999,100691989.642,99450577.89150001,100278825.94600001,100763661.34549999,100921451.718,99550314.32950002,100235426.90600002,101008354.261,99562673.15150002,100433325.646,100714609.51550001,99178176.553,100135953.81799999,100482857.0625,100407325.646,99835447.41650002,100489543.775,100792594.7005,101274420.20450002,101856226.186,99797954.021,100427049.475,99486492.34200001,100060227.78300002,100360604.411,99449156.0425,101071924.2985,100569261.00400001,99685384.482,99932698.66499999,100318308.73550001
2021-01-07,101762557.5095,101507634.5575,101355893.80900002,102070494.76900001,103608333.676,101830597.33050002,101875574.42000002,102216202.79500002,102684769.13100001,103339968.45699999,100584183.8815,102466271.63700002,101256267.13250001,101043335.1715,101132307.85800001,100626599.02900001,102282577.623,100361133.55600001,101346002.5735,100504990.066,103090721.30700001,100279049.40050001,102415763.02950001,103009741.8175,101909560.5095,101189230.09950003,100556851.38500002,103272010.67800002,102110496.07050002,101271794.552,103041389.90900001,100537043.69600001,102326033.69,102334940.1375,103133391.109,102011231.51150002,101356910.82100001,102992257.5235,102946168.974,104267591.229,100244203.8935,101857802.2505,100582803.55200002,102385410.21650001,101490536.0945,100243712.9995,101248537.19300002,101860079.52000001,100875094.73200001,100668405.112,101426373.10000001
2021-01-08,102561612.5515,102962957.7585,102974031.4005,103401189.59500001,103986002.684,103436734.92200002,103137560.02000001,102822830.0805,103154102.83650002,105434779.55199999,101029019.39150001,103153676.28900002,101644590.33350001,102030241.3235,101781669.883,101799402.61950001,103126246.631,100631809.57000001,103085488.47350001,101343793.6565,104263256.037,101509234.52050002,103965025.696,104568442.2465,102185018.19150001,101844566.50950003,101303551.81400003,104387959.25400002,102767424.136,101924404.927,104022317.9745,101751847.2865,102729743.525,102848060.2185,103961391.109,103348584.73050001,102764538.60500002,104356822.8715,104210505.38400002,104633156.577,100140039.4035,103065164.2755,101119923.63300002,102908595.33650002,102326521.6945,100894186.392,101554890.41200002,103203890.61500001,101015898.221,101502270.64,102951718.31600001
2021-01-11,103113612.5515,103273957.7585,105202031.4005,105824189.59500001,104663002.684,105382734.92200002,105041560.02000001,103324830.0805,103567102.83650002,108060779.55199999,102991019.39150001,104706676.28900002,101809590.33350001,103127241.3235,103721669.883,103349402.61950001,104422246.631,102120809.57000001,105094488.47350001,102426793.6565,105831256.037,103394234.52050002,106042025.696,106901442.2465,102583018.19150001,101649566.50950003,103319551.81400003,105243959.25400002,103668424.136,103512404.927,105470317.9745,102571847.2865,103379743.525,103559060.2185,104439286.055,103775584.73050001,105031538.60500002,105569822.8715,106633505.38400002,104365156.577,102471039.4035,104891164.2755,102544923.63300002,103105595.33650002,103434521.6945,102815186.392,102683890.41200002,105130890.61500001,101800898.221,104113270.64,106130718.31600001
2021-01-12,105412612.5515,105160957.7585,106194031.4005,106739189.59500001,105725002.684,105177734.92200002,105629560.02000001,103901830.0805,104444102.83650002,109171779.55199999,104035019.39150001,105992676.28900002,102407590.33350001,103995241.3235,105447669.883,103955402.61950001,104974246.631,103304809.57000001,106308488.47350001,104403793.6565,106348256.037,104682234.52050002,107208025.696,107805442.2465,103797018.19150001,102918566.50950003,104386551.81400003,106676959.25400002,104563424.136,105159404.927,106514317.9745,104138847.2865,104270743.525,105021060.2185,104801286.055,103524584.73050001,105572538.60500002,105955822.8715,108205505.38400002,105015156.577,102674039.4035,105982164.2755,104679923.63300002,103497595.33650002,104623521.6945,104269186.392,104075890.41200002,105993890.61500001,103250898.221,105458270.64,108206718.31600001
2021-01-13,104928612.5515,105147957.7585,105550031.4005,105629189.59500001,105777002.684,104434734.92200002,105006560.02000001,103823830.0805,104252102.83650002,107939779.55199999,103304019.39150001,105221676.28900002,102524590.33350001,103591241.3235,104281669.883,103876402.61950001,103836246.631,102331809.57000001,105694488.47350001,103873793.6565,106699256.037,104487234.52050002,106158025.696,106462442.2465,103308018.19150001,103907566.50950003,104056551.81400003,105552959.25400002,104755424.136,104348404.927,105959317.9745,104400847.2865,104031743.525,105411060.2185,104117286.055,102845584.73050001,105253538.60500002,105229822.8715,106990505.38400002,104311156.577,101778039.4035,106327164.2755,104468923.63300002,103329595.33650002,103838521.6945,103432186.392,104069890.41200002,105513890.61500001,103604898.221,106003270.64,107592718.31600001
2021-01-14,107748612.5515,107806957.7585,107326031.4005,106045189.59500001,106669002.684,104696734.92200002,105902560.02000001,105068830.0805,104784102.83650002,109809779.55199999,103766019.39150001,105811676.28900002,103034590.33350001,104064241.3235,105185669.883,104705402.61950001,104907246.631,102672479.68431,107062488.47350001,104874793.6565,108396256.037,105091234.52050002,107084025.696,106952442.2465,104228018.19150001,104170566.50950003,105078551.81400003,107008959.25400002,106691424.136,105422404.927,106376317.9745,105187847.2865,104921743.525,106721060.2185,104867286.055,104338584.73050001,107234538.60500002,105396822.8715,107850505.38400002,104739156.577,102378039.4035,107066164.2755,105518923.63300002,103822595.33650002,103872521.6945,104151186.392,105739890.41200002,107041890.61500001,104206898.221,106879270.64,109618718.31600001
2021-01-15,109885612.5515,109007957.7585,107943031.4005,108051416.38300002,108024435.919,106007455.80700001,108134590.28800002,107226958.13250001,104980102.83650002,112135779.55199999,105055019.39150001,106539750.55500002,103396291.12750001,104875340.535,106601216.26300001,106245402.61950001,106205246.631,103039376.28331001,108452488.47350001,105528339.4365,109023256.037,105251234.52050002,108108094.312,108350925.5115,105374564.5715,104108054.17750002,105871551.81400003,107764959.25400002,107397424.136,106219404.927,107394021.3715,106380847.2865,105638743.525,107352893.09350002,105742286.055,105752584.73050001,108995538.60500002,106490582.8985,108861505.38400002,105054273.82000001,103543039.4035,106906419.2815,106562698.951,103968901.49350002,104723865.7255,105296071.097,107429890.41200002,107695890.61500001,103977898.221,107046270.64,111831718.31600001
2021-01-18,110742612.5515,109245957.7585,109592031.4005,108822416.38300002,107859435.919,105839455.80700001,107736590.28800002,106651958.13250001,104781102.83650002,112163779.55199999,106907019.39150001,106580750.55500002,103141291.12750001,105414340.535,107046216.26300001,106739402.61950001,106484246.631,102556376.28331001,108802488.47350001,106212339.4365,109423256.037,106217234.52050002,108267094.312,108523925.5115,105079564.5715,104955054.17750002,106369551.81400003,107870959.25400002,109065424.136,106410404.927,107952021.3715,106143847.2865,106233743.525,107972893.09350002,105732286.055,105066584.73050001,110388538.60500002,105653582.8985,108922505.38400002,105322273.82000001,104181039.4035,106586419.2815,108481698.951,104562901.49350002,105866865.7255,106268071.097,107926890.41200002,108483890.61500001,104365898.221,108110270.64,113986718.31600001
2021-01-19,104315612.5515,102785957.7585,104549441.95973751,102878220.66451502,102623617.886795,101187601.48399502,101852565.21200001,100828958.13250001,98964475.19530252,105333923.61337,102038019.39150001,101760290.02964002,97769609.64554001,99926326.6696475,101465417.103535,101154402.61950001,100621709.82185501,96464427.91784,102900376.21382001,100223256.74494,103267709.38000001,100662650.266945,102714469.01534,102395925.5115,98805975.1307375,101035486.25342253,101035890.13320002,101365401.22891252,104349399.15345001,100615898.42787501,102209848.52062501,100844348.08895001,100232814.3043825,103651893.09350002,100297446.39253,99423584.18108502,105541696.54858002,100303815.54220499,102807841.7409625,99921619.84888,98905222.42308,101233326.4055,103722174.79741001,100127357.34009501,100131490.83229,101044641.92707501,103074584.82050751,103144560.5903725,99158790.54689,104395184.5545,109103718.31600001
2021-01-20,103875601.57272,102142560.532,104371693.5272375,101800122.44353501,102612677.859295,100826106.81549501,100906440.77649,99973964.43107751,98263147.84780252,104300769.21621,100805478.33415,100963673.75163002,97484604.67704003,100080166.28764752,100793798.697255,100702802.14550002,100808336.65635502,96034354.71783,102955078.21732002,99872726.08963999,103298591.28734002,99900524.25894502,102259866.02783999,101449361.219975,98555430.93823752,100696237.11857253,100812586.02820003,101888206.73641253,104096184.58595002,99479131.43409501,101817979.72062501,100270640.42945,99776162.7768825,103649316.67600001,99907700.43101999,98845418.07858501,105305277.70108002,99544002.91720499,102810121.14361252,99516862.27138,97497521.89706999,100360610.43849,102457777.15574002,99569524.11259502,99353667.56481001,99871675.887905,103185589.61050752,102529242.50537251,98694415.70939001,104452505.11562,108357816.19100001
2021-01-21,105771497.96772,103281601.55000001,105555741.1197375,102509080.08353502,104096677.859295,101230091.81549501,101433274.56499,100830964.43107751,99598801.43075752,104770113.98870999,102830629.35115,101818719.60413003,98182367.54404002,101242826.69264752,102783314.130255,101931567.61350003,101473072.10635503,97246600.47383,103508101.49632002,101717961.23964,105687591.28734002,100601473.40144502,102355249.26483999,102339304.87097499,99625996.76123752,102477476.32107252,102118962.18020003,102647883.53141253,106113031.73095001,101987194.137095,103077745.18862501,101893544.1047,100784749.4933825,104919316.67600001,101484297.59702,99219219.37258501,106978573.79608002,100387248.67320499,104167781.54861252,100476009.55372502,98776470.13107,101723732.74949,103950624.30074002,100955558.23809503,100631300.18981001,101405584.15790501,104394530.95550752,105011785.4963725,99686596.42639002,106663381.07062,109874409.52100001
2021-01-22,107560541.00072001,103069326.394,106119105.74773751,101749726.07953501,104974662.859295,101777287.54149501,101507634.78999001,101846160.1570775,99746816.94725752,104285948.89870998,103516644.86765,102070701.40113002,98686253.68404002,101517806.68964751,102742379.17825499,102522244.92900002,102566718.10235503,98150962.49882999,104471481.73332003,102579638.55513999,107565955.91534,100885413.06994501,102378944.58934,101874277.363475,99243978.55823752,103330171.64557251,103262639.49570003,101778529.52741253,108349606.48495,103171133.80559501,103325004.75362502,102309229.5247,100751935.2133825,106737351.106,101984099.98752,99664105.41108501,108413553.79308003,100505303.71520498,105090824.58161253,100194163.25272502,98947409.79957,101735477.60549,105124301.61624002,101613309.89709502,100058009.12031001,102777564.15490502,105361917.39550751,105972139.9153725,100878242.42239001,108056640.63562,111241394.52100001
2021-01-25,109419167.70422,103220735.1625,108660326.40523751,101960746.83953501,105966718.814795,103140605.85899502,102647455.80748999,103479763.9410775,99816839.68175752,103863088.40970999,105530856.92215002,102462997.99913003,98911132.23604003,102513096.6876475,103274247.62275499,104031586.36000003,103230551.02735503,99097695.26233,105595676.57282002,103320651.08063999,110375690.78334,100983201.46644503,103377109.01383999,100811680.63047498,99802282.26373751,103656457.63757253,104375650.12870003,101265948.02591252,111314635.92995001,104792276.31659502,103653823.66662502,104244505.9167,101209133.8753825,109731970.10200001,103107986.16501999,100018823.121285,110036897.82708003,100667823.74970499,105762985.80311252,100592245.14722502,100140991.77157001,102764457.31599,106792933.92274003,103299067.87859504,99839093.19231,104336629.220905,107165555.30500752,107388563.7943725,101815063.39559002,109117705.69262001,112802722.94600001
2021-01-26,107549778.99272001,100269828.45022,107833244.65547502,99501571.42236002,101386606.87429501,100212370.43149501,100444218.12861499,100237747.0575775,97116440.45349503,100201580.44570997,103581198.61015001,99757183.31063002,94965574.60614003,99080983.12505502,101659177.954255,99664039.95622003,99719180.82335503,96675916.61233,102915298.76282002,101353421.56063999,107060087.14584002,97770486.61177002,101343354.4636325,98470122.403975,98442654.86223751,99642050.09436503,102182396.09220003,98802709.45654753,109086899.96986002,103067479.76281501,101221902.79969501,101888201.9427,99220064.3588825,106746651.22950003,102541206.91502,97959025.068285,105442287.48808002,97033702.40320499,103278339.40243752,98258831.48554501,97679919.74457002,100657327.84698999,103865988.88124004,102131588.34344503,97721067.0360925,100870656.75540501,104813154.07560751,104621084.25922251,98499937.62809002,105378705.69262001,108529291.6165
2021-01-27,104118228.44404751,96825272.92838499,104465212.33220503,95596143.19888753,97180715.96671501,95834033.83070502,97550824.627115,95527993.2604075,93949310.44919503,96435874.39632499,99753305.70444,95514041.07952252,91077504.72422004,95528844.30382001,97781585.6731475,94642541.53946003,95663234.60753003,94072808.57727,98874027.33887252,99374036.89306998,101426883.01333001,94396983.78449503,97638441.1584325,94792783.14570749,95068659.18916002,95849090.39264503,98481921.30327503,96437779.55088753,105459335.37801,99447032.77468252,96287473.88984501,98545586.692825,96326388.4468425,101799064.83927502,100999429.50214499,92929699.17776501,99689543.80009003,92952590.85961999,99831841.99979752,94673680.33558752,93755116.92557502,97796820.27807999,99500211.78652254,98152756.94418004,95821161.4937225,96770325.60478002,101417510.29260752,100687046.70469251,95655515.90007502,101005870.767495,104178305.517265
2021-01-28,99701922.7215475,91936394.885385,98704485.70720503,91029708.62238753,92380420.28321502,92069073.55520502,92063175.890115,89760798.5349075,90153998.72613503,91551241.60432498,93928111.07694,91323034.63302252,87028028.56672002,91590955.60332002,93491322.1171475,88929965.97276753,90915005.62922254,89551041.60977,93782608.33687252,94571741.08787748,95182835.07333001,90400584.29918753,91771031.73043251,90485880.76120749,90156640.49416003,91557634.03264503,93868620.69458252,91730996.20338751,99753496.59151001,94090733.49768253,91126927.04934502,93430826.900825,91851791.7963425,97475481.21377502,95456754.371145,88538411.25676501,94877732.32759002,88274108.69312,94398115.46929753,90124254.99558751,89322781.48657502,93804266.68258,94880214.20583004,92379194.93518004,90427230.5948225,93086029.02228002,94817726.48760752,96410971.5916925,91052299.00357501,95345199.778995,99633725.287765
2021-01-29,97324583.95404749,91514869.015385,96003331.96970502,89697121.09238751,90297875.293215,91219393.58770502,90343004.40761499,87865273.54490751,89655884.57613502,91559940.14432497,90989905.65444,92068771.85302252,85821602.69922003,90316874.87332001,92649997.1071475,86785734.56526753,89506924.58922254,88378340.78727,93547538.35937253,92962190.81287748,92907656.07583001,89571417.40168752,91603347.0479325,90149208.2812075,88356130.03916001,89584784.55264503,93265045.08208252,88926928.45338753,96970919.50151001,91904879.95018253,88310503.84934503,90894160.508325,90330070.6363425,96028615.12627502,94144053.54864499,88575533.77176501,93376811.96509002,86653331.65062,94140460.39929752,87718694.66808753,87977225.79657502,91484324.63508,91837286.07083003,90015929.77018005,89845829.3398225,92698300.52978003,91290395.51760752,95475969.9566925,89181410.636075,92297961.55649501,98028121.047765
2021-02-01,96716152.90222248,90788869.015385,95666062.89470501,88835121.09238751,88814445.25149001,90831393.58770502,89486735.33261499,86837273.54490751,89707884.57613502,90495940.14432497,90578636.57944,90492771.85302252,84353274.80333252,89695874.87332001,92375997.1071475,85954734.56526753,88311055.93922253,87230338.66227,91517538.35937253,91804055.21287748,91661656.07583001,88274417.40168752,91043347.0479325,88991208.2812075,87671282.08916003,89574784.55264503,92019045.08208252,87739228.32656252,95301516.95151001,90837477.40018253,87444503.84934503,89662171.23332499,90306801.56134251,94687615.12627502,93368928.673645,87385533.77176501,91696380.91326502,85534331.65062,93744460.39929752,86633264.62636253,87025225.79657502,91029055.56007999,90597286.07083003,89243384.18266004,89087827.2148225,91390300.52978003,91101126.44260752,94421969.9566925,87879008.08607501,91631961.55649501,96313851.972765
2021-02-02,96758152.90222248,90804869.015385,95872062.89470501,89401121.09238751,89260445.25149001,92105393.58770502,89771735.33261499,87168911.71544501,90459884.57613502,91570841.51432498,91728636.57944,91344771.85302252,84571176.17333253,90849874.87332001,93605997.1071475,86884296.67776753,88659055.93922253,86929834.60727,92537271.27937253,91444055.21287748,92044656.07583001,89109417.40168752,91964347.0479325,88810109.6512075,88045282.08916003,89616784.55264503,91307946.45208253,88264228.32656252,95874516.95151001,91647477.40018253,88194503.84934503,89285667.178325,91391801.56134251,94443615.12627502,94319928.673645,87912435.14176501,92142380.91326502,85690893.76312,94028460.39929752,87066264.62636253,87969225.79657502,91647055.56007999,90042853.60384753,89495384.18266004,89806827.2148225,93120300.52978003,91101126.44260752,94407937.1760175,88434008.08607501,91515961.55649501,97629851.972765
2021-02-03,97018152.90222248,91646869.015385,96574062.89470501,90315121.09238751,90340445.25149001,93599393.58770502,90661735.33261499,88064911.71544501,91496884.57613502,92146841.51432498,93391636.57944,93281771.85302252,85166176.17333253,91351874.87332001,95149997.1071475,87514296.67776753,89767055.93922253,87315834.60727,93610271.27937253,92474055.21287748,93668656.07583001,90379417.40168752,92507347.0479325,89504109.6512075,88836282.08916003,89876784.55264503,91747946.45208253,88689228.32656252,97245516.95151001,92669477.40018253,89160503.84934503,89943667.178325,92784801.56134251,95518615.12627502,95276928.673645,88442435.14176501,92904380.91326502,86285893.76312,94414460.39929752,87749264.62636253,89325225.79657502,92573055.56007999,90042853.60384753,89963384.18266004,91357827.2148225,94282300.52978003,91101126.44260752,94793937.1760175,90029008.08607501,91905961.55649501,99014851.972765
2021-02-04,97074587.37822248,91774198.825385,96729938.336205,90297142.42388752,90356265.36449002,94150180.77520503,90306674.51161498,88606397.32894501,91891492.76313502,92284225.06482498,93947060.35694,93373647.20202251,85381235.83033253,91294516.28132,95491676.1301475,87640876.74826753,89883854.34172253,87077520.43327,94357820.23337252,92546371.82287747,94105328.20333001,90213267.22818752,92466025.1754325,90367754.65920751,88754545.46616003,89792022.01014504,92645181.31558254,88775721.44456252,97048711.89251003,92491137.02018254,89043456.64334503,90523722.53382501,93456035.12334251,95625456.24827503,95335158.22064501,88386032.021265,92924702.72026502,86512068.59061998,93953283.30929753,87813079.53336254,89479017.89457503,92647590.10508,90317091.56884754,89681606.43716004,92159313.7148225,94447676.88028002,90799048.91410753,94629722.46201749,90680181.20607501,91781081.35099502,98980070.12876499
2021-02-05,97196587.37822248,92320682.131385,97038624.86370501,90901146.64188752,91908462.79799001,94673193.79020503,90705098.38161498,89152456.57994501,92629124.65463501,93924326.84132499,94542246.67694,94732413.0760225,86079466.97433254,91565183.79382001,96195123.8151475,88386846.54526752,90848820.13272253,87917797.91477,95245117.12687252,93007805.99437748,95214401.86333,91974690.49818751,93154018.78743252,91175087.26620752,88974205.16966003,90208765.37064503,92685814.71158254,89417474.30356254,98048244.62851003,93806398.08968253,89841143.17084503,91097297.09382501,94854971.2008425,96651149.57877502,95756769.195645,90394419.56876501,93892346.12226501,87293925.01711999,94397225.48829752,88156868.01336253,90733080.24707502,93932022.07958,91115086.38084754,89736829.38416004,92683313.7148225,96162415.43178001,91301272.66410753,95384067.48401749,91211208.03007501,92251589.06299502,99766404.941765
2021-02-08,96461350.94472247,88132995.039885,94626498.403705,87995886.10688752,88922893.47999002,92297636.47220503,87995042.471115,86202566.86694501,89618583.55463502,90598646.94982499,91925102.70644,91380675.05002251,84986934.66233253,87671471.78882001,92328309.7471475,85346859.97526753,87306507.86022253,85967901.89727001,91959495.77587253,89579696.95237748,92822122.11033002,88337775.26268752,90007438.26343252,88388805.01170751,86880532.68116003,87740507.23564503,89006287.31008254,86478864.75856254,94229133.08501002,89654996.97218254,86187358.11484504,87515760.38782501,91523383.26484251,92684596.06377503,93614194.96714501,86306311.52376501,91134886.66726503,84413383.11411999,90841483.56679752,85997770.86986253,88274924.16607502,91509087.44107999,87054408.89834756,86744174.11066005,91635720.7668225,94292173.90278003,89558652.41160753,91855843.4745175,88283252.27207501,90205387.55799502,95828611.882765
2021-02-09,97829350.94472247,89641592.11388502,97928909.85870501,90167886.10688752,90472893.47999002,94493325.59370503,89593071.09511499,88045566.86694501,92577583.55463502,93333794.44582498,95480609.21844,93874675.05002251,86562934.66233253,90543368.44282001,95395309.7471475,87991859.97526753,88724320.15522254,88759274.52827,94715495.77587253,91691696.95237748,95640443.51133001,90762488.09768751,93293438.26343252,89979247.68470751,88832532.68116003,89070592.19414504,89785287.31008254,89294758.30156253,95845133.08501002,91992996.97218254,87309505.61084503,89495522.652825,94927383.26484251,96235596.06377503,95853516.36814502,88616009.25776501,93142785.91476502,86141134.07161999,93345172.68829754,87842770.86986253,90313924.16607502,94386087.44107999,88796793.33534755,88458546.74166004,92881720.7668225,96919843.01278001,91862737.37010753,94283830.8745175,90968552.95957501,92512472.51649502,98454611.882765
2021-02-17,99358350.94472247,93523592.11388502,102315909.85870501,94088886.10688752,94671893.47999002,98740361.82370503,93728071.09511499,92356414.18294501,95905583.55463502,98705794.44582498,100888140.74543999,99111675.05002251,88476934.66233253,93881425.23536502,100397309.7471475,92490859.97526753,91904376.94776754,93143274.52827,98959495.77587253,95064696.95237748,100397443.51133001,94560488.09768751,97237438.26343252,94466011.14970751,92860560.70516004,92814229.98414503,93653134.62608254,94035413.99906254,98969912.27649002,95801996.97218254,91449505.61084503,93816127.221825,99736383.26484251,100500596.06377503,98972516.36814502,93013009.25776501,96469785.91476502,90563134.07161999,97414172.68829754,91656595.67236254,94653924.16607502,98843087.44107999,93249842.67284755,92749546.74166004,95460720.7668225,100644030.53278002,95432500.83510754,98679830.8745175,94888365.25457501,95888472.51649502,102479611.882765
2021-02-18,99413350.94472247,95384592.11388502,103691400.16170502,94865886.10688752,95229893.47999002,99103361.82370503,94762071.09511499,94393414.18294501,97023583.55463502,100283794.44582498,102798140.74543999,100834675.05002251,88747934.66233253,94421149.97786501,100545309.7471475,93365859.97526753,92756713.35776754,94432274.52827,100701495.77587253,95776696.95237748,103370443.51133001,94760488.09768751,97833438.26343252,95625011.14970751,94252987.16916004,92951229.98414503,95455711.18008253,95509413.99906254,99793342.54349002,96196996.97218254,92641505.61084503,94700127.221825,100678383.26484251,101750596.06377503,99645516.36814502,93438009.25776501,96699785.91476502,92049134.07161999,98876172.68829754,93857669.92336252,95513924.16607502,99122087.44107999,94268842.67284755,93826546.74166004,95970720.7668225,101883926.07878003,96467500.83510754,99901830.8745175,96114365.25457501,96128728.27849501,104387611.882765
2021-02-19,99049352.67022249,94571592.11388502,102818400.16170502,94581886.10688752,95052893.47999002,98054361.82370503,94452071.09511499,93378414.18294501,97390583.55463502,99834794.44582498,101952140.74543999,99733675.05002251,88760336.42483254,93811149.97786501,99354309.7471475,93203859.97526753,92400713.35776754,93275274.52827,100613495.77587253,96185696.95237748,103721443.51133001,94173488.09768751,97627438.26343252,95496011.14970751,92417987.16916004,91955229.98414503,94985711.18008253,94906413.99906254,99820342.54349002,95454996.97218254,91414505.61084503,93912127.221825,99706383.26484251,102105596.06377503,99273548.20414501,93440009.25776501,96445785.91476502,92119134.07161999,98721172.68829754,93033669.92336252,95037924.16607502,97891087.44107999,93242842.67284755,93120546.74166004,95948905.10182251,101367926.07878003,95743500.83510754,99672830.8745175,96058365.25457501,95352276.71599501,104419611.882765
2021-02-22,99626971.14972249,94442592.11388502,102866400.16170502,94544886.10688752,95325893.47999002,98356361.82370503,94781071.09511499,92956414.18294501,97091583.55463502,100799794.44582498,102227140.74543999,99984675.05002251,88804798.50983253,93577149.97786501,99607309.7471475,93320859.97526753,92693713.35776754,93003274.52827,101709495.77587253,96412696.95237748,104283443.51133001,95059488.09768751,98109438.26343252,95406011.14970751,92860987.16916004,91848229.98414503,94301711.18008253,94698413.99906254,99600342.54349002,95609996.97218254,90985505.61084503,93757127.221825,99267383.26484251,101837596.06377503,99227548.20414501,93643009.25776501,96056785.91476502,92872134.07161999,97639172.68829754,92809669.92336252,95359924.16607502,98607087.44107999,93240842.67284755,92751546.74166004,96156354.67932251,101769926.07878003,96120500.83510754,99209830.8745175,95798365.25457501,95853276.71599501,104082611.882765
2021-02-23,99792000.98272249,94310592.11388502,103140400.16170502,95148886.10688752,95614893.47999002,98207361.82370503,95202071.09511499,92926414.18294501,96894583.55463502,101051794.44582498,101976140.74543999,101169675.05002251,88537798.50983253,93404149.97786501,99097309.7471475,94478859.97526753,92670713.35776754,93927274.52827,102054495.77587253,96190696.95237748,105095443.51133001,95303488.09768751,98564438.26343252,96922011.14970751,92376987.16916004,91757229.98414503,95127711.18008253,94850413.99906254,100172342.54349002,95580996.97218254,90708505.61084503,92988127.221825,100138383.26484251,101418596.06377503,99233548.20414501,94180009.25776501,95890785.91476502,94269134.07161999,97358172.68829754,93125669.92336252,95390924.16607502,98303087.44107999,93410842.67284755,93306546.74166004,96378746.72232251,103072926.07878003,96336500.83510754,98770830.8745175,95573365.25457501,95546276.71599501,104949611.882765
2021-02-24,98105000.98272249,93346592.11388502,101653400.16170502,94506886.10688752,94189893.47999002,97232361.82370503,93671071.09511499,91483414.18294501,95518583.55463502,98770794.44582498,100389140.74543999,99232675.05002251,87397798.50983253,92344149.97786501,97860309.7471475,93240859.97526753,91290713.35776754,92450274.52827,100198495.77587253,94878696.95237748,102695443.51133001,93527488.09768751,97204438.26343252,95625011.14970751,91060987.16916004,90696229.98414503,93604711.18008253,93581413.99906254,98928342.54349002,94677996.97218254,89328505.61084503,91603127.221825,98302383.26484251,100009596.06377503,98134548.20414501,92776009.25776501,94480785.91476502,92577134.07161999,96344172.68829754,91210669.92336252,93895924.16607502,96709087.44107999,92011842.67284755,92045546.74166004,94914746.72232251,101361926.07878003,94988500.83510754,97266830.8745175,94481365.25457501,94515276.71599501,103557611.882765
2021-02-25,98306000.98272249,93066592.11388502,102256400.16170502,94453886.10688752,94388893.47999002,97690361.82370503,94675071.09511499,91760414.18294501,95863583.55463502,98804794.44582498,101093140.74543999,99314675.05002251,87517798.50983253,91866149.97786501,98121309.7471475,93598859.97526753,90769713.35776754,92825274.52827,100624495.77587253,95265696.95237748,103848443.51133001,93061488.09768751,97598438.26343252,96095011.14970751,90951987.16916004,90371229.98414503,93469711.18008253,94227413.99906254,98868342.54349002,94926996.97218254,89086505.61084503,91637127.221825,98434383.26484251,100437596.06377503,98529548.20414501,92702009.25776501,94692785.91476502,93332134.07161999,96329172.68829754,91377669.92336252,93892924.16607502,96844087.44107999,91668842.67284755,91773546.74166004,95011746.72232251,101561926.07878003,95668500.83510754,96547830.8745175,94745365.25457501,94729276.71599501,103730611.882765
2021-02-26,98932000.98272249,93018592.11388502,103049400.16170502,95150886.10688752,94551893.47999002,97902361.82370503,95376071.09511499,91411414.18294501,96946583.55463502,99249794.44582498,101367140.74543999,99259675.05002251,88256798.50983253,92120149.97786501,98535309.7471475,93801859.97526753,91406713.35776754,92917274.52827,101141495.77587253,95388696.95237748,104427443.51133001,93470488.09768751,97555438.26343252,96413011.14970751,90792987.16916004,90234229.98414503,93122711.18008253,94022413.99906254,98775342.54349002,95653996.97218254,89025505.61084503,91407127.221825,98091383.26484251,100923596.06377503,98647548.20414501,92958009.25776501,94894785.91476502,93935134.07161999,96751172.68829754,91380669.92336252,94168924.16607502,97230087.44107999,91920842.67284755,91691546.74166004,94865746.72232251,101890926.07878003,95953500.83510754,97144830.8745175,95142365.25457501,95305276.71599501,104220611.882765
2021-03-01,100681000.98272249,94351592.11388502,105176400.16170502,96697886.10688752,98128893.47999002,100964361.82370503,98232071.09511499,94321414.18294501,98840583.55463502,101656794.44582498,103641140.74543999,103016675.05002251,90909798.50983253,94511149.97786501,100782309.7471475,96205859.97526753,93895713.35776754,94908274.52827,103324495.77587253,97256696.95237748,107416443.51133001,96148488.09768751,99676438.26343252,99061011.14970751,92796987.16916004,91635229.98414503,95165711.18008253,96285413.99906254,102676342.54349002,98742996.97218254,91552505.61084503,93774127.221825,101643383.26484251,102905596.06377503,102258548.20414501,95640009.25776501,96895785.91476502,96884134.07161999,98431172.68829754,94516669.92336252,97275924.16607502,100528087.44107999,94428842.67284755,93927546.74166004,98689746.72232251,105312926.07878003,98520500.83510754,99390830.8745175,97807365.25457501,97906276.71599501,106022611.882765
2021-03-02,100020000.98272249,94719592.11388502,104871400.16170502,96349886.10688752,98224893.47999002,101186361.82370503,97855071.09511499,94160414.18294501,98745583.55463502,100734794.44582498,103058140.74543999,103086675.05002251,90469798.50983253,94059149.97786501,100106309.7471475,95582859.97526753,93644713.35776754,94223274.52827,102751495.77587253,97104696.95237748,107900443.51133001,95220488.09768751,99248438.26343252,99537011.14970751,92278987.16916004,91525229.98414503,95609711.18008253,96167413.99906254,102794342.54349002,98318996.97218254,91642505.61084503,93467127.221825,101553383.26484251,102632596.06377503,102627548.20414501,95348009.25776501,96980785.91476502,96668134.07161999,98206172.68829754,94323669.92336252,97673924.16607502,99947087.44107999,93244842.67284755,93490546.74166004,98647746.72232251,105280926.07878003,98522500.83510754,98858830.8745175,97486365.25457501,97313276.71599501,105811611.882765
2021-03-03,100261000.98272249,96737592.11388502,105337400.16170502,97182886.10688752,99143893.47999002,101762361.82370503,98383071.09511499,94954414.18294501,98433583.55463502,101144794.44582498,103973140.74543999,104585675.05002251,92176798.50983253,94429149.97786501,101504309.7471475,96507859.97526753,94384713.35776754,94098274.52827,103155495.77587253,97293696.95237748,108099443.51133001,95800488.09768751,99704438.26343252,101013011.14970751,93458987.16916004,92246229.98414503,96648711.18008253,96415413.99906254,103433342.54349002,100074996.97218254,92286505.61084503,93802127.221825,101855383.26484251,103435596.06377503,102660548.20414501,95385009.25776501,97319785.91476502,97117134.07161999,98966172.68829754,94298669.92336252,98143924.16607502,100595087.44107999,95099842.67284755,93604546.74166004,99383746.72232251,105864926.07878003,98557500.83510754,99589830.8745175,97862365.25457501,98197276.71599501,105428611.882765
2021-03-04,98734000.98272249,95874592.11388502,104684400.16170502,95425886.10688752,96860893.47999002,100611361.82370503,98083071.09511499,93997414.18294501,96395583.55463502,99605794.44582498,103429140.74543999,106103675.05002251,90720798.50983253,92351149.97786501,99939309.7471475,95441859.97526753,93075713.35776754,93686274.52827,101475495.77587253,96083696.95237748,108108443.51133001,94086488.09768751,98451438.26343252,100615011.14970751,93328987.16916004,91051229.98414503,94555711.18008253,95062413.99906254,101185342.54349002,98563996.97218254,90470505.61084503,91889127.221825,101850383.26484251,101417596.06377503,100514548.20414501,93052009.25776501,95587785.91476502,95529134.07161999,96957172.68829754,95038669.92336252,96465924.16607502,99881087.44107999,93131842.67284755,92265546.74166004,99080746.72232251,104636926.07878003,97859500.83510754,97813830.8745175,95696365.25457501,96532276.71599501,103431611.882765
2021-03-05,98980000.98272249,95458592.11388502,105158400.16170502,95631886.10688752,97380893.47999002,101243361.82370503,98984071.09511499,94086414.18294501,96509583.55463502,100401794.44582498,104269140.74543999,106916675.05002251,90498798.50983253,92232149.97786501,100049309.7471475,96436859.97526753,92804713.35776754,94256274.52827,102144832.27603503,96820696.95237748,109233443.51133001,94059824.59785002,98495878.24843252,100716011.14970751,93959987.16916004,91170229.98414503,94464711.18008253,95110413.99906254,101564342.54349002,98112996.97218254,90831505.61084503,91911127.221825,102564823.24984251,101877596.06377503,100904548.20414501,93596009.25776501,96646785.91476502,96083134.07161999,97290172.68829754,95374109.90836254,97309924.16607502,101274087.44107999,92897842.67284755,93194546.74166004,99962746.72232251,106067926.07878003,98101500.83510754,97346830.8745175,95875365.25457501,96882276.71599501,104046611.882765
2021-03-08,98979000.98272249,96488592.11388502,105956400.16170502,95583886.10688752,97453893.47999002,101664361.82370503,99813071.09511499,94929414.18294501,96035583.55463502,101084794.44582498,104789140.74543999,106991675.05002251,90987798.50983253,92893149.97786501,101594309.7471475,96849859.97526753,93112713.35776754,94679274.52827,102411818.27303502,97374696.95237748,109413443.51133001,94925373.54735002,98559373.55443251,101537011.14970751,94189987.16916004,91663229.98414503,95661711.18008253,95442413.99906254,102306342.54349002,98678996.97218254,91789505.61084503,92233127.221825,102662272.92884251,101642596.06377503,101416548.20414501,94477009.25776501,97291785.91476502,96401134.07161999,98230172.68829754,96055199.76836252,97735924.16607502,102044087.44107999,93872842.67284755,93977546.74166004,100324746.72232251,106752926.07878003,98260500.83510754,97654830.8745175,96649365.25457501,97808276.71599501,104861611.882765
2021-03-09,99148650.75849248,96957592.11388502,105335400.16170502,95711886.10688752,97011851.09499002,100901361.82370503,98700071.09511499,94308414.18294501,95635583.55463502,100975514.770825,104078140.74543999,106018675.05002251,91397798.50983253,92995149.97786501,101038309.7471475,96122859.97526753,93933713.35776754,93523232.14327002,102612818.27303502,97654696.95237748,108227443.51133001,94923373.54735002,97148044.44943252,101418011.14970751,93980823.40166003,91273187.59914503,95843711.18008253,94659413.99906254,101542342.54349002,98555996.97218254,91692505.61084503,92118127.221825,101901272.92884251,101893596.06377503,100803548.20414501,93859009.25776501,96841785.91476502,95615134.07161999,98014172.68829754,95167199.76836252,97781924.16607502,101424087.44107999,94070842.67284755,93398546.74166004,100159746.72232251,106066926.07878003,97787500.83510754,98019830.8745175,96042365.25457501,98202276.71599501,103839078.797765
2021-03-10,100031650.75849248,97286592.11388502,105943400.16170502,96456886.10688752,97761075.93449001,101053361.82370503,99150071.09511499,95414414.18294501,96485583.55463502,102095514.770825,105038140.74543999,107086675.05002251,92282798.50983253,94002149.97786501,101393309.7471475,96635859.97526753,94909713.35776754,93660471.49327001,102902818.27303502,98369696.95237748,109379443.51133001,95493700.82590753,97751495.24292251,102222011.14970751,94539823.40166003,91926187.59914503,96694711.18008253,95657413.99906254,102195342.54349002,99094996.97218254,91965505.61084503,94015127.221825,102913272.92884251,102827596.06377503,101512548.20414501,94568009.25776501,98103785.91476502,96200134.07161999,99288172.68829754,96396199.76836252,98768924.16607502,101719087.44107999,94707842.67284755,93859546.74166004,101505746.72232251,107088926.07878003,98446500.83510754,99280830.8745175,97744365.25457501,99095276.71599501,104965078.797765
2021-03-11,101319650.75849248,97770592.11388502,107303400.16170502,97291886.10688752,98522075.93449001,102306361.82370503,100250071.09511499,96366414.18294501,97708583.55463502,103014514.770825,106451140.74543999,108501675.05002251,92961798.50983253,94451149.97786501,102848309.7471475,97828859.97526753,95516713.35776754,95052471.49327001,103827818.27303502,98959696.95237748,110546443.51133001,96297667.61390752,99774495.24292251,103308011.14970751,95219823.40166003,93220187.59914503,97785711.18008253,96672413.99906254,103709342.54349002,99862996.97218254,92543505.61084503,95223127.221825,105350272.92884251,103880596.06377503,102825548.20414501,95665009.25776501,99220785.91476502,97176134.07161999,99890172.68829754,97777199.76836252,99698924.16607502,103000087.44107999,95672842.67284755,95135546.74166004,103128746.72232251,108355926.07878003,99624500.83510754,99391830.8745175,98511365.25457501,100554276.71599501,106114078.797765
2021-03-12,101091886.50849248,97289592.11388502,106848400.16170502,97744886.10688752,98072075.93449001,102671361.82370503,100305071.09511499,96740414.18294501,98476583.55463502,102297514.770825,106565140.74543999,107905675.05002251,93557798.50983253,94811149.97786501,103687309.7471475,97954859.97526753,95001713.35776754,95526471.49327001,103738818.27303502,98413696.95237748,110797443.51133001,96795667.61390752,99994557.08792251,103931011.14970751,95165823.40166003,93356390.12814504,98989711.18008253,96504413.99906254,103159342.54349002,100467996.97218254,92469505.61084503,95567127.221825,105808272.92884251,104021596.06377503,102824548.20414501,95351009.25776501,99849785.91476502,97217134.07161999,99679172.68829754,97363199.76836252,99528924.16607502,103527087.44107999,96696842.67284755,95441546.74166004,103672746.72232251,108702926.07878003,100199500.83510754,98524830.8745175,97939365.25457501,102155276.71599501,106754078.797765
2021-03-15,101397886.50849248,98618592.11388502,107379400.16170502,98820886.10688752,97701075.93449001,103107361.82370503,100957071.09511499,98090414.18294501,98719583.55463502,102351514.770825,108190140.74543999,107654675.05002251,94741798.50983253,95357149.97786501,104982309.7471475,98423859.97526753,95162713.35776754,95774471.49327001,104992818.27303502,98833696.95237748,110570443.51133001,97761667.61390752,100468557.08792251,104296011.14970751,96786823.40166003,94199390.12814504,100691711.18008253,96879413.99906254,102526342.54349002,101540996.97218254,93041505.61084503,96681127.221825,105648272.92884251,105016596.06377503,102390548.20414501,95652009.25776501,100721785.91476502,97053134.07161999,100125172.68829754,97407199.76836252,99943924.16607502,104184087.44107999,98658842.67284755,95448546.74166004,104734746.72232251,108861926.07878003,100047500.83510754,98740830.8745175,98193365.25457501,103428276.71599501,106931078.797765
2021-03-16,101421886.50849248,98518592.11388502,107095400.16170502,98658886.10688752,97322075.93449001,103238361.82370503,101018071.09511499,98681414.18294501,98165583.55463502,102480514.770825,108475140.74543999,107161675.05002251,95778798.50983253,95915149.97786501,105039309.7471475,97670859.97526753,94755713.35776754,95874471.49327001,104464409.51854002,98383696.95237748,109863443.51133001,98177667.61390752,99996557.08792251,103813011.14970751,97935823.40166003,94777390.12814504,102339711.18008253,97357413.99906254,102241342.54349002,102014996.97218254,94173505.61084503,98383127.221825,105499272.92884251,105249596.06377503,102637548.20414501,95942009.25776501,101100785.91476502,96311134.07161999,99943172.68829754,97141199.76836252,99217924.16607502,103882087.44107999,99512842.67284755,95875546.74166004,105964746.72232251,107800926.07878003,99777500.83510754,98743830.8745175,99019365.25457501,104369276.71599501,106143078.797765
2021-03-17,102227886.50849248,98597592.11388502,108531400.16170502,98574886.10688752,97669075.93449001,103494361.82370503,101294071.09511499,98638414.18294501,98747583.55463502,103693514.770825,108822140.74543999,109583675.05002251,95177798.50983253,95888149.97786501,104373309.7471475,98913859.97526753,95000713.35776754,96700471.49327001,105072230.01954003,99042696.95237748,111788443.51133001,97911667.61390752,100509557.08792251,103939011.14970751,97350823.40166003,94959390.12814504,101684711.18008253,97801413.99906254,103422342.54349002,101712996.97218254,94031505.61084503,97882127.221825,106692272.92884251,105846596.06377503,102978548.20414501,96802009.25776501,101236785.91476502,97161134.07161999,100507172.68829754,97920199.76836252,99643924.16607502,103785087.44107999,98494842.67284755,96404546.74166004,105639746.72232251,108873926.07878003,100349500.83510754,98886830.8745175,99784365.25457501,103546276.71599501,106987078.797765
2021-03-18,103413886.50849248,99587592.11388502,108827400.16170502,99628886.10688752,98876075.93449001,104617361.82370503,101695071.09511499,98478414.18294501,100236583.55463502,104397514.770825,109605140.74543999,110310675.05002251,96321798.50983253,96366149.97786501,105844309.7471475,100143859.97526753,96844713.35776754,97430471.49327001,105748230.01954003,99697696.95237748,111772443.51133001,98859667.61390752,101496557.08792251,105218011.14970751,97706823.40166003,95923390.12814504,102585711.18008253,97637413.99906254,105071342.54349002,103076996.97218254,94701505.61084503,98426127.221825,107682272.92884251,106453596.06377503,103864548.20414501,97610009.25776501,102299785.91476502,97876134.07161999,100986172.68829754,98283199.76836252,100967924.16607502,105405087.44107999,99738842.67284755,97229546.74166004,106393746.72232251,109994926.07878003,101086500.83510754,100046830.8745175,100258365.25457501,104779276.71599501,107853078.797765
2021-03-19,102958886.50849248,98315592.11388502,107938400.16170502,99845886.10688752,98756075.93449001,104554361.82370503,101619071.09511499,98590414.18294501,99886583.55463502,103673514.770825,108211140.74543999,109663675.05002251,96581798.50983253,95892149.97786501,106306309.7471475,98886859.97526753,96949713.35776754,96739471.49327001,105293230.01954003,98634696.95237748,111012443.51133001,99584667.61390752,101073557.08792251,104485011.14970751,97679823.40166003,95802390.12814504,101925711.18008253,97158413.99906254,104689342.54349002,103337996.97218254,95299505.61084503,98813127.221825,106771272.92884251,105547596.06377503,103456548.20414501,97353009.25776501,102621785.91476502,97296134.07161999,100227172.68829754,98491199.76836252,101585924.16607502,105477087.44107999,100228842.67284755,96963546.74166004,107509746.72232251,109675926.07878003,100489500.83510754,99924830.8745175,99702365.25457501,105363276.71599501,108638078.797765
2021-03-22,102131886.50849248,99330592.11388502,107468400.16170502,100451886.10688752,99024075.93449001,105198361.82370503,102551071.09511499,99178414.18294501,100162583.55463502,103925514.770825,108072140.74543999,109396675.05002251,97096798.50983253,96440149.97786501,107137309.7471475,98926859.97526753,96476713.35776754,97157471.49327001,104590230.01954003,98824696.95237748,110895443.51133001,100006667.61390752,101072557.08792251,104719011.14970751,98258823.40166003,96792390.12814504,102500711.18008253,97180413.99906254,104496342.54349002,104465996.97218254,95504505.61084503,99407127.221825,107206272.92884251,105908596.06377503,103316548.20414501,97552009.25776501,102847785.91476502,97493134.07161999,100832172.68829754,98273199.76836252,101152924.16607502,106395087.44107999,100605842.67284755,97568546.74166004,107815746.72232251,109361926.07878003,100332500.83510754,99831830.8745175,100002365.25457501,105800276.71599501,108080078.797765
2021-03-23,101363886.50849248,98588592.11388502,107207400.16170502,98771886.10688752,98062075.93449001,104673361.82370503,101691071.09511499,98674414.18294501,98914583.55463502,102483514.770825,106934140.74543999,108292675.05002251,97683798.50983253,96280149.97786501,107326309.7471475,97569859.97526753,95133713.35776754,95886471.49327001,103214230.01954003,97907696.95237748,110371443.51133001,99970667.61390752,100357557.08792251,103921011.14970751,97788823.40166003,96806390.12814504,101985711.18008253,96433413.99906254,102854342.54349002,104752996.97218254,95150505.61084503,98503127.221825,106302272.92884251,105221596.06377503,102988548.20414501,96980009.25776501,102127785.91476502,96694134.07161999,99308172.68829754,97182199.76836252,100133924.16607502,106101087.44107999,100494842.67284755,96440546.74166004,107719746.72232251,108475926.07878003,99301500.83510754,98781830.8745175,98749365.25457501,106011276.71599501,106588078.797765
2021-03-24,99691886.50849248,96998592.11388502,105246400.16170502,97090886.10688752,95256075.93449001,101852361.82370503,99024071.09511499,95827414.18294501,97210583.55463502,100027514.770825,104549140.74543999,105913675.05002251,96196798.50983253,94209149.97786501,105877309.7471475,94716859.97526753,92651713.35776754,93434471.49327001,100485230.01954003,96237696.95237748,107520443.51133001,98268667.61390752,97659557.08792251,102007011.14970751,95425823.40166003,94691390.12814504,99499711.18008253,94070413.99906254,99452342.54349002,102788996.97218254,92147505.61084503,95662127.221825,103967272.92884251,103248596.06377503,100339548.20414501,93983009.25776501,99716785.91476502,93943134.07161999,97107172.68829754,95021199.76836252,97744924.16607502,104734087.44107999,98559842.67284755,93472546.74166004,104953746.72232251,104974926.07878003,97302500.83510754,96612830.8745175,95842365.25457501,104480276.71599501,104054078.797765
2021-03-25,99352660.82849248,97020592.11388502,104650400.16170502,96485886.10688752,94431075.93449001,101180666.62370503,98800375.89511499,94638414.18294501,97032583.55463502,99386533.34582499,103134140.74543999,105199675.05002251,96689798.50983253,93681149.97786501,106198309.7471475,94312164.77526753,92197713.35776754,93081245.81327,100304126.25954004,96149148.07737748,106542748.31133,99404667.61390752,96976861.88792251,101790011.14970751,94376823.40166003,94271390.12814504,98853711.18008253,93368413.99906254,99529100.59349002,103480996.97218254,91599505.61084503,94627127.221825,103369272.92884251,102753596.06377503,99961548.20414501,93571009.25776501,99428785.91476502,92968134.07161999,96673172.68829754,94308199.76836252,97687924.16607502,105829843.36607999,98297842.67284755,92974546.74166004,104176746.72232251,104886291.83878002,96650500.83510754,96068830.8745175,95805365.25457501,104859276.71599501,104227078.797765
2021-03-26,98982660.82849248,96034592.11388502,105006400.16170502,95691699.25562751,93642818.77699001,101322666.62370503,98726375.89511499,93407774.39168501,96564583.55463502,98822533.34582499,102553687.80544,104931222.11002252,96910798.50983253,92889149.97786501,106931309.7471475,94306164.77526753,91846713.35776754,93961245.81327,99695427.84770504,96141148.07737748,105985863.75383002,99926667.61390752,97788604.73042251,101277011.14970751,93977072.05369753,95135390.12814504,98712354.77864254,92743824.29406253,99221100.59349002,104042996.97218254,91965505.61084503,94432940.370565,103773272.92884251,102123199.08377503,99195109.82414502,94280009.25776501,100162785.91476502,92638134.07161999,96131172.68829754,94110320.53526253,97482924.16607502,106781843.36607999,98924655.82158755,93675546.74166004,104993308.34232251,104281291.83878002,96138500.83510754,95625573.7170175,95104926.87457502,106006276.71599501,103997461.397765
2021-03-29,100570847.14849249,98345305.468885,106727211.02620502,97568668.42862752,95463449.54449001,103569053.66370504,100984898.717615,95978190.84968501,98024583.55463502,100514262.288325,104784676.16544,106283951.05252251,100244798.50983253,94818149.97786501,109275309.7471475,95754657.27526753,93861713.35776754,95264792.94927001,101455843.10570502,98054441.36187749,108082005.04683001,103135667.61390752,100312898.01492251,103121011.14970751,97395280.70569754,98035390.12814504,102249715.00364253,94233430.16906253,101183587.59199002,107003996.97218254,94181505.61084503,97511042.764565,106060754.86384252,104468340.37677503,100690471.24914502,96366009.25776501,103828785.91476502,94039134.07161999,98384172.68829754,95223869.49776253,100464924.16607502,109755843.36607999,101825655.82158755,96059546.74166004,108695723.60032251,107904921.62578002,97585500.83510754,97341384.8120175,97142113.19457501,110646952.53599502,105499777.195765
2021-03-30,101625847.14849249,98947305.468885,107943211.02620502,98521668.42862752,96930449.54449001,105850053.66370504,102421898.717615,97627190.84968501,99718583.55463502,101763262.288325,105395676.16544,106833951.05252251,102342798.50983253,95437149.97786501,111271309.7471475,96531657.27526753,94906713.35776754,97522792.94927001,102187843.10570502,99284441.36187749,108900005.04683001,105308667.61390752,101736898.01492251,103915011.14970751,99549280.70569754,100124390.12814504,105106715.00364253,94994430.16906253,102946587.59199002,109192996.97218254,96213505.61084503,99991042.764565,107927754.86384252,106209340.37677503,101659471.24914502,98077009.25776501,107322785.91476502,95287134.07161999,99117172.68829754,95932869.49776253,101961924.16607502,112379843.36607999,104568655.82158755,97794546.74166004,111089723.60032251,109876921.62578002,98668500.83510754,98381384.8120175,98551113.19457501,113919952.53599502,107527777.195765
2021-03-31,102442847.14849249,99209305.468885,108476211.02620502,98298151.22712752,96928449.54449001,105775053.66370504,103588898.717615,98449851.85468501,99849583.55463502,101883262.288325,105254574.81294,108531951.05252251,102803798.50983253,95403149.97786501,111501309.7471475,96515657.27526753,94631713.35776754,99260792.94927001,103091579.15570503,100268441.36187749,108943702.37433001,106594667.61390752,104195898.01492251,104600011.14970751,100710956.71969754,101359390.12814504,106186715.00364253,95526017.92906253,103773587.59199002,109659996.97218254,96823505.61084503,101254606.109565,110817859.3358425,106827340.37677503,101781471.24914502,100303009.25776501,109039785.91476502,95403134.07161999,98927172.68829754,96869921.73376253,102564924.16607502,112681887.80207999,106180575.78258754,99110546.74166004,114126723.60032251,109121921.62578002,98578500.83510754,98576384.8120175,98748113.19457501,115229088.22599502,107581777.195765
2021-04-01,103826847.14849249,100944305.468885,110825211.02620502,100151151.22712752,99281301.16199002,107351053.66370504,105289898.717615,99670851.85468501,102079583.55463502,104158262.288325,107294574.81294,110885951.05252251,103443798.50983253,97338149.97786501,112233309.7471475,98909657.27526753,96942713.35776754,101693792.94927001,105444579.15570503,101291441.36187749,110841702.37433001,107416667.61390752,106414403.32692252,106781011.14970751,102255956.71969754,102939390.12814504,108442715.00364253,97449017.92906253,106330587.59199002,110768996.97218254,98226505.61084503,103286606.109565,113697859.3358425,108419340.37677503,104382471.24914502,102934009.25776501,110680785.91476502,97987134.07161999,101633172.68829754,98695921.73376253,104271924.16607502,112775729.01657999,107276575.78258754,101506546.74166004,115485723.60032251,111496921.62578002,101013500.83510754,99963384.8120175,100682113.19457501,116676088.22599502,110148777.195765
2021-04-02,104549847.14849249,101298305.468885,112258211.02620502,100843151.22712752,99634301.16199002,108472053.66370504,106153898.717615,101389851.85468501,102974583.55463502,104384262.288325,108749574.81294,111231951.05252251,104582798.50983253,98302149.97786501,113298309.7471475,99426657.27526753,97555713.35776754,102165792.94927001,105981579.15570503,102356441.36187749,111896702.37433001,108149667.61390752,107280403.32692252,106920011.14970751,102926956.71969754,103771390.12814504,109107715.00364253,98966017.92906253,107123587.59199002,111852996.97218254,99530505.61084503,104300606.109565,114575859.3358425,109845340.37677503,105006471.24914502,103332009.25776501,111913785.91476502,98541134.07161999,102596172.68829754,99255921.73376253,104823924.16607502,113229729.01657999,108388575.78258754,101869546.74166004,116190723.60032251,112334921.62578002,101352500.83510754,100934384.8120175,101403113.19457501,117868088.22599502,111074777.195765
2021-04-05,106186847.14849249,102142305.468885,113575211.02620502,100902151.22712752,99815301.16199002,109820053.66370504,107643898.717615,103010851.85468501,103714583.55463502,104188262.288325,109237574.81294,111773951.05252251,105467798.50983253,98257149.97786501,114065309.7471475,100365657.27526753,97921713.35776754,100958792.94927001,106429579.15570503,103359441.36187749,112446702.37433001,108797667.61390752,106193403.32692252,107086011.14970751,101611956.71969754,103175390.12814504,108210715.00364253,99760017.92906253,108693587.59199002,112846996.97218254,99916505.61084503,103257606.109565,113895859.3358425,110051340.37677503,106533471.24914502,101810009.25776501,111268785.91476502,98808134.07161999,103672172.68829754,99871921.73376253,104962924.16607502,114089729.01657999,107275575.78258754,99968546.74166004,115675723.60032251,113188921.62578002,101784500.83510754,101069384.8120175,103097113.19457501,116457088.22599502,111537777.195765
2021-04-06,106562847.14849249,103182305.468885,114317211.02620502,101511151.22712752,100116301.16199002,110670053.66370504,108438898.717615,103645851.85468501,103989583.55463502,105139262.288325,109419574.81294,111758951.05252251,105177798.50983253,98509149.97786501,113542309.7471475,101224657.27526753,98460713.35776754,102175812.45127001,107622579.15570503,104029441.36187749,111945702.37433001,108983667.61390752,106613528.28892252,107664011.14970751,101898761.90669753,103325577.12914504,109586468.74664254,99333017.92906253,109784587.59199002,112982996.97218254,100622505.61084503,103366379.86456501,113875091.05834252,110267340.37677503,106603471.24914502,101878057.57776502,111092168.92726502,99213134.07161999,104225172.68829754,101251921.73376253,105575924.16607502,113807729.01657999,106751624.10258755,99286962.08066005,116611174.76332252,113092921.62578002,102053500.83510754,101372384.8120175,103646113.19457501,115405882.59299502,111844777.195765
2021-04-07,106312847.14849249,104656305.468885,114822211.02620502,102406151.22712752,102408301.16199002,111854053.66370504,109352898.717615,104403851.85468501,105042583.55463502,106879262.288325,110346574.81294,111987951.05252251,105238798.50983253,99938149.97786501,113603309.7471475,102121657.27526753,100047713.35776754,103316812.45127001,108054579.15570503,104474441.36187749,113259702.37433001,108573667.61390752,106852528.28892252,109121011.14970751,103161761.90669753,104136577.12914504,111649468.74664254,100061017.92906253,111279587.59199002,113059996.97218254,101976505.61084503,105247379.86456501,114442091.05834252,111908340.37677503,107446471.24914502,103226057.57776502,112081168.92726502,100614134.07161999,105478172.68829754,102417921.73376253,106423924.16607502,114117729.01657999,107572624.10258755,99871962.08066005,117690174.76332252,114228921.62578002,102438500.83510754,103604384.8120175,104458113.19457501,115534882.59299502,112388777.195765
2021-04-08,105979233.48799248,104995305.468885,114816211.02620502,103071151.22712752,102912301.16199002,113060053.66370504,110108898.717615,104632851.85468501,104709583.55463502,106613262.288325,110460574.81294,112020951.05252251,105533758.19883254,100164149.97786501,113283535.5471475,101957657.27526753,100858713.35776754,102934812.45127001,107673579.15570503,104615441.36187749,112933702.37433001,107998245.87490752,106753528.28892252,110255011.14970751,103943761.90669753,104571577.12914504,112057468.74664254,99827017.92906253,111423587.59199002,112632962.91168255,103309505.61084503,105310379.86456501,113607091.05834252,111596340.37677503,107119471.24914502,103166057.57776502,112305168.92726502,100485134.07161999,105716172.68829754,102418921.73376253,106547924.16607502,114172945.41057998,107600441.55558755,99955962.08066005,118620174.76332252,114725921.62578002,102610500.83510754,105012384.8120175,103595271.50057502,115752419.88049501,112211777.195765
2021-04-09,106384233.48799248,104423305.468885,115603211.02620502,102628151.22712752,103143301.16199002,114820053.66370504,111368898.717615,106031851.85468501,104983583.55463502,106785262.288325,110385574.81294,111861951.05252251,106598758.19883254,100312149.97786501,114013535.5471475,102142657.27526753,100399713.35776754,103491812.45127001,107870579.15570503,104562441.36187749,113552702.37433001,109483245.87490752,107003528.28892252,110111011.14970751,105211761.90669753,105019577.12914504,112911468.74664254,100231017.92906253,111748587.59199002,113101962.91168255,104484505.61084503,107001379.86456501,113718091.05834252,112210340.37677503,107662471.24914502,103027057.57776502,114177168.92726502,101044134.07161999,106400172.68829754,102540921.73376253,106740924.16607502,114528945.41057998,107689441.55558755,100021962.08066005,119173174.76332252,115361921.62578002,103148500.83510754,104983384.8120175,104299271.50057502,116130419.88049501,112720777.195765
2021-04-12,107850233.48799248,106027305.468885,118067211.02620502,104770151.22712752,104715301.16199002,118815053.66370504,113878898.717615,108958851.85468501,106694583.55463502,107764262.288325,113445574.81294,112251951.05252251,108499758.19883254,101810149.97786501,117590535.5471475,104193657.27526753,102040713.35776754,103971812.45127001,109514579.15570503,107713441.36187749,115369702.37433001,111439245.87490752,109730528.28892252,110777011.14970751,107453761.90669753,107362577.12914504,113701468.74664254,102290185.74406254,113513587.59199002,115083962.91168255,106534505.61084503,109561379.86456501,115385091.05834252,114529340.37677503,109111471.24914502,105302057.57776502,117472168.92726502,102366134.07161999,109338172.68829754,103245921.73376253,109866924.16607502,117046945.41057998,110138441.55558755,101120962.08066005,121391174.76332252,118107921.62578002,104349500.83510754,107094384.8120175,106704271.50057502,117888419.88049501,114630777.195765
2021-04-13,106948233.48799248,104004305.468885,116403211.02620502,103325151.22712752,102917301.16199002,117871053.66370504,111984898.717615,108008851.85468501,105907583.55463502,104988262.288325,112446574.81294,109770951.05252251,106775758.19883254,100736149.97786501,117310535.5471475,103386657.27526753,99217713.35776754,102477812.45127001,107603579.15570503,105562946.12187748,113762702.37433001,109386245.87490752,109092528.28892252,108545011.14970751,106311761.90669753,107195365.15864503,112065468.74664254,101521185.74406254,111098587.59199002,113661962.91168255,104316505.61084503,108320379.86456501,113553091.05834252,113445340.37677503,106958471.24914502,102862539.12276502,116715168.92726502,100054134.07161999,107414172.68829754,100867921.73376253,106948470.75007503,115497945.41057998,108930441.55558755,98978022.17366004,119388174.76332252,115211921.62578002,102472802.60260753,105300384.8120175,104413271.50057502,115987638.34692502,112726541.511765
2021-04-14,107660233.48799248,105123535.27138501,117917211.02620502,103465151.22712752,103265301.16199002,120520053.66370504,114372898.717615,110048061.27168502,106679583.55463502,105082262.288325,114885104.42544,110519951.05252251,107569758.19883254,101923149.97786501,118751535.5471475,104085657.27526753,100320442.15776753,103507694.56227002,108967366.54770502,106569380.44637749,113479702.37433001,110952316.88190752,111369528.28892252,109434011.14970751,107633761.90669753,109520365.15864503,113507468.74664254,102203770.48563755,112966587.59199002,115750962.91168255,106046505.61084503,109728379.86456501,114477091.05834252,114954560.77327503,107980824.92664501,103275539.12276502,117865027.97776502,100757134.07161999,107781172.68829754,101649921.73376253,107548470.75007503,116990945.41057998,110384441.55558755,98494022.17366004,121136174.76332252,115596921.62578002,103241802.60260753,106286384.8120175,105504271.50057502,117041484.47661252,112470541.511765
2021-04-15,107209233.48799248,103657535.27138501,117737211.02620502,101725318.47112752,101494518.43599002,120939053.66370504,115505898.717615,110476061.27168502,105650583.55463502,104104262.288325,115035104.42544,108968951.05252251,107770758.19883254,101588149.97786501,118640535.5471475,102997657.27526753,99266442.15776753,102892694.56227002,108406366.54770502,105446380.44637749,111841702.37433001,111702316.88190752,111760528.28892252,107587011.14970751,107866761.90669753,109881365.15864503,112734468.74664254,101074916.78163753,111791587.59199002,116439962.91168255,105497505.61084503,109333379.86456501,113208091.05834252,114188560.77327503,107172824.92664501,102283474.247415,118595771.03376502,99910134.07161999,106496172.68829754,99831921.73376253,106121470.75007503,116294945.41057998,109045441.55558755,96849022.17366004,121210174.76332252,113824921.62578002,102439802.60260753,105634384.8120175,104617271.50057502,116792133.47261253,110551541.511765
2021-04-16,107600233.48799248,102699535.27138501,117738211.02620502,100071622.31612752,100330518.43599002,121870053.66370504,115996898.717615,110482719.63918501,104678583.55463502,102379262.288325,113613104.42544,108222951.05252251,106888758.19883254,100129149.97786501,117245535.5471475,102591657.27526753,97443442.15776753,102952694.56227002,105996510.07063502,103609768.15900248,111142930.36133,111201956.30790752,110167528.28892252,106605650.57570751,108633944.37919754,110402480.53548753,111600379.03614254,99178057.98086254,110760587.59199002,115120962.91168255,104922957.48934503,108460233.40606502,112178753.43334252,111394893.91706003,106925824.92664501,99729134.05241501,119079771.03376502,98895378.15912,105367172.68829754,98920639.45376253,103935982.57566002,115334020.53502998,106668552.34583254,95767223.22173005,121022174.76332252,112328902.86878002,100866352.07810754,104437384.8120175,103075271.50057502,114942133.47261253,109095227.06163001
2021-04-19,109802233.48799248,103394405.501385,120152211.02620502,100490319.40612753,101947001.94899002,122893303.27420503,116455372.46311499,110538030.63818502,106397708.56263502,103612330.54032499,112999104.42544,109820951.05252251,108257472.88883254,100572135.31636502,117702748.26964751,103652657.27526753,99702940.53676754,104491338.29677,108350512.09263502,104738133.70250249,113497680.91833001,111382745.11840752,110349073.19142252,107069154.7207075,108017944.37919754,110696511.44198754,110589449.28014255,99460998.55386254,113189045.80449001,115671691.31168254,105778513.33484504,108926588.95056501,114041152.99034251,112586303.89206003,109520824.92664501,100701200.60941501,120394771.03376502,101160378.15912,106311240.94029753,99246836.73426253,104313366.68966003,117865767.34852998,107093096.19983254,96670897.33423004,121648130.78882252,114403719.99928002,101695825.47060753,106449767.1665175,103334990.49057502,115900790.01495253,110632510.67313
2021-04-20,110378130.93999249,104491383.60138501,119979211.02620502,99554025.43812752,102217001.94899002,123791303.27420503,117112552.243615,111320581.11818503,106662708.56263502,102582330.54032499,112720138.07244,109757951.05252251,108154461.39033253,100122018.63386501,117123158.1021475,102890657.27526753,99669940.53676754,103941338.29677,107800512.09263502,104665195.54750249,113788680.91833001,111368745.11840752,109458164.14692253,106428154.7207075,108817944.37919754,110949511.44198754,111425449.28014255,99025389.43636253,112478045.80449001,116153123.75918254,106311513.33484504,109277442.73922502,114302152.99034251,111764011.64256002,109763824.92664501,100212200.60941501,121219771.03376502,100684378.15912,105053240.94029753,99074836.73426253,104505366.68966003,117575801.17853,105240273.85483254,96433897.33423004,123549130.78882252,113997719.99928002,102224825.47060753,105182290.3805175,102307990.49057502,116060277.00595254,109434510.67313
2021-04-22,106769130.93999249,101290383.60138501,114890353.20306501,95414658.30211502,98045727.57010002,119383303.27420503,112782552.243615,107448213.98217252,103001708.56263502,97591330.54032499,108404138.07244,104195951.05252251,103441461.39033253,96246479.30198753,113365158.1021475,99142657.27526753,95734977.03239255,99598338.29677,102561512.09263502,100319307.94648997,108948012.98528501,106783593.36217251,105100041.49692252,101533002.9644725,105312944.37919754,107388414.32616253,107005727.57276005,94918055.61240754,107173045.80449001,112056123.75918254,102300614.52802503,105128580.39528751,108993152.99034251,106465011.64256002,104478040.392295,95927200.60941501,116454771.03376502,95251645.72778249,100650240.94029753,93819836.73426253,99984182.10028252,113027801.17853,99766773.35696505,92266333.75654253,118385230.62519751,107646326.13567501,98094507.67662004,101409290.3805175,97845643.80622502,111510328.09982753,104164314.877945
2021-04-23,108861836.90399249,100417125.97638501,116504524.76006502,95008651.70894003,100823197.46610002,121149410.47460504,113619122.482615,108550624.85967252,106595613.70363502,98472555.81108749,109876994.84694001,104749470.45528501,105361211.29183254,97368317.49898753,115917632.13064751,100202411.89126754,95652847.15739253,101833581.09677,103800373.25963503,100993747.61598998,110619322.96957251,107014756.84419751,106562522.43202752,103251129.20847252,105364433.73477753,108422214.81306255,108386309.79566005,96759680.95424753,108330294.54099002,114302207.37468255,103179517.03702503,106660982.89778751,110437724.62484252,108523462.50806004,106727810.38779502,97030782.18974002,117032340.10176502,98240136.3752825,100781459.32629752,94251820.23673753,100485018.86028253,114642411.08552998,99842479.85646504,93112443.61985254,118735991.90469751,108796308.63317502,100417614.62162003,102697843.7685175,98621362.68820003,114319161.98160252,105441803.74694501
2021-04-26,109540836.90399249,98929190.347385,117052926.62356502,93162852.20122004,98680583.30610003,119990493.63310504,111386894.255115,105636292.88867253,105443613.70363502,96110783.9885875,109144550.89694001,102909001.78828502,104047047.92986754,95582650.68227753,115246295.13864751,99381091.01576753,94079526.70139253,100910938.12777,101620336.25363505,100465887.13349,110350183.56022753,104874274.20369752,106253086.97452751,101340219.28047252,104488539.22627753,106524239.24606255,104689887.45716006,93980196.17974754,107681503.49399003,111547183.35268255,100381982.70383003,104056553.03941251,109553440.06284252,106840605.41556004,106118484.60179502,94631392.67289501,113927536.66426502,96186104.3722825,99024935.15229753,94206314.74873754,99701487.64328253,113675572.29802999,97701760.77346504,92111352.68835254,115961106.29019752,108414413.93467502,99821614.62162003,100748843.7685175,97472055.52020003,114634365.51665503,102385543.51644501
2021-04-27,109663346.42399248,98841501.936385,118338166.17656502,92651597.70722005,98083384.26610002,119494239.30310504,111573877.823615,103522196.49667253,105244180.20663503,96063394.8995875,108890913.80694,102648371.48978502,103848745.98986754,96275199.85177752,116887295.13864751,99224211.59726754,94087800.53389254,101381938.12777,101235449.07299006,101339621.29099,109589792.03372753,105200166.47069752,107019046.76552752,102335662.04847252,104179300.52777754,106063925.54856254,103184648.35866006,94303923.60424754,109087128.97399002,112015450.49808255,99758323.98783004,103266720.90341252,110014104.97584252,106859413.96372002,105144169.51779503,94833088.00639501,111816259.98926502,96181715.9607825,100556604.53829753,94409781.33873755,99737366.27878252,114842809.24252999,96343425.67896505,92374539.73235254,114227950.1506975,107176911.36167502,99483232.95262003,101711613.6820175,99987226.14770003,114072365.51665503,102333123.43894501
2021-04-28,110984346.42399248,100383709.29088502,119874166.17656502,93940801.53772004,98848466.42760003,121937239.30310504,112770877.823615,104318625.12667252,106348415.35663503,97706190.7745875,109692227.50044,103270121.00478502,103726460.46986754,97668199.85177752,119032295.13864751,100211658.00726753,94915792.24439254,103008938.12777,102107497.56799006,102533621.29099,110328792.03372753,106605166.47069752,109316046.76552752,104399662.04847252,105507300.52777754,107550925.54856254,104345540.81216004,95091923.60424754,111272128.97399002,112663172.24058254,100265817.74587505,104070008.48341252,110901206.94634253,108729648.51372004,105684303.11229502,95189730.84639502,111402895.65926503,96559749.0182325,102064604.53829753,95825781.33873755,100097891.60278252,116343809.24252999,96180102.54046504,92998526.53235254,114533562.53769751,106617355.03317502,100009798.30062003,103078613.6820175,101309226.14770003,114874636.38915503,103289714.292945
2021-04-29,112592081.87399249,101777709.29088502,121434166.17656502,95122728.10772005,100857466.42760003,124480421.42310505,114050877.823615,104236380.58867252,108943276.38013503,98977577.2145875,111590770.44544001,103498300.03414501,104327624.97786754,98204199.85177752,121224295.13864751,102261934.38126753,96511792.24439254,105341938.12777,103440070.72499005,103725621.29099,110876792.03372753,107887166.47069752,110673046.76552752,104817662.04847252,107431576.90177754,109563937.36356255,105175540.81216004,96369923.60424754,112262128.97399002,113801172.24058254,100500833.36387505,105537949.05641252,111801650.43134253,110198648.51372004,106785303.11229502,95985348.02439502,112248923.08326502,97775486.16673249,102720604.53829753,97310767.53873754,101326112.34378253,118695733.81138998,96205480.17446505,93806526.53235254,113312168.92655751,107240420.68117502,101679764.49762003,104809613.6820175,102557226.14770003,116845779.69415502,103812362.097945
2021-05-04,114580115.70399249,101107257.63588502,123191635.81406502,94454728.10772005,101482466.42760003,123958510.51810504,115225877.823615,103063419.57867253,108568276.38013503,98684577.2145875,112038770.44544001,103202904.60314502,105089624.97786754,97251199.85177752,123331295.13864751,102983461.60676754,95515792.24439254,104694001.08376001,103915070.72499005,104223621.29099,110966792.03372753,108655777.35432252,111939565.28652751,104333676.19347252,108567055.69427754,110103989.60471755,104230620.70455755,96356923.60424754,112963128.97399002,114587521.29058254,100973444.24750005,105875949.05641252,112217650.43134253,110041648.51372004,107548303.11229502,96934348.02439502,112041808.34688753,99255486.16673249,101875667.49428754,97833649.77423754,101999112.34378253,118133791.26934248,95521091.05809005,92934526.53235254,113133345.7960575,107307305.94479753,101085764.49762003,103902613.6820175,102631226.14770003,117892021.07915503,102742451.192945
2021-05-05,115684115.70399249,102606257.63588502,125197635.81406502,97847728.10772005,103231466.42760003,124776731.25910504,117787877.823615,104324934.60017252,110839276.38013503,101018918.11658749,114023770.44544001,104262904.60314502,105761624.97786754,99394569.83377752,125353088.31364751,105294461.60676754,96155792.24439254,107743221.82476,105724070.72499005,106355621.29099,112056792.03372753,110337946.86182252,113710197.06402752,106577065.63347252,109573457.33377753,112042523.13471755,106977505.65355755,98340923.60424754,113781128.97399002,115633420.03608254,102188041.41350004,107787949.05641252,114280650.43134253,112492280.29122002,109186336.92979503,98564348.02439502,113136392.50688753,99619486.16673249,103506344.50528754,98877649.77423754,103281112.34378253,119699874.52934249,97206807.39959005,94449526.53235254,115756345.7960575,108390041.79979753,104015200.35512003,106219613.6820175,104187226.14770003,119163021.07915503,103896806.913445
2021-05-06,116170115.70399249,102868257.63588502,126315635.81406502,97578728.10772005,103368466.42760003,124882731.25910504,117951877.823615,103594934.60017252,110896276.38013503,101212918.11658749,113985770.44544001,103449904.60314502,105792252.01582754,99017569.83377752,127161088.31364751,106357461.60676754,96164792.24439254,106921221.82476,105783070.72499005,105856621.29099,111652792.03372753,110408946.86182252,113476197.06402752,107220065.63347252,109794457.33377753,112637523.13471755,106363505.65355755,98139923.60424754,114265128.97399002,114998420.03608254,102389041.41350004,108264949.05641252,114162650.43134253,112541280.29122002,108663336.92979503,98928348.02439502,112019392.50688753,98715486.16673249,104010344.50528754,99162649.77423754,103058739.38174252,120509874.52934249,96833807.39959005,94720526.53235254,116304345.7960575,107188885.53731503,102809200.35512003,105685613.6820175,104235226.14770003,119075021.07915503,103709650.6509625
2021-05-07,116509115.70399249,101429950.91828,126700635.81406502,95576728.10772005,104091466.42760003,124841731.25910504,117674877.823615,103225243.28490253,110641276.38013503,101209918.11658749,113737770.44544001,101794358.954885,105808587.23282754,97985618.95875251,127451088.31364751,105123461.60676754,96051792.24439254,106473221.82476,105306070.72499005,105474621.29099,110871792.03372753,110103401.21356252,113024197.06402752,105806054.67632751,109374457.33377753,111677523.13471755,105941505.65355755,97646923.60424754,114190128.97399002,115701420.03608254,102228041.41350004,106766949.05641252,113890650.43134253,111954280.29122002,108638791.28153501,98746535.92610751,111366422.58391753,98910560.0542325,104148344.50528754,98538995.32334504,102978761.21897753,119697567.8117375,95892807.39959005,94703526.53235254,113619666.346055,106183976.20031503,101492200.35512003,104765613.6820175,104169226.14770003,118329329.76388502,102921150.0802775
2021-05-10,117306115.70399249,101030910.90328002,129378378.71306503,95442718.64318255,105469466.42760003,124618607.52890503,119689868.6898275,104512378.97490253,112033276.38013503,101902918.11658749,114794401.59544,101932329.34288502,107646587.23282754,98019360.31625253,128764088.31364751,105042461.60676754,96662792.24439254,106777221.82476,106151858.76799005,106837934.01754498,111589423.18372753,112051724.91306251,114781197.06402752,105979190.36632752,109894457.33377753,111450523.13471755,108110505.65355755,99138914.13971004,114607119.84020253,118780420.03608254,103668041.41350004,107665949.05641252,115420141.49734253,114582280.29122002,110303350.42653503,99848040.60710752,112801106.80391753,100373057.7292325,104851344.50528754,99364602.54434504,102979747.41897753,119500516.5592925,96810807.39959005,95437558.91935253,114303074.82513,106809976.20031503,103105200.35512003,105359309.4255175,106096226.14770003,119727842.95409752,103995853.0107775
2021-05-11,116388476.98899248,101212573.56828001,128455312.34306502,95921372.14368254,105423466.42760003,124797604.43640505,119014698.95532751,104757378.97490253,112186276.38013503,102210918.11658749,114841401.59544,102441500.58388501,107154587.23282754,98431360.31625253,128716791.20564751,105658461.60676754,96293792.24439254,106724614.32776001,105802858.76799005,106401914.014545,111743441.47372752,111557140.63106252,114795197.06402752,105571891.25532752,109711910.57427754,112179454.76171754,108126505.65355755,99322174.90471004,113885253.73020253,117488420.03608254,103763477.53950004,108511949.05641252,115959019.37605253,114205280.29122002,110194350.42653503,99458040.60710752,112149106.80391753,100113057.7292325,104375564.80178754,98593414.77834505,102115920.45997752,119929003.0592925,96997807.39959005,95177558.91935253,114937159.28513001,106944994.49031502,103148770.40112004,105584292.9840175,106271162.77770004,119306866.07659753,104638853.0107775
2021-05-12,119022620.33599249,103696573.56828001,130236312.34306502,97937372.14368254,107776466.42760003,127431068.35417004,120815112.4133275,107831964.76890253,113847276.38013503,104655918.11658749,117307401.59544,104959500.58388501,109515980.51282755,99682360.31625253,132473791.20564751,108307461.60676754,98346792.24439254,109027078.245525,108068602.95333506,108301914.014545,114603121.34172752,113132140.63106252,116596197.06402752,108059891.25532752,110583910.57427754,114852454.76171754,110269505.65355755,101033174.90471004,116011136.88038753,118919378.79924254,105191477.53950004,110188949.05641252,118108019.37605253,116655280.29122002,112232721.41003501,101717040.60710752,112847131.42323753,101549343.3432325,105555564.80178754,100183268.73134504,103841828.19274253,122420003.0592925,98042966.72959004,96732558.91935253,117413183.90445,109339802.64531504,105476770.40112004,107800808.4890175,107982162.77770004,123209866.07659753,107087853.0107775
2021-05-13,119735620.33599249,103946573.56828001,128754312.34306502,97405372.14368254,107335466.42760003,127247172.12467004,119135112.4133275,108140964.76890253,114050276.38013503,104824918.11658749,116744401.59544,103636500.58388501,109205980.51282755,98933360.31625253,132432791.20564751,109398461.60676754,98989792.24439254,107967863.12552501,106706657.99533506,107704914.014545,114586943.04272753,112298140.63106252,117284197.06402752,107010891.25532752,110333910.57427754,114608454.76171754,110303505.65355755,101566174.90471004,116867136.88038753,119643201.90324254,104059477.53950004,109816949.05641252,117531841.88005252,117654280.29122002,111530721.41003501,101731040.60710752,112814083.30373752,102442343.3432325,105072564.80178754,100142268.73134504,104337180.21174252,123430003.0592925,98468727.19459005,97036558.91935253,116646455.97695,108684802.64531504,105128770.40112004,107105785.7815175,106685162.77770004,122596866.07659753,106819853.0107775
2021-05-14,121536620.33599249,105123573.56828001,128298312.34306502,98753372.14368254,108153466.42760003,128334172.12467004,118615112.4133275,108728964.76890253,114945276.38013503,106803918.11658749,117362401.59544,103335500.58388501,108422980.51282755,98753453.57892002,132414791.20564751,110559461.60676754,100060792.24439254,107997863.12552501,106831657.99533506,108059914.014545,114663943.04272753,113002233.89373001,118156197.06402752,106706891.25532752,110827910.57427754,115823454.76171754,111405505.65355755,102707174.90471004,117659638.49088752,121024201.90324254,103363477.53950004,109963949.05641252,117407841.88005252,119323280.29122002,111702721.41003501,101672040.60710752,113173083.30373752,103820343.3432325,105981422.21251005,101649268.73134504,106279180.21174252,125421003.0592925,99507727.19459005,98982558.91935253,116318455.97695,108674802.64531504,105957770.40112004,107679785.7815175,106474162.77770004,122848866.07659753,107247853.0107775
2021-05-17,121741620.33599249,104791231.94330502,127284097.21556503,98332787.22354755,107527466.42760003,127134172.12467004,118141112.4133275,108672964.76890253,114516276.38013503,106638918.11658749,116087401.59544,102387500.58388501,107886980.51282755,98999963.69092003,131570791.20564751,110282461.60676754,100452792.24439254,107349863.12552501,105436657.99533506,108109285.025045,114211943.04272753,113773233.89373001,117737197.06402752,106260891.25532752,110037910.57427754,115254454.76171754,111009505.65355755,103022174.90471004,117430638.49088752,121400201.90324254,103512018.55050005,109986904.85211252,116837006.56755252,119559280.29122002,112060721.41003501,101028040.60710752,112557083.30373752,104537343.3432325,104926772.51851004,101102277.24602003,105127180.21174252,125907003.0592925,99282727.19459005,99937558.91935253,116923455.97695,108239758.44101503,104530770.40112004,107357785.7815175,106462162.77770004,120647866.07659753,106500853.0107775
2021-05-18,123286620.33599249,104228647.20130502,128511097.21556503,97659522.67354755,107872466.42760003,128713863.82205254,119332112.4133275,110111964.76890253,115133985.56913503,107629415.38063,116709670.2216175,101954280.79788502,108378249.13900504,99427963.69092003,132959715.42564751,109405152.28826754,99653792.24439254,107360863.12552501,105877973.61299005,108532285.025045,114024943.04272753,113284101.32323001,119036197.06402752,106421891.25532752,109988172.98177753,114669268.30221754,112201505.65355755,103208174.90471004,118082022.41773753,122485201.90324254,104178018.55050005,109537433.97911252,116443023.28155252,121228280.29122002,112384721.41003501,101948040.60710752,111957610.97191502,104651343.3432325,105128772.51851004,101126898.54898004,105642180.21174252,125894003.0592925,98846727.19459005,100162558.91935253,117167455.97695,108589045.42101502,105401770.40112004,107874785.7815175,106159162.77770004,120414105.10659751,107598836.9207775
2021-05-19,126298620.33599249,105898297.089805,129010175.12156503,98050765.74060754,109104878.07360002,130708179.37555254,120643640.843435,110869964.76890253,116031527.55413502,109054951.31063,118140267.38761751,103511280.79788502,108726242.52300504,100017963.69092003,135138571.75064752,111208152.28826754,99713431.39339253,107495498.573025,107384299.31549005,109542285.025045,115024943.04272753,113591101.32323001,120950773.38002752,107415509.99532752,111149996.00427754,115883268.30221754,113275505.65355755,104089174.90471004,119748321.97173752,124656201.90324254,105422195.82650004,109978433.97911252,116626023.28155252,123273280.29122002,113148721.41003501,103398413.60010752,112774690.42891502,105993343.3432325,106010249.13701004,103335547.61148004,107197180.21174252,126358003.0592925,99624092.54709005,101499558.91935253,117390455.97695,109973045.42101502,106006770.40112004,108199785.7815175,107652162.77770004,121778582.54709752,109329836.9207775
2021-05-20,127439620.33599249,105942297.089805,128762049.86477752,97474042.01310754,108944878.07360002,130708179.37555254,121305724.10343501,111345964.76890253,115430527.55413502,108362951.31063,118676001.3915175,106217280.79788502,109006242.52300504,100550963.69092003,134922571.75064752,111527152.28826754,100367185.25389254,107758453.093225,106484536.13842006,110988285.025045,116311943.04272753,115209502.04073001,122278773.38002752,107496636.44735253,111904996.00427754,116973268.30221754,113395505.65355755,105711174.90471004,120788321.97173752,125303201.90324254,105583428.29807004,111643433.97911252,116203646.20175253,124935280.29122002,113756721.41003501,103422413.60010752,115137690.42891502,106325414.5882325,106838249.13701004,104484547.61148004,108474180.21174252,125693003.0592925,100555092.54709005,101139558.91935253,116307455.97695,109726045.42101502,106977988.80476004,109552785.7815175,109219162.77770004,121738582.54709752,111460194.8222775
2021-05-21,126908620.33599249,106168297.089805,129012921.69027752,98591697.64560755,109326878.07360002,131670179.37555254,121353724.10343501,111859964.76890253,116230527.55413502,109614951.31063,118913048.82751751,106253280.79788502,110277242.52300504,101148388.58542003,135873571.75064752,111495152.28826754,100610185.25389254,108723502.43072501,107351097.50342005,110795285.025045,116685943.04272753,116300643.34773003,122552773.38002752,108660122.34735252,113487996.00427754,117616268.30221754,113729949.64955756,106057174.90471004,120014321.97173752,125678201.90324254,105315914.19807005,112649433.97911252,117054284.68344001,125419280.29122002,113676721.41003501,103761413.60010752,116442690.42891502,106273406.6867325,107689249.13701004,104999547.61148004,110104180.21174252,126878741.13979249,101833092.54709005,101704558.91935253,117145652.86195001,110445045.42101502,107381699.83976004,109478560.56801751,109150315.89070004,123340582.54709752,111874194.8222775
2021-05-24,127528620.33599249,106067297.089805,129620921.69027752,99192697.64560755,110541878.07360002,130767179.37555254,122908724.10343501,113286964.76890253,116822527.55413502,110347951.31063,119458048.82751751,107489280.79788502,112653242.52300504,103075388.58542003,137589571.75064752,112856152.28826754,102483185.25389254,110045502.43072501,107573097.50342005,112038285.025045,118887943.04272753,117361643.34773003,123396773.38002752,111776122.34735252,114642996.00427754,118809268.30221754,115199949.64955756,108063174.90471004,121181321.97173752,125900201.90324254,106989914.19807005,115462433.97911252,118608634.20094001,126571280.29122002,115152721.41003501,106028413.60010752,117234690.42891502,107859406.6867325,109766249.13701004,105141547.61148004,110683180.21174252,128170741.13979249,103731092.54709005,102222558.91935253,119476652.86195001,112419045.42101502,108110699.83976004,110125560.56801751,110671315.89070004,123282566.32459752,113934194.8222775
2021-05-25,129065620.33599249,106647887.34637502,131104921.69027752,100234697.64560755,112169878.07360002,131680179.37555254,125715724.10343501,114727964.76890253,117769527.55413502,111117951.31063,120322048.82751751,108889280.79788502,113848242.52300504,102841388.58542003,138874571.75064752,112751152.28826754,103494185.25389254,111300502.43072501,107861097.50342005,113204285.025045,119824943.04272753,118816643.34773003,124316773.38002752,112076122.34735252,114660996.00427754,118574268.30221754,116967949.64955756,108496174.90471004,123076321.97173752,128379201.90324254,108373914.19807005,115588433.97911252,119112634.20094001,128269280.29122002,116966721.41003501,108268413.60010752,117951690.42891502,109058406.6867325,110269249.13701004,106293547.61148004,111767180.21174252,128794741.13979249,104270092.54709005,103386558.91935253,120148652.86195001,113660045.42101502,109792699.83976004,111183560.56801751,113299315.89070004,124209566.32459752,115159194.8222775
2021-05-26,131298620.33599249,106967952.39437501,131908921.69027752,101761697.64560755,113219878.07360002,132751179.37555254,126077724.10343501,115810964.76890253,119121527.55413502,112092951.31063,122094048.82751751,110175280.79788502,115358242.52300504,102953388.58542003,140184571.75064752,113897152.28826754,104488185.25389254,112518502.43072501,108665097.50342005,113820285.025045,121698943.04272753,118510643.34773003,125057773.38002752,113444122.34735252,115221996.00427754,119534268.30221754,118555949.64955756,109000174.90471004,123784321.97173752,130748201.90324254,108214914.19807005,116590433.97911252,120028634.20094001,129070280.29122002,117660721.41003501,109144413.60010752,119281690.42891502,110642406.6867325,111117249.13701004,106714547.61148004,112977180.21174252,130068741.13979249,105695092.54709005,104603558.91935253,120182652.86195001,115489045.42101502,111054699.83976004,111356560.56801751,114530315.89070004,126665566.32459752,116616194.8222775
2021-05-27,129915620.33599249,105107952.39437501,129650921.69027752,100978697.64560755,112180878.07360002,132000733.50555255,124384724.10343501,114599964.76890253,118110527.55413502,111661951.31063,120909048.82751751,110055280.79788502,115775242.52300504,102648218.87742002,139409571.75064752,113277830.53226754,104938185.25389254,111879502.43072501,106689097.50342005,112575441.315045,121058943.04272753,116743643.34773003,123944150.40202752,113208122.34735252,114838996.00427754,119306112.19221756,116853949.64955756,107401174.90471004,122643702.19673753,130085201.90324254,107248472.33557004,116058433.97911252,120253634.20094001,127509280.29122002,116791666.68003502,110092413.60010752,118152690.42891502,109691406.6867325,109983249.13701004,104792547.61148004,112222180.21174252,129254345.2997925,105288092.54709005,104543558.91935253,119015083.56195001,115109045.42101502,109687699.83976004,109519560.56801751,113987315.89070004,125500566.32459752,116265814.2972775
2021-05-28,133697620.33599249,108471952.39437501,132213921.69027752,102833697.64560755,116143878.07360002,135357733.50555253,127229724.10343501,119356964.76890253,122037527.55413502,116012951.31063,123889048.82751751,110987280.79788502,119145242.52300504,103883218.87742002,143655571.75064752,116377830.53226754,107760185.25389254,114980502.43072501,108327617.95192006,115409441.315045,124402981.28272754,119432643.34773003,127049753.98102751,115309122.34735252,116582996.00427754,121795112.19221756,121485949.64955756,109863174.90471004,125695702.19673753,134029206.22074254,109302472.33557004,118649433.97911252,124228634.20094001,131794438.60322003,120356666.68003502,114375413.60010752,121777402.87391503,112278406.6867325,112011249.13701004,108198547.61148004,116503180.21174252,132652345.2997925,106976092.54709005,108297558.91935253,121455083.56195001,118489045.42101502,113254699.83976004,111730560.56801751,115900315.89070004,128311711.82459752,121067814.2972775
2021-05-31,137468620.3359925,110050952.39437501,135363921.69027752,104643697.64560755,119349878.07360002,139860733.50555253,132179724.10343501,123735964.76890253,124096527.55413502,118073951.31063,126850048.82751751,112954280.79788502,123070242.52300504,105068739.30715002,146681571.75064752,120165830.53226754,110434185.25389254,118020502.43072501,110708617.95192006,118198441.315045,128166981.28272754,122564643.34773003,130199753.98102751,116377122.34735252,118480996.00427754,123253112.19221756,127020949.64955756,112230174.90471004,128252702.19673753,138312206.22074255,111252472.33557004,121311433.97911252,127245634.20094001,137618438.60322005,125273666.68003502,118743413.60010752,124320402.87391503,114636406.6867325,113609249.13701004,111088547.61148004,118688180.21174252,134573345.2997925,109226092.54709005,110772558.91935253,122069083.56195001,122014045.42101502,117549699.83976004,114915560.56801751,118462315.89070004,129698711.82459752,125303814.2972775
2021-06-01,138030620.3359925,110074952.39437501,137731921.69027752,105184697.64560755,119321878.07360002,141562733.50555253,133628724.10343501,123237907.71940252,125250527.55413502,117434951.31063,127433742.4285175,113234280.79788502,123266242.52300504,105112904.41515002,145821571.75064752,121168830.53226754,110753185.25389254,117947502.43072501,111615617.95192006,118691441.315045,128136427.58872753,122129643.34773003,129842753.98102751,115976755.11185253,119769996.00427754,123179112.19221756,127074949.64955756,112784174.90471004,127669702.19673753,139642206.22074255,111727472.33557004,122159433.97911252,127271634.20094001,138474438.60322005,125853666.68003502,115981413.60010752,125922402.87391503,115246406.6867325,113600249.13701004,111360547.61148004,117687180.21174252,134386345.2997925,109806092.54709005,111211558.91935253,121836083.56195001,123142045.42101502,118568699.83976004,115765560.56801751,118544315.89070004,129923711.82459752,124291814.2972775
2021-06-02,138998620.3359925,112341952.39437501,138881921.69027752,106730697.64560755,122120940.70660003,145424733.50555253,134357724.103435,126658907.71940252,128962527.55413502,119920951.31063,130235742.4285175,114058134.910885,125483242.52300504,106914904.41515002,146372862.42614752,122424830.53226754,111608217.43689254,121607502.43072501,112421617.95192006,122070441.315045,130746427.58872753,124331316.62323003,130506753.98102751,115707755.11185253,121247996.00427754,124093534.84721756,131290582.36555755,114230519.31171004,129308702.19673753,140867206.22074255,112216472.33557004,123635433.97911252,130245634.20094001,139565438.60322005,129287666.68003502,117643368.17960753,129851402.87391503,117009406.6867325,114271249.13701004,113383547.61148004,120413859.71824253,138006345.2997925,111885092.54709005,113411015.11435254,123341083.56195001,124331045.42101502,121700699.83976004,118573560.56801751,120070315.89070004,131815711.82459752,126510814.2972775
2021-06-03,143151620.3359925,116122952.39437501,141963921.69027752,108788697.64560755,126891940.70660003,149190733.50555253,137188724.103435,129894907.71940252,134853527.55413502,124724951.31063,133712742.4285175,115960134.910885,130667242.52300504,109385904.41515002,151889862.42614752,127042830.53226754,114932217.43689254,124682502.43072501,113833617.95192006,125816441.315045,134910193.10852253,127770316.62323003,134336753.9810275,118463755.11185253,124160996.00427754,127837534.84721756,135642582.36555755,117131519.31171004,133669218.57923752,145007206.22074255,114460472.33557004,126885433.97911252,134127634.20094001,143047438.60322005,132919666.68003502,121428368.17960753,134130402.87391503,121641406.6867325,115883249.13701004,117155547.61148004,125568859.71824253,143130345.2997925,115081092.54709005,118540015.11435254,127672083.56195001,129076045.42101502,124576699.83976004,120741560.56801751,122508315.89070004,136225711.82459754,131942814.2972775
2021-06-04,143135620.3359925,116084952.39437501,142803921.69027752,109246697.64560755,129465940.70660003,148808733.50555253,140443724.103435,131176907.71940252,135619527.55413502,125786951.31063,133847742.4285175,116749134.910885,132659242.52300504,109956904.41515002,153952862.42614752,127016830.53226754,114893217.43689254,125896502.43072501,114480617.95192006,126942441.315045,136432842.30752254,127920316.62323003,135758753.9810275,120647755.11185253,125647996.00427754,129306534.84721756,136875582.36555755,118219519.31171004,134703218.57923752,146086206.22074255,115314530.42807004,128229433.97911252,134197634.20094001,145100438.60322005,134627666.68003502,121733368.17960753,135044402.87391502,122144406.6867325,118133249.13701004,117365547.61148004,126952859.71824253,142263345.2997925,116482092.54709005,118909015.11435254,129296083.56195001,132045020.96401504,127458699.83976004,121645560.56801751,122680315.89070004,137371711.82459754,132762814.2972775
2021-06-07,138180620.3359925,112126952.39437501,141225921.69027752,107247757.62060754,125618940.70660003,144973733.50555253,138108724.103435,128563907.71940252,131004527.55413502,121896951.31063,130587742.4285175,114499390.19438502,130524242.52300504,109171904.41515002,148834862.42614752,122921830.53226754,110657461.28211254,123929502.43072501,113542617.95192006,124359441.315045,132213842.30752254,125810316.62323003,132838753.98102751,118546755.11185253,123606996.00427754,126489534.84721756,131984582.36555755,116525519.31171004,131577218.57923752,142035206.22074255,112869530.42807004,125398433.97911252,131244634.20094001,139896438.60322005,131404666.68003502,118213368.17960753,132270402.87391503,118501406.6867325,116892249.13701004,112938547.61148004,122354859.71824253,139025345.2997925,114044092.54709005,114682015.11435254,127907083.56195001,128217020.96401504,124768699.83976004,119152560.56801751,119962149.53070004,135579711.82459754,127683814.2972775
2021-06-08,132461215.8449925,109196892.976875,135365921.69027752,105520393.32460755,119738449.89710003,140464120.76405254,130180276.22793502,122622704.14440253,126300402.43563503,118573092.36163,126215223.01851751,111266150.05588502,124705839.14050505,105516327.46115002,141225088.74988002,119255835.46326753,104916075.85581255,119081557.01522501,109816968.96792006,120051408.57104498,126819515.57252252,121308086.58273003,125947571.59302753,114052248.36785252,119242178.38177754,120983404.17071755,127623762.59705755,112630836.54471004,126605811.76023753,138419870.13474256,108497530.42807004,120529548.92361252,127274424.87694001,135343632.12572002,126252399.53003502,111980198.64710753,126665053.72691503,115042848.5342325,112470215.49551004,110061285.77048004,118137534.25159003,134589093.1357925,111013232.14909005,112920600.73335254,122610414.34545001,122273309.98251504,119395527.44926004,114920345.21301751,114537700.47820005,131741360.20609753,121667194.71777749
2021-06-09,132933537.79249251,110066266.76687501,134891623.8802775,105641050.41210756,119944643.26710005,140628544.78905255,130396530.09043501,124097240.96940254,127286254.24313504,119253414.10413,127492490.69101751,111219982.63198751,123885390.44550504,104909643.78865002,141300744.27988002,119270382.98826754,105293001.34331255,119630842.74522501,110325646.52292007,120302195.68854499,126592447.33002254,122021669.23773003,127149533.37802753,113779208.33785252,119408422.19427754,122388479.81821756,128001452.40455757,111709134.78721005,126258391.20273754,137431149.41474256,107956194.62107006,119750521.95111252,128193369.45944002,135568324.91340005,127083231.41503502,113332985.68460754,126981949.31691504,115586462.01923251,112808178.16051003,110708534.29798004,118553966.38409004,133502912.92079249,110425065.30409005,113030166.99085255,123267658.57295002,122439520.68501502,119267912.35176004,114958043.41551751,113389573.64205004,131966119.70609754,122035032.6377775
2021-06-10,133142791.1921175,110221266.76687501,134246181.97227752,105077050.41210756,119215121.46272506,139551891.86373502,127787831.93971501,122949890.16840254,127725951.46913505,119623294.04112999,127139490.69101751,110160204.89823252,122492047.85050504,104342129.68865001,140433393.47888002,119520368.53276755,105127976.78431255,118847438.99936502,108623132.42292006,120603784.42554498,125541275.28002253,121999634.78469002,125585500.58602753,112472983.40409252,118099750.44427754,121261890.17471756,127894227.98005757,111138031.25845504,125004878.33997753,136567665.32724255,108227150.80307005,119579124.76611254,127991805.15468001,134498974.11240005,127041231.41503502,112694369.72460753,125231454.53779502,114949595.2914725,111375430.11951004,110324320.97798005,118745850.72409004,132510349.1583325,109300489.96809006,112522629.52443755,122233853.80045003,121149487.67601503,118642294.59176004,114554189.1024425,113439720.78655005,130688893.22209755,121177624.8507775
2021-06-11,134037791.1921175,110653266.76687501,134786181.97227752,105858050.41210756,120590121.46272506,141028517.86373502,128576903.90971501,124569456.14090253,129812951.46913505,121095291.06112999,128155490.69101751,111781982.63823251,123296613.82300504,106103129.68865001,141194393.47888002,120441368.53276755,105969976.78431255,119561438.99936502,109891961.79542007,121804784.42554498,127113275.28002253,122403634.78469002,126683500.58602753,113159605.05159253,119954750.44427754,124062890.17471756,130146227.98005757,112197031.25845504,126860878.33997753,137617665.32724255,108677150.80307005,121035124.76611254,129021805.15468001,135222974.11240005,128781171.90503502,114184369.72460753,126159454.53779502,115651592.3114725,111993367.62951005,111192320.97798005,119578321.33159004,133485349.1583325,110260111.61559005,114110629.52443755,124550479.80045003,123127425.18601504,119708765.19926006,114893659.7099425,114245720.78655005,131626893.22209755,121590095.45827751
2021-06-14,134521347.3371175,111460659.41887501,134051934.65527754,106598392.44310755,121640695.72722507,142075553.30873504,128883811.48271501,125686877.31540254,130228186.23113504,121142291.06112999,127305182.62751752,112511387.29923251,123795440.35015503,106160663.81865002,141693002.36738002,119821340.74776755,105632861.73331255,119684979.44286501,109414424.70142007,122571767.625545,127456034.75702253,123594360.44069001,125478370.73802754,114496152.29809253,120644903.74627754,126328392.48671755,130734565.40505758,111619218.88895503,128173977.20897754,138132270.32024255,109015940.09507005,121785105.57511252,127853020.00618002,137007591.91740003,127443275.98903503,115086635.71360752,127056632.46679503,117250134.6564725,111878543.44451004,111477395.18160504,119980814.24659005,133124553.6993325,110214661.47409005,114024694.58143756,125673815.22245002,122205815.05001503,119154142.09926005,115468756.7879425,115470664.57155004,132136174.42309754,121278226.26477751
2021-06-15,133519584.71111749,111607386.56137502,135098625.67727754,106425392.44310755,122078642.50322506,144054425.29423505,129209666.12721503,126982580.53140254,129502186.23113504,122596605.89212999,125635083.66501753,112947403.01873252,124546820.80815503,106939726.98615003,140398767.96388,118533340.74776755,105955642.82831255,120248318.67686503,109145460.24192007,123070028.27267998,127411847.46702254,123441613.31319001,125811148.99002753,116273300.40309253,120618830.02077754,126242392.48671755,132133532.19205758,111479921.23745504,129036737.08297753,139939742.92774254,111186088.38407005,121684670.93211253,127327321.08068001,138117611.05190006,128973175.55003503,115541207.48860753,127701544.64579502,118392374.22747251,112898601.71951003,111433863.68160504,119947296.06609003,133352057.5248325,109679661.47409005,116516178.08143756,126702815.22245002,124070475.06701504,117828717.47126006,115574484.8439425,115862308.18555003,133230174.42309754,122584688.3487775
2021-06-16,131873732.8991175,111873526.19987501,133601753.37427753,106960337.56460756,122088329.92622507,142852486.99423504,127411818.15815751,126393580.53140254,129646025.79613504,121973483.68512999,124748440.67201753,112538403.01873252,123368700.28915504,105986726.98615003,139662765.44588,119174606.30326755,105442642.82831255,119616318.67686503,107965681.59292006,123594648.15517998,126206847.46702254,123222858.81769001,124591425.96502754,115681608.20709252,120165095.57627754,125184467.64171757,132576532.19205758,110595718.87195504,128699737.08297753,139413736.84024256,109833032.76907006,122203723.96161254,126328584.70068002,135676909.45090005,128904175.55003503,114100482.78860754,128396544.64579502,117472374.22747251,112570128.14201003,111401003.32010505,119878923.97609004,134181671.1128325,108879117.27909006,116754178.08143756,126035697.68545002,123775475.06701504,116605917.98776005,115389026.1434425,114574690.32405004,131204322.61109754,123052197.46377751
2021-06-17,133691185.99311751,113338526.19987501,135030753.37427753,107456337.56460756,124575329.92622507,145015384.94423503,128692740.72215751,127520006.31890255,131808025.79613504,123865483.68512999,125042248.82701753,113025403.01873252,124564700.28915504,107276875.64097501,140115191.23338002,121789414.45826755,106471642.82831255,120701318.67686503,109116681.59292006,125729648.15517998,127588847.46702254,125657858.81769001,125250425.96502754,117291608.20709252,121299095.57627754,126619467.64171757,134644532.19205758,111788718.87195504,129416737.08297753,141785736.84024256,111316032.76907006,124599723.96161254,128605584.70068002,136196909.45090005,131093175.55003503,115927482.78860754,129285544.64579502,117989374.22747251,113712906.52780002,113021003.32010505,120741923.97609004,135822671.1128325,109619835.63909006,119537178.08143756,128021697.68545002,126370475.06701504,118175917.98776005,117296026.1434425,115284690.32405004,132978322.61109754,125825197.46377751
2021-06-18,134355185.9931175,114705526.19987501,135403753.37427753,108405337.56460756,125247329.92622507,146720748.57523504,130751740.72215751,128018879.45290254,133588025.79613504,124813483.68512999,126098417.83951753,113585403.01873252,124739700.28915504,107698411.57097502,140919527.84638,122865133.80076756,106938642.82831255,121623318.67686503,109759681.59292006,127120648.15517998,128306847.46702254,126634858.81769001,125287658.11502753,117929608.20709252,123076095.57627754,128308467.64171757,135743532.19205758,112182718.87195504,130226737.08297753,143903736.84024256,112042032.76907006,126106723.96161254,129863584.70068002,137864909.45090005,132801175.55003503,115787482.78860754,130165544.64579502,119324374.22747251,114814006.59680003,114213003.32010505,122512923.97609004,136228671.1128325,110461550.47709006,120142178.08143756,128772697.68545002,126413475.06701504,119003917.98776005,117890026.1434425,116595690.32405004,133402322.61109754,126243197.46377751
2021-06-21,133677185.99311751,113979526.19987501,134524753.37427753,109511337.56460756,122808329.92622507,144213748.57523504,129293740.72215751,126807879.45290254,132397025.79613504,122778483.68512999,125216417.83951753,112941403.01873252,123927700.28915504,106842411.57097502,140497527.84638,121318133.80076756,105878642.82831255,121328318.67686503,109261681.59292006,124996648.15517998,127928847.46702254,125339858.81769001,124913658.11502753,117671608.20709252,122252095.57627754,126763467.64171757,134610532.19205758,111120718.87195504,130750737.08297753,141765736.84024256,110931032.76907006,124696723.96161254,129194584.70068002,136957909.45090005,131780175.55003503,114002482.78860754,129799544.64579502,118442374.22747251,114269006.59680003,113554003.32010505,122026923.97609004,135557671.1128325,108971550.47709006,119268178.08143756,126601697.68545002,125681475.06701504,118200917.98776005,117950026.1434425,116435690.32405004,132630322.61109754,124922197.46377751
2021-06-22,134175185.99311751,114716526.19987501,134966753.37427753,109262337.56460756,123234329.92622507,144474748.57523504,128618740.72215751,127170879.45290254,132498025.79613504,123047483.68512999,126231417.83951753,113062403.01873252,124869700.28915504,107805411.57097502,141368527.84638,121171133.80076756,107074642.82831255,122222318.67686503,109790681.59292006,125419648.15517998,128050847.46702254,126155858.81769001,125584658.11502753,118282608.20709252,121651095.57627754,126846467.64171757,134218532.19205758,111532718.87195504,130523737.08297753,142146736.84024256,111202032.76907006,125427723.96161254,129574584.70068002,137257909.45090005,131593175.55003503,114538482.78860754,129313544.64579502,118895374.22747251,114587006.59680003,114169003.32010505,122178923.97609004,135636671.1128325,108773550.47709006,119840178.08143756,126647697.68545002,125456475.06701504,119935917.98776005,118810026.1434425,116853690.32405004,132844322.61109754,125328197.46377751
2021-06-23,133108185.99311751,113672526.19987501,133206753.37427753,107266337.56460756,122325329.92622507,142091848.43923503,128240740.72215751,126516879.45290254,130608025.79613504,121309483.68512999,124850417.83951753,112283403.01873252,124164700.28915504,106724411.57097502,139843527.84638,119268133.80076756,106833642.82831255,120862318.67686503,109055681.59292006,123448648.15517998,127546847.46702254,124552858.81769001,124316658.11502753,117423608.20709252,120618095.57627754,125566467.64171757,132087532.19205758,110622718.87195504,128859737.08297753,141006736.84024256,109398032.76907006,123525723.96161254,128590584.70068002,137005909.45090005,129535175.55003503,113461482.78860754,127900544.64579502,118152374.22747251,113462006.59680003,113115003.32010505,120399923.97609004,133732671.1128325,108153550.47709006,117745178.08143756,125974697.68545002,124364475.06701504,119476917.98776005,117208026.1434425,116305690.32405004,132110322.61109754,123741197.46377751
2021-06-24,133424574.1211175,113225260.89713752,133713753.37427753,106955178.91510755,122124452.28622507,142227992.15923503,128429048.7159025,126168809.30790254,130260025.79613504,121034708.71712999,123887673.48451753,111905199.49123251,124575700.28915504,106113411.57097502,139315870.725905,119381133.80076756,106622642.82831255,120912318.67686503,108454681.59292006,123696698.52717999,126371847.46702254,124131858.81769001,124397658.11502753,117449608.20709252,118906436.65877755,123546846.95721757,131444205.09405757,110161718.87195504,128121985.86397754,141191736.84024256,109118032.76907006,123342723.96161254,128364584.70068002,137078909.45090005,129675175.55003503,113530482.78860754,126509263.66679503,118180547.8264725,113723001.01230003,113331003.32010505,120103046.33609004,132695990.93983251,107787838.14239006,118414178.08143756,125298697.68545002,124788475.06701504,118605917.98776005,116807026.1434425,115636690.32405004,131506322.61109754,123749197.46377751
2021-06-25,135981574.1211175,114208426.80013752,133582753.37427753,107693178.91510755,123324269.63222507,143213992.15923503,130359306.09290251,127358809.30790254,131026025.79613504,121925708.71712999,124549673.48451753,111997199.49123251,125688700.28915504,106624411.57097502,140390748.862905,119545133.80076756,107319642.82831255,121884318.67686503,108404681.59292006,123997692.79617998,127115847.46702254,124902899.80569002,124938471.58002754,118682608.20709252,119653308.96877754,124626846.95721757,132127205.09405757,110169718.87195504,128587307.46797754,141185736.84024256,109490032.76907006,123742723.96161254,129538851.55018002,139502909.45090005,130124175.55003503,115043482.78860754,127019263.66679503,118991547.8264725,114091001.01230003,113720003.32010505,120829481.40309004,133568990.93983251,108514838.14239006,118610178.08143756,126044697.68545002,124420475.06701504,118942917.98776005,117976026.1434425,116987690.32405004,132385322.61109754,124106197.46377751
2021-06-28,137782574.1211175,116418426.80013752,135203753.37427753,108720178.91510755,125404269.63222507,145067992.15923503,132606306.09290251,129328809.30790254,133057025.79613504,123487708.71712999,126888673.48451753,113257704.09973252,127171700.28915504,108684360.54197502,142625748.862905,119476794.74576756,108630642.82831255,124310318.67686503,110010681.59292006,126222692.79617998,129665847.46702254,126623899.80569002,125860471.58002754,120008608.20709252,121592308.96877754,127285624.10321757,132430205.09405757,112467718.87195504,130174005.36897755,143187736.84024256,111677032.76907006,125397723.96161254,131241851.55018002,142067909.45090005,131282175.55003503,116467482.78860754,127894263.66679503,120539547.8264725,115223001.01230003,114776003.32010505,121956481.40309004,135267990.9398325,109517458.52339005,120873178.08143756,128108510.65545002,126228475.06701504,120834917.98776005,120117026.1434425,118550690.32405004,134261322.61109754,124114197.46377751
2021-06-29,137963574.1211175,116419426.80013752,134870753.37427753,108454635.09210755,125067269.63222507,144381992.15923503,132405306.09290251,129246809.30790254,132550025.79613504,123084708.71712999,126247973.66033003,113140704.09973252,126253700.28915504,108472360.54197502,142064748.862905,119638794.74576756,108453642.82831255,123703318.67686503,110519681.59292006,124769692.79617998,129052847.46702254,125683899.80569002,125584471.58002754,119959323.34009252,120586308.96877754,126161624.10321757,132314205.09405757,111492718.87195504,130526316.73947755,142983736.84024256,110649032.76907006,124770723.96161254,130852851.55018002,142323698.69740006,131066175.55003503,115960482.78860754,127345268.34979503,120491547.8264725,114887001.01230003,115057597.57810503,121992145.99559005,133596990.93983251,108754458.52339005,119756178.08143756,127109510.65545002,125776475.06701504,120814917.98776005,119140026.1434425,118162410.54955004,134087322.61109754,123692197.46377751
2021-06-30,137808574.1211175,115254426.80013752,133824753.37427753,107998635.09210755,124604269.63222507,141999992.15923503,132146306.09290251,129402809.30790254,132250025.79613504,122223708.71712999,125807476.57233003,112741704.09973252,125522700.28915504,107388360.54197502,140675748.862905,119001794.74576756,107969642.82831255,123379318.67686503,109996681.59292006,123789692.79617998,127771847.46702254,125151899.80569002,125329471.58002754,119132323.34009252,119620308.96877754,125074624.10321757,131361205.09405757,110984718.87195504,130636316.73947755,142232736.84024256,110042032.76907006,123869723.96161254,130669851.55018002,141993698.69740006,130281175.55003503,115446482.78860754,126507268.34979503,120200547.8264725,114246001.01230003,114667597.57810503,121490145.99559005,132773990.93983251,108086458.52339005,118420158.71993755,126495510.65545002,124688475.06701504,120559917.98776005,118396026.1434425,117365410.54955004,132922322.61109754,123111197.46377751
2021-07-01,140030574.1211175,115691426.80013752,134919702.40077755,108399635.09210755,125930269.63222507,143667917.10885003,134539306.0929025,130775809.30790254,133079025.79613504,124280402.55712998,126660476.57233003,113057704.09973252,127265700.28915504,108597360.54197502,141071748.862905,120110604.53626756,108333642.82831255,124190618.15436502,110029681.59292006,125468221.86867999,128116847.46702254,126567899.80569002,126567975.26602754,120876323.34009252,119708224.40627754,126595818.34158257,131671359.45505759,112125130.70145504,132223316.73947755,143134099.03024256,111335302.64990756,124974120.45461254,131663777.85668002,144728698.69740006,131598326.31103504,116616724.90460753,126233268.34979503,122346547.8264725,115449001.01230003,114920767.01810504,122387114.71559004,133781990.93983251,108328652.76175506,120216158.71993755,127792597.65795003,125178166.50701503,121219917.98776005,119505026.1434425,118121410.54955004,134123322.61109754,123004593.95677751
2021-07-02,139994574.1211175,115605426.80013752,134970049.41677755,108715635.09210755,125549688.90922508,143467705.99485004,135487306.0929025,130983809.30790254,132791025.79613504,123852402.55712998,126901476.57233003,113130704.09973252,127113700.28915504,108900360.54197502,140877748.862905,119810604.53626756,108407642.82831255,124020618.15436502,110976656.87842007,125963221.86867999,129074847.46702254,126156899.80569002,126786975.26602754,120719323.34009252,119812686.69427754,126150974.84658256,131587359.45505759,112199130.70145504,132934316.73947755,142747099.03024256,111247180.58390756,125121120.45461254,132603777.85668002,144970698.69740006,132346326.31103504,116497724.90460753,125629268.34979503,122513547.8264725,115804435.08698253,114857767.01810504,122142114.71559004,133510990.93983251,107877896.13143755,120131158.71993755,127716597.65795003,126779166.50701503,121553917.98776005,119346026.1434425,118080410.54955004,135213322.61109754,122710592.98177752
2021-07-05,138150574.1211175,113284426.80013752,133434049.41677755,106851635.09210755,124281367.43072508,141019553.65985006,134695712.652695,130098500.21490255,130567178.60863504,121150051.29587498,126692476.57233003,112693704.09973252,124221700.28915504,108665360.54197502,138531432.712635,117666022.65267006,108318867.51331255,122199648.24596502,111527355.39382257,127413221.86867999,128186778.82089254,124300961.01369002,124965173.00306754,119455323.34009252,117148692.75752753,122330488.78796506,129868336.76255758,112078329.50545505,131173316.73947755,141950042.95224255,109685180.58390756,123321943.86911254,131586777.85668002,142996357.53426003,131448326.31103504,114629021.32951003,123358148.86630502,120712036.90597251,115325522.64538503,114080767.01810504,121459114.71559004,130812990.93983251,106061917.37784006,119286203.36493756,125790030.23845002,126508088.42688504,121521519.16576006,117699026.1434425,116086410.54955004,133944322.61109754,120332886.77264751
2021-07-06,131263477.8946175,108742923.33363752,127997601.36840755,102636776.36368755,119806478.85655507,133276659.50165004,126801055.57019502,124046500.21490255,124557352.07890505,114341413.472455,120278929.24267003,108362037.80320002,117509551.43979503,103907755.90042502,131199883.67828,112295099.24773256,102930991.40831256,116581689.88709502,105624876.02618006,120706358.36518998,121426836.96540254,117106969.33814001,119228665.57506755,113904323.34009252,112234036.86748254,114723320.42910007,123662942.8117576,106597151.70884754,124131619.99614504,136411618.95865506,104993483.24490756,117207240.67691253,126498164.31818002,134460893.12867254,124621725.81349503,110304485.00387502,118311441.11415003,115133097.7111025,109313224.30488503,110186998.54870504,116322603.42539005,123722342.87689,101264810.65401506,113141367.01091506,120188723.05105002,120837678.68838504,116556621.88172005,112487676.4808525,111618866.10877752,125434619.78995755,115103344.82609251
2021-07-07,132986076.50961751,108959421.48075002,130456940.02840754,104075468.50368756,121255967.18405509,133959806.98915005,128870923.54519501,124929682.13240255,125578855.61815505,114734027.76708499,121306562.13267004,110482037.80320002,118073339.15229504,104790527.62792502,131827379.05078001,112799848.31502257,104474429.96831256,117200689.88709502,107103865.06618007,122063918.11769,121709628.51290253,116581185.691585,119762629.13925754,115148941.46291253,112451683.36400253,114546793.10660008,123403950.3909476,108463461.14634754,126285525.50864503,136916012.72125506,105328476.47990756,118425533.45441253,128005065.84068002,135204455.60117254,125210824.00099503,110235146.28887503,120470198.30915004,116001634.48360251,109302184.48438503,111778890.79870504,117899342.01789005,124514545.28939001,101290732.69776256,114489800.18091506,120774111.78460753,121617950.57740003,117814654.03172006,113402527.4608525,111712444.25627753,127822114.04995754,114516270.75609252
2021-07-08,132464809.56861751,108597136.55191001,129819592.43040754,103654123.58089256,121372770.27605508,133696012.32415006,128635912.44969502,124574883.66440256,125805496.81415504,114462743.88578498,121079587.52587003,110131037.80320002,116790586.58248504,103929001.62042502,131635627.08878002,112953202.48535258,103483349.90366256,116238717.44665001,106253222.90318006,121290425.83868998,121310136.84297255,116184663.053775,119295319.39125752,115190990.31091252,110902233.71200253,114062899.26160008,123574858.0564476,108460461.14634754,126129466.08164503,136849759.19225505,105619634.58190756,118152085.79641253,128004065.84068002,134100322.81117254,124772574.36864503,109186575.16187504,119448787.28559503,115522267.27060251,109292489.32038504,110420634.93215004,117504215.76089005,124487399.38144001,100815114.18131256,114481297.88691506,120803644.71460754,120706480.41490003,116602536.47922006,111653428.0188525,109934331.55879754,126880939.43580756,114140246.55974251
2021-07-09,129404112.9286575,107408496.19467252,127605319.57251754,103212454.85839257,119212428.87459259,131807012.32415006,125217678.98483253,122233883.66440256,124176488.20950255,112632735.28113249,119493713.31137003,107696589.65065253,114255656.48158504,102229523.84292503,129438869.94628002,112064202.48535258,102012197.78626256,113842644.10715002,103183742.97568007,119393534.11368999,118402136.84297255,114836023.278775,117382623.28375754,114108990.31091252,107664458.51070753,111854813.49851008,121738816.84144759,107012021.83384754,124041750.42829503,134352619.32025504,104817634.58190756,115832085.79641253,127191065.84068002,131242945.29667254,122315456.90864503,107612379.88187504,117658372.75211254,114110598.54810251,107006480.63503504,109076399.20015004,116138720.75046505,123820580.34394002,98637758.27581257,112040297.88691506,120360004.93960753,118100179.43329754,113911916.11622006,108208344.9302625,108482951.93979754,123167142.23580755,112964185.1607425
2021-07-12,126499822.33214751,105626441.80391502,125914253.06751755,102457454.85839257,117585325.72577259,131595764.31165005,122156304.56252503,120246679.48818256,122477420.84950255,111491193.8747225,116716529.53344503,105741248.13629253,112203922.35050505,100184122.53843752,125883524.69437002,110317799.18318757,99504205.10083756,111530105.00574002,99542104.12345007,115893437.55204499,116427900.27660754,113620385.49191001,116246677.14375754,112847986.17908752,105403991.48462752,110012308.81825007,118274552.6962376,105219954.47384754,123254439.90079503,130720371.30775505,104338688.60710005,114608312.66634254,126705065.84068002,128268678.61687255,119880952.99940252,106358363.11610752,116064734.85935754,113375814.1189575,103407480.13838503,105733501.58241253,113996763.82456005,122574253.83387002,96902865.37181255,109871509.12140507,118788107.69074503,113968936.58062254,111239346.90853006,105106712.3432375,107770024.92757255,117756403.41158254,111675552.16451749
2021-07-13,125924467.83964752,104923463.90117502,125476884.35251755,102260181.35339257,117341190.35827258,131431764.31165005,121569460.18752503,119963845.83818255,121383581.57734255,111117193.8747225,116840021.25994503,105209699.13129254,112173068.87767506,100120764.31295252,126193870.28287001,109561183.57068758,99298021.00782257,111541213.96924001,99717861.77345008,115665245.89204499,116005900.27660754,113568437.88491002,116011938.26375754,112367712.67408751,105014002.20962751,109770771.13775007,118175089.30966009,104753277.77866504,122880439.90079503,129380128.87759505,103916688.60710005,114186312.66634254,125637695.35574001,128058507.23973006,120527590.24040252,106403807.19210753,116498667.71785754,112971814.1189575,103556766.84638502,105806948.46494251,114533950.78656004,122260784.54637003,96931697.07881255,109681572.54140507,118165579.07580502,113133650.43354504,111081219.19795255,105218193.78723751,107046024.92757255,117733033.67408255,111253552.16451749
2021-07-14,126180467.83964752,104543238.22117501,125111209.81886753,102127799.30121256,117431190.35827258,131560764.31165005,121364234.50752503,120062845.83818255,121451355.89734256,111017193.8747225,116205795.57994503,105277473.45129254,112448068.87767506,99816764.31295252,125896870.28287001,109660183.57068758,99241795.32782257,111045213.96924001,99488861.77345008,114783805.13991998,116086900.27660754,113388437.88491002,116110938.26375754,112444712.67408751,105113002.20962751,109801771.13775007,118198089.30966009,104852277.77866504,123154439.90079503,128737821.77517006,103997688.60710005,114267312.66634254,125432469.67574,127538507.23973006,119754364.56040251,106054523.66460752,116645667.71785754,113070814.1189575,103057384.79420501,105478948.46494251,113982950.78656004,122359784.54637003,96469697.07881255,109762572.54140507,117993579.07580502,113214650.43354504,110403993.51795256,105010811.7350575,107113799.24757254,117838033.67408255,111334552.16451749
2021-07-15,125962467.83964752,104790238.22117501,124920209.81886753,101904799.30121256,117350190.35827258,131461764.31165005,121430234.50752503,119963845.83818255,121352355.89734256,110624413.3097225,116332557.69744503,105178473.45129254,112794068.87767506,99874600.16295251,125521856.88787001,109561183.57068758,99172795.32782257,111250433.40424001,99808697.62345007,114593567.25741999,116023900.27660754,113442437.88491002,116011938.26375754,112482712.67408751,105014002.20962751,109782771.13775007,118239089.30966009,104753277.77866504,122900439.90079503,128827821.77517006,103934688.60710005,114204312.66634254,125498469.67574,128098507.23973006,120270364.56040251,106066523.66460752,116398667.71785754,112971814.1189575,103025384.79420501,105652784.31494251,113938170.22156005,122260784.54637003,97225697.07881255,109699572.54140507,118151579.07580502,113151650.43354504,110573212.95295256,104886811.7350575,107014799.24757254,118278033.67408255,111271552.16451749
2021-07-16,126621467.83964752,105149238.22117501,125362953.87886754,102522799.30121256,117804190.35827258,131750764.31165005,121897234.50752503,120417845.83818255,121806355.89734256,111283413.3097225,116186557.69744503,105632473.45129254,112813068.87767506,100090600.16295251,125878856.88787001,110015183.57068758,99320795.32782257,111302433.40424001,99327697.62345007,114636567.25741999,116477900.27660754,113568437.88491002,116465938.26375754,113001712.67408751,105468002.20962751,109966771.13775007,118456089.30966009,105207277.77866504,123559439.90079503,128269821.77517006,104388688.60710005,114658312.66634254,125965469.67574,127958507.23973006,119812364.56040251,105730523.66460752,116789667.71785754,113425814.1189575,102760942.83920501,105532784.31494251,113998170.22156005,122714784.54637003,97273697.07881255,110153572.54140507,118193579.07580502,113605650.43354504,110415212.95295256,104918811.7350575,107468799.24757254,117713033.67408255,111725552.16451749
2021-07-19,126650467.83964752,104347422.74117501,125271953.87886754,102527799.30121256,117713190.35827258,130789764.31165005,120838234.50752503,120326845.83818255,121715355.89734256,111312413.3097225,114861172.08353253,105541473.45129254,111249133.32567506,99483568.85245252,125617184.09487002,109924183.57068758,99159034.07782257,109820272.71724,97911501.17811006,114138772.98941998,116386900.27660754,113200662.42891002,116374938.26375754,112304712.67408751,105377002.20962751,109458510.99075007,117630036.7871601,105116277.77866504,123588439.90079503,126808438.15354505,104297688.60710005,114567312.66634254,124906469.67574,127274042.67123006,117533527.26840252,104410832.46314752,116355615.19535753,113334814.1189575,101961736.01045,104585807.93594252,113060574.27356005,122623784.54637003,96769665.76831256,110062572.54140507,117151051.36980502,113514650.43354504,107967052.26595256,104085540.2805575,107377799.24757254,116295566.38390756,111634552.16451749
2021-07-20,126807467.83964752,104814422.74117501,125568953.87886754,102712799.30121256,118010190.35827258,130821000.94915006,120957237.66752502,120623845.83818255,122012355.89734256,111469413.3097225,115646172.08353253,105838473.45129254,111943133.32567506,100163568.85245252,126015184.09487002,110221183.57068758,99271034.07782257,110604272.71724,99191501.17811006,114774772.98941998,116683900.27660754,113808662.42891002,116671938.26375754,112474598.34408751,105674002.20962751,110259510.99075007,118770036.7871601,105413277.77866504,123745439.90079503,127150438.15354505,104594688.60710005,114864312.66634254,125025472.83574,127757042.67123006,117741484.6234025,104930832.46314752,116956247.42230754,113631814.1189575,102290736.01045,104311870.46189252,113789574.27356005,122920784.54637003,96895020.12846756,110359572.54140507,117719994.26358002,113811650.43354504,108466903.24595256,104152013.9022675,107674799.24757254,117218566.38390756,111931552.16451749
2021-07-21,126640467.83964752,104658948.06517501,125486953.87886754,102562799.30121256,117928190.35827258,130739000.94915006,120790237.66752502,120541845.83818255,121930355.89734256,111302413.3097225,115671974.37253253,105756473.45129254,111965051.88367505,99914668.92145252,125622725.23087001,110139183.57068758,99106222.29932258,110411372.78624001,99269303.46711007,114906516.64541999,116601900.27660754,113456128.41841002,116589938.26375754,112324598.34408751,105592002.20962751,109908375.91875008,118755759.8311601,105331277.77866504,123578439.90079503,127090598.36004505,104512688.60710005,114782312.66634254,124858472.83574,127699632.43423006,118012957.5174025,104757275.73614752,116789930.44230753,113549814.1189575,101825881.70645,104342715.37789252,113974150.22756004,122838784.54637003,97001020.12846756,110277572.54140507,118053288.84958002,113729650.43354504,108460918.26395255,104056013.9022675,107592799.24757254,117414411.29990757,111849552.16451749
2021-07-22,127589467.83964752,105637948.06517501,125560953.87886754,103336799.30121256,118002190.35827258,130813000.94915006,121739237.66752502,120615845.83818255,122004355.89734256,112251413.3097225,116167974.37253253,105830473.45129254,113573051.88367505,101145668.92145252,127583725.23087001,110213183.57068758,100398222.29932258,111134372.78624001,99765303.46711007,115370516.64541999,116675900.27660754,114024128.41841002,116663938.26375754,113098598.34408751,105666002.20962751,110478375.91875008,120341759.8311601,105405277.77866504,124527439.90079503,128008598.36004505,104586688.60710005,114856312.66634254,125807472.83574,128151632.43423006,119458957.5174025,105185275.73614752,118438930.44230753,113623814.1189575,103522881.70645,105254715.37789252,115685150.22756004,122912784.54637003,97197020.12846756,110351572.54140507,119085288.84958002,113803650.43354504,108964918.26395255,104840013.9022675,107666799.24757254,118582411.29990757,111923552.16451749
2021-07-23,126992467.83964752,104980948.06517501,125238953.87886754,102794799.30121256,117680190.35827258,130491000.94915006,121142237.66752502,120293845.83818255,121682355.89734256,111654413.3097225,115416974.37253253,105508473.45129254,112377051.88367505,100546668.92145252,126322725.23087001,109891183.57068758,99757222.29932258,110276372.78624001,98949303.46711007,114555516.64541999,116353900.27660754,113929128.41841002,116341938.26375754,112556598.34408751,105344002.20962751,109804375.91875008,119073759.8311601,105083277.77866504,123930439.90079503,126957598.36004505,104264688.60710005,114534312.66634254,125210472.83574,127749632.43423006,118958957.5174025,105005275.73614752,117923930.44230753,113301814.1189575,103164881.70645,104794715.37789252,114809150.22756004,122590784.54637003,97103020.12846756,110029572.54140507,118085288.84958002,113481650.43354504,107988918.26395255,104305013.9022675,107344799.24757254,117602411.29990757,111601552.16451749
2021-07-26,127459467.83964752,104875715.10517502,125412953.87886754,103172799.30121256,117873190.35827258,130665000.94915006,121571237.66752502,120467845.83818255,121856355.89734256,112083413.3097225,116030974.37253253,105682473.45129254,112731051.88367505,100746668.92145252,127381725.23087001,110065183.57068758,100383222.29932258,110478372.78624001,98859303.46711007,115055516.64541999,116565900.27660754,114083128.41841002,116515938.26375754,112972598.34408751,105518002.20962751,109899375.91875008,119216759.8311601,105257277.77866504,124359439.90079503,127342598.36004505,104476688.60710005,114746312.66634254,125639472.83574,128136632.43423006,120440957.5174025,105331275.73614752,118766930.44230753,113475814.1189575,104134881.70645,105140715.37789252,115110150.22756004,122764784.54637003,97639020.12846756,110241572.54140507,118802288.84958002,113693650.43354504,108171918.26395255,104425013.9022675,107518799.24757254,117859411.29990757,111813552.16451749
2021-07-27,127467858.59914753,105217990.18667501,125762466.91636753,103565779.91621256,117919913.91877258,131376029.60015005,122372466.835525,121376632.73918256,122197076.35634257,112577043.81622252,116004159.50153254,106954652.98629256,113174315.86967506,101646077.19145253,128126362.83587003,110430338.78318757,100762950.15232258,111230035.71074001,99350721.13411006,116359444.93191999,117059512.06360754,114217292.93541002,116579636.31075755,113630324.60908753,106137443.10062751,110549455.89225009,120154717.63716011,105921534.26016504,124569464.04729503,127319189.34104505,104188162.61760005,114721443.57434255,126082693.89924002,128684385.32023005,120488371.78740251,105421432.14864752,119133822.39730754,113637792.8324575,103901343.00645,105222575.32089251,115160392.19856006,123330687.91937003,97745251.98296756,110309695.64040506,119144828.79458001,114100289.04454502,108449138.42295256,104823533.64126751,107890003.19757254,118689377.21040757,111957956.1330175
2021-07-28,127131858.59914753,105164502.42117502,125883073.20186754,103593116.32621256,118532981.68027258,131398985.38515005,122518376.19052501,121441090.42118256,121669102.89384258,112314066.9387225,115990906.76653254,106863634.89379255,112834119.56167506,101786379.78945252,128173998.53937003,110226366.31768757,100806161.99482258,111701452.18674001,99935400.16611007,117565702.10591999,117402166.87460755,114224797.66541003,116525339.94275755,113450844.93008754,106395457.52762751,111135330.84425008,120491758.8791601,106085878.28516504,124294871.90229504,127447502.96004504,104257670.44010006,115137847.03534254,126223989.18674001,128210488.80423006,119972874.8099025,105539400.25614753,118652911.37080753,113960695.3934575,103672030.93695001,104886351.20089252,114957566.71256006,123527317.31837003,97521024.86296755,110328176.64790507,119031763.38558002,114252391.62404503,108858762.01595257,104808676.2447675,107860472.29757255,118648298.48190758,112042569.7200175
2021-07-29,128304858.59914753,106358502.42117502,126740073.20186754,105251116.32621256,119116981.68027258,132499985.38515005,125190376.19052501,122408090.42118256,122490102.89384258,113971066.9387225,117274906.76653254,108093634.89379255,114711119.56167506,104158379.78945252,130504998.53937003,111421366.31768757,102090161.99482258,114198452.18674001,101558400.16611007,119343702.10591999,118014166.87460755,115697797.66541003,117606339.94275755,114481844.93008754,107127457.52762751,111955330.84425008,121992758.8791601,107236878.28516504,125491871.90229504,129719502.96004504,104905670.44010006,117182847.03534254,128847989.18674001,129809488.80423006,121850874.8099025,106889400.25614753,120394911.37080753,116032695.3934575,104875030.93695001,105948351.20089252,116739566.71256006,124774317.31837003,97986024.86296755,111400176.64790507,120005763.38558002,115183391.62404503,110107762.01595257,107500676.2447675,108548472.29757255,120308298.48190758,112851569.7200175
2021-07-30,129795858.59914753,108426049.65867501,128463393.22686754,106502708.49821256,120715419.67277259,134125042.05115005,128364449.65652502,123149904.22968256,123124456.62934257,116008066.9387225,118426859.26503254,109148149.52829255,116473181.01867506,106279289.74445254,131826422.60337003,112157436.18368757,103621760.47132258,115707452.18674001,103136036.46061006,121223742.35091999,119437998.20260754,118051061.03341003,118553672.16175756,116265722.47608754,108227079.82812752,112778667.35575008,123121430.69316012,109178948.15116504,128257697.61829504,131439502.96004504,106600739.10610007,120060857.66834255,131946785.47574002,131660557.86723006,123927907.0609025,107565413.97264753,123431348.65280753,118124296.3804575,105567810.61995001,107191923.36089252,119377888.21506006,125420650.45087004,98623932.52846757,112850126.34040508,121695979.93558002,116628270.58204503,111845763.13245258,110064786.9287675,110351019.45157255,122456969.60340758,114313704.7265175
2021-08-02,129980858.59914753,107579049.65867501,127577499.10186754,106724959.06321256,120466419.67277259,134309615.91865006,129660615.57652502,123070190.43368256,123282661.86284257,116090129.6047225,118799859.26503254,108990921.30079256,115906181.01867506,107108289.74445254,131538422.60337003,112433748.18768756,103717760.47132258,117056452.18674001,103432036.46061006,122276742.35091999,119381321.00660755,117653061.03341003,118955693.40075755,116165845.16008753,108418035.41012752,112488667.35575008,122825430.69316012,109114008.19616504,127401511.52829504,131517502.96004504,105970054.29751006,121300857.66834255,132984048.06774001,131891557.86723006,124347907.0609025,107820163.23164754,122892348.65280753,119504529.1304575,105369810.61995001,107135983.40589252,119434888.21506006,125714746.11687003,98695932.52846757,113034126.34040508,121683979.93558002,116559270.58204503,112622763.13245258,111107196.5837675,110252079.49657255,121497969.60340758,114031704.7265175
2021-08-03,130570858.59914753,109042049.65867501,128345499.10186754,107943959.06321256,121062419.67277259,135869615.91865006,131799615.57652502,124974190.43368256,123849974.34321758,116719303.5187225,119708859.26503254,109516921.30079256,116545181.01867506,109565289.74445254,132845422.60337003,113707748.18768756,104893760.47132258,118357452.18674001,103804036.46061006,124125742.35091999,120022321.00660755,118533061.03341003,119989693.40075755,117185845.16008753,109593035.41012752,113933667.35575008,123429430.69316012,110264008.19616504,128682511.52829504,132893502.96004504,106345614.04251006,123433857.66834255,135712048.06774002,133134557.86723006,125339907.0609025,108237163.23164754,124241348.65280753,122269529.1304575,106252810.61995001,108101983.40589252,119760888.21506006,126924746.11687003,98832982.51276755,113780126.34040508,123410979.93558002,117769270.58204503,114412233.94877757,113925196.5837675,111215079.49657255,122652969.60340758,115325704.7265175
2021-08-04,130148858.59914753,109157049.65867501,130259499.10186754,109471959.06321256,120940419.67277259,137069615.91865006,131408615.57652502,124922190.43368256,124024546.49421757,117157303.5187225,120250859.26503254,110727921.30079256,118082181.01867506,109780289.74445254,133978422.60337003,114728748.18768756,106083760.47132258,119460452.18674001,104838036.46061006,124576742.35091999,120870321.00660755,119850061.03341003,121027693.40075755,117608845.16008753,110178035.41012752,114997667.35575008,124172430.69316012,110513008.19616504,129202511.52829504,133733502.96004504,107641614.04251006,123630857.66834255,135136048.06774002,133756557.86723006,126691907.0609025,109201163.23164754,125234348.65280753,122751529.1304575,107636810.61995001,108377983.40589252,119957888.21506006,128752746.11687003,99014915.58126757,114428126.34040508,125218979.93558002,119301270.58204503,113642851.92977756,113084196.5837675,111609079.49657255,123593969.60340758,115463704.7265175
2021-08-05,130393858.59914753,110587049.65867501,131777499.10186754,110368959.06321256,123279419.67277259,139160615.91865006,133298615.57652502,126007190.43368256,124747546.49421757,119264303.5187225,121922859.26503254,111673921.30079256,119715181.01867506,111393289.74445254,134833422.60337,115087748.18768756,107874760.47132258,122423452.18674001,107150036.46061006,125548742.35091999,122300321.00660755,121316061.03341003,122740693.40075755,119024845.16008753,111954035.41012752,115919667.35575008,125144430.69316012,112450008.19616504,130242511.52829504,135493502.96004504,109300614.04251006,125176857.66834255,136637048.06774002,134891557.86723006,129158907.0609025,111092163.23164754,127420348.65280753,123632529.1304575,108864810.61995001,109801983.40589252,121371888.21506006,130115746.11687003,100029915.58126757,115431126.34040508,127167979.93558002,120238270.58204503,115486851.92977756,114540196.5837675,112811079.49657255,125491969.60340758,116274704.7265175
2021-08-06,130481920.15764752,110271049.65867501,130752499.10186754,110301959.06321256,123411419.67277259,138560615.91865006,134074615.57652502,126182190.43368256,124549546.49421757,118877303.5187225,121960859.26503254,110898921.30079256,120165181.01867506,111512289.74445254,133965422.60337003,114634748.18768756,107810760.47132258,123265452.18674001,106984036.46061006,125451742.35091999,123000321.00660755,121034061.03341003,123577693.40075755,119728845.16008753,111682035.41012752,116539667.35575008,126024430.69316012,111923008.19616504,130673511.52829504,135336502.96004504,109984614.04251006,126007857.66834255,137203048.06774002,135255557.86723006,128701907.0609025,110806163.23164754,126736348.65280753,123699529.1304575,109068810.61995001,110228983.40589252,121529888.21506006,129250746.11687003,100299915.58126757,114776126.34040508,126291979.93558002,120726270.58204503,116344851.92977756,114283196.5837675,112622079.49657255,125553969.60340758,115926704.7265175
2021-08-09,133226517.52664752,111640049.65867501,132461499.10186754,112892959.06321256,124923419.67277259,141187615.91865006,135912615.576525,127978190.43368256,126001546.49421757,121161303.5187225,123435859.26503254,112746921.30079256,121141181.01867506,113177289.74445254,136223422.60337,115697748.18768756,109869760.47132258,123993452.18674001,108675036.46061006,126426742.35091999,123975321.00660755,124059061.03341003,125851693.40075755,121449845.16008753,114255035.41012752,118417667.35575008,128058430.69316012,114326008.19616504,133146511.52829504,137988502.96004504,112311614.04251006,127681857.66834255,140626048.06774002,137034557.86723006,130857907.0609025,112642163.23164754,129578348.65280753,125028529.1304575,110651810.61995001,111955983.40589252,123498888.21506006,130356746.11687003,100766915.58126757,116106126.34040508,128584979.93558002,121803270.58204503,118846851.92977756,116192196.5837675,114898079.49657255,128425969.60340758,117529704.7265175
2021-08-10,132623694.64364752,112323049.65867501,132346499.10186754,113181959.06321256,125451419.67277259,141388615.91865006,137136615.576525,129033190.43368256,126655546.49421757,120819303.5187225,124054859.26503254,114142921.30079256,122032181.01867506,114122289.74445254,136474422.60337,116602748.18768756,110103760.47132258,125260452.18674001,108593036.46061006,129033742.35091999,124115321.00660755,124629061.03341003,125449693.40075755,121957845.16008753,113993035.41012752,118693667.35575008,128852430.69316012,114733008.19616504,133212511.52829504,137934502.96004504,112431614.04251006,128213857.66834255,141295048.06774002,137282557.86723006,132083907.0609025,114183163.23164754,129063348.65280753,126575529.1304575,111303810.61995001,112590983.40589252,123316888.21506006,131700746.11687003,101805915.58126757,115817126.34040508,128355979.93558002,122586270.58204503,120238851.92977756,118248196.5837675,115116079.49657255,129322969.60340758,117403704.7265175
2021-08-11,130369694.64364752,111066049.65867501,131162499.10186754,112472959.06321256,123670419.67277259,140738615.91865006,136122615.576525,127388190.43368256,125367546.49421757,118880303.5187225,122421859.26503254,113207921.30079256,120787181.01867506,113625289.74445254,134505422.60337,115763748.18768756,108048760.47132258,124848452.18674001,107518036.46061006,128405742.35091999,123179321.00660755,124702061.03341003,124362693.40075755,121066845.16008753,112875035.41012752,117721667.35575008,126666430.69316012,113966008.19616504,131557511.52829504,136915502.96004504,111429614.04251006,127778857.66834255,140864048.06774002,135361557.86723006,131428907.0609025,112804163.23164754,127017348.65280753,125569529.1304575,109242810.61995001,111532983.40589252,121979888.21506006,131183746.11687003,101180915.58126757,115694126.34040508,127488979.93558002,120969270.58204503,119506851.92977756,117896196.5837675,114672079.49657255,127596969.60340758,116056704.7265175
2021-08-12,129887978.64114752,110571450.50167501,130397499.10186754,112341845.21721256,123488419.67277259,139837615.91865006,135494935.296525,127133190.43368256,124945546.49421757,118744088.41622251,122393859.26503254,112355921.30079256,120156932.79317506,113202662.98945253,133749636.15987003,115158748.18768756,107830201.15482257,125103452.18674001,107243036.46061006,127735742.35091999,123067321.00660755,124415061.03341003,125257693.40075755,121258868.69358754,112501035.41012752,118728667.35575008,126636089.91566011,113171008.19616504,130871704.27179505,137217502.96004504,112760614.04251006,128674857.66834255,141060234.00824,134962557.86723006,132181907.0609025,111906163.23164754,126124078.71830754,126255529.1304575,109320834.15345001,111652983.40589252,122668252.85706006,130917746.11687003,100634915.58126757,116424126.34040508,126378792.62558001,121304270.58204503,120045851.92977756,117034140.9737675,114148079.49657255,127884969.60340758,116227704.7265175
2021-08-13,132185978.64114752,110532450.50167501,129953499.10186754,113911845.21721256,123699843.15627259,140202524.99765006,137655085.618025,127489190.43368256,124732546.49421757,120756088.41622251,124018859.26503254,111884447.14279255,121312932.79317506,114169662.98945253,133945636.15987003,114857748.18768756,108522201.15482257,126369452.18674001,108215036.46061006,127886742.35091999,123222321.00660755,126271061.03341003,127320693.40075755,121304868.69358754,112940035.41012752,119634667.35575008,126801089.91566011,114087008.19616504,130965309.26629505,139427502.96004504,113554649.89501005,129483721.91434255,143008839.00274003,135736557.86723006,134467907.0609025,112306163.23164754,126779078.71830754,127434877.17195751,110229834.15345001,112247983.40589252,123359252.85706006,130303746.11687003,100652915.58126757,117064126.34040508,126236792.62558001,122033270.58204503,121705851.92977756,118440140.9737675,114618079.49657255,129379969.60340758,117124704.7265175
2021-08-16,133424978.64114752,112156450.50167501,131597527.00886755,115554224.93121256,125648843.15627259,141841524.99765006,140826085.618025,127880190.43368256,126446810.84371758,123560088.41622251,125595859.26503254,113485447.14279255,123069932.79317506,115791662.98945253,136030071.63333002,115553748.18768756,110173201.15482257,128115452.18674001,109293036.46061006,129942742.35091999,125511321.00660755,128275061.03341003,129775331.77525756,121462868.69358754,115835035.41012752,121208667.35575008,129108089.91566011,115605028.59866504,132019309.26629505,140784502.96004504,114935649.89501005,130969721.91434255,145737839.00274003,137277557.86723006,138953907.0609025,114004163.23164754,129280078.71830754,129341877.17195751,113350834.15345001,113359983.40589252,124561252.85706006,131893628.33687003,101020915.58126757,119028276.11040507,127832792.62558001,124238270.58204503,124297851.92977756,121030140.9737675,116268079.49657255,130380969.60340758,118473704.7265175
2021-08-17,132327978.64114752,111818450.50167501,131393527.00886755,115069224.93121256,126506843.15627259,142621524.99765006,141304085.618025,127075190.43368256,126050810.84371758,124087088.41622251,124418859.26503254,114182447.14279255,124301932.79317506,115474662.98945253,135640323.89683002,115212748.18768756,109991201.15482257,128982452.18674001,110227036.46061006,129455742.35091999,125646321.00660755,127389061.03341003,128574331.77525756,121330868.69358754,116210035.41012752,119618667.35575008,128572089.91566011,115954028.59866504,131565309.26629505,140005502.96004504,113553649.89501005,130029721.91434255,143830839.00274003,136181557.86723006,138669907.0609025,115095163.23164754,129576078.71830754,128169877.17195751,113311834.15345001,112640983.40589252,123321252.85706006,132589628.33687003,100953915.58126757,117992998.55440508,128412792.62558001,124064270.58204503,123131851.92977756,120485140.9737675,116411079.49657255,129777969.60340758,117112704.7265175
2021-08-18,133334270.00064752,111383450.50167501,131069527.00886755,116148224.93121256,126362843.15627259,142238453.51015005,141019085.618025,126944639.53918256,125529810.84371758,123862733.4842225,123930859.26503254,113598279.70248505,124217093.59617506,115152662.98945253,135618323.89683002,115047456.50018756,109894784.00982258,128998452.18674001,109633296.41911006,129163742.35091999,125762020.60910754,128085061.03341003,129253331.77525756,122065106.71858753,116267599.72862752,119984667.35575008,128795089.91566011,115839435.14866504,130826789.30879505,140348917.46504503,114037649.89501005,129897721.91434255,144534839.00274003,135805037.90973008,138554907.0609025,115200163.23164754,129176078.71830754,127587877.17195751,113687834.15345001,112185975.30689253,123419252.85706006,132571205.08687004,100620915.58126757,117715998.55440508,128119792.62558001,124476270.58204503,123325851.92977756,120145140.9737675,116649084.98357256,130055923.73090757,116921002.88901749
2021-08-19,134585270.00064752,111124450.50167501,131436527.00886755,115975617.24921256,126924843.15627259,142351453.51015005,141449085.618025,127619639.53918256,125974810.84371758,125383733.4842225,124785859.26503254,114498752.99348505,124464093.59617506,115787662.98945253,137305323.89683002,115019456.50018756,110667784.00982258,129998452.18674001,110536296.41911006,128691742.35091999,126708020.60910754,128454061.03341003,129942804.84275755,122562106.71858753,117774599.72862752,120684667.35575008,129727089.91566011,116069435.14866504,130798789.30879505,141390917.46504503,115412649.89501005,129938721.91434255,144501839.00274003,136074037.90973008,140073907.0609025,115651163.23164754,130257078.71830754,128899877.17195751,115605834.15345001,112851975.30689253,124332252.85706006,133430338.97687003,100474915.58126757,119577998.55440508,128487792.62558001,126088270.58204503,124452851.92977756,120298140.9737675,117110084.98357256,130564923.73090757,117690002.88901749
2021-08-20,131648270.00064752,108604450.50167501,126943527.00886755,110228761.85053256,122131011.1325626,136403453.51015005,136715085.618025,122851478.29788756,121728574.87408508,122683733.4842225,121851859.26503254,110021752.99348505,120532156.22736757,110643662.98945253,132245852.21955502,110599632.05761257,106320608.37592258,126585452.18674001,107430296.41911006,124308742.35091999,123569020.60910754,124298061.03341003,125400804.84275755,118325244.11701503,112959599.72862752,117476667.35575008,124682846.87193511,112095810.10755254,124934133.51849505,136258276.31715754,111711649.89501005,124924555.19519505,138680839.00274003,130438168.60159507,135734907.0609025,111453163.23164754,125163078.71830754,124399877.17195751,112755971.55187751,109716662.38858253,120225252.85706006,128626338.97687003,98168566.06025256,115173998.55440508,123990792.62558001,122591270.58204503,120240851.92977756,117604140.9737675,112967357.72055256,124871765.81948256,115123914.495205
2021-08-23,131707525.15864752,106331607.98278002,123935916.77001256,110476416.03953254,118066474.62056258,133794117.46215005,133232291.99802501,119939629.44238755,119979610.26158509,119915733.4842225,119454353.74953255,108031533.62698506,117773190.05736756,108049828.69945253,129659565.05138752,108185276.72213507,103646134.36061758,124093750.36624001,105725435.41811007,121872797.15491998,121311964.70510754,124396204.44141003,123980064.40430756,114787242.19601503,111112599.72862752,115992218.31575009,120680475.27843511,110199203.56255254,120863671.76460005,135226019.47465754,108787696.73901007,122041042.60669506,136917034.22059,125953081.36259507,134154907.0609025,109184338.42164753,121832078.71830754,121850950.81695752,110139844.58437751,106927672.01458253,115878869.74406005,125630658.01122004,96732357.65075256,113083101.07716507,122335980.72008002,118465849.63354504,118166894.95627756,116934454.1622675,110236968.09555256,121051715.70098257,112987340.659705
2021-08-24,128515525.15864752,103952196.37428002,123621752.46851255,110342189.81853256,117660548.6290626,131991935.02615006,132348415.10252503,119116418.52138755,119394440.17358509,118119310.38922252,118063834.74653254,106804999.78948505,116171986.89936757,107899076.17752755,128302844.80588752,106889801.30457507,103150159.47861758,122485476.13124001,104632888.08111006,120722360.39491999,120229871.82660754,123270569.71641003,121878102.04480007,114248234.83151503,109799054.27162753,113755513.33925009,120159320.3089351,110022203.56255254,120918635.57760006,135753149.40765756,108112035.24901006,119300368.27269506,136730883.96559003,125301837.04409507,132074595.1909025,108880937.79314753,120623552.33788255,120735962.29795752,108829602.64237751,106545912.35558254,115161487.15156005,124720671.45072004,95363384.89525256,111831435.83866507,120296703.89758003,116578506.87454504,115893037.93127757,114631507.51326752,109242432.35955255,119909190.26548257,112168173.045705
2021-08-25,130012703.13863003,105911864.85578002,124601973.31101255,111775981.70353255,119402978.27858259,133503496.04865006,133418721.69752502,119646540.88788755,119456575.86358508,118109055.41922252,119836128.70605254,108060799.47198506,116944986.89936757,109080238.68252754,129439444.67638752,107130965.81257507,104988240.13561758,123256088.40792002,106390888.08111006,121186492.48492,119585513.97710755,124512361.60141003,122329893.92980006,114923193.94001502,111647538.97162753,114273838.65275009,121027651.0133951,111498900.09422754,122597473.69060007,137439149.40765756,110039517.24101005,119867772.43437506,137027474.49809003,125986769.61286008,131913464.30590251,110462643.22514753,122386539.34088254,123039183.14045753,108985607.05437751,107091426.86708254,115826534.58756006,125685628.83272004,95428152.22025256,113293435.83866507,122281681.49492252,116372506.87454504,116987498.42727757,115810923.27326751,110809432.35955255,120624806.95348257,113174173.045705
2021-08-26,130003703.13863003,106029864.85578002,123923820.32412755,110689981.70353255,118689124.07608259,134524787.63465005,133279968.18752502,119641799.64988756,118763895.4645851,117769564.53422251,120572659.93916754,107073799.47198506,116882550.37836757,108212176.56002754,126880075.86638753,106161981.23765007,105017269.25811759,123071922.33042002,106005888.08111006,120838806.0943075,119343908.55110756,123886361.60141003,122273893.92980006,114001282.20301503,110428792.93362753,113817838.65275009,119956766.09139511,110938359.19922754,122294305.60060006,136103149.40765756,109769201.46101005,119344627.80674006,135246474.49809003,125244022.67386007,132144079.60590251,110066643.22514753,121389881.26447254,121781924.99645752,108166112.07987751,107141147.63258253,115182433.45782256,124410628.83272004,95486198.36389005,112544226.11866507,120701190.60992253,116373977.54691003,115961007.54227757,116225923.27326751,109873048.56055255,119971229.81748258,112738173.045705
2021-08-27,130327703.13863003,107706864.85578002,125997243.18812755,111551249.82003255,119979357.42608258,135253499.32850006,134385065.28572503,120121655.07938755,118710521.98078509,118107383.23522252,122766843.25916754,107654799.47198506,118162633.57336757,108973775.13802755,127029564.93738753,106708388.24715006,106204269.25811759,124246034.41742001,107505888.08111006,123228023.1018075,119680682.97997254,125306961.58241002,123501776.47880006,115530110.31901503,110917792.93362753,115314924.3537501,121105501.46298261,111428575.53722754,124477700.35710007,136647854.20765755,111831201.46101005,119919247.10724005,135853534.76059002,126144513.67836007,133203009.08340251,110630973.36264753,122375810.74197254,123132980.08282253,109504641.1553775,108613147.63258253,116461086.15582256,125039628.83272004,96449514.60889006,113328559.52866508,121470190.60992253,117404219.72091003,115912532.38671757,116533361.05376752,110453577.23999254,121229428.15548258,113051173.045705
2021-08-30,131829703.13863003,108850864.85578002,128324243.18812755,113101815.27853255,121398357.42608258,137215132.91850007,135809287.43872502,120889655.07938755,120218725.91278508,120380377.15172252,123210843.25916754,109308799.47198506,120057957.57736757,111193775.13802755,130149564.93738753,107550388.24715006,107741269.25811759,125994034.41742001,109237888.08111006,125526807.38180749,121911062.72747254,127514961.58241002,124442039.24680007,116909110.31901503,113670792.93362753,116967924.3537501,122201764.2309826,113422575.53722754,126145700.35710007,138532854.20765755,112641201.46101005,121313662.36524005,137637798.23009002,127748637.17436008,134535922.55490252,112337082.83764754,124468073.50997254,124326613.67282252,110862120.25237751,109772147.63258253,117632086.15582256,127983628.83272004,97951011.11489005,114659559.52866508,124274041.15342252,119313443.17541003,118143048.51671758,118041138.53976752,112294686.71499255,122442428.15548258,114024173.045705
2021-08-31,132216685.13863003,109948864.85578002,129034243.18812755,113156815.27853255,122515357.42608258,137216132.91850007,138031287.43872502,121178655.07938755,120258725.91278508,121216377.15172252,123987843.25916754,109206799.47198506,121447957.57736757,111487775.13802755,130279564.93738753,107700388.24715006,108572269.25811759,126850034.41742001,110671888.08111006,128007807.38180749,121442062.72747254,126978961.58241002,125867039.24680007,118035110.31901503,114535792.93362753,118655924.3537501,123752764.2309826,113962575.53722754,127267700.35710007,138785854.20765755,113572201.46101005,121421662.36524005,138582798.23009002,127526637.17436008,135536458.08790252,113483082.83764754,125738073.50997254,125241613.67282252,112074120.25237751,110339147.63258253,117912086.15582256,129317628.83272004,98746011.11489005,114665559.52866508,125111041.15342252,120636443.17541003,118481048.51671758,118896138.53976752,113224686.71499255,122351428.15548258,114160173.045705
2021-09-01,132857580.18613003,110501864.85578002,129616243.18812755,113412815.27853255,122670357.42608258,137179132.91850007,138301287.43872502,121563655.07938755,120287725.91278508,121529377.15172252,124777843.25916754,109027799.47198506,122234957.57736757,112354775.13802755,129870564.93738753,107791388.24715006,109241269.25811759,126974034.41742001,111185888.08111006,128648807.38180749,121459062.72747254,127298961.58241002,126464039.24680007,118149110.31901503,114704792.93362753,119077924.3537501,124494764.2309826,113769575.53722754,128098700.35710007,138975854.20765755,114055201.46101005,121201662.36524005,139115798.23009002,128266637.17436008,136036458.08790252,113544082.83764754,126338073.50997254,125728613.67282252,112759120.25237751,111143147.63258253,119091086.15582256,129458628.83272004,99247011.11489005,114787559.52866508,125596041.15342252,120779443.17541003,118337048.51671758,120084138.53976752,113566686.71499255,122715428.15548258,114347173.045705
2021-09-06,133218580.18613003,113259864.85578002,132287243.18812755,116298815.27853255,123747357.42608258,140300132.91850007,140026287.43872502,123333655.07938755,121926725.91278508,123711377.15172252,124899843.25916754,111026799.47198506,124298957.57736757,114550775.13802755,133059564.93738753,108934388.24715006,110864269.25811759,128674034.41742001,112821888.08111006,131498807.38180749,122512062.72747254,128983961.58241002,127145039.24680007,120466110.31901503,118409792.93362753,121955924.3537501,126467764.2309826,115450575.53722754,130952700.35710007,141680854.20765755,116012201.46101005,124149662.36524005,140314798.23009002,130392637.17436008,137604458.08790252,115852082.83764754,128273073.50997254,126178613.67282252,113546120.25237751,112208147.63258253,119955086.15582256,133490628.83272004,101126011.11489005,115506559.52866508,128433041.15342252,122226443.17541003,120641048.51671758,120561138.53976752,117085686.71499255,125323428.15548258,114856173.045705
2021-09-07,133774580.18613003,111056864.85578002,131323243.18812755,116685815.27853255,124544357.42608258,138201132.91850007,139856287.43872502,121833136.63138756,120323725.91278508,122099377.15172252,123503843.25916754,110444799.47198506,122177957.57736757,114110775.13802755,131775564.93738753,109174388.24715006,109491269.25811759,126672034.41742001,111958888.08111006,128679807.38180749,122427062.72747254,129631961.58241002,125652039.24680007,118105110.31901503,116123792.93362753,119140924.3537501,125014764.2309826,115461575.53722754,129189700.35710007,141788854.20765755,113729201.46101005,124158662.36524005,139644798.23009002,130498637.17436008,135524458.08790252,114364082.83764754,126615073.50997254,126179613.67282252,112160120.25237751,109655147.63258253,118956086.15582256,132075628.83272004,99929011.11489005,116136559.52866508,127594041.15342252,121011443.17541003,119783048.51671758,119239138.53976752,115658686.71499255,124745428.15548258,114395173.045705
2021-09-08,136616580.18613002,111393864.85578002,131189243.18812755,117408815.27853255,126333357.42608258,138377132.91850007,141325287.43872502,121382136.63138756,120176725.91278508,122032377.15172252,123910843.25916754,110560883.06898506,122076957.57736757,115617775.13802755,132455564.93738753,108220388.24715006,110389269.25811759,126827034.41742001,113139888.08111006,128710807.38180749,121326062.72747254,130029961.58241002,125565039.24680007,117436519.31401503,116405792.93362753,119572924.3537501,125492764.2309826,117349734.17922755,128966175.69260007,143368854.20765755,113113201.46101005,125072662.36524005,138583488.79609004,129673637.17436008,135951458.08790252,115307082.83764754,127657073.50997254,126773613.67282252,112378120.25237751,108506231.22958253,119883086.15582256,132874628.83272004,99785011.11489005,116521559.52866508,128030041.15342252,121213443.17541003,120953048.51671758,118791138.53976752,115433686.71499255,124200428.15548258,114506173.045705
2021-09-09,137069580.18613002,112727864.85578002,132420243.18812755,118873815.27853255,127125357.42608258,139472132.91850007,143327956.889225,122041136.63138756,120722725.91278508,122440409.71672252,124430194.71466754,111870883.06898506,123874957.57736757,116777775.13802755,133541564.93738753,109516388.24715006,111505269.25811759,127336034.41742001,113715888.08111006,129812807.38180749,121275062.72747254,130704961.58241002,126919039.24680007,118498519.31401503,116590792.93362753,119826924.3537501,127425764.2309826,117604734.17922755,130718243.22960007,144423854.20765755,114159201.46101005,125571662.36524005,139641488.79609004,130519637.17436008,137939458.08790252,116160082.83764754,129262073.50997254,128004490.34182252,113433120.25237751,109576231.22958253,120971086.15582256,132974628.83272004,100055011.11489005,117001559.52866508,127281073.71842253,121567443.17541003,120574081.08171758,119596138.53976752,116525686.71499255,125117428.15548258,114846173.045705
2021-09-10,136761580.18613002,112878864.85578002,131757243.18812755,118559815.27853255,126419357.42608258,139259132.91850007,142645956.889225,122345136.63138756,120571725.91278508,122665453.55272253,124056194.71466754,111647883.06898506,123758957.57736757,116336775.13802755,132923564.93738753,109475388.24715006,111215269.25811759,126654034.41742001,113443888.08111006,130076807.38180749,121148211.92847255,130556961.58241002,126759039.24680007,118418519.31401503,117106792.93362753,120576924.3537501,127140787.20948261,118421734.17922755,130276243.22960007,144166854.20765755,113863201.46101005,126232662.36524005,139690488.79609004,130628637.17436008,137964458.08790252,115729082.83764754,129206073.50997254,127961490.34182252,112973120.25237751,109625231.22958253,120791086.15582256,134245628.83272004,99690011.11489005,117477559.52866508,127940316.47442253,121441443.17541003,120889343.24971758,119194138.53976752,117028686.71499255,126012428.15548258,115635173.045705
2021-09-13,134119580.18613003,111806864.85578002,129120243.18812755,117166815.27853255,123577357.42608258,138535132.91850007,140331956.889225,121517136.63138756,120880725.91278508,122754453.55272253,122901194.71466754,111516883.06898506,123832957.57736757,113580775.13802755,131814564.93738753,109159789.49145007,110767269.25811759,125578034.41742001,111819888.08111006,128842807.38180749,121296211.92847255,128853961.58241002,126484039.24680007,117761519.31401503,116163792.93362753,119591924.3537501,125921787.20948261,116554734.17922755,129398243.22960007,141557854.20765755,113137201.46101005,125206662.36524005,138218488.79609004,130168602.98686008,137593458.08790252,114693082.83764754,129365073.50997254,127289490.34182252,112117120.25237751,109345231.22958253,119894086.15582256,132521628.83272004,98737011.11489005,115433559.52866508,125478316.47442253,120470443.17541003,119324343.24971758,117698138.53976752,116402686.71499255,126307428.15548258,115492173.045705
2021-09-14,132098135.61113003,110952864.85578002,128752622.22512755,116576109.93053256,122686203.7000826,137908442.87200004,139268079.20272502,121444136.63138756,120338725.91278508,120893698.99772252,121230726.45166755,111065883.06898506,122189957.57736757,112465522.52802753,131083564.93738753,108316773.29145007,110384377.44311757,124698034.41742001,112318888.08111006,128588807.38180749,119558211.92847255,127233961.58241002,126613039.24680007,116408113.60201502,116721792.93362753,118887924.3537501,125327787.20948261,116089672.38472755,128604627.30710006,141591029.52265754,112050705.29301006,123959556.77724007,137096900.05309004,129174602.98686008,136648752.85590252,113824378.18614754,128508073.50997254,125679972.52182251,111089120.25237751,109109650.40858254,118861086.15582256,132948628.83272004,99377011.11489005,114981559.52866508,125518316.47442253,119023066.74091004,118365699.13771757,117624392.59326753,116447686.71499255,125056428.15548258,115593563.50820501
2021-09-15,133878416.86113003,112094045.88878003,130115928.83362755,118698109.93053256,125232423.90208259,139787451.75200006,141978079.20272502,121905136.63138756,121826045.78378509,122597698.99772252,122294072.46416755,112264883.06898506,124903228.69336757,115323522.52802753,132836268.08438753,109437035.36895007,113018377.44311757,127316034.41742001,114637132.33161007,131886711.43180749,120208682.43597256,129127619.00091003,128485039.24680007,117368354.46751502,119820792.93362753,121645642.6022501,127444787.20948261,118185672.38472755,130601408.58060007,144088029.52265754,113834724.48451006,125113647.83974007,137886900.05309004,130834602.98686008,138698752.85590252,116038378.18614754,132559073.50997254,127668756.99782252,112890226.61987752,110521403.46508254,120165969.99132256,135545840.25272006,100423084.36239006,115044370.25066507,127741118.49192253,119816066.74091004,119441699.13771757,118817392.59326753,118843686.71499255,126026428.15548258,117104563.50820501
2021-09-16,134113416.86113003,112462604.43378003,130494928.83362755,118581109.93053256,125734912.62593259,139702451.75200006,142295079.20272502,122537136.63138756,122096534.50763509,123192698.99772252,122916072.46416755,113056883.06898506,125644228.69336757,115547522.52802753,132767268.08438753,110389035.36895007,113355377.44311757,127949034.41742001,114611239.09071007,131825711.43180749,120337682.43597256,129582619.00091003,128875039.24680007,118728354.46751502,119523792.93362753,120945271.8907501,128311787.20948261,118221672.38472755,130543515.33970007,144895029.52265754,114534929.61651006,124826647.83974007,137535900.05309004,131193602.98686008,139793752.85590252,115648378.18614754,133348073.50997254,128086756.99782252,113007226.61987752,111072403.46508254,120165076.75042255,134936840.25272006,100820084.36239006,115410260.19366507,127326466.31092252,120511066.74091004,118813699.13771757,118758392.59326753,118839756.19436754,126549534.91458258,117737563.50820501
2021-09-17,135928841.02663004,112748604.43378003,130318928.83362755,120641109.93053256,127692334.88993259,142192451.75200006,142809079.20272502,122952136.63138756,122449451.46863508,124986698.99772252,123021758.79688755,113700883.06898506,128204228.69336757,116972522.52802753,133512268.08438753,111494035.36895007,114967377.44311757,129920034.41742001,115795262.21321006,133375711.43180749,121449682.43597256,131466619.00091003,130003039.24680007,120023354.46751502,120510792.93362753,121964271.8907501,129916787.20948261,119762672.38472755,132474425.29470007,145893029.52265754,115759929.61651006,126276953.09974006,139493546.21859005,133616602.98686008,142280752.85590252,117635378.18614754,135166073.50997254,129680756.99782252,114988226.61987752,111498403.46508254,120727160.61042255,136095840.25272006,101287084.36239006,115217260.19366507,128212466.31092252,122456066.74091004,120049699.13771757,120540392.59326753,119762636.83286755,128279505.50558257,117968563.50820501
2021-09-20,132722841.02663003,111829604.43378003,130728928.83362755,118781109.93053256,125274334.88993259,142376451.75200006,141123079.20272502,123389136.63138756,121005451.46863508,124236698.99772252,121575947.11988755,112987883.06898506,128037228.69336757,115173522.52802753,133678268.08438753,110159035.36895007,113728377.44311757,128606034.41742001,114019262.21321006,132510711.43180749,121022682.43597256,130296619.00091003,130323039.24680007,120504354.46751502,120347792.93362753,121846271.8907501,127739787.20948261,119131672.38472755,131597425.29470007,144911029.52265754,114814929.61651006,126314953.09974006,139765546.21859005,132673602.98686008,141715752.85590252,116611378.18614754,132978073.50997254,128029756.99782252,114127226.61987752,111424403.46508254,120000160.61042255,137796840.25272006,100909084.36239006,116782260.19366507,127137466.31092252,123837066.74091004,119633699.13771757,120420392.59326753,118668636.83286755,127567505.50558257,117476563.50820501
2021-09-21,132011199.64314252,112176769.59120503,129873664.82023256,118799933.92160256,125745334.88993259,142668451.75200006,141376079.20272502,122336136.63138756,120645451.46863508,125412698.99772252,120865947.11988755,112588316.80250005,130231228.69336757,115655522.52802753,134055268.08438753,108992053.14002007,113889377.44311757,129656034.41742001,114866279.98428006,134625711.4318075,120856682.43597256,130585619.00091003,130310039.24680007,120302354.46751502,122022792.93362753,122947271.8907501,127943787.20948261,119547672.38472755,132511425.29470007,144876029.52265754,115537929.61651006,127224953.09974006,138287546.21859005,132463602.98686008,141212752.85590252,116441378.18614754,134918073.50997254,128258756.99782252,114862226.61987752,110496403.46508254,118969160.61042255,139235840.25272006,100837908.35346006,115930260.19366507,126754937.85092252,124167066.74091004,118513699.13771757,119631864.13326752,118972940.64747004,128738505.50558257,116599563.50820501
2021-09-22,132432199.64314252,113563857.77420503,131687334.78773257,120052933.92160256,126466737.59393258,144734451.75200006,143072462.055225,123689193.73138756,121621451.46863508,127009698.99772252,121342779.63188756,114806219.95450005,131051228.69336757,116089522.52802753,136322268.08438754,109402076.26252006,114951600.03911757,129950034.41742001,116760183.13628006,135996711.4318075,121632244.02247255,130764619.00091003,132304039.24680007,120564354.46751502,124371792.93362753,124974271.8907501,128836787.20948261,119802672.38472755,133556425.29470007,146146471.16815755,116014929.61651006,127971953.09974006,139835546.21859005,133004602.98686008,142811752.85590252,117484378.18614754,135298073.50997254,128512756.99782252,116296226.61987752,112122464.76508254,119288295.11292256,142970840.25272006,102105002.52096006,117225430.95966507,128553431.45842253,124531066.74091004,120078699.13771757,120429362.35026753,120378302.87547004,129435505.50558257,117004563.50820501
2021-09-23,131766836.73164253,113282857.77420503,130057575.74373256,119535571.01010256,126759737.59393258,142567451.75200006,142141462.055225,122877193.73138756,120954451.46863508,125685698.99772252,121510779.63188756,114259219.95450005,131086228.69336757,115639522.52802753,134628268.08438754,110032076.26252006,114670600.03911757,129666034.41742001,115368183.13628006,135599711.4318075,120752575.26897255,130057619.00091003,130997039.24680007,120419354.46751502,123214792.93362753,124260271.8907501,130446787.20948261,119827672.38472755,133379425.29470007,144888471.16815755,116195929.61651006,127136953.09974006,139310546.21859005,133263602.98686008,141864752.85590252,117286378.18614754,135343073.50997254,128314756.99782252,115276226.61987752,111788464.76508254,118556295.11292256,140161840.25272006,101313002.52096006,116433430.95966507,127647431.45842253,123692066.74091004,120147699.13771757,119046448.71176752,119970302.87547004,129581505.50558257,117605563.50820501
2021-09-24,130636704.16114253,112597857.77420503,130213575.74373256,119347571.01010256,125851737.59393258,142020451.75200006,141211462.055225,123020193.73138756,120729451.46863508,124236698.99772252,121082779.63188756,113019219.95450005,129665228.69336757,115339522.52802753,134292268.08438754,109964076.26252006,114466600.03911757,129057876.69242002,113688550.95878007,134010711.43180749,120874575.26897255,129591619.00091003,128974039.24680007,120358354.46751502,122784792.93362753,123040271.8907501,129016787.20948261,119660672.38472755,132722425.29470007,144960471.16815755,115288929.61651006,127054953.09974006,139262546.21859005,132632602.98686008,140731752.85590252,116862220.46114755,133657073.50997254,127692756.99782252,114536295.46237752,110787464.76508254,118004295.11292256,138259840.25272006,100462734.66646007,116148430.95966507,127121204.00342253,123193066.74091004,119906699.13771757,117979448.71176752,119548302.87547004,128839505.50558257,117525563.50820501
2021-09-27,126728995.46370003,108423083.99920502,127056347.72950006,115274838.23593256,122221737.59393258,138051001.07842755,138420620.6256,120774193.73138756,117582840.1017001,119784943.44022253,118739349.00668254,108947638.57498756,125689007.15586758,112508805.29852754,130189268.08438753,107515076.26252006,111285600.03911757,125632948.14642002,109306835.32628007,129417866.5583075,116843549.64960755,125575637.78841002,124840719.37430006,116903354.46751502,119205792.93362753,118751685.71260259,125394787.20948261,117095672.38472755,128707074.28139007,140340471.16815755,112689929.61651006,123219953.09974006,136081778.40114754,129064209.28338508,135723255.4519025,113193204.26114754,129977073.50997254,124823756.99782252,110522295.46237752,108347438.24258253,114729816.99641006,132743089.45022005,97829763.17406008,113426430.95966507,124080204.00342253,120473362.81091003,116317910.85821758,114664083.11716503,116737302.87547004,125268505.50558257,115421563.50820501
2021-09-28,127378958.65505253,109298391.96812503,128714092.78350006,116218165.06878507,123684523.07043259,138753416.13842756,140889324.73160002,121842213.10338756,118698680.74820009,121084033.74572253,120720244.32168256,110509884.55298755,128563784.50136758,114120203.44752754,132874734.35388753,109266212.43602006,113017082.26911758,127139541.52442002,111059592.93628007,131587654.6933075,118322618.47810756,125893951.88591003,124917012.04230008,117205898.29651502,121738051.86262754,119978207.7726026,128265787.20948261,117974534.99722755,128963559.15639007,141190278.24515757,115333545.81951006,123363038.13064006,136422008.67364752,130109922.61588508,135470014.6994025,113817510.78564754,132828773.63647255,125843401.21432254,112359975.02487752,110017649.72013253,116302055.52391006,133140347.19622006,98782690.21331757,113332649.17104506,124164769.24372253,120162160.14291003,118247135.20771758,114768914.45966503,118152618.43397005,127068520.11108257,116688805.76170501
2021-09-29,127249972.47305253,108571309.07175003,128096152.44050007,115832544.81628507,123800314.6519326,138188884.13092753,142059405.17379752,121664614.92561756,118121940.9514726,121339633.62522253,120206244.32168256,110598164.72998756,128106543.29559758,113942348.54352754,132052885.66188753,108671212.43602006,112830082.26911758,126120845.72633001,111814037.61228007,130563323.01780751,117452332.12510756,125248263.49291003,124395253.25965008,117079215.50651503,121452134.52262753,118980507.2691026,128289546.00371261,117458326.57872756,128685193.55839008,140955374.71415755,114943545.81951006,122578120.79064007,136300311.46564755,129898716.61538509,134949042.53840253,113117805.59864753,131830067.96370254,124707466.26232253,111624486.65037751,108600960.03038253,115915362.13281006,133444198.31884506,99103981.53154756,112241955.66454507,123524983.88322252,119457404.09891003,117294855.75021759,113836949.18876503,118443618.43397005,126003278.90531257,116412399.327705
2021-09-30,127143972.47305253,109067292.87175003,128983574.45350006,116035391.04278508,123941164.67243259,138475140.44492754,143138649.83129752,122588618.33611757,118087409.2414726,122734591.51922253,120670606.34668255,110366164.72998756,128633375.20559758,113649348.54352754,132515955.24938753,109012953.89752007,113339935.99111758,126588408.82033002,112482748.04728007,130528394.47180751,117459630.27210756,125576334.94691004,124288983.61415008,118260178.59301503,121990806.83512753,119577454.8571026,128783396.02421261,117794310.37872756,129044003.56389007,141043253.65415755,115480159.70451006,122534828.02264008,136547816.98064753,130371379.9723851,135369391.76940253,112939627.40114754,133268139.41770256,125005659.65332253,112111183.97787753,108805626.80988254,116209846.23281007,135091923.47634506,99701873.28354755,112146613.31704508,123827902.39322254,119889401.04141003,117255855.75021759,113761207.55376503,118514618.43397005,126274111.87481257,116667428.960205
2021-10-01,126889354.11305253,107057292.87175003,130143574.45350006,115192626.89428508,123922164.67243259,137474700.00492755,144480035.27429754,123871038.09861755,118604113.4734726,122641699.19422254,119809606.34668255,109959308.00389256,128065375.20559758,113328570.19352755,132316955.24938753,108397953.89752007,113423935.99111758,126202671.58833003,112331748.04728007,129364794.3028675,116113630.27210756,124195334.94691004,123258404.59704009,117927439.40228504,122264806.83512753,118976493.3434526,127949396.02421261,117177310.37872756,128078003.56389007,140426253.65415755,115092635.59851006,121811858.08887008,135856540.54814753,129086379.9723851,133338135.78594254,111657331.63314754,132370139.41770256,123841167.56832254,111879068.76345253,109101626.80988254,114971920.08681005,134704923.47634506,99350785.63854755,111301613.31704508,122660677.36872253,118614483.10141003,117328450.93298759,113988026.54276504,117930001.27397005,124729111.87481257,116120079.361595
2021-10-04,126795010.32705253,107891529.09975003,131215796.76189506,114286953.61918508,124393164.67243259,139649000.99692753,144989874.05903503,123772038.09861755,120024113.4734726,123248699.19422254,119464606.34668255,110263871.78744756,128431028.71559757,114209322.62648754,133271465.13053003,108382740.54443006,115198935.99111758,127243535.25559002,112706898.99609506,130336225.38186751,115933730.35144506,126140561.60491005,123497906.56004009,118311041.85572004,122089211.82054253,118381018.90032011,129468396.48121262,119013310.37872756,129101533.91812757,141498334.52076256,114489635.59851006,122576803.42037007,137588540.54814753,129318672.06438509,135533265.70570755,112829685.53864755,133556505.19220255,124488629.10993253,111506069.20196752,109612591.32888253,115717920.08681005,135426765.29108256,100250785.63854755,110959258.94554508,124662229.05199003,119981854.15474004,117731655.46498759,114041024.53128004,119445001.27397005,124172059.79731257,116362972.526095
2021-10-05,127851777.29305252,108365107.42575003,131870037.57289506,116597541.59118508,125206164.67243259,140352000.99692753,146264755.69453502,125149784.51961756,120603636.4513976,123837800.76622254,120444786.92718257,110610096.01294756,128691670.61159758,114668125.72748753,134530297.25253004,110741861.92693007,115670982.19508009,129474886.87759003,112591047.51637007,131505225.38186751,116881672.60894507,126907561.60491005,125228906.56004009,119497629.44218004,123810236.84454253,118895456.0653201,130243396.48121262,119185272.52872756,128705180.75007758,141750139.01576257,117038635.59851006,123010803.42037007,138122871.04814756,131425672.06438509,135801085.42170253,114711685.53864755,136335598.33220255,127116419.69443253,114274292.44446753,111248304.52888253,115167531.51781006,135474468.92308256,101396450.60854757,111390760.71804509,124676039.65199004,121152068.69274004,118082151.95944759,116490567.46728005,119121147.33497004,126028615.62081258,116710972.526095
2021-10-06,128153134.85805254,110273107.42575003,132921037.57289506,117314541.59118508,126026231.19193259,141307000.99692753,147237755.69453502,125739784.51961756,121621958.65539761,127036800.76622254,120752786.92718257,110646257.44294755,129557670.61159758,114876125.72748753,135601297.25253004,111318861.92693007,116217052.94758008,130704886.87759003,113484470.51437007,131916568.60586251,117053908.35894507,127112509.52391005,126275906.56004009,121438333.67418003,125187236.84454253,119533456.0653201,131206396.48121262,119618272.52872756,129517262.81007758,143350139.01576257,118044635.59851006,123436803.42037007,138629886.76764753,132863672.06438509,136080093.73820254,116208685.53864755,137497598.33220255,128463419.69443253,114970292.44446753,111700304.52888253,116049766.06781006,136985468.92308256,102445450.60854757,112267760.71804509,125712110.40449004,122044068.69274004,119234163.87594758,117042567.46728005,120155147.33497004,127134615.62081258,117177972.526095
2021-10-07,127597134.85805254,111440107.42575003,132070037.57289506,117772541.59118508,125794231.19193259,141867246.05292755,146913245.70353502,125801784.51961756,121571958.65539761,127956800.76622254,121133786.92718257,110361257.44294755,130982571.35109758,114478125.72748753,134918297.25253004,111676861.92693007,116791052.94758008,131664886.87759003,113894218.64837007,132244057.21036251,117842908.35894507,127942885.04991004,127585906.56004009,121816333.67418003,124421236.84454253,119036456.0653201,131812396.48121262,119030042.59022756,130461262.81007758,143367139.01576257,118288635.59851006,124799139.52237007,139030277.81514755,133563672.06438509,137788690.50870255,117756685.53864755,137174598.33220255,129288419.69443253,115185292.44446753,112248304.52888253,116870766.06781006,137893468.92308256,103145450.60854757,112395530.77954508,125881110.40449004,122636068.69274004,120533163.87594758,116734567.46728005,121063003.04747005,128522615.62081258,117059972.526095
2021-10-08,127785134.85805254,111839107.42575003,133134037.57289506,118329541.59118508,126538231.19193259,142573246.05292755,146398245.70353502,125691784.51961756,121945958.65539761,126966800.76622254,121445786.92718257,110998257.44294755,131217571.35109758,114704125.72748753,136321297.25253004,112084861.92693007,116865052.94758008,131061886.87759003,113355218.64837007,131641057.21036251,119138908.35894507,128614885.04991004,127279906.56004009,122050333.67418003,124097236.84454253,119540456.0653201,131399396.48121262,119237042.59022756,130777262.81007758,144282139.01576257,118432635.59851006,124713139.52237007,139709277.81514755,133449672.06438509,137390690.50870255,117970685.53864755,136797598.33220255,129358419.69443253,115545292.44446753,112885304.52888253,117863766.06781006,137889468.92308256,103372450.60854757,113814530.77954508,125120110.40449004,122734068.69274004,120256163.87594758,117064567.46728005,121146003.04747005,128957615.62081258,117369972.526095
2021-10-11,129187134.85805254,114625107.42575003,136807037.57289505,119925541.59118508,127821231.19193259,145147246.05292755,147970245.70353502,128604784.51961756,123249958.65539761,128843800.76622254,123274786.92718257,113145257.44294755,133842571.35109758,116964125.72748753,138777297.25253004,114021861.92693007,118779052.94758008,133369886.87759003,114391218.64837007,133311057.21036251,121170908.35894507,131137885.04991004,128735906.56004009,124451333.67418003,125038236.84454253,121676456.0653201,133124396.48121262,121873042.59022756,134615262.81007758,146274139.01576257,119908635.59851006,125878139.52237007,142982277.81514755,134810672.0643851,139919690.50870255,119845685.53864755,138923598.33220255,131168419.69443253,116434292.44446753,115541304.52888253,119200766.06781006,141051468.92308256,105426450.60854757,116139530.77954508,126964110.40449004,125193068.69274004,121681163.87594758,119779567.46728005,123224003.04747005,129126615.62081258,118565972.526095
2021-10-12,129300134.85805254,114998107.42575003,137941037.57289505,120927541.59118508,127533231.19193259,145851838.52556753,148947245.70353502,129187784.51961756,124629958.65539761,130560800.76622254,123772786.92718257,113181257.44294755,134782571.35109758,118105125.72748753,140629297.25253004,113493861.92693007,119215052.94758008,134013886.87759003,114086218.64837007,134855057.21036252,121647908.35894507,131903885.04991004,129051906.56004009,125181333.67418003,126801236.84454253,123293456.0653201,133598396.48121262,122280042.59022756,135148262.81007758,146627139.01576257,120790635.59851006,126685139.52237007,143545277.81514755,135755672.0643851,140520690.50870255,120186685.53864755,140707598.33220255,132174419.69443253,117665292.44446753,116153304.52888253,118979766.06781006,140035468.92308256,105626450.60854757,117447530.77954508,127844110.40449004,125317068.69274004,122142163.87594758,119816567.46728005,123095003.04747005,129599615.62081258,119032972.526095
2021-10-13,130077134.85805254,114764107.42575003,138420037.57289505,120841541.59118508,126932135.17693259,144538019.44556755,149944333.80253503,129614784.51961756,124684958.65539761,131745800.76622254,123096786.92718257,112351257.44294755,133722571.35109758,117955125.72748753,140127297.25253004,113621861.92693007,118853052.94758008,134733886.87759003,115273282.66137007,135370057.21036252,120829908.35894507,131750885.04991004,129231906.56004009,125813333.67418003,126383236.84454253,122369456.0653201,133457396.48121262,121405664.00722755,134125262.81007758,146263163.27576256,120734635.59851006,126550139.52237007,142585277.81514755,135802672.0643851,140916690.50870255,120349685.53864755,140453598.33220255,132693419.69443253,117787292.44446753,116111304.52888253,118955766.06781006,140669468.92308256,106520450.60854757,117149530.77954508,127446110.40449004,125105068.69274004,122502163.87594758,120250567.46728005,122808003.04747005,129218068.73581257,118642972.526095
2021-10-14,131473134.85805254,116131107.42575003,140225037.57289505,121098541.59118508,127325135.17693259,145492019.44556755,151234333.80253503,130827784.51961756,125465958.65539761,133545800.76622254,123501786.92718257,112066257.44294755,134700571.35109758,118368125.72748753,141077297.25253004,115553861.92693007,118849052.94758008,135123886.87759003,116404282.66137007,134864057.21036252,121188908.35894507,132504885.04991004,130479906.56004009,127412333.67418003,127585236.84454253,123194456.0653201,133727396.48121262,121100664.00722755,135008262.81007758,147532163.27576256,121292635.59851006,126625139.52237007,142837277.81514755,136043672.0643851,141389690.50870255,120842685.53864755,140490598.33220255,133233419.69443253,117988292.44446753,116619304.52888253,119879766.06781006,143055468.92308256,107398450.60854757,118523530.77954508,127432110.40449004,125012068.69274004,123846163.87594758,120729446.00628003,123704003.04747005,129960068.73581257,118649972.526095
2021-10-15,132791134.85805254,115431107.42575003,139353037.57289505,121681541.59118508,128058135.17693259,144947019.44556755,151312333.80253503,130051784.51961756,125879958.65539761,134500800.76622254,123342786.92718257,112009257.44294755,135246571.35109758,117985125.72748753,141172297.25253004,116607861.92693007,119151052.94758008,134983886.87759003,116916282.66137007,134415057.21036252,121371908.35894507,132110885.04991004,130418906.56004009,127723333.67418003,127875236.84454253,122469456.0653201,134061396.48121262,120587664.00722755,134520262.81007758,148329163.27576256,121348635.59851006,126647139.52237007,140771277.81514755,136359672.0643851,140283690.50870255,120411685.53864755,140185598.33220255,133194419.69443253,118201292.44446753,115620304.52888253,120734766.06781006,143874468.92308256,107131450.60854757,117730530.77954508,126849110.40449004,124695068.69274004,123338163.87594758,121323446.00628003,123869003.04747005,130217068.73581257,119060972.526095
2021-10-18,133072134.85805254,115132107.42575003,138900037.57289505,123034541.59118508,128769135.17693259,144537019.44556755,152074333.80253503,129300784.51961756,126696958.65539761,134317800.76622254,124186786.92718257,112567358.40844755,135847571.35109758,119693125.72748753,141694297.25253004,118317861.92693007,119780052.94758008,135066886.87759003,116265282.66137007,134609818.3833625,121929908.35894507,132492321.42491004,131723906.56004009,128079333.67418003,128897236.84454253,123330456.0653201,134014396.48121262,120231664.00722755,134104262.81007758,148637163.27576256,122745635.59851006,126287139.52237007,141119333.12014756,136650672.0643851,139313530.08470252,120203804.01464754,140821157.38220257,133984180.86743253,118814292.44446753,116714434.21088253,121819766.06781006,142938468.92308256,106462450.60854757,118043530.77954508,128330485.64499004,124641068.69274004,123413163.87594758,121806446.00628003,123304003.04747005,130031068.73581257,118907972.526095
2021-10-19,133327134.85805254,114982107.42575003,139063037.57289505,122788541.59118508,127971135.17693259,144002019.44556755,152372333.80253503,129981784.51961756,126234958.65539761,135200800.76622254,123891786.92718257,112367358.40844755,134845571.35109758,120080125.72748753,141191297.25253004,118072861.92693007,119673052.94758008,135726886.87759003,115401667.16387007,134965818.3833625,121811908.35894507,132816321.42491004,131371906.56004009,128621333.67418003,127734283.65804254,123103456.0653201,133632396.48121262,120272664.00722755,133874262.81007758,147933163.27576256,122569635.59851006,125790139.52237007,141084333.12014756,136497672.0643851,139930530.08470252,119271804.01464754,139449157.38220257,133012180.86743253,118405292.44446753,116621434.21088253,121001766.06781006,143756468.92308256,106774450.60854757,117654530.77954508,128390485.64499004,124054068.69274004,122978163.87594758,121984446.00628003,123417003.04747005,129667068.73581257,118408972.526095
2021-10-20,133240134.85805254,115405107.42575003,139467037.57289505,121962541.59118508,128227135.17693259,143091019.44556755,151830333.80253503,129641784.51961756,126707958.65539761,135884800.76622254,123883190.66518256,111628545.28330505,134282571.35109758,119191125.72748753,140638297.25253004,118549861.92693007,119667052.94758008,136138886.87759003,115212423.82787007,134018818.38336252,121202908.35894507,132384321.42491004,132290906.56004009,129091333.67418003,127707283.65804254,122989456.0653201,134018396.48121262,120023664.00722755,133957262.81007758,148964163.27576256,122346635.59851006,125563139.52237007,140244333.12014756,136222672.0643851,139724530.08470252,119060804.01464754,139792157.38220257,133736180.86743253,117699292.44446753,116546434.21088253,121811766.06781006,144396468.92308256,106983450.60854757,117514530.77954508,128376148.32749005,124104068.69274004,123411163.87594758,121927446.00628003,123494003.04747005,128768068.73581257,118428972.526095
2021-10-21,132792134.85805254,116490107.42575003,140221037.57289505,122152541.59118508,127565135.17693259,143897019.44556755,151675333.80253503,129629784.51961756,126374958.65539761,137076800.76622254,123051190.66518256,110718429.62330505,135493571.35109758,118304125.72748753,140916297.25253004,117924861.92693007,119347052.94758008,136698886.87759003,115526423.82787007,133056818.38336252,120773908.35894507,132159321.42491004,131826906.56004009,129907333.67418003,128610283.65804254,123994456.0653201,132943396.48121262,119936664.00722755,134572262.81007758,149446163.27576256,122635635.59851006,125435139.52237007,139864333.12014756,136345672.0643851,139581530.08470252,119845804.01464754,139779157.38220257,134079180.86743253,118389292.44446753,116008434.21088253,121472766.06781006,144987468.92308256,107264450.60854757,117832530.77954508,127265148.32749005,124163068.69274004,123523163.87594758,121212446.00628003,124236003.04747005,129104068.73581257,117750972.526095
2021-10-22,132291413.59805253,118361758.73175003,139572037.57289505,122885541.59118508,127475135.17693259,144105019.44556755,151378333.80253503,129013648.42961757,127242990.9658976,138548800.76622254,123022190.66518256,109928380.50980507,135971571.35109758,118429125.72748753,141577297.25253004,118906861.92693007,119444052.94758008,137683886.87759003,117263423.82787007,133886818.38336252,120241908.35894507,132434321.42491004,133440906.56004009,131095333.67418003,130273283.65804254,124748456.0653201,133321396.48121262,120016664.00722755,134926946.9205776,150505163.27576256,123168635.59851006,126373271.41237007,138919333.12014756,137556672.0643851,139583530.08470252,121972804.01464754,140934157.38220257,136720180.86743253,119572316.15396753,116139434.21088253,121433766.06781006,145169468.92308256,107471885.10104756,118526620.12804508,127225148.32749005,125305068.69274004,124758163.87594758,120428446.00628003,124577003.04747005,129709068.73581257,117945972.526095
2021-10-25,130507413.59805253,118427758.73175003,138090037.57289505,122583541.59118508,126228632.9589326,144422019.44556755,149191844.74753502,127513648.42961757,127475990.9658976,136119800.76622254,122125033.60718258,108586696.03590506,134675571.35109758,118173125.72748753,139850297.25253004,119083861.92693007,118664052.94758008,136065886.87759003,115169830.94750758,133951991.33710751,119794908.35894507,133498321.42491004,133533906.56004009,130351333.67418003,128641283.65804254,124558456.0653201,132558396.48121262,118876664.00722755,134126946.92057757,148295163.27576256,122829635.59851006,126877271.41237007,138240333.12014756,137370672.0643851,139331385.84870255,121482804.01464754,140688157.38220257,135259353.82117754,118843316.15396753,115327434.21088253,119992766.06781006,143621468.92308256,106057207.70204756,117469620.12804508,126195148.32749005,124562068.69274004,123202163.87594758,118747446.00628003,123222003.04747005,129700068.73581257,117092972.526095
2021-10-26,131014930.39705254,118942758.73175003,138255216.82589507,123322987.60368508,127053632.9589326,145015206.76406753,149471066.53953502,127722944.48361757,127151226.00053011,138146514.56772253,122275070.62268257,109307940.59190507,136514703.5845976,118844125.72748753,142013941.62203002,119603861.92693007,118874126.8970801,137262886.87759003,116509778.63350758,134714323.50760752,120493484.77894506,133922321.42491004,133771906.56004009,130746773.61218004,129636232.74654253,125156456.0653201,133272266.00921261,118891313.34572756,134741946.9205776,150506546.39663756,123201301.13651006,126960070.89837007,138747423.42314756,138419672.0643851,139992385.84870255,123283804.01464754,141275636.04270256,136652608.12917754,120115364.49646753,115927236.26538253,120407686.22581007,143838231.92208254,106278667.39204757,118841831.59954508,127722148.32749005,124842129.43274003,124416163.87594758,118237654.32528004,123623823.74547005,130378278.70331258,117904972.526095
2021-10-27,135082262.60705253,121959758.73175003,140933216.82589507,127249987.60368508,130185632.9589326,147649206.76406753,152718906.05553502,130548944.48361757,129552264.2335301,141301514.56772253,126360070.62268257,111813940.59190507,139517703.5845976,121352125.72748753,146952941.62203002,122980861.92693007,121763126.8970801,140364886.87759003,120202778.63350758,138368323.50760752,123589484.77894506,137981321.42491004,136612906.5600401,134986773.61218002,133286689.43154253,128109456.0653201,137253266.0092126,121049669.37322757,137276946.9205776,153020222.02313757,127057805.84851006,130088070.89837007,142141423.42314756,141419672.0643851,142921385.84870255,126939804.01464754,144533636.04270256,141473040.39917755,123536530.20446754,119520236.26538253,122698686.22581007,146519231.92208254,107934667.39204757,121553831.59954508,129986148.32749005,126552129.43274003,127956163.87594758,121498246.29428004,126607823.74547005,132913278.70331258,119870972.526095
2021-10-28,137863262.60705253,123666758.73175003,141158216.82589507,129235987.60368508,131168632.9589326,150471206.76406753,154108906.05553502,132068944.48361757,131178264.2335301,143803514.56772253,126637070.62268257,112733940.59190507,141234703.5845976,121158125.72748753,148309941.62203002,126247861.92693007,122673126.8970801,142130886.87759003,123658778.63350758,139574323.50760752,125060484.77894506,139379321.42491004,138190906.5600401,137580773.61218002,134588689.43154255,127607456.0653201,137937266.0092126,122644669.37322757,137971946.9205776,154674222.02313757,128132805.84851006,130733070.89837007,142781423.42314756,143178672.0643851,144524385.84870255,129727804.01464754,144601636.04270256,142356040.39917755,124716530.20446754,120588236.26538253,123851686.22581007,149531231.92208254,109182667.39204757,122747831.59954508,131256148.32749005,127522129.43274003,129154163.87594758,122900246.29428004,128849823.74547005,135535278.70331258,120421972.526095
2021-10-29,138300262.60705253,123821758.73175003,141803216.82589507,130616987.60368508,130855632.9589326,150633206.76406753,154658906.05553502,133108944.48361757,132243392.5145301,143966514.56772253,126923070.62268257,112844940.59190507,142301703.5845976,121986702.37698755,149033941.62203002,127401861.92693007,123052126.8970801,142353886.87759003,124177778.63350758,141287323.50760752,126648484.77894506,139979321.42491004,138653560.25754008,138849773.61218002,136575689.43154255,128787834.49632011,137924266.0092126,124156669.37322757,138376946.9205776,155450222.02313757,128417805.84851006,132117070.89837007,144701423.42314756,143785672.0643851,144930385.84870255,131106804.01464754,144802636.04270256,143689590.93517753,126146530.20446754,121091758.38038254,123875870.73981006,150134231.92208254,108666644.58454756,123847831.59954508,130671148.32749005,128738129.43274003,129421685.99094759,123495246.29428004,129432823.74547005,137043278.70331258,120755972.526095
2021-11-01,138004262.60705253,124337758.73175003,142425216.82589507,129912987.60368508,130264632.9589326,152113206.76406753,155032906.05553502,134401944.48361757,131085392.5145301,144556514.56772253,126931070.62268257,112032940.59190507,142289703.5845976,122142702.37698755,150710941.62203002,127701861.92693007,121797126.8970801,142424886.87759003,125787778.63350758,141824323.50760752,126971484.77894506,139541321.42491004,140268560.25754008,138856773.61218002,138896689.43154255,129147834.49632011,136827266.0092126,124104669.37322757,138409946.9205776,157558222.02313757,127355805.84851006,133535070.89837007,145244423.42314756,143775672.0643851,145749385.84870255,132645804.01464754,144570636.04270256,145323590.93517753,125183530.20446754,121433758.38038254,124037870.73981006,149868231.92208254,108925644.58454756,125358831.59954508,130685148.32749005,129655129.43274003,130015685.99094759,122461894.49175504,128891823.74547005,137338278.70331258,120904972.526095
2021-11-02,142211262.60705253,128227758.73175003,144070216.82589507,134085987.60368508,130752632.9589326,157291206.76406753,159071882.36453503,136414944.48361757,134196604.09853011,150043553.81122255,128343070.62268257,113801382.97390507,146366373.1045976,123823702.37698755,155447893.07753003,132074861.92693007,123185183.03208008,144749886.87759003,131638644.07350758,145587323.50760752,129653484.77894506,143246321.42491004,143587560.25754008,142728051.96718004,142487711.86604252,130883088.90632011,139430738.2092126,125757036.60472757,139948749.51057756,161486222.02313757,129883805.84851006,136394070.8983701,147316423.42314756,147540672.0643851,148365385.84870255,137856804.01464754,148041594.73970255,149530590.93517753,128414516.73196752,123239758.38038254,124954840.54131007,153443031.12308255,111604644.58454756,127891831.59954508,130615148.32749005,132493129.43274003,132369685.99094759,125077384.04175505,131002793.54697005,140248629.5358126,121840073.44409502
2021-11-03,135952624.48405254,122409758.73175003,142583216.82589507,129927987.60368508,128603632.9589326,151997206.76406753,155611882.36453503,134996944.48361757,129467604.09853011,143855553.81122255,126368070.62268257,111854382.97390507,142282373.1045976,121279702.37698755,150179893.07753003,128686861.92693007,121570183.03208008,141187886.87759003,125449644.07350758,140208323.50760752,126844484.77894506,139072321.42491004,139843560.25754008,138735051.96718004,137981711.86604252,127225221.59632011,136131738.2092126,122894036.60472757,138002749.51057756,155818222.02313757,126445805.84851006,132042070.89837007,144118423.42314756,144147672.0643851,143488385.84870255,133135804.01464754,144191594.73970255,144212590.93517753,124917579.37996753,121479758.38038254,122588840.54131007,150303031.12308255,108601644.58454756,125637831.59954508,129032148.32749005,129781129.43274003,128394685.99094759,121781384.04175505,126243793.54697005,135785629.5358126,120320073.44409502
2021-11-04,135802441.63955256,121731493.05975005,141779216.82589507,130661378.45168507,127791466.9889326,154091846.10556754,158072350.73453504,135648610.32961756,129757934.84403011,145133422.46272254,127511362.21368258,112886334.60990506,143643739.7575976,122521837.54248753,152500850.09553003,131624947.36993007,121769918.4535801,142626424.57759002,126189568.60750757,141379323.50760752,128604484.77894506,138850221.39291003,142692999.3600401,141484280.25318003,138598222.91554254,127206221.59632011,137076738.2092126,124368899.71422757,138120146.36457756,155325043.16913757,127131243.17699006,133179988.11987008,143907350.45064756,146664351.0708851,144079247.13970256,135895499.26964754,144404594.73970255,145701831.15467754,126110579.37996753,122365338.45388255,124417565.63281007,151215114.41708255,108820783.01554757,125097521.07054508,129111915.87599005,131439754.16224004,129138521.07394758,122805582.82275504,126106708.41447005,137550046.8518126,121083553.15459502
2021-11-05,137654441.63955256,122965006.68825005,143573517.70089507,131610378.45168507,129014466.9889326,155769846.10556754,159878350.73453504,136648610.32961756,132922513.94803011,146347650.20972255,127960944.24868259,114040085.85456008,146283739.7575976,124972788.72548755,154288850.09553003,132799947.36993007,123172918.4535801,146189424.57759002,126809731.31550758,143380323.50760752,129172589.19794506,139373221.39291003,144411495.3000401,143396280.25318003,140923222.91554254,130056221.59632011,137449517.3172126,126062899.71422757,139965410.7770776,156147498.7556376,129064595.99899007,135223988.1198701,144493350.45064756,147903351.0708851,145855247.13970256,137553499.26964754,146198594.73970255,146850831.15467754,127950579.37996753,123025338.45388255,126102565.63281007,152873114.41708255,109626783.01554757,125555521.07054508,130391915.87599005,134193925.34674004,130591521.07394758,123780582.82275504,128177978.08697005,140298046.8518126,121477553.15459502
2021-11-08,138600441.63955256,126265006.68825005,146487517.70089507,133125378.45168507,130875466.9889326,158059846.10556754,162206350.73453504,138154610.32961756,135590513.9480301,148002650.20972255,129450314.47968258,116157184.12356007,150271739.7575976,127488788.72548755,158140850.09553003,134992947.3699301,124762918.4535801,149258424.57759002,128251731.31550758,145926323.50760752,132018589.19794506,140558221.39291003,147853495.3000401,146433280.25318003,143851222.91554254,132953221.59632011,139249517.3172126,127471899.71422757,141515410.7770776,158315498.7556376,132171595.99899007,138611988.1198701,146280350.45064756,148730351.0708851,148523247.13970256,139661499.26964754,148704594.73970255,149609831.15467754,129620579.37996753,124116338.45388255,128625565.63281007,155355114.41708255,110628783.01554757,126505521.07054508,130965915.87599005,137090925.34674004,132483521.07394758,125475582.82275504,131095978.08697005,143510046.8518126,122002553.15459502
2021-11-09,138587630.07621256,128150006.68825005,146327517.70089507,134343378.45168507,130375466.9889326,159319846.10556754,163717350.73453504,138896610.32961756,135401513.9480301,149429650.20972255,129936314.47968258,117325184.12356007,153532739.7575976,127656788.72548755,158623850.09553003,134996947.3699301,123676918.4535801,149394424.57759002,130091731.31550758,146295323.50760752,133017589.19794506,140892409.82957006,147797495.3000401,147172280.25318003,145411222.91554254,133293221.59632011,139201517.3172126,126265899.71422757,141206410.7770776,158450498.7556376,133167595.99899007,139234988.1198701,145826350.45064756,148681351.0708851,149899247.13970256,140879499.26964754,149676594.73970255,151264831.15467754,131289579.37996753,123982338.45388255,128442565.63281007,155957114.41708255,110710783.01554757,126506521.07054508,129648915.87599005,136444925.34674004,132854521.07394758,126615582.82275504,130709166.52363005,145773046.8518126,121965553.15459502
2021-11-10,141896138.11026254,130750006.68825005,148365315.19139507,137910378.45168507,132468466.9889326,161353846.10556754,167505350.73453504,140655610.32961756,138192629.1014176,151318650.20972255,130957314.47968258,119313184.12356007,155531739.7575976,128849788.72548755,161819850.09553003,138082071.50393006,125224918.4535801,151137424.57759002,131862731.31550758,150404323.50760752,135629589.19794506,141996032.21357006,150110688.1360901,149375280.25318003,150145222.91554254,136019221.59632012,141670517.3172126,128359808.27422757,142639410.7770776,157894482.4541976,135399595.99899006,142152988.1198701,146940350.45064756,150624952.2778851,150522247.13970256,141971499.26964754,151926594.73970255,155269177.27417755,134455579.37996754,125436338.45388255,129378834.46881007,157882114.41708255,111714783.01554757,126446197.69254509,130380915.87599005,139358925.34674004,134099604.33233508,128004582.82275504,132970229.17163005,148463046.8518126,123647553.15459502
2021-11-11,139952080.31522256,132696006.68825005,149522315.19139507,136801247.85168508,131822466.9889326,163428846.10556754,165449350.73453504,140105610.32961756,137475571.17891762,151592317.67422253,130748691.19468258,118961184.12356007,155112739.7575976,127387664.53705755,162359850.09553003,137427071.50393006,123715813.48758009,149541253.12699002,131639257.32671256,151728323.50760752,136856589.19794506,141770032.21357006,151522291.31109008,148349280.25318003,149778222.91554254,136861221.59632012,141772517.3172126,129425808.27422757,143190609.98707756,157453095.84719756,135101595.99899006,142908988.1198701,147209350.45064756,149652921.8238851,150807115.87670255,141940499.26964754,153709594.73970255,155451311.49503005,134041579.37996753,124420221.24538255,129360665.25681007,158257654.42586505,112751783.01554757,125249143.38700509,129628241.36099005,139612925.34674004,134077479.46933508,126732118.30775505,134082229.17163005,150227267.24931258,125150553.15459502
2021-11-12,139907660.87522256,134504006.68825004,150662067.93889508,138044860.22968507,132828551.68493259,164595501.34306756,165754954.86253503,140582610.32961756,139751577.9989176,153575317.67422253,131871691.19468258,121015084.27606007,157379739.7575976,128729904.84905754,164255850.09553003,139111071.50393006,124213813.48758009,150791384.17599002,132479828.28671257,155053323.50760752,139573589.19794506,141506971.13657004,154427291.31109008,150249280.25318003,151832222.91554254,138176438.99632013,142913517.3172126,131665408.30222757,144042609.98707756,158552125.81469756,135893446.22099006,144348988.1198701,149230196.32714757,150480921.8238851,151601731.01520255,143662130.54664755,154230594.73970255,156644971.00453004,134510579.37996754,124839014.77588254,132240665.25681007,161153689.95336506,113287213.92604756,126325891.44600508,131878561.54999006,141547925.34674004,136890052.2688351,128415118.30775505,136796253.68663004,152968267.24931258,127638553.15459502
2021-11-15,139896231.91189253,136916006.68825004,154696067.93889508,139541860.22968507,133439551.68493259,167180501.34306756,168643954.86253503,141472610.32961756,143581577.9989176,154579317.67422253,134540691.1946826,122263084.27606007,161467739.7575976,128741904.84905754,168178850.09553003,142123071.50393006,124903374.5690001,151379384.17599002,134613828.28671256,157627323.50760752,142320589.19794506,141663971.13657004,159279291.31109008,150525280.25318003,154326222.91554254,140513438.99632013,144663517.3172126,135079408.3022276,146153609.98707756,161073125.81469756,135733446.22099006,146426988.1198701,149771196.32714757,151598921.8238851,153553731.01520255,146178130.54664755,154114594.73970255,159839971.00453004,135415579.37996754,125375014.77588254,135827665.25681007,164493689.95336506,115416213.92604756,126808891.44600508,134456561.54999006,146057925.34674004,138740052.2688351,130953118.30775505,139695614.51163006,156159267.24931258,129134553.15459502
2021-11-16,139797512.29189256,134702006.68825004,152058067.93889508,137317860.22968507,131689551.68493259,165149501.34306756,166322015.07653502,139807610.32961756,142827577.9989176,151652317.67422253,133278691.19468258,120943084.27606007,160660739.7575976,127382886.72205754,166519850.09553003,140496071.50393006,124196823.7495001,151427384.17599002,132257828.28671257,154975323.50760752,141518589.19794506,140882971.13657004,156506291.31109008,148406280.25318003,153259222.91554254,139601438.99632013,141440517.3172126,134551408.3022276,145658609.98707756,160736125.81469756,133441446.22099008,144842988.1198701,147019196.32714757,150231921.8238851,152277731.01520255,143757130.54664755,151509594.73970255,156830971.00453004,134107579.37996753,124717014.77588254,134563665.25681007,163505689.95336506,113920346.49896257,126377891.44600508,132659561.54999006,145141925.34674004,137191052.2688351,129495359.19590504,137513614.51163006,153188267.24931258,128399553.15459502
2021-11-17,140886512.29189256,134671006.68825004,152906067.93889508,138679860.22968507,131666801.8184326,166279501.34306756,167247015.07653502,141616610.32961756,144203577.9989176,153354191.39122254,134827691.1946826,122043084.27606007,162191739.7575976,128876886.72205754,169211850.09553003,143679071.50393006,124325823.7495001,152250384.17599002,132689828.28671257,157187240.78960752,143194589.19794506,141846971.13657004,161113104.96609008,151464257.10568005,155155222.91554254,140141438.99632013,141950507.8772126,135159408.3022276,146787609.98707756,163340125.81469756,134685464.77949008,147867988.1198701,147802196.32714757,151657921.8238851,152943898.75170255,146833130.54664755,151841031.46220255,158847373.81353003,135315579.37996754,126311014.77588254,135766665.25681007,165341689.95336506,114538394.63646257,126522891.44600508,133867561.54999006,147075925.34674004,140142052.2688351,131156630.16990504,139169614.51163006,155946267.24931258,129126553.15459502
2021-11-18,139873663.86887506,138043006.68825004,155939067.93889508,139172858.13605508,131060801.8184326,169783501.34306756,168347398.68354502,142731610.32961756,145539577.9989176,155361191.39122254,137956691.1946826,124245084.27606007,164251739.7575976,130996886.72205754,173677850.09553003,147206071.50393006,123720175.6411901,150979384.17599002,134804828.28671256,160286240.78960752,146675589.19794506,141818971.13657004,168656104.96609008,153353955.43568003,157129445.35761005,140584438.99632013,144107507.8772126,137717408.3022276,148181609.98707756,165259125.81469756,136472464.77949008,150540988.1198701,148652406.69064757,153369970.8058651,153099765.37901753,150437130.54664755,150923031.46220255,161436373.81353003,135637579.37996754,126771014.77588254,138081665.25681007,168069689.95336506,116632394.63646257,126844457.49200508,135946561.54999006,149580925.34674004,143737052.2688351,132565630.16990504,140928614.51163006,159613267.24931258,131915553.15459502
2021-11-19,136549106.49137503,134614691.13075006,154367205.62489507,134791334.07505506,128556392.7757351,165770284.89306754,164005966.68504503,140793464.64461756,143457062.6688176,151648282.96122253,135497691.1946826,122093419.26278007,162026739.7575976,127729397.03905754,173855970.83996505,145920602.63643008,120269656.0962476,146601735.62507254,129523806.43063256,158441229.3186075,146160385.11144507,139915609.52801505,168378641.3206401,150305180.57420504,153974781.30661005,135878399.41410512,142442507.8772126,135466602.24356008,146780317.71929008,162972125.81469756,131996298.25929257,147983790.27887008,147037543.08464757,149661576.0995801,151486148.59945256,148416130.54664755,145550335.02076507,159674220.59059754,131275467.02696753,123264225.14571504,136400665.25681007,166182869.75686505,115888169.13553257,126839213.94850509,133862045.75473255,149518925.34674004,141873052.2688351,129771419.55690505,138272297.61784256,158185328.0542751,130322379.55425751
2021-11-22,132321488.43687505,128318121.97525007,150016205.62489507,129092995.12405507,128603427.8347351,160595067.83956754,159839425.03004503,138712231.94761756,140680684.9563176,149097585.17272255,133112374.24968259,118396889.79576008,155746332.5125976,122555397.03905754,169124294.48546502,144095945.32893008,116983624.08274761,145102584.28307253,124896305.75911257,154408307.0071075,143318975.55644506,139037736.70601505,162841211.4631401,145172186.68090504,149471138.62361005,130574378.09510513,142568055.49421263,131501707.87506008,146165025.66279006,157735114.4051976,128933482.02229257,142837215.0643701,144376484.56264758,145890128.9560801,146151803.48345256,141356032.81614754,141005567.35776505,155434548.19341505,127725579.21596754,122231252.12021504,132295097.89131007,160745658.86774006,112835019.34953257,126629830.80750509,130321401.80273256,145568604.99324006,137259433.31883508,127147804.07240504,133946960.03584257,151774251.3137751,127736485.42925753
2021-11-23,132654022.57487504,127938927.86975007,150187771.72839507,130940031.49655509,130194626.31473508,160370831.11406755,158843126.92704505,141736357.39761758,139288689.37131763,152198632.11522254,134858103.25368258,117681465.33876008,154888831.5810976,121398379.67405754,170641978.09496504,145720958.00643006,118636763.7752476,148464487.92507252,125331568.13311256,155713537.1401075,142851247.1469451,139342903.03301507,161670477.7151401,144561136.95140505,148830153.65261006,130034395.78760512,145494942.61721262,131096431.07506008,148127899.41179007,160365135.13769758,129701707.99429257,143942050.8868701,145902001.87264758,148582915.9335801,143200733.15045255,140270749.07014754,141647527.02894506,155925052.27141505,131824065.11596754,125390731.77221504,131743586.02831006,158974761.52624008,113586214.19903257,127077223.65350509,130360298.30073255,145812128.53974006,135759496.4778351,127651361.95890506,135150592.40884256,148607395.70377508,128729537.69675753
2021-11-24,133979221.62037504,128818533.72225007,151407748.70289508,132279508.10105509,131706964.82923509,162767511.20856756,161549134.95704505,143530914.14261758,140631270.2088176,153647026.78272256,136355005.2846826,118744900.82261008,155712969.08909762,122842969.04855753,169227849.60496503,148530958.00643006,119362247.88424762,148813487.92507252,125394568.13311256,156350374.56510752,146711784.6469451,140878559.11401504,162506741.66064012,146555095.53340504,151535827.05261004,131405184.81260513,148103942.61721262,132239304.87256008,149787092.11529008,161870135.13769758,131240411.04129258,143538277.7473701,147987046.87264758,149417577.1415801,145566254.45945257,143787273.94314754,142146118.33894503,156210881.99341506,131584065.11596754,126138994.53306504,133475877.98481007,162964286.2502401,115203283.72903258,129948117.1785051,131947996.92973256,146621128.53974006,138360421.5154851,129656361.95890506,136613340.85384256,148501026.28027508,130630715.17375754
2021-11-25,135889929.31877503,131805234.95425007,153085376.66089508,133417061.09755509,133078964.82923509,165486511.20856756,162629451.50704506,144009914.14261758,142728561.7948176,155560026.78272256,138414005.2846826,118806900.82261008,158853796.1990976,122560037.10555753,172743849.60496503,149265958.00643006,121108247.88424762,149556487.92507252,127644358.18761256,157583374.56510752,148202702.80794507,140671559.11401504,164724882.37164012,147679095.53340504,151914153.17011005,133775832.71910512,149224942.61721262,133615352.61306009,151518092.11529008,163227135.13769758,133524411.04129258,144920277.7473701,150075027.67264757,151013184.9705801,146209108.70695254,145540273.94314754,143751759.84844506,157565274.99541506,132063185.35946754,126751440.51056504,134705969.25681007,163751900.73274007,115673980.9210326,132018117.1785051,134298277.30973256,147682849.93974006,138108137.1564851,129957971.78530505,137440340.85384256,151426760.5572751,132057715.17375754
2021-11-26,133353210.89877504,130265234.95425007,151490376.66089508,131171061.09755509,132542964.82923509,164285511.20856756,161824451.50704506,142695914.14261758,141742561.7948176,154584026.78272256,138346005.2846826,118125945.96011008,158704796.1990976,120952581.94305754,171902849.60496503,146094958.00643006,118934247.88424762,148786487.92507252,127242801.76511256,156688374.56510752,145930702.80794507,140361559.11401504,163942882.37164012,146908095.53340504,150317153.17011005,133263832.71910512,146885942.61721262,134416352.6130601,149996092.11529008,162478135.13769758,131722411.04129258,144193277.7473701,147869027.67264757,148919184.9705801,145334108.70695254,145438273.94314754,143430759.84844506,157357274.99541506,131421185.35946754,125735440.51056504,133644969.25681007,161952900.73274007,115323980.9210326,131006117.1785051,134649277.30973256,147210849.93974006,136277137.1564851,129045469.69430506,136167340.85384256,150291550.7447751,131286715.17375754
2021-11-29,134162210.89877504,130810975.97911006,151123376.66089508,130284906.30897759,130693964.82923509,163650511.20856756,160649451.50704506,144103510.77761757,141876561.7948176,154228026.78272256,138724005.2846826,118394120.00407007,160735796.1990976,121903278.46305755,172251849.60496503,146096138.42393008,119705247.88424762,148919853.82207254,126076801.76511256,156129374.56510752,145160702.80794507,139511559.11401504,165195642.6541401,147051634.63390505,149659153.17011005,132288832.71910512,146722942.61721262,133209352.61306009,150153092.11529008,163593135.13769758,131214729.90829258,144926277.7473701,147620027.67264757,147024360.9190801,144319229.35695255,144728256.56906754,143182759.84844506,156236274.99541506,131724185.35946754,125427153.21156503,132018969.25681007,159631074.77670008,115655980.9210326,131550117.1785051,134550277.30973256,147079849.93974006,135543407.1284851,128953676.99530506,135602372.04951257,149605550.7447751,131098715.17375754
2021-11-30,133299210.89877504,131809946.77311006,151040346.8779601,129313790.15047759,127467136.57974008,162812511.20856756,159274949.60704505,145459900.43361756,141228598.9198176,155277552.40272254,138551005.2846826,117523792.41807008,159573766.4161626,121012425.56205754,173435849.60496503,146467070.68643007,119626247.88424762,148823424.58257252,125377801.76511256,155417587.1126075,143405325.4200101,139478626.07651505,166541640.46614012,145918634.63390505,147762403.84011006,133169841.19660513,144945826.68271762,132927352.61306009,150061092.11529008,162100578.7826526,131741953.40229258,143041202.6988251,147364872.30078256,146099026.1365801,144705445.99895257,143756955.40106755,142609740.87589505,156217870.87241507,132215185.35946754,125534519.34756504,129516618.24281007,159265895.00070006,115940287.70503259,130878992.5430051,133300413.21513256,146173687.22519505,134419979.4599851,128626383.15079007,134969406.28601256,148428316.71672508,128347948.00075753
2021-12-01,133392140.21377504,133871128.09611006,152227287.75546008,129893886.99297759,127807725.75774008,164783307.10506755,159964912.10154504,146652713.36811757,140927857.3502801,155855552.40272254,138196755.3746826,117217431.98457009,160216140.6821626,121329097.66503254,173243849.60496503,146130675.07089257,121107794.9442476,149547424.58257252,126191997.31808756,157751776.6711075,143298986.27251008,139580106.57901505,167933771.09564012,147711634.63390505,147701547.94661006,135109079.62160513,144203597.57971764,133462169.90306008,150600595.58279008,162284444.7166526,133001027.55779257,145727126.4628251,147141648.47378257,148178647.3775801,145019448.04095256,143139908.93156755,144578778.40489504,157520235.08241504,133308841.93796754,127382714.56606504,130302578.25181007,159463739.15070006,115994219.95703259,131254756.42300509,132883494.85913256,145532687.22519505,136015797.96398512,128680086.42629007,136571406.28601256,149513949.7067251,129194201.88975754
2021-12-02,131379140.21377504,132900128.09611006,151896287.75546008,129009886.99297759,128288887.86574009,164392307.10506755,159307062.44154504,145526713.36811757,138959815.03678012,153406552.40272254,137333755.3746826,117107431.98457009,158652140.6821626,121007097.66503254,172531619.31296504,143267659.47089258,120454472.96124761,150183424.58257252,125935938.69408756,156815776.6711075,141765246.0405101,138059462.55901504,167875139.7296401,147483634.63390505,146481547.94661006,134015335.58660513,143809566.57371762,133503169.90306008,150447945.40479007,161270444.7166526,132489027.55779257,145689126.4628251,145805648.47378257,147646647.3775801,143314448.04095256,143488908.93156755,143949778.40489504,154989235.08241504,132242841.93796754,126150714.56606504,129296578.25181007,160288739.15070006,115254219.95703259,130363756.42300509,132857494.85913256,145349656.21919504,136176948.30398512,128474086.42629007,135695406.28601256,148785949.7067251,128658201.88975754
2021-12-03,125873518.71447504,129203128.09611006,147564119.28899756,124547104.0177151,124794887.86574009,160420676.21506757,154260666.08152506,141393199.50342757,134906820.52524263,146688552.40272254,132303946.9346826,113859262.05988008,152795819.5305776,117372312.32847004,164702619.31296504,137318926.65689257,117610472.96124761,145640741.16019252,120978938.69408756,153208776.6711075,136071879.8485101,132466280.55822754,162260616.04464012,143636634.63390505,141537201.60059756,130567909.59351763,139245566.57371762,129768049.42206009,145690945.40479007,155226941.9716526,128175027.55779257,142370126.4628251,139923648.47378257,143090647.3775801,139579023.65749505,140736794.04456756,139670526.42921504,149243372.91302004,127996713.67434755,121999313.49925503,125496944.38468008,155048506.86359507,111764381.9890326,126467410.10846509,129096154.79973257,140764284.65144503,132008008.60162511,123908335.13249007,130628508.98373756,144363618.91749257,125521558.65975754
2021-12-06,124624626.26713255,127946107.29937257,148221057.83399758,123074080.82776508,122332565.50534008,158263138.00025755,151317713.93152505,138370929.59842756,134431339.5527426,144561096.31638503,130071001.52758259,111731563.6131526,151007312.08545262,115289021.67770505,161886601.23770005,132799427.14474258,115231114.56605262,143533741.16019252,118745585.13377756,150705659.4806525,134170041.09278007,130269491.92219254,156641005.14714012,143795045.21140504,140223061.43693507,128529811.60955513,137322752.8937801,127742636.97618508,141863783.9747901,152572159.8821376,125763063.40723008,140740457.8678251,138094117.2059101,140323528.1842301,136015941.20371506,139785984.64456755,137117922.18921506,146544055.89562505,126153306.62716754,119816205.87925504,122735440.61212257,150563885.57756758,109575628.25452259,125721073.58659008,128346368.24973257,137396562.89888006,131356397.7041251,122133155.15249006,130188160.34623757,141623590.71970257,124606772.10975754
2021-12-07,125910696.52713256,131120107.29937257,150583012.4189976,124870941.27776508,124622565.50534008,161406772.47375757,154362595.93152505,141237237.99842757,136892547.9252426,145820017.89088506,131217964.27508259,112841838.7616526,152887291.9804526,116669416.32370505,165284255.12470007,133273501.78224258,117207315.94555262,146267540.2926925,120575178.39527756,153749219.13065252,135243600.1777801,130814684.04819255,160407293.2136401,146025508.45840505,141654122.91443506,129419606.72755513,139726752.8937801,131712665.5286851,145086985.6622901,154345781.44113758,128291920.93223009,143456042.8303251,140028672.06991008,143251393.52673012,136957914.22437507,143539804.27056757,139967507.15171504,147597782.27294505,127641996.09966755,121049336.18375504,124844689.85112257,152095698.71934757,111751006.3285226,127485073.58659008,131946368.24973257,138743248.82138005,133953678.0841251,123684118.40999007,132359160.34623757,143502071.81970257,126297907.96975754
2021-12-08,126622696.52713256,131578107.29937257,150042012.4189976,125407941.27776508,125071565.50534008,160161772.47375757,155255595.93152505,141676237.99842757,138294547.9252426,145982017.89088506,131382964.27508259,112815838.7616526,154081291.9804526,117112416.32370505,165138255.12470007,133747501.78224258,117300315.94555262,146560540.2926925,120799178.39527756,154813219.13065252,134950600.1777801,130785684.04819255,160239293.2136401,146428508.45840505,142627122.91443506,128520606.72755513,140756752.8937801,132823665.5286851,146346985.6622901,154356781.44113758,128224920.93223009,143665042.8303251,140403672.06991008,143463393.52673012,137023914.22437507,143474804.27056757,141044507.15171504,148046782.27294505,128202996.09966755,121530336.18375504,125272689.85112257,152599698.71934757,111541006.3285226,128664073.58659008,133521368.24973257,139281248.82138005,134092678.0841251,124134118.40999007,133240160.34623757,144340071.81970257,126637907.96975754
2021-12-09,126739677.92713255,132553667.84737256,152368542.34899756,126256473.00776508,125467437.33784008,162498952.19375756,157236613.36752504,141639884.19742757,138668274.8737426,147416571.04488504,132178118.9890826,113704284.14815262,154514820.1104526,118182600.35420504,166729233.52470005,134998887.23424256,118265843.78005262,148433343.5876925,122242300.48827755,156120398.85065252,136815072.68378007,131808179.56619254,163471258.2196401,147718364.88490504,143018391.98693508,129854071.62755513,141636503.25128013,134759665.5286851,147286174.1882901,156386831.3966376,129897872.91423008,145430232.7683251,141607271.4419101,145745523.4287301,137925441.86487508,145319885.13056755,142438776.22421503,149260099.88894504,129843447.29216754,123325782.16125503,126283295.93362257,154359995.62184757,113505945.71052259,128876437.61459008,134325571.68323258,141028529.31188005,135817621.8601251,125474561.99649008,135116120.53423756,145635162.89770257,128312157.33475754
2021-12-10,127641160.62413254,132684479.95737258,152869057.97149757,126819354.94776508,126155613.36534008,161594952.19375756,156252740.05752504,141520840.29592758,138776735.2602426,147204106.89138508,131553018.6515826,112783132.8761526,155514788.5044526,117709809.28920504,167744233.52470005,134769325.1162426,117691689.39755261,148882343.5876925,121712633.29827756,155477337.82665253,135733842.86828008,131627793.35619253,162710842.0841401,147354364.88490504,143663466.25593507,129287071.62755513,142166442.22728014,134392871.4636851,147979728.5332901,155141510.3271376,131237129.47923008,145776782.1103251,141862914.53941008,145300755.2922301,138610388.45587507,145214885.13056755,143002299.96021503,149276742.98644504,128950339.23816754,122402453.98425505,125755660.77362257,154377651.04184756,113247840.4625226,129246259.5275901,134093698.28073257,140818632.99888006,135642621.8601251,125330168.77149007,135770025.68923756,144978345.11920255,126990363.26975754
2021-12-13,128722385.38013256,138676039.1023726,157290676.15549758,127603915.61526509,131728290.19134007,163365125.06325758,160229558.36152506,145353969.63392755,143084484.34324262,149764705.58888507,132782700.82108259,114624700.66015261,158131975.0814526,119498179.62170504,169264917.16270006,134858530.96774256,119902374.33705261,148873653.93819252,124299616.49827754,157714017.79915252,139347306.45778006,133922827.63719255,164750781.4006401,149395781.91340506,146978959.5859351,131668521.02905512,147042406.32878014,137337776.0546851,153248825.44429007,156631858.6896376,133898441.88923009,149870816.38232508,143948616.89691007,149040755.2922301,141601044.88187507,147911147.03906757,147761299.96021503,152500064.61744505,131557737.12316754,124843192.06425504,127322352.59962258,158388878.39184758,115068265.15352258,132336147.67959009,139714698.28073257,145858809.16388005,136109164.8231251,127021009.52349009,138662166.02123758,146983294.91320258,128647814.27725753
2021-12-14,129890992.75513256,141261039.1023726,158105676.15549758,127716985.76776509,135278290.1913401,166116243.1592576,160520558.36152506,147917969.63392755,145997484.34324262,149525490.07188505,132475700.82108259,114580685.06915262,158834742.26595262,118029179.62170504,171375619.01270005,133582403.61224258,120595365.64155263,148583159.55469254,124725616.49827754,158424017.79915252,138964306.45778006,135274593.90819255,162817781.4006401,150018552.08890507,148535011.44293508,133051521.02905512,147474406.32878014,137661776.0546851,155531825.44429007,155839435.1869576,133795441.88923009,150771816.38232508,143776616.89691007,148036755.2922301,141206111.43437508,148791147.03906757,148988548.11621505,152595343.79744506,130679737.12316754,125582192.06425504,126930352.59962258,159049878.39184758,114759553.40218258,132906147.67959009,142352698.28073257,145294809.16388005,135488164.8231251,127602009.52349009,140159157.32573757,146469294.91320258,128050814.27725753
2021-12-15,128304704.21413256,140704039.1023726,159055676.15549758,126663877.98976508,136357290.1913401,167300243.1592576,160911558.36152506,148170969.63392755,146233484.34324262,149077490.07188505,131825703.7090826,113909685.06915262,157704742.26595262,118932959.91220504,168845619.01270005,134628403.61224258,121764365.64155263,147322599.43069252,124083071.45627755,155781775.14315253,138818176.15915507,134499593.90819255,164649781.4006401,150411968.42590508,147217011.44293508,134191521.02905512,146000406.32878014,136226231.0126851,154853825.44429007,157343741.98495758,133170127.68673009,151026816.38232508,142977616.89691007,146786564.26323012,141382111.43437508,147904147.03906757,147651548.11621505,152015343.79744506,129897737.12316754,125834192.06425504,126243244.82162258,159470878.39184758,114415269.44018258,132355499.5775901,141647068.68198258,145781809.16388005,135754542.9361251,126793009.52349009,138334157.32573757,148198294.91320258,128256479.46275754
2021-12-16,133606704.21413256,144969039.1023726,163715676.15549758,127874877.98976508,141593290.1913401,170376243.1592576,164310558.36152506,150811969.63392755,149551484.34324262,151755210.10088506,133129703.7090826,115573685.06915262,162609742.26595262,121069959.91220504,172326619.01270005,136283403.61224258,124775365.64155263,148358599.43069252,126858071.45627755,157723775.14315253,141258175.56815508,136661593.90819255,167433781.4006401,154310968.42590508,148942011.44293508,135780521.02905512,150345406.32878014,140327231.0126851,160455825.44429007,157913741.98495758,136188127.6867301,154287816.38232508,145761616.89691007,150104564.26323012,143950111.43437508,152234147.03906757,150965548.11621505,155778343.79744506,131614737.12316754,126731192.06425504,126701200.49012257,162351878.39184758,116333269.44018258,136188499.57759008,147318720.48398256,150240809.16388005,136251542.9361251,127482009.52349009,140640157.32573757,149910294.91320258,129562479.46275754
2021-12-17,132061704.21413256,143906039.1023726,164227676.15549758,127705877.98976508,141127290.1913401,170065243.1592576,164819558.36152506,149575969.63392755,148620484.34324262,152194210.10088506,134045703.7090826,115230685.06915262,163726742.26595262,121755959.91220504,171222619.01270005,135886403.61224258,125044365.64155263,148125599.43069252,128196071.45627755,157890775.14315253,141646175.56815508,137568593.90819255,168301781.4006401,154805968.42590508,148386011.44293508,135912521.02905512,149709406.32878014,141712231.0126851,159755825.44429007,159415741.98495758,138900127.6867301,155970816.38232508,147854616.89691007,151823564.26323012,145290111.43437508,152998147.03906757,150559548.11621505,158519343.79744506,131833737.12316754,127310192.06425504,127927200.49012257,160517878.39184758,116957269.44018258,135005499.57759008,146839720.48398256,152477809.16388005,137278542.9361251,127894009.52349009,140314157.32573757,149686294.91320258,130736479.46275754
2021-12-20,132011704.21413256,145010039.1023726,166715676.15549758,126945877.98976508,140865290.1913401,172073243.1592576,163426558.36152506,150456969.63392755,148739484.34324262,152260210.10088506,135748703.7090826,114066086.50585762,163881742.26595262,120920959.91220504,171667619.01270005,134100780.48932257,125625365.64155263,148986599.43069252,126888071.45627755,158573775.14315253,141529175.56815508,137316593.90819255,164857781.4006401,154029968.42590508,147269556.42445508,137287521.02905512,148150406.32878014,140977231.0126851,160560825.44429007,160720741.98495758,139589127.6867301,156633816.38232508,150008616.89691007,148928564.26323012,144809111.43437508,151003147.03906757,150045548.11621505,160387343.79744506,130736737.12316754,128167192.06425504,128909200.49012257,159583878.39184758,118028269.44018258,135846499.57759008,145243720.48398256,152701809.16388005,138268087.9176451,126034009.52349009,141266157.32573757,148190671.79028258,130283479.46275754
2021-12-21,134929704.21413255,146706039.1023726,170398676.15549758,128245264.87576509,146545290.1913401,174520243.1592576,164095558.36152506,152907969.63392755,152046484.34324262,155346210.10088506,137986703.7090826,115207445.53085762,167888742.26595262,122419959.91220504,172711619.01270005,134335786.30432257,127482470.69655262,149217592.51323253,129404071.45627755,158383775.14315253,143081175.56815508,138706593.90819255,165627781.4006401,154927968.42590508,148326769.3654551,138875521.02905512,149744406.32878014,142975231.0126851,164279825.44429007,163070741.98495758,142460127.6867301,160263816.38232508,153336616.89691007,150865564.26323012,146337111.43437508,153521147.03906757,151889548.11621505,162247343.79744506,131230737.12316754,130008192.06425504,130424200.49012257,161307878.39184758,119468269.44018258,138489499.57759008,148880720.48398256,156053809.16388005,141870467.7576451,126456009.52349009,141441157.32573757,150978023.4122826,130197479.46275754
2021-12-22,138073704.21413255,148932039.1023726,173583676.15549758,129422374.05121508,150621290.1913401,176649243.1592576,164705558.36152506,154050969.63392755,155447484.34324262,157823009.21068257,138152891.3998076,114979445.53085762,172395742.26595262,123412959.91220504,173522619.01270005,133224786.30432259,129936470.69655262,148974129.02795252,129600071.45627755,158919963.55165252,143297175.56815508,139648428.34819254,165439781.4006401,156435968.42590508,149368720.9229551,139685374.0780551,152021406.32878014,143112231.0126851,167044825.44429007,162956741.98495758,143227315.3774551,162159336.4753201,154174616.89691007,149897564.26323012,147274111.43437508,155547354.67856756,153534548.11621505,163818274.80798504,133229019.60566753,130501192.06425504,131483200.49012257,161534878.39184758,121177269.44018258,140179499.57759008,153555720.48398256,159027809.16388005,142442467.7576451,126715009.52349009,142976157.32573757,152347729.8720801,129946479.46275754
2021-12-23,136694704.21413255,147394856.41679257,172026676.15549758,129537205.96121508,151191391.9088401,175370409.78441757,162248741.61450005,151559042.26188758,152646316.6598626,157068529.80658758,135746717.8746451,113118760.94622763,172997017.4579626,120495292.26204754,170116185.63270006,130338853.40288508,130760751.81197762,147862486.25692502,127527071.45627755,158261140.22069252,140068175.56815508,137846428.34819254,161729557.8228001,151742403.13706505,146089885.1146951,138675492.22805512,150154582.99782014,139043168.3451851,162304935.24408007,159896741.98495758,140817119.2724551,163968503.6593201,153466874.1192476,147209492.0476501,145226601.76246256,154176354.67856756,152708107.00800005,158698159.62032256,131701019.60566753,130377192.06425504,131158036.88317508,160172558.47584757,121543321.28545257,138164521.3794376,151084249.45231256,157299809.16388005,140021717.4379201,125578536.51649009,141204464.73535758,149032956.14450008,126846538.71675755
2021-12-24,135260933.49413258,145543143.6332926,169319676.15549758,129610901.34271508,148848391.9088401,171634299.76304257,163629633.47700006,151591996.84688756,152008457.05736262,155711107.96658757,135099854.2201451,113354456.97222763,171527618.6299626,121410220.12454754,168972167.67882505,132083016.32288508,128391612.33697762,147057258.78642502,127951071.45627755,159337716.58069253,140873426.1486551,138170969.28219256,163047049.1278001,151499679.21156508,145126513.32919508,137480492.22805512,150248500.76182014,137898599.0336851,162442129.37308007,160388147.98495758,140893119.2724551,160410392.7863201,150482572.35124758,147563206.0096501,145675513.22196257,153839532.34056756,152944962.73300004,156406320.62582254,131653243.99316753,129916554.02175504,131810054.50417507,160597294.63584757,119953089.10745259,136322283.8564376,150398244.55981258,156056809.16388005,139397423.18342012,126106167.32499008,140302630.64635757,149767919.6460001,127013300.92675754
2021-12-27,137669653.71913257,147087789.6907926,169389603.52549756,130935524.90021507,152642391.9088401,171652523.7125426,165676633.47700006,152993996.84688756,154090457.05736262,158426107.96658757,135700817.5191451,114610456.97222763,175343618.6299626,122842220.12454754,169679634.78782505,134344016.3228851,129769772.98497763,149260275.93892503,129084071.45627755,160135716.58069253,142205426.1486551,141179247.76069254,166784049.1278001,153081453.82006508,146356840.64353257,138210018.42504013,151085500.76182014,139635701.0791851,165483129.37308007,162154147.98495758,143557670.8074551,162626080.3623201,152640538.0932476,149320206.0096501,147732513.22196257,156827938.44806758,153456962.73300004,159425346.42632255,132383243.99316753,130711554.02175504,133228054.50417507,162456294.63584757,122119089.10745259,137983754.5629376,154316244.55981258,159050809.16388005,140280020.0049201,126730167.32499008,139496853.44285756,152132919.6460001,127402300.92675754
2021-12-28,139723653.71913257,149499789.6907926,170293603.52549756,132205524.90021507,157130391.9088401,172712506.3125426,168712633.47700006,155549996.84688756,155512457.05736262,161502107.96658757,136788817.5191451,114994456.97222763,176315618.6299626,124006220.12454754,169926634.78782505,135172016.3228851,130735772.98497763,151276275.93892503,131075071.45627755,159192716.58069253,143452426.1486551,142854247.76069254,168804049.1278001,154816453.82006508,146552506.95603257,139096700.24504012,151292500.76182014,142316701.0791851,167728129.37308007,165201147.98495758,145762670.8074551,164797080.3623201,156179538.0932476,151513206.0096501,149454513.22196257,158192938.44806758,153300962.73300004,162395346.42632255,132963243.99316753,131151554.02175504,134943054.50417507,165957294.63584757,124507089.10745259,139230754.5629376,156405244.55981258,161934809.16388005,141565020.0049201,127264167.32499008,139124853.44285756,153985919.6460001,128671300.92675754
2021-12-29,137555383.76913255,147527789.6907926,167844603.52549756,131757524.90021507,156713391.9088401,171558506.3125426,167070218.81256256,154689996.84688756,153155457.05736262,159900107.96658757,135700817.5191451,113940456.97222763,175440618.6299626,123426220.12454754,167969634.78782505,133636016.32288508,130518772.98497763,150169275.93892503,130438071.45627755,158002458.86819252,141736426.1486551,142904247.76069254,167616049.1278001,153364453.82006508,144571506.95603257,136882700.24504012,149769500.76182014,141816701.0791851,166883129.37308007,166168147.98495758,146650670.8074551,164695080.3623201,156796538.0932476,150665206.0096501,149681513.22196257,155950938.44806758,151990962.73300004,160647346.42632255,130993243.99316753,130192554.02175504,135095054.50417507,164387294.63584757,124369089.10745259,137239754.5629376,153063244.55981258,160525809.16388005,141070020.0049201,125847167.32499008,138075853.44285756,152447919.6460001,127631169.19520755
2021-12-30,135757819.84213257,146601789.6907926,167573603.52549756,131263524.90021507,153326391.9088401,171316506.3125426,167560324.89056256,154344996.84688756,153917480.96686262,159284107.96658757,136276817.5191451,114726032.16022763,173203618.6299626,123004220.12454754,169661634.78782505,136260016.3228851,130110772.98497763,151589275.93892503,129993071.45627755,159454458.86819252,142573073.43015507,143456247.76069254,167974049.1278001,155245453.82006508,145452988.2365326,137302632.69754013,149396500.76182014,141057701.0791851,165398129.37308007,166349212.22995758,146534670.8074551,162839080.3623201,155211954.3482476,151350946.8596501,148432742.25446257,156268938.44806758,152683962.73300004,160385346.42632255,132025243.99316753,130134498.23175505,134158054.50417507,164223294.63584757,123287089.10745259,136133754.5629376,151416244.55981258,159974021.18638006,140203585.43842012,125779241.06149009,139799853.44285756,151747919.6460001,126722537.61170755
2021-12-31,135244819.84213257,145590789.6907926,167757603.52549756,130444524.90021507,152003391.9088401,172768506.3125426,168190324.89056256,154278996.84688756,153672480.96686262,158268107.96658757,135931817.5191451,114857032.16022763,171458618.6299626,123055220.12454754,169063634.78782505,138459016.3228851,129773772.98497763,153003275.93892503,130379071.45627755,159268458.86819252,141104073.43015507,143647247.76069254,168020049.1278001,155480453.82006508,145032988.2365326,137877632.69754013,149810500.76182014,141071701.0791851,165711129.37308007,165609212.22995758,145795670.8074551,161231080.3623201,155350954.3482476,151408946.8596501,148315742.25446257,156426938.44806758,152668962.73300004,159581346.42632255,131800243.99316753,129421498.23175505,134549054.50417507,164437294.63584757,122000089.10745259,135690754.5629376,150757244.55981258,158847021.18638006,141542585.43842012,126092241.06149009,139500853.44285756,151096919.6460001,125980537.61170755
2022-01-04,139874819.84213257,148371431.5857926,170774603.52549756,132948525.56821509,156962606.70884007,175208506.3125426,173510324.89056256,157646996.84688756,157089765.71186262,163193107.96658757,139124817.5191451,116687032.16022763,175368089.88496262,124935220.12454754,172525634.78782505,140817016.3228851,132919772.98497763,156229275.93892503,133548071.45627755,162142458.86819252,143666073.43015507,148519247.76069254,171090049.1278001,159663453.82006508,148307988.2365326,140505632.69754013,152552500.76182014,144841701.0791851,169940129.37308007,169601212.22995758,149713670.8074551,165686699.1123201,159846954.3482476,155801946.8596501,152065742.25446257,160124938.44806758,153933960.65800005,165431346.42632255,134881243.99316755,131608718.52475505,137678054.50417507,168571294.63584757,126431089.10745259,139055317.0779376,155503113.45581257,164428021.18638006,143935601.9184201,128792241.06149009,141335853.44285756,154204919.6460001,128480896.03670755
2022-01-05,143424819.84213257,150437431.5857926,174825603.52549756,133995525.56821509,160823606.70884007,175424506.3125426,178747324.89056256,160385996.84688756,158286765.71186262,166030107.96658757,140641817.5191451,117880032.16022763,178240784.51696262,125718220.12454754,173929634.78782505,140236016.3228851,135216772.98497763,155763275.93892503,135578071.45627755,163237458.86819252,144801073.43015507,151471247.76069254,170549049.1278001,162332453.82006508,149952988.2365326,142036632.69754013,153986500.76182014,147783701.0791851,173122129.37308007,171881212.22995758,152186670.8074551,168984699.1123201,163743954.3482476,158193946.8596501,155538742.25446257,162300938.44806758,155613430.36700004,170512346.42632255,136670243.99316755,132838718.52475505,138114054.50417507,169984294.63584757,128894089.10745259,141961317.0779376,157928113.45581257,169205021.18638006,145638601.9184201,129893241.06149009,141471853.44285756,155521919.6460001,129725896.03670755
2022-01-06,148011819.84213257,153584431.5857926,179185000.52199757,136300525.56821507,165194687.01184008,174652506.3125426,180775324.89056256,164890996.84688756,158697564.44386262,169347107.96658757,142812817.5191451,118961032.16022763,180534313.96003762,127705220.12454754,176440634.78782505,140975016.3228851,137640772.98497763,156837275.93892503,136306071.45627755,163530458.86819252,146725125.51515508,153426247.76069254,172220049.1278001,162639453.82006508,151483988.2365326,144194632.69754013,156343199.63682014,149412701.0791851,176940129.37308007,174898040.17695758,153510071.56745508,171568699.1123201,167298576.97824758,160145946.8596501,159047742.25446257,161471424.36056757,155291984.75500005,172769346.42632255,138301243.99316755,134660459.22375503,139826802.10767508,172481572.05884758,131239089.10745259,144981317.0779376,159974113.45581257,171414256.78538007,149270601.9184201,131644241.06149009,141303365.80385756,158569919.6460001,130841896.03670755
2022-01-07,152093819.84213257,156621431.5857926,179863000.52199757,138697525.56821507,169763662.79216507,173511677.2489326,185447324.89056256,165406996.84688756,160773564.44386262,170752107.96658757,142546817.5191451,120060032.16022763,183427313.96003762,129061220.12454754,177640634.78782505,141936016.3228851,138311553.60923764,157284275.93892503,138297071.45627755,164351458.86819252,150089125.51515508,155203247.76069254,173666049.1278001,165306453.82006508,151641988.2365326,146068632.69754013,157681199.63682014,152961701.0791851,179997129.37308007,176657040.17695758,157240071.56745508,175466699.1123201,170528576.97824758,163755946.8596501,161513742.25446257,164178424.36056757,156716984.75500005,176452346.42632255,139696243.99316755,137139459.22375503,140896802.10767508,176392572.05884758,133855089.10745259,147053317.0779376,162028113.45581257,177526256.78538007,150328601.9184201,131303241.06149009,142060365.80385756,161285919.6460001,133251896.03670755
2022-01-10,147146819.84213257,151433309.36184257,177588000.52199757,135814111.5365451,163948523.5201651,168336973.0369326,179407324.89056256,162063996.84688756,157198564.44386262,167739107.96658757,138540396.5453176,116141032.16022763,174869590.81531763,124583546.79004754,175489224.47382507,137554016.3228851,134930596.24523762,152752275.93892503,132696166.55177756,160651022.71769252,146892125.51515508,150939472.32094255,168400049.1278001,161333778.58406508,147106988.2365326,142760381.41504014,153352199.63682014,146734701.0791851,175176811.5130801,171619040.17695758,150742071.56745508,167961160.6513201,163711576.97824758,158163946.8596501,155750966.81471258,160775490.37156758,151620984.75500005,171124346.42632255,135876243.99316755,134598459.22375503,135035388.07600507,171580572.05884758,130434089.10745259,142469188.6694376,159493113.45581257,168382256.78538007,147393721.06092012,130591999.88649009,140291107.98774758,157272876.24950007,129423896.03670755
2022-01-11,147171116.51813257,146653591.7448426,174821000.52199757,132701095.33654508,163651523.5201651,165566491.1795326,179223324.89056256,158832531.85938758,156480647.67486262,169696107.96658757,138585539.6953176,114273359.66064763,177590873.19831762,121080471.21504754,173562478.31752506,136227005.2796976,133780884.11523764,151806760.41642502,131731166.55177756,158018022.71769252,145795125.51515508,150480258.70544255,166007049.1278001,159133032.7200651,146952375.9550326,141256269.42664012,152807671.11332014,145128060.9180476,173585811.5130801,168765255.6355376,149113895.34644258,166495817.9694001,164044099.6722476,158745946.8596501,155553020.25971258,161490602.19656757,151559756.29604506,171198346.42632255,132888933.30316754,132290695.85625505,133663779.27000508,168795572.05884758,131037034.30945258,140814907.4750176,159416113.45581257,169390256.78538007,145251721.06092012,129143999.88649009,138545873.95424756,154074876.24950007,126565010.75183254
2022-01-12,140499868.16913256,143462649.0133426,169152688.04134756,129468529.65404509,154185890.02098507,164162791.5665326,176140324.89056256,156525358.55438757,153574280.60786265,165739206.75758755,135650689.3466976,113024652.91764764,172917810.2963176,119197603.69104755,167443567.10514507,134684606.3091901,132853765.47523013,148033181.73142505,127594586.51035255,155828981.98519254,142681634.62071508,149173797.23044255,164945407.30730012,155538072.6830651,143161547.4474276,139260459.75264013,148036401.18740013,140820638.6255476,168084711.6440801,166493566.58803758,144821671.08744258,160691698.2754601,157794593.1383276,155284638.61815012,153523055.16721258,158178602.19656757,149488195.91004506,164784255.90632254,130624764.24566755,129148027.40991504,130478060.92556506,166085011.94189757,126890940.10945258,136787455.4880176,154743651.98081258,164104072.25238007,139590849.5504201,128083141.17149009,136750311.46124008,150657757.7340001,125777283.78541754
2022-01-13,132215001.20963258,137389217.3260376,164302612.2663476,123889870.55804509,148136678.06560507,158264514.1024226,172216360.39106256,153587069.09488758,147800847.91486263,159294070.57398754,132347044.9186351,109693652.91764764,164988948.12982512,116377723.60354754,161391649.56131005,129857756.02019009,128273816.18213013,143624694.01217502,123070225.46097256,152047013.50969252,136930230.6222151,142772797.23044255,159323529.2603001,149213474.9071126,138767065.7169276,134953913.81076515,145007754.79040012,132588073.6090476,161896964.71058008,162045387.29203758,137996949.8409426,154652365.06746012,151504287.5654626,149923260.54615012,147520579.83371258,153178100.77656758,146305982.56204507,158122831.18272254,125955764.24566755,124227102.08676505,125995801.41468507,160171362.71089756,122349162.45383258,133733653.3525651,149016558.59381258,156741372.35788006,135905740.54642013,124953069.7461026,132850425.49624008,146998514.1305001,121774110.58041754
2022-01-14,126989482.24563257,134537136.15603757,163733618.62434757,121213878.99254508,142036201.24910507,154958054.7979226,169116359.86356255,152753171.06488758,145165391.26086265,155685281.38698757,131029602.31363511,108888001.70764764,161477716.61382508,114662273.41554755,155925907.76381007,129358919.73019008,125263779.72713014,142488406.152175,121126501.58347258,151830759.30669254,135785353.9922151,140615515.45794255,157569744.3343001,147749047.68161258,138793613.6344276,134546723.34676513,141905272.56140012,130284932.74654761,155869382.1030801,157578693.7670376,135455064.0589426,149122767.2094601,148537653.4724626,146289588.9786501,142998066.21621257,151013242.10406756,146281903.48154506,152462713.93072256,122212933.95716755,122257428.86806506,123507845.03968507,157867997.85289755,120071984.66883259,130313680.4330651,147354549.0838126,151601837.34838006,133270033.31342013,123534874.6611026,129788118.06724007,144979066.1015001,119735291.80041754
2022-01-17,123772875.59750257,128822643.22865759,159018291.0492201,117956588.13506758,136250176.37325007,148868348.65310258,164426035.08356255,151396793.7894501,140683304.89438763,150374485.80368757,127384685.4958651,106326038.99971014,154278653.97324508,108523482.60173255,151484263.02955008,124569831.42100509,123858761.72713014,137291538.82888,115610597.30403256,147463864.3493725,131366957.39421508,135083631.49134254,149706867.90035012,142626821.78007758,133332376.27286759,130635444.59076513,137437441.08440012,123896793.1577776,149353474.5298026,152243169.22499758,127845120.2809801,144636021.7844251,143878822.94258758,142748589.1906501,139493294.68523508,144468487.12227008,139617360.90184253,146625177.99439257,117179908.78536505,118959667.88669005,118889934.34711008,154574681.73212007,115538140.7819551,126410538.4478151,142199254.6772126,144690172.52807257,130178535.76457264,121564107.43440259,126574365.26194507,139264290.0643026,116070139.93890505
2022-01-18,122113257.23750257,126465325.69265759,156117620.54722008,115875637.21706757,133013991.12838757,144543351.8651026,160428846.10684755,149996393.3744251,140730246.16738763,148683300.97673756,126600395.82986511,104511038.99971014,151588587.76474512,105612322.98504506,150121642.86955005,124867166.70350508,122490219.81413014,135733859.10388002,112960432.88178258,143813444.17437252,128225772.95921259,133882155.63884255,150498196.66785014,140802843.20407757,130959253.0664476,129412750.04501513,135774614.37590015,119801031.14677511,145643152.44580257,149023007.8239976,123533759.6494776,142634741.61192513,140222077.50058758,140035510.11065012,138473639.14223507,142907503.46245757,138067077.48106006,144497461.64452004,115101053.92536506,114865878.42419004,118805280.26461008,152367978.47462004,113796224.04195508,122974498.3122901,140882206.8047126,141283253.15407258,125712926.33444764,121958009.9864026,124902785.29382007,137358927.8758026,115431483.95490505
2022-01-19,119299254.25750257,124662732.92740758,155743118.64222008,115121637.21706757,132999857.31588757,141003235.5401026,159008138.88434756,147192393.3744251,139208246.16738763,149324167.16423756,126025431.60736512,102005913.68471014,150693027.8522451,103736883.67254506,147208642.86955005,124753472.52675009,121543977.86413014,136132475.82888,111336053.46678258,143210637.98687252,128290342.99921258,131824155.63884255,149252196.66785014,140662843.20407757,130524558.7464476,127886166.76501513,136004820.39090014,118754380.16927512,144573474.52580258,146036007.8239976,120964307.8494776,141354607.79942513,138586158.2780876,138593510.11065012,137186639.14223507,142508320.99495757,137208077.48106006,143726735.61452007,113574075.09036505,113509674.29919004,118022280.26461008,150380963.93962008,112738250.41445509,122170893.3472901,139468535.27946258,139107253.15407258,122543909.93444765,120658009.9864026,124530543.34382007,136555249.95580262,114109229.15490505
2022-01-20,118128642.56222758,122872750.23240757,156147530.51722008,114868707.90330756,132554001.51588757,140322243.51760256,159145819.13434756,149523805.2494251,138835246.16738763,150150590.10173756,126553431.60736512,101287289.85971014,152242027.8522451,102889113.96254507,146883555.09455007,125689472.52675009,121258977.86413014,136608917.86843002,111533164.40178259,142903318.23687252,128806321.08876258,130810377.50884256,148910101.68835014,141138939.3784876,131952558.7464476,128011277.70001513,137204318.84982014,117346570.92427512,144396608.62080258,143561206.29899758,118771760.0094776,141616751.9994251,138331972.8580876,137780572.67565012,137519783.3422351,142748320.99495757,139155077.48106006,143883415.86452007,113177854.72036505,112570438.07419005,117526496.83585007,149219644.18962008,111592250.41445509,121516767.0472901,141298535.27946258,138302761.11907256,121230817.05444764,121839009.9864026,125420543.34382007,136879803.3108026,115531229.15490505
2022-01-21,117894642.56222758,122832472.37490758,156221530.51722008,115036707.90330756,132517001.51588757,141532243.51760256,160311819.13434756,152290805.2494251,140332246.16738763,150489590.10173756,126465431.60736512,102223376.95971015,153063027.8522451,103321113.96254507,146130019.63955006,126751472.52675009,121155700.00663014,136413917.86843002,111629164.40178259,142794318.23687252,129608321.08876258,131994377.50884256,148656101.68835014,141083939.3784876,132038558.7464476,128295277.70001513,137254318.84982014,117530570.92427512,143603608.62080258,143581670.8439976,119241760.0094776,142623751.9994251,138579972.8580876,138406572.67565012,139124783.3422351,142469320.99495757,140050077.48106006,143911415.86452007,113488854.72036505,112183160.21669005,118231218.97835007,149791513.95212007,111751725.08945508,121665767.0472901,141373535.27946258,137652225.66407257,121206817.05444764,123046009.9864026,126156543.34382007,137567803.3108026,116395229.15490505
2022-01-24,117162905.93022758,120401055.94390757,155233921.66472006,112871720.53030756,130091692.73738757,138707574.52760258,156714405.50034755,149800001.2799251,137277955.79938763,147329236.71573752,124879357.56127512,100627296.92071015,150012631.0272451,101057627.37965506,141210866.17055005,124923196.77075009,119574685.60663015,132059719.37243003,109182456.39378259,138993805.62021002,126041634.69876258,128846222.52634256,146031492.83585012,137520426.08148757,128258235.9694476,125979292.33001514,133025048.89982013,115299838.70427513,137434911.7263026,142231466.30183262,117214242.90947759,141404751.9994251,136851825.32809258,136068162.83565012,138902783.3422351,138813001.61495757,135504656.25067005,141856206.55052006,111897342.32786505,110593436.59069005,115561002.65835008,145219199.39012006,109392733.20295508,119704949.17629011,138158535.27946258,134747885.88407257,120100568.92544764,119408836.89340259,125555922.06979507,133551373.86480261,114455597.58590505
2022-01-25,117102595.45522758,122906055.94390757,156937673.72972006,114155769.96930756,131221654.12278756,139869897.1216026,157389629.52284756,152715001.2799251,136426375.68513763,147735215.11573756,126872260.71327512,100982722.18471014,150282666.4005926,101446785.09115507,139870838.55055007,125030356.8757501,119700685.60663015,134059253.65993002,109896961.1057826,138003759.78596002,128351791.20376259,128483196.30189255,145705287.11085013,139275449.14648756,129211371.6310226,127562275.53001514,133356537.34982014,116130415.35977513,138700239.9718026,144980675.83683258,118397580.0019776,141622751.9994251,137835306.42809257,136574335.6007001,140017783.3422351,138759431.59595758,136783159.60367006,143276206.55052006,112145885.86386505,111618896.87569004,115285355.48035008,146736062.88762006,109495401.47085509,120353071.86029011,137997453.9047951,134252378.47857258,121106992.07044764,118888470.98615259,126555922.06979507,133843146.86930262,114798028.99670506
2022-01-26,117526595.45522758,123841114.18890758,157768440.51722008,112387685.53630756,130134930.31178758,140572427.65160257,157540810.80284756,154894619.4639251,135129710.8951376,145702225.64723754,126580781.83727512,101822621.45071015,149864964.5639676,101578936.78715506,137607984.24165004,124369515.18075009,119100141.10563014,133527999.31893003,108847921.21528259,137631505.44496003,126681975.33576259,127729878.12189256,146290366.77085012,141154392.42398757,127355854.1430226,127247197.49401514,133787438.70182014,116057007.73477514,138361368.9754901,145283156.9368326,117886072.30797759,142575751.9994251,136029662.45309258,135604013.1192001,140889783.3422351,138299511.25595754,135114430.78967005,143298206.55052006,111359510.28236505,111224456.62069005,114337292.54855007,146053461.54862007,109403961.21585509,119194003.13779011,138121453.9047951,132457955.01507258,120539195.40244764,118777036.4356526,126319443.19379507,132132577.33930261,114411113.45670506
2022-01-27,117294104.5702276,122834474.02590758,155722904.76522008,111359762.90680756,129511440.11029758,139988429.5711026,155830036.87534755,152545795.19592512,135619311.47613764,144978992.94223756,125700997.18727513,101460573.23871014,149496949.9789676,101701813.52115506,137615878.10715008,124142295.37525009,118615699.76113014,132610305.91393003,108390266.4492826,137485028.47946003,126431975.33576259,127339139.68989256,146423888.7068501,140576631.19198757,125922199.5710226,127376610.95201515,133754033.78132015,115960272.32077514,136149677.6839901,143554426.9228326,117065699.7039776,142133205.68442512,135082119.2485926,134592961.9302001,140413643.86723506,137447620.54595757,132980004.55567005,142914209.16252005,110121986.19436505,110911965.73569004,113149308.27705008,145210730.93462008,109191118.82835509,118829503.06779012,138367545.3707951,131610842.17007259,119705438.76744764,117280652.62565261,125830950.41629508,131626685.82630262,113439846.51570505
2022-01-28,116891104.5702276,122302474.02590758,158116122.10922006,112511367.24880756,129772106.92129758,139475429.5711026,155099036.87534755,152669911.1784251,134867791.3761376,145060992.94223756,128028613.36827514,101499573.23871014,148244949.9789676,101694813.52115506,137509975.51026505,123406295.37525009,118193519.76363014,132848711.96893004,108798266.4492826,136737028.47946003,126956975.33576259,126949139.68989256,145255888.7068501,138952631.19198757,125906217.6410426,127318610.95201515,134818033.78132015,116010272.32077514,137847677.6839901,143134426.9228326,116028699.7039776,140843205.68442512,135631119.2485926,135124961.9302001,140311643.86723506,136855620.54595757,132321115.61567006,142561209.16252005,109111515.60545506,111606965.73569004,111903908.36955008,146371185.5521201,109060118.82835509,118748757.14681011,137670545.3707951,131546508.98107257,119011921.06744763,114804575.9516526,127667552.18829507,130209496.90880261,113249012.12770505
2022-02-07,117818104.5702276,124424034.75545758,161298732.68722007,115726075.18230757,131545106.92129758,142300412.77110258,158729036.87534755,152458675.9039251,136829791.3761376,150236729.40523756,131010613.36827514,104429708.32871014,152709408.0669676,103795813.52115506,139824970.01776507,126246653.85525009,119535996.85763013,136071711.96893004,111776266.4492826,140664100.53346002,130494975.33576259,130043391.24989256,147766593.04035014,144594313.01198757,128928549.2580426,131586969.43201515,138712389.10482013,120189806.66077514,139008677.6839901,145847442.7438326,120123865.2524676,144031336.5744251,140028135.0695926,139019077.21120012,141290669.6942351,143147636.36695758,134338367.17567006,145641148.13852006,113710953.87545505,114450965.73569004,115413254.24955007,150011185.5521201,111400921.71735509,122186762.75881013,139961150.94579512,134832410.33307257,120734731.06394763,115783164.54480761,129104632.24529508,135301527.7388026,115448884.56020506
2022-02-08,117776750.66772759,125635412.49095757,161978104.52530757,117674075.18230757,132009713.69629757,140903790.71110258,159981036.87534755,150720675.9039251,137126771.57613763,152159729.40523756,129457545.33827513,104607984.70271015,154201373.2579676,103595300.62115507,140273970.01776507,126751886.60525009,120426015.78913014,136310812.24093002,112313266.4492826,141931286.66846,131431975.33576259,129430783.99439256,146301167.81343764,145024313.01198757,130109270.40054262,133895000.26201515,139449527.51957014,122412806.66077514,139985677.6839901,144619672.49383262,121570995.94846761,145259758.45042512,138410309.2970926,140860587.9412001,141631360.4983601,143318378.43495756,135194727.03806007,145957772.73752007,115559953.87545505,114506725.00069004,115480783.38555007,150163302.91212007,111475691.8928551,123447234.35131013,139904820.5717951,135170940.86307257,120755373.50333764,116106720.49580762,129027013.88529508,134565831.73080263,116029662.04620506
2022-02-09,117272750.66772759,127192412.49095757,164553520.78930756,119787075.18230757,131528354.82629758,142775790.71110258,160067036.87534755,154009675.9039251,138359615.99363762,155246729.40523756,130457812.40777513,105782829.41571015,156270373.2579676,104697624.52365507,141259970.01776507,127738432.64275008,121820015.78913014,137050214.49293002,113778266.4492826,143945291.28346002,133260975.33576259,130042740.37939256,148580026.14143762,145501313.01198757,132221270.40054262,137275070.41451514,141800888.54757014,124568806.66077514,141345840.22649008,145540434.3913326,123869804.04346761,147067277.3864251,141394188.83709258,143148592.55620012,142490019.9063601,144656378.43495756,136629568.35406005,147809553.0295201,116631953.87545505,114663721.90819004,116874237.26455006,150982877.86912006,113606691.8928551,125020234.35131013,140824086.7547951,137224940.86307257,122208550.92483763,118842848.57980762,131254495.58529508,136224831.73080263,117252662.04620506
2022-02-10,117878750.66772759,129590412.49095757,166125520.78930756,120900075.18230757,132466354.82629758,144968790.71110258,161485036.87534755,156371675.9039251,138758615.99363762,155814729.40523756,131654812.40777513,107538829.41571015,158788373.2579676,105573624.52365507,141596970.01776507,127697432.64275008,122018015.78913014,137948214.49293002,114530266.4492826,145238291.28346002,133515975.33576259,130684740.37939256,150770026.14143762,146939313.01198757,133737270.40054262,138014070.41451514,141288888.54757014,124934806.66077514,143275840.22649008,148680434.3913326,124538804.04346761,148280277.3864251,142737188.83709258,144100592.55620012,142901019.9063601,145506378.43495756,137264568.35406005,149889553.0295201,117525953.87545505,115497721.90819004,117908237.26455006,150989877.86912006,114563691.8928551,125269234.35131013,142204086.7547951,138842940.86307257,124986550.92483763,120060848.57980762,132497495.58529508,136550831.73080263,117964662.04620506
2022-02-11,117660695.04372759,127877412.49095757,165413520.78930756,121300075.18230757,131852365.04429758,144217790.71110258,162631998.26334757,154300675.9039251,140112055.26963764,155862729.40523756,130907812.40777513,107349829.41571015,158975373.2579676,105200770.21965507,141435970.01776507,127859394.0307501,121849015.78913014,138008214.49293002,115226266.4492826,145707291.28346002,134348975.3357626,130224222.07939255,149263026.14143762,147255313.01198757,133437270.40054262,137731547.71151516,141723888.54757014,126099806.66077514,144386348.7414901,148532434.3913326,125145804.04346761,148039317.6224251,141584188.83709258,144218592.55620012,143094185.81736007,145548378.43495756,138693568.35406005,150161553.0295201,117990953.87545505,116241632.56469004,117825237.26455006,151351877.86912006,113673691.8928551,126113234.35131013,142380665.5147951,139519940.86307257,124725550.92483763,120724848.57980762,132203495.58529508,136625831.73080263,118138662.04620506
2022-02-14,115168695.04372759,125332412.49095757,159784520.78930756,119728075.18230757,127833365.04429758,141494790.71110258,161119998.26334757,151179675.9039251,135312055.26963764,151387729.40523756,127221812.40777513,104618829.41571015,156948523.6271526,103952418.11715508,137184970.01776507,124936326.60075009,119608015.78913014,134994214.49293002,113014266.4492826,143398291.28346002,131945634.94433258,126266881.68796256,146920026.14143762,145559313.01198757,130691930.00911261,136477547.71151516,138615888.54757014,123350806.66077514,140469348.7414901,144592434.3913326,122715804.04346761,143954737.06076512,139515188.83709258,140755592.55620012,140106185.81736007,144562378.43495756,135837568.35406005,146857553.0295201,116284953.87545505,114468683.90519005,114666237.26455006,146743877.86912006,112949691.8928551,123728234.35131013,138117665.5147951,135511940.86307257,120575550.92483763,118795848.57980762,127717495.58529508,133834831.73080263,114273662.04620506
2022-02-15,115027044.7912676,127843558.86695758,161510095.12130758,121375075.18230757,129907803.08679758,143722790.71110258,161939998.26334757,154947316.0389251,137651822.29213762,153331770.88273755,129684600.07527514,106168811.59071015,157507835.4871526,105165047.76665507,139969249.29276505,126997099.67475009,121047863.34913014,136497927.68693003,114551919.7342826,145350291.28346002,133996697.69383259,127519282.82296257,148399026.14143762,147671313.01198757,133089803.95661262,137667303.56101516,140185888.54757014,124752806.66077514,142840448.9499901,146371434.3913326,122686048.8784676,144547640.5802651,140253982.5645926,141562599.67420012,140999362.16186008,145492378.43495756,136483948.97856006,148467431.41952008,117580953.87545505,115518683.90519005,116132183.03105007,149080681.76862007,114196691.8928551,124266234.35131013,139036369.9997951,137669241.73057258,121647364.59983763,121045055.16480762,129742316.15779507,135017395.70830262,115363656.68870506
2022-02-16,114820044.7912676,130081558.86695758,164773095.12130758,122120075.18230757,131600803.08679758,145713790.71110258,161435998.26334757,159510316.0389251,140931822.29213762,157395770.88273755,132382600.07527514,108463811.59071015,158142835.4871526,106609047.76665507,142090249.29276505,127776099.67475009,121777863.34913014,138410927.68693003,116987919.7342826,147883291.28346002,135914697.69383258,129510282.82296257,151280026.14143762,148248313.01198757,137432803.95661262,140137303.56101516,141696888.54757014,127423806.66077514,146205448.9499901,148057434.3913326,124591048.8784676,146858640.5802651,144615982.5645926,143321599.67420012,141400362.16186008,148246378.43495756,138153948.97856006,150708431.41952008,119366953.87545505,118068683.90519005,118562183.03105007,152329681.76862007,116104691.8928551,126301234.35131013,141769369.9997951,138833241.73057258,123359364.59983763,123146055.16480762,133060316.15779507,137612395.70830262,117394656.68870506
2022-02-17,115090044.7912676,131292558.86695758,165558095.12130758,122819075.18230757,132086803.08679758,146868790.71110258,162667998.26334757,161246316.0389251,141269390.33713764,158466770.88273755,133259600.07527514,108868811.59071015,159071835.4871526,107530047.76665507,142596249.29276505,128959099.67475009,122893863.34913014,139005927.68693003,117754919.7342826,149595291.28346002,136642697.69383258,130403282.82296257,152622594.18643764,149415313.01198757,138784803.95661262,140273303.56101516,142239888.54757014,128044806.66077514,146506448.9499901,148385434.3913326,125179048.8784676,147917640.5802651,145509982.5645926,143952599.67420012,142000362.16186008,149598378.43495756,138945948.97856006,151333431.41952008,120469953.87545505,118188683.90519005,118915183.03105007,152365681.76862007,116762691.8928551,127088234.35131013,143053938.0447951,138833241.73057258,124646364.59983763,123826055.16480762,133676316.15779507,137876395.70830262,118524656.68870506
2022-02-18,114670044.7912676,132431558.86695758,167862095.12130758,124926075.18230757,131960803.08679758,148213790.71110258,162739998.26334757,163435316.0389251,141693390.33713764,159733770.88273755,134781600.07527512,110389811.59071015,159654835.4871526,107861047.76665507,143421249.29276505,129295099.67475009,123539863.34913014,139902927.68693003,118093919.7342826,149853291.28346002,137064697.69383258,132289282.82296257,153533594.18643764,150332313.01198757,140317803.95661262,142840303.56101516,143456888.54757014,129854806.66077514,148532448.9499901,149727434.3913326,126451048.8784676,150064640.5802651,148607982.5645926,144476599.67420012,141938362.16186008,150964378.43495756,140517948.97856006,152997431.41952008,121028953.87545505,119420683.90519005,119975183.03105007,154006681.76862007,117679691.8928551,127890234.35131013,144446938.0447951,139836241.73057258,125709364.59983763,125124055.16480762,135238316.15779507,138810395.70830262,119323656.68870506
2022-02-21,114612044.7912676,134307558.86695758,171412095.12130758,125652075.18230757,132984764.24737258,150739790.71110258,162121998.26334757,165464316.0389251,144507390.33713764,162031770.88273755,137519600.07527512,112491811.59071015,160041835.4871526,108182047.76665507,145097802.68545505,129673099.67475009,123621863.34913014,141026927.68693003,120633919.7342826,151395291.28346002,138842697.69383258,133489282.82296257,155645594.18643764,151730313.01198757,142511803.95661262,144204303.56101516,145153888.54757014,131987806.66077514,151025448.9499901,152168987.7840226,126819048.8784676,151456640.5802651,151080982.5645926,145697599.67420012,142203362.16186008,152574378.43495756,141477502.37125006,154812431.41952008,122702953.87545505,121063683.90519005,122322183.03105007,156611681.76862007,118706691.8928551,128633234.35131013,146107938.0447951,142784241.73057258,126960364.59983763,127628055.16480762,138400316.15779507,140443356.86887762,120497656.68870506
2022-02-22,116027809.05926761,132024558.86695758,166780095.12130758,123370075.18230757,132064346.60737258,149635790.71110258,163934475.16334754,161197316.0389251,143417390.33713764,158232770.88273755,134971600.07527512,110251811.59071015,157600271.7631526,106933047.76665507,143071802.68545505,128308099.67475009,122897863.34913014,138612200.56243002,119199919.7342826,149525291.28346002,137251697.69383258,132905713.29296257,152337799.52143764,150607313.01198757,138677803.95661262,140426303.56101516,142526888.54757014,128846806.66077514,148392448.9499901,150590287.5760226,124343048.8784676,149073656.50276512,147908982.5645926,144405599.67420012,141937518.66686007,150146378.43495756,139575984.67125008,151789431.41952008,121543953.87545505,118934683.90519005,120124183.03105007,154078681.76862007,116713691.8928551,127011234.35131013,143028794.3697951,141457241.73057258,123985364.59983763,124583055.16480762,135512316.15779507,138344356.86887762,117287656.68870506
2022-02-23,118001809.05926761,135045702.16295758,168160095.12130758,125162075.18230757,133240346.60737258,151914790.71110258,166261475.16334754,163191316.0389251,145896619.48713765,160029770.88273755,137035600.07527512,112556811.59071015,160800271.7631526,108611047.76665507,143933581.56545505,129376099.67475009,125571165.54113014,142160200.56243002,121073919.7342826,151109291.28346002,140074697.69383258,134997713.29296255,154747799.52143764,154180313.01198757,141451803.95661262,143417303.56101516,144746888.54757014,131016806.66077514,149705448.9499901,152970287.5760226,125958048.8784676,152573261.4777651,150074982.5645926,145918599.67420012,143558410.61286008,152418378.43495756,142130984.67125008,153729431.41952008,124160953.87545505,122184683.90519005,121799183.03105007,156934681.76862007,118771691.8928551,128790234.35131013,144523794.3697951,143929241.73057258,125242364.59983763,126446055.16480762,137548316.15779507,141710222.59987763,118194656.68870506
2022-02-24,119286809.05926761,133264438.44448258,161091095.12130758,124038075.18230757,130280346.60737258,149353790.71110258,165300860.70784754,158927938.2262851,143714989.90067762,157418770.88273755,134227600.07527512,111360811.59071015,160278271.7631526,107820047.76665507,141472581.56545505,128548297.7538001,126254165.54113014,140154200.56243002,119517919.7342826,149583291.28346002,139031697.69383258,132237565.11576256,151823799.52143764,155779313.01198757,139923803.95661262,140155303.56101516,143362580.06619015,129816806.66077514,145162448.9499901,149547282.2977026,122616048.8784676,151783261.4777651,146216982.5645926,142160599.67420012,140571195.43512508,150206378.43495756,138926984.67125008,152822431.41952008,123465953.87545505,121628683.90519005,119838555.56308506,154353681.76862007,117268691.8928551,126166234.35131013,141382794.3697951,142310241.73057258,122671210.35914764,123904055.16480762,134411316.15779507,141148222.59987763,114783656.68870506
2022-02-25,118531809.05926761,133786562.06948258,162632095.12130758,125470075.18230757,131528346.60737258,149969508.12752008,164339860.70784754,160599987.8682851,145040120.19067764,159419770.88273755,134695600.07527512,111882454.72471015,160495349.5486526,107710047.76665507,142300298.98187256,130049181.49380009,126621388.26523514,140615200.56243002,120158919.7342826,150533273.20896003,140088697.69383258,133237565.11576256,152587799.52143764,155150313.01198757,141390803.95661262,142069303.56101516,143973224.36369014,131626462.67477514,146808448.9499901,149405481.62370262,123246271.6025726,152208261.4777651,146501982.5645926,142524599.67420012,140619640.30323008,150310378.43495756,140119885.29723758,153910933.6570201,123922335.65345505,121965683.90519005,120102920.19108507,156843681.76862007,117598691.8928551,127074234.35131013,142888794.3697951,142708866.9795726,122892329.69164763,124991055.16480762,135517316.15779507,141159222.59987763,115702818.93470505
2022-02-28,118893558.31826761,133259868.06448258,163745982.61258256,126378075.18230757,131770346.60737258,149586126.2100201,165762542.73084754,159793987.8682851,145495120.19067764,160635429.33123755,132897600.07527514,111940454.72471015,163235349.5486526,107794047.76665507,142657928.97187257,131389181.49380009,126861388.26523514,140376200.56243002,121062919.7342826,150566273.20896003,140177697.69383258,133434942.95276256,152276638.77943763,156573057.18298757,142648803.95661262,143700303.56101516,145774224.36369014,133632462.67477514,147799448.9499901,148991481.62370262,123955470.92857261,154433261.4777651,146196982.5645926,145446848.34520012,142282515.44023007,150358378.43495756,141457787.84923756,154772933.6570201,125824335.65345505,123236683.90519005,120498920.19108507,158354681.76862007,118011691.8928551,129003234.35131013,142360241.2259201,143921640.46707258,122536116.95814764,123411055.16480762,137348723.29779506,142896537.19787762,115370818.93470505
2022-03-01,118868558.31826761,136853868.06448257,166361306.2195826,127488075.18230757,132156774.26737258,152870126.2100201,167595542.73084754,164259987.8682851,147273120.19067764,162464429.33123755,135308417.68477514,114359454.72471015,164371349.5486526,107977017.04715508,144268928.97187257,131084181.49380009,127435208.26773514,142055200.56243002,122246919.7342826,151933273.20896003,142286697.69383258,135666942.95276257,156179638.77943763,157528057.18298757,144778803.95661262,146245303.56101516,147708224.36369014,135524462.67477515,150336448.9499901,149863481.62370262,125467470.92857261,156522261.4777651,147856982.5645926,146571848.34520012,143737984.6327301,151394865.87182257,144563787.84923756,156908933.6570201,126924335.65345505,125262683.90519005,121919920.19108507,160011681.76862007,120024935.6112876,129725234.35131013,144051510.89842013,145587640.46707258,124558604.39501263,125291574.57167262,139533723.29779506,144671537.19787762,117282711.25970507
2022-03-02,119410566.8092426,137338868.06448257,164341306.2195826,127278075.18230757,129973245.41634758,151666126.2100201,168311934.59444004,161794987.8682851,146127591.33965263,161482429.33123755,134321796.10377514,114190454.72471015,165683349.5486526,106872017.04715508,142046928.97187257,129293181.49380009,127944208.26773514,141755200.56243002,121672303.7562826,150992273.20896003,141145697.69383258,134477942.95276257,155743638.77943763,159265057.18298757,144769803.95661262,145554303.56101516,147138224.36369014,135872462.67477515,149099474.4574901,148486754.8562026,125488470.92857261,157470991.6937276,146981670.5695926,146511848.34520012,142704039.10355508,151310469.54532257,145516044.39623755,156879933.6570201,127401335.65345505,125744155.05416504,120744920.19108507,159192681.76862007,119915918.8112876,129846595.39032263,143058510.89842013,145333640.46707258,125505612.01001264,124524445.90567262,138877723.29779506,145379537.19787762,116555711.25970507
2022-03-03,121033077.22574261,138122868.06448257,167118306.2195826,130373075.18230757,131441615.74884757,153189126.2100201,169826566.38444006,164593987.8682851,147399907.3406526,163930429.33123755,135553796.10377514,115841454.72471015,168792349.5486526,108382347.87965508,144156928.97187257,132533395.4573001,130435208.26773514,143203200.56243002,123437303.7562826,153074273.20896003,143134697.69383258,136389942.95276257,157845638.77943763,160439057.18298757,147657803.95661262,148342303.56101516,150124224.36369014,138597462.67477515,151832474.4574901,149326088.6262026,128244470.92857261,161107681.8212276,148493670.5695926,149002848.34520012,145401479.5795551,153681469.54532257,149047149.81873757,159350933.6570201,129678335.65345505,127230686.78416504,121728920.19108507,161705681.76862007,121731918.8112876,132504768.10432263,146139510.89842013,148183640.46707258,126867612.01001264,125648445.90567262,141401723.29779506,146909537.19787762,118331711.25970507
2022-03-04,119562077.22574261,138512868.06448257,167686306.2195826,130136075.18230757,133864615.74884757,153599126.2100201,169815566.38444006,165609987.8682851,149005907.3406526,165590429.33123755,136249796.10377514,116382454.72471015,168435349.5486526,109232347.87965508,146199928.97187257,132716395.4573001,129747208.26773514,145207200.56243002,123032303.7562826,153797273.20896003,143110697.69383258,137553942.95276257,157183638.77943763,160361057.18298757,147989803.95661262,148218303.56101516,149772224.36369014,139165462.67477515,153527474.4574901,150394088.6262026,128024470.92857261,161570681.8212276,151243670.5695926,149014848.34520012,144542479.5795551,155107469.54532257,147795149.81873757,159515933.6570201,128737335.65345505,126857686.78416504,123592920.19108507,161643681.76862007,121641918.8112876,133872768.10432263,146526510.89842013,147935640.46707258,128086612.01001264,128423445.90567262,142018723.29779506,147158537.19787762,119762711.25970507
2022-03-07,122201090.9422426,138662868.06448257,168873306.2195826,129624633.52830257,133600615.74884757,154691126.2100201,172997698.08479005,163759104.5602751,149250907.3406526,165877429.33123755,135570796.10377514,117626454.72471015,172215349.5486526,108822347.87965508,145298928.97187257,133201395.4573001,130849208.26773514,145407200.56243002,123992303.7562826,154772610.7279525,142695697.69383258,138229942.95276257,158815638.77943763,163145057.18298757,149418803.95661262,148993303.56101516,151425300.91881764,139744462.67477515,154541474.4574901,150489088.6262026,129150470.92857261,164257681.8212276,152423670.5695926,151611848.34520012,146115479.5795551,156731469.54532257,149773149.81873757,159980933.6570201,131198335.65345505,129757686.78416504,125091920.19108507,162801681.76862007,122166918.8112876,137135768.1043226,147991510.89842013,147967640.46707258,128734612.01001264,126758445.90567262,141930723.29779506,149629537.19787762,119790711.25970507
2022-03-08,119069878.2320801,134257868.06448257,163930306.2195826,125901902.60080257,129832730.00422257,149046126.2100201,167656856.53079006,158163458.6477751,145095311.38131762,160480429.33123755,130918796.10377514,113874454.72471015,166816349.5486526,105817347.87965508,141774928.97187257,130013395.4573001,127222208.26773514,142143200.56243002,121080303.7562826,150871268.33595252,139386661.0308326,133577180.85826255,153212638.77943763,159676057.18298757,144795803.95661262,144493303.56101516,147140275.51581764,135749462.67477515,150013474.4574901,146221088.6262026,126230470.92857261,157937450.15601513,146528670.5695926,148013848.34520012,141688880.7803151,151773469.54532257,145990149.81873757,155722933.6570201,127326335.65345505,126326318.56073754,121346920.19108507,159354681.76862007,118383918.8112876,133545768.10432263,143229510.89842013,144163252.43507257,125613514.59848514,121787641.72017261,136761575.96879506,145341065.02649263,116115059.76720506
2022-03-09,121930671.5420801,133732934.85448259,161225951.5832376,125708902.60080257,128195396.71372257,148644126.2100201,170570856.53079006,157860458.6477751,144049983.79531762,161643429.33123755,128854630.89744264,113226481.81971015,168769349.5486526,105138111.45542508,139458928.97187257,129636395.4573001,128076208.26773514,140544200.56243002,120454303.7562826,150075268.33595252,139019661.0308326,133267561.29826257,152501674.90593764,160273488.60982758,145645740.5216126,144776303.56101516,146611275.51581764,135867550.89627513,147742465.06997758,145132088.6262026,126201470.92857261,160396208.4240151,145579670.5695926,147496848.34520012,142695880.7803151,150668469.54532257,146575701.39673758,156374933.6570201,127235335.65345505,127478813.96823755,120541920.19108507,157694681.76862007,118122918.8112876,134100768.10432263,142719715.36813262,143894823.28257257,125450834.90098514,120131290.77617262,137195575.96879506,145756617.96849263,115067102.35020506
2022-03-10,120623671.5420801,133735825.23798259,162286940.58923757,125999902.60080257,129452222.94122258,148556988.16002008,169127856.53079006,158079458.6477751,144308992.14281762,161959036.93123755,128685842.65644264,113689481.81971015,167905906.7056526,105018777.95242508,140142260.00387257,128959395.4573001,127391169.14173515,140177551.00643003,120449520.2002826,149235268.33595252,140073162.9348326,133242561.29826257,152175674.90593764,160292184.81282756,145950740.5216126,145758056.67351514,146579562.25781766,137363021.42127514,148306160.83147758,145616088.6262026,125868470.92857261,160255208.4240151,146036670.5695926,147120198.68770012,142169610.83031508,150575184.14532256,146553701.39673758,156609189.78102008,126368982.48345506,127835813.96823755,120720920.19108507,159064611.96062008,118190550.36628759,134336768.1043226,142331233.39063263,144175823.28257257,126447834.90098514,121154290.77617262,138170575.96879506,145760474.45249262,115734102.35020506
2022-03-11,118508053.4879801,132183379.8609826,159930940.58923757,123515902.60080257,128607222.94122258,144192335.1060201,165967678.31579006,154638592.7986251,140636992.14281762,160530036.93123755,126555842.65644264,111047481.81971015,165499431.8581526,103246777.95242508,138564260.00387257,126171717.54230009,124716169.14173515,136470948.13643003,118006520.2002826,146652027.68495253,138481162.9348326,129803561.29826257,147865674.90593764,159427201.44182757,144566740.5216126,143868056.67351514,143141562.25781766,137053021.42127514,145101050.64647758,142116088.6262026,123582470.92857261,158233208.4240151,144377670.5695926,143820198.68770012,138408610.83031508,148033184.14532256,143445701.39673758,155329189.78102008,123257982.48345506,125938813.96823755,118190920.19108507,155858611.96062008,116106550.36628759,132672768.10432263,139380233.39063263,141302823.28257257,125688834.90098514,118666927.92576262,137114575.96879506,144146474.45249262,114315102.35020506
2022-03-14,114634106.0102151,130567086.96057259,157622371.2007376,120083850.15451506,126249237.13562258,140649335.1060201,159626417.61858505,152292055.9395876,136514992.14281762,154835036.93123755,123891856.04264264,106888481.81971015,159382627.1731526,102076263.38442507,136168860.40157256,122428806.97180009,121225776.38173515,132786731.84043004,114754245.5412826,141749027.68495253,133369162.93483259,124199076.59091255,144630627.85593763,154740201.44182757,140267740.5216126,140343056.67351514,140159456.88531765,133087021.42127515,139542045.6077151,138130088.6262026,120274372.1570726,153177152.8515151,139496425.3313926,139188324.77270013,135784982.8531701,144214938.94232258,140533816.17423758,151686134.20852008,118467657.16927505,122479896.09323755,114489301.97870506,151068611.96062008,113393234.85378759,127260768.10432263,134606251.3756326,137926823.28257257,121833834.90098514,115493524.23429261,134091622.04814507,139674418.8799926,111879774.33020505
2022-03-15,114159493.8152151,132631415.5430726,160573889.1407376,120482288.91951507,129122237.13562258,142249245.4635201,158963812.70108506,153155652.6370876,138649693.58315513,157641903.11873755,125705386.70264263,107670345.49221015,160234359.9028151,104201466.36692509,138837860.40157256,124088092.4943001,123028040.68673515,134838396.98543003,116205194.5287826,144449859.59495252,133390257.4426701,125292706.70841256,146349393.62593764,156457399.8893276,140830069.23161262,142934269.81101516,141783640.56781766,135884145.64627516,140869541.8102151,140551545.9912026,122190358.2170726,153573196.52651513,142812293.9538926,140884664.8552001,137272166.5356701,146903704.71232256,141783451.16173756,152855359.5485201,119628000.33677506,123648520.38073754,115418217.72620507,153563458.48312008,114422430.9187876,129037968.67682263,136071637.9381326,139581166.4500726,123411340.76598515,117155034.65929262,136567169.7031451,140949290.97249264,114741774.33020505
2022-03-16,114258274.5602151,133636415.5430726,161191889.1407376,121132288.91951507,128653237.13562258,142816245.4635201,158917812.70108506,153589652.6370876,138973693.58315513,159551391.52373755,126792386.70264263,108882345.49221015,160841848.3078151,104496466.36692509,139955860.40157256,124430092.4943001,123636040.68673515,135445396.98543003,116846194.5287826,145593859.59495252,133933965.1026701,126191706.70841256,147616393.62593764,156772399.8893276,141549630.72161263,143107269.81101516,142802640.56781766,136178780.22127515,141395541.8102151,141015545.9912026,122813358.2170726,154783196.52651513,144125293.9538926,141090664.8552001,137149166.5356701,147736704.71232256,142090451.16173756,153787359.5485201,120374000.33677506,123657520.38073754,116385217.72620507,154560458.48312008,115322430.9187876,129475968.67682263,137298637.9381326,140287166.4500726,124206340.76598515,117080034.65929262,136714169.7031451,141809290.97249264,115360774.33020505
2022-03-17,114258274.5602151,135500415.54307258,163499889.1407376,121595288.91951507,129324237.13562258,143208245.4635201,160087812.70108506,154208945.6318776,139795693.58315513,162695391.52373755,128220386.70264263,110634345.49221015,161833848.3078151,105089466.36692509,140519860.40157256,124613092.4943001,123748040.68673515,136203396.98543003,117793194.5287826,146604859.59495252,134213965.1026701,126359706.70841256,149665393.62593764,157721399.8893276,142353630.72161263,144226269.81101516,144435640.56781766,136702780.22127515,141774541.8102151,141789545.9912026,123988358.2170726,155323196.52651513,146092293.9538926,142396664.8552001,138075166.5356701,149523704.71232256,144552451.16173756,154445359.5485201,121148000.33677506,124155520.38073754,117307217.72620507,156297458.48312008,116300430.9187876,130328968.67682263,138602637.9381326,141759166.4500726,125982340.76598515,118034034.65929262,137505169.7031451,143073290.97249264,116693774.33020505
2022-03-18,114258274.5602151,135974670.1853926,165345889.1407376,122391288.91951507,129652237.13562258,143759245.4635201,160187812.70108506,155053945.6318776,140445693.58315513,163058391.52373755,128980386.70264263,111814345.49221015,161464848.3078151,105645466.36692509,141502860.40157256,124979092.4943001,123645040.68673515,136917396.98543003,117832194.5287826,147705859.59495252,134019965.1026701,126737706.70841256,151552393.62593764,157494399.8893276,143009630.72161263,144014269.81101516,145695640.56781766,136934780.22127515,143259403.9302151,142959545.9912026,124140358.2170726,155355196.52651513,146528293.9538926,142887664.8552001,138414166.5356701,150013704.71232256,145341451.16173756,154034359.5485201,121566000.33677506,124622520.38073754,117182217.72620507,157172458.48312008,116821430.9187876,130711968.67682263,138961637.9381326,142823166.4500726,126499340.76598515,118406034.65929262,137441169.7031451,143963290.97249264,117267774.33020505
2022-03-21,114258274.5602151,140021670.1853926,170790889.1407376,123803288.91951507,131702237.13562258,146551245.4635201,160979812.70108506,159031945.6318776,142281688.89315513,168065391.52373755,131974386.70264263,115366345.49221015,162690848.3078151,107638466.36692509,144160860.40157256,126285092.4943001,126071040.68673515,140009396.98543003,119790194.5287826,150724859.59495252,135189965.1026701,128717706.70841256,156203393.62593764,159425147.23932758,144988630.72161263,147269269.81101516,148803640.56781766,139502780.22127515,145690403.9302151,145883545.9912026,127155358.2170726,157117196.52651513,149812293.9538926,144525664.8552001,140767166.5356701,153214704.71232256,149610451.16173756,155503359.5485201,122724000.33677506,126515520.38073754,118855217.72620507,160864458.48312008,119943430.9187876,132049968.67682263,141477637.9381326,145855166.4500726,128831340.76598515,121252034.65929262,139872169.7031451,146063290.97249264,120872774.33020505
2022-03-22,114258274.5602151,140076670.1853926,170537889.1407376,123838288.91951507,132881237.13562258,147976245.4635201,162449812.70108506,158807945.6318776,141836688.89315513,167139391.52373755,133082386.70264263,114758345.49221015,162545848.3078151,107634466.36692509,144802860.40157256,126549092.4943001,126550040.68673515,140035396.98543003,120903194.5287826,151431859.59495252,135415965.1026701,129386706.70841256,155230393.62593764,159625147.23932758,145888630.72161263,146781269.81101516,149109640.56781766,140006780.22127515,145839403.9302151,147040545.9912026,127123358.2170726,157753196.52651513,150709293.9538926,145109664.8552001,141228166.5356701,153152704.71232256,149197451.16173756,155269359.5485201,123123000.33677506,125999520.38073754,119517217.72620507,159817458.48312008,119703430.9187876,132713968.67682263,142142637.9381326,146276166.4500726,128456340.76598515,122501034.65929262,139874169.7031451,145643290.97249264,120751774.33020505
2022-03-23,114274220.7362151,139805670.1853926,170490100.28173757,123628288.91951507,132307817.69562258,147857914.2775201,162210270.18908507,159168262.9343776,142284368.3131551,168601842.80873755,133915727.11864263,115704345.49221015,162196629.79081511,106801996.09392509,144670860.40157256,126617414.0983001,127227040.68673515,140324612.72343004,120686699.84078261,151953859.59495252,135487449.80267012,129191812.27891256,157081393.62593764,158875470.84632757,146006359.57161263,147072328.05601513,149975333.09531766,139945289.53927517,146631443.5662151,146362612.5437026,127728258.1660726,157198214.35051513,149813912.1378926,144674333.66920012,141700446.9156701,153211045.12832257,150129626.58023757,155427214.6735201,123106105.90727505,125606302.26073754,118975723.03820506,158770185.5331201,119772430.9187876,132686823.80182263,142057702.98613262,147129490.05707258,127331641.75798514,123683034.65929262,139963672.6151451,146414907.05199262,120406774.33020505
2022-03-24,114448220.7362151,140316670.1853926,173058772.69573757,124322288.91951507,133079860.93162258,147765123.4155201,164262745.88908505,160000802.8703776,143482048.33315513,170700342.92373756,135869708.51864263,116774345.49221015,162911405.6708151,107224502.60592508,146572860.40157256,126412945.8283001,127555040.68673515,140939629.84593004,121426678.03778261,152849859.59495252,136328745.09017012,128970717.23091257,159180393.62593764,158438107.8423276,146652651.15761262,147866056.30601513,151034954.98081765,141167770.03927517,147877983.5022151,146131268.74870262,128341509.12807262,158256016.44551513,151402952.47539258,144773553.41320014,142767754.8121701,154511580.88140258,151870846.32423759,158315941.7235201,123827351.16477506,125158134.17073753,119043968.29570507,159395823.12912008,120748430.9187876,133806760.47032264,142530183.48613262,149528323.9700726,127520190.39848515,124255034.65929262,141375527.53714508,148311183.73049262,121898774.33020505
2022-03-25,114530819.6007151,140464638.4778926,173473772.69573757,124526270.91951507,132776860.93162258,146674890.3880201,164443831.46558505,159178356.4303776,142692676.63365513,172239342.92373756,135014311.49064264,117122720.12621015,162130749.1048151,107162456.98792508,145930442.16157258,126448742.7263001,126950626.84973516,140622608.84593004,122028678.03778261,153294961.86995253,135829118.7361701,129106933.78091256,158463370.22593763,158501707.22332758,146724410.83761263,148409216.61401516,150279954.98081765,140781770.03927517,148257131.61621508,145561628.1887026,128337755.58557262,157632179.77151513,152027952.47539258,145554715.23470014,142657720.8151701,155330558.68140256,151475128.70723757,158289370.80852008,123785567.11477506,124488290.78623754,119317490.61970507,160675823.12912008,120945614.23878759,134596515.53532264,142410183.48613262,149146323.9700726,127001006.10848515,123462189.76129262,140890725.26614508,148199841.4489926,121969774.33020505
2022-03-28,114859841.4307151,134270577.4628926,167469725.13104758,121461266.84801507,130024204.14356257,141066890.3880201,161699900.41960508,153785298.9928776,138796797.12965515,164939342.92373756,130949311.49064264,113992876.75071016,161612002.4848151,103593456.98792508,143340442.16157258,123617742.7263001,124437427.65223515,135402222.63566256,119504678.03778261,151926253.87095252,132417367.6043576,126093220.36391257,153028950.81293765,154378328.34198257,144454789.47761264,143859216.61401516,145905954.98081765,136641770.03927517,143553399.48871508,141402642.0034401,124619755.58557262,155700012.27147514,147647952.47539258,140175715.23470014,138599702.8151701,152649558.68140256,145800128.70723757,155219370.80852008,121078851.61351256,121286768.09223753,117952775.11844257,155620390.8423701,118921745.1377876,132719004.46987513,140449183.48613262,144074467.5887276,124285006.63159764,120152009.88329263,138411725.26614508,144028943.51186013,119037774.33020505
2022-03-29,114947395.4712151,135405220.1048926,169101599.4305476,123711391.43351507,131031826.87556258,143628065.4587326,163965983.88260508,158240079.07287762,140167797.12965515,163921033.27273756,133937311.49064264,115998876.75071016,164496002.4848151,104278456.98792508,146500155.74157256,124791562.3956701,125768427.65223515,138164232.29566255,119674678.03778261,152596253.87095252,134794609.3723576,127066834.37191257,155305950.81293765,154444955.93198258,144769789.47761264,145189216.61401516,148520359.06581765,137866770.03927517,145971399.48871508,142205318.33094013,125138755.58557262,157412639.86147514,148572878.60289258,139673537.38470012,139970702.8151701,151995558.68140256,147234128.70723757,157959370.80852008,121429056.14551257,121866768.09223753,118562511.59594256,156422374.69587007,119485745.1377876,134454082.66487515,140313227.2536326,145880627.6607276,124049392.68359764,123309357.00079262,140695725.26614508,147201572.30186012,119600383.12970506
2022-03-30,113022737.2811076,129310264.8819051,163390583.6693126,121127867.89601506,129372826.87556258,139460704.2547326,159679033.5312276,151958079.07287762,134596544.82827765,158077033.27273756,128762311.49064264,110712112.57232016,159571853.4510951,102165856.81695509,143032155.74157256,122150842.5726701,123345065.87694515,133490914.71566254,116458678.03778261,147543253.87095252,131638609.3723576,122788326.49129507,149630857.17014515,152019955.93198258,140742789.47761264,139824216.61401516,144571359.06581765,133990770.03927515,139556147.18733758,139144318.33094013,121790755.58557262,153365639.86147514,142436878.60289258,136003537.38470012,134285557.5988351,146756558.68140256,142869309.45054007,154552370.80852008,118576548.26489505,119312691.64550753,114566995.09594256,152053374.69587007,116187950.5868226,130606082.66487513,136516227.2536326,143498627.6607276,120915839.77436765,119861357.00079262,135943408.8859301,143132617.07887262,116174383.12970506
2022-03-31,112241692.28054011,126627757.8865401,159925583.6693126,121025561.34085506,127867513.55056258,139670459.7397326,158566701.6562276,149632045.56537762,133295056.36311764,155697522.37773755,126700311.49064264,107765112.57232016,156604853.4510951,100731856.81695509,141653155.74157256,121932842.5726701,123639065.87694515,131981293.61066253,115548678.03778261,145473253.87095252,131699609.3723576,122123326.49129507,147268857.17014515,151319325.55198258,138492789.47761264,137918349.54401517,142628045.74081767,131821590.70074517,136631147.18733758,137795289.93594012,121162236.23481011,152200639.86147514,139397878.60289258,133864292.86970013,132359557.59883511,143851558.68140256,140794967.7305401,154701094.24602008,117267548.26489505,117936691.64550753,111785459.74654257,150114374.69587007,114596950.5868226,129572806.10237513,134948524.92863262,143129383.14572757,118562300.16144764,118065300.05579263,134303408.8859301,141950617.07887262,114571383.12970506
2022-04-01,112098859.97804011,126553015.4040401,159870089.7943126,122153561.34085506,128477249.11306258,142678459.7397326,160050701.6562276,152547214.8953776,133630944.70061764,156219545.97773755,127480330.11564264,106187015.85732016,155133466.5425951,102032282.5269551,142658608.65407258,124261842.5726701,124827065.87694515,133046345.98306254,116739932.8877826,145077061.76595253,134303609.3723576,122404189.28379507,146107211.16164514,152029721.36448258,139823193.08761263,139483669.49901515,142086042.86331767,132997122.83824515,136491955.6773376,139297855.62344012,121546386.85981011,155743639.86147514,139567615.71775258,133455390.69470012,133092004.2913351,143997943.04140258,139968476.9130401,157088094.24602008,117920823.49624506,119080427.20800754,112837385.54654256,151480201.39117008,115366686.1493226,131186806.10237513,134828799.03113264,144942383.14572757,119278450.78644764,119751108.78079262,136815408.8859301,142830560.57387263,116137118.69220506
2022-04-04,111318648.66104011,124977959.88154009,160286212.6813126,122568393.25085506,130826790.24906257,141999239.2197326,160355700.66822758,151569214.8953776,134503944.70061764,156714589.91523755,127051162.02564263,104977350.46732014,156087947.0425951,102110282.5269551,143084375.02657256,125890842.5726701,124628065.87694515,134360335.98606253,117142932.8877826,146142097.79345253,134257609.3723576,122065475.06379507,145125771.10964513,154169721.36448258,139522193.08761263,140057922.96251515,143180385.18081766,134000122.83824515,137698955.6773376,141323922.6709401,122108961.61381012,156414639.86147514,139282732.90025258,133958447.73970012,133735237.0413351,144363375.4129026,139993828.63654009,158787956.3770201,118988715.34074506,120557427.20800754,112463675.52654256,152615159.7791701,114242260.90332259,132496806.10237513,135288442.62713262,146466149.51822758,118838785.39644764,120312270.88879262,136201641.6359301,141815081.0978726,116893690.94470507
2022-04-05,111343684.18954012,125494284.6975401,162417515.2743126,121358268.99685507,131272386.01206258,141767239.2197326,159556020.6842276,150580801.9718776,134643814.34511763,154448609.95423755,126845638.73164263,105392449.53932016,156628282.8705951,103342645.1519551,145516375.02657256,125768842.5726701,125171447.51694515,134899398.84606254,116836592.0927826,147323446.52595252,135456609.3723576,121903512.60429507,144745589.02564514,154986848.65448257,140124170.79511264,139058940.08501515,143499008.37681767,134294178.19374517,138256164.6123376,142041150.5194401,122377562.19481012,156789639.86147514,139337059.61775258,134669778.75870013,133168893.84133512,144914068.65090257,138452569.38904008,158891956.3770201,120640857.44574505,120502709.98800755,112301839.34204257,153658166.3921701,113936275.9213226,133997050.05837514,134473391.61813262,146391149.51822758,119403057.47794765,120641277.10079262,136863641.6359301,142694360.87787262,118247690.94470507
2022-04-06,111169592.70054013,122719952.1175401,159148211.10631257,119972268.99685507,130300386.01206258,139788916.8739326,157668552.6142276,146664982.89187762,131653977.76361763,150234801.79473755,126414638.73164263,104259058.80647016,154887490.2085951,103195765.73145509,144273375.02657256,124412842.5726701,123979554.69284016,132437398.84606254,116707217.4767826,144603446.52595252,133518895.61941761,120029701.35049507,142529120.75564516,155662885.89048257,138837718.44311264,137243267.76451516,142648008.37681767,132626359.11374515,137564438.2998376,142026331.4394401,121904562.19481012,155186639.86147514,136545059.61775258,133709496.70612513,131540215.34383512,142045068.65090257,138135508.58604008,156987956.3770201,119341857.44574505,119367096.04000753,110955685.85374257,152403166.3921701,113814275.9213226,132068050.05837514,132596797.67313263,144408149.51822758,118224503.14159764,118738277.10079262,134342641.6359301,142058547.81287262,116146690.94470507
2022-04-07,110044370.86108012,119363464.6145401,155901759.5431876,118113168.37185507,129248386.01206258,137020440.57527262,155146442.24322757,144697137.6128151,129989419.40361764,148982333.97567505,124477179.76164263,102644149.15209515,154089490.2085951,101015449.35208009,140648375.02657256,121780088.7708251,122618811.25784016,131175830.41006255,114841217.4767826,142435852.29439002,130452025.3869176,118836730.25949508,138916825.81106514,154036782.70048258,136445709.42811266,134924216.96451515,140973008.37681767,131751161.17729016,134874604.21083757,140267331.4394401,119264562.19481012,153575639.86147514,134056465.38619009,132142403.66112512,129307456.43958512,139725068.65090257,136063060.1200401,154350270.4490201,117158857.44574505,117474105.34000754,109904157.44624257,150705166.3921701,111685275.9213226,130345315.92337514,130447797.67313263,141611149.51822758,116358286.82159765,116197492.13179262,131827595.32468009,139248544.57383263,114049690.94470507
2022-04-08,109973370.86108012,117050812.2801651,153512470.2814676,115023710.05407006,126424386.01206258,134468723.2752726,153176488.9725951,141301003.07781512,126875786.91732764,145465731.57567507,120988159.95473264,100495149.15209515,150077001.5742151,99082375.5000601,137934375.02657256,119900905.66498509,118618809.13284016,127739958.36203754,112550640.4606076,138227852.29439002,129070547.97916761,116539730.25949508,136954495.14905015,150597966.5620426,135310709.42811266,132568213.77701515,137568008.37681767,129145161.17729016,131327604.21083757,138222361.43944013,117793678.07731012,150987071.95132512,131432438.2861901,130207931.62388763,129168456.43958512,135922866.78690258,132734102.9700401,152650668.04902008,114525857.44574505,116095105.34000754,107243689.58374257,148450166.3921701,109833214.2863226,127268880.11160013,127702852.46977264,139835362.60572758,114484259.72159766,113090014.92277262,131399933.4146801,137479665.4275326,112374600.00511755
2022-04-12,109410370.86108012,113850118.0478051,151050645.98509258,113605873.28672007,123005395.93695757,132930310.25777261,150052231.64238507,137615216.34384012,124139369.82962513,145259342.8581751,116954270.75421265,98619281.75721765,147015382.7004101,97640100.27995259,135848963.82157257,119425071.7299851,116690837.09762765,127335505.81759754,109570166.1593726,136630959.05121002,126056013.53803012,113896283.51080757,133764342.78036015,147654868.33648258,131739915.25220764,128399615.13526516,135481690.57500517,125772720.61011517,129672601.79582758,135603522.06444013,115348497.24367511,146285083.75086012,128419323.8812526,127011261.00874764,126881260.63828512,133525764.57167257,129869592.44358009,149354691.2443601,113094149.85057005,112152630.58894253,104720480.19302258,144037305.2972601,105695355.17329259,124854550.58982514,124133348.16268763,137295584.70822757,111263387.36415264,109457612.68277262,129008953.77718009,134284151.31373513,109019600.00511755
2022-04-13,109699535.29762012,114145020.8928051,152551645.98509258,114498793.67172007,124844097.71445759,133033341.09590262,150094473.09323508,138357497.9038401,124119336.21484262,146539342.8581751,117641233.45311265,99239693.83971764,147711549.44518012,98705789.80495259,137179379.50407258,119716988.6699851,117227837.09762765,128522554.75509754,109828380.3593726,137462947.70121002,127427016.67053011,114474052.12539257,134090073.08286014,149359413.97148257,132307826.93220764,130453124.83526514,136116957.86000517,127752752.00761516,130147601.79582758,136147667.50444013,115726113.29367512,147349478.2658601,129734059.8312526,128124796.61624764,127796843.78578512,134468857.03167257,129912453.16358009,150664833.26686007,113736188.50307004,112831481.36328754,105362741.31302258,146687667.94726008,105796745.9307926,125899046.24732515,124707828.74268763,138550677.6882276,111783084.34915264,109934433.23426262,129181201.21718009,135174636.6087351,110025959.62261756
2022-04-14,109388535.29762012,114099020.8928051,151403645.98509258,114207793.67172007,124273097.71445759,132762341.09590262,149860275.72004506,139163497.9038401,123914336.21484262,147223342.8581751,117196233.45311265,98817693.83971764,147556549.44518012,98249789.80495259,136347379.50407258,119562988.6699851,117164837.09762765,128862554.75509754,109773380.3593726,137204947.70121002,126748016.67053011,114764052.12539257,133982073.08286014,148894413.97148257,131656826.93220764,129710124.83526514,135798957.86000517,127915752.00761516,130116601.79582758,136073667.50444013,115561113.29367512,146855478.2658601,129476059.8312526,127288796.61624764,127198843.78578512,134210857.03167257,130046453.16358009,150054833.26686007,113277188.50307004,112496481.36328754,104677741.31302258,145787667.94726008,105796745.9307926,125184046.24732515,124551828.74268763,138305677.6882276,111493084.34915264,109810433.23426262,128718201.21718009,134386636.6087351,109284959.62261756
2022-04-15,109228535.29762012,113498422.3392851,150250645.98509258,114197793.67172007,124103097.71445759,132282341.09590262,149710275.72004506,138359497.9038401,123384336.21484262,146536342.8581751,116754233.45311265,98726646.78447264,147215549.44518012,97828789.80495259,135438379.50407258,118820988.6699851,116591514.42012766,128219554.75509754,109208380.3593726,137090947.70121002,125652016.67053011,114833052.12539257,133898073.08286014,147854413.97148257,129953826.93220764,128590124.83526514,135324957.86000517,126907752.00761516,129653601.79582758,135591667.50444013,115498113.29367512,146659478.2658601,129759059.8312526,126065796.61624764,127043445.95078513,134096857.03167257,129892453.16358009,149578234.7133401,112943188.50307004,111514481.36328754,103852741.31302258,145142667.94726008,105796745.9307926,124259046.24732515,123968642.46768764,138222677.6882276,111248084.34915264,109386433.23426262,127642201.21718009,133610636.60873511,108440959.62261756
2022-04-18,108295101.81340012,112988422.3392851,147467316.05259258,113337793.67172007,122279097.71445759,132021831.05590263,149530275.72004506,138093497.9038401,123125425.96644762,146446646.64808258,115066212.83591264,98163014.83197264,146874062.6370051,95197789.80495259,132888000.94806507,117255988.6699851,114988514.42012766,127193376.33009754,108143448.5699876,135950947.70121002,124821785.78303011,113539481.51414257,132884073.08286014,145350281.1173826,128272086.00470765,127039946.41026515,134783894.93000516,125808954.81011516,128023601.79582758,134402338.76444012,114620113.29367512,145115478.2658601,128034059.8312526,124134565.72874764,125993445.95078513,132956857.03167257,129156453.16358009,147542234.7133401,112019568.46057004,110134884.40328754,102958159.40552258,142346667.94726008,105796745.9307926,123120375.76232515,122387563.39256264,136384549.63844007,110118084.34915264,109010638.76545262,126221024.2421801,132197573.6787351,107338114.21011756
2022-04-19,108296261.99840012,113007020.64428511,145754722.07259256,111796793.67172007,120650801.8769576,132022991.24090263,149425275.72004506,138859489.50884008,123125425.96644762,146468646.64808258,114160212.83591264,98163014.83197264,146248062.6370051,93664966.28495258,131485000.94806507,117134389.0674851,115091194.90262768,126747376.33009754,108165146.5924876,135838044.51621002,124816630.77803011,113097641.69914258,133119297.51786014,145382820.3523826,127280086.00470765,126314647.95526515,134732894.93000516,126422929.65261516,127168399.53582758,133346338.76444012,114673095.75367513,145205199.08586013,125635059.8312526,123912169.55124763,125504366.47584014,131900857.03167257,129208151.1860801,146879025.76834008,111597299.67057005,110158859.24578756,102979688.33052258,141496652.60726008,105796745.9307926,123026289.77482516,122592787.82756265,134865549.63844007,109918998.36165264,109058638.76545262,125701024.2421801,131487280.76873511,107244028.22261757
2022-04-20,107737986.74090013,112979734.28228511,144744394.4865926,110384053.23672007,118256516.02195759,131971557.99190263,148967738.01304507,137695489.50884008,122998953.89344762,144254646.64808258,113388196.79691264,98138760.28797264,144129466.7447551,92286275.50245258,130203391.90106507,117182778.11048509,114610089.01082768,124805376.33009754,107306896.4514876,135762704.52421004,123968655.90353012,112119013.09964257,132562105.01286015,145428385.9033826,126589181.67570765,125384705.00026515,133639805.05386266,125452929.65261516,125762856.94332758,131869078.71894012,114545279.07367514,143478886.11703512,123288806.45675261,123720930.62124762,124888432.92684014,130130573.27267256,128957167.6070801,145127019.0758401,111575388.53357005,109767118.81078756,102320152.31702258,140464084.37876007,105771793.4682926,122391984.70232517,122562469.64756265,132780569.94478008,109771277.33865264,108756597.91265263,124794040.6631801,129729929.22373511,106767762.47261757
2022-04-21,107920986.74090013,112223734.28228511,143248287.30659258,109082503.94672006,117049721.18195759,132097557.99190263,147979738.01304507,138061489.5088401,123096953.89344762,144139052.6680826,114236196.79691264,97466760.28797264,143391872.7647551,91054721.91245258,130641391.90106507,116912778.11048509,114718089.01082768,123941027.78709254,106795896.4514876,135594704.52421,123230655.90353012,111241013.09964257,131647105.01286015,145173385.9033826,125020505.36670765,124143910.16026515,133369805.05386266,125757929.65261516,124988856.94332758,130151248.33394012,114371650.93476014,142262886.11703512,122293181.2317526,122880930.62124762,124087432.92684014,128694742.88767256,127779825.7517751,145774224.23584008,111818388.53357005,109575118.81078756,101746152.31702258,140216490.39876008,105081793.4682926,122391984.70232517,121722469.64756265,131047083.11728008,108773277.33865264,108077597.91265263,123134775.1373101,128749929.22373511,106067762.47261757
2022-04-22,107359425.94216263,112871734.28228511,143418287.30659258,109220503.94672006,116648243.68195759,132265557.99190263,147485738.01304507,136921489.50884008,123509953.89344762,142999052.6680826,113928196.79691264,98042760.28797264,143535872.7647551,90681545.14467758,130888391.90106507,116938014.7479851,114862089.01082768,122991027.78709254,106883877.1239876,135986704.52421004,123159715.87853011,111037013.09964257,131424205.55203515,145122385.9033826,124632505.36670765,124917910.16026515,133039805.05386266,124807929.65261516,124795957.48250258,129829369.82368262,114831650.93476014,141168372.7870351,121939181.2317526,123600930.62124762,124672432.92684014,128795524.97043756,127361825.7517751,145389224.23584008,111494388.53357005,109683118.81078756,101690976.74202257,140216490.39876008,105726793.4682926,122061984.70232517,122442469.64756265,130985319.75478008,109041277.33865264,108497597.91265263,122716775.1373101,127846756.86123511,105686284.97261757
2022-04-25,107359425.94216263,113060734.28228511,142323287.30659258,108167266.93744506,116481102.21395259,131397557.99190263,146627738.01304507,136396118.2288401,122690953.89344762,142473681.3880826,113464196.79691264,98210760.28797264,143098223.4190551,90681545.14467758,129274391.90106507,116200014.7479851,114118089.01082768,122553218.38709253,106883877.1239876,135048704.52421004,123159715.87853011,110597014.69163758,131173066.27752765,144604319.8222976,123181505.36670765,125259910.16026515,131853132.18865016,124370120.25261515,124795957.48250258,129829369.82368262,114031650.93476014,141168372.7870351,121219181.2317526,123810930.62124762,123871432.92684014,128795524.97043756,126635825.7517751,144809224.23584008,110049388.53357005,109354881.80151255,101690976.74202257,139319490.39876008,106011793.4682926,121323456.39161266,122652469.64756265,130467253.67369509,108254271.72149014,108854597.91265263,121990775.1373101,127846756.86123511,105686284.97261757
2022-04-26,107359425.94216263,113816734.28228511,142123503.6044026,108196748.39994507,116481102.21395259,131210602.55190264,147459738.01304507,136396118.2288401,123383953.89344762,142473681.3880826,113852196.79691264,98882760.28797264,143098223.4190551,90681545.14467758,129541873.36356507,115776627.61298509,113957841.49082768,122553218.38709253,106883877.1239876,135720704.52421004,123159715.87853011,111353014.69163758,131173066.27752765,144604319.8222976,123914986.82920766,126105910.16026515,131853132.18865016,124370120.25261515,124795957.48250258,129829369.82368262,113914437.53476015,141168372.7870351,120629263.0467526,124650930.62124762,124591432.92684014,128795524.97043756,127339825.7517751,145294224.23584008,109488951.81107005,109354881.80151255,101690976.74202257,139221477.28876007,106716793.4682926,121323456.39161266,123492469.64756265,130467253.67369509,108772271.72149014,109015597.91265263,122694775.1373101,127846756.86123511,105686284.97261757
2022-04-27,107359425.94216263,113816734.28228511,142123503.6044026,108196748.39994507,116481102.21395259,131210602.55190264,148343738.01304507,136396118.2288401,123236953.89344762,142473681.3880826,114856196.79691264,98882760.28797264,143098223.4190551,90681545.14467758,129625873.36356507,115776627.61298509,113957841.49082768,122553218.38709253,106883877.1239876,136028704.52421004,123159715.87853011,111353014.69163758,131173066.27752765,144604319.8222976,124662986.82920766,127005910.16026515,131853132.18865016,124370120.25261515,124795957.48250258,129829369.82368262,113914437.53476015,141168372.7870351,120629263.0467526,124650930.62124762,125302432.92684014,128795524.97043756,128087825.7517751,146549224.23584008,109488951.81107005,109354881.80151255,101690976.74202257,139221477.28876007,107466793.4682926,121323456.39161266,123492469.64756265,130467253.67369509,108996271.72149014,109246597.91265263,123442775.1373101,127846756.86123511,105686284.97261757
2022-04-28,107359425.94216263,113816734.28228511,142123503.6044026,108196748.39994507,116481102.21395259,131210602.55190264,148889738.01304507,136396118.2288401,123411953.89344762,142473681.3880826,115396196.79691264,98882760.28797264,143098223.4190551,90681545.14467758,129261873.36356507,115776627.61298509,113957841.49082768,122553218.38709253,106883877.1239876,135846704.52421004,123159715.87853011,111353014.69163758,131173066.27752765,144604319.8222976,125124986.82920766,127851910.16026515,131853132.18865016,124370120.25261515,124795957.48250258,129829369.82368262,113914437.53476015,141168372.7870351,120629263.0467526,124650930.62124762,125014432.92684014,128795524.97043756,128549825.7517751,147224224.23584008,109488951.81107005,109354881.80151255,101690976.74202257,139221477.28876007,108171793.4682926,121323456.39161266,123492469.64756265,130467253.67369509,108870271.72149014,108756597.91265263,123904775.1373101,127846756.86123511,105686284.97261757
2022-04-29,107359425.94216263,113816734.28228511,142123503.6044026,108196748.39994507,116481102.21395259,131210602.55190264,149877738.01304507,136396118.2288401,123474953.89344762,142473681.3880826,115432196.79691264,98882760.28797264,143098223.4190551,90681545.14467758,129625873.36356507,115776627.61298509,113957841.49082768,122553218.38709253,106883877.1239876,136196704.52421004,123159715.87853011,111353014.69163758,131173066.27752765,144604319.8222976,125960986.82920766,128877910.16026515,131853132.18865016,124370120.25261515,124795957.48250258,129829369.82368262,113914437.53476015,141168372.7870351,120629263.0467526,124650930.62124762,125725432.92684014,128795524.97043756,129385825.7517751,147269224.23584008,109488951.81107005,109354881.80151255,101690976.74202257,139221477.28876007,109026793.4682926,121323456.39161266,123492469.64756265,130467253.67369509,108954271.72149014,108952597.91265263,124740775.1373101,127846756.86123511,105686284.97261757
2022-05-04,107359425.94216263,115706734.28228511,142123503.6044026,108196748.39994507,116481102.21395259,131210602.55190264,150215738.01304507,136396118.2288401,123187953.89344762,142473681.3880826,114932196.79691264,100562760.28797264,143098223.4190551,90681545.14467758,129520873.36356507,115776627.61298509,113957841.49082768,122553218.38709253,106883877.1239876,135762704.52421004,123159715.87853011,113243014.69163758,131173066.27752765,144604319.8222976,126246986.82920766,127779910.16026515,131853132.18865016,124370120.25261515,124795957.48250258,129829369.82368262,113914437.53476015,141168372.7870351,120629263.0467526,126750930.62124762,125221432.92684014,128795524.97043756,129671825.7517751,146644224.23584008,109488951.81107005,109354881.80151255,101690976.74202257,139221477.28876007,108111793.4682926,121323456.39161266,125592469.64756265,130467253.67369509,108688271.72149014,108630597.91265263,125026775.1373101,127846756.86123511,105686284.97261757
2022-05-05,107359425.94216263,116192734.28228511,142123503.6044026,108196748.39994507,116481102.21395259,131210602.55190264,149487738.01304507,136396118.2288401,123110953.89344762,142473681.3880826,114700196.79691264,100994760.28797264,143098223.4190551,90681545.14467758,129758873.36356507,115776627.61298509,113957841.49082768,122553218.38709253,106883877.1239876,135636704.52421004,123159715.87853011,113729014.69163758,131173066.27752765,144604319.8222976,125630986.82920766,127077910.16026515,131853132.18865016,124370120.25261515,124795957.48250258,129829369.82368262,113914437.53476015,141168372.7870351,120629263.0467526,127290930.62124762,124717432.92684014,128795524.97043756,129055825.7517751,146354224.23584008,109488951.81107005,109354881.80151255,101690976.74202257,139221477.28876007,107526793.4682926,121323456.39161266,126132469.64756265,130467253.67369509,108478271.72149014,108630597.91265263,124410775.1373101,127846756.86123511,105686284.97261757
2022-05-06,107359425.94216263,115220734.28228511,142123503.6044026,108196748.39994507,116481102.21395259,131210602.55190264,149071738.01304507,136396118.2288401,122662953.89344762,142473681.3880826,113620196.79691264,100130760.28797264,143098223.4190551,90681545.14467758,128911873.36356507,115776627.61298509,113957841.49082768,122553218.38709253,106883877.1239876,135090704.52421004,123159715.87853011,112757014.69163758,131173066.27752765,144604319.8222976,125278986.82920766,126105910.16026515,131853132.18865016,124370120.25261515,124795957.48250258,129829369.82368262,113914437.53476015,141168372.7870351,120629263.0467526,126210930.62124762,123916432.92684014,128795524.97043756,128703825.7517751,145004224.23584008,109488951.81107005,109354881.80151255,101690976.74202257,139221477.28876007,106716793.4682926,121323456.39161266,125052469.64756265,130467253.67369509,108394271.72149014,108112597.91265263,124058775.1373101,127846756.86123511,105686284.97261757
2022-05-09,107359425.94216263,114302734.28228511,142123503.6044026,108196748.39994507,116481102.21395259,131210602.55190264,148083738.01304507,136396118.2288401,122109852.13490263,142473681.3880826,112652196.79691264,99314760.28797264,143098223.4190551,90681545.14467758,128116852.07713507,115776627.61298509,113957841.49082768,122553218.38709253,106883877.1239876,134422106.84453002,123159715.87853011,111839014.69163758,131173066.27752765,144604319.8222976,124442986.82920766,125163226.67026515,131853132.18865016,124370120.25261515,124795957.48250258,129829369.82368262,113914437.53476015,141168372.7870351,120629263.0467526,125190930.62124762,123205432.92684014,128795524.97043756,127867825.7517751,143794224.23584008,109488951.81107005,109354881.80151255,101690976.74202257,139221477.28876007,105931223.89329259,121323456.39161266,124032469.64756265,130467253.67369509,107896550.49619514,107433597.91265263,123222775.1373101,127846756.86123511,105686284.97261757
2022-05-10,107359425.94216263,115112734.28228511,142123503.6044026,108196748.39994507,116481102.21395259,131210602.55190264,149019738.01304507,136396118.2288401,122109852.13490263,142473681.3880826,111776230.78691263,100034760.28797264,143098223.4190551,90681545.14467758,128116852.07713507,115776627.61298509,113957841.49082768,122553218.38709253,106883877.1239876,134422106.84453002,123159715.87853011,112649014.69163758,131173066.27752765,144604319.8222976,125234986.82920766,125163226.67026515,131853132.18865016,124370120.25261515,124795957.48250258,129829369.82368262,113914437.53476015,141168372.7870351,120629263.0467526,126090930.62124762,122578192.68684015,128795524.97043756,128659825.7517751,142699266.7233401,109488951.81107005,109354881.80151255,101690976.74202257,139221477.28876007,105931223.89329259,121323456.39161266,124932469.64756265,130467253.67369509,107896550.49619514,106787435.47265263,124014775.1373101,127846756.86123511,105686284.97261757
2022-05-11,107359425.94216263,116003734.28228511,142123503.6044026,108196748.39994507,116481102.21395259,131210602.55190264,149695738.01304507,136396118.2288401,122109852.13490263,142473681.3880826,111776230.78691263,100826760.28797264,143098223.4190551,90681545.14467758,128116852.07713507,115776627.61298509,113957841.49082768,122553218.38709253,106883877.1239876,134422106.84453002,123159715.87853011,113540014.69163758,131173066.27752765,144604319.8222976,125806986.82920766,125163226.67026515,131853132.18865016,124370120.25261515,124795957.48250258,129829369.82368262,113914437.53476015,141168372.7870351,120629263.0467526,127080930.62124762,122578192.68684015,128795524.97043756,129231825.7517751,142699266.7233401,109488951.81107005,109354881.80151255,101690976.74202257,139221477.28876007,105931223.89329259,121323456.39161266,125922469.64756265,130467253.67369509,107896550.49619514,106787435.47265263,124586775.1373101,127846756.86123511,105686284.97261757
2022-05-12,107359425.94216263,115139734.28228511,142123503.6044026,108196748.39994507,116481102.21395259,131210602.55190264,148655738.01304507,136396118.2288401,122109852.13490263,142473681.3880826,111776230.78691263,100058760.28797264,143098223.4190551,90681545.14467758,128116852.07713507,115776627.61298509,113957841.49082768,122553218.38709253,106883877.1239876,134422106.84453002,123159715.87853011,112676014.69163758,131173066.27752765,144604319.8222976,124926986.82920766,125163226.67026515,131853132.18865016,124370120.25261515,124795957.48250258,129829369.82368262,113914437.53476015,141168372.7870351,120629263.0467526,126120930.62124762,122578192.68684015,128795524.97043756,128351825.7517751,142699266.7233401,109488951.81107005,109354881.80151255,101690976.74202257,139221477.28876007,105931223.89329259,121323456.39161266,124962469.64756265,130467253.67369509,107896550.49619514,106787435.47265263,123706775.1373101,127846756.86123511,105686284.97261757
2022-05-13,107359425.94216263,114248734.28228511,142123503.6044026,108196748.39994507,116481102.21395259,131210602.55190264,147693738.01304507,136396118.2288401,122109852.13490263,142473681.3880826,111776230.78691263,99266760.28797264,143098223.4190551,90681545.14467758,128116852.07713507,115776627.61298509,113957841.49082768,122553218.38709253,106883877.1239876,134422106.84453002,123159715.87853011,111785014.69163758,131173066.27752765,144604319.8222976,124112986.82920766,125163226.67026515,131853132.18865016,124370120.25261515,124795957.48250258,129829369.82368262,113914437.53476015,141168372.7870351,120629263.0467526,125130930.62124762,122578192.68684015,128795524.97043756,127537825.7517751,142699266.7233401,109488951.81107005,109354881.80151255,101690976.74202257,139221477.28876007,105931223.89329259,121323456.39161266,123972469.64756265,130467253.67369509,107896550.49619514,106787435.47265263,122892775.1373101,127846756.86123511,105686284.97261757
2022-05-16,107359425.94216263,115031734.28228511,142123503.6044026,108196748.39994507,116481102.21395259,131210602.55190264,147849738.01304507,136396118.2288401,122109852.13490263,142473681.3880826,111776230.78691263,99962760.28797264,143098223.4190551,90681545.14467758,128116852.07713507,115776627.61298509,113957841.49082768,122553218.38709253,106883877.1239876,134422106.84453002,123159715.87853011,112568014.69163758,131173066.27752765,144604319.8222976,124244986.82920766,125163226.67026515,131853132.18865016,124370120.25261515,124795957.48250258,129829369.82368262,113914437.53476015,141168372.7870351,120629263.0467526,126000930.62124762,122578192.68684015,128795524.97043756,127669825.7517751,142699266.7233401,109488951.81107005,109354881.80151255,101690976.74202257,139221477.28876007,105931223.89329259,121323456.39161266,124842469.64756265,130467253.67369509,107896550.49619514,106787435.47265263,123024775.1373101,127846756.86123511,105686284.97261757
2022-05-17,107359425.94216263,115706734.28228511,142123503.6044026,108196748.39994507,116481102.21395259,131210602.55190264,148759738.01304507,136396118.2288401,122109852.13490263,142473681.3880826,111776230.78691263,100562760.28797264,143098223.4190551,90681545.14467758,128116852.07713507,115776627.61298509,113957841.49082768,122553218.38709253,106883877.1239876,134422106.84453002,123159715.87853011,113243014.69163758,131173066.27752765,144604319.8222976,125014986.82920766,125163226.67026515,131853132.18865016,124370120.25261515,124795957.48250258,129829369.82368262,113914437.53476015,141168372.7870351,120629263.0467526,126750930.62124762,122578192.68684015,128795524.97043756,128439825.7517751,142699266.7233401,109488951.81107005,109354881.80151255,101690976.74202257,139221477.28876007,105931223.89329259,121323456.39161266,125592469.64756265,130467253.67369509,107896550.49619514,106787435.47265263,123794775.1373101,127846756.86123511,105686284.97261757
2022-05-18,107359425.94216263,115436734.28228511,142123503.6044026,108196748.39994507,116481102.21395259,131210602.55190264,148343738.01304507,136396118.2288401,122109852.13490263,142473681.3880826,111776230.78691263,100322760.28797264,143098223.4190551,90681545.14467758,128116852.07713507,115776627.61298509,113957841.49082768,122553218.38709253,106883877.1239876,134422106.84453002,123159715.87853011,112973014.69163758,131173066.27752765,144604319.8222976,124662986.82920766,125163226.67026515,131853132.18865016,124370120.25261515,124795957.48250258,129829369.82368262,113914437.53476015,141168372.7870351,120629263.0467526,126450930.62124762,122578192.68684015,128795524.97043756,128087825.7517751,142699266.7233401,109488951.81107005,109354881.80151255,101690976.74202257,139221477.28876007,105931223.89329259,121323456.39161266,125292469.64756265,130467253.67369509,107896550.49619514,106787435.47265263,123442775.1373101,127846756.86123511,105686284.97261757
2022-05-19,107359425.94216263,115058734.28228511,142123503.6044026,108196748.39994507,116481102.21395259,131210602.55190264,148317738.01304507,136396118.2288401,122109852.13490263,142473681.3880826,111776230.78691263,99986760.28797264,143098223.4190551,90681545.14467758,128116852.07713507,115776627.61298509,113957841.49082768,122553218.38709253,106883877.1239876,134422106.84453002,123159715.87853011,112595014.69163758,131173066.27752765,144604319.8222976,124640986.82920766,125163226.67026515,131853132.18865016,124370120.25261515,124795957.48250258,129829369.82368262,113914437.53476015,141168372.7870351,120629263.0467526,126030930.62124762,122578192.68684015,128795524.97043756,128065825.7517751,142699266.7233401,109488951.81107005,109354881.80151255,101690976.74202257,139221477.28876007,105931223.89329259,121323456.39161266,124872469.64756265,130467253.67369509,107896550.49619514,106787435.47265263,123420775.1373101,127846756.86123511,105686284.97261757
2022-05-20,107359425.94216263,115058734.28228511,142123503.6044026,108196748.39994507,116481102.21395259,131210602.55190264,148525738.01304507,136396118.2288401,122109852.13490263,142473681.3880826,111776230.78691263,99986760.28797264,143098223.4190551,90681545.14467758,128116852.07713507,115776627.61298509,113957841.49082768,122553218.38709253,106883877.1239876,134422106.84453002,123159715.87853011,112595014.69163758,131173066.27752765,144604319.8222976,124816986.82920766,125163226.67026515,131853132.18865016,124370120.25261515,124795957.48250258,129829369.82368262,113914437.53476015,141168372.7870351,120629263.0467526,126030930.62124762,122578192.68684015,128795524.97043756,128241825.7517751,142699266.7233401,109488951.81107005,109354881.80151255,101690976.74202257,139221477.28876007,105931223.89329259,121323456.39161266,124872469.64756265,130467253.67369509,107896550.49619514,106787435.47265263,123596775.1373101,127846756.86123511,105686284.97261757
2022-05-23,107359425.94216263,114761734.28228511,142123503.6044026,108196748.39994507,116481102.21395259,131210602.55190264,149123738.01304507,136396118.2288401,122109852.13490263,142473681.3880826,111776230.78691263,99722760.28797264,143098223.4190551,90681545.14467758,128116852.07713507,115776627.61298509,113957841.49082768,122553218.38709253,106883877.1239876,134422106.84453002,123159715.87853011,112298014.69163758,131173066.27752765,144604319.8222976,125322986.82920766,125163226.67026515,131853132.18865016,124370120.25261515,124795957.48250258,129829369.82368262,113914437.53476015,141168372.7870351,120629263.0467526,125700930.62124762,122578192.68684015,128795524.97043756,128747825.7517751,142699266.7233401,109488951.81107005,109354881.80151255,101690976.74202257,139221477.28876007,105931223.89329259,121323456.39161266,124542469.64756265,130467253.67369509,107896550.49619514,106787435.47265263,124102775.1373101,127846756.86123511,105686284.97261757
2022-05-24,107359425.94216263,114383734.28228511,142123503.6044026,108196748.39994507,116481102.21395259,131210602.55190264,148759738.01304507,136396118.2288401,122109852.13490263,142473681.3880826,111776230.78691263,99386760.28797264,143098223.4190551,90681545.14467758,128116852.07713507,115776627.61298509,113957841.49082768,122553218.38709253,106883877.1239876,134422106.84453002,123159715.87853011,111920014.69163758,131173066.27752765,144604319.8222976,125014986.82920766,125163226.67026515,131853132.18865016,124370120.25261515,124795957.48250258,129829369.82368262,113914437.53476015,141168372.7870351,120629263.0467526,125280930.62124762,122578192.68684015,128795524.97043756,128439825.7517751,142699266.7233401,109488951.81107005,109354881.80151255,101690976.74202257,139221477.28876007,105931223.89329259,121323456.39161266,124122469.64756265,130467253.67369509,107896550.49619514,106787435.47265263,123794775.1373101,127846756.86123511,105686284.97261757
2022-05-25,107359425.94216263,113951734.28228511,142123503.6044026,108196748.39994507,116481102.21395259,131210602.55190264,149383738.01304507,136396118.2288401,122109852.13490263,142473681.3880826,111776230.78691263,99002760.28797264,143098223.4190551,90681545.14467758,128116852.07713507,115776627.61298509,113957841.49082768,122553218.38709253,106883877.1239876,134422106.84453002,123159715.87853011,111488014.69163758,131173066.27752765,144604319.8222976,125542986.82920766,125163226.67026515,131853132.18865016,124370120.25261515,124795957.48250258,129829369.82368262,113914437.53476015,141168372.7870351,120629263.0467526,124800930.62124762,122578192.68684015,128795524.97043756,128967825.7517751,142699266.7233401,109488951.81107005,109354881.80151255,101690976.74202257,139221477.28876007,105931223.89329259,121323456.39161266,123642469.64756265,130467253.67369509,107896550.49619514,106787435.47265263,124322775.1373101,127846756.86123511,105686284.97261757
2022-05-26,107359425.94216263,113141734.28228511,142123503.6044026,108196748.39994507,116481102.21395259,131210602.55190264,149097738.01304507,136396118.2288401,122109852.13490263,142473681.3880826,111776230.78691263,98282760.28797264,143098223.4190551,90681545.14467758,128116852.07713507,115776627.61298509,113957841.49082768,122553218.38709253,106883877.1239876,134422106.84453002,123159715.87853011,110678014.69163758,131173066.27752765,144604319.8222976,125300986.82920766,125163226.67026515,131853132.18865016,124370120.25261515,124795957.48250258,129829369.82368262,113914437.53476015,141168372.7870351,120629263.0467526,123900930.62124762,122578192.68684015,128795524.97043756,128725825.7517751,142699266.7233401,109488951.81107005,109354881.80151255,101690976.74202257,139221477.28876007,105931223.89329259,121323456.39161266,122742469.64756265,130467253.67369509,107896550.49619514,106787435.47265263,124080775.1373101,127846756.86123511,105686284.97261757
2022-05-27,107359425.94216263,112349661.0672851,142123503.6044026,108196748.39994507,116481102.21395259,131210602.55190264,149357738.01304507,136396118.2288401,122109852.13490263,142473681.3880826,111776230.78691263,97578695.20797265,143098223.4190551,90681545.14467758,128116852.07713507,115776627.61298509,113957841.49082768,122553218.38709253,106883877.1239876,134422106.84453002,123159715.87853011,109885941.47663757,131173066.27752765,144604319.8222976,125520986.82920766,125163226.67026515,131853132.18865016,124370120.25261515,124795957.48250258,129829369.82368262,113914437.53476015,141168372.7870351,120629263.0467526,123020849.27124763,122578192.68684015,128795524.97043756,128945825.7517751,142699266.7233401,109488951.81107005,109354881.80151255,101690976.74202257,139221477.28876007,105931223.89329259,121323456.39161266,121862388.29756266,130467253.67369509,107896550.49619514,106787435.47265263,124300775.1373101,127846756.86123511,105686284.97261757
2022-05-30,107359425.94216263,112349661.0672851,142123503.6044026,108196748.39994507,116481102.21395259,131210602.55190264,150371738.01304507,136396118.2288401,122109852.13490263,142473681.3880826,111776230.78691263,97578695.20797265,143098223.4190551,90681545.14467758,128116852.07713507,115776627.61298509,113957841.49082768,122553218.38709253,106883877.1239876,134422106.84453002,123159715.87853011,109885941.47663757,131173066.27752765,144604319.8222976,126378986.82920766,125163226.67026515,131853132.18865016,124370120.25261515,124795957.48250258,129829369.82368262,113914437.53476015,141168372.7870351,120629263.0467526,123020849.27124763,122578192.68684015,128795524.97043756,129803825.7517751,142699266.7233401,109488951.81107005,109354881.80151255,101690976.74202257,139221477.28876007,105931223.89329259,121323456.39161266,121862388.29756266,130467253.67369509,107896550.49619514,106787435.47265263,125158775.1373101,127846756.86123511,105686284.97261757
2022-05-31,107359425.94216263,112349661.0672851,142123503.6044026,108196748.39994507,116481102.21395259,131210602.55190264,150735738.01304507,136396118.2288401,122109852.13490263,142473681.3880826,111776230.78691263,97578695.20797265,143098223.4190551,90681545.14467758,128116852.07713507,115776627.61298509,113957841.49082768,122553218.38709253,106883877.1239876,134422106.84453002,123159715.87853011,109885941.47663757,131173066.27752765,144604319.8222976,126686986.82920766,125163226.67026515,131853132.18865016,124370120.25261515,124795957.48250258,129829369.82368262,113914437.53476015,141168372.7870351,120629263.0467526,123020849.27124763,122578192.68684015,128795524.97043756,130111825.7517751,142699266.7233401,109488951.81107005,109354881.80151255,101690976.74202257,139221477.28876007,105931223.89329259,121323456.39161266,121862388.29756266,130467253.67369509,107896550.49619514,106787435.47265263,125466775.1373101,127846756.86123511,105686284.97261757
2022-06-01,107359425.94216263,112349661.0672851,142123503.6044026,108196748.39994507,116481102.21395259,131210602.55190264,150553738.01304507,136396118.2288401,122109852.13490263,142473681.3880826,111776230.78691263,97578695.20797265,143098223.4190551,90681545.14467758,128116852.07713507,115776627.61298509,113957841.49082768,122553218.38709253,106883877.1239876,134422106.84453002,123159715.87853011,109885941.47663757,131173066.27752765,144604319.8222976,126532986.82920766,125163226.67026515,131853132.18865016,124370120.25261515,124795957.48250258,129829369.82368262,113914437.53476015,141168372.7870351,120629263.0467526,123020849.27124763,122578192.68684015,128795524.97043756,129957825.7517751,142699266.7233401,109488951.81107005,109354881.80151255,101690976.74202257,139221477.28876007,105931223.89329259,121323456.39161266,121862388.29756266,130467253.67369509,107896550.49619514,106787435.47265263,125312775.1373101,127846756.86123511,105686284.97261757
2022-06-02,107359425.94216263,112349661.0672851,142123503.6044026,108196748.39994507,116481102.21395259,131210602.55190264,150189738.01304507,136396118.2288401,122109852.13490263,142473681.3880826,111776230.78691263,97578695.20797265,143098223.4190551,90681545.14467758,128116852.07713507,115776627.61298509,113957841.49082768,122553218.38709253,106883877.1239876,134422106.84453002,123159715.87853011,109885941.47663757,131173066.27752765,144604319.8222976,126224986.82920766,125163226.67026515,131853132.18865016,124370120.25261515,124795957.48250258,129829369.82368262,113914437.53476015,141168372.7870351,120629263.0467526,123020849.27124763,122578192.68684015,128795524.97043756,129649825.7517751,142699266.7233401,109488951.81107005,109354881.80151255,101690976.74202257,139221477.28876007,105931223.89329259,121323456.39161266,121862388.29756266,130467253.67369509,107896550.49619514,106787435.47265263,125004775.1373101,127846756.86123511,105686284.97261757
2022-06-03,107359425.94216263,112349661.0672851,142123503.6044026,108196748.39994507,116481102.21395259,131210602.55190264,149981738.01304507,136396118.2288401,122109852.13490263,142473681.3880826,111776230.78691263,97578695.20797265,143098223.4190551,90681545.14467758,128116852.07713507,115776627.61298509,113957841.49082768,122553218.38709253,106883877.1239876,134422106.84453002,123159715.87853011,109885941.47663757,131173066.27752765,144604319.8222976,126048986.82920766,125163226.67026515,131853132.18865016,124370120.25261515,124795957.48250258,129829369.82368262,113914437.53476015,141168372.7870351,120629263.0467526,123020849.27124763,122578192.68684015,128795524.97043756,129473825.7517751,142699266.7233401,109488951.81107005,109354881.80151255,101690976.74202257,139221477.28876007,105931223.89329259,121323456.39161266,121862388.29756266,130467253.67369509,107896550.49619514,106787435.47265263,124828775.1373101,127846756.86123511,105686284.97261757
2022-06-06,107359425.94216263,112349661.0672851,142123503.6044026,108196748.39994507,116481102.21395259,131210602.55190264,149799738.01304507,136396118.2288401,122109852.13490263,142473681.3880826,111776230.78691263,97578695.20797265,143098223.4190551,90681545.14467758,128116852.07713507,115776627.61298509,113957841.49082768,122553218.38709253,106883877.1239876,134422106.84453002,123159715.87853011,109885941.47663757,131173066.27752765,144604319.8222976,125894986.82920766,125163226.67026515,131853132.18865016,124370120.25261515,124795957.48250258,129829369.82368262,113914437.53476015,141168372.7870351,120629263.0467526,123020849.27124763,122578192.68684015,128795524.97043756,129319825.7517751,142699266.7233401,109488951.81107005,109354881.80151255,101690976.74202257,139221477.28876007,105931223.89329259,121323456.39161266,121862388.29756266,130467253.67369509,107896550.49619514,106787435.47265263,124674775.1373101,127846756.86123511,105686284.97261757
2022-06-07,107359425.94216263,112349661.0672851,142123503.6044026,108196748.39994507,116481102.21395259,131210602.55190264,148889738.01304507,136396118.2288401,122109852.13490263,142473681.3880826,111776230.78691263,97578695.20797265,143098223.4190551,90681545.14467758,128116852.07713507,115776627.61298509,113957841.49082768,122553218.38709253,106883877.1239876,134422106.84453002,123159715.87853011,109885941.47663757,131173066.27752765,144604319.8222976,125124986.82920766,125163226.67026515,131853132.18865016,124370120.25261515,124795957.48250258,129829369.82368262,113914437.53476015,141168372.7870351,120629263.0467526,123020849.27124763,122578192.68684015,128795524.97043756,128549825.7517751,142699266.7233401,109488951.81107005,109354881.80151255,101690976.74202257,139221477.28876007,105931223.89329259,121323456.39161266,121862388.29756266,130467253.67369509,107896550.49619514,106787435.47265263,123904775.1373101,127846756.86123511,105686284.97261757
2022-06-08,107359425.94216263,112349661.0672851,142123503.6044026,108196748.39994507,116481102.21395259,131210602.55190264,149877738.01304507,136396118.2288401,122109852.13490263,142473681.3880826,111776230.78691263,97578695.20797265,143098223.4190551,90681545.14467758,128116852.07713507,115776627.61298509,113957841.49082768,122553218.38709253,106883877.1239876,134422106.84453002,123159715.87853011,109885941.47663757,131173066.27752765,144604319.8222976,125960986.82920766,125163226.67026515,131853132.18865016,124370120.25261515,124795957.48250258,129829369.82368262,113914437.53476015,141168372.7870351,120629263.0467526,123020849.27124763,122578192.68684015,128795524.97043756,129385825.7517751,142699266.7233401,109488951.81107005,109354881.80151255,101690976.74202257,139221477.28876007,105931223.89329259,121323456.39161266,121862388.29756266,130467253.67369509,107896550.49619514,106787435.47265263,124740775.1373101,127846756.86123511,105686284.97261757
2022-06-09,107359425.94216263,112349661.0672851,142123503.6044026,108196748.39994507,116481102.21395259,131210602.55190264,149825738.01304507,136396118.2288401,122109852.13490263,142473681.3880826,111776230.78691263,97578695.20797265,143098223.4190551,90681545.14467758,128116852.07713507,115776627.61298509,113957841.49082768,122553218.38709253,106883877.1239876,134422106.84453002,123159715.87853011,109885941.47663757,131173066.27752765,144604319.8222976,125916986.82920766,125163226.67026515,131853132.18865016,124370120.25261515,124795957.48250258,129829369.82368262,113914437.53476015,141168372.7870351,120629263.0467526,123020849.27124763,122578192.68684015,128795524.97043756,129341825.7517751,142699266.7233401,109488951.81107005,109354881.80151255,101690976.74202257,139221477.28876007,105931223.89329259,121323456.39161266,121862388.29756266,130467253.67369509,107896550.49619514,106787435.47265263,124696775.1373101,127846756.86123511,105686284.97261757
2022-06-10,107359425.94216263,112349661.0672851,142123503.6044026,108196748.39994507,116481102.21395259,131210602.55190264,149123738.01304507,136396118.2288401,122109852.13490263,142473681.3880826,111776230.78691263,97578695.20797265,143098223.4190551,90681545.14467758,128116852.07713507,115776627.61298509,113957841.49082768,122553218.38709253,106883877.1239876,134422106.84453002,123159715.87853011,109885941.47663757,131173066.27752765,144604319.8222976,125322986.82920766,125163226.67026515,131853132.18865016,124370120.25261515,124795957.48250258,129829369.82368262,113914437.53476015,141168372.7870351,120629263.0467526,123020849.27124763,122578192.68684015,128795524.97043756,128747825.7517751,142699266.7233401,109488951.81107005,109354881.80151255,101690976.74202257,139221477.28876007,105931223.89329259,121323456.39161266,121862388.29756266,130467253.67369509,107896550.49619514,106787435.47265263,124102775.1373101,127846756.86123511,105686284.97261757
2022-06-13,107359425.94216263,112349661.0672851,142123503.6044026,108196748.39994507,116481102.21395259,131210602.55190264,148109738.01304507,136396118.2288401,122109852.13490263,142473681.3880826,111776230.78691263,97578695.20797265,143098223.4190551,90681545.14467758,128116852.07713507,115776627.61298509,113957841.49082768,122553218.38709253,106883877.1239876,134422106.84453002,123159715.87853011,109885941.47663757,131173066.27752765,144604319.8222976,124464986.82920766,125163226.67026515,131853132.18865016,124370120.25261515,124795957.48250258,129829369.82368262,113914437.53476015,141168372.7870351,120629263.0467526,123020849.27124763,122578192.68684015,128795524.97043756,127889825.7517751,142699266.7233401,109488951.81107005,109354881.80151255,101690976.74202257,139221477.28876007,105931223.89329259,121323456.39161266,121862388.29756266,130467253.67369509,107896550.49619514,106787435.47265263,123244775.1373101,127846756.86123511,105686284.97261757
2022-06-14,107359425.94216263,112349661.0672851,142123503.6044026,108196748.39994507,116481102.21395259,131210602.55190264,147849738.01304507,136396118.2288401,122109852.13490263,142473681.3880826,111776230.78691263,97578695.20797265,143098223.4190551,90681545.14467758,128116852.07713507,115776627.61298509,113957841.49082768,122553218.38709253,106883877.1239876,134422106.84453002,123159715.87853011,109885941.47663757,131173066.27752765,144604319.8222976,124244986.82920766,125163226.67026515,131853132.18865016,124370120.25261515,124795957.48250258,129829369.82368262,113914437.53476015,141168372.7870351,120629263.0467526,123020849.27124763,122578192.68684015,128795524.97043756,127669825.7517751,142699266.7233401,109488951.81107005,109354881.80151255,101690976.74202257,139221477.28876007,105931223.89329259,121323456.39161266,121862388.29756266,130467253.67369509,107896550.49619514,106787435.47265263,123024775.1373101,127846756.86123511,105686284.97261757
2022-06-15,107359425.94216263,112349661.0672851,142123503.6044026,108196748.39994507,116481102.21395259,131210602.55190264,146939738.01304507,136396118.2288401,122109852.13490263,142473681.3880826,111776230.78691263,97578695.20797265,143098223.4190551,90681545.14467758,128116852.07713507,115776627.61298509,113957841.49082768,122553218.38709253,106883877.1239876,134422106.84453002,123159715.87853011,109885941.47663757,131173066.27752765,144604319.8222976,123474986.82920766,125163226.67026515,131853132.18865016,124370120.25261515,124795957.48250258,129829369.82368262,113914437.53476015,141168372.7870351,120629263.0467526,123020849.27124763,122578192.68684015,128795524.97043756,126899825.7517751,142699266.7233401,109488951.81107005,109354881.80151255,101690976.74202257,139221477.28876007,105931223.89329259,121323456.39161266,121862388.29756266,130467253.67369509,107896550.49619514,106787435.47265263,122254775.1373101,127846756.86123511,105686284.97261757
2022-06-16,107359425.94216263,112349661.0672851,142123503.6044026,108196748.39994507,116481102.21395259,131210602.55190264,147285179.86304507,136396118.2288401,122109852.13490263,142473681.3880826,111776230.78691263,97578695.20797265,143098223.4190551,90681545.14467758,128116852.07713507,115776627.61298509,113957841.49082768,122553218.38709253,106883877.1239876,134422106.84453002,123159715.87853011,109885941.47663757,131173066.27752765,144604319.8222976,123767283.77920766,125163226.67026515,131853132.18865016,124370120.25261515,124795957.48250258,129829369.82368262,113914437.53476015,141168372.7870351,120629263.0467526,123020849.27124763,122578192.68684015,128795524.97043756,127192122.7017751,142699266.7233401,109488951.81107005,109354881.80151255,101690976.74202257,139221477.28876007,105931223.89329259,121323456.39161266,121862388.29756266,130467253.67369509,107896550.49619514,106787435.47265263,122547072.0873101,127846756.86123511,105686284.97261757
2022-06-17,107359425.94216263,112349661.0672851,142123503.6044026,108196748.39994507,116481102.21395259,131210602.55190264,147285179.86304507,136396118.2288401,122109852.13490263,142473681.3880826,111776230.78691263,97578695.20797265,143098223.4190551,90681545.14467758,128116852.07713507,115776627.61298509,113957841.49082768,122553218.38709253,106883877.1239876,134422106.84453002,123159715.87853011,109885941.47663757,131173066.27752765,144604319.8222976,123767283.77920766,125163226.67026515,131853132.18865016,124370120.25261515,124795957.48250258,129829369.82368262,113914437.53476015,141168372.7870351,120629263.0467526,123020849.27124763,122578192.68684015,128795524.97043756,127192122.7017751,142699266.7233401,109488951.81107005,109354881.80151255,101690976.74202257,139221477.28876007,105931223.89329259,121323456.39161266,121862388.29756266,130467253.67369509,107896550.49619514,106787435.47265263,122547072.0873101,127846756.86123511,105686284.97261757
2022-06-20,107359425.94216263,112349661.0672851,142123503.6044026,108196748.39994507,116481102.21395259,131210602.55190264,147285179.86304507,136396118.2288401,122109852.13490263,142473681.3880826,111776230.78691263,97578695.20797265,143098223.4190551,90681545.14467758,128116852.07713507,115776627.61298509,113957841.49082768,122553218.38709253,106883877.1239876,134422106.84453002,123159715.87853011,109885941.47663757,131173066.27752765,144604319.8222976,123767283.77920766,125163226.67026515,131853132.18865016,124370120.25261515,124795957.48250258,129829369.82368262,113914437.53476015,141168372.7870351,120629263.0467526,123020849.27124763,122578192.68684015,128795524.97043756,127192122.7017751,142699266.7233401,109488951.81107005,109354881.80151255,101690976.74202257,139221477.28876007,105931223.89329259,121323456.39161266,121862388.29756266,130467253.67369509,107896550.49619514,106787435.47265263,122547072.0873101,127846756.86123511,105686284.97261757
2022-06-21,107359425.94216263,112349661.0672851,142123503.6044026,108196748.39994507,116481102.21395259,131210602.55190264,147285179.86304507,136396118.2288401,122109852.13490263,142473681.3880826,111776230.78691263,97578695.20797265,143098223.4190551,90681545.14467758,128116852.07713507,115776627.61298509,113957841.49082768,122553218.38709253,106883877.1239876,134422106.84453002,123159715.87853011,109885941.47663757,131173066.27752765,144604319.8222976,123767283.77920766,125163226.67026515,131853132.18865016,124370120.25261515,124795957.48250258,129829369.82368262,113914437.53476015,141168372.7870351,120629263.0467526,123020849.27124763,122578192.68684015,128795524.97043756,127192122.7017751,142699266.7233401,109488951.81107005,109354881.80151255,101690976.74202257,139221477.28876007,105931223.89329259,121323456.39161266,121862388.29756266,130467253.67369509,107896550.49619514,106787435.47265263,122547072.0873101,127846756.86123511,105686284.97261757
2022-06-22,107359425.94216263,112349661.0672851,142123503.6044026,108196748.39994507,116481102.21395259,131210602.55190264,147285179.86304507,136396118.2288401,122109852.13490263,142473681.3880826,111776230.78691263,97578695.20797265,143098223.4190551,90681545.14467758,128116852.07713507,115776627.61298509,113957841.49082768,122553218.38709253,106883877.1239876,134422106.84453002,123159715.87853011,109885941.47663757,131173066.27752765,144604319.8222976,123767283.77920766,125163226.67026515,131853132.18865016,124370120.25261515,124795957.48250258,129829369.82368262,113914437.53476015,141168372.7870351,120629263.0467526,123020849.27124763,122578192.68684015,128795524.97043756,127192122.7017751,142699266.7233401,109488951.81107005,109354881.80151255,101690976.74202257,139221477.28876007,105931223.89329259,121323456.39161266,121862388.29756266,130467253.67369509,107896550.49619514,106787435.47265263,122547072.0873101,127846756.86123511,105686284.97261757
2022-06-23,107359425.94216263,112349661.0672851,142123503.6044026,108196748.39994507,116481102.21395259,131210602.55190264,147285179.86304507,136396118.2288401,122109852.13490263,142473681.3880826,111776230.78691263,97578695.20797265,143098223.4190551,90681545.14467758,128116852.07713507,115776627.61298509,113957841.49082768,122553218.38709253,106883877.1239876,134422106.84453002,123159715.87853011,109885941.47663757,131173066.27752765,144604319.8222976,123767283.77920766,125163226.67026515,131853132.18865016,124370120.25261515,124795957.48250258,129829369.82368262,113914437.53476015,141168372.7870351,120629263.0467526,123020849.27124763,122578192.68684015,128795524.97043756,127192122.7017751,142699266.7233401,109488951.81107005,109354881.80151255,101690976.74202257,139221477.28876007,105931223.89329259,121323456.39161266,121862388.29756266,130467253.67369509,107896550.49619514,106787435.47265263,122547072.0873101,127846756.86123511,105686284.97261757
2022-06-24,107359425.94216263,112349661.0672851,142123503.6044026,108196748.39994507,116481102.21395259,131210602.55190264,147285179.86304507,136396118.2288401,122109852.13490263,142473681.3880826,111776230.78691263,97578695.20797265,143098223.4190551,90681545.14467758,128116852.07713507,115776627.61298509,113957841.49082768,122553218.38709253,106883877.1239876,134422106.84453002,123159715.87853011,109885941.47663757,131173066.27752765,144604319.8222976,123767283.77920766,125163226.67026515,131853132.18865016,124370120.25261515,124795957.48250258,129829369.82368262,113914437.53476015,141168372.7870351,120629263.0467526,123020849.27124763,122578192.68684015,128795524.97043756,127192122.7017751,142699266.7233401,109488951.81107005,109354881.80151255,101690976.74202257,139221477.28876007,105931223.89329259,121323456.39161266,121862388.29756266,130467253.67369509,107896550.49619514,106787435.47265263,122547072.0873101,127846756.86123511,105686284.97261757
2022-06-27,107359425.94216263,112349661.0672851,142123503.6044026,108196748.39994507,116481102.21395259,131210602.55190264,147285179.86304507,136396118.2288401,122109852.13490263,142473681.3880826,111776230.78691263,97578695.20797265,143098223.4190551,90681545.14467758,128116852.07713507,115776627.61298509,113957841.49082768,122553218.38709253,106883877.1239876,134422106.84453002,123159715.87853011,109885941.47663757,131173066.27752765,144604319.8222976,123767283.77920766,125163226.67026515,131853132.18865016,124370120.25261515,124795957.48250258,129829369.82368262,113914437.53476015,141168372.7870351,120629263.0467526,123020849.27124763,122578192.68684015,128795524.97043756,127192122.7017751,142699266.7233401,109488951.81107005,109354881.80151255,101690976.74202257,139221477.28876007,105931223.89329259,121323456.39161266,121862388.29756266,130467253.67369509,107896550.49619514,106787435.47265263,122547072.0873101,127846756.86123511,105686284.97261757
2022-06-28,107359425.94216263,112349661.0672851,142123503.6044026,108196748.39994507,116481102.21395259,131210602.55190264,147285179.86304507,136396118.2288401,122109852.13490263,142473681.3880826,111776230.78691263,97578695.20797265,143098223.4190551,90681545.14467758,128116852.07713507,115776627.61298509,113957841.49082768,122553218.38709253,106883877.1239876,134422106.84453002,123159715.87853011,109885941.47663757,131173066.27752765,144604319.8222976,123767283.77920766,125163226.67026515,131853132.18865016,124370120.25261515,124795957.48250258,129829369.82368262,113914437.53476015,141168372.7870351,120629263.0467526,123020849.27124763,122578192.68684015,128795524.97043756,127192122.7017751,142699266.7233401,109488951.81107005,109354881.80151255,101690976.74202257,139221477.28876007,105931223.89329259,121323456.39161266,121862388.29756266,130467253.67369509,107896550.49619514,106787435.47265263,122547072.0873101,127846756.86123511,105686284.97261757
2022-06-29,107359425.94216263,112349661.0672851,142123503.6044026,108196748.39994507,116481102.21395259,131210602.55190264,147285179.86304507,136396118.2288401,122109852.13490263,142473681.3880826,111776230.78691263,97578695.20797265,143098223.4190551,90681545.14467758,128116852.07713507,115776627.61298509,113957841.49082768,122553218.38709253,106883877.1239876,134422106.84453002,123159715.87853011,109885941.47663757,131173066.27752765,144604319.8222976,123767283.77920766,125163226.67026515,131853132.18865016,124370120.25261515,124795957.48250258,129829369.82368262,113914437.53476015,141168372.7870351,120629263.0467526,123020849.27124763,122578192.68684015,128795524.97043756,127192122.7017751,142699266.7233401,109488951.81107005,109354881.80151255,101690976.74202257,139221477.28876007,105931223.89329259,121323456.39161266,121862388.29756266,130467253.67369509,107896550.49619514,106787435.47265263,122547072.0873101,127846756.86123511,105686284.97261757
2022-06-30,107359425.94216263,112349661.0672851,142123503.6044026,108196748.39994507,116481102.21395259,131210602.55190264,147285179.86304507,136396118.2288401,122109852.13490263,142473681.3880826,111776230.78691263,97578695.20797265,143098223.4190551,90681545.14467758,128116852.07713507,115776627.61298509,113957841.49082768,122553218.38709253,106883877.1239876,134422106.84453002,123159715.87853011,109885941.47663757,131173066.27752765,144604319.8222976,123767283.77920766,125163226.67026515,131853132.18865016,124370120.25261515,124795957.48250258,129829369.82368262,113914437.53476015,141168372.7870351,120629263.0467526,123020849.27124763,122578192.68684015,128795524.97043756,127192122.7017751,142699266.7233401,109488951.81107005,109354881.80151255,101690976.74202257,139221477.28876007,105931223.89329259,121323456.39161266,121862388.29756266,130467253.67369509,107896550.49619514,106787435.47265263,122547072.0873101,127846756.86123511,105686284.97261757
2022-07-01,107359425.94216263,112349661.0672851,142123503.6044026,108196748.39994507,116481102.21395259,131210602.55190264,147285179.86304507,136396118.2288401,122109852.13490263,142473681.3880826,111776230.78691263,97578695.20797265,143098223.4190551,90681545.14467758,128116852.07713507,115776627.61298509,113957841.49082768,122553218.38709253,106883877.1239876,134422106.84453002,123159715.87853011,109885941.47663757,131173066.27752765,144604319.8222976,123767283.77920766,125163226.67026515,131853132.18865016,124370120.25261515,124795957.48250258,129829369.82368262,113914437.53476015,141168372.7870351,120629263.0467526,123020849.27124763,122578192.68684015,128795524.97043756,127192122.7017751,142699266.7233401,109488951.81107005,109354881.80151255,101690976.74202257,139221477.28876007,105931223.89329259,121323456.39161266,121862388.29756266,130467253.67369509,107896550.49619514,106787435.47265263,122547072.0873101,127846756.86123511,105686284.97261757
2022-07-04,107359425.94216263,112349661.0672851,142123503.6044026,108196748.39994507,116481102.21395259,131210602.55190264,147285179.86304507,136396118.2288401,122109852.13490263,142473681.3880826,111776230.78691263,97578695.20797265,143098223.4190551,90681545.14467758,128116852.07713507,115776627.61298509,113957841.49082768,122553218.38709253,106883877.1239876,134422106.84453002,123159715.87853011,109885941.47663757,131173066.27752765,144604319.8222976,123767283.77920766,125163226.67026515,131853132.18865016,124370120.25261515,124795957.48250258,129829369.82368262,113914437.53476015,141168372.7870351,120629263.0467526,123020849.27124763,122578192.68684015,128795524.97043756,127192122.7017751,142699266.7233401,109488951.81107005,109354881.80151255,101690976.74202257,139221477.28876007,105931223.89329259,121323456.39161266,121862388.29756266,130467253.67369509,107896550.49619514,106787435.47265263,122547072.0873101,127846756.86123511,105686284.97261757
2022-07-05,107359425.94216263,112349661.0672851,142123503.6044026,108196748.39994507,116481102.21395259,131210602.55190264,147285179.86304507,136396118.2288401,122109852.13490263,142473681.3880826,111776230.78691263,97578695.20797265,143098223.4190551,90681545.14467758,128116852.07713507,115776627.61298509,113957841.49082768,122553218.38709253,106883877.1239876,134422106.84453002,123159715.87853011,109885941.47663757,131173066.27752765,144604319.8222976,123767283.77920766,125163226.67026515,131853132.18865016,124370120.25261515,124795957.48250258,129829369.82368262,113914437.53476015,141168372.7870351,120629263.0467526,123020849.27124763,122578192.68684015,128795524.97043756,127192122.7017751,142699266.7233401,109488951.81107005,109354881.80151255,101690976.74202257,139221477.28876007,105931223.89329259,121323456.39161266,121862388.29756266,130467253.67369509,107896550.49619514,106787435.47265263,122547072.0873101,127846756.86123511,105686284.97261757
2022-07-06,107359425.94216263,112349661.0672851,142123503.6044026,108196748.39994507,116481102.21395259,131210602.55190264,147285179.86304507,136396118.2288401,122109852.13490263,142473681.3880826,111776230.78691263,97578695.20797265,143098223.4190551,90681545.14467758,128116852.07713507,115776627.61298509,113957841.49082768,122553218.38709253,106883877.1239876,134422106.84453002,123159715.87853011,109885941.47663757,131173066.27752765,144604319.8222976,123767283.77920766,125163226.67026515,131853132.18865016,124370120.25261515,124795957.48250258,129829369.82368262,113914437.53476015,141168372.7870351,120629263.0467526,123020849.27124763,122578192.68684015,128795524.97043756,127192122.7017751,142699266.7233401,109488951.81107005,109354881.80151255,101690976.74202257,139221477.28876007,105931223.89329259,121323456.39161266,121862388.29756266,130467253.67369509,107896550.49619514,106787435.47265263,122547072.0873101,127846756.86123511,105686284.97261757
2022-07-07,107359425.94216263,112349661.0672851,142123503.6044026,108196748.39994507,116481102.21395259,131210602.55190264,147285179.86304507,136396118.2288401,122109852.13490263,142473681.3880826,111776230.78691263,97578695.20797265,143098223.4190551,90681545.14467758,128116852.07713507,115776627.61298509,113957841.49082768,122553218.38709253,106883877.1239876,134422106.84453002,123159715.87853011,109885941.47663757,131173066.27752765,144604319.8222976,123767283.77920766,125163226.67026515,131853132.18865016,124370120.25261515,124795957.48250258,129829369.82368262,113914437.53476015,141168372.7870351,120629263.0467526,123020849.27124763,122578192.68684015,128795524.97043756,127192122.7017751,142699266.7233401,109488951.81107005,109354881.80151255,101690976.74202257,139221477.28876007,105931223.89329259,121323456.39161266,121862388.29756266,130467253.67369509,107896550.49619514,106787435.47265263,122547072.0873101,127846756.86123511,105686284.97261757
2022-07-08,107359425.94216263,112349661.0672851,142123503.6044026,108196748.39994507,116481102.21395259,131210602.55190264,147285179.86304507,136396118.2288401,122109852.13490263,142473681.3880826,111776230.78691263,97578695.20797265,143098223.4190551,90681545.14467758,128116852.07713507,115776627.61298509,113957841.49082768,122553218.38709253,106883877.1239876,134422106.84453002,123159715.87853011,109885941.47663757,131173066.27752765,144604319.8222976,123767283.77920766,125163226.67026515,131853132.18865016,124370120.25261515,124795957.48250258,129829369.82368262,113914437.53476015,141168372.7870351,120629263.0467526,123020849.27124763,122578192.68684015,128795524.97043756,127192122.7017751,142699266.7233401,109488951.81107005,109354881.80151255,101690976.74202257,139221477.28876007,105931223.89329259,121323456.39161266,121862388.29756266,130467253.67369509,107896550.49619514,106787435.47265263,122547072.0873101,127846756.86123511,105686284.97261757
2022-07-11,107359425.94216263,112349661.0672851,142123503.6044026,108196748.39994507,116481102.21395259,131210602.55190264,147285179.86304507,136396118.2288401,122109852.13490263,142473681.3880826,111776230.78691263,97578695.20797265,143098223.4190551,90681545.14467758,128116852.07713507,115776627.61298509,113957841.49082768,122553218.38709253,106883877.1239876,134422106.84453002,123159715.87853011,109885941.47663757,131173066.27752765,144604319.8222976,123767283.77920766,125163226.67026515,131853132.18865016,124370120.25261515,124795957.48250258,129829369.82368262,113914437.53476015,141168372.7870351,120629263.0467526,123020849.27124763,122578192.68684015,128795524.97043756,127192122.7017751,142699266.7233401,109488951.81107005,109354881.80151255,101690976.74202257,139221477.28876007,105931223.89329259,121323456.39161266,121862388.29756266,130467253.67369509,107896550.49619514,106787435.47265263,122547072.0873101,127846756.86123511,105686284.97261757
2022-07-12,107359425.94216263,112349661.0672851,142123503.6044026,108196748.39994507,116481102.21395259,131210602.55190264,147285179.86304507,136396118.2288401,122109852.13490263,142473681.3880826,111776230.78691263,97578695.20797265,143098223.4190551,90681545.14467758,128116852.07713507,115776627.61298509,113957841.49082768,122553218.38709253,106883877.1239876,134422106.84453002,123159715.87853011,109885941.47663757,131173066.27752765,144604319.8222976,123767283.77920766,125163226.67026515,131853132.18865016,124370120.25261515,124795957.48250258,129829369.82368262,113914437.53476015,141168372.7870351,120629263.0467526,123020849.27124763,122578192.68684015,128795524.97043756,127192122.7017751,142699266.7233401,109488951.81107005,109354881.80151255,101690976.74202257,139221477.28876007,105931223.89329259,121323456.39161266,121862388.29756266,130467253.67369509,107896550.49619514,106787435.47265263,122547072.0873101,127846756.86123511,105686284.97261757
2022-07-13,107359425.94216263,112349661.0672851,142123503.6044026,108196748.39994507,116481102.21395259,131210602.55190264,147285179.86304507,136396118.2288401,122109852.13490263,142473681.3880826,111776230.78691263,97578695.20797265,143098223.4190551,90681545.14467758,128116852.07713507,115776627.61298509,113957841.49082768,122553218.38709253,106883877.1239876,134422106.84453002,123159715.87853011,109885941.47663757,131173066.27752765,144604319.8222976,123767283.77920766,125163226.67026515,131853132.18865016,124370120.25261515,124795957.48250258,129829369.82368262,113914437.53476015,141168372.7870351,120629263.0467526,123020849.27124763,122578192.68684015,128795524.97043756,127192122.7017751,142699266.7233401,109488951.81107005,109354881.80151255,101690976.74202257,139221477.28876007,105931223.89329259,121323456.39161266,121862388.29756266,130467253.67369509,107896550.49619514,106787435.47265263,122547072.0873101,127846756.86123511,105686284.97261757
2022-07-14,107359425.94216263,112349661.0672851,142123503.6044026,108196748.39994507,116481102.21395259,131210602.55190264,147285179.86304507,136396118.2288401,122109852.13490263,142473681.3880826,111776230.78691263,97578695.20797265,143098223.4190551,90681545.14467758,128116852.07713507,115776627.61298509,113957841.49082768,122553218.38709253,106883877.1239876,134422106.84453002,123159715.87853011,109885941.47663757,131173066.27752765,144604319.8222976,123767283.77920766,125163226.67026515,131853132.18865016,124370120.25261515,124795957.48250258,129829369.82368262,113914437.53476015,141168372.7870351,120629263.0467526,123020849.27124763,122578192.68684015,128795524.97043756,127192122.7017751,142699266.7233401,109488951.81107005,109354881.80151255,101690976.74202257,139221477.28876007,105931223.89329259,121323456.39161266,121862388.29756266,130467253.67369509,107896550.49619514,106787435.47265263,122547072.0873101,127846756.86123511,105686284.97261757
2022-07-15,107359425.94216263,112349661.0672851,142123503.6044026,108196748.39994507,116481102.21395259,131210602.55190264,147285179.86304507,136396118.2288401,122109852.13490263,142473681.3880826,111776230.78691263,97578695.20797265,143098223.4190551,90681545.14467758,128116852.07713507,115776627.61298509,113957841.49082768,122553218.38709253,106883877.1239876,134422106.84453002,123159715.87853011,109885941.47663757,131173066.27752765,144604319.8222976,123767283.77920766,125163226.67026515,131853132.18865016,124370120.25261515,124795957.48250258,129829369.82368262,113914437.53476015,141168372.7870351,120629263.0467526,123020849.27124763,122578192.68684015,128795524.97043756,127192122.7017751,142699266.7233401,109488951.81107005,109354881.80151255,101690976.74202257,139221477.28876007,105931223.89329259,121323456.39161266,121862388.29756266,130467253.67369509,107896550.49619514,106787435.47265263,122547072.0873101,127846756.86123511,105686284.97261757
2022-07-18,107359425.94216263,112349661.0672851,142123503.6044026,108196748.39994507,116481102.21395259,131210602.55190264,147285179.86304507,136396118.2288401,122109852.13490263,142473681.3880826,111776230.78691263,97578695.20797265,143098223.4190551,90681545.14467758,128116852.07713507,115776627.61298509,113957841.49082768,122553218.38709253,106883877.1239876,134422106.84453002,123159715.87853011,109885941.47663757,131173066.27752765,144604319.8222976,123767283.77920766,125163226.67026515,131853132.18865016,124370120.25261515,124795957.48250258,129829369.82368262,113914437.53476015,141168372.7870351,120629263.0467526,123020849.27124763,122578192.68684015,128795524.97043756,127192122.7017751,142699266.7233401,109488951.81107005,109354881.80151255,101690976.74202257,139221477.28876007,105931223.89329259,121323456.39161266,121862388.29756266,130467253.67369509,107896550.49619514,106787435.47265263,122547072.0873101,127846756.86123511,105686284.97261757
2022-07-19,107359425.94216263,112349661.0672851,142123503.6044026,108196748.39994507,116481102.21395259,131210602.55190264,147285179.86304507,136396118.2288401,122109852.13490263,142473681.3880826,111776230.78691263,97578695.20797265,143098223.4190551,90681545.14467758,128116852.07713507,115776627.61298509,113957841.49082768,122553218.38709253,106883877.1239876,134422106.84453002,123159715.87853011,109885941.47663757,131173066.27752765,144604319.8222976,123767283.77920766,125163226.67026515,131853132.18865016,124370120.25261515,124795957.48250258,129829369.82368262,113914437.53476015,141168372.7870351,120629263.0467526,123020849.27124763,122578192.68684015,128795524.97043756,127192122.7017751,142699266.7233401,109488951.81107005,109354881.80151255,101690976.74202257,139221477.28876007,105931223.89329259,121323456.39161266,121862388.29756266,130467253.67369509,107896550.49619514,106787435.47265263,122547072.0873101,127846756.86123511,105686284.97261757
2022-07-20,107359425.94216263,112349661.0672851,142123503.6044026,108196748.39994507,116481102.21395259,131210602.55190264,147285179.86304507,136396118.2288401,122109852.13490263,142473681.3880826,111776230.78691263,97578695.20797265,143098223.4190551,90681545.14467758,128116852.07713507,115776627.61298509,113957841.49082768,122553218.38709253,106883877.1239876,134422106.84453002,123159715.87853011,109885941.47663757,131173066.27752765,144604319.8222976,123767283.77920766,125163226.67026515,131853132.18865016,124370120.25261515,124795957.48250258,129829369.82368262,113914437.53476015,141168372.7870351,120629263.0467526,123020849.27124763,122578192.68684015,128795524.97043756,127192122.7017751,142699266.7233401,109488951.81107005,109354881.80151255,101690976.74202257,139221477.28876007,105931223.89329259,121323456.39161266,121862388.29756266,130467253.67369509,107896550.49619514,106787435.47265263,122547072.0873101,127846756.86123511,105686284.97261757
2022-07-21,107359425.94216263,112349661.0672851,142123503.6044026,108196748.39994507,116481102.21395259,131210602.55190264,147285179.86304507,136396118.2288401,122109852.13490263,142473681.3880826,111776230.78691263,97578695.20797265,143098223.4190551,90681545.14467758,128116852.07713507,115776627.61298509,113957841.49082768,122553218.38709253,106883877.1239876,134422106.84453002,123159715.87853011,109885941.47663757,131173066.27752765,144604319.8222976,123767283.77920766,125163226.67026515,131853132.18865016,124370120.25261515,124795957.48250258,129829369.82368262,113914437.53476015,141168372.7870351,120629263.0467526,123020849.27124763,122578192.68684015,128795524.97043756,127192122.7017751,142699266.7233401,109488951.81107005,109354881.80151255,101690976.74202257,139221477.28876007,105931223.89329259,121323456.39161266,121862388.29756266,130467253.67369509,107896550.49619514,106787435.47265263,122547072.0873101,127846756.86123511,105686284.97261757
2022-07-22,107359425.94216263,112349661.0672851,142123503.6044026,108196748.39994507,116481102.21395259,131210602.55190264,147285179.86304507,136396118.2288401,122109852.13490263,142473681.3880826,111776230.78691263,97578695.20797265,143098223.4190551,90681545.14467758,128116852.07713507,115776627.61298509,113957841.49082768,122553218.38709253,106883877.1239876,134422106.84453002,123159715.87853011,109885941.47663757,131173066.27752765,144604319.8222976,123767283.77920766,125163226.67026515,131853132.18865016,124370120.25261515,124795957.48250258,129829369.82368262,113914437.53476015,141168372.7870351,120629263.0467526,123020849.27124763,122578192.68684015,128795524.97043756,127192122.7017751,142699266.7233401,109488951.81107005,109354881.80151255,101690976.74202257,139221477.28876007,105931223.89329259,121323456.39161266,121862388.29756266,130467253.67369509,107896550.49619514,106787435.47265263,122547072.0873101,127846756.86123511,105686284.97261757
2022-07-25,107359425.94216263,112349661.0672851,142123503.6044026,108196748.39994507,116481102.21395259,131210602.55190264,147285179.86304507,136396118.2288401,122109852.13490263,142473681.3880826,111776230.78691263,97578695.20797265,143098223.4190551,90681545.14467758,128116852.07713507,115776627.61298509,113957841.49082768,122553218.38709253,106883877.1239876,134422106.84453002,123159715.87853011,109885941.47663757,131173066.27752765,144604319.8222976,123767283.77920766,125163226.67026515,131853132.18865016,124370120.25261515,124795957.48250258,129829369.82368262,113914437.53476015,141168372.7870351,120629263.0467526,123020849.27124763,122578192.68684015,128795524.97043756,127192122.7017751,142699266.7233401,109488951.81107005,109354881.80151255,101690976.74202257,139221477.28876007,105931223.89329259,121323456.39161266,121862388.29756266,130467253.67369509,107896550.49619514,106787435.47265263,122547072.0873101,127846756.86123511,105686284.97261757
2022-07-26,107359425.94216263,112349661.0672851,142123503.6044026,108196748.39994507,116481102.21395259,131210602.55190264,147285179.86304507,136396118.2288401,122109852.13490263,142473681.3880826,111776230.78691263,97578695.20797265,143098223.4190551,90681545.14467758,128116852.07713507,115776627.61298509,113957841.49082768,122553218.38709253,106883877.1239876,134422106.84453002,123159715.87853011,109885941.47663757,131173066.27752765,144604319.8222976,123767283.77920766,125163226.67026515,131853132.18865016,124370120.25261515,124795957.48250258,129829369.82368262,113914437.53476015,141168372.7870351,120629263.0467526,123020849.27124763,122578192.68684015,128795524.97043756,127192122.7017751,142699266.7233401,109488951.81107005,109354881.80151255,101690976.74202257,139221477.28876007,105931223.89329259,121323456.39161266,121862388.29756266,130467253.67369509,107896550.49619514,106787435.47265263,122547072.0873101,127846756.86123511,105686284.97261757
2022-07-27,107359425.94216263,112349661.0672851,142123503.6044026,108196748.39994507,116481102.21395259,131210602.55190264,147285179.86304507,136396118.2288401,122109852.13490263,142473681.3880826,111776230.78691263,97578695.20797265,143098223.4190551,90681545.14467758,128116852.07713507,115776627.61298509,113957841.49082768,122553218.38709253,106883877.1239876,134422106.84453002,123159715.87853011,109885941.47663757,131173066.27752765,144604319.8222976,123767283.77920766,125163226.67026515,131853132.18865016,124370120.25261515,124795957.48250258,129829369.82368262,113914437.53476015,141168372.7870351,120629263.0467526,123020849.27124763,122578192.68684015,128795524.97043756,127192122.7017751,142699266.7233401,109488951.81107005,109354881.80151255,101690976.74202257,139221477.28876007,105931223.89329259,121323456.39161266,121862388.29756266,130467253.67369509,107896550.49619514,106787435.47265263,122547072.0873101,127846756.86123511,105686284.97261757
2022-07-28,107359425.94216263,112349661.0672851,142123503.6044026,108196748.39994507,116481102.21395259,131210602.55190264,147285179.86304507,136396118.2288401,122109852.13490263,142473681.3880826,111776230.78691263,97578695.20797265,143098223.4190551,90681545.14467758,128116852.07713507,115776627.61298509,113957841.49082768,122553218.38709253,106883877.1239876,134422106.84453002,123159715.87853011,109885941.47663757,131173066.27752765,144604319.8222976,123767283.77920766,125163226.67026515,131853132.18865016,124370120.25261515,124795957.48250258,129829369.82368262,113914437.53476015,141168372.7870351,120629263.0467526,123020849.27124763,122578192.68684015,128795524.97043756,127192122.7017751,142699266.7233401,109488951.81107005,109354881.80151255,101690976.74202257,139221477.28876007,105931223.89329259,121323456.39161266,121862388.29756266,130467253.67369509,107896550.49619514,106787435.47265263,122547072.0873101,127846756.86123511,105686284.97261757
2022-07-29,107359425.94216263,112349661.0672851,142123503.6044026,108196748.39994507,116481102.21395259,131210602.55190264,147285179.86304507,136396118.2288401,122109852.13490263,142473681.3880826,111776230.78691263,97578695.20797265,143098223.4190551,90681545.14467758,128116852.07713507,115776627.61298509,113957841.49082768,122553218.38709253,106883877.1239876,134422106.84453002,123159715.87853011,109885941.47663757,131173066.27752765,144604319.8222976,123767283.77920766,125163226.67026515,131853132.18865016,124370120.25261515,124795957.48250258,129829369.82368262,113914437.53476015,141168372.7870351,120629263.0467526,123020849.27124763,122578192.68684015,128795524.97043756,127192122.7017751,142699266.7233401,109488951.81107005,109354881.80151255,101690976.74202257,139221477.28876007,105931223.89329259,121323456.39161266,121862388.29756266,130467253.67369509,107896550.49619514,106787435.47265263,122547072.0873101,127846756.86123511,105686284.97261757
2022-08-01,107359425.94216263,112349661.0672851,142123503.6044026,108196748.39994507,116481102.21395259,131210602.55190264,147285179.86304507,136396118.2288401,122109852.13490263,142473681.3880826,111776230.78691263,97578695.20797265,143098223.4190551,90681545.14467758,128116852.07713507,115776627.61298509,113957841.49082768,122553218.38709253,106883877.1239876,134422106.84453002,123159715.87853011,109885941.47663757,131173066.27752765,144604319.8222976,123767283.77920766,125163226.67026515,131853132.18865016,124370120.25261515,124795957.48250258,129829369.82368262,113914437.53476015,141168372.7870351,120629263.0467526,123020849.27124763,122578192.68684015,128795524.97043756,127192122.7017751,142699266.7233401,109488951.81107005,109354881.80151255,101690976.74202257,139221477.28876007,105931223.89329259,121323456.39161266,121862388.29756266,130467253.67369509,107896550.49619514,106787435.47265263,122547072.0873101,127846756.86123511,105686284.97261757
2022-08-02,107359425.94216263,112349661.0672851,142123503.6044026,108196748.39994507,116481102.21395259,131210602.55190264,147285179.86304507,136396118.2288401,122109852.13490263,142473681.3880826,111776230.78691263,97578695.20797265,143098223.4190551,90681545.14467758,128116852.07713507,115776627.61298509,113957841.49082768,122553218.38709253,106883877.1239876,134422106.84453002,123159715.87853011,109885941.47663757,131173066.27752765,144604319.8222976,123767283.77920766,125163226.67026515,131853132.18865016,124370120.25261515,124795957.48250258,129829369.82368262,113914437.53476015,141168372.7870351,120629263.0467526,123020849.27124763,122578192.68684015,128795524.97043756,127192122.7017751,142699266.7233401,109488951.81107005,109354881.80151255,101690976.74202257,139221477.28876007,105931223.89329259,121323456.39161266,121862388.29756266,130467253.67369509,107896550.49619514,106787435.47265263,122547072.0873101,127846756.86123511,105686284.97261757
2022-08-03,107359425.94216263,112349661.0672851,142123503.6044026,108196748.39994507,116481102.21395259,131210602.55190264,147285179.86304507,136396118.2288401,122109852.13490263,142473681.3880826,111776230.78691263,97578695.20797265,143098223.4190551,90681545.14467758,128116852.07713507,115776627.61298509,113957841.49082768,122553218.38709253,106883877.1239876,134422106.84453002,123159715.87853011,109885941.47663757,131173066.27752765,144604319.8222976,123767283.77920766,125163226.67026515,131853132.18865016,124370120.25261515,124795957.48250258,129829369.82368262,113914437.53476015,141168372.7870351,120629263.0467526,123020849.27124763,122578192.68684015,128795524.97043756,127192122.7017751,142699266.7233401,109488951.81107005,109354881.80151255,101690976.74202257,139221477.28876007,105931223.89329259,121323456.39161266,121862388.29756266,130467253.67369509,107896550.49619514,106787435.47265263,122547072.0873101,127846756.86123511,105686284.97261757
2022-08-04,107359425.94216263,112349661.0672851,142123503.6044026,108196748.39994507,116481102.21395259,131210602.55190264,147285179.86304507,136396118.2288401,122109852.13490263,142473681.3880826,111776230.78691263,97578695.20797265,143098223.4190551,90681545.14467758,128116852.07713507,115776627.61298509,113957841.49082768,122553218.38709253,106883877.1239876,134422106.84453002,123159715.87853011,109885941.47663757,131173066.27752765,144604319.8222976,123767283.77920766,125163226.67026515,131853132.18865016,124370120.25261515,124795957.48250258,129829369.82368262,113914437.53476015,141168372.7870351,120629263.0467526,123020849.27124763,122578192.68684015,128795524.97043756,127192122.7017751,142699266.7233401,109488951.81107005,109354881.80151255,101690976.74202257,139221477.28876007,105931223.89329259,121323456.39161266,121862388.29756266,130467253.67369509,107896550.49619514,106787435.47265263,122547072.0873101,127846756.86123511,105686284.97261757
2022-08-05,107359425.94216263,112349661.0672851,142123503.6044026,108196748.39994507,116481102.21395259,131210602.55190264,147285179.86304507,136396118.2288401,122109852.13490263,142473681.3880826,111776230.78691263,97578695.20797265,143098223.4190551,90681545.14467758,128116852.07713507,115776627.61298509,113957841.49082768,122553218.38709253,106883877.1239876,134422106.84453002,123159715.87853011,109885941.47663757,131173066.27752765,144604319.8222976,123767283.77920766,125163226.67026515,131853132.18865016,124370120.25261515,124795957.48250258,129829369.82368262,113914437.53476015,141168372.7870351,120629263.0467526,123020849.27124763,122578192.68684015,128795524.97043756,127192122.7017751,142699266.7233401,109488951.81107005,109354881.80151255,101690976.74202257,139221477.28876007,105931223.89329259,121323456.39161266,121862388.29756266,130467253.67369509,107896550.49619514,106787435.47265263,122547072.0873101,127846756.86123511,105686284.97261757
2022-08-08,107359425.94216263,112349661.0672851,142123503.6044026,108196748.39994507,116481102.21395259,131210602.55190264,147285179.86304507,136396118.2288401,122109852.13490263,142473681.3880826,111776230.78691263,97578695.20797265,143098223.4190551,90681545.14467758,128116852.07713507,115776627.61298509,113957841.49082768,122553218.38709253,106883877.1239876,134422106.84453002,123159715.87853011,109885941.47663757,131173066.27752765,144604319.8222976,123767283.77920766,125163226.67026515,131853132.18865016,124370120.25261515,124795957.48250258,129829369.82368262,113914437.53476015,141168372.7870351,120629263.0467526,123020849.27124763,122578192.68684015,128795524.97043756,127192122.7017751,142699266.7233401,109488951.81107005,109354881.80151255,101690976.74202257,139221477.28876007,105931223.89329259,121323456.39161266,121862388.29756266,130467253.67369509,107896550.49619514,106787435.47265263,122547072.0873101,127846756.86123511,105686284.97261757
2022-08-09,107359425.94216263,112349661.0672851,142123503.6044026,108196748.39994507,116481102.21395259,131210602.55190264,147285179.86304507,136396118.2288401,122109852.13490263,142473681.3880826,111776230.78691263,97578695.20797265,143098223.4190551,90681545.14467758,128116852.07713507,115776627.61298509,113957841.49082768,122553218.38709253,106883877.1239876,134422106.84453002,123159715.87853011,109885941.47663757,131173066.27752765,144604319.8222976,123767283.77920766,125163226.67026515,131853132.18865016,124370120.25261515,124795957.48250258,129829369.82368262,113914437.53476015,141168372.7870351,120629263.0467526,123020849.27124763,122578192.68684015,128795524.97043756,127192122.7017751,142699266.7233401,109488951.81107005,109354881.80151255,101690976.74202257,139221477.28876007,105931223.89329259,121323456.39161266,121862388.29756266,130467253.67369509,107896550.49619514,106787435.47265263,122547072.0873101,127846756.86123511,105686284.97261757
2022-08-10,107359425.94216263,112349661.0672851,142123503.6044026,108196748.39994507,116481102.21395259,131210602.55190264,147285179.86304507,136396118.2288401,122109852.13490263,142473681.3880826,111776230.78691263,97578695.20797265,143098223.4190551,90681545.14467758,128116852.07713507,115776627.61298509,113957841.49082768,122553218.38709253,106883877.1239876,134422106.84453002,123159715.87853011,109885941.47663757,131173066.27752765,144604319.8222976,123767283.77920766,125163226.67026515,131853132.18865016,124370120.25261515,124795957.48250258,129829369.82368262,113914437.53476015,141168372.7870351,120629263.0467526,123020849.27124763,122578192.68684015,128795524.97043756,127192122.7017751,142699266.7233401,109488951.81107005,109354881.80151255,101690976.74202257,139221477.28876007,105931223.89329259,121323456.39161266,121862388.29756266,130467253.67369509,107896550.49619514,106787435.47265263,122547072.0873101,127846756.86123511,105686284.97261757
2022-08-11,107359425.94216263,112349661.0672851,142123503.6044026,108196748.39994507,116481102.21395259,131210602.55190264,147285179.86304507,136396118.2288401,122109852.13490263,142473681.3880826,111776230.78691263,97578695.20797265,143098223.4190551,90681545.14467758,128116852.07713507,115776627.61298509,113957841.49082768,122553218.38709253,106883877.1239876,134422106.84453002,123159715.87853011,109885941.47663757,131173066.27752765,144604319.8222976,123767283.77920766,125163226.67026515,131853132.18865016,124370120.25261515,124795957.48250258,129829369.82368262,113914437.53476015,141168372.7870351,120629263.0467526,123020849.27124763,122578192.68684015,128795524.97043756,127192122.7017751,142699266.7233401,109488951.81107005,109354881.80151255,101690976.74202257,139221477.28876007,105931223.89329259,121323456.39161266,121862388.29756266,130467253.67369509,107896550.49619514,106787435.47265263,122547072.0873101,127846756.86123511,105686284.97261757
2022-08-12,107359425.94216263,112349661.0672851,142123503.6044026,108196748.39994507,116481102.21395259,131210602.55190264,147285179.86304507,136396118.2288401,122109852.13490263,142473681.3880826,111776230.78691263,97578695.20797265,143098223.4190551,90681545.14467758,128116852.07713507,115776627.61298509,113957841.49082768,122553218.38709253,106883877.1239876,134422106.84453002,123159715.87853011,109885941.47663757,131173066.27752765,144604319.8222976,123767283.77920766,125163226.67026515,131853132.18865016,124370120.25261515,124795957.48250258,129829369.82368262,113914437.53476015,141168372.7870351,120629263.0467526,123020849.27124763,122578192.68684015,128795524.97043756,127192122.7017751,142699266.7233401,109488951.81107005,109354881.80151255,101690976.74202257,139221477.28876007,105931223.89329259,121323456.39161266,121862388.29756266,130467253.67369509,107896550.49619514,106787435.47265263,122547072.0873101,127846756.86123511,105686284.97261757
2022-08-15,107359425.94216263,112349661.0672851,142123503.6044026,108196748.39994507,116481102.21395259,131210602.55190264,147285179.86304507,136396118.2288401,122109852.13490263,142473681.3880826,111776230.78691263,97578695.20797265,143098223.4190551,90681545.14467758,128116852.07713507,115776627.61298509,113957841.49082768,122553218.38709253,106883877.1239876,134422106.84453002,123159715.87853011,109885941.47663757,131173066.27752765,144604319.8222976,123767283.77920766,125163226.67026515,131853132.18865016,124370120.25261515,124795957.48250258,129829369.82368262,113914437.53476015,141168372.7870351,120629263.0467526,123020849.27124763,122578192.68684015,128795524.97043756,127192122.7017751,142699266.7233401,109488951.81107005,109354881.80151255,101690976.74202257,139221477.28876007,105931223.89329259,121323456.39161266,121862388.29756266,130467253.67369509,107896550.49619514,106787435.47265263,122547072.0873101,127846756.86123511,105686284.97261757
2022-08-16,107359425.94216263,112349661.0672851,142123503.6044026,108196748.39994507,116481102.21395259,131210602.55190264,147285179.86304507,136396118.2288401,122109852.13490263,142473681.3880826,111776230.78691263,97578695.20797265,143098223.4190551,90681545.14467758,128116852.07713507,115776627.61298509,113957841.49082768,122553218.38709253,106883877.1239876,134422106.84453002,123159715.87853011,109885941.47663757,131173066.27752765,144604319.8222976,123767283.77920766,125163226.67026515,131853132.18865016,124370120.25261515,124795957.48250258,129829369.82368262,113914437.53476015,141168372.7870351,120629263.0467526,123020849.27124763,122578192.68684015,128795524.97043756,127192122.7017751,142699266.7233401,109488951.81107005,109354881.80151255,101690976.74202257,139221477.28876007,105931223.89329259,121323456.39161266,121862388.29756266,130467253.67369509,107896550.49619514,106787435.47265263,122547072.0873101,127846756.86123511,105686284.97261757
2022-08-17,107359425.94216263,112349661.0672851,142123503.6044026,108196748.39994507,116481102.21395259,131210602.55190264,147285179.86304507,136396118.2288401,122109852.13490263,142473681.3880826,111776230.78691263,97578695.20797265,143098223.4190551,90681545.14467758,128116852.07713507,115776627.61298509,113957841.49082768,122553218.38709253,106883877.1239876,134422106.84453002,123159715.87853011,109885941.47663757,131173066.27752765,144604319.8222976,123767283.77920766,125163226.67026515,131853132.18865016,124370120.25261515,124795957.48250258,129829369.82368262,113914437.53476015,141168372.7870351,120629263.0467526,123020849.27124763,122578192.68684015,128795524.97043756,127192122.7017751,142699266.7233401,109488951.81107005,109354881.80151255,101690976.74202257,139221477.28876007,105931223.89329259,121323456.39161266,121862388.29756266,130467253.67369509,107896550.49619514,106787435.47265263,122547072.0873101,127846756.86123511,105686284.97261757
2022-08-18,107359425.94216263,112349661.0672851,142123503.6044026,108196748.39994507,116481102.21395259,131210602.55190264,147285179.86304507,136396118.2288401,122109852.13490263,142473681.3880826,111776230.78691263,97578695.20797265,143098223.4190551,90681545.14467758,128116852.07713507,115776627.61298509,113957841.49082768,122553218.38709253,106883877.1239876,134422106.84453002,123159715.87853011,109885941.47663757,131173066.27752765,144604319.8222976,123767283.77920766,125163226.67026515,131853132.18865016,124370120.25261515,124795957.48250258,129829369.82368262,113914437.53476015,141168372.7870351,120629263.0467526,123020849.27124763,122578192.68684015,128795524.97043756,127192122.7017751,142699266.7233401,109488951.81107005,109354881.80151255,101690976.74202257,139221477.28876007,105931223.89329259,121323456.39161266,121862388.29756266,130467253.67369509,107896550.49619514,106787435.47265263,122547072.0873101,127846756.86123511,105686284.97261757
2022-08-19,107359425.94216263,112349661.0672851,142123503.6044026,108196748.39994507,116481102.21395259,131210602.55190264,147285179.86304507,136396118.2288401,122109852.13490263,142473681.3880826,111776230.78691263,97578695.20797265,143098223.4190551,90681545.14467758,128116852.07713507,115776627.61298509,113957841.49082768,122553218.38709253,106883877.1239876,134422106.84453002,123159715.87853011,109885941.47663757,131173066.27752765,144604319.8222976,123767283.77920766,125163226.67026515,131853132.18865016,124370120.25261515,124795957.48250258,129829369.82368262,113914437.53476015,141168372.7870351,120629263.0467526,123020849.27124763,122578192.68684015,128795524.97043756,127192122.7017751,142699266.7233401,109488951.81107005,109354881.80151255,101690976.74202257,139221477.28876007,105931223.89329259,121323456.39161266,121862388.29756266,130467253.67369509,107896550.49619514,106787435.47265263,122547072.0873101,127846756.86123511,105686284.97261757
2022-08-22,107359425.94216263,112349661.0672851,142123503.6044026,108196748.39994507,116481102.21395259,131210602.55190264,147285179.86304507,136396118.2288401,122109852.13490263,142473681.3880826,111776230.78691263,97578695.20797265,143098223.4190551,90681545.14467758,128116852.07713507,115776627.61298509,113957841.49082768,122553218.38709253,106883877.1239876,134422106.84453002,123159715.87853011,109885941.47663757,131173066.27752765,144604319.8222976,123767283.77920766,125163226.67026515,131853132.18865016,124370120.25261515,124795957.48250258,129829369.82368262,113914437.53476015,141168372.7870351,120629263.0467526,123020849.27124763,122578192.68684015,128795524.97043756,127192122.7017751,142699266.7233401,109488951.81107005,109354881.80151255,101690976.74202257,139221477.28876007,105931223.89329259,121323456.39161266,121862388.29756266,130467253.67369509,107896550.49619514,106787435.47265263,122547072.0873101,127846756.86123511,105686284.97261757
2022-08-23,107359425.94216263,112349661.0672851,142123503.6044026,108196748.39994507,116481102.21395259,131210602.55190264,147285179.86304507,136396118.2288401,122109852.13490263,142473681.3880826,111776230.78691263,97578695.20797265,143098223.4190551,90681545.14467758,128116852.07713507,115776627.61298509,113957841.49082768,122553218.38709253,106883877.1239876,134422106.84453002,123159715.87853011,109885941.47663757,131173066.27752765,144604319.8222976,123767283.77920766,125163226.67026515,131853132.18865016,124370120.25261515,124795957.48250258,129829369.82368262,113914437.53476015,141168372.7870351,120629263.0467526,123020849.27124763,122578192.68684015,128795524.97043756,127192122.7017751,142699266.7233401,109488951.81107005,109354881.80151255,101690976.74202257,139221477.28876007,105931223.89329259,121323456.39161266,121862388.29756266,130467253.67369509,107896550.49619514,106787435.47265263,122547072.0873101,127846756.86123511,105686284.97261757
2022-08-24,107359425.94216263,112349661.0672851,142123503.6044026,108196748.39994507,116481102.21395259,131210602.55190264,147285179.86304507,136396118.2288401,122109852.13490263,142473681.3880826,111776230.78691263,97578695.20797265,143098223.4190551,90681545.14467758,128116852.07713507,115776627.61298509,113957841.49082768,122553218.38709253,106883877.1239876,134422106.84453002,123159715.87853011,109885941.47663757,131173066.27752765,144604319.8222976,123767283.77920766,125163226.67026515,131853132.18865016,124370120.25261515,124795957.48250258,129829369.82368262,113914437.53476015,141168372.7870351,120629263.0467526,123020849.27124763,122578192.68684015,128795524.97043756,127192122.7017751,142699266.7233401,109488951.81107005,109354881.80151255,101690976.74202257,139221477.28876007,105931223.89329259,121323456.39161266,121862388.29756266,130467253.67369509,107896550.49619514,106787435.47265263,122547072.0873101,127846756.86123511,105686284.97261757
2022-08-25,107359425.94216263,112349661.0672851,142123503.6044026,108196748.39994507,116481102.21395259,131210602.55190264,147285179.86304507,136396118.2288401,122109852.13490263,142473681.3880826,111776230.78691263,97578695.20797265,143098223.4190551,90681545.14467758,128116852.07713507,115776627.61298509,113957841.49082768,122553218.38709253,106883877.1239876,134422106.84453002,123159715.87853011,109885941.47663757,131173066.27752765,144604319.8222976,123767283.77920766,125163226.67026515,131853132.18865016,124370120.25261515,124795957.48250258,129829369.82368262,113914437.53476015,141168372.7870351,120629263.0467526,123020849.27124763,122578192.68684015,128795524.97043756,127192122.7017751,142699266.7233401,109488951.81107005,109354881.80151255,101690976.74202257,139221477.28876007,105931223.89329259,121323456.39161266,121862388.29756266,130467253.67369509,107896550.49619514,106787435.47265263,122547072.0873101,127846756.86123511,105686284.97261757
2022-08-26,107359425.94216263,112349661.0672851,142123503.6044026,108196748.39994507,116481102.21395259,131210602.55190264,147285179.86304507,136396118.2288401,122109852.13490263,142473681.3880826,111776230.78691263,97578695.20797265,143098223.4190551,90681545.14467758,128116852.07713507,115776627.61298509,113957841.49082768,122553218.38709253,106883877.1239876,134422106.84453002,123159715.87853011,109885941.47663757,131173066.27752765,144604319.8222976,123767283.77920766,125163226.67026515,131853132.18865016,124370120.25261515,124795957.48250258,129829369.82368262,113914437.53476015,141168372.7870351,120629263.0467526,123020849.27124763,122578192.68684015,128795524.97043756,127192122.7017751,142699266.7233401,109488951.81107005,109354881.80151255,101690976.74202257,139221477.28876007,105931223.89329259,121323456.39161266,121862388.29756266,130467253.67369509,107896550.49619514,106787435.47265263,122547072.0873101,127846756.86123511,105686284.97261757
2022-08-29,107359425.94216263,112349661.0672851,142123503.6044026,108196748.39994507,116481102.21395259,131210602.55190264,147285179.86304507,136396118.2288401,122109852.13490263,142473681.3880826,111776230.78691263,97578695.20797265,143098223.4190551,90681545.14467758,128116852.07713507,115776627.61298509,113957841.49082768,122553218.38709253,106883877.1239876,134422106.84453002,123159715.87853011,109885941.47663757,131173066.27752765,144604319.8222976,123767283.77920766,125163226.67026515,131853132.18865016,124370120.25261515,124795957.48250258,129829369.82368262,113914437.53476015,141168372.7870351,120629263.0467526,123020849.27124763,122578192.68684015,128795524.97043756,127192122.7017751,142699266.7233401,109488951.81107005,109354881.80151255,101690976.74202257,139221477.28876007,105931223.89329259,121323456.39161266,121862388.29756266,130467253.67369509,107896550.49619514,106787435.47265263,122547072.0873101,127846756.86123511,105686284.97261757
2022-08-30,107359425.94216263,112349661.0672851,142123503.6044026,108196748.39994507,116481102.21395259,131210602.55190264,147285179.86304507,136396118.2288401,122109852.13490263,142473681.3880826,111776230.78691263,97578695.20797265,143098223.4190551,90681545.14467758,128116852.07713507,115776627.61298509,113957841.49082768,122553218.38709253,106883877.1239876,134422106.84453002,123159715.87853011,109885941.47663757,131173066.27752765,144604319.8222976,123767283.77920766,125163226.67026515,131853132.18865016,124370120.25261515,124795957.48250258,129829369.82368262,113914437.53476015,141168372.7870351,120629263.0467526,123020849.27124763,122578192.68684015,128795524.97043756,127192122.7017751,142699266.7233401,109488951.81107005,109354881.80151255,101690976.74202257,139221477.28876007,105931223.89329259,121323456.39161266,121862388.29756266,130467253.67369509,107896550.49619514,106787435.47265263,122547072.0873101,127846756.86123511,105686284.97261757
2022-08-31,107359425.94216263,112349661.0672851,142123503.6044026,108196748.39994507,116481102.21395259,131210602.55190264,147285179.86304507,136396118.2288401,122109852.13490263,142473681.3880826,111776230.78691263,97578695.20797265,143098223.4190551,90681545.14467758,128116852.07713507,115776627.61298509,113957841.49082768,122553218.38709253,106883877.1239876,134422106.84453002,123159715.87853011,109885941.47663757,131173066.27752765,144604319.8222976,123767283.77920766,125163226.67026515,131853132.18865016,124370120.25261515,124795957.48250258,129829369.82368262,113914437.53476015,141168372.7870351,120629263.0467526,123020849.27124763,122578192.68684015,128795524.97043756,127192122.7017751,142699266.7233401,109488951.81107005,109354881.80151255,101690976.74202257,139221477.28876007,105931223.89329259,121323456.39161266,121862388.29756266,130467253.67369509,107896550.49619514,106787435.47265263,122547072.0873101,127846756.86123511,105686284.97261757
2022-09-05,107359425.94216263,112349661.0672851,142123503.6044026,108196748.39994507,116481102.21395259,131210602.55190264,147285179.86304507,136396118.2288401,122109852.13490263,142473681.3880826,111776230.78691263,97578695.20797265,143098223.4190551,90681545.14467758,128116852.07713507,115776627.61298509,113957841.49082768,122553218.38709253,106883877.1239876,134422106.84453002,123159715.87853011,109885941.47663757,131173066.27752765,144604319.8222976,123767283.77920766,125163226.67026515,131853132.18865016,124370120.25261515,124795957.48250258,129829369.82368262,113914437.53476015,141168372.7870351,120629263.0467526,123020849.27124763,122578192.68684015,128795524.97043756,127192122.7017751,142699266.7233401,109488951.81107005,109354881.80151255,101690976.74202257,139221477.28876007,105931223.89329259,121323456.39161266,121862388.29756266,130467253.67369509,107896550.49619514,106787435.47265263,122547072.0873101,127846756.86123511,105686284.97261757
2022-09-06,107359425.94216263,112349661.0672851,142123503.6044026,108196748.39994507,116481102.21395259,131210602.55190264,147285179.86304507,136396118.2288401,122109852.13490263,142473681.3880826,111776230.78691263,97578695.20797265,143098223.4190551,90681545.14467758,128116852.07713507,115776627.61298509,113957841.49082768,122553218.38709253,106883877.1239876,134422106.84453002,123159715.87853011,109885941.47663757,131173066.27752765,144604319.8222976,123767283.77920766,125163226.67026515,131853132.18865016,124370120.25261515,124795957.48250258,129829369.82368262,113914437.53476015,141168372.7870351,120629263.0467526,123020849.27124763,122578192.68684015,128795524.97043756,127192122.7017751,142699266.7233401,109488951.81107005,109354881.80151255,101690976.74202257,139221477.28876007,105931223.89329259,121323456.39161266,121862388.29756266,130467253.67369509,107896550.49619514,106787435.47265263,122547072.0873101,127846756.86123511,105686284.97261757
2022-09-07,107359425.94216263,112349661.0672851,142123503.6044026,108196748.39994507,116481102.21395259,131210602.55190264,147285179.86304507,136396118.2288401,122109852.13490263,142473681.3880826,111776230.78691263,97578695.20797265,143098223.4190551,90681545.14467758,128116852.07713507,115776627.61298509,113957841.49082768,122553218.38709253,106883877.1239876,134422106.84453002,123159715.87853011,109885941.47663757,131173066.27752765,144604319.8222976,123767283.77920766,125163226.67026515,131853132.18865016,124370120.25261515,124795957.48250258,129829369.82368262,113914437.53476015,141168372.7870351,120629263.0467526,123020849.27124763,122578192.68684015,128795524.97043756,127192122.7017751,142699266.7233401,109488951.81107005,109354881.80151255,101690976.74202257,139221477.28876007,105931223.89329259,121323456.39161266,121862388.29756266,130467253.67369509,107896550.49619514,106787435.47265263,122547072.0873101,127846756.86123511,105686284.97261757
2022-09-08,107359425.94216263,112349661.0672851,142123503.6044026,108196748.39994507,116481102.21395259,131210602.55190264,147285179.86304507,136396118.2288401,122109852.13490263,142473681.3880826,111776230.78691263,97578695.20797265,143098223.4190551,90681545.14467758,128116852.07713507,115776627.61298509,113957841.49082768,122553218.38709253,106883877.1239876,134422106.84453002,123159715.87853011,109885941.47663757,131173066.27752765,144604319.8222976,123767283.77920766,125163226.67026515,131853132.18865016,124370120.25261515,124795957.48250258,129829369.82368262,113914437.53476015,141168372.7870351,120629263.0467526,123020849.27124763,122578192.68684015,128795524.97043756,127192122.7017751,142699266.7233401,109488951.81107005,109354881.80151255,101690976.74202257,139221477.28876007,105931223.89329259,121323456.39161266,121862388.29756266,130467253.67369509,107896550.49619514,106787435.47265263,122547072.0873101,127846756.86123511,105686284.97261757
2022-09-09,107359425.94216263,112349661.0672851,142123503.6044026,108196748.39994507,116481102.21395259,131210602.55190264,147285179.86304507,136396118.2288401,122109852.13490263,142473681.3880826,111776230.78691263,97578695.20797265,143098223.4190551,90681545.14467758,128116852.07713507,115776627.61298509,113957841.49082768,122553218.38709253,106883877.1239876,134422106.84453002,123159715.87853011,109885941.47663757,131173066.27752765,144604319.8222976,123767283.77920766,125163226.67026515,131853132.18865016,124370120.25261515,124795957.48250258,129829369.82368262,113914437.53476015,141168372.7870351,120629263.0467526,123020849.27124763,122578192.68684015,128795524.97043756,127192122.7017751,142699266.7233401,109488951.81107005,109354881.80151255,101690976.74202257,139221477.28876007,105931223.89329259,121323456.39161266,121862388.29756266,130467253.67369509,107896550.49619514,106787435.47265263,122547072.0873101,127846756.86123511,105686284.97261757
2022-09-12,107359425.94216263,112349661.0672851,142123503.6044026,108196748.39994507,116481102.21395259,131210602.55190264,147285179.86304507,136396118.2288401,122109852.13490263,142473681.3880826,111776230.78691263,97578695.20797265,143098223.4190551,90681545.14467758,128116852.07713507,115776627.61298509,113957841.49082768,122553218.38709253,106883877.1239876,134422106.84453002,123159715.87853011,109885941.47663757,131173066.27752765,144604319.8222976,123767283.77920766,125163226.67026515,131853132.18865016,124370120.25261515,124795957.48250258,129829369.82368262,113914437.53476015,141168372.7870351,120629263.0467526,123020849.27124763,122578192.68684015,128795524.97043756,127192122.7017751,142699266.7233401,109488951.81107005,109354881.80151255,101690976.74202257,139221477.28876007,105931223.89329259,121323456.39161266,121862388.29756266,130467253.67369509,107896550.49619514,106787435.47265263,122547072.0873101,127846756.86123511,105686284.97261757
2022-09-13,107359425.94216263,112349661.0672851,142123503.6044026,108196748.39994507,116481102.21395259,131210602.55190264,147285179.86304507,136396118.2288401,122109852.13490263,142473681.3880826,111776230.78691263,97578695.20797265,143098223.4190551,90681545.14467758,128116852.07713507,115776627.61298509,113957841.49082768,122553218.38709253,106883877.1239876,134422106.84453002,123159715.87853011,109885941.47663757,131173066.27752765,144604319.8222976,123767283.77920766,125163226.67026515,131853132.18865016,124370120.25261515,124795957.48250258,129829369.82368262,113914437.53476015,141168372.7870351,120629263.0467526,123020849.27124763,122578192.68684015,128795524.97043756,127192122.7017751,142699266.7233401,109488951.81107005,109354881.80151255,101690976.74202257,139221477.28876007,105931223.89329259,121323456.39161266,121862388.29756266,130467253.67369509,107896550.49619514,106787435.47265263,122547072.0873101,127846756.86123511,105686284.97261757
2022-09-14,107359425.94216263,112349661.0672851,142123503.6044026,108196748.39994507,116481102.21395259,131210602.55190264,147285179.86304507,136396118.2288401,122109852.13490263,142473681.3880826,111776230.78691263,97578695.20797265,143098223.4190551,90681545.14467758,128116852.07713507,115776627.61298509,113957841.49082768,122553218.38709253,106883877.1239876,134422106.84453002,123159715.87853011,109885941.47663757,131173066.27752765,144604319.8222976,123767283.77920766,125163226.67026515,131853132.18865016,124370120.25261515,124795957.48250258,129829369.82368262,113914437.53476015,141168372.7870351,120629263.0467526,123020849.27124763,122578192.68684015,128795524.97043756,127192122.7017751,142699266.7233401,109488951.81107005,109354881.80151255,101690976.74202257,139221477.28876007,105931223.89329259,121323456.39161266,121862388.29756266,130467253.67369509,107896550.49619514,106787435.47265263,122547072.0873101,127846756.86123511,105686284.97261757
2022-09-15,107359425.94216263,112349661.0672851,142123503.6044026,108196748.39994507,116481102.21395259,131210602.55190264,147285179.86304507,136396118.2288401,122109852.13490263,142473681.3880826,111776230.78691263,97578695.20797265,143098223.4190551,90681545.14467758,128116852.07713507,115776627.61298509,113957841.49082768,122553218.38709253,106883877.1239876,134422106.84453002,123159715.87853011,109885941.47663757,131173066.27752765,144604319.8222976,123767283.77920766,125163226.67026515,131853132.18865016,124370120.25261515,124795957.48250258,129829369.82368262,113914437.53476015,141168372.7870351,120629263.0467526,123020849.27124763,122578192.68684015,128795524.97043756,127192122.7017751,142699266.7233401,109488951.81107005,109354881.80151255,101690976.74202257,139221477.28876007,105931223.89329259,121323456.39161266,121862388.29756266,130467253.67369509,107896550.49619514,106787435.47265263,122547072.0873101,127846756.86123511,105686284.97261757
2022-09-16,107359425.94216263,112349661.0672851,142123503.6044026,108196748.39994507,116481102.21395259,131210602.55190264,147285179.86304507,136396118.2288401,122109852.13490263,142473681.3880826,111776230.78691263,97578695.20797265,143098223.4190551,90681545.14467758,128116852.07713507,115776627.61298509,113957841.49082768,122553218.38709253,106883877.1239876,134422106.84453002,123159715.87853011,109885941.47663757,131173066.27752765,144604319.8222976,123767283.77920766,125163226.67026515,131853132.18865016,124370120.25261515,124795957.48250258,129829369.82368262,113914437.53476015,141168372.7870351,120629263.0467526,123020849.27124763,122578192.68684015,128795524.97043756,127192122.7017751,142699266.7233401,109488951.81107005,109354881.80151255,101690976.74202257,139221477.28876007,105931223.89329259,121323456.39161266,121862388.29756266,130467253.67369509,107896550.49619514,106787435.47265263,122547072.0873101,127846756.86123511,105686284.97261757
2022-09-19,107359425.94216263,112349661.0672851,142123503.6044026,108196748.39994507,116481102.21395259,131210602.55190264,147285179.86304507,136396118.2288401,122109852.13490263,142473681.3880826,111776230.78691263,97578695.20797265,143098223.4190551,90681545.14467758,128116852.07713507,115776627.61298509,113957841.49082768,122553218.38709253,106883877.1239876,134422106.84453002,123159715.87853011,109885941.47663757,131173066.27752765,144604319.8222976,123767283.77920766,125163226.67026515,131853132.18865016,124370120.25261515,124795957.48250258,129829369.82368262,113914437.53476015,141168372.7870351,120629263.0467526,123020849.27124763,122578192.68684015,128795524.97043756,127192122.7017751,142699266.7233401,109488951.81107005,109354881.80151255,101690976.74202257,139221477.28876007,105931223.89329259,121323456.39161266,121862388.29756266,130467253.67369509,107896550.49619514,106787435.47265263,122547072.0873101,127846756.86123511,105686284.97261757
2022-09-20,107359425.94216263,112349661.0672851,142123503.6044026,108196748.39994507,116481102.21395259,131210602.55190264,147285179.86304507,136396118.2288401,122109852.13490263,142473681.3880826,111776230.78691263,97578695.20797265,143098223.4190551,90681545.14467758,128116852.07713507,115776627.61298509,113957841.49082768,122553218.38709253,106883877.1239876,134422106.84453002,123159715.87853011,109885941.47663757,131173066.27752765,144604319.8222976,123767283.77920766,125163226.67026515,131853132.18865016,124370120.25261515,124795957.48250258,129829369.82368262,113914437.53476015,141168372.7870351,120629263.0467526,123020849.27124763,122578192.68684015,128795524.97043756,127192122.7017751,142699266.7233401,109488951.81107005,109354881.80151255,101690976.74202257,139221477.28876007,105931223.89329259,121323456.39161266,121862388.29756266,130467253.67369509,107896550.49619514,106787435.47265263,122547072.0873101,127846756.86123511,105686284.97261757
2022-09-21,107359425.94216263,112349661.0672851,142123503.6044026,108196748.39994507,116481102.21395259,131210602.55190264,147285179.86304507,136396118.2288401,122109852.13490263,142473681.3880826,111776230.78691263,97578695.20797265,143098223.4190551,90681545.14467758,128116852.07713507,115776627.61298509,113957841.49082768,122553218.38709253,106883877.1239876,134422106.84453002,123159715.87853011,109885941.47663757,131173066.27752765,144604319.8222976,123767283.77920766,125163226.67026515,131853132.18865016,124370120.25261515,124795957.48250258,129829369.82368262,113914437.53476015,141168372.7870351,120629263.0467526,123020849.27124763,122578192.68684015,128795524.97043756,127192122.7017751,142699266.7233401,109488951.81107005,109354881.80151255,101690976.74202257,139221477.28876007,105931223.89329259,121323456.39161266,121862388.29756266,130467253.67369509,107896550.49619514,106787435.47265263,122547072.0873101,127846756.86123511,105686284.97261757
2022-09-22,107359425.94216263,112349661.0672851,142123503.6044026,108196748.39994507,116481102.21395259,131210602.55190264,147285179.86304507,136396118.2288401,122109852.13490263,142473681.3880826,111776230.78691263,97578695.20797265,143098223.4190551,90681545.14467758,128116852.07713507,115776627.61298509,113957841.49082768,122553218.38709253,106883877.1239876,134422106.84453002,123159715.87853011,109885941.47663757,131173066.27752765,144604319.8222976,123767283.77920766,125163226.67026515,131853132.18865016,124370120.25261515,124795957.48250258,129829369.82368262,113914437.53476015,141168372.7870351,120629263.0467526,123020849.27124763,122578192.68684015,128795524.97043756,127192122.7017751,142699266.7233401,109488951.81107005,109354881.80151255,101690976.74202257,139221477.28876007,105931223.89329259,121323456.39161266,121862388.29756266,130467253.67369509,107896550.49619514,106787435.47265263,122547072.0873101,127846756.86123511,105686284.97261757
2022-09-23,107359425.94216263,112349661.0672851,142123503.6044026,108196748.39994507,116481102.21395259,131210602.55190264,147285179.86304507,136396118.2288401,122109852.13490263,142473681.3880826,111776230.78691263,97578695.20797265,143098223.4190551,90681545.14467758,128116852.07713507,115776627.61298509,113957841.49082768,122553218.38709253,106883877.1239876,134422106.84453002,123159715.87853011,109885941.47663757,131173066.27752765,144604319.8222976,123767283.77920766,125163226.67026515,131853132.18865016,124370120.25261515,124795957.48250258,129829369.82368262,113914437.53476015,141168372.7870351,120629263.0467526,123020849.27124763,122578192.68684015,128795524.97043756,127192122.7017751,142699266.7233401,109488951.81107005,109354881.80151255,101690976.74202257,139221477.28876007,105931223.89329259,121323456.39161266,121862388.29756266,130467253.67369509,107896550.49619514,106787435.47265263,122547072.0873101,127846756.86123511,105686284.97261757
2022-09-26,107359425.94216263,112349661.0672851,142123503.6044026,108196748.39994507,116481102.21395259,131210602.55190264,147285179.86304507,136396118.2288401,122109852.13490263,142473681.3880826,111776230.78691263,97578695.20797265,143098223.4190551,90681545.14467758,128116852.07713507,115776627.61298509,113957841.49082768,122553218.38709253,106883877.1239876,134422106.84453002,123159715.87853011,109885941.47663757,131173066.27752765,144604319.8222976,123767283.77920766,125163226.67026515,131853132.18865016,124370120.25261515,124795957.48250258,129829369.82368262,113914437.53476015,141168372.7870351,120629263.0467526,123020849.27124763,122578192.68684015,128795524.97043756,127192122.7017751,142699266.7233401,109488951.81107005,109354881.80151255,101690976.74202257,139221477.28876007,105931223.89329259,121323456.39161266,121862388.29756266,130467253.67369509,107896550.49619514,106787435.47265263,122547072.0873101,127846756.86123511,105686284.97261757
2022-09-27,107359425.94216263,112349661.0672851,142123503.6044026,108196748.39994507,116481102.21395259,131210602.55190264,147285179.86304507,136396118.2288401,122109852.13490263,142473681.3880826,111776230.78691263,97578695.20797265,143098223.4190551,90681545.14467758,128116852.07713507,115776627.61298509,113957841.49082768,122553218.38709253,106883877.1239876,134422106.84453002,123159715.87853011,109885941.47663757,131173066.27752765,144604319.8222976,123767283.77920766,125163226.67026515,131853132.18865016,124370120.25261515,124795957.48250258,129829369.82368262,113914437.53476015,141168372.7870351,120629263.0467526,123020849.27124763,122578192.68684015,128795524.97043756,127192122.7017751,142699266.7233401,109488951.81107005,109354881.80151255,101690976.74202257,139221477.28876007,105931223.89329259,121323456.39161266,121862388.29756266,130467253.67369509,107896550.49619514,106787435.47265263,122547072.0873101,127846756.86123511,105686284.97261757
2022-09-28,107359425.94216263,112349661.0672851,142123503.6044026,108196748.39994507,116481102.21395259,131210602.55190264,147285179.86304507,136396118.2288401,122109852.13490263,142473681.3880826,111776230.78691263,97578695.20797265,143098223.4190551,90681545.14467758,128116852.07713507,115776627.61298509,113957841.49082768,122553218.38709253,106883877.1239876,134422106.84453002,123159715.87853011,109885941.47663757,131173066.27752765,144604319.8222976,123767283.77920766,125163226.67026515,131853132.18865016,124370120.25261515,124795957.48250258,129829369.82368262,113914437.53476015,141168372.7870351,120629263.0467526,123020849.27124763,122578192.68684015,128795524.97043756,127192122.7017751,142699266.7233401,109488951.81107005,109354881.80151255,101690976.74202257,139221477.28876007,105931223.89329259,121323456.39161266,121862388.29756266,130467253.67369509,107896550.49619514,106787435.47265263,122547072.0873101,127846756.86123511,105686284.97261757
2022-09-29,107359425.94216263,112349661.0672851,142123503.6044026,108196748.39994507,116481102.21395259,131210602.55190264,147285179.86304507,136396118.2288401,122109852.13490263,142473681.3880826,111776230.78691263,97578695.20797265,143098223.4190551,90681545.14467758,128116852.07713507,115776627.61298509,113957841.49082768,122553218.38709253,106883877.1239876,134422106.84453002,123159715.87853011,109885941.47663757,131173066.27752765,144604319.8222976,123767283.77920766,125163226.67026515,131853132.18865016,124370120.25261515,124795957.48250258,129829369.82368262,113914437.53476015,141168372.7870351,120629263.0467526,123020849.27124763,122578192.68684015,128795524.97043756,127192122.7017751,142699266.7233401,109488951.81107005,109354881.80151255,101690976.74202257,139221477.28876007,105931223.89329259,121323456.39161266,121862388.29756266,130467253.67369509,107896550.49619514,106787435.47265263,122547072.0873101,127846756.86123511,105686284.97261757
2022-09-30,107359425.94216263,112349661.0672851,142123503.6044026,108196748.39994507,116481102.21395259,131210602.55190264,147285179.86304507,136396118.2288401,122109852.13490263,142473681.3880826,111776230.78691263,97578695.20797265,143098223.4190551,90681545.14467758,128116852.07713507,115776627.61298509,113957841.49082768,122553218.38709253,106883877.1239876,134422106.84453002,123159715.87853011,109885941.47663757,131173066.27752765,144604319.8222976,123767283.77920766,125163226.67026515,131853132.18865016,124370120.25261515,124795957.48250258,129829369.82368262,113914437.53476015,141168372.7870351,120629263.0467526,123020849.27124763,122578192.68684015,128795524.97043756,127192122.7017751,142699266.7233401,109488951.81107005,109354881.80151255,101690976.74202257,139221477.28876007,105931223.89329259,121323456.39161266,121862388.29756266,130467253.67369509,107896550.49619514,106787435.47265263,122547072.0873101,127846756.86123511,105686284.97261757
2022-10-03,107359425.94216263,112349661.0672851,142123503.6044026,108196748.39994507,116481102.21395259,131210602.55190264,147285179.86304507,136396118.2288401,122109852.13490263,142473681.3880826,111776230.78691263,97578695.20797265,143098223.4190551,90681545.14467758,128116852.07713507,115776627.61298509,113957841.49082768,122553218.38709253,106883877.1239876,134422106.84453002,123159715.87853011,109885941.47663757,131173066.27752765,144604319.8222976,123767283.77920766,125163226.67026515,131853132.18865016,124370120.25261515,124795957.48250258,129829369.82368262,113914437.53476015,141168372.7870351,120629263.0467526,123020849.27124763,122578192.68684015,128795524.97043756,127192122.7017751,142699266.7233401,109488951.81107005,109354881.80151255,101690976.74202257,139221477.28876007,105931223.89329259,121323456.39161266,121862388.29756266,130467253.67369509,107896550.49619514,106787435.47265263,122547072.0873101,127846756.86123511,105686284.97261757
2022-10-04,107359425.94216263,112349661.0672851,142123503.6044026,108196748.39994507,116481102.21395259,131210602.55190264,147285179.86304507,136396118.2288401,122109852.13490263,142473681.3880826,111776230.78691263,97578695.20797265,143098223.4190551,90681545.14467758,128116852.07713507,115776627.61298509,113957841.49082768,122553218.38709253,106883877.1239876,134422106.84453002,123159715.87853011,109885941.47663757,131173066.27752765,144604319.8222976,123767283.77920766,125163226.67026515,131853132.18865016,124370120.25261515,124795957.48250258,129829369.82368262,113914437.53476015,141168372.7870351,120629263.0467526,123020849.27124763,122578192.68684015,128795524.97043756,127192122.7017751,142699266.7233401,109488951.81107005,109354881.80151255,101690976.74202257,139221477.28876007,105931223.89329259,121323456.39161266,121862388.29756266,130467253.67369509,107896550.49619514,106787435.47265263,122547072.0873101,127846756.86123511,105686284.97261757
2022-10-05,107359425.94216263,112349661.0672851,142123503.6044026,108196748.39994507,116481102.21395259,131210602.55190264,147285179.86304507,136396118.2288401,122109852.13490263,142473681.3880826,111776230.78691263,97578695.20797265,143098223.4190551,90681545.14467758,128116852.07713507,115776627.61298509,113957841.49082768,122553218.38709253,106883877.1239876,134422106.84453002,123159715.87853011,109885941.47663757,131173066.27752765,144604319.8222976,123767283.77920766,125163226.67026515,131853132.18865016,124370120.25261515,124795957.48250258,129829369.82368262,113914437.53476015,141168372.7870351,120629263.0467526,123020849.27124763,122578192.68684015,128795524.97043756,127192122.7017751,142699266.7233401,109488951.81107005,109354881.80151255,101690976.74202257,139221477.28876007,105931223.89329259,121323456.39161266,121862388.29756266,130467253.67369509,107896550.49619514,106787435.47265263,122547072.0873101,127846756.86123511,105686284.97261757
2022-10-06,107359425.94216263,112349661.0672851,142123503.6044026,108196748.39994507,116481102.21395259,131210602.55190264,147285179.86304507,136396118.2288401,122109852.13490263,142473681.3880826,111776230.78691263,97578695.20797265,143098223.4190551,90681545.14467758,128116852.07713507,115776627.61298509,113957841.49082768,122553218.38709253,106883877.1239876,134422106.84453002,123159715.87853011,109885941.47663757,131173066.27752765,144604319.8222976,123767283.77920766,125163226.67026515,131853132.18865016,124370120.25261515,124795957.48250258,129829369.82368262,113914437.53476015,141168372.7870351,120629263.0467526,123020849.27124763,122578192.68684015,128795524.97043756,127192122.7017751,142699266.7233401,109488951.81107005,109354881.80151255,101690976.74202257,139221477.28876007,105931223.89329259,121323456.39161266,121862388.29756266,130467253.67369509,107896550.49619514,106787435.47265263,122547072.0873101,127846756.86123511,105686284.97261757
2022-10-07,107359425.94216263,112349661.0672851,142123503.6044026,108196748.39994507,116481102.21395259,131210602.55190264,147285179.86304507,136396118.2288401,122109852.13490263,142473681.3880826,111776230.78691263,97578695.20797265,143098223.4190551,90681545.14467758,128116852.07713507,115776627.61298509,113957841.49082768,122553218.38709253,106883877.1239876,134422106.84453002,123159715.87853011,109885941.47663757,131173066.27752765,144604319.8222976,123767283.77920766,125163226.67026515,131853132.18865016,124370120.25261515,124795957.48250258,129829369.82368262,113914437.53476015,141168372.7870351,120629263.0467526,123020849.27124763,122578192.68684015,128795524.97043756,127192122.7017751,142699266.7233401,109488951.81107005,109354881.80151255,101690976.74202257,139221477.28876007,105931223.89329259,121323456.39161266,121862388.29756266,130467253.67369509,107896550.49619514,106787435.47265263,122547072.0873101,127846756.86123511,105686284.97261757
2022-10-10,107359425.94216263,112349661.0672851,142123503.6044026,108196748.39994507,116481102.21395259,131210602.55190264,147285179.86304507,136396118.2288401,122109852.13490263,142473681.3880826,111776230.78691263,97578695.20797265,143098223.4190551,90681545.14467758,128116852.07713507,115776627.61298509,113957841.49082768,122553218.38709253,106883877.1239876,134422106.84453002,123159715.87853011,109885941.47663757,131173066.27752765,144604319.8222976,123767283.77920766,125163226.67026515,131853132.18865016,124370120.25261515,124795957.48250258,129829369.82368262,113914437.53476015,141168372.7870351,120629263.0467526,123020849.27124763,122578192.68684015,128795524.97043756,127192122.7017751,142699266.7233401,109488951.81107005,109354881.80151255,101690976.74202257,139221477.28876007,105931223.89329259,121323456.39161266,121862388.29756266,130467253.67369509,107896550.49619514,106787435.47265263,122547072.0873101,127846756.86123511,105686284.97261757
2022-10-11,107359425.94216263,112349661.0672851,142123503.6044026,108196748.39994507,116481102.21395259,131210602.55190264,147285179.86304507,136396118.2288401,122109852.13490263,142473681.3880826,111776230.78691263,97578695.20797265,143098223.4190551,90681545.14467758,128116852.07713507,115776627.61298509,113957841.49082768,122553218.38709253,106883877.1239876,134422106.84453002,123159715.87853011,109885941.47663757,131173066.27752765,144604319.8222976,123767283.77920766,125163226.67026515,131853132.18865016,124370120.25261515,124795957.48250258,129829369.82368262,113914437.53476015,141168372.7870351,120629263.0467526,123020849.27124763,122578192.68684015,128795524.97043756,127192122.7017751,142699266.7233401,109488951.81107005,109354881.80151255,101690976.74202257,139221477.28876007,105931223.89329259,121323456.39161266,121862388.29756266,130467253.67369509,107896550.49619514,106787435.47265263,122547072.0873101,127846756.86123511,105686284.97261757
2022-10-12,107359425.94216263,112349661.0672851,142123503.6044026,108196748.39994507,116481102.21395259,131210602.55190264,147285179.86304507,136396118.2288401,122109852.13490263,142473681.3880826,111776230.78691263,97578695.20797265,143098223.4190551,90681545.14467758,128116852.07713507,115776627.61298509,113957841.49082768,122553218.38709253,106883877.1239876,134422106.84453002,123159715.87853011,109885941.47663757,131173066.27752765,144604319.8222976,123767283.77920766,125163226.67026515,131853132.18865016,124370120.25261515,124795957.48250258,129829369.82368262,113914437.53476015,141168372.7870351,120629263.0467526,123020849.27124763,122578192.68684015,128795524.97043756,127192122.7017751,142699266.7233401,109488951.81107005,109354881.80151255,101690976.74202257,139221477.28876007,105931223.89329259,121323456.39161266,121862388.29756266,130467253.67369509,107896550.49619514,106787435.47265263,122547072.0873101,127846756.86123511,105686284.97261757
2022-10-13,107359425.94216263,112349661.0672851,142123503.6044026,108196748.39994507,116481102.21395259,131210602.55190264,147285179.86304507,136396118.2288401,122109852.13490263,142473681.3880826,111776230.78691263,97578695.20797265,143098223.4190551,90681545.14467758,128116852.07713507,115776627.61298509,113957841.49082768,122553218.38709253,106883877.1239876,134422106.84453002,123159715.87853011,109885941.47663757,131173066.27752765,144604319.8222976,123767283.77920766,125163226.67026515,131853132.18865016,124370120.25261515,124795957.48250258,129829369.82368262,113914437.53476015,141168372.7870351,120629263.0467526,123020849.27124763,122578192.68684015,128795524.97043756,127192122.7017751,142699266.7233401,109488951.81107005,109354881.80151255,101690976.74202257,139221477.28876007,105931223.89329259,121323456.39161266,121862388.29756266,130467253.67369509,107896550.49619514,106787435.47265263,122547072.0873101,127846756.86123511,105686284.97261757
2022-10-14,107359425.94216263,112349661.0672851,142123503.6044026,108196748.39994507,116481102.21395259,131210602.55190264,147285179.86304507,136396118.2288401,122109852.13490263,142473681.3880826,111776230.78691263,97578695.20797265,143098223.4190551,90681545.14467758,128116852.07713507,115776627.61298509,113957841.49082768,122553218.38709253,106883877.1239876,134422106.84453002,123159715.87853011,109885941.47663757,131173066.27752765,144604319.8222976,123767283.77920766,125163226.67026515,131853132.18865016,124370120.25261515,124795957.48250258,129829369.82368262,113914437.53476015,141168372.7870351,120629263.0467526,123020849.27124763,122578192.68684015,128795524.97043756,127192122.7017751,142699266.7233401,109488951.81107005,109354881.80151255,101690976.74202257,139221477.28876007,105931223.89329259,121323456.39161266,121862388.29756266,130467253.67369509,107896550.49619514,106787435.47265263,122547072.0873101,127846756.86123511,105686284.97261757
2022-10-17,107359425.94216263,112349661.0672851,142123503.6044026,108196748.39994507,116481102.21395259,131210602.55190264,147285179.86304507,136396118.2288401,122109852.13490263,142473681.3880826,111776230.78691263,97578695.20797265,143098223.4190551,90681545.14467758,128116852.07713507,115776627.61298509,113957841.49082768,122553218.38709253,106883877.1239876,134422106.84453002,123159715.87853011,109885941.47663757,131173066.27752765,144604319.8222976,123767283.77920766,125163226.67026515,131853132.18865016,124370120.25261515,124795957.48250258,129829369.82368262,113914437.53476015,141168372.7870351,120629263.0467526,123020849.27124763,122578192.68684015,128795524.97043756,127192122.7017751,142699266.7233401,109488951.81107005,109354881.80151255,101690976.74202257,139221477.28876007,105931223.89329259,121323456.39161266,121862388.29756266,130467253.67369509,107896550.49619514,106787435.47265263,122547072.0873101,127846756.86123511,105686284.97261757
2022-10-18,107359425.94216263,112349661.0672851,142123503.6044026,108196748.39994507,116481102.21395259,131210602.55190264,147285179.86304507,136396118.2288401,122109852.13490263,142473681.3880826,111776230.78691263,97578695.20797265,143098223.4190551,90681545.14467758,128116852.07713507,115776627.61298509,113957841.49082768,122553218.38709253,106883877.1239876,134422106.84453002,123159715.87853011,109885941.47663757,131173066.27752765,144604319.8222976,123767283.77920766,125163226.67026515,131853132.18865016,124370120.25261515,124795957.48250258,129829369.82368262,113914437.53476015,141168372.7870351,120629263.0467526,123020849.27124763,122578192.68684015,128795524.97043756,127192122.7017751,142699266.7233401,109488951.81107005,109354881.80151255,101690976.74202257,139221477.28876007,105931223.89329259,121323456.39161266,121862388.29756266,130467253.67369509,107896550.49619514,106787435.47265263,122547072.0873101,127846756.86123511,105686284.97261757
2022-10-19,107359425.94216263,112349661.0672851,142123503.6044026,108196748.39994507,116481102.21395259,131210602.55190264,147285179.86304507,136396118.2288401,122109852.13490263,142473681.3880826,111776230.78691263,97578695.20797265,143098223.4190551,90681545.14467758,128116852.07713507,115776627.61298509,113957841.49082768,122553218.38709253,106883877.1239876,134422106.84453002,123159715.87853011,109885941.47663757,131173066.27752765,144604319.8222976,123767283.77920766,125163226.67026515,131853132.18865016,124370120.25261515,124795957.48250258,129829369.82368262,113914437.53476015,141168372.7870351,120629263.0467526,123020849.27124763,122578192.68684015,128795524.97043756,127192122.7017751,142699266.7233401,109488951.81107005,109354881.80151255,101690976.74202257,139221477.28876007,105931223.89329259,121323456.39161266,121862388.29756266,130467253.67369509,107896550.49619514,106787435.47265263,122547072.0873101,127846756.86123511,105686284.97261757
2022-10-20,107359425.94216263,112349661.0672851,142123503.6044026,108196748.39994507,116481102.21395259,131210602.55190264,147285179.86304507,136396118.2288401,122109852.13490263,142473681.3880826,111776230.78691263,97578695.20797265,143098223.4190551,90681545.14467758,128116852.07713507,115776627.61298509,113957841.49082768,122553218.38709253,106883877.1239876,134422106.84453002,123159715.87853011,109885941.47663757,131173066.27752765,144604319.8222976,123767283.77920766,125163226.67026515,131853132.18865016,124370120.25261515,124795957.48250258,129829369.82368262,113914437.53476015,141168372.7870351,120629263.0467526,123020849.27124763,122578192.68684015,128795524.97043756,127192122.7017751,142699266.7233401,109488951.81107005,109354881.80151255,101690976.74202257,139221477.28876007,105931223.89329259,121323456.39161266,121862388.29756266,130467253.67369509,107896550.49619514,106787435.47265263,122547072.0873101,127846756.86123511,105686284.97261757
2022-10-21,107359425.94216263,112349661.0672851,142123503.6044026,108196748.39994507,116481102.21395259,131210602.55190264,147285179.86304507,136396118.2288401,122109852.13490263,142473681.3880826,111776230.78691263,97578695.20797265,143098223.4190551,90681545.14467758,128116852.07713507,115776627.61298509,113957841.49082768,122553218.38709253,106883877.1239876,134422106.84453002,123159715.87853011,109885941.47663757,131173066.27752765,144604319.8222976,123767283.77920766,125163226.67026515,131853132.18865016,124370120.25261515,124795957.48250258,129829369.82368262,113914437.53476015,141168372.7870351,120629263.0467526,123020849.27124763,122578192.68684015,128795524.97043756,127192122.7017751,142699266.7233401,109488951.81107005,109354881.80151255,101690976.74202257,139221477.28876007,105931223.89329259,121323456.39161266,121862388.29756266,130467253.67369509,107896550.49619514,106787435.47265263,122547072.0873101,127846756.86123511,105686284.97261757
2022-10-24,107359425.94216263,112349661.0672851,142123503.6044026,108196748.39994507,116481102.21395259,131210602.55190264,147285179.86304507,136396118.2288401,122109852.13490263,142473681.3880826,111776230.78691263,97578695.20797265,143098223.4190551,90681545.14467758,128116852.07713507,115776627.61298509,113957841.49082768,122553218.38709253,106883877.1239876,134422106.84453002,123159715.87853011,109885941.47663757,131173066.27752765,144604319.8222976,123767283.77920766,125163226.67026515,131853132.18865016,124370120.25261515,124795957.48250258,129829369.82368262,113914437.53476015,141168372.7870351,120629263.0467526,123020849.27124763,122578192.68684015,128795524.97043756,127192122.7017751,142699266.7233401,109488951.81107005,109354881.80151255,101690976.74202257,139221477.28876007,105931223.89329259,121323456.39161266,121862388.29756266,130467253.67369509,107896550.49619514,106787435.47265263,122547072.0873101,127846756.86123511,105686284.97261757
2022-10-25,107359425.94216263,112349661.0672851,142123503.6044026,108196748.39994507,116481102.21395259,131210602.55190264,147285179.86304507,136396118.2288401,122109852.13490263,142473681.3880826,111776230.78691263,97578695.20797265,143098223.4190551,90681545.14467758,128116852.07713507,115776627.61298509,113957841.49082768,122553218.38709253,106883877.1239876,134422106.84453002,123159715.87853011,109885941.47663757,131173066.27752765,144604319.8222976,123767283.77920766,125163226.67026515,131853132.18865016,124370120.25261515,124795957.48250258,129829369.82368262,113914437.53476015,141168372.7870351,120629263.0467526,123020849.27124763,122578192.68684015,128795524.97043756,127192122.7017751,142699266.7233401,109488951.81107005,109354881.80151255,101690976.74202257,139221477.28876007,105931223.89329259,121323456.39161266,121862388.29756266,130467253.67369509,107896550.49619514,106787435.47265263,122547072.0873101,127846756.86123511,105686284.97261757
2022-10-26,107359425.94216263,112349661.0672851,142123503.6044026,108196748.39994507,116481102.21395259,131210602.55190264,147285179.86304507,136396118.2288401,122109852.13490263,142473681.3880826,111776230.78691263,97578695.20797265,143098223.4190551,90681545.14467758,128116852.07713507,115776627.61298509,113957841.49082768,122553218.38709253,106883877.1239876,134422106.84453002,123159715.87853011,109885941.47663757,131173066.27752765,144604319.8222976,123767283.77920766,125163226.67026515,131853132.18865016,124370120.25261515,124795957.48250258,129829369.82368262,113914437.53476015,141168372.7870351,120629263.0467526,123020849.27124763,122578192.68684015,128795524.97043756,127192122.7017751,142699266.7233401,109488951.81107005,109354881.80151255,101690976.74202257,139221477.28876007,105931223.89329259,121323456.39161266,121862388.29756266,130467253.67369509,107896550.49619514,106787435.47265263,122547072.0873101,127846756.86123511,105686284.97261757
2022-10-27,107359425.94216263,112349661.0672851,142123503.6044026,108196748.39994507,116481102.21395259,131210602.55190264,147285179.86304507,136396118.2288401,122109852.13490263,142473681.3880826,111776230.78691263,97578695.20797265,143098223.4190551,90681545.14467758,128116852.07713507,115776627.61298509,113957841.49082768,122553218.38709253,106883877.1239876,134422106.84453002,123159715.87853011,109885941.47663757,131173066.27752765,144604319.8222976,123767283.77920766,125163226.67026515,131853132.18865016,124370120.25261515,124795957.48250258,129829369.82368262,113914437.53476015,141168372.7870351,120629263.0467526,123020849.27124763,122578192.68684015,128795524.97043756,127192122.7017751,142699266.7233401,109488951.81107005,109354881.80151255,101690976.74202257,139221477.28876007,105931223.89329259,121323456.39161266,121862388.29756266,130467253.67369509,107896550.49619514,106787435.47265263,122547072.0873101,127846756.86123511,105686284.97261757
2022-10-28,107359425.94216263,112349661.0672851,142123503.6044026,108196748.39994507,116481102.21395259,131210602.55190264,147285179.86304507,136396118.2288401,122109852.13490263,142473681.3880826,111776230.78691263,97578695.20797265,143098223.4190551,90681545.14467758,128116852.07713507,115776627.61298509,113957841.49082768,122553218.38709253,106883877.1239876,134422106.84453002,123159715.87853011,109885941.47663757,131173066.27752765,144604319.8222976,123767283.77920766,125163226.67026515,131853132.18865016,124370120.25261515,124795957.48250258,129829369.82368262,113914437.53476015,141168372.7870351,120629263.0467526,123020849.27124763,122578192.68684015,128795524.97043756,127192122.7017751,142699266.7233401,109488951.81107005,109354881.80151255,101690976.74202257,139221477.28876007,105931223.89329259,121323456.39161266,121862388.29756266,130467253.67369509,107896550.49619514,106787435.47265263,122547072.0873101,127846756.86123511,105686284.97261757
2022-10-31,107359425.94216263,112349661.0672851,142123503.6044026,108196748.39994507,116481102.21395259,131210602.55190264,147285179.86304507,136396118.2288401,122109852.13490263,142473681.3880826,111776230.78691263,97578695.20797265,143098223.4190551,90681545.14467758,128116852.07713507,115776627.61298509,113957841.49082768,122553218.38709253,106883877.1239876,134422106.84453002,123159715.87853011,109885941.47663757,131173066.27752765,144604319.8222976,123767283.77920766,125163226.67026515,131853132.18865016,124370120.25261515,124795957.48250258,129829369.82368262,113914437.53476015,141168372.7870351,120629263.0467526,123020849.27124763,122578192.68684015,128795524.97043756,127192122.7017751,142699266.7233401,109488951.81107005,109354881.80151255,101690976.74202257,139221477.28876007,105931223.89329259,121323456.39161266,121862388.29756266,130467253.67369509,107896550.49619514,106787435.47265263,122547072.0873101,127846756.86123511,105686284.97261757
2022-11-01,107359425.94216263,112349661.0672851,142123503.6044026,108196748.39994507,116481102.21395259,131210602.55190264,147285179.86304507,136396118.2288401,122109852.13490263,142473681.3880826,111776230.78691263,97578695.20797265,143098223.4190551,90681545.14467758,128116852.07713507,115776627.61298509,113957841.49082768,122553218.38709253,106883877.1239876,134422106.84453002,123159715.87853011,109885941.47663757,131173066.27752765,144604319.8222976,123767283.77920766,125163226.67026515,131853132.18865016,124370120.25261515,124795957.48250258,129829369.82368262,113914437.53476015,141168372.7870351,120629263.0467526,123020849.27124763,122578192.68684015,128795524.97043756,127192122.7017751,142699266.7233401,109488951.81107005,109354881.80151255,101690976.74202257,139221477.28876007,105931223.89329259,121323456.39161266,121862388.29756266,130467253.67369509,107896550.49619514,106787435.47265263,122547072.0873101,127846756.86123511,105686284.97261757
2022-11-02,107359425.94216263,112349661.0672851,142123503.6044026,108196748.39994507,116481102.21395259,131210602.55190264,147285179.86304507,136396118.2288401,122109852.13490263,142473681.3880826,111776230.78691263,97578695.20797265,143098223.4190551,90681545.14467758,128116852.07713507,115776627.61298509,113957841.49082768,122553218.38709253,106883877.1239876,134422106.84453002,123159715.87853011,109885941.47663757,131173066.27752765,144604319.8222976,123767283.77920766,125163226.67026515,131853132.18865016,124370120.25261515,124795957.48250258,129829369.82368262,113914437.53476015,141168372.7870351,120629263.0467526,123020849.27124763,122578192.68684015,128795524.97043756,127192122.7017751,142699266.7233401,109488951.81107005,109354881.80151255,101690976.74202257,139221477.28876007,105931223.89329259,121323456.39161266,121862388.29756266,130467253.67369509,107896550.49619514,106787435.47265263,122547072.0873101,127846756.86123511,105686284.97261757
2022-11-03,107359425.94216263,112349661.0672851,142123503.6044026,108196748.39994507,116481102.21395259,131210602.55190264,147285179.86304507,136396118.2288401,122109852.13490263,142473681.3880826,111776230.78691263,97578695.20797265,143098223.4190551,90681545.14467758,128116852.07713507,115776627.61298509,113957841.49082768,122553218.38709253,106883877.1239876,134422106.84453002,123159715.87853011,109885941.47663757,131173066.27752765,144604319.8222976,123767283.77920766,125163226.67026515,131853132.18865016,124370120.25261515,124795957.48250258,129829369.82368262,113914437.53476015,141168372.7870351,120629263.0467526,123020849.27124763,122578192.68684015,128795524.97043756,127192122.7017751,142699266.7233401,109488951.81107005,109354881.80151255,101690976.74202257,139221477.28876007,105931223.89329259,121323456.39161266,121862388.29756266,130467253.67369509,107896550.49619514,106787435.47265263,122547072.0873101,127846756.86123511,105686284.97261757
2022-11-04,107359425.94216263,112349661.0672851,142123503.6044026,108196748.39994507,116481102.21395259,131210602.55190264,147285179.86304507,136396118.2288401,122109852.13490263,142473681.3880826,111776230.78691263,97578695.20797265,143098223.4190551,90681545.14467758,128116852.07713507,115776627.61298509,113957841.49082768,122553218.38709253,106883877.1239876,134422106.84453002,123159715.87853011,109885941.47663757,131173066.27752765,144604319.8222976,123767283.77920766,125163226.67026515,131853132.18865016,124370120.25261515,124795957.48250258,129829369.82368262,113914437.53476015,141168372.7870351,120629263.0467526,123020849.27124763,122578192.68684015,128795524.97043756,127192122.7017751,142699266.7233401,109488951.81107005,109354881.80151255,101690976.74202257,139221477.28876007,105931223.89329259,121323456.39161266,121862388.29756266,130467253.67369509,107896550.49619514,106787435.47265263,122547072.0873101,127846756.86123511,105686284.97261757
2022-11-07,107359425.94216263,112349661.0672851,142123503.6044026,108196748.39994507,116481102.21395259,131210602.55190264,147285179.86304507,136396118.2288401,122109852.13490263,142473681.3880826,111776230.78691263,97578695.20797265,143098223.4190551,90681545.14467758,128116852.07713507,115776627.61298509,113957841.49082768,122553218.38709253,106883877.1239876,134422106.84453002,123159715.87853011,109885941.47663757,131173066.27752765,144604319.8222976,123767283.77920766,125163226.67026515,131853132.18865016,124370120.25261515,124795957.48250258,129829369.82368262,113914437.53476015,141168372.7870351,120629263.0467526,123020849.27124763,122578192.68684015,128795524.97043756,127192122.7017751,142699266.7233401,109488951.81107005,109354881.80151255,101690976.74202257,139221477.28876007,105931223.89329259,121323456.39161266,121862388.29756266,130467253.67369509,107896550.49619514,106787435.47265263,122547072.0873101,127846756.86123511,105686284.97261757
2022-11-08,107359425.94216263,112349661.0672851,142123503.6044026,108196748.39994507,116481102.21395259,131210602.55190264,147285179.86304507,136396118.2288401,122109852.13490263,142473681.3880826,111776230.78691263,97578695.20797265,143098223.4190551,90681545.14467758,128116852.07713507,115776627.61298509,113957841.49082768,122553218.38709253,106883877.1239876,134422106.84453002,123159715.87853011,109885941.47663757,131173066.27752765,144604319.8222976,123767283.77920766,125163226.67026515,131853132.18865016,124370120.25261515,124795957.48250258,129829369.82368262,113914437.53476015,141168372.7870351,120629263.0467526,123020849.27124763,122578192.68684015,128795524.97043756,127192122.7017751,142699266.7233401,109488951.81107005,109354881.80151255,101690976.74202257,139221477.28876007,105931223.89329259,121323456.39161266,121862388.29756266,130467253.67369509,107896550.49619514,106787435.47265263,122547072.0873101,127846756.86123511,105686284.97261757
2022-11-09,107359425.94216263,112349661.0672851,142123503.6044026,108196748.39994507,116481102.21395259,131210602.55190264,147285179.86304507,136396118.2288401,122109852.13490263,142473681.3880826,111776230.78691263,97578695.20797265,143098223.4190551,90681545.14467758,128116852.07713507,115776627.61298509,113957841.49082768,122553218.38709253,106883877.1239876,134422106.84453002,123159715.87853011,109885941.47663757,131173066.27752765,144604319.8222976,123767283.77920766,125163226.67026515,131853132.18865016,124370120.25261515,124795957.48250258,129829369.82368262,113914437.53476015,141168372.7870351,120629263.0467526,123020849.27124763,122578192.68684015,128795524.97043756,127192122.7017751,142699266.7233401,109488951.81107005,109354881.80151255,101690976.74202257,139221477.28876007,105931223.89329259,121323456.39161266,121862388.29756266,130467253.67369509,107896550.49619514,106787435.47265263,122547072.0873101,127846756.86123511,105686284.97261757
2022-11-10,107359425.94216263,112349661.0672851,142123503.6044026,108196748.39994507,116481102.21395259,131210602.55190264,147285179.86304507,136396118.2288401,122109852.13490263,142473681.3880826,111776230.78691263,97578695.20797265,143098223.4190551,90681545.14467758,128116852.07713507,115776627.61298509,113957841.49082768,122553218.38709253,106883877.1239876,134422106.84453002,123159715.87853011,109885941.47663757,131173066.27752765,144604319.8222976,123767283.77920766,125163226.67026515,131853132.18865016,124370120.25261515,124795957.48250258,129829369.82368262,113914437.53476015,141168372.7870351,120629263.0467526,123020849.27124763,122578192.68684015,128795524.97043756,127192122.7017751,142699266.7233401,109488951.81107005,109354881.80151255,101690976.74202257,139221477.28876007,105931223.89329259,121323456.39161266,121862388.29756266,130467253.67369509,107896550.49619514,106787435.47265263,122547072.0873101,127846756.86123511,105686284.97261757
2022-11-11,107359425.94216263,112349661.0672851,142123503.6044026,108196748.39994507,116481102.21395259,131210602.55190264,147285179.86304507,136396118.2288401,122109852.13490263,142473681.3880826,111776230.78691263,97578695.20797265,143098223.4190551,90681545.14467758,128116852.07713507,115776627.61298509,113957841.49082768,122553218.38709253,106883877.1239876,134422106.84453002,123159715.87853011,109885941.47663757,131173066.27752765,144604319.8222976,123767283.77920766,125163226.67026515,131853132.18865016,124370120.25261515,124795957.48250258,129829369.82368262,113914437.53476015,141168372.7870351,120629263.0467526,123020849.27124763,122578192.68684015,128795524.97043756,127192122.7017751,142699266.7233401,109488951.81107005,109354881.80151255,101690976.74202257,139221477.28876007,105931223.89329259,121323456.39161266,121862388.29756266,130467253.67369509,107896550.49619514,106787435.47265263,122547072.0873101,127846756.86123511,105686284.97261757
2022-11-14,107359425.94216263,112349661.0672851,142123503.6044026,108196748.39994507,116481102.21395259,131210602.55190264,147285179.86304507,136396118.2288401,122109852.13490263,142473681.3880826,111776230.78691263,97578695.20797265,143098223.4190551,90681545.14467758,128116852.07713507,115776627.61298509,113957841.49082768,122553218.38709253,106883877.1239876,134422106.84453002,123159715.87853011,109885941.47663757,131173066.27752765,144604319.8222976,123767283.77920766,125163226.67026515,131853132.18865016,124370120.25261515,124795957.48250258,129829369.82368262,113914437.53476015,141168372.7870351,120629263.0467526,123020849.27124763,122578192.68684015,128795524.97043756,127192122.7017751,142699266.7233401,109488951.81107005,109354881.80151255,101690976.74202257,139221477.28876007,105931223.89329259,121323456.39161266,121862388.29756266,130467253.67369509,107896550.49619514,106787435.47265263,122547072.0873101,127846756.86123511,105686284.97261757
2022-11-15,107359425.94216263,112349661.0672851,142123503.6044026,108196748.39994507,116481102.21395259,131210602.55190264,147285179.86304507,136396118.2288401,122109852.13490263,142473681.3880826,111776230.78691263,97578695.20797265,143098223.4190551,90681545.14467758,128116852.07713507,115776627.61298509,113957841.49082768,122553218.38709253,106883877.1239876,134422106.84453002,123159715.87853011,109885941.47663757,131173066.27752765,144604319.8222976,123767283.77920766,125163226.67026515,131853132.18865016,124370120.25261515,124795957.48250258,129829369.82368262,113914437.53476015,141168372.7870351,120629263.0467526,123020849.27124763,122578192.68684015,128795524.97043756,127192122.7017751,142699266.7233401,109488951.81107005,109354881.80151255,101690976.74202257,139221477.28876007,105931223.89329259,121323456.39161266,121862388.29756266,130467253.67369509,107896550.49619514,106787435.47265263,122547072.0873101,127846756.86123511,105686284.97261757
2022-11-16,107359425.94216263,112349661.0672851,142123503.6044026,108196748.39994507,116481102.21395259,131210602.55190264,147285179.86304507,136396118.2288401,122109852.13490263,142473681.3880826,111776230.78691263,97578695.20797265,143098223.4190551,90681545.14467758,128116852.07713507,115776627.61298509,113957841.49082768,122553218.38709253,106883877.1239876,134422106.84453002,123159715.87853011,109885941.47663757,131173066.27752765,144604319.8222976,123767283.77920766,125163226.67026515,131853132.18865016,124370120.25261515,124795957.48250258,129829369.82368262,113914437.53476015,141168372.7870351,120629263.0467526,123020849.27124763,122578192.68684015,128795524.97043756,127192122.7017751,142699266.7233401,109488951.81107005,109354881.80151255,101690976.74202257,139221477.28876007,105931223.89329259,121323456.39161266,121862388.29756266,130467253.67369509,107896550.49619514,106787435.47265263,122547072.0873101,127846756.86123511,105686284.97261757
2022-11-17,107359425.94216263,112349661.0672851,142123503.6044026,108196748.39994507,116481102.21395259,131210602.55190264,147285179.86304507,136396118.2288401,122109852.13490263,142473681.3880826,111776230.78691263,97578695.20797265,143098223.4190551,90681545.14467758,128116852.07713507,115776627.61298509,113957841.49082768,122553218.38709253,106883877.1239876,134422106.84453002,123159715.87853011,109885941.47663757,131173066.27752765,144604319.8222976,123767283.77920766,125163226.67026515,131853132.18865016,124370120.25261515,124795957.48250258,129829369.82368262,113914437.53476015,141168372.7870351,120629263.0467526,123020849.27124763,122578192.68684015,128795524.97043756,127192122.7017751,142699266.7233401,109488951.81107005,109354881.80151255,101690976.74202257,139221477.28876007,105931223.89329259,121323456.39161266,121862388.29756266,130467253.67369509,107896550.49619514,106787435.47265263,122547072.0873101,127846756.86123511,105686284.97261757
2022-11-18,107359425.94216263,112349661.0672851,142123503.6044026,108196748.39994507,116481102.21395259,131210602.55190264,147285179.86304507,136396118.2288401,122109852.13490263,142473681.3880826,111776230.78691263,97578695.20797265,143098223.4190551,90681545.14467758,128116852.07713507,115776627.61298509,113957841.49082768,122553218.38709253,106883877.1239876,134422106.84453002,123159715.87853011,109885941.47663757,131173066.27752765,144604319.8222976,123767283.77920766,125163226.67026515,131853132.18865016,124370120.25261515,124795957.48250258,129829369.82368262,113914437.53476015,141168372.7870351,120629263.0467526,123020849.27124763,122578192.68684015,128795524.97043756,127192122.7017751,142699266.7233401,109488951.81107005,109354881.80151255,101690976.74202257,139221477.28876007,105931223.89329259,121323456.39161266,121862388.29756266,130467253.67369509,107896550.49619514,106787435.47265263,122547072.0873101,127846756.86123511,105686284.97261757
2022-11-21,107359425.94216263,112349661.0672851,142123503.6044026,108196748.39994507,116481102.21395259,131210602.55190264,147285179.86304507,136396118.2288401,122109852.13490263,142473681.3880826,111776230.78691263,97578695.20797265,143098223.4190551,90681545.14467758,128116852.07713507,115776627.61298509,113957841.49082768,122553218.38709253,106883877.1239876,134422106.84453002,123159715.87853011,109885941.47663757,131173066.27752765,144604319.8222976,123767283.77920766,125163226.67026515,131853132.18865016,124370120.25261515,124795957.48250258,129829369.82368262,113914437.53476015,141168372.7870351,120629263.0467526,123020849.27124763,122578192.68684015,128795524.97043756,127192122.7017751,142699266.7233401,109488951.81107005,109354881.80151255,101690976.74202257,139221477.28876007,105931223.89329259,121323456.39161266,121862388.29756266,130467253.67369509,107896550.49619514,106787435.47265263,122547072.0873101,127846756.86123511,105686284.97261757
2022-11-22,107359425.94216263,112349661.0672851,142123503.6044026,108196748.39994507,116481102.21395259,131210602.55190264,147285179.86304507,136396118.2288401,122109852.13490263,142473681.3880826,111776230.78691263,97578695.20797265,143098223.4190551,90681545.14467758,128116852.07713507,115776627.61298509,113957841.49082768,122553218.38709253,106883877.1239876,134422106.84453002,123159715.87853011,109885941.47663757,131173066.27752765,144604319.8222976,123767283.77920766,125163226.67026515,131853132.18865016,124370120.25261515,124795957.48250258,129829369.82368262,113914437.53476015,141168372.7870351,120629263.0467526,123020849.27124763,122578192.68684015,128795524.97043756,127192122.7017751,142699266.7233401,109488951.81107005,109354881.80151255,101690976.74202257,139221477.28876007,105931223.89329259,121323456.39161266,121862388.29756266,130467253.67369509,107896550.49619514,106787435.47265263,122547072.0873101,127846756.86123511,105686284.97261757
2022-11-23,107359425.94216263,112349661.0672851,142123503.6044026,108196748.39994507,116481102.21395259,131210602.55190264,147285179.86304507,136396118.2288401,122109852.13490263,142473681.3880826,111776230.78691263,97578695.20797265,143098223.4190551,90681545.14467758,128116852.07713507,115776627.61298509,113957841.49082768,122553218.38709253,106883877.1239876,134422106.84453002,123159715.87853011,109885941.47663757,131173066.27752765,144604319.8222976,123767283.77920766,125163226.67026515,131853132.18865016,124370120.25261515,124795957.48250258,129829369.82368262,113914437.53476015,141168372.7870351,120629263.0467526,123020849.27124763,122578192.68684015,128795524.97043756,127192122.7017751,142699266.7233401,109488951.81107005,109354881.80151255,101690976.74202257,139221477.28876007,105931223.89329259,121323456.39161266,121862388.29756266,130467253.67369509,107896550.49619514,106787435.47265263,122547072.0873101,127846756.86123511,105686284.97261757
2022-11-24,107359425.94216263,112349661.0672851,142123503.6044026,108196748.39994507,116481102.21395259,131210602.55190264,147285179.86304507,136396118.2288401,122109852.13490263,142473681.3880826,111776230.78691263,97578695.20797265,143098223.4190551,90681545.14467758,128116852.07713507,115776627.61298509,113957841.49082768,122553218.38709253,106883877.1239876,134422106.84453002,123159715.87853011,109885941.47663757,131173066.27752765,144604319.8222976,123767283.77920766,125163226.67026515,131853132.18865016,124370120.25261515,124795957.48250258,129829369.82368262,113914437.53476015,141168372.7870351,120629263.0467526,123020849.27124763,122578192.68684015,128795524.97043756,127192122.7017751,142699266.7233401,109488951.81107005,109354881.80151255,101690976.74202257,139221477.28876007,105931223.89329259,121323456.39161266,121862388.29756266,130467253.67369509,107896550.49619514,106787435.47265263,122547072.0873101,127846756.86123511,105686284.97261757
2022-11-25,107359425.94216263,112349661.0672851,142123503.6044026,108196748.39994507,116481102.21395259,131210602.55190264,147285179.86304507,136396118.2288401,122109852.13490263,142473681.3880826,111776230.78691263,97578695.20797265,143098223.4190551,90681545.14467758,128116852.07713507,115776627.61298509,113957841.49082768,122553218.38709253,106883877.1239876,134422106.84453002,123159715.87853011,109885941.47663757,131173066.27752765,144604319.8222976,123767283.77920766,125163226.67026515,131853132.18865016,124370120.25261515,124795957.48250258,129829369.82368262,113914437.53476015,141168372.7870351,120629263.0467526,123020849.27124763,122578192.68684015,128795524.97043756,127192122.7017751,142699266.7233401,109488951.81107005,109354881.80151255,101690976.74202257,139221477.28876007,105931223.89329259,121323456.39161266,121862388.29756266,130467253.67369509,107896550.49619514,106787435.47265263,122547072.0873101,127846756.86123511,105686284.97261757
2022-11-28,107359425.94216263,112349661.0672851,142123503.6044026,108196748.39994507,116481102.21395259,131210602.55190264,147285179.86304507,136396118.2288401,122109852.13490263,142473681.3880826,111776230.78691263,97578695.20797265,143098223.4190551,90681545.14467758,128116852.07713507,115776627.61298509,113957841.49082768,122553218.38709253,106883877.1239876,134422106.84453002,123159715.87853011,109885941.47663757,131173066.27752765,144604319.8222976,123767283.77920766,125163226.67026515,131853132.18865016,124370120.25261515,124795957.48250258,129829369.82368262,113914437.53476015,141168372.7870351,120629263.0467526,123020849.27124763,122578192.68684015,128795524.97043756,127192122.7017751,142699266.7233401,109488951.81107005,109354881.80151255,101690976.74202257,139221477.28876007,105931223.89329259,121323456.39161266,121862388.29756266,130467253.67369509,107896550.49619514,106787435.47265263,122547072.0873101,127846756.86123511,105686284.97261757
2022-11-29,107359425.94216263,112349661.0672851,142123503.6044026,108196748.39994507,116481102.21395259,131210602.55190264,147285179.86304507,136396118.2288401,122109852.13490263,142473681.3880826,111776230.78691263,97578695.20797265,143098223.4190551,90681545.14467758,128116852.07713507,115776627.61298509,113957841.49082768,122553218.38709253,106883877.1239876,134422106.84453002,123159715.87853011,109885941.47663757,131173066.27752765,144604319.8222976,123767283.77920766,125163226.67026515,131853132.18865016,124370120.25261515,124795957.48250258,129829369.82368262,113914437.53476015,141168372.7870351,120629263.0467526,123020849.27124763,122578192.68684015,128795524.97043756,127192122.7017751,142699266.7233401,109488951.81107005,109354881.80151255,101690976.74202257,139221477.28876007,105931223.89329259,121323456.39161266,121862388.29756266,130467253.67369509,107896550.49619514,106787435.47265263,122547072.0873101,127846756.86123511,105686284.97261757
2022-11-30,107359425.94216263,112349661.0672851,142123503.6044026,108196748.39994507,116481102.21395259,131210602.55190264,147285179.86304507,136396118.2288401,122109852.13490263,142473681.3880826,111776230.78691263,97578695.20797265,143098223.4190551,90681545.14467758,128116852.07713507,115776627.61298509,113957841.49082768,122553218.38709253,106883877.1239876,134422106.84453002,123159715.87853011,109885941.47663757,131173066.27752765,144604319.8222976,123767283.77920766,125163226.67026515,131853132.18865016,124370120.25261515,124795957.48250258,129829369.82368262,113914437.53476015,141168372.7870351,120629263.0467526,123020849.27124763,122578192.68684015,128795524.97043756,127192122.7017751,142699266.7233401,109488951.81107005,109354881.80151255,101690976.74202257,139221477.28876007,105931223.89329259,121323456.39161266,121862388.29756266,130467253.67369509,107896550.49619514,106787435.47265263,122547072.0873101,127846756.86123511,105686284.97261757
2022-12-01,107359425.94216263,112349661.0672851,142123503.6044026,108196748.39994507,116481102.21395259,131210602.55190264,147285179.86304507,136396118.2288401,122109852.13490263,142473681.3880826,111776230.78691263,97578695.20797265,143098223.4190551,90681545.14467758,128116852.07713507,115776627.61298509,113957841.49082768,122553218.38709253,106883877.1239876,134422106.84453002,123159715.87853011,109885941.47663757,131173066.27752765,144604319.8222976,123767283.77920766,125163226.67026515,131853132.18865016,124370120.25261515,124795957.48250258,129829369.82368262,113914437.53476015,141168372.7870351,120629263.0467526,123020849.27124763,122578192.68684015,128795524.97043756,127192122.7017751,142699266.7233401,109488951.81107005,109354881.80151255,101690976.74202257,139221477.28876007,105931223.89329259,121323456.39161266,121862388.29756266,130467253.67369509,107896550.49619514,106787435.47265263,122547072.0873101,127846756.86123511,105686284.97261757
2022-12-02,107359425.94216263,112349661.0672851,142123503.6044026,108196748.39994507,116481102.21395259,131210602.55190264,147285179.86304507,136396118.2288401,122109852.13490263,142473681.3880826,111776230.78691263,97578695.20797265,143098223.4190551,90681545.14467758,128116852.07713507,115776627.61298509,113957841.49082768,122553218.38709253,106883877.1239876,134422106.84453002,123159715.87853011,109885941.47663757,131173066.27752765,144604319.8222976,123767283.77920766,125163226.67026515,131853132.18865016,124370120.25261515,124795957.48250258,129829369.82368262,113914437.53476015,141168372.7870351,120629263.0467526,123020849.27124763,122578192.68684015,128795524.97043756,127192122.7017751,142699266.7233401,109488951.81107005,109354881.80151255,101690976.74202257,139221477.28876007,105931223.89329259,121323456.39161266,121862388.29756266,130467253.67369509,107896550.49619514,106787435.47265263,122547072.0873101,127846756.86123511,105686284.97261757
2022-12-05,107359425.94216263,112349661.0672851,142123503.6044026,108196748.39994507,116481102.21395259,131210602.55190264,147285179.86304507,136396118.2288401,122109852.13490263,142473681.3880826,111776230.78691263,97578695.20797265,143098223.4190551,90681545.14467758,128116852.07713507,115776627.61298509,113957841.49082768,122553218.38709253,106883877.1239876,134422106.84453002,123159715.87853011,109885941.47663757,131173066.27752765,144604319.8222976,123767283.77920766,125163226.67026515,131853132.18865016,124370120.25261515,124795957.48250258,129829369.82368262,113914437.53476015,141168372.7870351,120629263.0467526,123020849.27124763,122578192.68684015,128795524.97043756,127192122.7017751,142699266.7233401,109488951.81107005,109354881.80151255,101690976.74202257,139221477.28876007,105931223.89329259,121323456.39161266,121862388.29756266,130467253.67369509,107896550.49619514,106787435.47265263,122547072.0873101,127846756.86123511,105686284.97261757
2022-12-06,107359425.94216263,112349661.0672851,142123503.6044026,108196748.39994507,116481102.21395259,131210602.55190264,147285179.86304507,136396118.2288401,122109852.13490263,142473681.3880826,111776230.78691263,97578695.20797265,143098223.4190551,90681545.14467758,128116852.07713507,115776627.61298509,113957841.49082768,122553218.38709253,106883877.1239876,134422106.84453002,123159715.87853011,109885941.47663757,131173066.27752765,144604319.8222976,123767283.77920766,125163226.67026515,131853132.18865016,124370120.25261515,124795957.48250258,129829369.82368262,113914437.53476015,141168372.7870351,120629263.0467526,123020849.27124763,122578192.68684015,128795524.97043756,127192122.7017751,142699266.7233401,109488951.81107005,109354881.80151255,101690976.74202257,139221477.28876007,105931223.89329259,121323456.39161266,121862388.29756266,130467253.67369509,107896550.49619514,106787435.47265263,122547072.0873101,127846756.86123511,105686284.97261757
2022-12-07,107359425.94216263,112349661.0672851,142123503.6044026,108196748.39994507,116481102.21395259,131210602.55190264,147285179.86304507,136396118.2288401,122109852.13490263,142473681.3880826,111776230.78691263,97578695.20797265,143098223.4190551,90681545.14467758,128116852.07713507,115776627.61298509,113957841.49082768,122553218.38709253,106883877.1239876,134422106.84453002,123159715.87853011,109885941.47663757,131173066.27752765,144604319.8222976,123767283.77920766,125163226.67026515,131853132.18865016,124370120.25261515,124795957.48250258,129829369.82368262,113914437.53476015,141168372.7870351,120629263.0467526,123020849.27124763,122578192.68684015,128795524.97043756,127192122.7017751,142699266.7233401,109488951.81107005,109354881.80151255,101690976.74202257,139221477.28876007,105931223.89329259,121323456.39161266,121862388.29756266,130467253.67369509,107896550.49619514,106787435.47265263,122547072.0873101,127846756.86123511,105686284.97261757
2022-12-08,107359425.94216263,112349661.0672851,142123503.6044026,108196748.39994507,116481102.21395259,131210602.55190264,147285179.86304507,136396118.2288401,122109852.13490263,142473681.3880826,111776230.78691263,97578695.20797265,143098223.4190551,90681545.14467758,128116852.07713507,115776627.61298509,113957841.49082768,122553218.38709253,106883877.1239876,134422106.84453002,123159715.87853011,109885941.47663757,131173066.27752765,144604319.8222976,123767283.77920766,125163226.67026515,131853132.18865016,124370120.25261515,124795957.48250258,129829369.82368262,113914437.53476015,141168372.7870351,120629263.0467526,123020849.27124763,122578192.68684015,128795524.97043756,127192122.7017751,142699266.7233401,109488951.81107005,109354881.80151255,101690976.74202257,139221477.28876007,105931223.89329259,121323456.39161266,121862388.29756266,130467253.67369509,107896550.49619514,106787435.47265263,122547072.0873101,127846756.86123511,105686284.97261757
2022-12-09,107359425.94216263,112349661.0672851,142123503.6044026,108196748.39994507,116481102.21395259,131210602.55190264,147285179.86304507,136396118.2288401,122109852.13490263,142473681.3880826,111776230.78691263,97578695.20797265,143098223.4190551,90681545.14467758,128116852.07713507,115776627.61298509,113957841.49082768,122553218.38709253,106883877.1239876,134422106.84453002,123159715.87853011,109885941.47663757,131173066.27752765,144604319.8222976,123767283.77920766,125163226.67026515,131853132.18865016,124370120.25261515,124795957.48250258,129829369.82368262,113914437.53476015,141168372.7870351,120629263.0467526,123020849.27124763,122578192.68684015,128795524.97043756,127192122.7017751,142699266.7233401,109488951.81107005,109354881.80151255,101690976.74202257,139221477.28876007,105931223.89329259,121323456.39161266,121862388.29756266,130467253.67369509,107896550.49619514,106787435.47265263,122547072.0873101,127846756.86123511,105686284.97261757
2022-12-12,107359425.94216263,112349661.0672851,142123503.6044026,108196748.39994507,116481102.21395259,131210602.55190264,147285179.86304507,136396118.2288401,122109852.13490263,142473681.3880826,111776230.78691263,97578695.20797265,143098223.4190551,90681545.14467758,128116852.07713507,115776627.61298509,113957841.49082768,122553218.38709253,106883877.1239876,134422106.84453002,123159715.87853011,109885941.47663757,131173066.27752765,144604319.8222976,123767283.77920766,125163226.67026515,131853132.18865016,124370120.25261515,124795957.48250258,129829369.82368262,113914437.53476015,141168372.7870351,120629263.0467526,123020849.27124763,122578192.68684015,128795524.97043756,127192122.7017751,142699266.7233401,109488951.81107005,109354881.80151255,101690976.74202257,139221477.28876007,105931223.89329259,121323456.39161266,121862388.29756266,130467253.67369509,107896550.49619514,106787435.47265263,122547072.0873101,127846756.86123511,105686284.97261757
2022-12-13,107359425.94216263,112349661.0672851,142123503.6044026,108196748.39994507,116481102.21395259,131210602.55190264,147285179.86304507,136396118.2288401,122109852.13490263,142473681.3880826,111776230.78691263,97578695.20797265,143098223.4190551,90681545.14467758,128116852.07713507,115776627.61298509,113957841.49082768,122553218.38709253,106883877.1239876,134422106.84453002,123159715.87853011,109885941.47663757,131173066.27752765,144604319.8222976,123767283.77920766,125163226.67026515,131853132.18865016,124370120.25261515,124795957.48250258,129829369.82368262,113914437.53476015,141168372.7870351,120629263.0467526,123020849.27124763,122578192.68684015,128795524.97043756,127192122.7017751,142699266.7233401,109488951.81107005,109354881.80151255,101690976.74202257,139221477.28876007,105931223.89329259,121323456.39161266,121862388.29756266,130467253.67369509,107896550.49619514,106787435.47265263,122547072.0873101,127846756.86123511,105686284.97261757
2022-12-14,107359425.94216263,112349661.0672851,142123503.6044026,108196748.39994507,116481102.21395259,131210602.55190264,147285179.86304507,136396118.2288401,122109852.13490263,142473681.3880826,111776230.78691263,97578695.20797265,143098223.4190551,90681545.14467758,128116852.07713507,115776627.61298509,113957841.49082768,122553218.38709253,106883877.1239876,134422106.84453002,123159715.87853011,109885941.47663757,131173066.27752765,144604319.8222976,123767283.77920766,125163226.67026515,131853132.18865016,124370120.25261515,124795957.48250258,129829369.82368262,113914437.53476015,141168372.7870351,120629263.0467526,123020849.27124763,122578192.68684015,128795524.97043756,127192122.7017751,142699266.7233401,109488951.81107005,109354881.80151255,101690976.74202257,139221477.28876007,105931223.89329259,121323456.39161266,121862388.29756266,130467253.67369509,107896550.49619514,106787435.47265263,122547072.0873101,127846756.86123511,105686284.97261757
2022-12-15,107359425.94216263,112349661.0672851,142123503.6044026,108196748.39994507,116481102.21395259,131210602.55190264,147285179.86304507,136396118.2288401,122109852.13490263,142473681.3880826,111776230.78691263,97578695.20797265,143098223.4190551,90681545.14467758,128116852.07713507,115776627.61298509,113957841.49082768,122553218.38709253,106883877.1239876,134422106.84453002,123159715.87853011,109885941.47663757,131173066.27752765,144604319.8222976,123767283.77920766,125163226.67026515,131853132.18865016,124370120.25261515,124795957.48250258,129829369.82368262,113914437.53476015,141168372.7870351,120629263.0467526,123020849.27124763,122578192.68684015,128795524.97043756,127192122.7017751,142699266.7233401,109488951.81107005,109354881.80151255,101690976.74202257,139221477.28876007,105931223.89329259,121323456.39161266,121862388.29756266,130467253.67369509,107896550.49619514,106787435.47265263,122547072.0873101,127846756.86123511,105686284.97261757
2022-12-16,107359425.94216263,112349661.0672851,142123503.6044026,108196748.39994507,116481102.21395259,131210602.55190264,147285179.86304507,136396118.2288401,122109852.13490263,142473681.3880826,111776230.78691263,97578695.20797265,143098223.4190551,90681545.14467758,128116852.07713507,115776627.61298509,113957841.49082768,122553218.38709253,106883877.1239876,134422106.84453002,123159715.87853011,109885941.47663757,131173066.27752765,144604319.8222976,123767283.77920766,125163226.67026515,131853132.18865016,124370120.25261515,124795957.48250258,129829369.82368262,113914437.53476015,141168372.7870351,120629263.0467526,123020849.27124763,122578192.68684015,128795524.97043756,127192122.7017751,142699266.7233401,109488951.81107005,109354881.80151255,101690976.74202257,139221477.28876007,105931223.89329259,121323456.39161266,121862388.29756266,130467253.67369509,107896550.49619514,106787435.47265263,122547072.0873101,127846756.86123511,105686284.97261757
2022-12-19,107359425.94216263,112349661.0672851,142123503.6044026,108196748.39994507,116481102.21395259,131210602.55190264,147285179.86304507,136396118.2288401,122109852.13490263,142473681.3880826,111776230.78691263,97578695.20797265,143098223.4190551,90681545.14467758,128116852.07713507,115776627.61298509,113957841.49082768,122553218.38709253,106883877.1239876,134422106.84453002,123159715.87853011,109885941.47663757,131173066.27752765,144604319.8222976,123767283.77920766,125163226.67026515,131853132.18865016,124370120.25261515,124795957.48250258,129829369.82368262,113914437.53476015,141168372.7870351,120629263.0467526,123020849.27124763,122578192.68684015,128795524.97043756,127192122.7017751,142699266.7233401,109488951.81107005,109354881.80151255,101690976.74202257,139221477.28876007,105931223.89329259,121323456.39161266,121862388.29756266,130467253.67369509,107896550.49619514,106787435.47265263,122547072.0873101,127846756.86123511,105686284.97261757
2022-12-20,107359425.94216263,112349661.0672851,142123503.6044026,108196748.39994507,116481102.21395259,131210602.55190264,147285179.86304507,136396118.2288401,122109852.13490263,142473681.3880826,111776230.78691263,97578695.20797265,143098223.4190551,90681545.14467758,128116852.07713507,115776627.61298509,113957841.49082768,122553218.38709253,106883877.1239876,134422106.84453002,123159715.87853011,109885941.47663757,131173066.27752765,144604319.8222976,123767283.77920766,125163226.67026515,131853132.18865016,124370120.25261515,124795957.48250258,129829369.82368262,113914437.53476015,141168372.7870351,120629263.0467526,123020849.27124763,122578192.68684015,128795524.97043756,127192122.7017751,142699266.7233401,109488951.81107005,109354881.80151255,101690976.74202257,139221477.28876007,105931223.89329259,121323456.39161266,121862388.29756266,130467253.67369509,107896550.49619514,106787435.47265263,122547072.0873101,127846756.86123511,105686284.97261757
2022-12-21,107359425.94216263,112349661.0672851,142123503.6044026,108196748.39994507,116481102.21395259,131210602.55190264,147285179.86304507,136396118.2288401,122109852.13490263,142473681.3880826,111776230.78691263,97578695.20797265,143098223.4190551,90681545.14467758,128116852.07713507,115776627.61298509,113957841.49082768,122553218.38709253,106883877.1239876,134422106.84453002,123159715.87853011,109885941.47663757,131173066.27752765,144604319.8222976,123767283.77920766,125163226.67026515,131853132.18865016,124370120.25261515,124795957.48250258,129829369.82368262,113914437.53476015,141168372.7870351,120629263.0467526,123020849.27124763,122578192.68684015,128795524.97043756,127192122.7017751,142699266.7233401,109488951.81107005,109354881.80151255,101690976.74202257,139221477.28876007,105931223.89329259,121323456.39161266,121862388.29756266,130467253.67369509,107896550.49619514,106787435.47265263,122547072.0873101,127846756.86123511,105686284.97261757
2022-12-22,107359425.94216263,112349661.0672851,142123503.6044026,108196748.39994507,116481102.21395259,131210602.55190264,147285179.86304507,136396118.2288401,122109852.13490263,142473681.3880826,111776230.78691263,97578695.20797265,143098223.4190551,90681545.14467758,128116852.07713507,115776627.61298509,113957841.49082768,122553218.38709253,106883877.1239876,134422106.84453002,123159715.87853011,109885941.47663757,131173066.27752765,144604319.8222976,123767283.77920766,125163226.67026515,131853132.18865016,124370120.25261515,124795957.48250258,129829369.82368262,113914437.53476015,141168372.7870351,120629263.0467526,123020849.27124763,122578192.68684015,128795524.97043756,127192122.7017751,142699266.7233401,109488951.81107005,109354881.80151255,101690976.74202257,139221477.28876007,105931223.89329259,121323456.39161266,121862388.29756266,130467253.67369509,107896550.49619514,106787435.47265263,122547072.0873101,127846756.86123511,105686284.97261757
2022-12-23,107359425.94216263,112349661.0672851,142123503.6044026,108196748.39994507,116481102.21395259,131210602.55190264,147285179.86304507,136396118.2288401,122109852.13490263,142473681.3880826,111776230.78691263,97578695.20797265,143098223.4190551,90681545.14467758,128116852.07713507,115776627.61298509,113957841.49082768,122553218.38709253,106883877.1239876,134422106.84453002,123159715.87853011,109885941.47663757,131173066.27752765,144604319.8222976,123767283.77920766,125163226.67026515,131853132.18865016,124370120.25261515,124795957.48250258,129829369.82368262,113914437.53476015,141168372.7870351,120629263.0467526,123020849.27124763,122578192.68684015,128795524.97043756,127192122.7017751,142699266.7233401,109488951.81107005,109354881.80151255,101690976.74202257,139221477.28876007,105931223.89329259,121323456.39161266,121862388.29756266,130467253.67369509,107896550.49619514,106787435.47265263,122547072.0873101,127846756.86123511,105686284.97261757
2022-12-26,107359425.94216263,112349661.0672851,142123503.6044026,108196748.39994507,116481102.21395259,131210602.55190264,147285179.86304507,136396118.2288401,122109852.13490263,142473681.3880826,111776230.78691263,97578695.20797265,143098223.4190551,90681545.14467758,128116852.07713507,115776627.61298509,113957841.49082768,122553218.38709253,106883877.1239876,134422106.84453002,123159715.87853011,109885941.47663757,131173066.27752765,144604319.8222976,123767283.77920766,125163226.67026515,131853132.18865016,124370120.25261515,124795957.48250258,129829369.82368262,113914437.53476015,141168372.7870351,120629263.0467526,123020849.27124763,122578192.68684015,128795524.97043756,127192122.7017751,142699266.7233401,109488951.81107005,109354881.80151255,101690976.74202257,139221477.28876007,105931223.89329259,121323456.39161266,121862388.29756266,130467253.67369509,107896550.49619514,106787435.47265263,122547072.0873101,127846756.86123511,105686284.97261757
2022-12-27,107359425.94216263,112349661.0672851,142123503.6044026,108196748.39994507,116481102.21395259,131210602.55190264,147285179.86304507,136396118.2288401,122109852.13490263,142473681.3880826,111776230.78691263,97578695.20797265,143098223.4190551,90681545.14467758,128116852.07713507,115776627.61298509,113957841.49082768,122553218.38709253,106883877.1239876,134422106.84453002,123159715.87853011,109885941.47663757,131173066.27752765,144604319.8222976,123767283.77920766,125163226.67026515,131853132.18865016,124370120.25261515,124795957.48250258,129829369.82368262,113914437.53476015,141168372.7870351,120629263.0467526,123020849.27124763,122578192.68684015,128795524.97043756,127192122.7017751,142699266.7233401,109488951.81107005,109354881.80151255,101690976.74202257,139221477.28876007,105931223.89329259,121323456.39161266,121862388.29756266,130467253.67369509,107896550.49619514,106787435.47265263,122547072.0873101,127846756.86123511,105686284.97261757
2022-12-28,107359425.94216263,112349661.0672851,142123503.6044026,108196748.39994507,116481102.21395259,131210602.55190264,147285179.86304507,136396118.2288401,122109852.13490263,142473681.3880826,111776230.78691263,97578695.20797265,143098223.4190551,90681545.14467758,128116852.07713507,115776627.61298509,113957841.49082768,122553218.38709253,106883877.1239876,134422106.84453002,123159715.87853011,109885941.47663757,131173066.27752765,144604319.8222976,123767283.77920766,125163226.67026515,131853132.18865016,124370120.25261515,124795957.48250258,129829369.82368262,113914437.53476015,141168372.7870351,120629263.0467526,123020849.27124763,122578192.68684015,128795524.97043756,127192122.7017751,142699266.7233401,109488951.81107005,109354881.80151255,101690976.74202257,139221477.28876007,105931223.89329259,121323456.39161266,121862388.29756266,130467253.67369509,107896550.49619514,106787435.47265263,122547072.0873101,127846756.86123511,105686284.97261757
2022-12-29,107359425.94216263,112349661.0672851,142123503.6044026,108196748.39994507,116481102.21395259,131210602.55190264,147285179.86304507,136396118.2288401,122109852.13490263,142473681.3880826,111776230.78691263,97578695.20797265,143098223.4190551,90681545.14467758,128116852.07713507,115776627.61298509,113957841.49082768,122553218.38709253,106883877.1239876,134422106.84453002,123159715.87853011,109885941.47663757,131173066.27752765,144604319.8222976,123767283.77920766,125163226.67026515,131853132.18865016,124370120.25261515,124795957.48250258,129829369.82368262,113914437.53476015,141168372.7870351,120629263.0467526,123020849.27124763,122578192.68684015,128795524.97043756,127192122.7017751,142699266.7233401,109488951.81107005,109354881.80151255,101690976.74202257,139221477.28876007,105931223.89329259,121323456.39161266,121862388.29756266,130467253.67369509,107896550.49619514,106787435.47265263,122547072.0873101,127846756.86123511,105686284.97261757
2022-12-30,107359425.94216263,112349661.0672851,142123503.6044026,108196748.39994507,116481102.21395259,131210602.55190264,147285179.86304507,136396118.2288401,122109852.13490263,142473681.3880826,111776230.78691263,97578695.20797265,143098223.4190551,90681545.14467758,128116852.07713507,115776627.61298509,113957841.49082768,122553218.38709253,106883877.1239876,134422106.84453002,123159715.87853011,109885941.47663757,131173066.27752765,144604319.8222976,123767283.77920766,125163226.67026515,131853132.18865016,124370120.25261515,124795957.48250258,129829369.82368262,113914437.53476015,141168372.7870351,120629263.0467526,123020849.27124763,122578192.68684015,128795524.97043756,127192122.7017751,142699266.7233401,109488951.81107005,109354881.80151255,101690976.74202257,139221477.28876007,105931223.89329259,121323456.39161266,121862388.29756266,130467253.67369509,107896550.49619514,106787435.47265263,122547072.0873101,127846756.86123511,105686284.97261757
2023-01-03,107359425.94216263,112349661.0672851,142123503.6044026,108196748.39994507,116481102.21395259,131210602.55190264,147285179.86304507,136396118.2288401,122109852.13490263,142473681.3880826,111776230.78691263,97578695.20797265,143098223.4190551,90681545.14467758,128116852.07713507,115776627.61298509,113957841.49082768,122553218.38709253,106883877.1239876,134422106.84453002,123159715.87853011,109885941.47663757,131173066.27752765,144604319.8222976,123767283.77920766,125163226.67026515,131853132.18865016,124370120.25261515,124795957.48250258,129829369.82368262,113914437.53476015,141168372.7870351,120629263.0467526,123020849.27124763,122578192.68684015,128795524.97043756,127192122.7017751,142699266.7233401,109488951.81107005,109354881.80151255,101690976.74202257,139221477.28876007,105931223.89329259,121323456.39161266,121862388.29756266,130467253.67369509,107896550.49619514,106787435.47265263,122547072.0873101,127846756.86123511,105686284.97261757
2023-01-04,107359425.94216263,112349661.0672851,142123503.6044026,108196748.39994507,116481102.21395259,131210602.55190264,147285179.86304507,136396118.2288401,122109852.13490263,142473681.3880826,111776230.78691263,97578695.20797265,143098223.4190551,90681545.14467758,128116852.07713507,115776627.61298509,113957841.49082768,122553218.38709253,106883877.1239876,134422106.84453002,123159715.87853011,109885941.47663757,131173066.27752765,144604319.8222976,123767283.77920766,125163226.67026515,131853132.18865016,124370120.25261515,124795957.48250258,129829369.82368262,113914437.53476015,141168372.7870351,120629263.0467526,123020849.27124763,122578192.68684015,128795524.97043756,127192122.7017751,142699266.7233401,109488951.81107005,109354881.80151255,101690976.74202257,139221477.28876007,105931223.89329259,121323456.39161266,121862388.29756266,130467253.67369509,107896550.49619514,106787435.47265263,122547072.0873101,127846756.86123511,105686284.97261757
2023-01-05,107359425.94216263,112349661.0672851,142123503.6044026,108196748.39994507,116481102.21395259,131210602.55190264,147285179.86304507,136396118.2288401,122109852.13490263,142473681.3880826,111776230.78691263,97578695.20797265,143098223.4190551,90681545.14467758,128116852.07713507,115776627.61298509,113957841.49082768,122553218.38709253,106883877.1239876,134422106.84453002,123159715.87853011,109885941.47663757,131173066.27752765,144604319.8222976,123767283.77920766,125163226.67026515,131853132.18865016,124370120.25261515,124795957.48250258,129829369.82368262,113914437.53476015,141168372.7870351,120629263.0467526,123020849.27124763,122578192.68684015,128795524.97043756,127192122.7017751,142699266.7233401,109488951.81107005,109354881.80151255,101690976.74202257,139221477.28876007,105931223.89329259,121323456.39161266,121862388.29756266,130467253.67369509,107896550.49619514,106787435.47265263,122547072.0873101,127846756.86123511,105686284.97261757
2023-01-06,107359425.94216263,112349661.0672851,142123503.6044026,108196748.39994507,116481102.21395259,131210602.55190264,147285179.86304507,136396118.2288401,122109852.13490263,142473681.3880826,111776230.78691263,97578695.20797265,143098223.4190551,90681545.14467758,128116852.07713507,115776627.61298509,113957841.49082768,122553218.38709253,106883877.1239876,134422106.84453002,123159715.87853011,109885941.47663757,131173066.27752765,144604319.8222976,123767283.77920766,125163226.67026515,131853132.18865016,124370120.25261515,124795957.48250258,129829369.82368262,113914437.53476015,141168372.7870351,120629263.0467526,123020849.27124763,122578192.68684015,128795524.97043756,127192122.7017751,142699266.7233401,109488951.81107005,109354881.80151255,101690976.74202257,139221477.28876007,105931223.89329259,121323456.39161266,121862388.29756266,130467253.67369509,107896550.49619514,106787435.47265263,122547072.0873101,127846756.86123511,105686284.97261757
2023-01-09,107359425.94216263,112349661.0672851,142123503.6044026,108196748.39994507,116481102.21395259,131210602.55190264,147285179.86304507,136396118.2288401,122109852.13490263,142473681.3880826,111776230.78691263,97578695.20797265,143098223.4190551,90681545.14467758,128116852.07713507,115776627.61298509,113957841.49082768,122553218.38709253,106883877.1239876,134422106.84453002,123159715.87853011,109885941.47663757,131173066.27752765,144604319.8222976,123767283.77920766,125163226.67026515,131853132.18865016,124370120.25261515,124795957.48250258,129829369.82368262,113914437.53476015,141168372.7870351,120629263.0467526,123020849.27124763,122578192.68684015,128795524.97043756,127192122.7017751,142699266.7233401,109488951.81107005,109354881.80151255,101690976.74202257,139221477.28876007,105931223.89329259,121323456.39161266,121862388.29756266,130467253.67369509,107896550.49619514,106787435.47265263,122547072.0873101,127846756.86123511,105686284.97261757
2023-01-10,107359425.94216263,112349661.0672851,142123503.6044026,108196748.39994507,116481102.21395259,131210602.55190264,147285179.86304507,136396118.2288401,122109852.13490263,142473681.3880826,111776230.78691263,97578695.20797265,143098223.4190551,90681545.14467758,128116852.07713507,115776627.61298509,113957841.49082768,122553218.38709253,106883877.1239876,134422106.84453002,123159715.87853011,109885941.47663757,131173066.27752765,144604319.8222976,123767283.77920766,125163226.67026515,131853132.18865016,124370120.25261515,124795957.48250258,129829369.82368262,113914437.53476015,141168372.7870351,120629263.0467526,123020849.27124763,122578192.68684015,128795524.97043756,127192122.7017751,142699266.7233401,109488951.81107005,109354881.80151255,101690976.74202257,139221477.28876007,105931223.89329259,121323456.39161266,121862388.29756266,130467253.67369509,107896550.49619514,106787435.47265263,122547072.0873101,127846756.86123511,105686284.97261757
2023-01-11,107359425.94216263,112349661.0672851,142123503.6044026,108196748.39994507,116481102.21395259,131210602.55190264,147285179.86304507,136396118.2288401,122109852.13490263,142473681.3880826,111776230.78691263,97578695.20797265,143098223.4190551,90681545.14467758,128116852.07713507,115776627.61298509,113957841.49082768,122553218.38709253,106883877.1239876,134422106.84453002,123159715.87853011,109885941.47663757,131173066.27752765,144604319.8222976,123767283.77920766,125163226.67026515,131853132.18865016,124370120.25261515,124795957.48250258,129829369.82368262,113914437.53476015,141168372.7870351,120629263.0467526,123020849.27124763,122578192.68684015,128795524.97043756,127192122.7017751,142699266.7233401,109488951.81107005,109354881.80151255,101690976.74202257,139221477.28876007,105931223.89329259,121323456.39161266,121862388.29756266,130467253.67369509,107896550.49619514,106787435.47265263,122547072.0873101,127846756.86123511,105686284.97261757
2023-01-12,107359425.94216263,112349661.0672851,142123503.6044026,108196748.39994507,116481102.21395259,131210602.55190264,147285179.86304507,136396118.2288401,122109852.13490263,142473681.3880826,111776230.78691263,97578695.20797265,143098223.4190551,90681545.14467758,128116852.07713507,115776627.61298509,113957841.49082768,122553218.38709253,106883877.1239876,134422106.84453002,123159715.87853011,109885941.47663757,131173066.27752765,144604319.8222976,123767283.77920766,125163226.67026515,131853132.18865016,124370120.25261515,124795957.48250258,129829369.82368262,113914437.53476015,141168372.7870351,120629263.0467526,123020849.27124763,122578192.68684015,128795524.97043756,127192122.7017751,142699266.7233401,109488951.81107005,109354881.80151255,101690976.74202257,139221477.28876007,105931223.89329259,121323456.39161266,121862388.29756266,130467253.67369509,107896550.49619514,106787435.47265263,122547072.0873101,127846756.86123511,105686284.97261757
2023-01-13,107359425.94216263,112349661.0672851,142123503.6044026,108196748.39994507,116481102.21395259,131210602.55190264,147285179.86304507,136396118.2288401,122109852.13490263,142473681.3880826,111776230.78691263,97578695.20797265,143098223.4190551,90681545.14467758,128116852.07713507,115776627.61298509,113957841.49082768,122553218.38709253,106883877.1239876,134422106.84453002,123159715.87853011,109885941.47663757,131173066.27752765,144604319.8222976,123767283.77920766,125163226.67026515,131853132.18865016,124370120.25261515,124795957.48250258,129829369.82368262,113914437.53476015,141168372.7870351,120629263.0467526,123020849.27124763,122578192.68684015,128795524.97043756,127192122.7017751,142699266.7233401,109488951.81107005,109354881.80151255,101690976.74202257,139221477.28876007,105931223.89329259,121323456.39161266,121862388.29756266,130467253.67369509,107896550.49619514,106787435.47265263,122547072.0873101,127846756.86123511,105686284.97261757
2023-01-16,107359425.94216263,112349661.0672851,142123503.6044026,108196748.39994507,116481102.21395259,131210602.55190264,147285179.86304507,136396118.2288401,122109852.13490263,142473681.3880826,111776230.78691263,97578695.20797265,143098223.4190551,90681545.14467758,128116852.07713507,115776627.61298509,113957841.49082768,122553218.38709253,106883877.1239876,134422106.84453002,123159715.87853011,109885941.47663757,131173066.27752765,144604319.8222976,123767283.77920766,125163226.67026515,131853132.18865016,124370120.25261515,124795957.48250258,129829369.82368262,113914437.53476015,141168372.7870351,120629263.0467526,123020849.27124763,122578192.68684015,128795524.97043756,127192122.7017751,142699266.7233401,109488951.81107005,109354881.80151255,101690976.74202257,139221477.28876007,105931223.89329259,121323456.39161266,121862388.29756266,130467253.67369509,107896550.49619514,106787435.47265263,122547072.0873101,127846756.86123511,105686284.97261757
2023-01-17,107359425.94216263,112349661.0672851,142123503.6044026,108196748.39994507,116481102.21395259,131210602.55190264,147285179.86304507,136396118.2288401,122109852.13490263,142473681.3880826,111776230.78691263,97578695.20797265,143098223.4190551,90681545.14467758,128116852.07713507,115776627.61298509,113957841.49082768,122553218.38709253,106883877.1239876,134422106.84453002,123159715.87853011,109885941.47663757,131173066.27752765,144604319.8222976,123767283.77920766,125163226.67026515,131853132.18865016,124370120.25261515,124795957.48250258,129829369.82368262,113914437.53476015,141168372.7870351,120629263.0467526,123020849.27124763,122578192.68684015,128795524.97043756,127192122.7017751,142699266.7233401,109488951.81107005,109354881.80151255,101690976.74202257,139221477.28876007,105931223.89329259,121323456.39161266,121862388.29756266,130467253.67369509,107896550.49619514,106787435.47265263,122547072.0873101,127846756.86123511,105686284.97261757
2023-01-18,107359425.94216263,112349661.0672851,142123503.6044026,108196748.39994507,116481102.21395259,131210602.55190264,147285179.86304507,136396118.2288401,122109852.13490263,142473681.3880826,111776230.78691263,97578695.20797265,143098223.4190551,90681545.14467758,128116852.07713507,115776627.61298509,113957841.49082768,122553218.38709253,106883877.1239876,134422106.84453002,123159715.87853011,109885941.47663757,131173066.27752765,144604319.8222976,123767283.77920766,125163226.67026515,131853132.18865016,124370120.25261515,124795957.48250258,129829369.82368262,113914437.53476015,141168372.7870351,120629263.0467526,123020849.27124763,122578192.68684015,128795524.97043756,127192122.7017751,142699266.7233401,109488951.81107005,109354881.80151255,101690976.74202257,139221477.28876007,105931223.89329259,121323456.39161266,121862388.29756266,130467253.67369509,107896550.49619514,106787435.47265263,122547072.0873101,127846756.86123511,105686284.97261757
2023-01-19,107359425.94216263,112349661.0672851,142123503.6044026,108196748.39994507,116481102.21395259,131210602.55190264,147285179.86304507,136396118.2288401,122109852.13490263,142473681.3880826,111776230.78691263,97578695.20797265,143098223.4190551,90681545.14467758,128116852.07713507,115776627.61298509,113957841.49082768,122553218.38709253,106883877.1239876,134422106.84453002,123159715.87853011,109885941.47663757,131173066.27752765,144604319.8222976,123767283.77920766,125163226.67026515,131853132.18865016,124370120.25261515,124795957.48250258,129829369.82368262,113914437.53476015,141168372.7870351,120629263.0467526,123020849.27124763,122578192.68684015,128795524.97043756,127192122.7017751,142699266.7233401,109488951.81107005,109354881.80151255,101690976.74202257,139221477.28876007,105931223.89329259,121323456.39161266,121862388.29756266,130467253.67369509,107896550.49619514,106787435.47265263,122547072.0873101,127846756.86123511,105686284.97261757
2023-01-27,107359425.94216263,112349661.0672851,142123503.6044026,108196748.39994507,116481102.21395259,131210602.55190264,147285179.86304507,136396118.2288401,122109852.13490263,142473681.3880826,111776230.78691263,97578695.20797265,143098223.4190551,90681545.14467758,128116852.07713507,115776627.61298509,113957841.49082768,122553218.38709253,106883877.1239876,134422106.84453002,123159715.87853011,109885941.47663757,131173066.27752765,144604319.8222976,123767283.77920766,125163226.67026515,131853132.18865016,124370120.25261515,124795957.48250258,129829369.82368262,113914437.53476015,141168372.7870351,120629263.0467526,123020849.27124763,122578192.68684015,128795524.97043756,127192122.7017751,142699266.7233401,109488951.81107005,109354881.80151255,101690976.74202257,139221477.28876007,105931223.89329259,121323456.39161266,121862388.29756266,130467253.67369509,107896550.49619514,106787435.47265263,122547072.0873101,127846756.86123511,105686284.97261757
2023-01-30,107359425.94216263,112349661.0672851,142123503.6044026,108196748.39994507,116481102.21395259,131210602.55190264,147285179.86304507,136396118.2288401,122109852.13490263,142473681.3880826,111776230.78691263,97578695.20797265,143098223.4190551,90681545.14467758,128116852.07713507,115776627.61298509,113957841.49082768,122553218.38709253,106883877.1239876,134422106.84453002,123159715.87853011,109885941.47663757,131173066.27752765,144604319.8222976,123767283.77920766,125163226.67026515,131853132.18865016,124370120.25261515,124795957.48250258,129829369.82368262,113914437.53476015,141168372.7870351,120629263.0467526,123020849.27124763,122578192.68684015,128795524.97043756,127192122.7017751,142699266.7233401,109488951.81107005,109354881.80151255,101690976.74202257,139221477.28876007,105931223.89329259,121323456.39161266,121862388.29756266,130467253.67369509,107896550.49619514,106787435.47265263,122547072.0873101,127846756.86123511,105686284.97261757
2023-01-31,107359425.94216263,112349661.0672851,142123503.6044026,108196748.39994507,116481102.21395259,131210602.55190264,147285179.86304507,136396118.2288401,122109852.13490263,142473681.3880826,111776230.78691263,97578695.20797265,143098223.4190551,90681545.14467758,128116852.07713507,115776627.61298509,113957841.49082768,122553218.38709253,106883877.1239876,134422106.84453002,123159715.87853011,109885941.47663757,131173066.27752765,144604319.8222976,123767283.77920766,125163226.67026515,131853132.18865016,124370120.25261515,124795957.48250258,129829369.82368262,113914437.53476015,141168372.7870351,120629263.0467526,123020849.27124763,122578192.68684015,128795524.97043756,127192122.7017751,142699266.7233401,109488951.81107005,109354881.80151255,101690976.74202257,139221477.28876007,105931223.89329259,121323456.39161266,121862388.29756266,130467253.67369509,107896550.49619514,106787435.47265263,122547072.0873101,127846756.86123511,105686284.97261757
2023-02-01,107359425.94216263,112349661.0672851,142123503.6044026,108196748.39994507,116481102.21395259,131210602.55190264,147285179.86304507,136396118.2288401,122109852.13490263,142473681.3880826,111776230.78691263,97578695.20797265,143098223.4190551,90681545.14467758,128116852.07713507,115776627.61298509,113957841.49082768,122553218.38709253,106883877.1239876,134422106.84453002,123159715.87853011,109885941.47663757,131173066.27752765,144604319.8222976,123767283.77920766,125163226.67026515,131853132.18865016,124370120.25261515,124795957.48250258,129829369.82368262,113914437.53476015,141168372.7870351,120629263.0467526,123020849.27124763,122578192.68684015,128795524.97043756,127192122.7017751,142699266.7233401,109488951.81107005,109354881.80151255,101690976.74202257,139221477.28876007,105931223.89329259,121323456.39161266,121862388.29756266,130467253.67369509,107896550.49619514,106787435.47265263,122547072.0873101,127846756.86123511,105686284.97261757
2023-02-02,107359425.94216263,112349661.0672851,142123503.6044026,108196748.39994507,116481102.21395259,131210602.55190264,147285179.86304507,136396118.2288401,122109852.13490263,142473681.3880826,111776230.78691263,97578695.20797265,143098223.4190551,90681545.14467758,128116852.07713507,115776627.61298509,113957841.49082768,122553218.38709253,106883877.1239876,134422106.84453002,123159715.87853011,109885941.47663757,131173066.27752765,144604319.8222976,123767283.77920766,125163226.67026515,131853132.18865016,124370120.25261515,124795957.48250258,129829369.82368262,113914437.53476015,141168372.7870351,120629263.0467526,123020849.27124763,122578192.68684015,128795524.97043756,127192122.7017751,142699266.7233401,109488951.81107005,109354881.80151255,101690976.74202257,139221477.28876007,105931223.89329259,121323456.39161266,121862388.29756266,130467253.67369509,107896550.49619514,106787435.47265263,122547072.0873101,127846756.86123511,105686284.97261757
2023-02-03,107359425.94216263,112349661.0672851,142123503.6044026,108196748.39994507,116481102.21395259,131210602.55190264,147285179.86304507,136396118.2288401,122109852.13490263,142473681.3880826,111776230.78691263,97578695.20797265,143098223.4190551,90681545.14467758,128116852.07713507,115776627.61298509,113957841.49082768,122553218.38709253,106883877.1239876,134422106.84453002,123159715.87853011,109885941.47663757,131173066.27752765,144604319.8222976,123767283.77920766,125163226.67026515,131853132.18865016,124370120.25261515,124795957.48250258,129829369.82368262,113914437.53476015,141168372.7870351,120629263.0467526,123020849.27124763,122578192.68684015,128795524.97043756,127192122.7017751,142699266.7233401,109488951.81107005,109354881.80151255,101690976.74202257,139221477.28876007,105931223.89329259,121323456.39161266,121862388.29756266,130467253.67369509,107896550.49619514,106787435.47265263,122547072.0873101,127846756.86123511,105686284.97261757
2023-02-06,107359425.94216263,112349661.0672851,142123503.6044026,108196748.39994507,116481102.21395259,131210602.55190264,147285179.86304507,136396118.2288401,122109852.13490263,142473681.3880826,111776230.78691263,97578695.20797265,143098223.4190551,90681545.14467758,128116852.07713507,115776627.61298509,113957841.49082768,122553218.38709253,106883877.1239876,134422106.84453002,123159715.87853011,109885941.47663757,131173066.27752765,144604319.8222976,123767283.77920766,125163226.67026515,131853132.18865016,124370120.25261515,124795957.48250258,129829369.82368262,113914437.53476015,141168372.7870351,120629263.0467526,123020849.27124763,122578192.68684015,128795524.97043756,127192122.7017751,142699266.7233401,109488951.81107005,109354881.80151255,101690976.74202257,139221477.28876007,105931223.89329259,121323456.39161266,121862388.29756266,130467253.67369509,107896550.49619514,106787435.47265263,122547072.0873101,127846756.86123511,105686284.97261757
2023-02-07,107359425.94216263,112349661.0672851,142123503.6044026,108196748.39994507,116481102.21395259,131210602.55190264,147285179.86304507,136396118.2288401,122109852.13490263,142473681.3880826,111776230.78691263,97578695.20797265,143098223.4190551,90681545.14467758,128116852.07713507,115776627.61298509,113957841.49082768,122553218.38709253,106883877.1239876,134422106.84453002,123159715.87853011,109885941.47663757,131173066.27752765,144604319.8222976,123767283.77920766,125163226.67026515,131853132.18865016,124370120.25261515,124795957.48250258,129829369.82368262,113914437.53476015,141168372.7870351,120629263.0467526,123020849.27124763,122578192.68684015,128795524.97043756,127192122.7017751,142699266.7233401,109488951.81107005,109354881.80151255,101690976.74202257,139221477.28876007,105931223.89329259,121323456.39161266,121862388.29756266,130467253.67369509,107896550.49619514,106787435.47265263,122547072.0873101,127846756.86123511,105686284.97261757
2023-02-08,107359425.94216263,112349661.0672851,142123503.6044026,108196748.39994507,116481102.21395259,131210602.55190264,147285179.86304507,136396118.2288401,122109852.13490263,142473681.3880826,111776230.78691263,97578695.20797265,143098223.4190551,90681545.14467758,128116852.07713507,115776627.61298509,113957841.49082768,122553218.38709253,106883877.1239876,134422106.84453002,123159715.87853011,109885941.47663757,131173066.27752765,144604319.8222976,123767283.77920766,125163226.67026515,131853132.18865016,124370120.25261515,124795957.48250258,129829369.82368262,113914437.53476015,141168372.7870351,120629263.0467526,123020849.27124763,122578192.68684015,128795524.97043756,127192122.7017751,142699266.7233401,109488951.81107005,109354881.80151255,101690976.74202257,139221477.28876007,105931223.89329259,121323456.39161266,121862388.29756266,130467253.67369509,107896550.49619514,106787435.47265263,122547072.0873101,127846756.86123511,105686284.97261757
2023-02-09,107359425.94216263,112349661.0672851,142123503.6044026,108196748.39994507,116481102.21395259,131210602.55190264,147285179.86304507,136396118.2288401,122109852.13490263,142473681.3880826,111776230.78691263,97578695.20797265,143098223.4190551,90681545.14467758,128116852.07713507,115776627.61298509,113957841.49082768,122553218.38709253,106883877.1239876,134422106.84453002,123159715.87853011,109885941.47663757,131173066.27752765,144604319.8222976,123767283.77920766,125163226.67026515,131853132.18865016,124370120.25261515,124795957.48250258,129829369.82368262,113914437.53476015,141168372.7870351,120629263.0467526,123020849.27124763,122578192.68684015,128795524.97043756,127192122.7017751,142699266.7233401,109488951.81107005,109354881.80151255,101690976.74202257,139221477.28876007,105931223.89329259,121323456.39161266,121862388.29756266,130467253.67369509,107896550.49619514,106787435.47265263,122547072.0873101,127846756.86123511,105686284.97261757
2023-02-10,107359425.94216263,112349661.0672851,142123503.6044026,108196748.39994507,116481102.21395259,131210602.55190264,147285179.86304507,136396118.2288401,122109852.13490263,142473681.3880826,111776230.78691263,97578695.20797265,143098223.4190551,90681545.14467758,128116852.07713507,115776627.61298509,113957841.49082768,122553218.38709253,106883877.1239876,134422106.84453002,123159715.87853011,109885941.47663757,131173066.27752765,144604319.8222976,123767283.77920766,125163226.67026515,131853132.18865016,124370120.25261515,124795957.48250258,129829369.82368262,113914437.53476015,141168372.7870351,120629263.0467526,123020849.27124763,122578192.68684015,128795524.97043756,127192122.7017751,142699266.7233401,109488951.81107005,109354881.80151255,101690976.74202257,139221477.28876007,105931223.89329259,121323456.39161266,121862388.29756266,130467253.67369509,107896550.49619514,106787435.47265263,122547072.0873101,127846756.86123511,105686284.97261757
2023-02-13,107359425.94216263,112349661.0672851,142123503.6044026,108196748.39994507,116481102.21395259,131210602.55190264,147285179.86304507,136396118.2288401,122109852.13490263,142473681.3880826,111776230.78691263,97578695.20797265,143098223.4190551,90681545.14467758,128116852.07713507,115776627.61298509,113957841.49082768,122553218.38709253,106883877.1239876,134422106.84453002,123159715.87853011,109885941.47663757,131173066.27752765,144604319.8222976,123767283.77920766,125163226.67026515,131853132.18865016,124370120.25261515,124795957.48250258,129829369.82368262,113914437.53476015,141168372.7870351,120629263.0467526,123020849.27124763,122578192.68684015,128795524.97043756,127192122.7017751,142699266.7233401,109488951.81107005,109354881.80151255,101690976.74202257,139221477.28876007,105931223.89329259,121323456.39161266,121862388.29756266,130467253.67369509,107896550.49619514,106787435.47265263,122547072.0873101,127846756.86123511,105686284.97261757
2023-02-14,107359425.94216263,112349661.0672851,142123503.6044026,108196748.39994507,116481102.21395259,131210602.55190264,147285179.86304507,136396118.2288401,122109852.13490263,142473681.3880826,111776230.78691263,97578695.20797265,143098223.4190551,90681545.14467758,128116852.07713507,115776627.61298509,113957841.49082768,122553218.38709253,106883877.1239876,134422106.84453002,123159715.87853011,109885941.47663757,131173066.27752765,144604319.8222976,123767283.77920766,125163226.67026515,131853132.18865016,124370120.25261515,124795957.48250258,129829369.82368262,113914437.53476015,141168372.7870351,120629263.0467526,123020849.27124763,122578192.68684015,128795524.97043756,127192122.7017751,142699266.7233401,109488951.81107005,109354881.80151255,101690976.74202257,139221477.28876007,105931223.89329259,121323456.39161266,121862388.29756266,130467253.67369509,107896550.49619514,106787435.47265263,122547072.0873101,127846756.86123511,105686284.97261757
2023-02-15,107359425.94216263,112349661.0672851,142123503.6044026,108196748.39994507,116481102.21395259,131210602.55190264,147285179.86304507,136396118.2288401,122109852.13490263,142473681.3880826,111776230.78691263,97578695.20797265,143098223.4190551,90681545.14467758,128116852.07713507,115776627.61298509,113957841.49082768,122553218.38709253,106883877.1239876,134422106.84453002,123159715.87853011,109885941.47663757,131173066.27752765,144604319.8222976,123767283.77920766,125163226.67026515,131853132.18865016,124370120.25261515,124795957.48250258,129829369.82368262,113914437.53476015,141168372.7870351,120629263.0467526,123020849.27124763,122578192.68684015,128795524.97043756,127192122.7017751,142699266.7233401,109488951.81107005,109354881.80151255,101690976.74202257,139221477.28876007,105931223.89329259,121323456.39161266,121862388.29756266,130467253.67369509,107896550.49619514,106787435.47265263,122547072.0873101,127846756.86123511,105686284.97261757
2023-02-16,107359425.94216263,112349661.0672851,142123503.6044026,108196748.39994507,116481102.21395259,131210602.55190264,147285179.86304507,136396118.2288401,122109852.13490263,142473681.3880826,111776230.78691263,97578695.20797265,143098223.4190551,90681545.14467758,128116852.07713507,115776627.61298509,113957841.49082768,122553218.38709253,106883877.1239876,134422106.84453002,123159715.87853011,109885941.47663757,131173066.27752765,144604319.8222976,123767283.77920766,125163226.67026515,131853132.18865016,124370120.25261515,124795957.48250258,129829369.82368262,113914437.53476015,141168372.7870351,120629263.0467526,123020849.27124763,122578192.68684015,128795524.97043756,127192122.7017751,142699266.7233401,109488951.81107005,109354881.80151255,101690976.74202257,139221477.28876007,105931223.89329259,121323456.39161266,121862388.29756266,130467253.67369509,107896550.49619514,106787435.47265263,122547072.0873101,127846756.86123511,105686284.97261757
2023-02-17,107359425.94216263,112349661.0672851,142123503.6044026,108196748.39994507,116481102.21395259,131210602.55190264,147285179.86304507,136396118.2288401,122109852.13490263,142473681.3880826,111776230.78691263,97578695.20797265,143098223.4190551,90681545.14467758,128116852.07713507,115776627.61298509,113957841.49082768,122553218.38709253,106883877.1239876,134422106.84453002,123159715.87853011,109885941.47663757,131173066.27752765,144604319.8222976,123767283.77920766,125163226.67026515,131853132.18865016,124370120.25261515,124795957.48250258,129829369.82368262,113914437.53476015,141168372.7870351,120629263.0467526,123020849.27124763,122578192.68684015,128795524.97043756,127192122.7017751,142699266.7233401,109488951.81107005,109354881.80151255,101690976.74202257,139221477.28876007,105931223.89329259,121323456.39161266,121862388.29756266,130467253.67369509,107896550.49619514,106787435.47265263,122547072.0873101,127846756.86123511,105686284.97261757
2023-02-20,107359425.94216263,112349661.0672851,142123503.6044026,108196748.39994507,116481102.21395259,131210602.55190264,147285179.86304507,136396118.2288401,122109852.13490263,142473681.3880826,111776230.78691263,97578695.20797265,143098223.4190551,90681545.14467758,128116852.07713507,115776627.61298509,113957841.49082768,122553218.38709253,106883877.1239876,134422106.84453002,123159715.87853011,109885941.47663757,131173066.27752765,144604319.8222976,123767283.77920766,125163226.67026515,131853132.18865016,124370120.25261515,124795957.48250258,129829369.82368262,113914437.53476015,141168372.7870351,120629263.0467526,123020849.27124763,122578192.68684015,128795524.97043756,127192122.7017751,142699266.7233401,109488951.81107005,109354881.80151255,101690976.74202257,139221477.28876007,105931223.89329259,121323456.39161266,121862388.29756266,130467253.67369509,107896550.49619514,106787435.47265263,122547072.0873101,127846756.86123511,105686284.97261757
2023-02-21,107359425.94216263,112349661.0672851,142123503.6044026,108196748.39994507,116481102.21395259,131210602.55190264,147285179.86304507,136396118.2288401,122109852.13490263,142473681.3880826,111776230.78691263,97578695.20797265,143098223.4190551,90681545.14467758,128116852.07713507,115776627.61298509,113957841.49082768,122553218.38709253,106883877.1239876,134422106.84453002,123159715.87853011,109885941.47663757,131173066.27752765,144604319.8222976,123767283.77920766,125163226.67026515,131853132.18865016,124370120.25261515,124795957.48250258,129829369.82368262,113914437.53476015,141168372.7870351,120629263.0467526,123020849.27124763,122578192.68684015,128795524.97043756,127192122.7017751,142699266.7233401,109488951.81107005,109354881.80151255,101690976.74202257,139221477.28876007,105931223.89329259,121323456.39161266,121862388.29756266,130467253.67369509,107896550.49619514,106787435.47265263,122547072.0873101,127846756.86123511,105686284.97261757
2023-02-22,107359425.94216263,112349661.0672851,142123503.6044026,108196748.39994507,116481102.21395259,131210602.55190264,147285179.86304507,136396118.2288401,122109852.13490263,142473681.3880826,111776230.78691263,97578695.20797265,143098223.4190551,90681545.14467758,128116852.07713507,115776627.61298509,113957841.49082768,122553218.38709253,106883877.1239876,134422106.84453002,123159715.87853011,109885941.47663757,131173066.27752765,144604319.8222976,123767283.77920766,125163226.67026515,131853132.18865016,124370120.25261515,124795957.48250258,129829369.82368262,113914437.53476015,141168372.7870351,120629263.0467526,123020849.27124763,122578192.68684015,128795524.97043756,127192122.7017751,142699266.7233401,109488951.81107005,109354881.80151255,101690976.74202257,139221477.28876007,105931223.89329259,121323456.39161266,121862388.29756266,130467253.67369509,107896550.49619514,106787435.47265263,122547072.0873101,127846756.86123511,105686284.97261757
2023-02-23,107359425.94216263,112349661.0672851,142123503.6044026,108196748.39994507,116481102.21395259,131210602.55190264,147285179.86304507,136396118.2288401,122109852.13490263,142473681.3880826,111776230.78691263,97578695.20797265,143098223.4190551,90681545.14467758,128116852.07713507,115776627.61298509,113957841.49082768,122553218.38709253,106883877.1239876,134422106.84453002,123159715.87853011,109885941.47663757,131173066.27752765,144604319.8222976,123767283.77920766,125163226.67026515,131853132.18865016,124370120.25261515,124795957.48250258,129829369.82368262,113914437.53476015,141168372.7870351,120629263.0467526,123020849.27124763,122578192.68684015,128795524.97043756,127192122.7017751,142699266.7233401,109488951.81107005,109354881.80151255,101690976.74202257,139221477.28876007,105931223.89329259,121323456.39161266,121862388.29756266,130467253.67369509,107896550.49619514,106787435.47265263,122547072.0873101,127846756.86123511,105686284.97261757
2023-02-24,107359425.94216263,112349661.0672851,142123503.6044026,108196748.39994507,116481102.21395259,131210602.55190264,147285179.86304507,136396118.2288401,122109852.13490263,142473681.3880826,111776230.78691263,97578695.20797265,143098223.4190551,90681545.14467758,128116852.07713507,115776627.61298509,113957841.49082768,122553218.38709253,106883877.1239876,134422106.84453002,123159715.87853011,109885941.47663757,131173066.27752765,144604319.8222976,123767283.77920766,125163226.67026515,131853132.18865016,124370120.25261515,124795957.48250258,129829369.82368262,113914437.53476015,141168372.7870351,120629263.0467526,123020849.27124763,122578192.68684015,128795524.97043756,127192122.7017751,142699266.7233401,109488951.81107005,109354881.80151255,101690976.74202257,139221477.28876007,105931223.89329259,121323456.39161266,121862388.29756266,130467253.67369509,107896550.49619514,106787435.47265263,122547072.0873101,127846756.86123511,105686284.97261757
2023-02-27,107359425.94216263,112349661.0672851,142123503.6044026,108196748.39994507,116481102.21395259,131210602.55190264,147285179.86304507,136396118.2288401,122109852.13490263,142473681.3880826,111776230.78691263,97578695.20797265,143098223.4190551,90681545.14467758,128116852.07713507,115776627.61298509,113957841.49082768,122553218.38709253,106883877.1239876,134422106.84453002,123159715.87853011,109885941.47663757,131173066.27752765,144604319.8222976,123767283.77920766,125163226.67026515,131853132.18865016,124370120.25261515,124795957.48250258,129829369.82368262,113914437.53476015,141168372.7870351,120629263.0467526,123020849.27124763,122578192.68684015,128795524.97043756,127192122.7017751,142699266.7233401,109488951.81107005,109354881.80151255,101690976.74202257,139221477.28876007,105931223.89329259,121323456.39161266,121862388.29756266,130467253.67369509,107896550.49619514,106787435.47265263,122547072.0873101,127846756.86123511,105686284.97261757
2023-02-28,107359425.94216263,112349661.0672851,142123503.6044026,108196748.39994507,116481102.21395259,131210602.55190264,147285179.86304507,136396118.2288401,122109852.13490263,142473681.3880826,111776230.78691263,97578695.20797265,143098223.4190551,90681545.14467758,128116852.07713507,115776627.61298509,113957841.49082768,122553218.38709253,106883877.1239876,134422106.84453002,123159715.87853011,109885941.47663757,131173066.27752765,144604319.8222976,123767283.77920766,125163226.67026515,131853132.18865016,124370120.25261515,124795957.48250258,129829369.82368262,113914437.53476015,141168372.7870351,120629263.0467526,123020849.27124763,122578192.68684015,128795524.97043756,127192122.7017751,142699266.7233401,109488951.81107005,109354881.80151255,101690976.74202257,139221477.28876007,105931223.89329259,121323456.39161266,121862388.29756266,130467253.67369509,107896550.49619514,106787435.47265263,122547072.0873101,127846756.86123511,105686284.97261757
2023-03-01,107359425.94216263,112349661.0672851,142123503.6044026,108196748.39994507,116481102.21395259,131210602.55190264,147285179.86304507,136396118.2288401,122109852.13490263,142473681.3880826,111776230.78691263,97578695.20797265,143098223.4190551,90681545.14467758,128116852.07713507,115776627.61298509,113957841.49082768,122553218.38709253,106883877.1239876,134422106.84453002,123159715.87853011,109885941.47663757,131173066.27752765,144604319.8222976,123767283.77920766,125163226.67026515,131853132.18865016,124370120.25261515,124795957.48250258,129829369.82368262,113914437.53476015,141168372.7870351,120629263.0467526,123020849.27124763,122578192.68684015,128795524.97043756,127192122.7017751,142699266.7233401,109488951.81107005,109354881.80151255,101690976.74202257,139221477.28876007,105931223.89329259,121323456.39161266,121862388.29756266,130467253.67369509,107896550.49619514,106787435.47265263,122547072.0873101,127846756.86123511,105686284.97261757
2023-03-02,107359425.94216263,112349661.0672851,142123503.6044026,108196748.39994507,116481102.21395259,131210602.55190264,147285179.86304507,136396118.2288401,122109852.13490263,142473681.3880826,111776230.78691263,97578695.20797265,143098223.4190551,90681545.14467758,128116852.07713507,115776627.61298509,113957841.49082768,122553218.38709253,106883877.1239876,134422106.84453002,123159715.87853011,109885941.47663757,131173066.27752765,144604319.8222976,123767283.77920766,125163226.67026515,131853132.18865016,124370120.25261515,124795957.48250258,129829369.82368262,113914437.53476015,141168372.7870351,120629263.0467526,123020849.27124763,122578192.68684015,128795524.97043756,127192122.7017751,142699266.7233401,109488951.81107005,109354881.80151255,101690976.74202257,139221477.28876007,105931223.89329259,121323456.39161266,121862388.29756266,130467253.67369509,107896550.49619514,106787435.47265263,122547072.0873101,127846756.86123511,105686284.97261757
2023-03-03,107359425.94216263,112349661.0672851,142123503.6044026,108196748.39994507,116481102.21395259,131210602.55190264,147285179.86304507,136396118.2288401,122109852.13490263,142473681.3880826,111776230.78691263,97578695.20797265,143098223.4190551,90681545.14467758,128116852.07713507,115776627.61298509,113957841.49082768,122553218.38709253,106883877.1239876,134422106.84453002,123159715.87853011,109885941.47663757,131173066.27752765,144604319.8222976,123767283.77920766,125163226.67026515,131853132.18865016,124370120.25261515,124795957.48250258,129829369.82368262,113914437.53476015,141168372.7870351,120629263.0467526,123020849.27124763,122578192.68684015,128795524.97043756,127192122.7017751,142699266.7233401,109488951.81107005,109354881.80151255,101690976.74202257,139221477.28876007,105931223.89329259,121323456.39161266,121862388.29756266,130467253.67369509,107896550.49619514,106787435.47265263,122547072.0873101,127846756.86123511,105686284.97261757
2023-03-06,107359425.94216263,112349661.0672851,142123503.6044026,108196748.39994507,116481102.21395259,131210602.55190264,147285179.86304507,136396118.2288401,122109852.13490263,142473681.3880826,111776230.78691263,97578695.20797265,143098223.4190551,90681545.14467758,128116852.07713507,115776627.61298509,113957841.49082768,122553218.38709253,106883877.1239876,134422106.84453002,123159715.87853011,109885941.47663757,131173066.27752765,144604319.8222976,123767283.77920766,125163226.67026515,131853132.18865016,124370120.25261515,124795957.48250258,129829369.82368262,113914437.53476015,141168372.7870351,120629263.0467526,123020849.27124763,122578192.68684015,128795524.97043756,127192122.7017751,142699266.7233401,109488951.81107005,109354881.80151255,101690976.74202257,139221477.28876007,105931223.89329259,121323456.39161266,121862388.29756266,130467253.67369509,107896550.49619514,106787435.47265263,122547072.0873101,127846756.86123511,105686284.97261757
2023-03-07,107359425.94216263,112349661.0672851,142123503.6044026,108196748.39994507,116481102.21395259,131210602.55190264,147285179.86304507,136396118.2288401,122109852.13490263,142473681.3880826,111776230.78691263,97578695.20797265,143098223.4190551,90681545.14467758,128116852.07713507,115776627.61298509,113957841.49082768,122553218.38709253,106883877.1239876,134422106.84453002,123159715.87853011,109885941.47663757,131173066.27752765,144604319.8222976,123767283.77920766,125163226.67026515,131853132.18865016,124370120.25261515,124795957.48250258,129829369.82368262,113914437.53476015,141168372.7870351,120629263.0467526,123020849.27124763,122578192.68684015,128795524.97043756,127192122.7017751,142699266.7233401,109488951.81107005,109354881.80151255,101690976.74202257,139221477.28876007,105931223.89329259,121323456.39161266,121862388.29756266,130467253.67369509,107896550.49619514,106787435.47265263,122547072.0873101,127846756.86123511,105686284.97261757
2023-03-08,107359425.94216263,112349661.0672851,142123503.6044026,108196748.39994507,116481102.21395259,131210602.55190264,147285179.86304507,136396118.2288401,122109852.13490263,142473681.3880826,111776230.78691263,97578695.20797265,143098223.4190551,90681545.14467758,128116852.07713507,115776627.61298509,113957841.49082768,122553218.38709253,106883877.1239876,134422106.84453002,123159715.87853011,109885941.47663757,131173066.27752765,144604319.8222976,123767283.77920766,125163226.67026515,131853132.18865016,124370120.25261515,124795957.48250258,129829369.82368262,113914437.53476015,141168372.7870351,120629263.0467526,123020849.27124763,122578192.68684015,128795524.97043756,127192122.7017751,142699266.7233401,109488951.81107005,109354881.80151255,101690976.74202257,139221477.28876007,105931223.89329259,121323456.39161266,121862388.29756266,130467253.67369509,107896550.49619514,106787435.47265263,122547072.0873101,127846756.86123511,105686284.97261757
2023-03-09,107359425.94216263,112349661.0672851,142123503.6044026,108196748.39994507,116481102.21395259,131210602.55190264,147285179.86304507,136396118.2288401,122109852.13490263,142473681.3880826,111776230.78691263,97578695.20797265,143098223.4190551,90681545.14467758,128116852.07713507,115776627.61298509,113957841.49082768,122553218.38709253,106883877.1239876,134422106.84453002,123159715.87853011,109885941.47663757,131173066.27752765,144604319.8222976,123767283.77920766,125163226.67026515,131853132.18865016,124370120.25261515,124795957.48250258,129829369.82368262,113914437.53476015,141168372.7870351,120629263.0467526,123020849.27124763,122578192.68684015,128795524.97043756,127192122.7017751,142699266.7233401,109488951.81107005,109354881.80151255,101690976.74202257,139221477.28876007,105931223.89329259,121323456.39161266,121862388.29756266,130467253.67369509,107896550.49619514,106787435.47265263,122547072.0873101,127846756.86123511,105686284.97261757
2023-03-10,107359425.94216263,112349661.0672851,142123503.6044026,108196748.39994507,116481102.21395259,131210602.55190264,147285179.86304507,136396118.2288401,122109852.13490263,142473681.3880826,111776230.78691263,97578695.20797265,143098223.4190551,90681545.14467758,128116852.07713507,115776627.61298509,113957841.49082768,122553218.38709253,106883877.1239876,134422106.84453002,123159715.87853011,109885941.47663757,131173066.27752765,144604319.8222976,123767283.77920766,125163226.67026515,131853132.18865016,124370120.25261515,124795957.48250258,129829369.82368262,113914437.53476015,141168372.7870351,120629263.0467526,123020849.27124763,122578192.68684015,128795524.97043756,127192122.7017751,142699266.7233401,109488951.81107005,109354881.80151255,101690976.74202257,139221477.28876007,105931223.89329259,121323456.39161266,121862388.29756266,130467253.67369509,107896550.49619514,106787435.47265263,122547072.0873101,127846756.86123511,105686284.97261757
2023-03-13,107359425.94216263,112349661.0672851,142123503.6044026,108196748.39994507,116481102.21395259,131210602.55190264,147285179.86304507,136396118.2288401,122109852.13490263,142473681.3880826,111776230.78691263,97578695.20797265,143098223.4190551,90681545.14467758,128116852.07713507,115776627.61298509,113957841.49082768,122553218.38709253,106883877.1239876,134422106.84453002,123159715.87853011,109885941.47663757,131173066.27752765,144604319.8222976,123767283.77920766,125163226.67026515,131853132.18865016,124370120.25261515,124795957.48250258,129829369.82368262,113914437.53476015,141168372.7870351,120629263.0467526,123020849.27124763,122578192.68684015,128795524.97043756,127192122.7017751,142699266.7233401,109488951.81107005,109354881.80151255,101690976.74202257,139221477.28876007,105931223.89329259,121323456.39161266,121862388.29756266,130467253.67369509,107896550.49619514,106787435.47265263,122547072.0873101,127846756.86123511,105686284.97261757
2023-03-14,107359425.94216263,112349661.0672851,142123503.6044026,108196748.39994507,116481102.21395259,131210602.55190264,147285179.86304507,136396118.2288401,122109852.13490263,142473681.3880826,111776230.78691263,97578695.20797265,143098223.4190551,90681545.14467758,128116852.07713507,115776627.61298509,113957841.49082768,122553218.38709253,106883877.1239876,134422106.84453002,123159715.87853011,109885941.47663757,131173066.27752765,144604319.8222976,123767283.77920766,125163226.67026515,131853132.18865016,124370120.25261515,124795957.48250258,129829369.82368262,113914437.53476015,141168372.7870351,120629263.0467526,123020849.27124763,122578192.68684015,128795524.97043756,127192122.7017751,142699266.7233401,109488951.81107005,109354881.80151255,101690976.74202257,139221477.28876007,105931223.89329259,121323456.39161266,121862388.29756266,130467253.67369509,107896550.49619514,106787435.47265263,122547072.0873101,127846756.86123511,105686284.97261757
2023-03-15,107359425.94216263,112349661.0672851,142123503.6044026,108196748.39994507,116481102.21395259,131210602.55190264,147285179.86304507,136396118.2288401,122109852.13490263,142473681.3880826,111776230.78691263,97578695.20797265,143098223.4190551,90681545.14467758,128116852.07713507,115776627.61298509,113957841.49082768,122553218.38709253,106883877.1239876,134422106.84453002,123159715.87853011,109885941.47663757,131173066.27752765,144604319.8222976,123767283.77920766,125163226.67026515,131853132.18865016,124370120.25261515,124795957.48250258,129829369.82368262,113914437.53476015,141168372.7870351,120629263.0467526,123020849.27124763,122578192.68684015,128795524.97043756,127192122.7017751,142699266.7233401,109488951.81107005,109354881.80151255,101690976.74202257,139221477.28876007,105931223.89329259,121323456.39161266,121862388.29756266,130467253.67369509,107896550.49619514,106787435.47265263,122547072.0873101,127846756.86123511,105686284.97261757
2023-03-16,107359425.94216263,112349661.0672851,142123503.6044026,108196748.39994507,116481102.21395259,131210602.55190264,147285179.86304507,136396118.2288401,122109852.13490263,142473681.3880826,111776230.78691263,97578695.20797265,143098223.4190551,90681545.14467758,128116852.07713507,115776627.61298509,113957841.49082768,122553218.38709253,106883877.1239876,134422106.84453002,123159715.87853011,109885941.47663757,131173066.27752765,144604319.8222976,123767283.77920766,125163226.67026515,131853132.18865016,124370120.25261515,124795957.48250258,129829369.82368262,113914437.53476015,141168372.7870351,120629263.0467526,123020849.27124763,122578192.68684015,128795524.97043756,127192122.7017751,142699266.7233401,109488951.81107005,109354881.80151255,101690976.74202257,139221477.28876007,105931223.89329259,121323456.39161266,121862388.29756266,130467253.67369509,107896550.49619514,106787435.47265263,122547072.0873101,127846756.86123511,105686284.97261757
2023-03-17,107359425.94216263,112349661.0672851,142123503.6044026,108196748.39994507,116481102.21395259,131210602.55190264,147285179.86304507,136396118.2288401,122109852.13490263,142473681.3880826,111776230.78691263,97578695.20797265,143098223.4190551,90681545.14467758,128116852.07713507,115776627.61298509,113957841.49082768,122553218.38709253,106883877.1239876,134422106.84453002,123159715.87853011,109885941.47663757,131173066.27752765,144604319.8222976,123767283.77920766,125163226.67026515,131853132.18865016,124370120.25261515,124795957.48250258,129829369.82368262,113914437.53476015,141168372.7870351,120629263.0467526,123020849.27124763,122578192.68684015,128795524.97043756,127192122.7017751,142699266.7233401,109488951.81107005,109354881.80151255,101690976.74202257,139221477.28876007,105931223.89329259,121323456.39161266,121862388.29756266,130467253.67369509,107896550.49619514,106787435.47265263,122547072.0873101,127846756.86123511,105686284.97261757
2023-03-20,107359425.94216263,112349661.0672851,142123503.6044026,108196748.39994507,116481102.21395259,131210602.55190264,147285179.86304507,136396118.2288401,122109852.13490263,142473681.3880826,111776230.78691263,97578695.20797265,143098223.4190551,90681545.14467758,128116852.07713507,115776627.61298509,113957841.49082768,122553218.38709253,106883877.1239876,134422106.84453002,123159715.87853011,109885941.47663757,131173066.27752765,144604319.8222976,123767283.77920766,125163226.67026515,131853132.18865016,124370120.25261515,124795957.48250258,129829369.82368262,113914437.53476015,141168372.7870351,120629263.0467526,123020849.27124763,122578192.68684015,128795524.97043756,127192122.7017751,142699266.7233401,109488951.81107005,109354881.80151255,101690976.74202257,139221477.28876007,105931223.89329259,121323456.39161266,121862388.29756266,130467253.67369509,107896550.49619514,106787435.47265263,122547072.0873101,127846756.86123511,105686284.97261757
2023-03-21,107359425.94216263,112349661.0672851,142123503.6044026,108196748.39994507,116481102.21395259,131210602.55190264,147285179.86304507,136396118.2288401,122109852.13490263,142473681.3880826,111776230.78691263,97578695.20797265,143098223.4190551,90681545.14467758,128116852.07713507,115776627.61298509,113957841.49082768,122553218.38709253,106883877.1239876,134422106.84453002,123159715.87853011,109885941.47663757,131173066.27752765,144604319.8222976,123767283.77920766,125163226.67026515,131853132.18865016,124370120.25261515,124795957.48250258,129829369.82368262,113914437.53476015,141168372.7870351,120629263.0467526,123020849.27124763,122578192.68684015,128795524.97043756,127192122.7017751,142699266.7233401,109488951.81107005,109354881.80151255,101690976.74202257,139221477.28876007,105931223.89329259,121323456.39161266,121862388.29756266,130467253.67369509,107896550.49619514,106787435.47265263,122547072.0873101,127846756.86123511,105686284.97261757
2023-03-22,107359425.94216263,112349661.0672851,142123503.6044026,108196748.39994507,116481102.21395259,131210602.55190264,147285179.86304507,136396118.2288401,122109852.13490263,142473681.3880826,111776230.78691263,97578695.20797265,143098223.4190551,90681545.14467758,128116852.07713507,115776627.61298509,113957841.49082768,122553218.38709253,106883877.1239876,134422106.84453002,123159715.87853011,109885941.47663757,131173066.27752765,144604319.8222976,123767283.77920766,125163226.67026515,131853132.18865016,124370120.25261515,124795957.48250258,129829369.82368262,113914437.53476015,141168372.7870351,120629263.0467526,123020849.27124763,122578192.68684015,128795524.97043756,127192122.7017751,142699266.7233401,109488951.81107005,109354881.80151255,101690976.74202257,139221477.28876007,105931223.89329259,121323456.39161266,121862388.29756266,130467253.67369509,107896550.49619514,106787435.47265263,122547072.0873101,127846756.86123511,105686284.97261757
2023-03-23,107359425.94216263,112349661.0672851,142123503.6044026,108196748.39994507,116481102.21395259,131210602.55190264,147285179.86304507,136396118.2288401,122109852.13490263,142473681.3880826,111776230.78691263,97578695.20797265,143098223.4190551,90681545.14467758,128116852.07713507,115776627.61298509,113957841.49082768,122553218.38709253,106883877.1239876,134422106.84453002,123159715.87853011,109885941.47663757,131173066.27752765,144604319.8222976,123767283.77920766,125163226.67026515,131853132.18865016,124370120.25261515,124795957.48250258,129829369.82368262,113914437.53476015,141168372.7870351,120629263.0467526,123020849.27124763,122578192.68684015,128795524.97043756,127192122.7017751,142699266.7233401,109488951.81107005,109354881.80151255,101690976.74202257,139221477.28876007,105931223.89329259,121323456.39161266,121862388.29756266,130467253.67369509,107896550.49619514,106787435.47265263,122547072.0873101,127846756.86123511,105686284.97261757
2023-03-24,107359425.94216263,112349661.0672851,142123503.6044026,108196748.39994507,116481102.21395259,131210602.55190264,147285179.86304507,136396118.2288401,122109852.13490263,142473681.3880826,111776230.78691263,97578695.20797265,143098223.4190551,90681545.14467758,128116852.07713507,115776627.61298509,113957841.49082768,122553218.38709253,106883877.1239876,134422106.84453002,123159715.87853011,109885941.47663757,131173066.27752765,144604319.8222976,123767283.77920766,125163226.67026515,131853132.18865016,124370120.25261515,124795957.48250258,129829369.82368262,113914437.53476015,141168372.7870351,120629263.0467526,123020849.27124763,122578192.68684015,128795524.97043756,127192122.7017751,142699266.7233401,109488951.81107005,109354881.80151255,101690976.74202257,139221477.28876007,105931223.89329259,121323456.39161266,121862388.29756266,130467253.67369509,107896550.49619514,106787435.47265263,122547072.0873101,127846756.86123511,105686284.97261757
2023-03-27,107359425.94216263,112349661.0672851,142123503.6044026,108196748.39994507,116481102.21395259,131210602.55190264,147285179.86304507,136396118.2288401,122109852.13490263,142473681.3880826,111776230.78691263,97578695.20797265,143098223.4190551,90681545.14467758,128116852.07713507,115776627.61298509,113957841.49082768,122553218.38709253,106883877.1239876,134422106.84453002,123159715.87853011,109885941.47663757,131173066.27752765,144604319.8222976,123767283.77920766,125163226.67026515,131853132.18865016,124370120.25261515,124795957.48250258,129829369.82368262,113914437.53476015,141168372.7870351,120629263.0467526,123020849.27124763,122578192.68684015,128795524.97043756,127192122.7017751,142699266.7233401,109488951.81107005,109354881.80151255,101690976.74202257,139221477.28876007,105931223.89329259,121323456.39161266,121862388.29756266,130467253.67369509,107896550.49619514,106787435.47265263,122547072.0873101,127846756.86123511,105686284.97261757
2023-03-28,107359425.94216263,112349661.0672851,142123503.6044026,108196748.39994507,116481102.21395259,131210602.55190264,147285179.86304507,136396118.2288401,122109852.13490263,142473681.3880826,111776230.78691263,97578695.20797265,143098223.4190551,90681545.14467758,128116852.07713507,115776627.61298509,113957841.49082768,122553218.38709253,106883877.1239876,134422106.84453002,123159715.87853011,109885941.47663757,131173066.27752765,144604319.8222976,123767283.77920766,125163226.67026515,131853132.18865016,124370120.25261515,124795957.48250258,129829369.82368262,113914437.53476015,141168372.7870351,120629263.0467526,123020849.27124763,122578192.68684015,128795524.97043756,127192122.7017751,142699266.7233401,109488951.81107005,109354881.80151255,101690976.74202257,139221477.28876007,105931223.89329259,121323456.39161266,121862388.29756266,130467253.67369509,107896550.49619514,106787435.47265263,122547072.0873101,127846756.86123511,105686284.97261757
2023-03-29,107359425.94216263,112349661.0672851,142123503.6044026,108196748.39994507,116481102.21395259,131210602.55190264,147285179.86304507,136396118.2288401,122109852.13490263,142473681.3880826,111776230.78691263,97578695.20797265,143098223.4190551,90681545.14467758,128116852.07713507,115776627.61298509,113957841.49082768,122553218.38709253,106883877.1239876,134422106.84453002,123159715.87853011,109885941.47663757,131173066.27752765,144604319.8222976,123767283.77920766,125163226.67026515,131853132.18865016,124370120.25261515,124795957.48250258,129829369.82368262,113914437.53476015,141168372.7870351,120629263.0467526,123020849.27124763,122578192.68684015,128795524.97043756,127192122.7017751,142699266.7233401,109488951.81107005,109354881.80151255,101690976.74202257,139221477.28876007,105931223.89329259,121323456.39161266,121862388.29756266,130467253.67369509,107896550.49619514,106787435.47265263,122547072.0873101,127846756.86123511,105686284.97261757
2023-03-30,107359425.94216263,112349661.0672851,142123503.6044026,108196748.39994507,116481102.21395259,131210602.55190264,147285179.86304507,136396118.2288401,122109852.13490263,142473681.3880826,111776230.78691263,97578695.20797265,143098223.4190551,90681545.14467758,128116852.07713507,115776627.61298509,113957841.49082768,122553218.38709253,106883877.1239876,134422106.84453002,123159715.87853011,109885941.47663757,131173066.27752765,144604319.8222976,123767283.77920766,125163226.67026515,131853132.18865016,124370120.25261515,124795957.48250258,129829369.82368262,113914437.53476015,141168372.7870351,120629263.0467526,123020849.27124763,122578192.68684015,128795524.97043756,127192122.7017751,142699266.7233401,109488951.81107005,109354881.80151255,101690976.74202257,139221477.28876007,105931223.89329259,121323456.39161266,121862388.29756266,130467253.67369509,107896550.49619514,106787435.47265263,122547072.0873101,127846756.86123511,105686284.97261757
2023-03-31,107359425.94216263,112349661.0672851,142123503.6044026,108196748.39994507,116481102.21395259,131210602.55190264,147285179.86304507,136396118.2288401,122109852.13490263,142473681.3880826,111776230.78691263,97578695.20797265,143098223.4190551,90681545.14467758,128116852.07713507,115776627.61298509,113957841.49082768,122553218.38709253,106883877.1239876,134422106.84453002,123159715.87853011,109885941.47663757,131173066.27752765,144604319.8222976,123767283.77920766,125163226.67026515,131853132.18865016,124370120.25261515,124795957.48250258,129829369.82368262,113914437.53476015,141168372.7870351,120629263.0467526,123020849.27124763,122578192.68684015,128795524.97043756,127192122.7017751,142699266.7233401,109488951.81107005,109354881.80151255,101690976.74202257,139221477.28876007,105931223.89329259,121323456.39161266,121862388.29756266,130467253.67369509,107896550.49619514,106787435.47265263,122547072.0873101,127846756.86123511,105686284.97261757
2023-04-03,107359425.94216263,112349661.0672851,142123503.6044026,108196748.39994507,116481102.21395259,131210602.55190264,147285179.86304507,136396118.2288401,122109852.13490263,142473681.3880826,111776230.78691263,97578695.20797265,143098223.4190551,90681545.14467758,128116852.07713507,115776627.61298509,113957841.49082768,122553218.38709253,106883877.1239876,134422106.84453002,123159715.87853011,109885941.47663757,131173066.27752765,144604319.8222976,123767283.77920766,125163226.67026515,131853132.18865016,124370120.25261515,124795957.48250258,129829369.82368262,113914437.53476015,141168372.7870351,120629263.0467526,123020849.27124763,122578192.68684015,128795524.97043756,127192122.7017751,142699266.7233401,109488951.81107005,109354881.80151255,101690976.74202257,139221477.28876007,105931223.89329259,121323456.39161266,121862388.29756266,130467253.67369509,107896550.49619514,106787435.47265263,122547072.0873101,127846756.86123511,105686284.97261757
2023-04-04,107359425.94216263,112349661.0672851,142123503.6044026,108196748.39994507,116481102.21395259,131210602.55190264,147285179.86304507,136396118.2288401,122109852.13490263,142473681.3880826,111776230.78691263,97578695.20797265,143098223.4190551,90681545.14467758,128116852.07713507,115776627.61298509,113957841.49082768,122553218.38709253,106883877.1239876,134422106.84453002,123159715.87853011,109885941.47663757,131173066.27752765,144604319.8222976,123767283.77920766,125163226.67026515,131853132.18865016,124370120.25261515,124795957.48250258,129829369.82368262,113914437.53476015,141168372.7870351,120629263.0467526,123020849.27124763,122578192.68684015,128795524.97043756,127192122.7017751,142699266.7233401,109488951.81107005,109354881.80151255,101690976.74202257,139221477.28876007,105931223.89329259,121323456.39161266,121862388.29756266,130467253.67369509,107896550.49619514,106787435.47265263,122547072.0873101,127846756.86123511,105686284.97261757
2023-04-05,107359425.94216263,112349661.0672851,142123503.6044026,108196748.39994507,116481102.21395259,131210602.55190264,147285179.86304507,136396118.2288401,122109852.13490263,142473681.3880826,111776230.78691263,97578695.20797265,143098223.4190551,90681545.14467758,128116852.07713507,115776627.61298509,113957841.49082768,122553218.38709253,106883877.1239876,134422106.84453002,123159715.87853011,109885941.47663757,131173066.27752765,144604319.8222976,123767283.77920766,125163226.67026515,131853132.18865016,124370120.25261515,124795957.48250258,129829369.82368262,113914437.53476015,141168372.7870351,120629263.0467526,123020849.27124763,122578192.68684015,128795524.97043756,127192122.7017751,142699266.7233401,109488951.81107005,109354881.80151255,101690976.74202257,139221477.28876007,105931223.89329259,121323456.39161266,121862388.29756266,130467253.67369509,107896550.49619514,106787435.47265263,122547072.0873101,127846756.86123511,105686284.97261757
2023-04-06,107359425.94216263,112349661.0672851,142123503.6044026,108196748.39994507,116481102.21395259,131210602.55190264,147285179.86304507,136396118.2288401,122109852.13490263,142473681.3880826,111776230.78691263,97578695.20797265,143098223.4190551,90681545.14467758,128116852.07713507,115776627.61298509,113957841.49082768,122553218.38709253,106883877.1239876,134422106.84453002,123159715.87853011,109885941.47663757,131173066.27752765,144604319.8222976,123767283.77920766,125163226.67026515,131853132.18865016,124370120.25261515,124795957.48250258,129829369.82368262,113914437.53476015,141168372.7870351,120629263.0467526,123020849.27124763,122578192.68684015,128795524.97043756,127192122.7017751,142699266.7233401,109488951.81107005,109354881.80151255,101690976.74202257,139221477.28876007,105931223.89329259,121323456.39161266,121862388.29756266,130467253.67369509,107896550.49619514,106787435.47265263,122547072.0873101,127846756.86123511,105686284.97261757
2023-04-07,107359425.94216263,112349661.0672851,142123503.6044026,108196748.39994507,116481102.21395259,131210602.55190264,147285179.86304507,136396118.2288401,122109852.13490263,142473681.3880826,111776230.78691263,97578695.20797265,143098223.4190551,90681545.14467758,128116852.07713507,115776627.61298509,113957841.49082768,122553218.38709253,106883877.1239876,134422106.84453002,123159715.87853011,109885941.47663757,131173066.27752765,144604319.8222976,123767283.77920766,125163226.67026515,131853132.18865016,124370120.25261515,124795957.48250258,129829369.82368262,113914437.53476015,141168372.7870351,120629263.0467526,123020849.27124763,122578192.68684015,128795524.97043756,127192122.7017751,142699266.7233401,109488951.81107005,109354881.80151255,101690976.74202257,139221477.28876007,105931223.89329259,121323456.39161266,121862388.29756266,130467253.67369509,107896550.49619514,106787435.47265263,122547072.0873101,127846756.86123511,105686284.97261757
2023-04-10,107359425.94216263,112349661.0672851,142123503.6044026,108196748.39994507,116481102.21395259,131210602.55190264,147285179.86304507,136396118.2288401,122109852.13490263,142473681.3880826,111776230.78691263,97578695.20797265,143098223.4190551,90681545.14467758,128116852.07713507,115776627.61298509,113957841.49082768,122553218.38709253,106883877.1239876,134422106.84453002,123159715.87853011,109885941.47663757,131173066.27752765,144604319.8222976,123767283.77920766,125163226.67026515,131853132.18865016,124370120.25261515,124795957.48250258,129829369.82368262,113914437.53476015,141168372.7870351,120629263.0467526,123020849.27124763,122578192.68684015,128795524.97043756,127192122.7017751,142699266.7233401,109488951.81107005,109354881.80151255,101690976.74202257,139221477.28876007,105931223.89329259,121323456.39161266,121862388.29756266,130467253.67369509,107896550.49619514,106787435.47265263,122547072.0873101,127846756.86123511,105686284.97261757
2023-04-11,107359425.94216263,112349661.0672851,142123503.6044026,108196748.39994507,116481102.21395259,131210602.55190264,147285179.86304507,136396118.2288401,122109852.13490263,142473681.3880826,111776230.78691263,97578695.20797265,143098223.4190551,90681545.14467758,128116852.07713507,115776627.61298509,113957841.49082768,122553218.38709253,106883877.1239876,134422106.84453002,123159715.87853011,109885941.47663757,131173066.27752765,144604319.8222976,123767283.77920766,125163226.67026515,131853132.18865016,124370120.25261515,124795957.48250258,129829369.82368262,113914437.53476015,141168372.7870351,120629263.0467526,123020849.27124763,122578192.68684015,128795524.97043756,127192122.7017751,142699266.7233401,109488951.81107005,109354881.80151255,101690976.74202257,139221477.28876007,105931223.89329259,121323456.39161266,121862388.29756266,130467253.67369509,107896550.49619514,106787435.47265263,122547072.0873101,127846756.86123511,105686284.97261757
2023-04-12,107359425.94216263,112349661.0672851,142123503.6044026,108196748.39994507,116481102.21395259,131210602.55190264,147285179.86304507,136396118.2288401,122109852.13490263,142473681.3880826,111776230.78691263,97578695.20797265,143098223.4190551,90681545.14467758,128116852.07713507,115776627.61298509,113957841.49082768,122553218.38709253,106883877.1239876,134422106.84453002,123159715.87853011,109885941.47663757,131173066.27752765,144604319.8222976,123767283.77920766,125163226.67026515,131853132.18865016,124370120.25261515,124795957.48250258,129829369.82368262,113914437.53476015,141168372.7870351,120629263.0467526,123020849.27124763,122578192.68684015,128795524.97043756,127192122.7017751,142699266.7233401,109488951.81107005,109354881.80151255,101690976.74202257,139221477.28876007,105931223.89329259,121323456.39161266,121862388.29756266,130467253.67369509,107896550.49619514,106787435.47265263,122547072.0873101,127846756.86123511,105686284.97261757
2023-04-13,107359425.94216263,112349661.0672851,142123503.6044026,108196748.39994507,116481102.21395259,131210602.55190264,147285179.86304507,136396118.2288401,122109852.13490263,142473681.3880826,111776230.78691263,97578695.20797265,143098223.4190551,90681545.14467758,128116852.07713507,115776627.61298509,113957841.49082768,122553218.38709253,106883877.1239876,134422106.84453002,123159715.87853011,109885941.47663757,131173066.27752765,144604319.8222976,123767283.77920766,125163226.67026515,131853132.18865016,124370120.25261515,124795957.48250258,129829369.82368262,113914437.53476015,141168372.7870351,120629263.0467526,123020849.27124763,122578192.68684015,128795524.97043756,127192122.7017751,142699266.7233401,109488951.81107005,109354881.80151255,101690976.74202257,139221477.28876007,105931223.89329259,121323456.39161266,121862388.29756266,130467253.67369509,107896550.49619514,106787435.47265263,122547072.0873101,127846756.86123511,105686284.97261757
2023-04-14,107359425.94216263,112349661.0672851,142123503.6044026,108196748.39994507,116481102.21395259,131210602.55190264,147285179.86304507,136396118.2288401,122109852.13490263,142473681.3880826,111776230.78691263,97578695.20797265,143098223.4190551,90681545.14467758,128116852.07713507,115776627.61298509,113957841.49082768,122553218.38709253,106883877.1239876,134422106.84453002,123159715.87853011,109885941.47663757,131173066.27752765,144604319.8222976,123767283.77920766,125163226.67026515,131853132.18865016,124370120.25261515,124795957.48250258,129829369.82368262,113914437.53476015,141168372.7870351,120629263.0467526,123020849.27124763,122578192.68684015,128795524.97043756,127192122.7017751,142699266.7233401,109488951.81107005,109354881.80151255,101690976.74202257,139221477.28876007,105931223.89329259,121323456.39161266,121862388.29756266,130467253.67369509,107896550.49619514,106787435.47265263,122547072.0873101,127846756.86123511,105686284.97261757
2023-04-17,107359425.94216263,112349661.0672851,142123503.6044026,108196748.39994507,116481102.21395259,131210602.55190264,147285179.86304507,136396118.2288401,122109852.13490263,142473681.3880826,111776230.78691263,97578695.20797265,143098223.4190551,90681545.14467758,128116852.07713507,115776627.61298509,113957841.49082768,122553218.38709253,106883877.1239876,134422106.84453002,123159715.87853011,109885941.47663757,131173066.27752765,144604319.8222976,123767283.77920766,125163226.67026515,131853132.18865016,124370120.25261515,124795957.48250258,129829369.82368262,113914437.53476015,141168372.7870351,120629263.0467526,123020849.27124763,122578192.68684015,128795524.97043756,127192122.7017751,142699266.7233401,109488951.81107005,109354881.80151255,101690976.74202257,139221477.28876007,105931223.89329259,121323456.39161266,121862388.29756266,130467253.67369509,107896550.49619514,106787435.47265263,122547072.0873101,127846756.86123511,105686284.97261757
2023-04-18,107359425.94216263,112349661.0672851,142123503.6044026,108196748.39994507,116481102.21395259,131210602.55190264,147285179.86304507,136396118.2288401,122109852.13490263,142473681.3880826,111776230.78691263,97578695.20797265,143098223.4190551,90681545.14467758,128116852.07713507,115776627.61298509,113957841.49082768,122553218.38709253,106883877.1239876,134422106.84453002,123159715.87853011,109885941.47663757,131173066.27752765,144604319.8222976,123767283.77920766,125163226.67026515,131853132.18865016,124370120.25261515,124795957.48250258,129829369.82368262,113914437.53476015,141168372.7870351,120629263.0467526,123020849.27124763,122578192.68684015,128795524.97043756,127192122.7017751,142699266.7233401,109488951.81107005,109354881.80151255,101690976.74202257,139221477.28876007,105931223.89329259,121323456.39161266,121862388.29756266,130467253.67369509,107896550.49619514,106787435.47265263,122547072.0873101,127846756.86123511,105686284.97261757
2023-04-19,107359425.94216263,112349661.0672851,142123503.6044026,108196748.39994507,116481102.21395259,131210602.55190264,147285179.86304507,136396118.2288401,122109852.13490263,142473681.3880826,111776230.78691263,97578695.20797265,143098223.4190551,90681545.14467758,128116852.07713507,115776627.61298509,113957841.49082768,122553218.38709253,106883877.1239876,134422106.84453002,123159715.87853011,109885941.47663757,131173066.27752765,144604319.8222976,123767283.77920766,125163226.67026515,131853132.18865016,124370120.25261515,124795957.48250258,129829369.82368262,113914437.53476015,141168372.7870351,120629263.0467526,123020849.27124763,122578192.68684015,128795524.97043756,127192122.7017751,142699266.7233401,109488951.81107005,109354881.80151255,101690976.74202257,139221477.28876007,105931223.89329259,121323456.39161266,121862388.29756266,130467253.67369509,107896550.49619514,106787435.47265263,122547072.0873101,127846756.86123511,105686284.97261757
2023-04-20,107359425.94216263,112349661.0672851,142123503.6044026,108196748.39994507,116481102.21395259,131210602.55190264,147285179.86304507,136396118.2288401,122109852.13490263,142473681.3880826,111776230.78691263,97578695.20797265,143098223.4190551,90681545.14467758,128116852.07713507,115776627.61298509,113957841.49082768,122553218.38709253,106883877.1239876,134422106.84453002,123159715.87853011,109885941.47663757,131173066.27752765,144604319.8222976,123767283.77920766,125163226.67026515,131853132.18865016,124370120.25261515,124795957.48250258,129829369.82368262,113914437.53476015,141168372.7870351,120629263.0467526,123020849.27124763,122578192.68684015,128795524.97043756,127192122.7017751,142699266.7233401,109488951.81107005,109354881.80151255,101690976.74202257,139221477.28876007,105931223.89329259,121323456.39161266,121862388.29756266,130467253.67369509,107896550.49619514,106787435.47265263,122547072.0873101,127846756.86123511,105686284.97261757
2023-04-21,107359425.94216263,112349661.0672851,142123503.6044026,108196748.39994507,116481102.21395259,131210602.55190264,147285179.86304507,136396118.2288401,122109852.13490263,142473681.3880826,111776230.78691263,97578695.20797265,143098223.4190551,90681545.14467758,128116852.07713507,115776627.61298509,113957841.49082768,122553218.38709253,106883877.1239876,134422106.84453002,123159715.87853011,109885941.47663757,131173066.27752765,144604319.8222976,123767283.77920766,125163226.67026515,131853132.18865016,124370120.25261515,124795957.48250258,129829369.82368262,113914437.53476015,141168372.7870351,120629263.0467526,123020849.27124763,122578192.68684015,128795524.97043756,127192122.7017751,142699266.7233401,109488951.81107005,109354881.80151255,101690976.74202257,139221477.28876007,105931223.89329259,121323456.39161266,121862388.29756266,130467253.67369509,107896550.49619514,106787435.47265263,122547072.0873101,127846756.86123511,105686284.97261757
2023-04-24,107359425.94216263,112349661.0672851,142123503.6044026,108196748.39994507,116481102.21395259,131210602.55190264,147285179.86304507,136396118.2288401,122109852.13490263,142473681.3880826,111776230.78691263,97578695.20797265,143098223.4190551,90681545.14467758,128116852.07713507,115776627.61298509,113957841.49082768,122553218.38709253,106883877.1239876,134422106.84453002,123159715.87853011,109885941.47663757,131173066.27752765,144604319.8222976,123767283.77920766,125163226.67026515,131853132.18865016,124370120.25261515,124795957.48250258,129829369.82368262,113914437.53476015,141168372.7870351,120629263.0467526,123020849.27124763,122578192.68684015,128795524.97043756,127192122.7017751,142699266.7233401,109488951.81107005,109354881.80151255,101690976.74202257,139221477.28876007,105931223.89329259,121323456.39161266,121862388.29756266,130467253.67369509,107896550.49619514,106787435.47265263,122547072.0873101,127846756.86123511,105686284.97261757
2023-04-25,107359425.94216263,112349661.0672851,142123503.6044026,108196748.39994507,116481102.21395259,131210602.55190264,147285179.86304507,136396118.2288401,122109852.13490263,142473681.3880826,111776230.78691263,97578695.20797265,143098223.4190551,90681545.14467758,128116852.07713507,115776627.61298509,113957841.49082768,122553218.38709253,106883877.1239876,134422106.84453002,123159715.87853011,109885941.47663757,131173066.27752765,144604319.8222976,123767283.77920766,125163226.67026515,131853132.18865016,124370120.25261515,124795957.48250258,129829369.82368262,113914437.53476015,141168372.7870351,120629263.0467526,123020849.27124763,122578192.68684015,128795524.97043756,127192122.7017751,142699266.7233401,109488951.81107005,109354881.80151255,101690976.74202257,139221477.28876007,105931223.89329259,121323456.39161266,121862388.29756266,130467253.67369509,107896550.49619514,106787435.47265263,122547072.0873101,127846756.86123511,105686284.97261757
2023-04-26,107359425.94216263,112349661.0672851,142123503.6044026,108196748.39994507,116481102.21395259,131210602.55190264,147285179.86304507,136396118.2288401,122109852.13490263,142473681.3880826,111776230.78691263,97578695.20797265,143098223.4190551,90681545.14467758,128116852.07713507,115776627.61298509,113957841.49082768,122553218.38709253,106883877.1239876,134422106.84453002,123159715.87853011,109885941.47663757,131173066.27752765,144604319.8222976,123767283.77920766,125163226.67026515,131853132.18865016,124370120.25261515,124795957.48250258,129829369.82368262,113914437.53476015,141168372.7870351,120629263.0467526,123020849.27124763,122578192.68684015,128795524.97043756,127192122.7017751,142699266.7233401,109488951.81107005,109354881.80151255,101690976.74202257,139221477.28876007,105931223.89329259,121323456.39161266,121862388.29756266,130467253.67369509,107896550.49619514,106787435.47265263,122547072.0873101,127846756.86123511,105686284.97261757
2023-04-27,107359425.94216263,112349661.0672851,142123503.6044026,108196748.39994507,116481102.21395259,131210602.55190264,147285179.86304507,136396118.2288401,122109852.13490263,142473681.3880826,111776230.78691263,97578695.20797265,143098223.4190551,90681545.14467758,128116852.07713507,115776627.61298509,113957841.49082768,122553218.38709253,106883877.1239876,134422106.84453002,123159715.87853011,109885941.47663757,131173066.27752765,144604319.8222976,123767283.77920766,125163226.67026515,131853132.18865016,124370120.25261515,124795957.48250258,129829369.82368262,113914437.53476015,141168372.7870351,120629263.0467526,123020849.27124763,122578192.68684015,128795524.97043756,127192122.7017751,142699266.7233401,109488951.81107005,109354881.80151255,101690976.74202257,139221477.28876007,105931223.89329259,121323456.39161266,121862388.29756266,130467253.67369509,107896550.49619514,106787435.47265263,122547072.0873101,127846756.86123511,105686284.97261757
2023-04-28,107359425.94216263,112349661.0672851,142123503.6044026,108196748.39994507,116481102.21395259,131210602.55190264,147285179.86304507,136396118.2288401,122109852.13490263,142473681.3880826,111776230.78691263,97578695.20797265,143098223.4190551,90681545.14467758,128116852.07713507,115776627.61298509,113957841.49082768,122553218.38709253,106883877.1239876,134422106.84453002,123159715.87853011,109885941.47663757,131173066.27752765,144604319.8222976,123767283.77920766,125163226.67026515,131853132.18865016,124370120.25261515,124795957.48250258,129829369.82368262,113914437.53476015,141168372.7870351,120629263.0467526,123020849.27124763,122578192.68684015,128795524.97043756,127192122.7017751,142699266.7233401,109488951.81107005,109354881.80151255,101690976.74202257,139221477.28876007,105931223.89329259,121323456.39161266,121862388.29756266,130467253.67369509,107896550.49619514,106787435.47265263,122547072.0873101,127846756.86123511,105686284.97261757
2023-05-04,107359425.94216263,112349661.0672851,142123503.6044026,108196748.39994507,116481102.21395259,131210602.55190264,147285179.86304507,136396118.2288401,122109852.13490263,142473681.3880826,111776230.78691263,97578695.20797265,143098223.4190551,90681545.14467758,128116852.07713507,115776627.61298509,113957841.49082768,122553218.38709253,106883877.1239876,134422106.84453002,123159715.87853011,109885941.47663757,131173066.27752765,144604319.8222976,123767283.77920766,125163226.67026515,131853132.18865016,124370120.25261515,124795957.48250258,129829369.82368262,113914437.53476015,141168372.7870351,120629263.0467526,123020849.27124763,122578192.68684015,128795524.97043756,127192122.7017751,142699266.7233401,109488951.81107005,109354881.80151255,101690976.74202257,139221477.28876007,105931223.89329259,121323456.39161266,121862388.29756266,130467253.67369509,107896550.49619514,106787435.47265263,122547072.0873101,127846756.86123511,105686284.97261757
2023-05-05,107359425.94216263,112349661.0672851,142123503.6044026,108196748.39994507,116481102.21395259,131210602.55190264,147285179.86304507,136396118.2288401,122109852.13490263,142473681.3880826,111776230.78691263,97578695.20797265,143098223.4190551,90681545.14467758,128116852.07713507,115776627.61298509,113957841.49082768,122553218.38709253,106883877.1239876,134422106.84453002,123159715.87853011,109885941.47663757,131173066.27752765,144604319.8222976,123767283.77920766,125163226.67026515,131853132.18865016,124370120.25261515,124795957.48250258,129829369.82368262,113914437.53476015,141168372.7870351,120629263.0467526,123020849.27124763,122578192.68684015,128795524.97043756,127192122.7017751,142699266.7233401,109488951.81107005,109354881.80151255,101690976.74202257,139221477.28876007,105931223.89329259,121323456.39161266,121862388.29756266,130467253.67369509,107896550.49619514,106787435.47265263,122547072.0873101,127846756.86123511,105686284.97261757
2023-05-08,107359425.94216263,112349661.0672851,142123503.6044026,108196748.39994507,116481102.21395259,131210602.55190264,147285179.86304507,136396118.2288401,122109852.13490263,142473681.3880826,111776230.78691263,97578695.20797265,143098223.4190551,90681545.14467758,128116852.07713507,115776627.61298509,113957841.49082768,122553218.38709253,106883877.1239876,134422106.84453002,123159715.87853011,109885941.47663757,131173066.27752765,144604319.8222976,123767283.77920766,125163226.67026515,131853132.18865016,124370120.25261515,124795957.48250258,129829369.82368262,113914437.53476015,141168372.7870351,120629263.0467526,123020849.27124763,122578192.68684015,128795524.97043756,127192122.7017751,142699266.7233401,109488951.81107005,109354881.80151255,101690976.74202257,139221477.28876007,105931223.89329259,121323456.39161266,121862388.29756266,130467253.67369509,107896550.49619514,106787435.47265263,122547072.0873101,127846756.86123511,105686284.97261757
2023-05-09,107359425.94216263,112349661.0672851,142123503.6044026,108196748.39994507,116481102.21395259,131210602.55190264,147285179.86304507,136396118.2288401,122109852.13490263,142473681.3880826,111776230.78691263,97578695.20797265,143098223.4190551,90681545.14467758,128116852.07713507,115776627.61298509,113957841.49082768,122553218.38709253,106883877.1239876,134422106.84453002,123159715.87853011,109885941.47663757,131173066.27752765,144604319.8222976,123767283.77920766,125163226.67026515,131853132.18865016,124370120.25261515,124795957.48250258,129829369.82368262,113914437.53476015,141168372.7870351,120629263.0467526,123020849.27124763,122578192.68684015,128795524.97043756,127192122.7017751,142699266.7233401,109488951.81107005,109354881.80151255,101690976.74202257,139221477.28876007,105931223.89329259,121323456.39161266,121862388.29756266,130467253.67369509,107896550.49619514,106787435.47265263,122547072.0873101,127846756.86123511,105686284.97261757
2023-05-10,107359425.94216263,112349661.0672851,142123503.6044026,108196748.39994507,116481102.21395259,131210602.55190264,147285179.86304507,136396118.2288401,122109852.13490263,142473681.3880826,111776230.78691263,97578695.20797265,143098223.4190551,90681545.14467758,128116852.07713507,115776627.61298509,113957841.49082768,122553218.38709253,106883877.1239876,134422106.84453002,123159715.87853011,109885941.47663757,131173066.27752765,144604319.8222976,123767283.77920766,125163226.67026515,131853132.18865016,124370120.25261515,124795957.48250258,129829369.82368262,113914437.53476015,141168372.7870351,120629263.0467526,123020849.27124763,122578192.68684015,128795524.97043756,127192122.7017751,142699266.7233401,109488951.81107005,109354881.80151255,101690976.74202257,139221477.28876007,105931223.89329259,121323456.39161266,121862388.29756266,130467253.67369509,107896550.49619514,106787435.47265263,122547072.0873101,127846756.86123511,105686284.97261757
2023-05-11,107359425.94216263,112349661.0672851,142123503.6044026,108196748.39994507,116481102.21395259,131210602.55190264,147285179.86304507,136396118.2288401,122109852.13490263,142473681.3880826,111776230.78691263,97578695.20797265,143098223.4190551,90681545.14467758,128116852.07713507,115776627.61298509,113957841.49082768,122553218.38709253,106883877.1239876,134422106.84453002,123159715.87853011,109885941.47663757,131173066.27752765,144604319.8222976,123767283.77920766,125163226.67026515,131853132.18865016,124370120.25261515,124795957.48250258,129829369.82368262,113914437.53476015,141168372.7870351,120629263.0467526,123020849.27124763,122578192.68684015,128795524.97043756,127192122.7017751,142699266.7233401,109488951.81107005,109354881.80151255,101690976.74202257,139221477.28876007,105931223.89329259,121323456.39161266,121862388.29756266,130467253.67369509,107896550.49619514,106787435.47265263,122547072.0873101,127846756.86123511,105686284.97261757
2023-05-12,107359425.94216263,112349661.0672851,142123503.6044026,108196748.39994507,116481102.21395259,131210602.55190264,147285179.86304507,136396118.2288401,122109852.13490263,142473681.3880826,111776230.78691263,97578695.20797265,143098223.4190551,90681545.14467758,128116852.07713507,115776627.61298509,113957841.49082768,122553218.38709253,106883877.1239876,134422106.84453002,123159715.87853011,109885941.47663757,131173066.27752765,144604319.8222976,123767283.77920766,125163226.67026515,131853132.18865016,124370120.25261515,124795957.48250258,129829369.82368262,113914437.53476015,141168372.7870351,120629263.0467526,123020849.27124763,122578192.68684015,128795524.97043756,127192122.7017751,142699266.7233401,109488951.81107005,109354881.80151255,101690976.74202257,139221477.28876007,105931223.89329259,121323456.39161266,121862388.29756266,130467253.67369509,107896550.49619514,106787435.47265263,122547072.0873101,127846756.86123511,105686284.97261757
2023-05-15,107359425.94216263,112349661.0672851,142123503.6044026,108196748.39994507,116481102.21395259,131210602.55190264,147285179.86304507,136396118.2288401,122109852.13490263,142473681.3880826,111776230.78691263,97578695.20797265,143098223.4190551,90681545.14467758,128116852.07713507,115776627.61298509,113957841.49082768,122553218.38709253,106883877.1239876,134422106.84453002,123159715.87853011,109885941.47663757,131173066.27752765,144604319.8222976,123767283.77920766,125163226.67026515,131853132.18865016,124370120.25261515,124795957.48250258,129829369.82368262,113914437.53476015,141168372.7870351,120629263.0467526,123020849.27124763,122578192.68684015,128795524.97043756,127192122.7017751,142699266.7233401,109488951.81107005,109354881.80151255,101690976.74202257,139221477.28876007,105931223.89329259,121323456.39161266,121862388.29756266,130467253.67369509,107896550.49619514,106787435.47265263,122547072.0873101,127846756.86123511,105686284.97261757
2023-05-16,107359425.94216263,112349661.0672851,142123503.6044026,108196748.39994507,116481102.21395259,131210602.55190264,147285179.86304507,136396118.2288401,122109852.13490263,142473681.3880826,111776230.78691263,97578695.20797265,143098223.4190551,90681545.14467758,128116852.07713507,115776627.61298509,113957841.49082768,122553218.38709253,106883877.1239876,134422106.84453002,123159715.87853011,109885941.47663757,131173066.27752765,144604319.8222976,123767283.77920766,125163226.67026515,131853132.18865016,124370120.25261515,124795957.48250258,129829369.82368262,113914437.53476015,141168372.7870351,120629263.0467526,123020849.27124763,122578192.68684015,128795524.97043756,127192122.7017751,142699266.7233401,109488951.81107005,109354881.80151255,101690976.74202257,139221477.28876007,105931223.89329259,121323456.39161266,121862388.29756266,130467253.67369509,107896550.49619514,106787435.47265263,122547072.0873101,127846756.86123511,105686284.97261757
2023-05-17,107359425.94216263,112349661.0672851,142123503.6044026,108196748.39994507,116481102.21395259,131210602.55190264,147285179.86304507,136396118.2288401,122109852.13490263,142473681.3880826,111776230.78691263,97578695.20797265,143098223.4190551,90681545.14467758,128116852.07713507,115776627.61298509,113957841.49082768,122553218.38709253,106883877.1239876,134422106.84453002,123159715.87853011,109885941.47663757,131173066.27752765,144604319.8222976,123767283.77920766,125163226.67026515,131853132.18865016,124370120.25261515,124795957.48250258,129829369.82368262,113914437.53476015,141168372.7870351,120629263.0467526,123020849.27124763,122578192.68684015,128795524.97043756,127192122.7017751,142699266.7233401,109488951.81107005,109354881.80151255,101690976.74202257,139221477.28876007,105931223.89329259,121323456.39161266,121862388.29756266,130467253.67369509,107896550.49619514,106787435.47265263,122547072.0873101,127846756.86123511,105686284.97261757
2023-05-18,107359425.94216263,112349661.0672851,142123503.6044026,108196748.39994507,116481102.21395259,131210602.55190264,147285179.86304507,136396118.2288401,122109852.13490263,142473681.3880826,111776230.78691263,97578695.20797265,143098223.4190551,90681545.14467758,128116852.07713507,115776627.61298509,113957841.49082768,122553218.38709253,106883877.1239876,134422106.84453002,123159715.87853011,109885941.47663757,131173066.27752765,144604319.8222976,123767283.77920766,125163226.67026515,131853132.18865016,124370120.25261515,124795957.48250258,129829369.82368262,113914437.53476015,141168372.7870351,120629263.0467526,123020849.27124763,122578192.68684015,128795524.97043756,127192122.7017751,142699266.7233401,109488951.81107005,109354881.80151255,101690976.74202257,139221477.28876007,105931223.89329259,121323456.39161266,121862388.29756266,130467253.67369509,107896550.49619514,106787435.47265263,122547072.0873101,127846756.86123511,105686284.97261757
2023-05-19,107359425.94216263,112349661.0672851,142123503.6044026,108196748.39994507,116481102.21395259,131210602.55190264,147285179.86304507,136396118.2288401,122109852.13490263,142473681.3880826,111776230.78691263,97578695.20797265,143098223.4190551,90681545.14467758,128116852.07713507,115776627.61298509,113957841.49082768,122553218.38709253,106883877.1239876,134422106.84453002,123159715.87853011,109885941.47663757,131173066.27752765,144604319.8222976,123767283.77920766,125163226.67026515,131853132.18865016,124370120.25261515,124795957.48250258,129829369.82368262,113914437.53476015,141168372.7870351,120629263.0467526,123020849.27124763,122578192.68684015,128795524.97043756,127192122.7017751,142699266.7233401,109488951.81107005,109354881.80151255,101690976.74202257,139221477.28876007,105931223.89329259,121323456.39161266,121862388.29756266,130467253.67369509,107896550.49619514,106787435.47265263,122547072.0873101,127846756.86123511,105686284.97261757
2023-05-22,107359425.94216263,112349661.0672851,142123503.6044026,108196748.39994507,116481102.21395259,131210602.55190264,147285179.86304507,136396118.2288401,122109852.13490263,142473681.3880826,111776230.78691263,97578695.20797265,143098223.4190551,90681545.14467758,128116852.07713507,115776627.61298509,113957841.49082768,122553218.38709253,106883877.1239876,134422106.84453002,123159715.87853011,109885941.47663757,131173066.27752765,144604319.8222976,123767283.77920766,125163226.67026515,131853132.18865016,124370120.25261515,124795957.48250258,129829369.82368262,113914437.53476015,141168372.7870351,120629263.0467526,123020849.27124763,122578192.68684015,128795524.97043756,127192122.7017751,142699266.7233401,109488951.81107005,109354881.80151255,101690976.74202257,139221477.28876007,105931223.89329259,121323456.39161266,121862388.29756266,130467253.67369509,107896550.49619514,106787435.47265263,122547072.0873101,127846756.86123511,105686284.97261757
2023-05-23,107359425.94216263,112349661.0672851,142123503.6044026,108196748.39994507,116481102.21395259,131210602.55190264,147285179.86304507,136396118.2288401,122109852.13490263,142473681.3880826,111776230.78691263,97578695.20797265,143098223.4190551,90681545.14467758,128116852.07713507,115776627.61298509,113957841.49082768,122553218.38709253,106883877.1239876,134422106.84453002,123159715.87853011,109885941.47663757,131173066.27752765,144604319.8222976,123767283.77920766,125163226.67026515,131853132.18865016,124370120.25261515,124795957.48250258,129829369.82368262,113914437.53476015,141168372.7870351,120629263.0467526,123020849.27124763,122578192.68684015,128795524.97043756,127192122.7017751,142699266.7233401,109488951.81107005,109354881.80151255,101690976.74202257,139221477.28876007,105931223.89329259,121323456.39161266,121862388.29756266,130467253.67369509,107896550.49619514,106787435.47265263,122547072.0873101,127846756.86123511,105686284.97261757
2023-05-24,107359425.94216263,112349661.0672851,142123503.6044026,108196748.39994507,116481102.21395259,131210602.55190264,147285179.86304507,136396118.2288401,122109852.13490263,142473681.3880826,111776230.78691263,97578695.20797265,143098223.4190551,90681545.14467758,128116852.07713507,115776627.61298509,113957841.49082768,122553218.38709253,106883877.1239876,134422106.84453002,123159715.87853011,109885941.47663757,131173066.27752765,144604319.8222976,123767283.77920766,125163226.67026515,131853132.18865016,124370120.25261515,124795957.48250258,129829369.82368262,113914437.53476015,141168372.7870351,120629263.0467526,123020849.27124763,122578192.68684015,128795524.97043756,127192122.7017751,142699266.7233401,109488951.81107005,109354881.80151255,101690976.74202257,139221477.28876007,105931223.89329259,121323456.39161266,121862388.29756266,130467253.67369509,107896550.49619514,106787435.47265263,122547072.0873101,127846756.86123511,105686284.97261757
2023-05-25,107359425.94216263,112349661.0672851,142123503.6044026,108196748.39994507,116481102.21395259,131210602.55190264,147285179.86304507,136396118.2288401,122109852.13490263,142473681.3880826,111776230.78691263,97578695.20797265,143098223.4190551,90681545.14467758,128116852.07713507,115776627.61298509,113957841.49082768,122553218.38709253,106883877.1239876,134422106.84453002,123159715.87853011,109885941.47663757,131173066.27752765,144604319.8222976,123767283.77920766,125163226.67026515,131853132.18865016,124370120.25261515,124795957.48250258,129829369.82368262,113914437.53476015,141168372.7870351,120629263.0467526,123020849.27124763,122578192.68684015,128795524.97043756,127192122.7017751,142699266.7233401,109488951.81107005,109354881.80151255,101690976.74202257,139221477.28876007,105931223.89329259,121323456.39161266,121862388.29756266,130467253.67369509,107896550.49619514,106787435.47265263,122547072.0873101,127846756.86123511,105686284.97261757
2023-05-26,107359425.94216263,112349661.0672851,142123503.6044026,108196748.39994507,116481102.21395259,131210602.55190264,147285179.86304507,136396118.2288401,122109852.13490263,142473681.3880826,111776230.78691263,97578695.20797265,143098223.4190551,90681545.14467758,128116852.07713507,115776627.61298509,113957841.49082768,122553218.38709253,106883877.1239876,134422106.84453002,123159715.87853011,109885941.47663757,131173066.27752765,144604319.8222976,123767283.77920766,125163226.67026515,131853132.18865016,124370120.25261515,124795957.48250258,129829369.82368262,113914437.53476015,141168372.7870351,120629263.0467526,123020849.27124763,122578192.68684015,128795524.97043756,127192122.7017751,142699266.7233401,109488951.81107005,109354881.80151255,101690976.74202257,139221477.28876007,105931223.89329259,121323456.39161266,121862388.29756266,130467253.67369509,107896550.49619514,106787435.47265263,122547072.0873101,127846756.86123511,105686284.97261757
2023-05-29,107359425.94216263,112349661.0672851,142123503.6044026,108196748.39994507,116481102.21395259,131210602.55190264,147285179.86304507,136396118.2288401,122109852.13490263,142473681.3880826,111776230.78691263,97578695.20797265,143098223.4190551,90681545.14467758,128116852.07713507,115776627.61298509,113957841.49082768,122553218.38709253,106883877.1239876,134422106.84453002,123159715.87853011,109885941.47663757,131173066.27752765,144604319.8222976,123767283.77920766,125163226.67026515,131853132.18865016,124370120.25261515,124795957.48250258,129829369.82368262,113914437.53476015,141168372.7870351,120629263.0467526,123020849.27124763,122578192.68684015,128795524.97043756,127192122.7017751,142699266.7233401,109488951.81107005,109354881.80151255,101690976.74202257,139221477.28876007,105931223.89329259,121323456.39161266,121862388.29756266,130467253.67369509,107896550.49619514,106787435.47265263,122547072.0873101,127846756.86123511,105686284.97261757
2023-05-30,107359425.94216263,112349661.0672851,142123503.6044026,108196748.39994507,116481102.21395259,131210602.55190264,147285179.86304507,136396118.2288401,122109852.13490263,142473681.3880826,111776230.78691263,97578695.20797265,143098223.4190551,90681545.14467758,128116852.07713507,115776627.61298509,113957841.49082768,122553218.38709253,106883877.1239876,134422106.84453002,123159715.87853011,109885941.47663757,131173066.27752765,144604319.8222976,123767283.77920766,125163226.67026515,131853132.18865016,124370120.25261515,124795957.48250258,129829369.82368262,113914437.53476015,141168372.7870351,120629263.0467526,123020849.27124763,122578192.68684015,128795524.97043756,127192122.7017751,142699266.7233401,109488951.81107005,109354881.80151255,101690976.74202257,139221477.28876007,105931223.89329259,121323456.39161266,121862388.29756266,130467253.67369509,107896550.49619514,106787435.47265263,122547072.0873101,127846756.86123511,105686284.97261757
2023-05-31,107359425.94216263,112349661.0672851,142123503.6044026,108196748.39994507,116481102.21395259,131210602.55190264,147285179.86304507,136396118.2288401,122109852.13490263,142473681.3880826,111776230.78691263,97578695.20797265,143098223.4190551,90681545.14467758,128116852.07713507,115776627.61298509,113957841.49082768,122553218.38709253,106883877.1239876,134422106.84453002,123159715.87853011,109885941.47663757,131173066.27752765,144604319.8222976,123767283.77920766,125163226.67026515,131853132.18865016,124370120.25261515,124795957.48250258,129829369.82368262,113914437.53476015,141168372.7870351,120629263.0467526,123020849.27124763,122578192.68684015,128795524.97043756,127192122.7017751,142699266.7233401,109488951.81107005,109354881.80151255,101690976.74202257,139221477.28876007,105931223.89329259,121323456.39161266,121862388.29756266,130467253.67369509,107896550.49619514,106787435.47265263,122547072.0873101,127846756.86123511,105686284.97261757
2023-06-01,107359425.94216263,112349661.0672851,142123503.6044026,108196748.39994507,116481102.21395259,131210602.55190264,147285179.86304507,136396118.2288401,122109852.13490263,142473681.3880826,111776230.78691263,97578695.20797265,143098223.4190551,90681545.14467758,128116852.07713507,115776627.61298509,113957841.49082768,122553218.38709253,106883877.1239876,134422106.84453002,123159715.87853011,109885941.47663757,131173066.27752765,144604319.8222976,123767283.77920766,125163226.67026515,131853132.18865016,124370120.25261515,124795957.48250258,129829369.82368262,113914437.53476015,141168372.7870351,120629263.0467526,123020849.27124763,122578192.68684015,128795524.97043756,127192122.7017751,142699266.7233401,109488951.81107005,109354881.80151255,101690976.74202257,139221477.28876007,105931223.89329259,121323456.39161266,121862388.29756266,130467253.67369509,107896550.49619514,106787435.47265263,122547072.0873101,127846756.86123511,105686284.97261757
2023-06-02,107359425.94216263,112349661.0672851,142123503.6044026,108196748.39994507,116481102.21395259,131210602.55190264,147285179.86304507,136396118.2288401,122109852.13490263,142473681.3880826,111776230.78691263,97578695.20797265,143098223.4190551,90681545.14467758,128116852.07713507,115776627.61298509,113957841.49082768,122553218.38709253,106883877.1239876,134422106.84453002,123159715.87853011,109885941.47663757,131173066.27752765,144604319.8222976,123767283.77920766,125163226.67026515,131853132.18865016,124370120.25261515,124795957.48250258,129829369.82368262,113914437.53476015,141168372.7870351,120629263.0467526,123020849.27124763,122578192.68684015,128795524.97043756,127192122.7017751,142699266.7233401,109488951.81107005,109354881.80151255,101690976.74202257,139221477.28876007,105931223.89329259,121323456.39161266,121862388.29756266,130467253.67369509,107896550.49619514,106787435.47265263,122547072.0873101,127846756.86123511,105686284.97261757
2023-06-05,107359425.94216263,112349661.0672851,142123503.6044026,108196748.39994507,116481102.21395259,131210602.55190264,147285179.86304507,136396118.2288401,122109852.13490263,142473681.3880826,111776230.78691263,97578695.20797265,143098223.4190551,90681545.14467758,128116852.07713507,115776627.61298509,113957841.49082768,122553218.38709253,106883877.1239876,134422106.84453002,123159715.87853011,109885941.47663757,131173066.27752765,144604319.8222976,123767283.77920766,125163226.67026515,131853132.18865016,124370120.25261515,124795957.48250258,129829369.82368262,113914437.53476015,141168372.7870351,120629263.0467526,123020849.27124763,122578192.68684015,128795524.97043756,127192122.7017751,142699266.7233401,109488951.81107005,109354881.80151255,101690976.74202257,139221477.28876007,105931223.89329259,121323456.39161266,121862388.29756266,130467253.67369509,107896550.49619514,106787435.47265263,122547072.0873101,127846756.86123511,105686284.97261757
2023-06-06,107359425.94216263,112349661.0672851,142123503.6044026,108196748.39994507,116481102.21395259,131210602.55190264,147285179.86304507,136396118.2288401,122109852.13490263,142473681.3880826,111776230.78691263,97578695.20797265,143098223.4190551,90681545.14467758,128116852.07713507,115776627.61298509,113957841.49082768,122553218.38709253,106883877.1239876,134422106.84453002,123159715.87853011,109885941.47663757,131173066.27752765,144604319.8222976,123767283.77920766,125163226.67026515,131853132.18865016,124370120.25261515,124795957.48250258,129829369.82368262,113914437.53476015,141168372.7870351,120629263.0467526,123020849.27124763,122578192.68684015,128795524.97043756,127192122.7017751,142699266.7233401,109488951.81107005,109354881.80151255,101690976.74202257,139221477.28876007,105931223.89329259,121323456.39161266,121862388.29756266,130467253.67369509,107896550.49619514,106787435.47265263,122547072.0873101,127846756.86123511,105686284.97261757
2023-06-07,107359425.94216263,112349661.0672851,142123503.6044026,108196748.39994507,116481102.21395259,131210602.55190264,147285179.86304507,136396118.2288401,122109852.13490263,142473681.3880826,111776230.78691263,97578695.20797265,143098223.4190551,90681545.14467758,128116852.07713507,115776627.61298509,113957841.49082768,122553218.38709253,106883877.1239876,134422106.84453002,123159715.87853011,109885941.47663757,131173066.27752765,144604319.8222976,123767283.77920766,125163226.67026515,131853132.18865016,124370120.25261515,124795957.48250258,129829369.82368262,113914437.53476015,141168372.7870351,120629263.0467526,123020849.27124763,122578192.68684015,128795524.97043756,127192122.7017751,142699266.7233401,109488951.81107005,109354881.80151255,101690976.74202257,139221477.28876007,105931223.89329259,121323456.39161266,121862388.29756266,130467253.67369509,107896550.49619514,106787435.47265263,122547072.0873101,127846756.86123511,105686284.97261757
2023-06-08,107359425.94216263,112349661.0672851,142123503.6044026,108196748.39994507,116481102.21395259,131210602.55190264,147285179.86304507,136396118.2288401,122109852.13490263,142473681.3880826,111776230.78691263,97578695.20797265,143098223.4190551,90681545.14467758,128116852.07713507,115776627.61298509,113957841.49082768,122553218.38709253,106883877.1239876,134422106.84453002,123159715.87853011,109885941.47663757,131173066.27752765,144604319.8222976,123767283.77920766,125163226.67026515,131853132.18865016,124370120.25261515,124795957.48250258,129829369.82368262,113914437.53476015,141168372.7870351,120629263.0467526,123020849.27124763,122578192.68684015,128795524.97043756,127192122.7017751,142699266.7233401,109488951.81107005,109354881.80151255,101690976.74202257,139221477.28876007,105931223.89329259,121323456.39161266,121862388.29756266,130467253.67369509,107896550.49619514,106787435.47265263,122547072.0873101,127846756.86123511,105686284.97261757
2023-06-09,107359425.94216263,112349661.0672851,142123503.6044026,108196748.39994507,116481102.21395259,131210602.55190264,147285179.86304507,136396118.2288401,122109852.13490263,142473681.3880826,111776230.78691263,97578695.20797265,143098223.4190551,90681545.14467758,128116852.07713507,115776627.61298509,113957841.49082768,122553218.38709253,106883877.1239876,134422106.84453002,123159715.87853011,109885941.47663757,131173066.27752765,144604319.8222976,123767283.77920766,125163226.67026515,131853132.18865016,124370120.25261515,124795957.48250258,129829369.82368262,113914437.53476015,141168372.7870351,120629263.0467526,123020849.27124763,122578192.68684015,128795524.97043756,127192122.7017751,142699266.7233401,109488951.81107005,109354881.80151255,101690976.74202257,139221477.28876007,105931223.89329259,121323456.39161266,121862388.29756266,130467253.67369509,107896550.49619514,106787435.47265263,122547072.0873101,127846756.86123511,105686284.97261757
2023-06-12,107359425.94216263,112349661.0672851,142123503.6044026,108196748.39994507,116481102.21395259,131210602.55190264,147285179.86304507,136396118.2288401,122109852.13490263,142473681.3880826,111776230.78691263,97578695.20797265,143098223.4190551,90681545.14467758,128116852.07713507,115776627.61298509,113957841.49082768,122553218.38709253,106883877.1239876,134422106.84453002,123159715.87853011,109885941.47663757,131173066.27752765,144604319.8222976,123767283.77920766,125163226.67026515,131853132.18865016,124370120.25261515,124795957.48250258,129829369.82368262,113914437.53476015,141168372.7870351,120629263.0467526,123020849.27124763,122578192.68684015,128795524.97043756,127192122.7017751,142699266.7233401,109488951.81107005,109354881.80151255,101690976.74202257,139221477.28876007,105931223.89329259,121323456.39161266,121862388.29756266,130467253.67369509,107896550.49619514,106787435.47265263,122547072.0873101,127846756.86123511,105686284.97261757
2023-06-13,107359425.94216263,112349661.0672851,142123503.6044026,108196748.39994507,116481102.21395259,131210602.55190264,147285179.86304507,136396118.2288401,122109852.13490263,142473681.3880826,111776230.78691263,97578695.20797265,143098223.4190551,90681545.14467758,128116852.07713507,115776627.61298509,113957841.49082768,122553218.38709253,106883877.1239876,134422106.84453002,123159715.87853011,109885941.47663757,131173066.27752765,144604319.8222976,123767283.77920766,125163226.67026515,131853132.18865016,124370120.25261515,124795957.48250258,129829369.82368262,113914437.53476015,141168372.7870351,120629263.0467526,123020849.27124763,122578192.68684015,128795524.97043756,127192122.7017751,142699266.7233401,109488951.81107005,109354881.80151255,101690976.74202257,139221477.28876007,105931223.89329259,121323456.39161266,121862388.29756266,130467253.67369509,107896550.49619514,106787435.47265263,122547072.0873101,127846756.86123511,105686284.97261757
2023-06-14,107359425.94216263,112349661.0672851,142123503.6044026,108196748.39994507,116481102.21395259,131210602.55190264,147285179.86304507,136396118.2288401,122109852.13490263,142473681.3880826,111776230.78691263,97578695.20797265,143098223.4190551,90681545.14467758,128116852.07713507,115776627.61298509,113957841.49082768,122553218.38709253,106883877.1239876,134422106.84453002,123159715.87853011,109885941.47663757,131173066.27752765,144604319.8222976,123767283.77920766,125163226.67026515,131853132.18865016,124370120.25261515,124795957.48250258,129829369.82368262,113914437.53476015,141168372.7870351,120629263.0467526,123020849.27124763,122578192.68684015,128795524.97043756,127192122.7017751,142699266.7233401,109488951.81107005,109354881.80151255,101690976.74202257,139221477.28876007,105931223.89329259,121323456.39161266,121862388.29756266,130467253.67369509,107896550.49619514,106787435.47265263,122547072.0873101,127846756.86123511,105686284.97261757
2023-06-15,107359425.94216263,112349661.0672851,142123503.6044026,108196748.39994507,116481102.21395259,131210602.55190264,147285179.86304507,136396118.2288401,122109852.13490263,142473681.3880826,111776230.78691263,97578695.20797265,143098223.4190551,90681545.14467758,128116852.07713507,115776627.61298509,113957841.49082768,122553218.38709253,106883877.1239876,134422106.84453002,123159715.87853011,109885941.47663757,131173066.27752765,144604319.8222976,123767283.77920766,125163226.67026515,131853132.18865016,124370120.25261515,124795957.48250258,129829369.82368262,113914437.53476015,141168372.7870351,120629263.0467526,123020849.27124763,122578192.68684015,128795524.97043756,127192122.7017751,142699266.7233401,109488951.81107005,109354881.80151255,101690976.74202257,139221477.28876007,105931223.89329259,121323456.39161266,121862388.29756266,130467253.67369509,107896550.49619514,106787435.47265263,122547072.0873101,127846756.86123511,105686284.97261757
2023-06-16,107359425.94216263,112349661.0672851,142123503.6044026,108196748.39994507,116481102.21395259,131210602.55190264,147285179.86304507,136396118.2288401,122109852.13490263,142473681.3880826,111776230.78691263,97578695.20797265,143098223.4190551,90681545.14467758,128116852.07713507,115776627.61298509,113957841.49082768,122553218.38709253,106883877.1239876,134422106.84453002,123159715.87853011,109885941.47663757,131173066.27752765,144604319.8222976,123767283.77920766,125163226.67026515,131853132.18865016,124370120.25261515,124795957.48250258,129829369.82368262,113914437.53476015,141168372.7870351,120629263.0467526,123020849.27124763,122578192.68684015,128795524.97043756,127192122.7017751,142699266.7233401,109488951.81107005,109354881.80151255,101690976.74202257,139221477.28876007,105931223.89329259,121323456.39161266,121862388.29756266,130467253.67369509,107896550.49619514,106787435.47265263,122547072.0873101,127846756.86123511,105686284.97261757
2023-06-19,107359425.94216263,112349661.0672851,142123503.6044026,108196748.39994507,116481102.21395259,131210602.55190264,147285179.86304507,136396118.2288401,122109852.13490263,142473681.3880826,111776230.78691263,97578695.20797265,143098223.4190551,90681545.14467758,128116852.07713507,115776627.61298509,113957841.49082768,122553218.38709253,106883877.1239876,134422106.84453002,123159715.87853011,109885941.47663757,131173066.27752765,144604319.8222976,123767283.77920766,125163226.67026515,131853132.18865016,124370120.25261515,124795957.48250258,129829369.82368262,113914437.53476015,141168372.7870351,120629263.0467526,123020849.27124763,122578192.68684015,128795524.97043756,127192122.7017751,142699266.7233401,109488951.81107005,109354881.80151255,101690976.74202257,139221477.28876007,105931223.89329259,121323456.39161266,121862388.29756266,130467253.67369509,107896550.49619514,106787435.47265263,122547072.0873101,127846756.86123511,105686284.97261757
2023-06-20,107359425.94216263,112349661.0672851,142123503.6044026,108196748.39994507,116481102.21395259,131210602.55190264,147285179.86304507,136396118.2288401,122109852.13490263,142473681.3880826,111776230.78691263,97578695.20797265,143098223.4190551,90681545.14467758,128116852.07713507,115776627.61298509,113957841.49082768,122553218.38709253,106883877.1239876,134422106.84453002,123159715.87853011,109885941.47663757,131173066.27752765,144604319.8222976,123767283.77920766,125163226.67026515,131853132.18865016,124370120.25261515,124795957.48250258,129829369.82368262,113914437.53476015,141168372.7870351,120629263.0467526,123020849.27124763,122578192.68684015,128795524.97043756,127192122.7017751,142699266.7233401,109488951.81107005,109354881.80151255,101690976.74202257,139221477.28876007,105931223.89329259,121323456.39161266,121862388.29756266,130467253.67369509,107896550.49619514,106787435.47265263,122547072.0873101,127846756.86123511,105686284.97261757
2023-06-21,107359425.94216263,112349661.0672851,142123503.6044026,108196748.39994507,116481102.21395259,131210602.55190264,147285179.86304507,136396118.2288401,122109852.13490263,142473681.3880826,111776230.78691263,97578695.20797265,143098223.4190551,90681545.14467758,128116852.07713507,115776627.61298509,113957841.49082768,122553218.38709253,106883877.1239876,134422106.84453002,123159715.87853011,109885941.47663757,131173066.27752765,144604319.8222976,123767283.77920766,125163226.67026515,131853132.18865016,124370120.25261515,124795957.48250258,129829369.82368262,113914437.53476015,141168372.7870351,120629263.0467526,123020849.27124763,122578192.68684015,128795524.97043756,127192122.7017751,142699266.7233401,109488951.81107005,109354881.80151255,101690976.74202257,139221477.28876007,105931223.89329259,121323456.39161266,121862388.29756266,130467253.67369509,107896550.49619514,106787435.47265263,122547072.0873101,127846756.86123511,105686284.97261757
2023-06-22,107359425.94216263,112349661.0672851,142123503.6044026,108196748.39994507,116481102.21395259,131210602.55190264,147285179.86304507,136396118.2288401,122109852.13490263,142473681.3880826,111776230.78691263,97578695.20797265,143098223.4190551,90681545.14467758,128116852.07713507,115776627.61298509,113957841.49082768,122553218.38709253,106883877.1239876,134422106.84453002,123159715.87853011,109885941.47663757,131173066.27752765,144604319.8222976,123767283.77920766,125163226.67026515,131853132.18865016,124370120.25261515,124795957.48250258,129829369.82368262,113914437.53476015,141168372.7870351,120629263.0467526,123020849.27124763,122578192.68684015,128795524.97043756,127192122.7017751,142699266.7233401,109488951.81107005,109354881.80151255,101690976.74202257,139221477.28876007,105931223.89329259,121323456.39161266,121862388.29756266,130467253.67369509,107896550.49619514,106787435.47265263,122547072.0873101,127846756.86123511,105686284.97261757
2023-06-23,107359425.94216263,112349661.0672851,142123503.6044026,108196748.39994507,116481102.21395259,131210602.55190264,147285179.86304507,136396118.2288401,122109852.13490263,142473681.3880826,111776230.78691263,97578695.20797265,143098223.4190551,90681545.14467758,128116852.07713507,115776627.61298509,113957841.49082768,122553218.38709253,106883877.1239876,134422106.84453002,123159715.87853011,109885941.47663757,131173066.27752765,144604319.8222976,123767283.77920766,125163226.67026515,131853132.18865016,124370120.25261515,124795957.48250258,129829369.82368262,113914437.53476015,141168372.7870351,120629263.0467526,123020849.27124763,122578192.68684015,128795524.97043756,127192122.7017751,142699266.7233401,109488951.81107005,109354881.80151255,101690976.74202257,139221477.28876007,105931223.89329259,121323456.39161266,121862388.29756266,130467253.67369509,107896550.49619514,106787435.47265263,122547072.0873101,127846756.86123511,105686284.97261757
2023-06-26,107359425.94216263,112349661.0672851,142123503.6044026,108196748.39994507,116481102.21395259,131210602.55190264,147285179.86304507,136396118.2288401,122109852.13490263,142473681.3880826,111776230.78691263,97578695.20797265,143098223.4190551,90681545.14467758,128116852.07713507,115776627.61298509,113957841.49082768,122553218.38709253,106883877.1239876,134422106.84453002,123159715.87853011,109885941.47663757,131173066.27752765,144604319.8222976,123767283.77920766,125163226.67026515,131853132.18865016,124370120.25261515,124795957.48250258,129829369.82368262,113914437.53476015,141168372.7870351,120629263.0467526,123020849.27124763,122578192.68684015,128795524.97043756,127192122.7017751,142699266.7233401,109488951.81107005,109354881.80151255,101690976.74202257,139221477.28876007,105931223.89329259,121323456.39161266,121862388.29756266,130467253.67369509,107896550.49619514,106787435.47265263,122547072.0873101,127846756.86123511,105686284.97261757
2023-06-27,107359425.94216263,112349661.0672851,142123503.6044026,108196748.39994507,116481102.21395259,131210602.55190264,147285179.86304507,136396118.2288401,122109852.13490263,142473681.3880826,111776230.78691263,97578695.20797265,143098223.4190551,90681545.14467758,128116852.07713507,115776627.61298509,113957841.49082768,122553218.38709253,106883877.1239876,134422106.84453002,123159715.87853011,109885941.47663757,131173066.27752765,144604319.8222976,123767283.77920766,125163226.67026515,131853132.18865016,124370120.25261515,124795957.48250258,129829369.82368262,113914437.53476015,141168372.7870351,120629263.0467526,123020849.27124763,122578192.68684015,128795524.97043756,127192122.7017751,142699266.7233401,109488951.81107005,109354881.80151255,101690976.74202257,139221477.28876007,105931223.89329259,121323456.39161266,121862388.29756266,130467253.67369509,107896550.49619514,106787435.47265263,122547072.0873101,127846756.86123511,105686284.97261757
2023-06-28,107359425.94216263,112349661.0672851,142123503.6044026,108196748.39994507,116481102.21395259,131210602.55190264,147285179.86304507,136396118.2288401,122109852.13490263,142473681.3880826,111776230.78691263,97578695.20797265,143098223.4190551,90681545.14467758,128116852.07713507,115776627.61298509,113957841.49082768,122553218.38709253,106883877.1239876,134422106.84453002,123159715.87853011,109885941.47663757,131173066.27752765,144604319.8222976,123767283.77920766,125163226.67026515,131853132.18865016,124370120.25261515,124795957.48250258,129829369.82368262,113914437.53476015,141168372.7870351,120629263.0467526,123020849.27124763,122578192.68684015,128795524.97043756,127192122.7017751,142699266.7233401,109488951.81107005,109354881.80151255,101690976.74202257,139221477.28876007,105931223.89329259,121323456.39161266,121862388.29756266,130467253.67369509,107896550.49619514,106787435.47265263,122547072.0873101,127846756.86123511,105686284.97261757
2023-06-29,107359425.94216263,112349661.0672851,142123503.6044026,108196748.39994507,116481102.21395259,131210602.55190264,147285179.86304507,136396118.2288401,122109852.13490263,142473681.3880826,111776230.78691263,97578695.20797265,143098223.4190551,90681545.14467758,128116852.07713507,115776627.61298509,113957841.49082768,122553218.38709253,106883877.1239876,134422106.84453002,123159715.87853011,109885941.47663757,131173066.27752765,144604319.8222976,123767283.77920766,125163226.67026515,131853132.18865016,124370120.25261515,124795957.48250258,129829369.82368262,113914437.53476015,141168372.7870351,120629263.0467526,123020849.27124763,122578192.68684015,128795524.97043756,127192122.7017751,142699266.7233401,109488951.81107005,109354881.80151255,101690976.74202257,139221477.28876007,105931223.89329259,121323456.39161266,121862388.29756266,130467253.67369509,107896550.49619514,106787435.47265263,122547072.0873101,127846756.86123511,105686284.97261757
2023-06-30,107359425.94216263,112349661.0672851,142123503.6044026,108196748.39994507,116481102.21395259,131210602.55190264,147285179.86304507,136396118.2288401,122109852.13490263,142473681.3880826,111776230.78691263,97578695.20797265,143098223.4190551,90681545.14467758,128116852.07713507,115776627.61298509,113957841.49082768,122553218.38709253,106883877.1239876,134422106.84453002,123159715.87853011,109885941.47663757,131173066.27752765,144604319.8222976,123767283.77920766,125163226.67026515,131853132.18865016,124370120.25261515,124795957.48250258,129829369.82368262,113914437.53476015,141168372.7870351,120629263.0467526,123020849.27124763,122578192.68684015,128795524.97043756,127192122.7017751,142699266.7233401,109488951.81107005,109354881.80151255,101690976.74202257,139221477.28876007,105931223.89329259,121323456.39161266,121862388.29756266,130467253.67369509,107896550.49619514,106787435.47265263,122547072.0873101,127846756.86123511,105686284.97261757
2023-07-03,107359425.94216263,112349661.0672851,142123503.6044026,108196748.39994507,116481102.21395259,131210602.55190264,147285179.86304507,136396118.2288401,122109852.13490263,142473681.3880826,111776230.78691263,97578695.20797265,143098223.4190551,90681545.14467758,128116852.07713507,115776627.61298509,113957841.49082768,122553218.38709253,106883877.1239876,134422106.84453002,123159715.87853011,109885941.47663757,131173066.27752765,144604319.8222976,123767283.77920766,125163226.67026515,131853132.18865016,124370120.25261515,124795957.48250258,129829369.82368262,113914437.53476015,141168372.7870351,120629263.0467526,123020849.27124763,122578192.68684015,128795524.97043756,127192122.7017751,142699266.7233401,109488951.81107005,109354881.80151255,101690976.74202257,139221477.28876007,105931223.89329259,121323456.39161266,121862388.29756266,130467253.67369509,107896550.49619514,106787435.47265263,122547072.0873101,127846756.86123511,105686284.97261757
2023-07-04,107619800.59416263,112646561.1357851,143237478.0254026,108406570.22044505,116727300.66245258,131287006.52940263,147777687.20504507,136427753.54434013,122683582.80290262,142536579.36108258,112239293.84991264,97911326.00997265,143086347.8285551,91458301.62167758,128555496.59563507,115822328.65998508,114519211.53682768,122530356.30109254,107474039.7484876,135093537.73853004,123602240.92503011,110481054.17263757,131313747.51552764,144725570.70979762,123960611.70570767,125233884.29626514,131620522.85565017,125403970.59561515,125002506.24250257,130114927.98968261,114244029.11576015,141279477.88603514,121389830.61875261,123267449.96274762,122646487.49384014,128756083.23793757,127895038.6837751,143097156.5918401,110356660.75957006,109709963.67651257,101576674.48452258,140157194.05526006,106122234.82179259,121209939.51261266,122413077.14156267,130803518.06569508,108474420.94369514,106762728.27665263,122799552.7068101,127996044.86523512,106192845.33561757
2023-07-05,106679585.59366263,112003446.69378512,142885147.8634026,108426407.54844505,116461844.31795257,130307928.21590264,147336401.4700451,135298163.72484013,122534264.14240262,142390908.69058257,111849973.18641263,97629938.10147265,142171016.46655512,90974224.49917758,128525689.54263507,115558920.34248507,114050216.7698277,121908995.11509255,107281183.6624876,134638106.21503,122831890.94503012,110434121.24163757,130788306.48452763,144409775.2687976,124130277.93470767,124936432.55776514,131281739.11915018,124765306.72811516,124759333.97050257,129496352.47768262,113835574.67276016,140915517.24453515,120968685.76175262,122857108.18874761,121680836.83534014,128639138.10393757,127293285.4637751,143100393.4673401,110080057.62057006,109583043.15151256,101542766.26402257,139070776.94076008,105804465.48529258,120638545.20711266,121650161.82256266,130256979.4761951,107892698.23119515,106164071.00915264,122886979.4933101,127706078.41773513,105691899.49111757
2023-07-06,106692565.50716265,110392342.8577851,141362360.52690262,108479231.56594506,114652696.05495256,129646784.26340264,146087320.15654507,133898707.78634013,120707264.47390263,140028137.56308258,110838903.17141263,96760848.26847264,141470777.4570551,90487035.30767757,127082158.65163508,114347851.73048508,112539553.29932769,121155155.54259254,105525326.7734876,133365621.25553001,122492852.45253012,109590790.96913758,129691349.44302765,142389771.60329762,122374163.89870769,123506893.86676514,130102967.78865018,124860150.76661515,124202436.16200256,128980775.06418262,112553733.09726016,139740393.70103514,119143462.15825263,121628341.05824763,120463578.91234013,127250065.29193759,126639114.9917751,141540065.10534012,109794445.98007005,109112938.21701257,100949387.86302258,137017712.63926005,104472185.94429259,119333861.22611266,120484340.36056267,128413210.04719509,106869309.22419515,105651744.53965265,122066930.29331009,126991776.16923513,104315488.46911758
2023-07-07,107857492.27116264,112601688.07378511,143784522.7364026,109508550.49838506,114985102.95780006,130921913.01437764,147433753.4749201,135199927.36434013,121757760.02775012,139900129.8720351,111936936.77891263,97147588.03858265,143887897.1410551,92167710.16180256,129256041.19163507,115823381.80683258,112817694.59645268,121927249.49893254,106633876.7454251,135376782.83489,123785155.13221012,110130854.81713757,129477928.02631015,143493759.62833762,122926626.18670768,122632699.56926765,132243009.22465019,126266558.02161516,124763374.73200257,129680287.25768262,113730644.35376015,141343672.11503515,120524153.28275262,122177334.31779762,120797378.80134015,127788421.31693758,126293371.2081351,142945974.06334013,111060933.18157005,110495316.65453257,101987589.22327258,138026596.16826007,105510140.32629259,120509043.94611266,122170437.72918767,129647386.8546651,107901479.24713516,106241199.76177263,122138072.38931009,128267817.60523513,104537836.18661757
2023-07-10,108287492.27116264,114875996.37128511,146039522.7364026,110647345.38438505,116708686.51780006,131981943.84437764,148172522.94892007,136652927.36434013,123873681.99175012,141014895.7550351,113546936.77891263,97483661.79108265,146183897.1410551,93459893.98030257,131047041.19163507,117315964.76683259,114689647.77845268,123663742.51543254,108971173.8329251,137360813.66489002,125358770.61171012,111897854.81713757,130509861.79631014,144141943.5899201,123430341.36144768,123613758.63526765,133622009.22465019,127060558.02161516,126282374.73200257,131387415.64618263,115011952.65126017,143665672.11503515,121654461.58025262,123145353.84029762,122695378.80134015,128962421.31693758,128576607.7611351,145097974.06334013,112185933.18157005,112480837.67703256,102942844.98527259,140106596.16826007,106729140.32629259,122020043.94611266,123911779.94518766,131141668.4346651,109541582.81463516,107510221.58277264,123233072.38931009,129551817.60523513,105538136.82267258
2023-07-11,108421492.27116264,114826020.19528511,146139522.7364026,111109345.38438505,116837686.51780006,131596943.84437764,148884522.94892007,137009927.36434013,124170681.99175012,142745895.7550351,113371936.77891263,97587661.79108265,146119897.1410551,93492893.98030257,131723041.19163507,118146964.76683259,115622647.77845268,124480742.51543254,108636173.8329251,136998813.66489002,125881770.61171012,111668854.81713757,130293861.79631014,145327865.65542012,123610210.79394768,123743758.63526765,133666009.22465019,128902558.02161516,127329374.73200257,132893415.64618263,115632862.00626016,144969672.11503515,122079393.55025263,122995353.84029762,122363378.80134015,129703421.31693758,128418607.7611351,144831974.06334013,113260933.18157005,113149837.67703256,103336844.98527259,140542596.16826007,106883140.32629259,121544043.94611266,124077779.94518766,132857668.4346651,109236582.81463516,108046221.58277264,123744072.38931009,130349817.60523513,105932570.59717257
2023-07-12,108786492.27116264,114675020.19528511,146173522.7364026,110544345.38438505,117070686.51780006,132135943.84437764,148941522.94892007,137567927.36434013,125023681.99175012,141814895.7550351,113555936.77891263,97704661.79108265,147287897.1410551,93344893.98030257,132127041.19163507,118279964.76683259,116194647.77845268,124620742.51543254,108760173.8329251,137443813.66489002,125077770.61171012,111565854.81713757,129960672.15015014,145521865.65542012,123759210.79394768,124374758.63526765,134096009.22465019,128763558.02161516,126484374.73200257,132049415.64618263,115136862.00626016,144720672.11503515,122106393.55025263,122719353.84029762,122107378.80134015,130402421.31693758,127936607.7611351,145169974.06334013,113055933.18157005,113509837.67703256,102774844.98527259,140236596.16826007,107389140.32629259,121395043.94611266,124096779.94518766,132921668.4346651,109413582.81463516,107973221.58277264,124311882.74315009,130238817.60523513,105664570.59717257
2023-07-13,110070492.27116264,115943020.19528511,147669522.7364026,112136345.38438505,118252686.51780006,133730943.84437764,150138522.94892007,139034927.36434013,126724681.99175012,144364895.7550351,114897936.77891263,98134661.79108265,148862897.1410551,94458893.98030257,133700041.19163507,119099964.76683259,118102647.77845268,126064742.51543254,110294173.8329251,139588813.66489002,126819770.61171012,112963854.81713757,132358896.19565013,147521865.65542012,126258210.79394768,125927758.63526765,135231009.22465017,130408558.02161516,127692374.73200257,133404415.64618263,116670862.00626016,146525672.11503515,123869393.55025263,125040353.84029762,125008378.80134015,132252421.31693758,130304607.7611351,147842974.06334013,113877933.18157005,114663837.67703256,104251844.98527259,142093596.16826007,109365140.32629259,123010043.94611266,125445779.94518766,134391668.43466508,111027582.81463516,109731221.58277264,126812114.2931501,131945817.60523513,106705570.59717257
2023-07-14,110395492.27116264,116744020.19528511,150665522.7364026,112967345.38438505,118407686.51780006,134260943.84437764,150346243.98877007,140046927.36434013,127128681.99175012,145649616.7948851,114855497.53323764,98741661.79108265,148849897.1410551,94796893.98030257,133572455.53073508,119949964.76683259,119361647.77845268,126786742.51543254,111310173.8329251,140641813.66489002,127931770.61171012,114174854.81713757,133235896.19565013,149154865.65542012,126497931.83379768,126021758.63526765,135964009.22465017,130094558.02161516,128965374.73200257,134499415.64618263,117882862.00626016,146923672.11503515,124194163.21030262,127501353.84029762,126371638.50104015,132750421.31693758,131168607.7611351,148553974.06334013,113850933.18157005,114698837.67703256,104201844.98527259,142875596.16826007,110619140.32629259,123772043.94611266,125037039.64488766,134531668.43466508,111241582.81463516,109973221.58277264,127508114.2931501,131931817.60523513,106702570.59717257
2023-07-17,110322492.27116264,116693480.02728511,150991522.7364026,112812345.38438505,119328686.51780006,134626943.84437764,149103159.85127008,140488927.36434013,127758681.99175012,145491765.8968851,115230393.18073763,99443661.79108265,149119897.1410551,94954893.98030257,133369336.87073508,119566964.76683259,119957647.77845268,127433742.51543254,112466173.8329251,141340078.90739003,128260770.61171012,114982854.81713757,133067938.00165014,148402865.65542012,126073953.25779767,126583758.63526765,135895009.22465017,129915558.02161516,129033374.73200257,134336415.64618263,118220862.00626016,146597672.11503515,124063446.59030263,127846353.84029762,127079755.58204015,133051421.31693758,132000607.7611351,148933974.06334013,113796933.18157005,114868837.67703256,104546844.98527259,143419596.16826007,110934140.32629259,125073043.94611266,125112186.14388767,135077668.43466508,110993582.81463516,109455221.58277264,127933114.2931501,132418817.60523513,106680357.91267258
2023-07-18,110072492.27116264,115779480.02728511,151009522.7364026,112416345.38438505,119521686.51780006,134514943.84437764,149232159.85127008,141004927.36434013,127784681.99175012,145537765.8968851,114899393.18073763,99662661.79108265,148871897.1410551,95042893.98030257,132389336.87073508,119286964.76683259,120030647.77845268,126787742.51543254,111590173.8329251,140927078.90739003,127517770.61171012,115250854.81713757,133857938.00165014,148401865.65542012,125994953.25779767,126818758.63526765,135556009.22465017,129880558.02161516,129277374.73200257,134194415.64618263,118122862.00626016,146951672.11503515,123501446.59030263,128658353.84029762,127512755.58204015,133052421.31693758,132407607.7611351,149321974.06334013,113569933.18157005,114303837.67703256,104505844.98527259,142860596.16826007,111003140.32629259,125846043.94611266,124426186.14388767,135558668.43466508,111367582.81463516,109596221.58277264,128222114.2931501,132213817.60523513,106714357.91267258
2023-07-19,109622492.27116264,115528480.02728511,151049522.7364026,112193345.38438505,118835686.51780006,133838943.84437764,148519159.85127008,140560927.36434013,126392681.99175012,145443765.8968851,114257393.18073763,99362661.79108265,147815897.1410551,94845893.98030257,132261336.87073508,119135964.76683259,119127647.77845268,125912742.51543254,110527173.8329251,140644078.90739003,126878770.61171012,115096854.81713757,133275938.00165014,148010865.65542012,125026953.25779767,125883758.63526765,134573009.22465017,129636558.02161516,129598374.73200257,134034415.64618263,117600862.00626016,146743672.11503515,122873446.59030263,128146353.84029762,126883755.58204015,132474421.31693758,132519607.7611351,148294974.06334013,113233933.18157005,113730837.67703256,103790844.98527259,142084596.16826007,109853140.32629259,124991043.94611266,123404186.14388767,135020668.43466508,111402582.81463516,109098221.58277264,126978114.2931501,131877817.60523513,107120357.91267258
2023-07-20,110435492.27116264,116530480.02728511,151770522.7364026,112707345.38438505,119408686.51780006,135404943.84437764,149091159.85127008,141735927.36434013,127113681.99175012,145789765.8968851,114233393.18073763,99731661.79108265,149298897.1410551,95359893.98030257,133086336.87073508,119292964.76683259,119679647.77845268,126143742.51543254,111634173.8329251,142491078.90739003,127149770.61171012,115933854.81713757,134176938.00165014,148810865.65542012,125722953.25779767,126019758.63526765,135694009.22465017,129850558.02161516,130256374.73200257,134045415.64618263,117772862.00626016,147683672.11503515,123647446.59030263,129227353.84029762,127959755.58204015,132244421.31693758,133125607.7611351,149613974.06334013,112921933.18157005,114035837.67703256,103844844.98527259,142928596.16826007,110160140.32629259,125778043.94611266,124312186.14388767,136434668.43466508,111918582.81463516,109699221.58277264,127685114.2931501,131980817.60523513,108108357.91267258
2023-07-21,111778492.27116264,119635480.02728511,154213522.7364026,115339345.38438505,120643686.51780006,137080943.84437764,150769159.85127008,143592654.97584012,129779681.99175012,148768765.8968851,116263356.64773762,100837069.54108265,153578897.1410551,96497893.98030257,136547336.87073508,121790964.76683259,122734647.77845268,130180742.51543254,114071173.8329251,145963078.90739003,129380770.61171012,117552854.81713757,136513938.00165015,151637865.65542012,127110953.25779767,128504851.08176765,137151009.22465017,131613558.02161516,131925374.73200257,136222415.64618263,120056868.99576016,150634672.11503515,126151446.59030263,130601353.84029762,130102755.58204015,133933337.74093759,135480607.7611351,152272974.06334013,115413259.08357006,116541837.67703256,105431438.44627258,145213596.16826007,111997140.32629259,128075872.43361266,126946186.14388767,139889668.43466508,113098582.81463516,111301221.58277264,130356114.2931501,134550224.32323512,109483357.91267258
2023-07-24,112554492.27116264,121593480.02728511,156182522.7364026,116138345.38438505,122776686.51780006,139480943.84437764,153394159.85127008,145927654.97584012,131947681.99175012,149077765.8968851,117927356.64773762,101391069.54108265,156353897.1410551,97043893.98030257,137972336.87073508,124296964.76683259,123671647.77845268,130590742.51543254,117219173.8329251,148267078.90739003,130718770.61171012,118992854.81713757,138145938.00165015,155018865.65542012,128757953.25779767,129549851.08176765,138978009.22465017,132556558.02161516,132730374.73200257,138002415.64618263,121647868.99576016,152521672.11503515,128451446.59030263,132311353.84029762,131651755.58204015,134469337.7409376,136436607.7611351,154429974.06334013,116176259.08357006,118564837.67703256,106793438.44627258,148137596.16826007,113775140.32629259,130160872.43361266,129478186.14388767,141351668.43466508,114796582.81463516,112880221.58277264,130864114.2931501,136348224.32323512,111085357.91267258
2023-07-25,112212492.27116264,121239480.02728511,156170522.7364026,116206345.38438505,122792686.51780006,138911943.84437764,152755159.85127008,145043654.97584012,131113681.99175012,148175765.8968851,117753356.64773762,101689069.54108265,155572897.1410551,97278893.98030257,137294336.87073508,123910964.76683259,123659647.77845268,130835742.51543254,116226173.8329251,147350078.90739003,130059770.61171012,119024854.81713757,138465938.00165015,153612865.65542012,128205953.25779767,129917851.08176765,138846009.22465017,132387558.02161516,132362374.73200257,137588415.64618263,121758868.99576016,151758672.11503515,127624446.59030263,132414353.84029762,131017755.58204015,134441337.7409376,136835607.7611351,153862974.06334013,115909259.08357006,117600837.67703256,105942034.03188758,147362596.16826007,113256140.32629259,129809872.43361266,128627186.14388767,140510668.43466508,114991582.81463516,112675221.58277264,130623114.2931501,135656224.32323512,111364357.91267258
2023-07-26,112524492.27116264,122471480.02728511,156892522.7364026,117195345.38438505,122712686.51780006,139085943.84437764,152164159.85127008,146298654.97584012,131199681.99175012,149588765.8968851,118354356.64773762,101895069.54108265,155197897.1410551,97346893.98030257,137359336.87073508,123993964.76683259,124231647.77845268,131413742.51543254,117649173.8329251,147969078.90739003,131507770.61171012,119449854.81713757,140398938.00165015,153792865.65542012,129517953.25779767,130221851.08176765,139661009.22465017,132895558.02161516,132881374.73200257,138160415.64618263,123173868.99576016,151919672.11503515,128920446.59030263,133940353.84029762,132308755.58204015,135333337.7409376,137659607.7611351,154593974.06334013,116281259.08357006,117788837.67703256,106183917.46738759,148998596.16826007,113626140.32629259,129875872.43361266,129589186.14388767,141409668.43466508,115401582.81463516,113175221.58277264,131935114.2931501,136366224.32323512,111588357.91267258
2023-07-27,111612492.27116264,123559480.02728511,157810522.7364026,117299345.38438505,122945686.51780006,138883943.84437764,152145159.85127008,146790654.97584012,131659681.99175012,149504765.8968851,119566356.64773762,101300069.54108265,155872897.1410551,97150893.98030257,137518336.87073508,125560964.76683259,124905647.77845268,131563742.51543254,118114173.8329251,148518078.90739003,132276770.61171012,118978854.81713757,140976938.00165015,156284865.65542012,129796953.25779767,131082851.08176765,139397009.22465017,133104558.02161516,133143374.73200257,138891415.64618263,123026868.99576016,152522672.11503515,130836446.59030263,134808353.8402976,133249755.58204015,134867337.7409376,137769607.7611351,155618974.06334013,115871259.08357006,118681837.67703256,106275917.46738759,150747596.16826007,115488140.32629259,129953872.43361266,130156186.14388767,141129668.43466508,115963582.81463516,113268221.58277264,133112114.2931501,135894224.32323512,111905357.91267258
2023-07-28,112581492.27116264,124233480.02728511,159546522.7364026,117785345.38438505,124071686.51780006,139070943.84437764,152925159.85127008,148869654.97584012,132756681.99175012,150896765.8968851,121218356.64773762,102481069.54108265,156704897.1410551,98175893.98030257,139010336.87073508,126216964.76683259,125665647.77845268,132027742.51543254,120442173.8329251,150144078.90739003,134079770.61171012,121560854.81713757,142411938.00165015,156842865.65542012,131141953.25779767,132401851.08176765,141060009.22465017,134466558.02161515,134728374.73200256,139902415.64618263,125930868.99576016,152972672.11503515,131455446.59030263,136239353.8402976,135697755.58204013,136177337.7409376,139331607.7611351,157413974.06334013,116912259.08357006,119533837.67703256,107031917.46738759,151460596.16826007,116430140.32629259,131455872.43361266,132588186.14388767,142730668.43466508,116382582.81463516,114420221.58277264,135035114.2931501,136285224.32323512,112543357.91267258
2023-07-31,112273492.27116264,124782480.02728511,161107522.7364026,118419345.38438505,126336686.51780006,139584943.84437764,154255159.85127008,150504654.97584012,133351681.99175012,152481765.8968851,121812356.64773762,103700069.54108265,157441897.1410551,98592893.98030257,139297336.87073508,127084964.76683259,126251647.77845268,132253742.51543254,121374173.8329251,151436078.90739003,134495770.61171013,123343854.81713757,144233938.00165015,157660865.65542012,132826953.25779767,133802851.08176765,143252009.22465017,134815558.02161515,136056374.73200256,140904415.64618263,127213868.99576016,153281672.11503515,132873446.59030263,138249353.8402976,136655755.58204013,138673337.7409376,140592607.7611351,158582974.06334013,116978259.08357006,119663837.67703256,107263917.46738759,152338596.16826007,117953140.32629259,133082872.43361266,133289186.14388767,144359668.43466508,117876582.81463516,115331221.58277264,135877114.2931501,136728224.32323512,113423357.91267258
2023-08-01,111211492.27116264,123231480.02728511,159887522.7364026,116367345.38438505,126695686.51780006,138683943.84437764,154748159.85127008,148658654.97584012,130958681.99175012,151398765.8968851,120125356.64773762,102519069.54108265,154925897.1410551,97701893.98030257,137884336.87073508,126423964.76683259,124135647.77845268,129408742.51543254,118356173.8329251,149276078.90739003,132355770.61171012,121556854.81713757,141565938.00165015,156784865.65542012,131571953.25779767,131911851.08176765,141723009.22465017,133418558.02161516,135004374.73200256,140645415.64618263,125280868.99576016,153365672.11503515,132515446.59030263,137176353.8402976,134139755.58204015,136831337.7409376,139236607.7611351,157535974.06334013,115497259.08357006,118278837.67703256,106566917.46738759,150858596.16826007,116705140.32629259,131299872.43361266,130965186.14388767,142795668.43466508,118452582.81463516,114485221.58277264,133198114.2931501,136444224.32323512,112743357.91267258
2023-08-02,112136492.27116264,125323958.51728512,162798522.7364026,117374345.38438505,127782686.51780006,140241943.84437764,155652159.85127008,152165654.97584012,132442970.36775012,154344765.8968851,121143356.64773762,103923069.54108265,156820363.2215551,98723893.98030257,138584048.5967351,128111428.24783258,126810489.73245269,131083742.51543254,120732173.8329251,151920078.90739003,134408770.61171013,123129854.81713757,142553938.00165015,158573791.4119201,133272953.25779767,133737851.08176765,143492009.22465017,135556558.02161515,137462374.73200256,141547415.64618263,127070868.99576016,156050607.27753514,134969446.59030262,139548078.32529762,136341755.58204013,139018337.7409376,141230607.7611351,159718974.06334013,116495028.94757007,119854837.67703256,107206917.46738759,154056596.16826007,118014140.32629259,133511872.43361266,132829639.01888767,146033668.43466508,119412582.81463516,115658098.30977264,135107114.2931501,137306224.32323512,113556357.91267258
2023-08-03,111269492.27116264,125338958.51728512,161818522.7364026,117390345.38438505,126819686.51780006,139385943.84437764,154487159.85127008,153165248.55038762,130866970.36775012,154232765.8968851,120244356.64773762,103542069.54108265,156604363.2215551,97911893.98030257,137555048.5967351,127188428.24783258,125302489.73245269,130697742.51543254,120798173.8329251,152060078.90739003,134145770.61171012,123415854.81713757,142734938.00165015,158154791.4119201,132626953.25779767,134102851.08176765,142666009.22465017,135515558.02161515,137476374.73200256,140257415.64618263,126714868.99576016,155361607.27753514,134006446.59030263,138790078.32529762,136833755.58204013,139135337.7409376,141857607.7611351,159214974.06334013,115421028.94757007,119562837.67703256,106658917.46738759,153762596.16826007,116959140.32629259,133473872.43361266,131305639.01888767,146121668.43466508,119293582.81463516,115946098.30977264,135238114.2931501,137357224.32323512,112668357.91267258
2023-08-04,113164739.29116264,128376958.51728512,163987024.7964026,119678073.42338505,129408077.57780007,142070008.83987764,157044083.96327007,154826761.54888764,133860970.36775012,156413765.8968851,122125744.42523763,104982931.54708266,159433363.2215551,100068478.23930258,139675038.8067351,128373099.46283258,129384173.13445269,133709742.51543254,123837173.8329251,154448153.37089002,137093770.61171013,125241766.77913758,145657564.93365014,160082722.42842013,135473581.95029768,136091566.88676766,145121572.3176502,138365264.42061517,138951610.10500258,142612347.06368262,129103276.80226016,158119666.63953516,136302510.21130264,141096571.8352976,138635755.58204013,140880719.38493758,143459313.9136351,161866974.06334013,117115100.08207007,122140837.67703256,107706989.17338757,157160386.18326008,118784441.24979259,135219942.40211266,134213639.01888767,148529668.43466508,120481238.21163514,118461986.51177263,138199830.6981501,138853402.14573514,114603129.20667256
2023-08-07,114104739.29116264,128681958.51728512,166424024.7964026,120521073.42338505,130336077.57780007,143721008.83987764,158752083.96327007,156633761.54888764,134778970.36775014,157285765.8968851,123180744.42523763,105378931.54708266,160954363.2215551,101145478.23930258,140546038.8067351,129943099.46283258,129760173.13445269,135017742.51543254,125663173.8329251,156109153.37089002,138934770.61171013,126941766.77913758,146074564.93365014,160847722.42842013,136366581.95029768,136947566.88676766,146868572.3176502,139664264.42061517,140463610.10500258,144174347.06368262,130861276.80226016,158915666.63953516,136954510.21130264,142602571.8352976,139771755.58204013,141892719.38493758,145088313.9136351,162560974.06334013,118419100.08207007,123030837.67703256,109470989.17338757,159080386.18326008,120098441.24979259,136264942.40211266,135564639.01888767,150226668.43466508,121801238.21163514,119178986.51177263,137868830.6981501,140086402.14573514,115255129.20667256
2023-08-08,114335739.29116264,127515954.86228512,165031024.7964026,120426073.42338505,130811623.05280007,142756008.83987764,158347359.63177007,153982761.54888764,134149970.36775012,156690223.9578851,122231744.42523763,104728116.48758265,160451363.2215551,101043478.23930258,139962787.9232351,129062099.46283258,129853173.13445269,134759742.51543254,124597173.8329251,153547153.37089002,138931770.61171013,125002766.77913758,145304564.93365014,158872722.42842013,135321917.61779767,136616566.88676766,146177572.3176502,141298264.42061517,139667610.10500258,144061347.06368262,130864276.80226016,158703666.63953516,137244510.21130264,143369320.95179763,137749755.58204013,142154102.6824376,143335587.0436351,160630974.06334013,119058100.08207007,121069837.67703256,109531989.17338757,159439386.18326008,118548441.24979259,134242942.40211266,135339639.01888767,150146668.43466508,121263238.21163514,120452825.96377264,137620905.0096501,139656402.14573514,115585129.20667256
2023-08-09,113211739.29116264,126278954.86228512,164221024.7964026,119005073.42338505,129510623.05280007,142250907.95187765,158070359.63177007,153519761.54888764,132586970.36775012,155591223.9578851,120995744.42523763,104414116.48758265,158692363.2215551,100700478.23930258,138420787.9232351,128480099.46283258,128426173.13445269,133201742.51543254,123489173.8329251,152453153.37089002,137964770.61171013,124422766.77913758,144303564.93365014,159004722.42842013,134927917.61779767,135991566.88676766,144986572.3176502,140616264.42061517,139501610.10500258,142782347.06368262,129964276.80226016,157656706.44603515,136581510.21130264,142218320.95179763,137155755.58204013,141142102.6824376,142871587.0436351,159558974.06334013,117478100.08207007,119970837.67703256,108203989.17338757,158089386.18326008,118831441.24979259,134050942.40211266,133976639.01888767,148816668.43466508,120462238.21163514,119286825.96377264,136280905.0096501,138365402.14573514,114201129.20667256
2023-08-10,111065739.29116264,125213954.86228512,161467024.7964026,117829320.36838506,127915623.05280007,139278907.95187765,155774359.63177007,150187761.54888764,131829970.36775012,152665033.2800751,119555038.89873762,103285116.48758265,156093421.3195551,99652478.23930258,136398730.1492351,126576099.46283258,127305173.13445269,130682732.86993255,122752173.8329251,150901799.21989003,135995770.61171013,122201766.77913758,142565248.20365015,156753722.42842013,134038917.61779769,134328319.59876767,144170572.3176502,137955264.42061517,137336610.10500258,141325347.06368262,128382276.80226016,154492706.44603515,135797510.21130264,140405320.95179763,134875755.58204013,138827102.6824376,140590697.57163513,158398133.4213401,115163134.99957007,118616626.64453256,106179388.60838757,156435386.18326008,116926441.24979259,133122942.40211266,133222639.01888767,146797535.71716508,118763238.21163514,117563825.96377264,134529905.0096501,135949710.19073513,112642620.59717257
2023-08-11,110459535.32471265,126545999.16528511,162732744.0764026,118132247.45562005,128356311.05280009,140665665.39187765,157202523.73627007,151706523.60388765,131939155.71775013,152516247.6425751,120862352.60123762,103027116.48758265,157525421.3195551,100200863.98680258,138255781.2462351,127058610.79850759,128099849.34495269,131394367.30143255,124152173.8329251,152110799.21989003,138011341.63371012,123616609.04513757,142749407.28965014,158152499.5359201,135177456.36729768,135977319.59876767,145527572.3176502,138168272.06111515,137779203.84850258,140888077.1316826,129790905.17226017,155180338.01703516,137070887.06630263,141600154.01179764,136849273.83454016,140174759.02823758,141263014.98354763,160569292.4488401,115488167.34207007,118665063.76953256,106806125.75088757,156986792.43276006,117995294.9025276,134283183.95211267,134407850.06038767,147276570.77266508,119254774.59413515,118111347.38077264,135932527.1491501,136612308.14373514,112916302.48217256
2023-08-14,111406214.58121264,129960962.78778511,165914125.8999026,120014876.58762005,129594806.14780009,143383665.39187765,159783433.3762701,154908898.59888765,133900002.86025013,154294213.2790751,122545430.97023763,104534831.51258266,160135421.3195551,101549164.36280258,141687781.2462351,129499099.40300758,131853903.62145269,134646585.51543257,126838865.4979251,155669799.21989003,140966719.94371012,126124720.87213758,144172046.68565014,162028499.5359201,136165968.7867977,138850319.59876767,147764572.3176502,140469632.36811516,140616929.22850257,143211466.59018263,132728701.79426017,159240338.01703516,139378887.06630263,144690652.99179763,139232488.19904014,142448839.8882376,143868733.1260476,163380292.4488401,116907000.11857007,122073954.14703256,107982068.06788757,161003792.43276006,119534940.3540276,136506183.95211267,136454569.90338767,149776570.77266508,120730863.04413515,118601770.24477264,138121541.39365008,139428308.14373514,115797302.48217256
2023-08-15,111585214.58121264,129482962.78778511,165783125.8999026,119239876.58762005,129234806.14780009,143832665.39187765,158641433.3762701,155046898.59888765,133304002.86025013,154113213.2790751,123206430.97023763,104858831.51258266,159893421.3195551,102100164.36280258,141549781.2462351,129576099.40300758,131249903.62145269,134205585.51543255,126595865.4979251,155322799.21989003,140532719.94371012,126193720.87213758,143629046.68565014,161470499.5359201,136929968.7867977,139135319.59876767,147522572.3176502,139945632.36811516,140186929.22850257,143701466.59018263,132751701.79426017,158697338.01703516,139057887.06630263,144852652.99179763,140058488.19904014,142283839.8882376,144877733.1260476,164323292.4488401,116790000.11857007,123175954.14703256,108406068.06788757,160202792.43276006,119623940.3540276,136710183.95211267,138396569.90338767,149772570.77266508,120561863.04413515,118947770.24477264,138087541.39365008,140987308.14373514,117302302.48217256
2023-08-16,111164214.58121264,130171962.78778511,167426125.8999026,119686393.54012007,129430806.14780009,143209665.39187765,159360198.1162701,156267898.59888765,133259002.86025013,155622213.2790751,124219430.97023763,105357616.72558266,160664421.3195551,101553164.36280258,141501781.2462351,129913099.40300758,132235903.62145269,135149585.51543257,127348865.4979251,156616590.17489,140627719.94371012,128072720.87213758,143278046.68565014,161118687.6294201,136916968.7867977,140206319.59876767,147168572.3176502,140026580.21611518,141079872.67350256,143736042.21318263,134211701.79426017,158172338.01703516,138550729.85130262,146326652.99179763,142068488.19904014,143147682.6732376,146238733.1260476,166213292.4488401,117274000.11857007,123940954.14703256,108734068.06788757,159857792.43276006,120137940.3540276,138656921.67411265,139589569.90338767,151457375.3336651,120976671.57363516,118460770.24477264,139074541.39365008,142197045.86573514,118673913.29167257
2023-08-17,110355215.42471264,129292962.78778511,166644125.8999026,119032393.54012007,128024806.14780009,142635868.41387764,158373198.1162701,155655271.82438764,132883002.86025013,155156213.2790751,123660430.97023763,104884616.72558266,159748421.3195551,101026699.58880258,140092781.2462351,128752099.40300758,131022903.62145269,134271585.51543257,126313865.4979251,156174796.99989003,139295719.94371012,126702720.87213758,143436442.40315014,159619687.6294201,136293968.7867977,138801319.59876767,146189572.3176502,139316600.10861516,140499872.67350256,142861042.21318263,133473701.79426017,158436338.01703516,137594729.85130262,145730652.99179763,141681488.19904014,142164682.6732376,145959733.1260476,164659700.51384014,116121313.33257008,123368954.14703256,108278068.06788757,159621792.43276006,119829940.3540276,137753921.67411265,138261569.90338767,151107131.6856651,120831671.57363516,118015243.55477263,137948541.39365008,142070045.86573514,118392913.29167257
2023-08-18,103703706.83394265,121142161.26351011,158903506.8801751,112660379.11722255,120317934.3117151,133256761.29095764,149420815.23184508,145726229.35191265,125777817.11806512,147024386.57822758,116502375.66284762,99408984.52161765,150131286.78952512,95260795.34380259,130448723.06760758,121242229.32915008,122493471.0380227,126678952.99236506,118348806.7748101,146232879.0963275,130338248.17614263,118956982.72839257,135654751.47854015,149632272.13352263,128833593.35580769,130147319.59876765,137627572.3176502,131651938.86628017,131918750.06435257,134238248.49799013,125114918.11407767,148988422.89605516,129320234.39701763,136796115.56937262,132797750.05529514,132850657.2592876,137366672.4974776,154192700.51384014,109676636.24449007,116471882.95008257,102476564.97391507,149653647.62086007,112767800.6733401,129251789.99345767,129706462.17702767,142262343.6411801,114223623.61296517,111708172.99926513,130613395.62527509,134327868.71545264,111601345.13322507
2023-08-21,103332760.79823264,119724912.02851012,158256019.97017512,112195903.71222256,120032856.79171509,132630023.70095766,148408737.0368451,144822540.93191263,125807350.70306514,146854379.8632276,115610496.90534763,99958756.61161765,149377434.50702512,94890586.34380257,129104034.46154259,120757721.40915008,121812686.1930227,126111369.42236507,117173483.23731011,145636612.68382752,129293225.68114264,118271423.45839258,135125523.25604016,148535184.92102265,128384530.29080768,130144523.79376766,136711075.05157018,131155037.02378017,131032658.44935259,133916727.65049013,124348324.07657766,148071062.02605516,128801800.28701764,135722166.30830765,131976625.27779515,132709697.5667876,136404860.5799776,152850311.94634014,109954832.85199007,117295714.80758259,101535134.07891506,148145255.3758601,112822843.0008401,129038026.67845768,130070576.26702768,141883314.0736801,114206707.52296518,111646970.80736515,130873932.7852751,134716654.17295265,112555705.68322508
2023-08-22,103004846.45823264,119618261.76851012,158558859.58767512,112216889.31222257,119700190.20171508,132690193.31345765,148575904.9508451,145136924.57491264,126070771.20093015,146550023.0622276,115596171.24034764,100217756.61161765,149241788.13202512,94854753.38285258,129252375.2745426,120843193.00165008,121897247.2395227,126360250.76236507,117128887.28931011,146263262.68582752,129593398.99514264,118347683.02339257,135320164.45204014,148844088.27602267,128269791.85880768,130417523.79376766,136859415.86457017,131340448.08178017,130400977.24227259,133794645.91299014,124226771.35557766,148735177.59755516,128736831.71701765,135789067.66030765,132276798.59179515,133106617.4272876,136835884.17797762,152877320.80884013,110164832.85199007,117078714.80758259,101422333.24441507,148955053.6678601,113123016.3148401,129530228.10895768,129586498.23102768,141984993.49368012,114827351.37346518,110973067.17486516,131125932.7852751,134163384.19095264,111759802.05072509
2023-08-23,102818358.57323264,118784001.2335101,157861019.71067512,111689157.09222257,118883663.70471507,132112395.55595766,147746165.63234508,144443359.05991262,125591376.78493015,145759932.23222762,115291390.19034764,100265875.28961766,148208756.73802513,94044162.84385258,128269508.7765426,120368748.45415008,121434920.9640227,125707887.06586507,116283625.3513101,145184368.27432752,128689885.80864264,118504969.70789257,134639555.60854015,148188930.20102265,127820877.83230768,130175279.45876765,136459109.4995702,130873986.22678016,129496404.72127259,133403185.95949015,123205518.82357767,147907051.04505515,128475431.69801764,135235693.95780763,131673280.40229516,131787266.93978758,136175499.97097763,151575266.40284014,109895604.62449007,116337858.70358258,101250116.42591508,148546082.0978601,112476993.92084008,128578559.93095767,128407931.91302767,141374493.6176801,114496393.11396518,110659865.55936515,130904776.6027751,133408010.48845264,110990016.58872509
2023-08-24,103447358.57323264,119769544.16951011,159981307.69667512,112521481.09622258,120414517.42671508,133551769.69145766,149665829.0373451,146130211.68341264,126048737.60993016,147439730.52422762,116528414.61434764,100783875.28961766,149921136.57802513,95276221.58735257,128945719.7145426,121128026.83115008,122650976.6060227,126947165.44286507,117258610.45281011,146568031.67932752,129655875.31314264,119470677.74289256,136091678.89254016,148873609.02102268,128835859.23230769,130824279.45876765,137683402.98707017,132500397.88478017,130097404.72127259,134639768.31949013,124604503.92507768,149288466.60755515,129928987.84301764,137394525.86780763,133288819.63679516,133735468.47178759,137175030.50097764,153207681.96534014,110332604.62449007,117937858.70358258,102211420.21491508,149791142.8443601,113334354.74584009,129600091.66095768,130263873.88902768,143253630.1106801,115779516.3979652,111877865.55936515,131445776.6027751,136464071.23495266,113005016.58872509
2023-08-25,103445195.98473264,119917511.98151012,159857123.22167513,111939234.07472259,120398253.09771508,133442017.77295765,149752650.0548451,146339687.60441265,126170484.08993015,146566474.8072276,117529265.95434764,100418859.59711766,149855731.26052514,95050666.47535259,128728174.92204261,121268319.83815008,123480103.7110227,126354419.62586507,117192963.99431011,146939937.95982754,129815677.52764265,119520360.28239256,135387598.07754016,148116649.2840227,129127971.42080769,130281234.75426766,137826078.22507018,132670761.52478018,130113996.5977726,134669266.44049013,124851651.84507768,148852836.45955515,130214889.91451764,136808037.40980762,133365591.72279516,134183015.8287876,137139765.87647763,152891806.47634012,109950687.19199008,118130124.68358259,102328293.8654151,149666780.05236012,112763504.26284009,129266654.33145769,129847054.43002768,142787418.0086801,115802325.70196518,111613474.74336515,131182260.4162751,136528518.33795264,112563239.2312251
2023-08-28,104421180.69823265,121310984.39501011,161872753.72817513,113423737.00472258,122175597.93471506,136198035.71645766,151774187.4148451,148410096.58491263,128136385.06293017,149621837.1457276,119723961.59234764,101244294.18361768,152534662.55602515,97154480.58835258,130996267.9105426,123027812.3651501,125915165.17702271,128954658.59686509,119221793.42081012,149553997.53332752,132068423.40764266,121044110.26089257,138650992.13254017,149529951.50302267,131284747.1158077,130746392.18176767,140515497.7100702,135065174.0037802,131571317.9242726,136054475.69799015,126836002.27607767,151316890.32855514,132800644.98851764,138144069.75330764,135573031.92129517,136908698.07278758,139402973.53697765,154612204.55534014,110485144.89199008,119519496.2340826,104486140.4979151,150266666.4223601,114356725.62184009,131214028.4849577,131393821.51302768,144682071.6376801,117605013.14296518,113084307.27136515,131801170.0937751,139241518.33795264,113291232.8522251
2023-08-29,104100635.09373264,123257984.39501011,162836753.72817513,113995737.00472258,122370597.93471506,136132035.71645766,152413225.8508451,149149096.58491263,128967385.06293017,150629837.1457276,120657961.59234764,102511932.58261767,152344230.71002513,97553480.58835258,131853267.9105426,124001812.3651501,126864165.17702271,128905658.59686509,120771793.42081012,150951997.53332752,132214423.40764266,122107110.26089257,139606992.13254017,149711951.50302267,132240461.3538077,131207223.81426767,140840497.7100702,135790897.1492802,132603661.55227259,137096573.46849015,127855002.27607767,151862890.32855514,133186644.98851764,138642069.75330764,136808129.69179514,137855698.07278758,140078973.53697765,155087204.55534014,111039227.56999008,119076302.5380826,104756140.4979151,150881659.4433601,114625725.62184009,132053028.4849577,131201821.51302768,146133100.6676801,118534041.96996519,113789482.99436516,133249174.32977511,139738518.33795264,113717522.4532251
2023-08-30,105706710.14773265,125639984.39501011,164774753.72817513,115073737.00472258,123925597.93471506,136770035.71645766,154944225.8508451,151017096.58491263,130382385.06293017,151396837.1457276,122105961.59234764,103092932.58261767,154607230.71002513,98796480.58835258,133617267.9105426,125663812.3651501,128189165.17702271,130520658.59686509,122214793.42081012,153683997.53332752,134154423.40764266,123788110.26089257,141708992.13254017,150566951.50302267,133076461.3538077,132206223.81426767,141960497.7100702,137613897.1492802,133875661.55227259,138436573.46849015,130127002.27607767,153151890.32855514,135095644.98851764,139724069.75330764,138167129.69179514,140945698.07278758,141347973.53697765,155583204.55534014,112514227.56999008,120774302.5380826,106314140.4979151,152376659.4433601,115659725.62184009,132634028.4849577,131802821.51302768,147590100.6676801,120322041.96996519,114760482.99436516,133779174.32977511,141121518.33795264,114492522.4532251
2023-08-31,106737710.14773265,127393984.39501011,167462753.72817513,117319737.00472258,126699597.93471506,139266035.71645766,157007225.8508451,153894096.58491263,133084385.06293017,154315837.1457276,124089961.59234764,104970932.58261767,156401230.71002513,100414480.58835258,135176267.9105426,127917812.3651501,131074165.17702271,133348658.59686509,124667793.42081012,155397997.53332752,135731423.40764266,125676110.26089257,144504992.13254017,152853951.50302267,134924461.3538077,134809223.81426767,143548497.7100702,139565897.1492802,135562661.5522726,139524573.46849015,131879002.27607767,155459890.32855514,136957644.98851764,142517069.75330764,140023129.69179514,142931698.07278758,143210973.53697765,158178204.55534014,114363227.56999008,122465302.5380826,108058140.4979151,154429659.4433601,117692725.62184009,135316028.4849577,134867821.51302767,149235100.6676801,121431041.96996519,116174482.99436516,135770174.3297751,143669518.33795264,116932522.4532251
2023-09-05,107325710.14773265,128772984.39501011,169806753.72817513,118481737.00472258,128479597.93471506,141660035.71645766,158408225.8508451,155168096.58491263,134635385.06293017,156820837.1457276,125486961.59234764,105801932.58261767,157005230.71002513,101228480.58835258,136771267.9105426,129563812.3651501,132443165.17702271,135007658.5968651,125371793.42081012,155377997.53332752,137069423.40764266,127120110.26089257,144677992.13254017,154127951.50302267,136131461.3538077,136763223.81426767,144648497.7100702,140458897.1492802,136856661.5522726,141678573.46849015,133277002.27607767,157386890.32855514,139813644.98851764,144555069.75330764,141952129.69179514,143384698.07278758,144729973.53697765,159606204.55534014,115049227.56999008,123918302.5380826,108579140.4979151,156748659.4433601,119106725.62184009,136842028.4849577,137025821.51302767,150086100.6676801,122151041.96996519,117229482.99436516,137877174.3297751,145646518.33795264,118235522.4532251
2023-09-06,108797710.14773265,130727984.39501011,171912753.72817513,120290737.00472258,129402597.93471506,142809035.71645766,160990225.8508451,157192096.58491263,136370385.06293017,158314837.1457276,126360961.59234764,107126932.58261767,159670230.71002513,103067480.58835258,137965267.9105426,130459812.3651501,133745165.17702271,136141658.5968651,127233793.42081012,157693997.53332752,139434423.40764266,128709110.26089257,147315992.13254017,155648951.50302267,137860461.3538077,138256223.81426767,146123497.7100702,142114897.1492802,139034661.5522726,143233573.46849015,134078002.27607767,159541890.32855514,141574644.98851764,145467069.75330764,143525129.69179514,146073698.07278758,146019973.53697765,161316204.55534014,115988227.56999008,124980302.5380826,110556140.4979151,158480659.4433601,120482725.62184009,137830028.4849577,138716821.51302767,151958100.6676801,124024041.96996519,118434482.99436516,139921174.3297751,147604518.33795264,119338522.4532251
2023-09-07,108105710.14773265,130372984.39501011,172258753.72817513,120229737.00472258,128715597.93471506,142948035.71645766,160388225.8508451,156813096.58491263,135596385.06293017,157999837.1457276,126564961.59234764,106901932.58261767,159039230.71002513,103084480.58835258,137795267.9105426,130336812.3651501,133119165.17702271,135608658.5968651,126496793.42081012,157105997.53332752,139202423.40764266,128343110.26089257,147231992.13254017,155578951.50302267,137932461.3538077,138807223.81426767,146214497.7100702,142037897.1492802,138313661.5522726,143537573.46849015,134581002.2760777,159673890.32855514,141516644.98851764,145207069.75330764,143474129.69179514,145748698.07278758,146134973.53697765,160857204.55534014,116490227.56999008,124777302.5380826,110079140.4979151,158241659.4433601,120382725.62184009,138458028.4849577,138915821.51302767,151513100.6676801,124037041.96996519,118754482.99436516,140246174.3297751,147575518.33795264,118763522.4532251
2023-09-08,108828710.14773265,131268984.39501011,173003753.72817513,121092737.00472258,129638597.93471506,143291035.71645766,161347225.8508451,158308096.58491263,137212385.06293017,160067837.1457276,127076961.59234764,107798932.58261767,159054230.71002513,103529480.58835258,138762267.9105426,130605812.3651501,134478165.1770227,137351658.5968651,127037793.42081012,157716997.53332752,139699423.40764266,128420110.26089257,148462992.13254017,154803951.50302267,138111461.3538077,139251223.81426767,145881497.7100702,142392897.1492802,138771661.5522726,143605573.46849015,134710002.2760777,160204890.32855514,142570644.98851764,145453069.75330764,144351129.69179514,146555698.07278758,146507973.53697765,160775204.55534014,116863227.56999008,125087302.5380826,111264140.4979151,158651659.4433601,121754725.62184009,138815028.4849577,139742821.51302767,152299100.6676801,124082041.96996519,118554482.99436516,140453174.3297751,148011518.33795264,120105522.4532251
2023-09-11,107842710.14773265,128682984.39501011,169223753.72817513,117709737.00472258,126498597.93471506,139608035.71645766,159228225.8508451,155131096.58491263,134861385.06293017,156280837.1457276,124276961.59234764,105880932.58261767,155642230.71002513,101004480.58835258,135911267.9105426,128545812.3651501,132461165.17702271,134430658.5968651,123925793.42081012,155184997.53332752,136345423.40764266,126017110.26089257,144858992.13254017,151924951.50302267,134952461.3538077,137456223.81426767,142382497.7100702,139685897.1492802,136942661.5522726,140234573.46849015,132065002.27607767,156880890.32855514,139480644.98851764,143140069.75330764,140423129.69179514,143386698.07278758,142785973.53697765,157721204.55534014,114492227.56999008,123259302.5380826,109347140.4979151,156946659.4433601,119211725.62184009,135692028.4849577,137112821.51302767,150645100.6676801,122730041.96996519,117191482.99436516,137649174.3297751,144740518.33795264,117768522.4532251
2023-09-12,112154710.14773265,133543984.39501011,174352753.72817513,120321737.00472258,130058597.93471506,142724035.71645766,164324225.8508451,158728096.58491263,138138385.06293017,159478837.1457276,127921961.59234764,108531932.58261767,159961230.71002513,103691480.58835258,139286267.9105426,131962812.3651501,135957165.1770227,137817658.5968651,128189793.42081012,160682997.53332752,139928423.40764266,130037110.26089257,149070992.13254017,155170951.50302267,139196461.3538077,141383223.81426767,145829497.7100702,144238897.1492802,140691661.5522726,143956573.46849015,136364002.2760777,160392890.32855514,143049644.98851764,146625069.75330764,144378129.69179514,149558698.07278758,146153973.53697765,161480204.55534014,117620227.56999008,126631302.5380826,112614140.4979151,161964659.4433601,122194725.62184009,139380028.4849577,141097821.51302767,155096100.6676801,126332041.96996519,120310482.99436516,141024174.3297751,150268518.33795264,121034522.4532251
2023-09-13,111271710.14773265,132346984.39501011,175285753.72817513,119983737.00472258,131137597.93471506,141438035.71645766,163267225.8508451,158046096.58491263,137234385.06293017,159280837.1457276,128756961.59234764,108025932.58261767,159070230.71002513,103348480.58835258,140261267.9105426,132522812.3651501,135377165.1770227,137976658.5968651,126880793.42081012,159428997.53332752,138781423.40764266,128600110.26089257,148478992.13254017,154492951.50302267,137497461.3538077,142612223.81426767,145032497.7100702,145338897.1492802,139556661.5522726,144253573.46849015,136889002.2760777,160105890.32855514,142715644.98851764,147914069.75330764,143728129.69179514,149438698.07278758,146106973.53697765,161504204.55534014,117708227.56999008,126145302.5380826,112390140.4979151,163292659.4433601,121954725.62184009,140399028.4849577,140459821.51302767,153797100.6676801,126071041.96996519,121196482.99436516,140734174.3297751,150105518.33795264,121404522.4532251
2023-09-14,108965710.14773265,129294984.39501011,173974753.72817513,118330737.00472258,129182597.93471506,137918238.03195766,161302225.8508451,154926096.58491263,135805385.06293017,156806186.3482276,128429961.59234764,106683932.58261767,156766230.71002513,101672480.58835258,138742267.9105426,131414812.3651501,133845165.17702271,135074199.2308651,124232985.04481012,156459997.53332752,136630423.40764266,126621110.26089257,145510992.13254017,152246951.50302267,135254461.3538077,140655223.81426767,142837497.7100702,143050897.1492802,137805661.5522726,143088260.97349015,135270002.2760777,158648890.32855514,141249644.98851764,145240069.75330764,141961827.30429515,145781698.07278758,143947973.53697765,158157204.55534014,115581227.56999008,123796302.5380826,110743140.4979151,162055659.4433601,119229725.62184009,137671028.4849577,137362821.51302767,151835100.6676801,125095041.96996519,119006482.99436516,139581571.7622751,146238518.33795264,119484522.4532251
2023-09-15,109007710.14773265,130120984.39501011,175930753.72817513,119437737.00472258,129356597.93471506,138665238.03195766,162311225.8508451,155283096.58491263,135582385.06293017,157014505.0282276,128728961.59234764,106748932.58261767,157578721.09352514,102205757.49135259,138868267.9105426,131803812.3651501,133911165.17702271,135351141.5408651,124125985.04481012,156837997.53332752,137663423.40764266,127713110.26089257,145531992.13254017,153222753.30852267,136669461.3538077,140483223.81426767,143331497.7100702,143644222.3322802,138200661.5522726,143606260.97349015,135345002.2760777,159088783.88355514,142173492.74101764,144040069.75330764,141996675.30079517,146054698.07278758,144952220.60847762,158152204.55534014,115544227.56999008,123592399.73908259,110766140.4979151,162275659.4433601,120010255.3618401,137632028.4849577,138115821.51302767,152195100.6676801,125043041.96996519,118668482.99436516,140588571.7622751,146674518.33795264,119478127.4587251
2023-09-18,108267710.14773265,129367984.39501011,174082753.72817513,118256737.00472258,127789660.39171506,137192238.03195766,160794225.8508451,153706096.58491263,134111385.06293017,155581505.0282276,127585961.59234764,105493932.58261767,155125721.09352514,100589757.49135259,137290267.9105426,129986812.3651501,131665165.17702271,132830141.5408651,122694985.04481012,155491735.96832752,137254423.40764266,127160110.26089257,144226992.13254017,150014753.30852267,135843461.3538077,139154223.81426767,142473497.7100702,142028222.3322802,136718661.5522726,142037260.97349015,134367002.2760777,158552783.88355514,140658492.74101764,141661874.80430764,139641675.30079517,144539698.07278758,141963874.22247764,156410204.55534014,114418227.56999008,121729399.73908259,109670140.4979151,161206659.4433601,118731255.3618401,136546028.4849577,136910821.51302767,151072100.6676801,123732041.96996519,117092482.99436516,139204571.7622751,145021518.33795264,117616299.9797251
2023-09-19,108560710.14773265,129130800.79991011,175009753.72817513,119371177.09472258,127983051.67371507,137597238.03195766,161936225.8508451,155210054.94491264,135497201.78093016,157079505.0282276,128058765.70134765,105952475.64611769,155489934.62652513,101584567.19369759,137061810.6055426,130159281.72765009,132388947.94302271,133063221.9643651,122743652.67081012,156846785.67632756,139503957.36864266,127818110.26089257,144342419.88704017,149152533.72782266,136430461.3538077,139471165.17526767,143389925.5340702,141905888.40928018,137061661.5522726,141489310.71899015,134777854.80107766,160542783.88355514,142103765.30401763,141122068.61680764,140329672.77829516,143990160.6002876,140802344.58247763,154499841.95184013,113852046.48779008,120817663.4945976,111397020.0549151,160402659.4433601,118612873.0723401,136938464.1719577,136991623.79522768,151596888.8271801,125006731.58196518,116426482.99436516,137941738.3062751,144479229.52895266,117112711.0227251
2023-09-20,111608289.07273264,131162867.43491013,177323591.62067515,121296137.55372259,130415201.42171507,140798314.56695768,164312794.35834512,158465040.68941265,139027892.71693015,158868230.19322762,129931420.20534764,107181915.12911768,158805635.28352514,103097376.38719758,139588074.0895426,131997066.37965009,134584316.67052272,134982471.8143651,124798650.29081012,159379785.67632756,141170957.36864266,130003110.26089257,147236533.70704016,151871563.3578227,139219335.9248077,141999368.26426768,144970458.9300702,145139888.40928018,139470661.5522726,143232230.87849015,137101896.83707768,162405783.88355514,144318134.32151765,143705951.91980764,142372337.57279515,146311641.6042876,142641401.25363764,157230274.73984015,115569320.30779009,122143524.74859759,113079379.4899151,163108469.2958601,120795859.6648401,139442652.5319577,138985517.83522767,153074651.5901801,126656257.10996519,117808665.06086516,140780513.6942751,148389458.43495265,119002223.9817251
2023-09-21,109057289.07273264,128843189.63891013,175731591.62067515,119321137.55372259,127455201.42171507,139089314.56695768,161969794.35834512,157508040.68941265,136527892.71693015,156289230.19322762,127471420.20534764,106006915.12911768,155409635.28352514,102114376.38719758,137379074.0895426,129360066.37965009,133213400.53052272,133197471.81436509,122549650.29081012,157679785.67632756,139392957.36864266,127804110.26089257,147089533.70704016,149589563.3578227,136422335.9248077,139263368.26426768,142835458.9300702,142504888.40928018,137330661.5522726,140576230.87849015,134949896.83707768,160403783.88355514,140796134.32151765,142352951.91980764,141331337.57279515,143557641.6042876,140846723.45763764,155422274.73984015,114533320.30779009,120307268.4045976,111080379.4899151,161134469.2958601,119933859.6648401,138532652.5319577,137708517.83522767,150611877.6386801,124473257.10996519,116176408.71686515,138249513.6942751,145442458.43495265,117781223.9817251
2023-09-22,103646788.34773265,123466292.80141012,169607591.62067515,114850137.55372259,123820201.42171507,133465381.64673267,155818794.35834512,152778040.68941265,130801805.41993016,153124382.79072762,124089420.20534764,102765915.12911768,148603635.28352514,98431376.38719758,132692074.08954261,125358280.52573009,129274594.13785271,128378375.7225501,117375385.59884512,150182785.67632756,134497957.36864266,123265110.26089257,141275533.70704016,143942405.2541102,130670451.6757077,132244787.74758768,138777778.3942902,136780888.40928018,132157835.78649259,135261669.16029766,128857696.87511268,155476772.02798015,136634392.19701764,137013033.55230767,135788738.71579516,137242202.7241376,136021723.45763764,151052928.62652016,110082839.51474008,115785639.0520726,106980379.4899151,154085909.5053851,115268362.24069759,132871081.70148769,132824678.69852768,146934877.6386801,118641372.86086519,112079291.72685015,132628917.9742251,139166587.88266516,113536301.2052051
2023-09-25,99755229.72095764,120849414.88457012,164288601.87556267,111884672.4347226,121409155.30171508,129399847.23373267,149247837.1453151,147335540.60343766,125007884.03757519,149824878.40065262,121401347.06534764,99280592.2057802,145683117.66974264,94639792.81546259,128084385.46248011,123387529.41573009,124258762.9925027,123811548.0758401,114834604.24944514,145351068.06734255,129493743.67364267,119995437.05289257,136245413.62868017,141005643.26203018,125654320.5882077,128271160.62982768,134013062.65260768,132622226.5764052,127941434.5794926,132245676.19279766,125323698.57810268,152072973.51204264,133783141.27951764,131712218.97600766,130938934.54776019,133587884.25459759,131481434.94867015,146559546.5740326,107031240.70374008,112599283.2103376,104214587.77596264,148618743.5919726,111294162.4860976,128739927.56634769,127286663.01792768,143067144.18495762,115907583.06199521,109629679.18349016,128562140.88018513,134503940.85439515,111150050.0490126
2023-09-26,99177108.00595765,120293543.61707012,162717865.84306267,111578131.3572226,121077095.81671508,128592955.29123268,148609942.50781512,145809604.17593765,123840783.35757518,149163140.99565262,120804662.33034764,98310392.2507802,144541117.66974264,94081905.69296259,126245329.70748012,123143538.6882301,123660411.4000027,122814675.92584011,113894815.18694514,144661934.66734254,128357878.80364266,119605005.84789257,135658460.5436802,140746958.0620302,124929252.2682077,127021847.27732767,132815134.62260768,131421286.9139052,126408430.66449259,131230818.70779766,124919532.61310267,151547153.07454264,133493127.00201763,130159887.25350766,130150062.1652602,132596807.85209759,131454861.07117015,146048370.24653262,106049942.89624007,112220531.48033759,104073080.09346265,148446559.4644726,110786087.0410976,128064986.6838477,124965340.28542769,141988204.5224576,115930215.7719952,109077015.17599015,128612471.06768513,133742405.99439515,110762150.3278526
2023-09-27,99177108.00595765,121060489.39207013,162699893.56306267,111833131.3572226,121212095.81671508,128404283.34000018,148632396.9228151,145562511.82883763,123840783.35757518,149185170.5031526,121307616.81034765,98614599.01104519,144557477.31474265,94125320.38346258,126399931.24998012,123143538.6882301,123660411.4000027,123290675.92584011,114374473.95953514,145151934.66734254,128485322.67364267,120126607.85789257,136808460.5436802,140766917.5420302,126124252.2682077,127046287.33982767,132715092.87460768,131475237.61140521,126292968.3723626,131081025.60279766,125219532.61310267,151536357.09454265,133493127.00201763,130159887.25350766,130754266.18526019,132613887.6720976,131582864.63145015,145938405.8165326,105946811.64874007,112717485.9603376,104073080.09346265,148280106.6144926,110632298.8686126,128204986.6838477,125548104.1379277,142192256.79042011,116620817.7819952,109254617.18599015,128495728.41520013,133630282.67439514,110762150.3278526
2023-09-28,99177108.00595765,120691489.39207013,162699893.56306267,111560131.3572226,120897095.81671508,128404283.34000018,148632396.9228151,145562511.82883763,123840783.35757518,149185170.5031526,121730616.81034765,98990599.01104519,144557477.31474265,94125320.38346258,125979931.24998012,123143538.6882301,123660411.4000027,123478675.92584011,114797473.95953514,145936934.66734254,128065322.67364267,120439607.85789257,138110460.5436802,140766917.5420302,125609252.2682077,127046287.33982767,132295092.87460768,131055237.61140521,126292968.3723626,131081025.60279766,125269532.61310267,151536357.09454265,133493127.00201763,130159887.25350766,130509266.18526019,132613887.6720976,131582864.63145015,145938405.8165326,105946811.64874007,112370485.9603376,104073080.09346265,148280106.6144926,110632298.8686126,128253986.6838477,126018104.1379277,141607256.79042011,116386817.7819952,108819617.18599015,128495728.41520013,133630282.67439514,110762150.3278526
2023-09-29,98759750.80795765,120415578.46707013,161845589.70856267,110649622.8372226,120532613.71471508,127626545.72000019,148494299.68681508,145061935.70783764,123519312.09657519,149489613.1941526,121788349.86034764,98567204.98304519,144337490.14474267,94374648.59646258,125655145.42198013,123042054.81823009,123512878.1000027,122878436.99984011,114566049.41503513,145562798.19234255,127546720.65514266,120058836.07139257,137379460.5436802,141061208.1400302,126104199.2782077,126335999.18682767,131897869.18260768,130380209.83940521,126347894.24986261,130507494.90579766,124953699.23460267,150815293.28254265,133275518.26001763,130155026.95850766,129756059.48326018,132125304.1390976,131422499.03345016,145803320.5895326,105139072.42274007,112512116.5043376,103761716.69246265,148025082.0234926,110405762.3656126,128493706.73684768,125370404.9269277,141946639.96592012,115786104.97399521,108849202.21849015,127984962.67870012,132982342.93139514,110494759.5118526
2023-10-02,98523750.80795765,120534578.46707013,162349589.70856267,111115622.8372226,121237613.71471508,128074545.72000019,148148299.68681508,145538935.70783764,123882312.09657519,149495613.1941526,121704349.86034764,98388204.98304519,144129490.14474267,94099648.59646258,125826145.42198013,123372054.81823009,124136878.1000027,122968436.99984011,114302049.41503513,145407798.19234255,127825720.65514266,119621836.07139257,136993460.5436802,141475208.1400302,125888199.2782077,126349999.18682767,132373869.18260768,130572209.83940521,126103894.24986261,130721494.90579766,124859699.23460267,151327293.28254265,133247518.26001763,130112026.95850766,130350059.48326018,131928304.1390976,131762499.03345016,145811320.5895326,105270072.42274007,112969116.5043376,103733716.69246265,147935082.0234926,110802762.3656126,128655706.73684768,125182404.9269277,142253639.96592012,116050104.97399521,108829202.21849015,128025962.67870012,133436342.93139514,110942759.5118526
2023-10-03,97673687.92879266,118390578.46707013,161320436.24942017,109766053.84361261,120178613.71471508,127147545.72000019,147114197.38072008,143945935.70783764,123528312.09657519,147709735.0112026,120564349.86034764,97285204.98304519,142979387.83864766,92857585.71729758,124625145.42198013,122587054.81823009,123732878.1000027,121313837.8370251,113344049.41503513,144357798.19234255,126220720.65514266,118681177.02462007,135623460.5436802,140047208.1400302,124007096.9721127,125052896.88073267,131017869.18260768,129017209.83940521,125323894.24986261,128889494.90579766,123195699.23460267,148919293.28254265,132051357.16812764,129132026.95850766,128667220.3137327,131152886.9668776,130558499.03345016,144503320.5895326,104046473.25992507,111905974.0422276,102890117.52964765,146561082.0234926,109742762.3656126,126877876.24430269,124018805.7641127,140507639.96592012,113948104.97399521,108341202.21849015,126518401.76641011,132704240.62530014,110242759.5118526
2023-10-04,97465520.22628766,117859658.18207014,161644436.24942017,109754267.99361262,120823613.71471508,127245893.92392018,147478197.38072008,144836935.70783764,123828312.09657519,148171735.0112026,120871978.78784764,96801933.01442519,143105387.83864766,93165585.71729758,124221362.68804012,122822054.81823009,124304878.1000027,121137884.9620251,113537678.34253512,144220704.35484254,126427720.65514266,118611501.95462006,135423468.7286802,140338208.1400302,124457096.9721127,124661820.16823266,132461869.18260768,128474287.5433252,125332894.24986261,129965494.90579766,123434699.23460267,148634245.48254263,132203357.16812764,128864382.76957266,128883220.3137327,131414886.9668776,131688499.03345016,144455621.7705326,103806502.89742507,112177974.0422276,102940117.52964765,146924082.0234926,110175762.3656126,127403876.24430269,123916171.2391127,140678510.29842013,114173437.75399521,108230101.96145016,126932401.76641011,132974240.62530014,110600759.5118526
2023-10-05,97465520.22628766,117694658.18207014,161596436.24942017,109754267.99361262,120385613.71471508,127245893.92392018,147590197.38072008,145295935.70783764,123828312.09657519,147943735.0112026,120746978.78784764,96801933.01442519,142907387.83864766,93013585.71729758,124829362.68804012,123382054.81823009,124224878.1000027,121345884.9620251,113625678.34253512,144150704.35484254,125019876.29564017,118611501.95462006,135423468.7286802,139876208.1400302,124202096.9721127,124661820.16823266,132193869.18260768,128474287.5433252,124964259.14086261,129747494.90579766,122661957.63460268,147738245.48254263,131979357.16812764,128760382.76957266,128987220.3137327,131302886.9668776,131491499.03345016,144257621.7705326,103806502.89742507,112006974.0422276,102890117.52964765,146246082.0234926,110372762.3656126,127264876.24430269,123916171.2391127,140041510.29842013,113196687.21221521,107908921.24107516,126545401.76641011,132934240.62530014,110588759.5118526
2023-10-06,97465520.22628766,117919658.18207014,161884436.24942017,109914267.99361262,120847613.71471508,127437893.92392018,147744197.38072008,146006935.70783764,124128312.09657519,148231735.0112026,120836978.78784764,96801933.01442519,143177387.83864766,93205585.71729758,124989362.68804012,123892054.81823009,124668878.1000027,121609884.9620251,113746678.34253512,143981966.84896755,125715876.29564017,118611501.95462006,135423468.7286802,140236208.1400302,124507096.9721127,124661820.16823266,132801869.18260768,128474287.5433252,125189259.14086261,130657494.90579766,122958957.63460268,147694009.10254264,132275357.16812764,128840382.76957266,129195220.3137327,131452886.9668776,132278499.03345016,144527621.7705326,103806502.89742507,112328974.0422276,102940117.52964765,146759082.0234926,110717762.3656126,127368876.24430269,123916171.2391127,140224510.29842013,113508687.21221521,108034921.24107516,126896401.76641011,133174240.62530014,110760759.5118526
2023-10-09,97823879.14978766,118046315.58707014,162251212.72942019,109982891.57761262,121714318.64821509,127800598.85742018,148110155.7687201,146567570.7008376,124665118.99157518,148503223.6157026,120715602.37184764,96761396.1979252,143275392.45364764,93369032.19329758,125463184.59204012,124548828.3907301,124545819.47600271,121764422.29502511,114155617.51253513,144008346.68896756,126354634.96064018,118672504.56662007,135590073.7036802,140907268.9880302,124821089.3751127,124632790.26073267,133645869.18260768,129054850.4913252,125485718.92736262,131432713.34829766,123935520.58260268,147917887.44254264,132608647.55412765,129102464.22957265,129249203.5137327,132079698.8648776,133093499.03345016,144684800.8905326,103741788.57592507,112543978.4542276,103046882.39764765,147504580.13549262,111526929.8736126,127725212.8573027,124496734.1871127,140704998.90292013,114412470.29221521,108104860.41107516,127989964.71441011,133523272.05530015,111217158.5608526
2023-10-10,97646879.14978766,117522817.89907014,161308866.63592017,109561904.09411262,121107692.6822151,127499301.08642018,147984520.5997201,146130624.04433763,124841221.06357518,147830344.4997026,120276070.26284765,96844892.1039252,143328322.02364767,92961793.25829758,125144408.63754012,124563210.0307301,124516236.7370027,121690074.6970251,114065780.82053512,143762977.87896755,126380737.03264017,118860343.87962008,135501504.1736802,140991008.4440302,124756435.1911127,124315012.40473267,133209869.18260768,128953311.5793252,125443715.93636262,130767130.60929766,123704009.48260269,147914252.27354264,132530644.56312765,129331586.91357265,128694200.5227327,131716698.8648776,132794499.03345016,144617055.6555326,103680423.36592507,112592530.5932276,103055068.71764766,147310633.4789926,111118459.0006126,127770875.26530269,124150388.1861127,140615778.38292012,114242284.5902152,107860558.93857516,127339754.09891011,132746197.22230014,110777647.06385261
2023-10-11,97796879.14978766,118122817.89907014,162739866.63592017,110533904.09411262,122212692.6822151,128487301.08642018,148500520.5997201,147039624.04433763,125575221.06357518,148306344.4997026,121065070.26284765,96880892.1039252,143433322.02364767,93529793.25829758,125581408.63754012,124523210.0307301,125446236.7370027,122195074.6970251,114416780.82053512,144022977.87896755,126994737.03264017,119374343.87962008,136067504.1736802,141841008.4440302,125114435.1911127,125286012.40473267,134017869.18260768,129382311.5793252,125712715.93636262,132312130.60929766,124238009.48260269,148070252.27354264,133116644.56312765,129762586.91357265,128926200.5227327,132043698.8648776,133210499.03345016,144931055.6555326,103644423.36592507,113115530.5932276,103222068.71764766,148135633.4789926,111871459.0006126,128545875.26530269,124522388.1861127,141260778.38292012,114590284.5902152,108280558.93857516,128130754.09891011,134017197.22230014,111614647.06385261
2023-10-12,98003677.13728766,118331797.29607014,163070680.03842017,110478850.27011262,122600609.64321509,128492875.24042018,148320671.50172007,147150117.15333763,125130400.68207517,148431848.2147026,121330253.58284765,97135179.0839252,143042957.01664764,93535084.64129758,125199765.86254011,124339141.4007301,125603893.54200271,122845074.6970251,114013164.26053512,143958279.57246757,126960653.99364017,119262104.34462008,135641563.8216802,141401340.6540302,125820435.1911127,125202384.63873267,133671771.13460767,130326311.5793252,126300513.92386262,132383508.54779766,124594482.87510268,148009731.57354265,133266976.77312765,129668155.56607266,129352381.4427327,131908431.9148776,133468155.83845016,145383678.1410326,103407459.59592508,113155840.78822759,103138574.02964765,148473891.4469926,111962282.7046126,128473806.6353027,125174044.99111271,141334677.3349201,114702840.63371521,107917568.95357516,128178387.0889101,134038686.12230015,111209170.58785261
2023-10-13,98399677.13728766,118960389.66207014,162790182.5534202,110542104.23211262,123350212.6152151,128549981.71542019,148391850.62172008,148052063.63383764,125291669.75457518,148761582.66770262,121036924.09534766,97388518.5954252,142924919.10614765,93482421.05129758,125374210.0400401,124411311.9087301,125633582.8665027,123177074.6970251,113840916.02103512,144040284.18746755,126680974.29614016,119580453.36362007,135955205.6176802,142474249.6120302,126179435.1911127,125414555.14673267,133943751.93460767,130900311.5793252,127358513.92386262,132693184.16479766,124928297.17310268,147802466.02654263,134239647.28562766,129499537.20607266,130763370.94723271,132596312.65487759,134107188.46845016,145576037.36903262,103700795.40592508,113445279.2612276,103442434.55464765,148520837.92749262,112967268.3046126,128685717.1903027,125752188.28711271,140855816.43092012,115634896.87571521,107716905.36357516,128620948.8369101,134380545.24430013,111141821.68835261
2023-10-16,98099472.42928767,117705814.44557014,159925571.22642016,108709278.56111261,120166274.18271509,126334656.35342018,146665472.93122008,145563428.07683763,124293100.84257518,147706097.41270262,119099682.38134766,96538207.03342521,141368626.46664762,92972550.75029758,123353596.20254011,122954261.40723011,123762728.9865027,122872071.1150251,112345609.76653513,142204097.31246755,124659158.33564016,118636107.48212007,134564492.6246802,139492287.1705302,125134239.4921127,123809657.83673267,132779282.78710768,129537145.5013252,125085220.76786262,130536486.07929766,123285144.4146027,146493713.71104264,132283797.80862765,127357482.00607266,129685988.34623271,132632140.37387758,132612731.72695017,143736299.3610326,102955976.5379251,112525836.4122276,103077397.55764766,145519853.7754926,111698874.9871126,127019092.04530269,124246453.76861271,139139880.30592012,113347821.35921521,106133770.20807517,126301971.0819101,131701227.87630014,109497659.01635262
2023-10-17,96124472.42928767,113430852.07857013,155146461.9724202,105055770.66411263,115029177.3347151,122074418.22142018,141583774.5232201,139186712.25983763,119287623.76657517,142469049.39356261,116029288.51314765,93846270.1799252,135876968.10599265,89387539.95029758,118713633.83554012,119176702.2802301,120325033.08000271,121199632.8630251,108972833.11053512,139172086.51246756,120874259.80764017,115133453.29812008,130014217.67168018,134678866.9726952,121907031.9781127,120143759.30873267,128619282.78710768,126412883.65582521,122952717.47686261,124036787.07129766,120647002.5396027,142414123.56904262,129257348.95062765,123114068.16907266,125343394.40123272,128389140.37387758,127786494.09345016,140613808.67903262,100343479.2433751,110930836.4122276,101181397.55764766,138686737.2842126,108365874.9871126,123266532.91830269,119995527.62261271,132824080.58158512,108290105.33921522,103947889.68907516,121825992.5059101,126760334.35130015,104409342.02484761
2023-10-18,95654297.25259517,110836373.22502014,152031998.82165518,102861386.71115261,112126921.76421759,120024316.02870518,140312268.92417008,137120785.12023762,116992999.45252518,141076523.4391076,113132002.99597517,92787441.37564522,132916673.04032013,88006762.30597757,115733302.03856511,117501361.1774726,117988982.5099352,120352061.7503551,107312255.15313762,137146946.84649253,118594699.14547765,113340017.95252508,127799854.71009518,131766429.93582271,120143085.7874552,118294310.07202516,127752520.50652017,126188608.02395521,121815434.3051601,120439732.95574266,118192943.2933802,138854424.09438014,127571543.62835264,121230441.79275265,121860810.1534277,125577256.59505758,126842930.66250518,137402586.97485262,98599533.35915509,109836474.4623176,99159728.02621767,135603121.9446726,106633171.9816351,120957017.52227768,118321481.99265021,129506988.06734762,104705027.9330602,102585886.86976266,118265097.54962261,126195831.80129515,102463426.35009012
2023-10-19,94727297.25259517,110202128.86502014,150747548.6007352,101518818.61740513,111410072.3052976,118779286.66839519,139372628.21046507,135893309.77023762,116275203.69290519,139034267.3832076,112045180.41691516,91862376.86564521,132568584.54679263,87061800.49897757,115199153.89856511,116606603.48747261,117045837.17559521,118928396.2277751,105957338.98137012,135526617.43084255,118280461.30335766,112554911.24842757,127197854.71009518,130171688.79383771,119132382.7374552,117801310.07202516,126805040.72652017,124810890.71169771,120411677.31516011,119301101.04542266,117993812.8430702,138379879.70359516,125569103.47523513,120852465.65275265,120452461.8009277,125082256.59505758,125043344.71250518,136504585.3463226,98244533.35915509,109087474.4623176,98610740.17621766,134663356.2496726,105819260.1691351,119688270.66227768,117933153.1226502,128257640.90734762,103827445.5080602,101410047.68050015,117412128.40462261,125092935.53379515,101590019.68506011
2023-10-20,94759805.19259517,111302796.83502014,150967583.9107352,101919162.97740513,111638166.9177976,120236286.24811518,140554628.21046507,136629597.1602376,117324203.69290519,139129424.17320758,113151177.43691516,93540447.82564521,134308584.54679263,87857380.09897757,116125096.74606511,117254639.21247262,118227837.17559521,119500217.82777509,108253338.98137012,135769863.30056757,118719624.21305767,113373911.24842757,127856131.95885018,131221870.0222477,119538890.6774552,118977310.07202516,127907518.40652016,125835011.23169771,120745185.25516011,120503101.04542266,119160911.1461952,138731879.70359516,127777539.66216514,121682943.33275265,121337186.3009277,125169262.72439508,125817750.52872768,137069499.0988226,98272567.06415509,109937142.4323176,99542598.43621767,135576685.6096726,106996260.1691351,120444748.34227768,119157153.1226502,129297640.90734762,105077445.5080602,102200833.02284016,119653128.40462261,125749364.53379515,101992638.57763012
2023-10-23,94641382.64577016,111318796.83502014,150913583.9107352,101823162.97740513,111602166.9177976,119581286.24811518,139863628.21046507,136323597.1602376,117820203.69290519,138754424.17320758,113152177.43691516,93036447.82564521,133404584.54679263,87470380.09897757,115688096.74606511,116918639.21247262,117606837.17559521,119164217.82777509,107424338.98137012,135307863.30056757,119355624.21305767,113166911.24842757,127562131.95885018,131113870.0222477,119120890.6774552,118557310.07202516,127667518.40652016,126017011.23169771,120201185.25516011,120060101.04542266,119068911.1461952,138539879.70359516,127163539.66216514,121672943.33275265,121166186.3009277,124929262.72439508,125128750.52872768,136649499.0988226,98098567.06415509,109359142.4323176,99335598.43621767,135256685.6096726,106314260.1691351,120051748.34227768,119089153.1226502,128550640.90734762,104663445.5080602,101836833.02284016,119376128.40462261,125112364.53379515,101840638.57763012
2023-10-24,94641382.64577016,111814796.83502014,151021583.9107352,102003162.97740513,111674166.9177976,120694286.24811518,140494628.21046507,135069470.62773764,117910203.69290519,138935010.2757076,113852177.43691516,93748447.82564521,133857584.54679263,88151380.09897757,116213096.74606511,117707639.21247262,118733837.17559521,119591217.82777509,108392338.98137012,135571863.30056757,120078624.21305767,113850911.24842757,127954131.95885018,131657870.0222477,119241281.4124552,118151530.93202516,126960739.26652016,126437011.23169771,120634185.25516011,119404321.90542266,119804911.1461952,138539879.70359516,128702539.66216514,122164943.33275265,121965186.3009277,124607960.29137008,125853750.52872768,136929499.0988226,98272567.06415509,109947142.4323176,100092598.43621767,135496685.6096726,106948260.1691351,120752748.34227768,119685153.1226502,129423227.00984763,105469445.5080602,102644833.02284016,120226128.40462261,125752364.53379515,102248638.57763012
2023-10-25,94641382.64577016,111318796.83502014,150751583.9107352,102087162.97740513,111494166.9177976,120009286.24811518,140477628.21046507,135069470.62773764,117696203.69290519,138935010.2757076,113693177.43691516,92918447.82564521,133311584.54679263,87913380.09897757,116265096.74606511,117305639.21247262,118061837.17559521,119626217.82777509,107842338.98137012,134990101.73674506,119979624.21305767,113481911.24842757,128052131.95885018,131161870.0222477,119262281.4124552,117954530.93202516,126808739.26652016,125954011.23169771,120634185.25516011,119062321.90542266,119055911.1461952,138563879.70359516,128399539.66216514,121802943.33275265,121383186.3009277,124607960.29137008,125469750.52872768,137109499.0988226,98230567.06415509,109589142.4323176,100003598.43621767,135632685.6096726,106735260.1691351,120669748.34227768,119202153.1226502,129043227.00984763,105013445.5080602,102403833.02284016,119724128.40462261,125557364.53379515,101944638.57763012
2023-10-26,94641382.64577016,110556796.83502014,150400583.9107352,101379162.97740513,111260166.9177976,117969175.10052519,138460818.53317758,135069470.62773764,116738842.54290518,138935010.2757076,111559276.57866515,90542277.29168521,131512187.28179263,86390485.48260507,114609723.65603761,116000738.35422261,115668837.17559521,118448970.08594508,105103624.26222512,134417820.70684505,118670249.05193767,111920680.05122507,126764131.95885018,130200371.6726977,118863471.8803027,116785155.77090517,126152739.26652016,124925011.23169771,119297110.81914511,118234321.90542266,117310636.4643652,138108097.38113517,125456539.66216514,120873943.33275265,119710418.5420277,124607960.29137008,123763953.39807518,136229499.0988226,97878068.54035759,107446611.9392976,98394598.43621767,134232903.2872126,104853260.1691351,118656500.60044767,117631153.1226502,127650341.30912262,103379128.83467521,100689898.95518266,117285844.92102261,124039148.14385264,101199930.01705012
2023-10-27,94641382.64577016,110890796.83502014,150319583.9107352,100706994.96213514,111206166.9177976,118456510.21140018,138788570.16446507,135069470.62773764,116369341.23170768,138935010.2757076,112468867.60366516,90991263.1716852,130514600.63769263,86345133.44083007,114183443.31811261,115921836.19527261,115931410.37559521,117806112.17239009,105804489.00982513,134417820.70684505,119139249.05193767,112208680.05122507,126267670.24793018,130588371.6726977,118863471.8803027,116871983.77090517,126592739.26652016,126017011.23169771,119369005.27164511,118522321.90542266,118339636.4643652,138108097.38113517,126050737.57253014,121250943.33275265,119286447.3550202,124607960.29137008,123089854.92061017,136376864.5738226,97878068.54035759,107359371.6992976,98421435.60874267,133708250.56361261,105539700.67163509,118551189.46649767,118771082.75765021,127874341.30912262,103767128.83467521,100123821.89660266,118027687.26671511,124039148.14385264,101199930.01705012
2023-10-30,94641382.64577016,110194796.83502014,150013583.9107352,100706994.96213514,111002166.9177976,117708510.21140018,137892570.16446507,135069470.62773764,115739341.23170768,138935010.2757076,112102867.60366516,90686263.1716852,130514600.63769263,85743133.44083007,114183443.31811261,115921836.19527261,114919410.37559521,117806112.17239009,104896489.00982513,134417820.70684505,118229249.05193767,111434680.05122507,126099670.24793018,130096371.6726977,118863471.8803027,116871983.77090517,126224739.26652016,125590011.23169771,119369005.27164511,117748321.90542266,117674636.4643652,138108097.38113517,125190737.57253014,120644943.33275265,119286447.3550202,124607960.29137008,123089854.92061017,136376864.5738226,97878068.54035759,107155371.6992976,98145435.60874267,133708250.56361261,105131700.67163509,118551189.46649767,118344082.75765021,127706341.30912262,103275128.83467521,100123821.89660266,117600687.26671511,124039148.14385264,101199930.01705012
2023-10-31,94641382.64577016,109413618.00841014,150040583.9107352,100706994.96213514,111020166.9177976,117729510.21140018,138102570.16446507,135069470.62773764,115289341.23170768,138935010.2757076,112156867.60366516,90731263.1716852,130514600.63769263,85825925.81833006,114183443.31811261,115921836.19527261,115046857.71809521,117806112.17239009,105079489.00982513,134417820.70684505,117515249.05193767,111541127.39372507,125805670.24793018,129341142.5923477,118863471.8803027,116871983.77090517,125888739.26652016,125653011.23169771,119369005.27164511,117854769.24792266,117758636.4643652,138108097.38113517,124099508.49218014,120329943.33275265,119286447.3550202,124607960.29137008,123089854.92061017,136376864.5738226,97878068.54035759,107173371.6992976,97893435.60874267,133708250.56361261,104675302.82221009,118551189.46649767,118407082.75765021,127446198.59167263,102503128.83467521,100123821.89660266,117663687.26671511,124039148.14385264,101199930.01705012
2023-11-01,94641382.64577016,109243001.22193015,149784658.7310152,100706994.96213514,110912166.9177976,117670457.29384018,138578570.1644651,135069470.62773764,115351846.60670768,138935010.2757076,112414867.60366516,90946263.1716852,130514600.63769263,85825925.81833006,114183443.31811261,115921836.19527261,114920857.71809521,117806112.17239009,105282872.22334513,134417820.70684505,117507761.93943766,111541127.39372507,125818581.04793018,129341142.5923477,118863471.8803027,116871983.77090517,125813510.16652016,125954011.23169771,119369005.27164511,117854769.24792266,117860583.5468052,138108097.38113517,124323508.49218014,120144538.37666515,119286447.3550202,124607960.29137008,123089854.92061017,136376864.5738226,97878068.54035759,107065371.6992976,98061435.60874267,133708250.56361261,104618880.99721009,118551189.46649767,118708082.75765021,127446198.59167263,102533705.58467521,100123821.89660266,117964687.26671511,124039148.14385264,101199930.01705012
2023-11-02,94641382.64577016,109243001.22193015,149784658.7310152,100706994.96213514,111224166.9177976,118450457.29384018,138900570.16446507,135069470.62773764,115351846.60670768,138935010.2757076,113398867.60366516,91766263.1716852,130514600.63769263,85825925.81833006,114183443.31811261,115921836.19527261,114964020.90809521,117806112.17239009,105535872.22334513,134417820.70684505,117507761.93943766,111541127.39372507,125818581.04793018,129341142.5923477,118863471.8803027,116871983.77090517,125813510.16652016,127102011.23169771,119369005.27164511,117854769.24792266,119008583.5468052,138108097.38113517,124651508.49218014,120144538.37666515,119286447.3550202,124607960.29137008,123089854.92061017,136376864.5738226,97878068.54035759,107377371.6992976,98307435.60874267,133708250.56361261,104618880.99721009,118551189.46649767,119856082.75765021,127446198.59167263,102533705.58467521,100123821.89660266,119112687.26671511,124039148.14385264,101199930.01705012
2023-11-03,94641382.64577016,109243001.22193015,149784658.7310152,100706994.96213514,111128166.9177976,118480457.29384018,138732570.16446507,135069470.62773764,115351846.60670768,138935010.2757076,113296867.60366516,91681263.1716852,130514600.63769263,85825925.81833006,114183443.31811261,115921836.19527261,114964020.90809521,117806112.17239009,105403872.22334513,134417820.70684505,117507761.93943766,111541127.39372507,125818581.04793018,129341142.5923477,118863471.8803027,116871983.77090517,125813510.16652016,126983011.23169771,119369005.27164511,117854769.24792266,118889583.5468052,138108097.38113517,124803508.49218014,120144538.37666515,119286447.3550202,124607960.29137008,123089854.92061017,136376864.5738226,97878068.54035759,107281371.6992976,98421435.60874267,133708250.56361261,104618880.99721009,118551189.46649767,119737082.75765021,127446198.59167263,102533705.58467521,100123821.89660266,118993687.26671511,124039148.14385264,101199930.01705012
2023-11-06,94641382.64577016,109243001.22193015,149784658.7310152,100706994.96213514,111332166.9177976,118620457.29384018,138900570.16446507,135069470.62773764,115351846.60670768,138935010.2757076,113452867.60366516,91811263.1716852,130514600.63769263,85825925.81833006,114183443.31811261,115921836.19527261,114964020.90809521,117806112.17239009,105535872.22334513,134417820.70684505,117507761.93943766,111541127.39372507,125818581.04793018,129341142.5923477,118863471.8803027,116871983.77090517,125813510.16652016,127165011.23169771,119369005.27164511,117854769.24792266,119071583.5468052,138108097.38113517,124947508.49218014,120144538.37666515,119286447.3550202,124607960.29137008,123089854.92061017,136376864.5738226,97878068.54035759,107485371.6992976,98529435.60874267,133708250.56361261,104618880.99721009,118551189.46649767,119919082.75765021,127446198.59167263,102533705.58467521,100123821.89660266,119175687.26671511,124039148.14385264,101199930.01705012
2023-11-07,94641382.64577016,109243001.22193015,149784658.7310152,100706994.96213514,111332166.9177976,118310457.29384018,138998570.16446507,135069470.62773764,115351846.60670768,138935010.2757076,113242867.60366516,91636263.1716852,130514600.63769263,85825925.81833006,114183443.31811261,115921836.19527261,114964020.90809521,117806112.17239009,105612872.22334513,134417820.70684505,117507761.93943766,111541127.39372507,125818581.04793018,129341142.5923477,118863471.8803027,116871983.77090517,125813510.16652016,126920011.23169771,119369005.27164511,117854769.24792266,118826583.5468052,138108097.38113517,124731508.49218014,120144538.37666515,119286447.3550202,124607960.29137008,123089854.92061017,136376864.5738226,97878068.54035759,107485371.6992976,98367435.60874267,133708250.56361261,104618880.99721009,118551189.46649767,119674082.75765021,127446198.59167263,102533705.58467521,100123821.89660266,118930687.26671511,124039148.14385264,101199930.01705012
2023-11-08,94641382.64577016,109243001.22193015,149784658.7310152,100706994.96213514,111584166.9177976,119130457.29384018,139264570.16446507,135069470.62773764,115351846.60670768,138935010.2757076,114334867.60366516,92546263.1716852,130514600.63769263,85825925.81833006,114183443.31811261,115921836.19527261,114964020.90809521,117806112.17239009,105821872.22334513,134417820.70684505,117507761.93943766,111541127.39372507,125818581.04793018,129341142.5923477,118863471.8803027,116871983.77090517,125813510.16652016,128194011.23169771,119369005.27164511,117854769.24792266,120100583.5468052,138108097.38113517,125091508.49218014,120144538.37666515,119286447.3550202,124607960.29137008,123089854.92061017,136376864.5738226,97878068.54035759,107737371.6992976,98637435.60874267,133708250.56361261,104618880.99721009,118551189.46649767,120948082.75765021,127446198.59167263,102533705.58467521,100123821.89660266,120204687.26671511,124039148.14385264,101199930.01705012
2023-11-09,94641382.64577016,109243001.22193015,149784658.7310152,100706994.96213514,111674166.9177976,119440457.29384018,139208570.16446507,135069470.62773764,115351846.60670768,138935010.2757076,114436867.60366516,92631263.1716852,130514600.63769263,85825925.81833006,114183443.31811261,115921836.19527261,114964020.90809521,117806112.17239009,105777872.22334513,134417820.70684505,117507761.93943766,111541127.39372507,125818581.04793018,129341142.5923477,118863471.8803027,116871983.77090517,125813510.16652016,128313011.23169771,119369005.27164511,117854769.24792266,120219583.5468052,138108097.38113517,125059508.49218014,120144538.37666515,119286447.3550202,124607960.29137008,123089854.92061017,136376864.5738226,97878068.54035759,107827371.6992976,98613435.60874267,133708250.56361261,104618880.99721009,118551189.46649767,121067082.75765021,127446198.59167263,102533705.58467521,100123821.89660266,120323687.26671511,124039148.14385264,101199930.01705012
2023-11-10,94641382.64577016,109243001.22193015,149784658.7310152,100706994.96213514,111638166.9177976,119680457.29384018,138788570.16446507,135069470.62773764,115351846.60670768,138935010.2757076,114124867.60366516,92371263.1716852,130514600.63769263,85825925.81833006,114183443.31811261,115921836.19527261,114964020.90809521,117806112.17239009,105447872.22334513,134417820.70684505,117507761.93943766,111541127.39372507,125818581.04793018,129341142.5923477,118863471.8803027,116871983.77090517,125813510.16652016,127949011.23169771,119369005.27164511,117854769.24792266,119855583.5468052,138108097.38113517,124763508.49218014,120144538.37666515,119286447.3550202,124607960.29137008,123089854.92061017,136376864.5738226,97878068.54035759,107791371.6992976,98391435.60874267,133708250.56361261,104618880.99721009,118551189.46649767,120703082.75765021,127446198.59167263,102533705.58467521,100123821.89660266,119959687.26671511,124039148.14385264,101199930.01705012
2023-11-13,94641382.64577016,109243001.22193015,149784658.7310152,100706994.96213514,111638166.9177976,119910457.29384018,138788570.16446507,135069470.62773764,115351846.60670768,138935010.2757076,113920867.60366516,92201263.1716852,130514600.63769263,85825925.81833006,114183443.31811261,115921836.19527261,114964020.90809521,117806112.17239009,105447872.22334513,134417820.70684505,117507761.93943766,111541127.39372507,125818581.04793018,129341142.5923477,118863471.8803027,116871983.77090517,125813510.16652016,127711011.23169771,119369005.27164511,117854769.24792266,119617583.5468052,138108097.38113517,124803508.49218014,120144538.37666515,119286447.3550202,124607960.29137008,123089854.92061017,136376864.5738226,97878068.54035759,107791371.6992976,98421435.60874267,133708250.56361261,104618880.99721009,118551189.46649767,120465082.75765021,127446198.59167263,102533705.58467521,100123821.89660266,119721687.26671511,124039148.14385264,101199930.01705012
2023-11-14,94641382.64577016,109243001.22193015,149784658.7310152,100706994.96213514,111782166.9177976,119780457.29384018,139208570.16446507,135069470.62773764,115351846.60670768,138935010.2757076,113710867.60366516,92026263.1716852,130514600.63769263,85825925.81833006,114183443.31811261,115921836.19527261,114964020.90809521,117806112.17239009,105777872.22334513,134417820.70684505,117507761.93943766,111541127.39372507,125818581.04793018,129341142.5923477,118863471.8803027,116871983.77090517,125813510.16652016,127466011.23169771,119369005.27164511,117854769.24792266,119372583.5468052,138108097.38113517,125683508.49218014,120144538.37666515,119286447.3550202,124607960.29137008,123089854.92061017,136376864.5738226,97878068.54035759,107935371.6992976,99081435.60874267,133708250.56361261,104618880.99721009,118551189.46649767,120220082.75765021,127446198.59167263,102533705.58467521,100123821.89660266,119476687.26671511,124039148.14385264,101199930.01705012
2023-11-15,94641382.64577016,109243001.22193015,149784658.7310152,100706994.96213514,111926166.9177976,119880457.29384018,139208570.16446507,135069470.62773764,115351846.60670768,138935010.2757076,113656867.60366516,91981263.1716852,130514600.63769263,85825925.81833006,114183443.31811261,115921836.19527261,114964020.90809521,117806112.17239009,105777872.22334513,134417820.70684505,117507761.93943766,111541127.39372507,125818581.04793018,129341142.5923477,118863471.8803027,116871983.77090517,125813510.16652016,127403011.23169771,119369005.27164511,117854769.24792266,119309583.5468052,138108097.38113517,125827508.49218014,120144538.37666515,119286447.3550202,124607960.29137008,123089854.92061017,136376864.5738226,97878068.54035759,108079371.6992976,99189435.60874267,133708250.56361261,104618880.99721009,118551189.46649767,120157082.75765021,127446198.59167263,102533705.58467521,100123821.89660266,119413687.26671511,124039148.14385264,101199930.01705012
2023-11-16,94641382.64577016,109243001.22193015,149784658.7310152,100706994.96213514,111944166.9177976,120190457.29384018,139166570.16446507,135069470.62773764,115351846.60670768,138935010.2757076,114124867.60366516,92371263.1716852,130514600.63769263,85825925.81833006,114183443.31811261,115921836.19527261,114964020.90809521,117806112.17239009,105744872.22334513,134417820.70684505,117507761.93943766,111541127.39372507,125818581.04793018,129341142.5923477,118863471.8803027,116871983.77090517,125813510.16652016,127949011.23169771,119369005.27164511,117854769.24792266,119855583.5468052,138108097.38113517,125755508.49218014,120144538.37666515,119286447.3550202,124607960.29137008,123089854.92061017,136376864.5738226,97878068.54035759,108097371.6992976,99135435.60874267,133708250.56361261,104618880.99721009,118551189.46649767,120703082.75765021,127446198.59167263,102533705.58467521,100123821.89660266,119959687.26671511,124039148.14385264,101199930.01705012
2023-11-17,94641382.64577016,109243001.22193015,149784658.7310152,100706994.96213514,111746166.9177976,119680457.29384018,138844570.16446507,135069470.62773764,115351846.60670768,138935010.2757076,113764867.60366516,92071263.1716852,130514600.63769263,85825925.81833006,114183443.31811261,115921836.19527261,114964020.90809521,117806112.17239009,105491872.22334513,134417820.70684505,117507761.93943766,111541127.39372507,125818581.04793018,129341142.5923477,118863471.8803027,116871983.77090517,125813510.16652016,127529011.23169771,119369005.27164511,117854769.24792266,119435583.5468052,138108097.38113517,125387508.49218014,120144538.37666515,119286447.3550202,124607960.29137008,123089854.92061017,136376864.5738226,97878068.54035759,107899371.6992976,98859435.60874267,133708250.56361261,104618880.99721009,118551189.46649767,120283082.75765021,127446198.59167263,102533705.58467521,100123821.89660266,119539687.26671511,124039148.14385264,101199930.01705012
2023-11-20,94641382.64577016,109243001.22193015,149784658.7310152,100706994.96213514,111692166.9177976,119910457.29384018,138844570.16446507,135069470.62773764,115351846.60670768,138935010.2757076,113812867.60366516,92111263.1716852,130514600.63769263,85825925.81833006,114183443.31811261,115921836.19527261,114964020.90809521,117806112.17239009,105491872.22334513,134417820.70684505,117507761.93943766,111541127.39372507,125818581.04793018,129341142.5923477,118863471.8803027,116871983.77090517,125813510.16652016,127585011.23169771,119369005.27164511,117854769.24792266,119491583.5468052,138108097.38113517,125243508.49218014,120144538.37666515,119286447.3550202,124607960.29137008,123089854.92061017,136376864.5738226,97878068.54035759,107845371.6992976,98751435.60874267,133708250.56361261,104618880.99721009,118551189.46649767,120339082.75765021,127446198.59167263,102533705.58467521,100123821.89660266,119595687.26671511,124039148.14385264,101199930.01705012
2023-11-21,94641382.64577016,109243001.22193015,149784658.7310152,100706994.96213514,111638166.9177976,119980457.29384018,139110570.16446507,135069470.62773764,115351846.60670768,138935010.2757076,113920867.60366516,92201263.1716852,130514600.63769263,85825925.81833006,114183443.31811261,115921836.19527261,114964020.90809521,117806112.17239009,105700872.22334513,134417820.70684505,117507761.93943766,111541127.39372507,125818581.04793018,129341142.5923477,118863471.8803027,116871983.77090517,125813510.16652016,127711011.23169771,119369005.27164511,117854769.24792266,119617583.5468052,138108097.38113517,125355508.49218014,120144538.37666515,119286447.3550202,124607960.29137008,123089854.92061017,136376864.5738226,97878068.54035759,107791371.6992976,98835435.60874267,133708250.56361261,104618880.99721009,118551189.46649767,120465082.75765021,127446198.59167263,102533705.58467521,100123821.89660266,119721687.26671511,124039148.14385264,101199930.01705012
2023-11-22,94641382.64577016,109243001.22193015,149784658.7310152,100706994.96213514,111710166.9177976,120630457.29384018,138942570.16446507,135069470.62773764,115351846.60670768,138935010.2757076,114076867.60366516,92331263.1716852,130514600.63769263,85825925.81833006,114183443.31811261,115921836.19527261,114964020.90809521,117806112.17239009,105568872.22334513,134417820.70684505,117507761.93943766,111541127.39372507,125818581.04793018,129341142.5923477,118863471.8803027,116871983.77090517,125813510.16652016,127893011.23169771,119369005.27164511,117854769.24792266,119799583.5468052,138108097.38113517,125755508.49218014,120144538.37666515,119286447.3550202,124607960.29137008,123089854.92061017,136376864.5738226,97878068.54035759,107863371.6992976,99135435.60874267,133708250.56361261,104618880.99721009,118551189.46649767,120647082.75765021,127446198.59167263,102533705.58467521,100123821.89660266,119903687.26671511,124039148.14385264,101199930.01705012
2023-11-23,94641382.64577016,109243001.22193015,149784658.7310152,100706994.96213514,111566166.9177976,119640457.29384018,138480570.16446507,135069470.62773764,115351846.60670768,138935010.2757076,113350867.60366516,91726263.1716852,130514600.63769263,85825925.81833006,114183443.31811261,115921836.19527261,114964020.90809521,117806112.17239009,105205872.22334513,134417820.70684505,117507761.93943766,111541127.39372507,125818581.04793018,129341142.5923477,118863471.8803027,116871983.77090517,125813510.16652016,127046011.23169771,119369005.27164511,117854769.24792266,118952583.5468052,138108097.38113517,125243508.49218014,120144538.37666515,119286447.3550202,124607960.29137008,123089854.92061017,136376864.5738226,97878068.54035759,107719371.6992976,98751435.60874267,133708250.56361261,104618880.99721009,118551189.46649767,119800082.75765021,127446198.59167263,102533705.58467521,100123821.89660266,119056687.26671511,124039148.14385264,101199930.01705012
2023-11-24,94641382.64577016,109243001.22193015,149784658.7310152,100706994.96213514,111710166.9177976,119810457.29384018,138634570.16446507,135069470.62773764,115351846.60670768,138935010.2757076,113554867.60366516,91896263.1716852,130514600.63769263,85825925.81833006,114183443.31811261,115921836.19527261,114964020.90809521,117806112.17239009,105326872.22334513,134417820.70684505,117507761.93943766,111541127.39372507,125818581.04793018,129341142.5923477,118863471.8803027,116871983.77090517,125813510.16652016,127284011.23169771,119369005.27164511,117854769.24792266,119190583.5468052,138108097.38113517,125459508.49218014,120144538.37666515,119286447.3550202,124607960.29137008,123089854.92061017,136376864.5738226,97878068.54035759,107863371.6992976,98913435.60874267,133708250.56361261,104618880.99721009,118551189.46649767,120038082.75765021,127446198.59167263,102533705.58467521,100123821.89660266,119294687.26671511,124039148.14385264,101199930.01705012
2023-11-27,94641382.64577016,109243001.22193015,149784658.7310152,100706994.96213514,111638166.9177976,119400457.29384018,138256570.16446507,135069470.62773764,115351846.60670768,138935010.2757076,113140867.60366516,91551263.1716852,130514600.63769263,85825925.81833006,114183443.31811261,115921836.19527261,114964020.90809521,117806112.17239009,105029872.22334513,134417820.70684505,117507761.93943766,111541127.39372507,125818581.04793018,129341142.5923477,118863471.8803027,116871983.77090517,125813510.16652016,126801011.23169771,119369005.27164511,117854769.24792266,118707583.5468052,138108097.38113517,125171508.49218014,120144538.37666515,119286447.3550202,124607960.29137008,123089854.92061017,136376864.5738226,97878068.54035759,107791371.6992976,98697435.60874267,133708250.56361261,104618880.99721009,118551189.46649767,119555082.75765021,127446198.59167263,102533705.58467521,100123821.89660266,118811687.26671511,124039148.14385264,101199930.01705012
2023-11-28,94641382.64577016,109243001.22193015,149784658.7310152,100706994.96213514,111602166.9177976,119640457.29384018,138201974.18946508,135069470.62773764,115351846.60670768,138935010.2757076,113140867.60366516,91551263.1716852,130514600.63769263,85825925.81833006,114183443.31811261,115921836.19527261,114964020.90809521,117806112.17239009,104986975.38584512,134417820.70684505,117507761.93943766,111541127.39372507,125818581.04793018,129341142.5923477,118863471.8803027,116871983.77090517,125813510.16652016,126801011.23169771,119369005.27164511,117854769.24792266,118707583.5468052,138108097.38113517,125059508.49218014,120144538.37666515,119286447.3550202,124607960.29137008,123089854.92061017,136376864.5738226,97878068.54035759,107755371.6992976,98613435.60874267,133708250.56361261,104618880.99721009,118551189.46649767,119555082.75765021,127446198.59167263,102533705.58467521,100123821.89660266,118811687.26671511,124039148.14385264,101199930.01705012
2023-11-29,94641382.64577016,109243001.22193015,149784658.7310152,100706994.96213514,111638166.9177976,119740457.29384018,138201974.18946508,135069470.62773764,115351846.60670768,138935010.2757076,113296867.60366516,91681263.1716852,130514600.63769263,85825925.81833006,114183443.31811261,115921836.19527261,114964020.90809521,117806112.17239009,104986975.38584512,134417820.70684505,117507761.93943766,111541127.39372507,125818581.04793018,129341142.5923477,118863471.8803027,116871983.77090517,125813510.16652016,126983011.23169771,119369005.27164511,117854769.24792266,118889583.5468052,138108097.38113517,125019508.49218014,120144538.37666515,119286447.3550202,124607960.29137008,123089854.92061017,136376864.5738226,97878068.54035759,107791371.6992976,98583435.60874267,133708250.56361261,104618880.99721009,118551189.46649767,119737082.75765021,127446198.59167263,102533705.58467521,100123821.89660266,118993687.26671511,124039148.14385264,101199930.01705012
2023-11-30,94641382.64577016,109243001.22193015,149784658.7310152,100706994.96213514,111632166.9177976,119810457.29384018,138201974.18946508,135069470.62773764,115351846.60670768,138935010.2757076,113140867.60366516,91551263.1716852,130514600.63769263,85825925.81833006,114183443.31811261,115921836.19527261,114964020.90809521,117806112.17239009,104986975.38584512,134417820.70684505,117507761.93943766,111541127.39372507,125818581.04793018,129341142.5923477,118863471.8803027,116871983.77090517,125813510.16652016,126801011.23169771,119369005.27164511,117854769.24792266,118707583.5468052,138108097.38113517,125091508.49218014,120144538.37666515,119286447.3550202,124607960.29137008,123089854.92061017,136376864.5738226,97878068.54035759,107785371.6992976,98637435.60874267,133708250.56361261,104618880.99721009,118551189.46649767,119555082.75765021,127446198.59167263,102533705.58467521,100123821.89660266,118811687.26671511,124039148.14385264,101199930.01705012
2023-12-01,94641382.64577016,109243001.22193015,149784658.7310152,100706994.96213514,111632166.9177976,119710457.29384018,138201974.18946508,135069470.62773764,115351846.60670768,138935010.2757076,113140867.60366516,91551263.1716852,130514600.63769263,85825925.81833006,114183443.31811261,115921836.19527261,114964020.90809521,117806112.17239009,104986975.38584512,134417820.70684505,117507761.93943766,111541127.39372507,125818581.04793018,129341142.5923477,118863471.8803027,116871983.77090517,125813510.16652016,126801011.23169771,119369005.27164511,117854769.24792266,118707583.5468052,138108097.38113517,125171508.49218014,120144538.37666515,119286447.3550202,124607960.29137008,123089854.92061017,136376864.5738226,97878068.54035759,107785371.6992976,98697435.60874267,133708250.56361261,104618880.99721009,118551189.46649767,119555082.75765021,127446198.59167263,102533705.58467521,100123821.89660266,118811687.26671511,124039148.14385264,101199930.01705012
2023-12-04,94641382.64577016,109243001.22193015,149784658.7310152,100706994.96213514,111734166.9177976,120250457.29384018,138201974.18946508,135069470.62773764,115351846.60670768,138935010.2757076,113812867.60366516,92111263.1716852,130514600.63769263,85825925.81833006,114183443.31811261,115921836.19527261,114964020.90809521,117806112.17239009,104986975.38584512,134417820.70684505,117507761.93943766,111541127.39372507,125818581.04793018,129341142.5923477,118863471.8803027,116871983.77090517,125813510.16652016,127585011.23169771,119369005.27164511,117854769.24792266,119491583.5468052,138108097.38113517,125459508.49218014,120144538.37666515,119286447.3550202,124607960.29137008,123089854.92061017,136376864.5738226,97878068.54035759,107887371.6992976,98913435.60874267,133708250.56361261,104618880.99721009,118551189.46649767,120339082.75765021,127446198.59167263,102533705.58467521,100123821.89660266,119595687.26671511,124039148.14385264,101199930.01705012
2023-12-05,94641382.64577016,109243001.22193015,149784658.7310152,100706994.96213514,111716166.9177976,120560457.29384018,138201974.18946508,135069470.62773764,115351846.60670768,138935010.2757076,113764867.60366516,92071263.1716852,130514600.63769263,85825925.81833006,114183443.31811261,115921836.19527261,114964020.90809521,117806112.17239009,104986975.38584512,134417820.70684505,117507761.93943766,111541127.39372507,125818581.04793018,129341142.5923477,118863471.8803027,116871983.77090517,125813510.16652016,127529011.23169771,119369005.27164511,117854769.24792266,119435583.5468052,138108097.38113517,125355508.49218014,120144538.37666515,119286447.3550202,124607960.29137008,123089854.92061017,136376864.5738226,97878068.54035759,107869371.6992976,98835435.60874267,133708250.56361261,104618880.99721009,118551189.46649767,120283082.75765021,127446198.59167263,102533705.58467521,100123821.89660266,119539687.26671511,124039148.14385264,101199930.01705012
2023-12-06,94641382.64577016,109243001.22193015,149784658.7310152,100706994.96213514,111776166.9177976,120700457.29384018,138201974.18946508,135069470.62773764,115351846.60670768,138935010.2757076,114178867.60366516,92416263.1716852,130514600.63769263,85825925.81833006,114183443.31811261,115921836.19527261,114964020.90809521,117806112.17239009,104986975.38584512,134417820.70684505,117507761.93943766,111541127.39372507,125818581.04793018,129341142.5923477,118863471.8803027,116871983.77090517,125813510.16652016,128012011.23169771,119369005.27164511,117854769.24792266,119918583.5468052,138108097.38113517,125611508.49218014,120144538.37666515,119286447.3550202,124607960.29137008,123089854.92061017,136376864.5738226,97878068.54035759,107929371.6992976,99027435.60874267,133708250.56361261,104618880.99721009,118551189.46649767,120766082.75765021,127446198.59167263,102533705.58467521,100123821.89660266,120022687.26671511,124039148.14385264,101199930.01705012
2023-12-07,94641382.64577016,109243001.22193015,149784658.7310152,100706994.96213514,111878166.9177976,120150457.29384018,138201974.18946508,135069470.62773764,115351846.60670768,138935010.2757076,114076867.60366516,92331263.1716852,130514600.63769263,85825925.81833006,114183443.31811261,115921836.19527261,114964020.90809521,117806112.17239009,104986975.38584512,134417820.70684505,117507761.93943766,111541127.39372507,125818581.04793018,129341142.5923477,118863471.8803027,116871983.77090517,125813510.16652016,127893011.23169771,119369005.27164511,117854769.24792266,119799583.5468052,138108097.38113517,125723508.49218014,120144538.37666515,119286447.3550202,124607960.29137008,123089854.92061017,136376864.5738226,97878068.54035759,108031371.6992976,99111435.60874267,133708250.56361261,104618880.99721009,118551189.46649767,120647082.75765021,127446198.59167263,102533705.58467521,100123821.89660266,119903687.26671511,124039148.14385264,101199930.01705012
2023-12-08,94641382.64577016,109243001.22193015,149784658.7310152,100706994.96213514,111878166.9177976,119810457.29384018,138201974.18946508,135069470.62773764,115351846.60670768,138935010.2757076,114076867.60366516,92331263.1716852,130514600.63769263,85825925.81833006,114183443.31811261,115921836.19527261,114964020.90809521,117806112.17239009,104986975.38584512,134417820.70684505,117507761.93943766,111541127.39372507,125818581.04793018,129341142.5923477,118863471.8803027,116871983.77090517,125813510.16652016,127893011.23169771,119369005.27164511,117854769.24792266,119799583.5468052,138108097.38113517,125755508.49218014,120144538.37666515,119286447.3550202,124607960.29137008,123089854.92061017,136376864.5738226,97878068.54035759,108031371.6992976,99135435.60874267,133708250.56361261,104618880.99721009,118551189.46649767,120647082.75765021,127446198.59167263,102533705.58467521,100123821.89660266,119903687.26671511,124039148.14385264,101199930.01705012
2023-12-11,94641382.64577016,109243001.22193015,149784658.7310152,100706994.96213514,111860166.9177976,119370457.29384018,138201974.18946508,135069470.62773764,115351846.60670768,138935010.2757076,114334867.60366516,92546263.1716852,130514600.63769263,85825925.81833006,114183443.31811261,115921836.19527261,114964020.90809521,117806112.17239009,104986975.38584512,134417820.70684505,117507761.93943766,111541127.39372507,125818581.04793018,129341142.5923477,118863471.8803027,116871983.77090517,125813510.16652016,128194011.23169771,119369005.27164511,117854769.24792266,120100583.5468052,138108097.38113517,125683508.49218014,120144538.37666515,119286447.3550202,124607960.29137008,123089854.92061017,136376864.5738226,97878068.54035759,108013371.6992976,99081435.60874267,133708250.56361261,104618880.99721009,118551189.46649767,120948082.75765021,127446198.59167263,102533705.58467521,100123821.89660266,120204687.26671511,124039148.14385264,101199930.01705012
2023-12-12,94641382.64577016,109243001.22193015,149784658.7310152,100706994.96213514,111920166.9177976,119440457.29384018,138201974.18946508,135069470.62773764,115351846.60670768,138935010.2757076,114280867.60366516,92501263.1716852,130514600.63769263,85825925.81833006,114183443.31811261,115921836.19527261,114964020.90809521,117806112.17239009,104986975.38584512,134417820.70684505,117507761.93943766,111541127.39372507,125818581.04793018,129341142.5923477,118863471.8803027,116871983.77090517,125813510.16652016,128131011.23169771,119369005.27164511,117854769.24792266,120037583.5468052,138108097.38113517,125683508.49218014,120144538.37666515,119286447.3550202,124607960.29137008,123089854.92061017,136376864.5738226,97878068.54035759,108073371.6992976,99081435.60874267,133708250.56361261,104618880.99721009,118551189.46649767,120885082.75765021,127446198.59167263,102533705.58467521,100123821.89660266,120141687.26671511,124039148.14385264,101199930.01705012
2023-12-13,94641382.64577016,109243001.22193015,149784658.7310152,100706994.96213514,111818166.9177976,119200457.29384018,138201974.18946508,135069470.62773764,115351846.60670768,138935010.2757076,113866867.60366516,92156263.1716852,130514600.63769263,85825925.81833006,114183443.31811261,115921836.19527261,114964020.90809521,117806112.17239009,104986975.38584512,134417820.70684505,117507761.93943766,111541127.39372507,125818581.04793018,129341142.5923477,118863471.8803027,116871983.77090517,125813510.16652016,127648011.23169771,119369005.27164511,117854769.24792266,119554583.5468052,138108097.38113517,125683508.49218014,120144538.37666515,119286447.3550202,124607960.29137008,123089854.92061017,136376864.5738226,97878068.54035759,107971371.6992976,99081435.60874267,133708250.56361261,104618880.99721009,118551189.46649767,120402082.75765021,127446198.59167263,102533705.58467521,100123821.89660266,119658687.26671511,124039148.14385264,101199930.01705012
2023-12-14,94641382.64577016,109243001.22193015,149784658.7310152,100706994.96213514,111818166.9177976,119732926.2688402,138201974.18946508,135069470.62773764,115351846.60670768,138935010.2757076,113656867.60366516,91981263.1716852,130514600.63769263,85825925.81833006,114183443.31811261,115921836.19527261,114964020.90809521,117806112.17239009,104986975.38584512,134417820.70684505,117507761.93943766,111541127.39372507,125818581.04793018,129341142.5923477,118863471.8803027,116871983.77090517,125813510.16652016,127403011.23169771,119369005.27164511,117854769.24792266,119309583.5468052,138108097.38113517,125315508.49218014,120144538.37666515,119286447.3550202,124607960.29137008,123089854.92061017,136376864.5738226,97878068.54035759,107971371.6992976,98805435.60874267,133708250.56361261,104618880.99721009,118551189.46649767,120157082.75765021,127446198.59167263,102533705.58467521,100123821.89660266,119413687.26671511,124039148.14385264,101199930.01705012
2023-12-15,94641382.64577016,109243001.22193015,149784658.7310152,100706994.96213514,111794166.9177976,119732926.2688402,138201974.18946508,135069470.62773764,115351846.60670768,138935010.2757076,113764867.60366516,92071263.1716852,130514600.63769263,85825925.81833006,114183443.31811261,115921836.19527261,114964020.90809521,117806112.17239009,104986975.38584512,134417820.70684505,117507761.93943766,111541127.39372507,125818581.04793018,129341142.5923477,118863471.8803027,116871983.77090517,125813510.16652016,127529011.23169771,119369005.27164511,117854769.24792266,119435583.5468052,138108097.38113517,125131508.49218014,120144538.37666515,119286447.3550202,124607960.29137008,123089854.92061017,136376864.5738226,97878068.54035759,107947371.6992976,98667435.60874267,133708250.56361261,104618880.99721009,118551189.46649767,120283082.75765021,127446198.59167263,102533705.58467521,100123821.89660266,119539687.26671511,124039148.14385264,101199930.01705012
2023-12-18,94641382.64577016,109243001.22193015,149784658.7310152,100706994.96213514,111536166.9177976,119732926.2688402,138201974.18946508,135069470.62773764,115351846.60670768,138935010.2757076,113500867.60366516,91851263.1716852,130514600.63769263,85825925.81833006,114183443.31811261,115921836.19527261,114964020.90809521,117806112.17239009,104986975.38584512,134417820.70684505,117507761.93943766,111541127.39372507,125818581.04793018,129341142.5923477,118863471.8803027,116871983.77090517,125813510.16652016,127221011.23169771,119369005.27164511,117854769.24792266,119127583.5468052,138108097.38113517,124875508.49218014,120144538.37666515,119286447.3550202,124607960.29137008,123089854.92061017,136376864.5738226,97878068.54035759,107689371.6992976,98475435.60874267,133708250.56361261,104618880.99721009,118551189.46649767,119975082.75765021,127446198.59167263,102533705.58467521,100123821.89660266,119231687.26671511,124039148.14385264,101199930.01705012
2023-12-19,94641382.64577016,109243001.22193015,149784658.7310152,100706994.96213514,111716166.9177976,119732926.2688402,138201974.18946508,135069470.62773764,115351846.60670768,138935010.2757076,113656867.60366516,91981263.1716852,130514600.63769263,85825925.81833006,114183443.31811261,115921836.19527261,114964020.90809521,117806112.17239009,104986975.38584512,134417820.70684505,117507761.93943766,111541127.39372507,125818581.04793018,129341142.5923477,118863471.8803027,116871983.77090517,125813510.16652016,127403011.23169771,119369005.27164511,117854769.24792266,119309583.5468052,138108097.38113517,125171508.49218014,120144538.37666515,119286447.3550202,124607960.29137008,123089854.92061017,136376864.5738226,97878068.54035759,107869371.6992976,98697435.60874267,133708250.56361261,104618880.99721009,118551189.46649767,120157082.75765021,127446198.59167263,102533705.58467521,100123821.89660266,119413687.26671511,124039148.14385264,101199930.01705012
2023-12-20,94641382.64577016,109243001.22193015,149784658.7310152,100706994.96213514,111734166.9177976,119732926.2688402,138201974.18946508,135069470.62773764,115351846.60670768,138935010.2757076,113608867.60366516,91941263.1716852,130514600.63769263,85825925.81833006,114183443.31811261,115921836.19527261,114964020.90809521,117806112.17239009,104986975.38584512,134417820.70684505,117507761.93943766,111541127.39372507,125818581.04793018,129341142.5923477,118863471.8803027,116871983.77090517,125813510.16652016,127347011.23169771,119369005.27164511,117854769.24792266,119253583.5468052,138108097.38113517,125275508.49218014,120144538.37666515,119286447.3550202,124607960.29137008,123089854.92061017,136376864.5738226,97878068.54035759,107887371.6992976,98775435.60874267,133708250.56361261,104618880.99721009,118551189.46649767,120101082.75765021,127446198.59167263,102533705.58467521,100123821.89660266,119357687.26671511,124039148.14385264,101199930.01705012
2023-12-21,94641382.64577016,109243001.22193015,149784658.7310152,100706994.96213514,111734166.9177976,119732926.2688402,138201974.18946508,135069470.62773764,115351846.60670768,138935010.2757076,113656867.60366516,91981263.1716852,130514600.63769263,85825925.81833006,114183443.31811261,115921836.19527261,114964020.90809521,117806112.17239009,104986975.38584512,134417820.70684505,117507761.93943766,111541127.39372507,125818581.04793018,129341142.5923477,118863471.8803027,116871983.77090517,125813510.16652016,127403011.23169771,119369005.27164511,117854769.24792266,119309583.5468052,138108097.38113517,125171508.49218014,120144538.37666515,119286447.3550202,124607960.29137008,123089854.92061017,136376864.5738226,97878068.54035759,107887371.6992976,98697435.60874267,133708250.56361261,104618880.99721009,118551189.46649767,120157082.75765021,127446198.59167263,102533705.58467521,100123821.89660266,119413687.26671511,124039148.14385264,101199930.01705012
2023-12-22,94641382.64577016,109243001.22193015,149784658.7310152,100706994.96213514,111698166.9177976,119732926.2688402,138201974.18946508,135069470.62773764,115351846.60670768,138935010.2757076,113710867.60366516,92026263.1716852,130514600.63769263,85825925.81833006,114183443.31811261,115921836.19527261,114964020.90809521,117806112.17239009,104986975.38584512,134417820.70684505,117507761.93943766,111541127.39372507,125818581.04793018,129341142.5923477,118863471.8803027,116871983.77090517,125813510.16652016,127466011.23169771,119369005.27164511,117854769.24792266,119372583.5468052,138108097.38113517,125171508.49218014,120144538.37666515,119286447.3550202,124607960.29137008,123089854.92061017,136376864.5738226,97878068.54035759,107851371.6992976,98697435.60874267,133708250.56361261,104618880.99721009,118551189.46649767,120220082.75765021,127446198.59167263,102533705.58467521,100123821.89660266,119476687.26671511,124039148.14385264,101199930.01705012
2023-12-25,94641382.64577016,109243001.22193015,149784658.7310152,100706994.96213514,111878166.9177976,119732926.2688402,138201974.18946508,135069470.62773764,115351846.60670768,138935010.2757076,113866867.60366516,92156263.1716852,130514600.63769263,85825925.81833006,114183443.31811261,115921836.19527261,114964020.90809521,117806112.17239009,104986975.38584512,134417820.70684505,117507761.93943766,111541127.39372507,125818581.04793018,129341142.5923477,118863471.8803027,116871983.77090517,125813510.16652016,127648011.23169771,119369005.27164511,117854769.24792266,119554583.5468052,138108097.38113517,125131508.49218014,120144538.37666515,119286447.3550202,124607960.29137008,123089854.92061017,136376864.5738226,97878068.54035759,108031371.6992976,98667435.60874267,133708250.56361261,104618880.99721009,118551189.46649767,120402082.75765021,127446198.59167263,102533705.58467521,100123821.89660266,119658687.26671511,124039148.14385264,101199930.01705012
2023-12-26,94641382.64577016,109243001.22193015,149784658.7310152,100706994.96213514,111836166.9177976,119732926.2688402,138201974.18946508,135069470.62773764,115351846.60670768,138935010.2757076,113866867.60366516,92156263.1716852,130514600.63769263,85825925.81833006,114183443.31811261,115921836.19527261,114964020.90809521,117806112.17239009,104986975.38584512,134417820.70684505,117507761.93943766,111541127.39372507,125818581.04793018,129341142.5923477,118863471.8803027,116871983.77090517,125813510.16652016,127648011.23169771,119369005.27164511,117854769.24792266,119554583.5468052,138108097.38113517,125131508.49218014,120144538.37666515,119286447.3550202,124607960.29137008,123089854.92061017,136376864.5738226,97878068.54035759,107989371.6992976,98667435.60874267,133708250.56361261,104618880.99721009,118551189.46649767,120402082.75765021,127446198.59167263,102533705.58467521,100123821.89660266,119658687.26671511,124039148.14385264,101199930.01705012
2023-12-27,94641382.64577016,109243001.22193015,149784658.7310152,100706994.96213514,111860166.9177976,119732926.2688402,138201974.18946508,135069470.62773764,115351846.60670768,138935010.2757076,113764867.60366516,92071263.1716852,130514600.63769263,85825925.81833006,114183443.31811261,115921836.19527261,114964020.90809521,117806112.17239009,104986975.38584512,134417820.70684505,117507761.93943766,111541127.39372507,125818581.04793018,129341142.5923477,118863471.8803027,116871983.77090517,125813510.16652016,127529011.23169771,119369005.27164511,117854769.24792266,119435583.5468052,138108097.38113517,125131508.49218014,120144538.37666515,119286447.3550202,124607960.29137008,123089854.92061017,136376864.5738226,97878068.54035759,108013371.6992976,98667435.60874267,133708250.56361261,104618880.99721009,118551189.46649767,120283082.75765021,127446198.59167263,102533705.58467521,100123821.89660266,119539687.26671511,124039148.14385264,101199930.01705012
2023-12-28,94641382.64577016,109243001.22193015,149784658.7310152,100706994.96213514,111956166.9177976,119732926.2688402,138201974.18946508,135069470.62773764,115351846.60670768,138935010.2757076,113656867.60366516,91981263.1716852,130514600.63769263,85825925.81833006,114183443.31811261,115921836.19527261,114964020.90809521,117806112.17239009,104986975.38584512,134417820.70684505,117507761.93943766,111541127.39372507,125818581.04793018,129341142.5923477,118863471.8803027,116871983.77090517,125813510.16652016,127403011.23169771,119369005.27164511,117854769.24792266,119309583.5468052,138108097.38113517,125203508.49218014,120144538.37666515,119286447.3550202,124607960.29137008,123089854.92061017,136376864.5738226,97878068.54035759,108109371.6992976,98721435.60874267,133708250.56361261,104618880.99721009,118551189.46649767,120157082.75765021,127446198.59167263,102533705.58467521,100123821.89660266,119413687.26671511,124039148.14385264,101199930.01705012
2023-12-29,94641382.64577016,109243001.22193015,149784658.7310152,100706994.96213514,111956166.9177976,119732926.2688402,138201974.18946508,135069470.62773764,115351846.60670768,138935010.2757076,113710867.60366516,92026263.1716852,130514600.63769263,85825925.81833006,114183443.31811261,115921836.19527261,114964020.90809521,117806112.17239009,104986975.38584512,134417820.70684505,117507761.93943766,111541127.39372507,125818581.04793018,129341142.5923477,118863471.8803027,116871983.77090517,125813510.16652016,127466011.23169771,119369005.27164511,117854769.24792266,119372583.5468052,138108097.38113517,125203508.49218014,120144538.37666515,119286447.3550202,124607960.29137008,123089854.92061017,136376864.5738226,97878068.54035759,108109371.6992976,98721435.60874267,133708250.56361261,104618880.99721009,118551189.46649767,120220082.75765021,127446198.59167263,102533705.58467521,100123821.89660266,119476687.26671511,124039148.14385264,101199930.01705012
