,strat,r0,r1,r2,r3,r4,r5,r6,r7,r8,r9,r10,r11,r12,r13,r14,r15,r16,r17,r18,r19,r20,r21,r22,r23,r24,r25,r26,r27,r28,r29,r30,r31,r32,r33,r34,r35,r36,r37,r38,r39,r40,r41,r42,r43,r44,r45,r46,r47,r48,r49
2021-01-04,100000000.0,100000000.0,100000000.0,100000000.0,100000000.0,100000000.0,100000000.0,100000000.0,100000000.0,100000000.0,100000000.0,100000000.0,100000000.0,100000000.0,100000000.0,100000000.0,100000000.0,100000000.0,100000000.0,100000000.0,100000000.0,100000000.0,100000000.0,100000000.0,100000000.0,100000000.0,100000000.0,100000000.0,100000000.0,100000000.0,100000000.0,100000000.0,100000000.0,100000000.0,100000000.0,100000000.0,100000000.0,100000000.0,100000000.0,100000000.0,100000000.0,100000000.0,100000000.0,100000000.0,100000000.0,100000000.0,100000000.0,100000000.0,100000000.0,100000000.0,100000000.0
2021-01-05,100336155.0185,100581952.39700001,100807889.158,100782424.479,99930986.015,100106567.563,99838622.199,100976452.59549999,100441943.591,100179874.149,100539844.23250002,100323891.6595,99976689.13950002,100579504.02849999,100212733.96350001,100127153.11700001,100226246.771,100153388.1565,100854400.1655,100205078.1735,100391456.5,99913501.92400001,100226925.48050001,101084543.4525,100219954.391,100105883.45350002,100201475.2105,100321602.78700002,100897865.2415,100154136.8065,100581240.06950001,100669148.11400001,100363625.0975,100245625.9005,100625941.08950001,100484378.049,100375111.893,100611469.6075,100017653.7125,100481361.44299999,100458382.9505,100792145.0125,100192854.13700001,100299939.8895,100265553.95700002,100506892.8595,100364614.59300001,100196062.86,100283915.37300001,100346340.5265,100264948.4925
2021-01-06,99351406.294,99706459.92400001,100955200.36800002,100288926.006,101136300.3265,99931656.841,100170365.56850001,100733754.501,99841315.53850001,100576473.83450001,99833959.62400001,99839342.5565,99692179.95900002,99911893.58799998,99812861.86250001,100082033.67200002,100362522.96000001,100130830.2475,101763365.67,100427949.018,100642565.79,99836628.02300002,101004827.14600003,101302863.367,100069740.48900001,100606911.39400002,100335726.18149999,99973084.69900002,100279591.3035,99414420.70300001,100411301.33250001,100846595.808,100170276.613,100825761.30399999,100828477.03750001,99874405.98949999,100222251.201,100629281.3205,99630099.6065,100791776.51599999,99731653.5365,100993117.32,99934723.9845,99913248.201,99671934.81200002,100475304.1295,99650426.30600001,99497929.00600001,100424562.78100002,99937145.2335,99892790.62050001
2021-01-07,101599414.324,100550741.11600003,103757718.70400003,102211467.2525,101734980.06,101616984.26000002,102841682.48300001,102906880.6,101328914.52250001,102369780.64150001,102230979.56150001,101687122.35000001,101703894.11350003,101867988.57049999,101683909.31650001,101239912.22400002,101345066.41250001,102434259.831,102760246.825,102088511.07950002,102192047.702,100113799.35200003,101930566.11250003,102339087.8275,100414704.5905,102588669.87400001,102494066.80950001,101752898.91350003,101767573.01699999,101046766.4355,102858673.28000002,102233309.1595,102833599.029,102784726.107,103185528.79300001,101185944.23599999,101306206.09950002,102883737.71900001,101140876.8985,102450366.19549999,100046053.9975,102673961.55250001,101523027.7915,100934663.87400001,100409793.95200002,102129102.0335,101223513.78400001,100455546.10050002,102031091.123,101920737.4145,101613771.03250003
2021-01-08,102462913.33150001,102273726.71600002,104354953.85400002,103049800.958,102085360.297,101964660.27400002,103410358.49700001,103906217.01,102822233.21900001,103350584.13050002,102555907.627,102691897.824,103993603.94850002,103228616.35449998,102401429.63750002,101673747.73400003,102564539.805,103107794.561,103195082.335,103590220.91450001,103896185.2935,100566475.36600003,102725551.71250002,103124087.8275,100972422.53,105116006.28400001,103703015.3855,103015252.13250002,102821282.852,102565735.0235,103581793.36100002,102837364.2015,103367979.266,103564911.227,105023139.16800001,101879262.93249999,101711816.47450002,103698922.839,102101680.489,103848035.20349999,99920889.5075,103630297.9625,102403346.488,101931783.95500001,101823605.04700002,103793438.44350001,101749850.194,101000601.14250001,103688453.148,101883940.64500001,102440116.24850002
2021-01-11,103292913.33150001,104547726.71600002,105843953.85400002,104981800.958,102758360.297,102510660.27400002,104456358.49700001,104961217.01,105320233.21900001,103588584.13050002,102487907.627,103539897.824,106509603.94850002,105831616.35449998,103922429.63750002,103633747.73400003,104360539.805,103362794.561,104088082.335,105443220.91450001,105141185.2935,102538475.36600003,103282551.71250002,104215622.5575,102213422.53,106265006.28400001,105501015.3855,105708252.13250002,103709282.852,105298735.0235,105660793.36100002,104503364.2015,103660979.266,103790911.227,107661139.16800001,103235262.93249999,101866816.47450002,105803922.839,103151680.489,104950035.20349999,101364889.5075,105207297.9625,103864346.488,104004783.95500001,103883605.04700002,105196438.44350001,101886850.194,102291601.14250001,105329453.148,102379940.64500001,103746116.24850002
2021-01-12,105842913.33150001,105701726.71600002,107897953.85400002,105529800.958,103664360.297,103529660.27400002,104605358.49700001,106360217.01,106531233.21900001,103649584.13050002,104098907.627,105098897.824,108324603.94850002,106708616.35449998,105892429.63750002,105092747.73400003,105551539.805,103841794.561,104878082.335,107169220.91450001,105071185.2935,103965475.36600003,103950551.71250002,105253622.5575,102380422.53,106810006.28400001,106906015.3855,106323252.13250002,104886282.852,106442735.0235,106696793.36100002,105757364.2015,104133979.266,104013911.227,109155139.16800001,104140262.93249999,103770816.47450002,106073922.839,103965680.489,106247035.20349999,102577889.5075,106164297.9625,105204346.488,106837783.95500001,103896605.04700002,105181438.44350001,103383850.194,104558601.14250001,105940453.148,103844940.64500001,105018116.24850002
2021-01-13,105668913.33150001,105340726.71600002,107778953.85400002,105256800.958,103343360.297,103556660.27400002,103794358.49700001,105599217.01,106227233.21900001,103580584.13050002,103944907.627,104847897.824,107908603.94850002,105789616.35449998,105495429.63750002,103869747.73400003,104888539.805,104256794.561,104284082.335,106250220.91450001,104413185.2935,103931475.36600003,103590551.71250002,104785622.5575,102200422.53,106725006.28400001,106592015.3855,106138252.13250002,104028282.852,106140735.0235,105615793.36100002,104826364.2015,103376979.266,103418911.227,107895139.16800001,104249262.93249999,103920816.47450002,104870922.839,103677680.489,106227035.20349999,102991889.5075,105847297.9625,104756346.488,106515783.95500001,103289605.04700002,105020438.44350001,103560850.194,103676601.14250001,105806453.148,104298940.64500001,104710116.24850002
2021-01-14,108021913.33150001,107100726.71600002,108345953.85400002,106279800.958,104530360.297,104090330.38831002,104730028.61131,106016217.01,107450233.21900001,105164584.13050002,105302907.627,105185897.824,110679603.94850002,106322616.35449998,105624429.63750002,104690747.73400003,106310539.805,106153794.561,105925082.335,108713220.91450001,105950185.2935,105370475.36600003,105182551.71250002,105868622.5575,103126422.53,109282006.28400001,107776015.3855,107195252.13250002,105291282.852,106903735.0235,106120793.36100002,105014364.2015,103486979.266,103884911.227,108894139.16800001,104891262.93249999,105174816.47450002,105093922.839,104427680.489,108179035.20349999,103437889.5075,107536297.9625,105584346.488,108556783.95500001,104534605.04700002,106563438.44350001,104522850.194,104451601.14250001,106674453.148,104363940.64500001,106458116.24850002
2021-01-15,110160913.33150001,108210726.71600002,109206953.85400002,106914800.958,104790360.297,104735085.25031002,106394144.16481,107428217.01,109008233.21900001,106736584.13050002,105585907.627,106429897.824,113278603.94850002,108166889.4935,105901429.63750002,105926407.28150003,106937517.16700001,107648761.917,107172082.335,109944220.91450001,107602185.2935,105588475.36600003,106633551.71250002,107280622.5575,103153422.53,110915006.28400001,108965652.5435,109041252.13250002,106219282.852,108101735.0235,106178123.31050003,105416364.2015,104211237.396,104595344.462,110502241.481,105415262.93249999,105199816.47450002,105431307.844,106042680.489,109590812.14099999,103113889.5075,109430297.9625,105926346.488,110045783.95500001,106099605.04700002,107516438.44350001,105513783.729,105731601.14250001,107436453.148,104978057.88800001,108034116.24850002
2021-01-18,111484913.33150001,110365726.71600002,109845953.85400002,106842800.958,104261360.297,105723085.25031002,106967144.16481,109377217.01,111189233.21900001,105812584.13050002,106142907.627,106335897.824,113620603.94850002,109234889.4935,107104429.63750002,105841407.28150003,107704517.16700001,108071761.917,107480082.335,110556220.91450001,108124185.2935,106068475.36600003,106083551.71250002,107191622.5575,103670422.53,109682006.28400001,109745652.5435,109660252.13250002,106077282.852,108449735.0235,107518123.31050003,105899364.2015,104885237.396,104696344.462,110428241.481,106311262.93249999,104702816.47450002,106503307.844,105545680.489,109835812.14099999,104209889.5075,109792297.9625,105909346.488,110259783.95500001,106551605.04700002,107751438.44350001,106963783.729,107686601.14250001,106865453.148,105813057.88800001,109488116.24850002
2021-01-19,105479913.33150001,105591718.49820003,104072245.19950002,101951686.5441575,98647186.6026825,100355489.70205252,100863346.10438001,104309627.5692375,107248321.79985502,100046375.29750001,100624882.64445001,99958984.06650001,107398603.94850002,103765980.97612998,102299110.09096502,99756650.60353252,102806517.16700001,101643761.917,101812420.6542,104448138.22294001,103139160.2175,100852450.29000002,100351308.88264503,100491292.5328725,99407813.200445,103165390.18500002,104900644.74404,103564276.56563503,100155615.906885,102921735.0235,101587098.23450002,100306891.90470001,99689237.396,99039093.34354,104095827.61652002,101333262.93249999,98604328.26087502,100308048.38100001,99970881.32953501,104535645.1460075,99807227.8267,102978442.02387,100691346.488,104714777.16450001,100601605.04700002,102692582.50487,100878776.9385,102341698.09250002,102151711.3865,100013242.265795,104559178.22937253
2021-01-20,105104758.15272,104463544.03304002,103911236.22299002,101782173.3366575,98558443.5076825,99656572.86278251,100332338.95895751,103658374.0593875,106569810.72235501,99770103.57350002,99884613.97195002,99051314.84999001,107555581.66350003,103778983.56362998,101567661.814455,99324381.83268252,102594821.26450002,100647486.11733,100820317.72007,104001492.98594002,102289373.966,100382703.08850002,100160159.91564503,99581662.2878725,99575526.852445,102358159.92415002,105033988.79154,102619199.12413502,99503271.71338499,102195703.0395,101302368.53650002,100455402.96620002,99128383.94770001,99223178.78654,103748610.38202001,100412130.87333998,98386477.05987501,99410392.33557501,100362560.355535,104389708.5635075,98867923.88585001,102591915.40202,100799055.39750001,104832499.25200002,100241051.09950002,101802571.46252,100129431.60465,101233241.80250002,101420443.2035,99223095.48329502,104517776.45437253
2021-01-21,107780596.80022,106282391.17804001,105425133.74397253,103094444.10765749,100046055.6826825,101098114.71378252,101595156.51495752,105790821.41688749,108026404.05235502,101011289.94850002,101561961.60945001,99758968.5106025,108762870.40100002,105314983.56362998,103203129.61745502,100368638.09318252,103817118.49950002,101913036.02733,101749503.44007,104698828.37594002,103221513.6605,101926984.18350004,101022933.19174504,100708721.9253725,101021852.65644501,102975303.20354001,106604988.79154,103762577.93413503,99848867.724385,103626758.9995,102539448.59350002,101369259.76620002,100258549.55420001,99939462.66504,104155207.54802,102097948.42934,98800366.19987501,100528608.81253001,101313597.582535,105484470.9660075,100590809.78935,103596502.11852,102620927.83000001,106500499.25200002,101425348.33450001,103074091.78352001,101422578.68065,102656114.76450002,102517341.1295,100110121.30029503,106113072.54937252
2021-01-22,109866639.83322,107421570.71304002,105962992.88397253,104935049.4976575,101384746.4101825,101430821.86228253,103269598.60595751,106442449.2098875,109013772.79685503,101369437.46250002,101980489.35145001,100238126.42760251,109727622.17950001,106129724.62562999,103854820.34495503,100553850.54468253,104276593.11000001,102793128.30533,102762991.25057,105216484.39594004,104008077.0235,102522086.77200004,102382027.47274503,101277686.72837248,101983689.282945,103063010.85054001,107486145.49954,104414384.74563503,100742028.04138498,103280439.62849998,103297254.10350002,101657253.18420003,100700176.5532,100100065.45204,103139961.22802001,102448589.93884,99124818.88787502,100999278.13403,101089224.083035,105877365.3300075,102079688.94135001,104277810.92852001,103798751.34000002,107655699.99000001,101678818.93900001,104412314.44402002,101372052.09115,102993875.04450002,102611132.323,100412464.42979503,106597492.22837253
2021-01-25,113343927.03421998,108444539.21754003,106887934.59297253,106782957.56015751,103202652.5801825,101998469.57478254,104642553.60595751,108942697.40338749,110402060.99485502,102168567.86300002,101871562.52195,100949163.89510252,111757361.45050001,106416700.63463,105568655.66995503,100901744.50268254,104304073.01900002,103778220.18632999,105518797.36057,106958340.23144004,105297382.2335,103061785.70550004,103189434.93074504,103232378.96937248,103600028.69294502,103138168.47204001,109101947.20653999,105673689.35563503,102656745.49138498,104171677.7875,104808683.90050001,101530424.70778503,102264489.27820002,101190126.00454,103235896.23552,102014436.67284001,99597152.11287501,101641394.31953001,101100221.50703502,107335311.5240075,102809383.77635002,105791796.34352002,105501816.39700001,109935915.74600002,101034301.65400001,106000314.44402002,100347162.67365,103754926.75570002,103500289.7325,101494641.26029502,106536703.58137253
2021-01-26,112930292.28021999,104942888.91166002,102641044.06797253,106574688.5435825,100030867.851465,98731469.57478254,103836994.2246475,107020697.40338749,107565978.09813751,99038298.84642503,99087530.05945002,97784459.08110252,108452590.74892502,101714545.01663,102829848.88955753,97635475.48610753,101117023.31296502,100731445.88114999,103930501.59257,104413480.52454004,102000940.92491001,99696528.27162504,101779402.46824503,100079821.76187249,102430466.73123752,99743595.06286001,105624483.27236,102883129.97432503,101793265.821385,101475104.37832,102682545.91253002,99534689.36710504,100595155.40512502,97867381.76654,98752137.62302001,97688167.656265,96673317.82087502,98797715.4033125,98631100.16401751,103791215.3734175,101503311.47235002,102751670.00152001,104008001.05307752,105923380.44300002,97174058.60778251,104066045.42744501,96536019.51365,102227370.54292503,101311716.32332,97676960.65829502,101074899.52640754
2021-01-27,110571218.31460999,102269957.13234751,98223492.47606003,103482736.15068251,95991325.99235749,93993005.63587253,100990172.58163251,101574809.50727,104653246.28863752,95320559.98721501,95147879.21462502,93237614.5819225,103938405.84541751,98084650.062895,98831785.87868252,95624554.54648253,97838688.00492503,96293520.27441,100094253.351205,101725785.64493504,97270310.59814,96294990.07578504,98464110.01455003,95428860.61328247,99403632.82968752,96150498.18609251,100468911.02136,98188998.73582503,98052445.60121,99673142.374655,98476370.74468502,97023285.84063503,97604210.91930002,93062834.3785975,95035355.0624925,92838393.05403751,93007925.94322,95422368.80372252,96333352.53442252,99814980.7772775,97981590.56566003,98757657.344655,101546330.72314252,101200508.41850501,93830347.23881502,98832283.72144502,93150071.87268749,98717278.79658002,97200121.64013751,94354219.87729001,96706978.88841254
2021-01-28,104989921.54461,97813848.67434752,94341491.79806003,98182265.8691825,92240572.43285751,91513843.57937253,95953241.37497501,96466642.92577,98127504.72563753,92248111.72421503,90807168.40662502,90015514.89792252,99666935.82941751,92637025.725895,94185216.06518252,91362659.45248254,93788054.24592504,91214316.53255999,95486621.054205,97179894.65143503,93001816.34864,92834711.40409254,94383360.75649002,90214047.05328248,94137071.83438003,93639570.6435925,94259839.34685999,91607264.21332504,93986021.19621,94974152.38065499,94346880.46768501,93372680.32263504,93309425.98580001,88237296.0825975,91471892.86149251,87945329.83403751,89521164.80616,91027643.09122252,92353089.30492252,95172839.9785175,93073555.18566002,94219360.307655,96699903.19333503,95565570.94550502,90498510.23075503,93227959.82894501,89866585.672495,94066989.85308002,92340121.7416375,91631246.75329003,92512239.31341255
2021-01-29,102036742.10711,96264618.2518475,94542310.10806003,95726947.3866825,91491448.0753575,90571730.69937253,93808549.774975,92876491.41577,94843790.94813752,90688652.74671502,88570198.22412501,90325302.9479225,97437907.27691752,90042060.82839501,92362347.49018252,89087899.01498252,92173163.44342504,90200417.15506,94200181.274205,93321634.40893504,91390496.90864001,92630584.89659253,91794062.92149003,88731060.34328249,92006885.97188002,92829656.5510925,91293845.22436,90401166.64332505,92737352.91371,93517710.68315499,91938418.56268503,91754003.36013505,90773202.2733,88632194.1875975,91726889.3889925,87144014.25403751,89268270.84366,88272460.38872251,92327145.96242252,93127199.28601749,90651611.09066,94090926.512655,94660376.36333501,94319279.71800503,89138748.75825503,89990328.098945,88802986.19999498,91093406.83058003,89329160.88413751,91578553.28829002,90790796.26841255
2021-02-01,101826339.55711,95189349.17684752,93268310.10806003,94626544.8366825,91519448.0753575,88706730.69937253,92620147.224975,91786491.41577,94028521.87313752,89733652.74671502,87255198.22412501,90358302.9479225,96339907.27691752,89191058.70339501,90932347.49018252,88901899.01498252,91421163.44342504,89662417.15506,92552191.999205,91658231.85893504,90622496.90864001,91574584.89659253,90998062.92149003,86871212.39328249,92341896.69688001,92267656.5510925,90626845.22436,89679166.64332505,91222504.96371,92573441.60815498,91478988.52096003,89948600.81013505,89469352.1983,87389194.1875975,90207889.3889925,84586014.25403751,88459270.84366,87353460.38872251,91161298.01242252,91983199.28601749,90076611.09066,92634926.512655,93767387.088335,93054279.71800503,87840748.75825503,89935328.098945,86754658.30410749,89734404.70558003,88659160.88413751,90284553.28829002,90096796.26841255
2021-02-02,101868339.55711,94573349.17684752,94562310.10806003,95526544.8366825,92283448.0753575,88490730.69937253,93369147.224975,92337342.30981998,93671238.51210502,90517652.74671502,88372198.22412501,91609302.9479225,97215907.27691752,89865058.70339501,91606347.49018252,89583899.01498252,92263163.44342504,90117417.15506,92151191.999205,92149082.75298505,91092496.90864001,91378584.89659253,90898913.81554003,87209708.3382825,93427896.69688001,93063656.5510925,90911845.22436,89852899.56332505,91686504.96371,93216441.60815498,92300988.52096003,90603600.81013505,89081352.1983,88649194.1875975,91140889.3889925,85204617.06653753,89708270.84366,87568715.66381001,91929298.01242252,93258199.28601749,90469611.09066,93133659.432655,94561387.088335,92704279.71800503,88736748.75825503,90188328.098945,86587759.75660749,89875121.34454753,88221160.88413751,91172553.28829002,91058796.26841255
2021-02-03,102128339.55711,95459349.17684752,95937310.10806003,96294544.8366825,92679448.0753575,89765730.69937253,94459147.224975,93271342.30981998,93931238.51210502,92226652.74671502,90050198.22412501,92639302.9479225,98947907.27691752,90731058.70339501,93026347.49018252,90293899.01498252,93123163.44342504,91070417.15506,93398191.999205,92852082.75298505,91816496.90864001,92144584.89659253,91322913.81554003,88066708.3382825,94818896.69688001,94560656.5510925,91801845.22436,90355899.56332505,92977504.96371,94589441.60815498,93717988.52096003,92141600.81013505,89989352.1983,90187194.1875975,92744889.3889925,86460617.06653753,90921270.84366,88366715.66381001,92984298.01242252,93925199.28601749,91183611.09066,93964659.432655,95472387.088335,93598279.71800503,90268748.75825503,90452328.098945,87483759.75660749,90451121.34454753,88861160.88413751,92586553.28829002,92127796.26841255
2021-02-04,102184774.03311,96404673.59584752,95741162.43606003,96491398.7706825,92590933.19035749,89709856.69687253,94978314.44647501,93579908.07281998,94027075.12960501,93154545.40321502,90086830.82612501,93038657.3759225,99444222.39141752,90746207.21439502,93711132.18518253,89684956.87198251,92744208.29442504,91136858.33256,93178622.773705,92397720.95798504,92363702.45564002,91737744.60459253,91038852.90204003,87941877.7567825,95569047.80188,95133491.87609251,91451485.42336,89888437.09932506,93703257.73921,95019502.05915499,94699876.37746003,91957080.11013505,90516480.09730001,90326327.1820975,92356281.13649249,87168891.85253751,90963968.98315999,87664403.89881003,92531564.79542252,93902783.26101749,91648722.17166,93978321.554155,95614630.157835,93584050.00400503,90894782.09875503,90513393.958945,87549761.3806075,90822000.39504753,88710650.39313751,92549218.51129001,91507115.58291255
2021-02-05,102306774.03311,98382896.14584753,96551949.11606002,96835561.2846825,92849303.32885748,91057855.91187254,96117211.79247501,94980242.88581997,94194257.64660501,94061437.05371502,91612338.53812501,93887795.4659225,100774196.69291753,90811098.86489502,94391079.46868253,90838670.30698252,93164757.23942505,91741317.22356,93509065.446705,93195232.38048504,93237117.51964003,92162818.26459253,91630017.71454003,88926011.45278251,96194060.81688002,96517824.4920925,91850368.86786,90186797.52732505,94300155.08521,95743198.68515497,95515795.63696003,92179017.38763505,91105719.4563,91881434.0540975,92976360.9994925,87773287.90153752,92473409.06216,88907185.38181002,93508986.16392252,93925416.65701748,92091759.50916001,96046971.759155,96626962.773835,94528336.68850502,91931488.53675503,91450217.468945,88612058.2741075,91414907.45154753,88771045.44513752,94701097.65429002,93131141.71441254
2021-02-08,101571537.59961,93846217.96184753,92779822.65606003,93592950.14268251,89156682.37485749,87417390.44787253,94029989.47247502,91714356.47731999,92287810.99460502,89727793.78021502,88111055.77612501,90873413.8529225,96969080.94041753,86781928.180895,90848130.51368253,87954221.06098253,90489071.04342505,89677158.24406001,90429598.182705,89219223.69398504,88600137.25414002,89595779.86459254,88749931.87854004,85885115.5367825,94415519.70788002,93022231.55309251,88883578.81786,87050187.38232505,91702943.66670999,94319192.29715498,93248843.46996003,88558918.95163505,88112169.44880001,90421826.6045975,89603944.3654925,84802598.90853752,89471776.59766,85960237.03581002,89332758.74842252,90211721.05501749,89452294.05416001,93681869.714155,92620981.197835,90600906.85450503,88630422.11275503,88290606.825445,86162435.62160751,88029532.65054753,85387811.12513751,91350669.81429003,89466779.51341255
2021-02-09,102939537.59961,95240217.96184753,94268491.76606002,94968950.14268251,90911682.37485749,89714390.44787253,97287614.75497502,94305356.47731999,93929111.68210502,92762793.78021502,90262498.449125,92551895.2579225,100286080.94041753,88773928.180895,92218130.51368253,90502663.73398252,92860156.00192505,91935158.24406001,91887598.182705,91981223.69398504,90647137.25414002,91499779.86459254,91366753.57954003,88255115.5367825,97076945.57188001,96933231.55309251,91039391.11286001,88910277.34382506,93896568.94921,96001192.29715498,96034431.22996002,90243918.95163505,90007169.44880001,92976826.6045975,91329944.3654925,86493598.90853752,91958776.59766,88804237.03581002,92244758.74842252,91886721.05501749,91397280.85416001,96449869.714155,94827128.693835,92343906.85450503,92432422.11275503,89707083.91944501,88706110.3341075,90651975.32354753,86904611.90963751,94275669.81429003,91851779.51341255
2021-02-17,104863397.52460998,100077217.96184753,98070148.27556004,100514950.14268251,95058682.37485749,94382390.44787253,101681325.78997502,99365356.47731999,98022218.26760502,96964850.57276002,94379449.42512502,96408723.77092251,105716080.94041753,92061984.97344,96644130.51368253,94752663.73398252,97234156.00192505,95198404.60006,96633096.95575,96182223.69398504,95266137.25414002,95147779.86459254,95623753.57954003,92328115.5367825,101507724.05488001,102101231.55309251,95279391.11286001,92142277.34382506,98200135.89421,99263435.86515498,100773417.42996003,94113918.95163505,93602169.44880001,95949037.64409749,93746001.1580375,90669598.90853752,95668776.59766,93182237.03581002,96049758.74842252,96674721.05501749,96259280.85416001,101430072.94465502,98946128.693835,97105906.85450503,97387422.11275503,94201083.91944501,93627110.3341075,95601975.32354753,90540668.70218252,99642669.81429003,95102779.51341255
2021-02-18,105109393.63811,100241217.96184753,100013148.27556004,102864950.14268251,94946682.37485749,95821390.44787253,102821325.78997502,100280356.47731999,98932218.26760502,97981470.75076002,95578449.42512502,98010723.77092251,106940080.94041753,92126359.50594,98298130.51368253,95479663.73398252,98391156.00192505,95977404.60006,98800171.20675,97743223.69398504,96504137.25414002,96231779.86459254,97016814.82454003,93510115.5367825,102378724.05488001,102578231.55309251,96838391.11286001,93298277.34382506,99825135.89421,100801435.86515498,101850275.45346004,96074918.95163505,94326169.44880001,96846037.64409749,94111868.4860375,91945598.90853752,96498776.59766,93888237.03581002,97014758.74842252,97883721.05501749,97264280.85416001,102802072.94465502,100900128.693835,98392906.85450503,98467422.11275503,95241083.91944501,94389110.3341075,97320975.32354753,91549280.87718251,99401669.81429003,95096779.51341255
2021-02-19,103942189.73311001,99451217.96184753,99493148.27556004,101741950.14268251,95204682.37485749,95386390.44787253,102392325.78997502,99483356.47731999,99114218.26760502,97710470.75076002,95128449.42512502,98318723.77092251,106031080.94041753,90974359.50594,97972130.51368253,95384663.73398252,97247156.00192505,95998404.60006,97627171.20675,98068223.69398504,96447137.25414002,95528779.86459254,96185814.82454003,93000115.5367825,102086724.05488001,102379231.55309251,96346391.11286001,93194277.34382506,99004135.89421,100509435.86515498,101302275.45346004,95377918.95163505,93615169.44880001,97179037.64409749,94289868.4860375,90944598.90853752,97532776.59766,93265237.03581002,97383758.74842252,97346721.05501749,97320280.85416001,101951072.94465502,101220128.693835,98097906.85450503,97650422.11275503,95977083.91944501,93400110.3341075,96167975.32354753,91134280.87718251,98983669.81429003,95222779.51341255
2021-02-22,104766009.63411,99485217.96184753,98533148.27556004,102950950.14268251,96198682.37485749,95638390.44787253,102251325.78997502,100552356.47731999,99586218.26760502,97993470.75076002,95703449.42512502,98128723.77092251,106866080.94041753,91340359.50594,98057130.51368253,95335663.73398252,97556156.00192505,95723404.60006,98526171.20675,97706223.69398504,96050137.25414002,95471779.86459254,96082814.82454003,92612115.5367825,102600724.05488001,102852231.55309251,96380391.11286001,92891277.34382506,98176135.89421,100299435.86515498,102547275.45346004,95384918.95163505,93579169.44880001,97512037.64409749,94689868.4860375,91636598.90853752,97484776.59766,93903237.03581002,97270758.74842252,96980721.05501749,98129280.85416001,101625072.94465502,101287128.693835,98347906.85450503,97869422.11275503,95916083.91944501,94724110.3341075,96171975.32354753,92154280.87718251,100304669.81429003,95861779.51341255
2021-02-23,105407009.63411,99881217.96184753,98412148.27556004,104176950.14268251,95932682.37485749,96206390.44787253,102764325.78997502,101229356.47731999,99826218.26760502,98110470.75076002,95228449.42512502,97650723.77092251,107535080.94041753,90730359.50594,97750130.51368253,95385663.73398252,98176156.00192505,95362404.60006,98624171.20675,97898223.69398504,96483137.25414002,95245779.86459254,95998814.82454003,93316115.5367825,103405724.05488001,102701231.55309251,96894391.11286001,93458277.34382506,97994135.89421,100604435.86515498,102993275.45346004,94685918.95163505,93675169.44880001,97591037.64409749,94951868.4860375,91682598.90853752,98598776.59766,94317237.03581002,97504758.74842252,96962721.05501749,98402280.85416001,102155072.94465502,101498128.693835,98298906.85450503,97763422.11275503,96277083.91944501,94700110.3341075,96156975.32354753,92365280.87718251,101051669.81429003,95442779.51341255
2021-02-24,103490009.63411,98859217.96184753,96912148.27556004,101776950.14268251,94868682.37485749,94737390.44787253,101360325.78997502,99491356.47731999,98572218.26760502,96561470.75076002,93293449.42512502,96469723.77092251,105700080.94041753,89367359.50594,96838130.51368253,94307663.73398252,96956156.00192505,94429404.60006,96479171.20675,96344223.69398504,94987137.25414002,94050779.86459254,94256814.82454003,92047115.5367825,102027724.05488001,100763231.55309251,94804391.11286001,92245277.34382506,96896135.89421,99019435.86515498,100625275.45346004,93019918.95163505,92512169.44880001,95831037.64409749,93318868.4860375,90381598.90853752,97344776.59766,92462237.03581002,95852758.74842252,95327721.05501749,96742280.85416001,100376072.94465502,99639128.693835,96814906.85450503,96091422.11275503,94865083.91944501,92784110.3341075,94429975.32354753,90937280.87718251,99600669.81429003,93566779.51341255
2021-02-25,103790009.63411,98511217.96184753,96672148.27556004,102238950.14268251,95111682.37485749,94471390.44787253,101932325.78997502,99992356.47731999,99413218.26760502,96390470.75076002,92701449.42512502,96631723.77092251,105644080.94041753,89047359.50594,96874130.51368253,94406663.73398252,96968156.00192505,94403404.60006,96450171.20675,96434223.69398504,94828137.25414002,93989779.86459254,94145814.82454003,92405115.5367825,102264724.05488001,100872231.55309251,94920391.11286001,92136277.34382506,96550135.89421,99298435.86515498,100432275.45346004,92123918.95163505,92411169.44880001,96518037.64409749,93307868.4860375,90632598.90853752,97799776.59766,93010237.03581002,95755758.74842252,96190721.05501749,97951280.85416001,99998072.94465502,99470128.693835,96640906.85450503,96041422.11275503,95240083.91944501,93248110.3341075,94418975.32354753,91390280.87718251,99907669.81429003,93356779.51341255
2021-02-26,104285009.63411,98369217.96184753,96827148.27556004,101774950.14268251,95718682.37485749,94991390.44787253,101794325.78997502,100734356.47731999,99989218.26760502,97043470.75076002,93429449.42512502,97535723.77092251,105449080.94041753,89035359.50594,98061130.51368253,95204663.73398252,97945156.00192505,95336404.60006,96353171.20675,96605223.69398504,95251137.25414002,94461779.86459254,94512814.82454003,92416115.5367825,102849724.05488001,101860231.55309251,95013391.11286001,92497277.34382506,96400135.89421,100116435.86515498,100869275.45346004,92134918.95163505,92405169.44880001,97277037.64409749,93714868.4860375,90842598.90853752,98181776.59766,93969237.03581002,95945758.74842252,96042721.05501749,98665280.85416001,100653072.94465502,99808128.693835,96727906.85450503,96281422.11275503,96122083.91944501,93394110.3341075,94710975.32354753,91684280.87718251,101245669.81429003,93656779.51341255
2021-03-01,106280009.63411,101123217.96184753,99234148.27556004,104406950.14268251,97520682.37485749,98087390.44787253,104564325.78997502,103680356.47731999,102714218.26760502,98920470.75076002,95318449.42512502,99687723.77092251,108703080.94041753,91209359.50594,100285130.51368253,97818663.73398252,99499156.00192505,97384404.60006,99569171.20675,98547223.69398504,98003137.25414002,96454779.86459254,96126814.82454003,95234115.5367825,105067724.05488001,105212231.55309251,98650391.11286001,93633277.34382506,99838135.89421,103021435.86515498,104217275.45346004,94975918.95163505,95039169.44880001,99855037.64409749,96296868.4860375,94013598.90853752,101572776.59766,96268237.03581002,98334758.74842252,98450721.05501749,101658280.85416001,103285072.94465502,101785128.693835,98737906.85450503,99861422.11275503,97953083.91944501,96346110.3341075,97230975.32354753,93730280.87718251,104235669.81429003,95580779.51341255
2021-03-02,105531009.63411,101235217.96184753,99068148.27556004,103896950.14268251,97027682.37485749,98005390.44787253,104344325.78997502,102810356.47731999,102353218.26760502,98794470.75076002,94505449.42512502,99115723.77092251,107983080.94041753,90402359.50594,99955130.51368253,97474663.73398252,99242156.00192505,97101404.60006,99238171.20675,98593223.69398504,98096137.25414002,96003779.86459254,95784814.82454003,95432115.5367825,104988724.05488001,104674231.55309251,98510391.11286001,93359277.34382506,99709135.89421,102972435.86515498,103739275.45346004,94505918.95163505,95882169.44880001,99872037.64409749,96193868.4860375,93632598.90853752,101849776.59766,95082237.03581002,97910758.74842252,98392721.05501749,101184280.85416001,102954072.94465502,101258128.693835,98631906.85450503,99471422.11275503,97923083.91944501,96087110.3341075,96371975.32354753,93127280.87718251,103128669.81429003,95378779.51341255
2021-03-03,105775009.63411,103470217.96184753,99676148.27556004,103915950.14268251,98062682.37485749,99378390.44787253,104597325.78997502,103343356.47731999,103351218.26760502,99638470.75076002,95404449.42512502,99825723.77092251,108466080.94041753,91394359.50594,100189130.51368253,98016663.73398252,100611156.00192505,97203404.60006,99818171.20675,98770223.69398504,98002137.25414002,96659779.86459254,96815814.82454003,96328115.5367825,105638724.05488001,105099231.55309251,99770391.11286001,93455277.34382506,99815135.89421,102463435.86515498,104660275.45346004,94738918.95163505,96773169.44880001,99332037.64409749,96537868.4860375,93799598.90853752,101866776.59766,95652237.03581002,98348758.74842252,99688721.05501749,101192280.85416001,103355072.94465502,101791128.693835,99712906.85450503,100046422.11275503,98203083.91944501,97060110.3341075,97337975.32354753,94743280.87718251,105030669.81429003,96092779.51341255
2021-03-04,105194009.63411,102394217.96184753,98150148.27556004,103695950.14268251,96185682.37485749,98313390.44787253,102971325.78997502,101694356.47731999,102644218.26760502,97580470.75076002,92353449.42512502,97725723.77092251,106817080.94041753,89988359.50594,97966130.51368253,97108663.73398252,99363156.00192505,95478404.60006,100442171.20675,96836223.69398504,95541137.25414002,96065779.86459254,95816814.82454003,93956115.5367825,103516724.05488001,104555231.55309251,98718391.11286001,91511277.34382506,97993135.89421,101744435.86515498,103752275.45346004,93153918.95163505,95103169.44880001,97483037.64409749,94050868.4860375,92155598.90853752,99599776.59766,95261237.03581002,96321758.74842252,99475721.05501749,100775280.85416001,102614072.94465502,99648128.693835,98063906.85450503,100113422.11275503,96229083.91944501,96018110.3341075,97094975.32354753,93326280.87718251,102407669.81429003,93653779.51341255
2021-03-05,105683009.63411,101441217.96184753,98553148.27556004,105414950.14268251,96645682.37485749,98245390.44787253,103628325.78997502,102483356.47731999,103067218.26760502,97775470.75076002,92514449.42512502,97368723.77092251,108161080.94041753,89855359.50594,97956130.51368253,97524663.73398252,99484156.00192505,95275130.96506001,101112171.20675,97192223.69398504,96081137.25414002,96373116.36475503,95239814.82454003,94813115.5367825,104178724.05488001,105534231.55309251,99530391.11286001,91397504.00882505,98287135.89421,101812435.86515498,105091275.45346004,93433918.95163505,96206169.44880001,98182037.64409749,94274868.4860375,92913598.90853752,100183776.59766,95591237.03581002,96828054.23612252,99727721.05501749,101927280.85416001,102702072.94465502,100126128.693835,98037906.85450503,100807422.11275503,96785083.91944501,97170110.3341075,96681975.32354753,93918280.87718251,102499669.81429003,93788387.00641255
2021-03-08,106009009.63411,102301217.96184753,99047148.27556004,106906950.14268251,97654682.37485749,99285390.44787253,103563325.78997502,103253356.47731999,103520218.26760502,98101293.05626002,94155296.84712501,97366723.77092251,109664231.14541753,90395359.50594,98665130.51368253,98613663.73398252,99993156.00192505,95234130.96506001,102090171.20675,98237223.69398504,97386137.25414002,96477252.05475503,96455814.82454003,96287115.5367825,104590724.05488001,105735231.55309251,100097391.11286001,91816504.00882505,98735135.89421,102097435.86515498,106298275.45346004,94300918.95163505,97874169.44880001,98185037.64409749,94963868.4860375,94285598.90853752,100158776.59766,96018237.03581002,97306801.88912252,99838721.05501749,102235280.85416001,102887072.94465502,100224128.693835,99066906.85450503,101576884.30375504,96729083.91944501,97956110.3341075,98045975.32354753,95149280.87718251,103580669.81429003,93922387.00641255
2021-03-09,105483009.63411,102921217.96184753,99090148.27556004,105139696.0826825,97968682.37485749,99741390.44787253,102569117.29997501,102557356.47731999,102703218.26760502,98152293.05626002,94224296.84712501,97226723.77092251,108133231.14541753,90759359.50594,97913559.90618253,97968663.73398252,99567156.00192505,95149130.96506001,102550171.20675,98084223.69398504,96497137.25414002,97128252.05475503,96192814.82454003,95391115.5367825,103928724.05488001,105398131.0245925,99969391.11286001,91172504.00882505,98617115.01671,101178435.86515498,106025275.45346004,94880876.56663504,97822169.44880001,97606037.64409749,95107845.7070375,93154598.90853752,99434776.59766,95423237.03581002,97301801.88912252,99094721.05501749,100776280.85416001,103220072.94465502,100699618.122335,100339906.85450503,100706884.30375504,96747083.91944501,97823110.3341075,97829975.32354753,95389280.87718251,103659669.81429003,94849975.19341254
2021-03-10,106221009.63411,103046217.96184753,100306148.27556004,104962696.0826825,98535682.37485749,100596390.44787253,102669117.29997501,102657356.47731999,103562218.26760502,98654620.33481753,94817296.84712501,98182723.77092251,108361231.14541753,91261359.50594,98218559.90618253,99240663.73398252,99788156.00192505,95926130.96506001,104242171.20675,99395223.69398504,97031137.25414002,97456252.05475503,97148814.82454003,95392115.5367825,105077724.05488001,106774131.0245925,101540391.11286001,91675504.00882505,99983115.01671,101512435.86515498,107335275.45346004,96499288.02163506,98563169.44880001,98230037.64409749,96249845.7070375,93180598.90853752,100637776.59766,96042237.03581002,98150027.28586753,100780721.05501749,100691280.85416001,104353072.94465502,101950618.122335,101580906.85450503,101376884.30375504,97578083.91944501,98576110.3341075,98381975.32354753,95767280.87718251,103552669.81429003,95985975.19341254
2021-03-11,107880009.63411,103626217.96184753,101063148.27556004,106271696.0826825,98896682.37485749,101230390.44787253,103653117.29997501,103894356.47731999,104764218.26760502,99828620.33481753,95126296.84712501,98564723.77092251,109684231.14541753,91900359.50594,99552559.90618253,100373663.73398252,100869156.00192505,97362130.96506001,105428171.20675,100074223.69398504,98214137.25414002,97987252.05475503,97693814.82454003,96429115.5367825,107325724.05488001,108447131.0245925,102722391.11286001,92888504.00882505,100765115.01671,102560435.86515498,109107275.45346004,97149288.02163506,99920169.44880001,99404037.64409749,97435845.7070375,94298598.90853752,101833776.59766,97659237.03581002,98670157.97286752,101545721.05501749,101724280.85416001,105892072.94465502,102678618.122335,101613906.85450503,103248884.30375504,98348083.91944501,99195110.3341075,99097975.32354753,96266280.87718251,105069669.81429003,96448975.19341254
2021-03-12,107704009.63411,104446217.96184753,100478148.27556004,106699696.0826825,98900682.37485749,101334390.44787253,104331117.29997501,104282356.47731999,104380218.26760502,100431856.08481753,95309296.84712501,98223723.77092251,109426231.14541753,92595359.50594,100038559.90618253,100232663.73398252,100634156.00192505,97700130.96506001,104788171.20675,100360223.69398504,98588137.25414002,97426252.05475503,97956814.82454003,97031115.5367825,107863724.05488001,107904131.0245925,101995391.11286001,93398504.00882505,100863115.01671,102696435.86515498,109322275.45346004,96826288.02163506,100258169.44880001,99498037.64409749,97360845.7070375,94011598.90853752,102155776.59766,98389237.03581002,98648157.97286752,101163721.05501749,101529280.85416001,106127072.94465502,102514618.122335,101367906.85450503,103166884.30375504,98965083.91944501,99200110.3341075,99651975.32354753,95989280.87718251,105426669.81429003,96819975.19341254
2021-03-15,107980009.63411,106071217.96184753,100749148.27556004,107129696.0826825,100202682.37485749,102615390.44787253,104922117.29997501,104654356.47731999,104394218.26760502,100946856.08481753,95599296.84712501,98917723.77092251,109541231.14541753,94063359.50594,100742559.90618253,100528663.73398252,101116156.00192505,97749130.96506001,105757171.20675,101081223.69398504,98805137.25414002,97975252.05475503,98933814.82454003,97254115.5367825,108139724.05488001,108375131.0245925,101954391.11286001,93753504.00882505,101201115.01671,102490435.86515498,109377275.45346004,97270288.02163506,100602169.44880001,99736037.64409749,97565845.7070375,94564598.90853752,102167776.59766,99302237.03581002,99322157.97286752,102236721.05501749,102111280.85416001,106510072.94465502,103171618.122335,103253906.85450503,103410884.30375504,99765083.91944501,100212110.3341075,100699975.32354753,96857280.87718251,106359669.81429003,97829975.19341254
2021-03-16,108079009.63411,106453217.96184753,101382148.27556004,106625696.0826825,100546682.37485749,101991390.44787253,105173117.29997501,104477356.47731999,104110218.26760502,100457856.08481753,95777296.84712501,99749723.77092251,108558231.14541753,94912359.50594,101461559.90618253,100325663.73398252,100779156.00192505,97839130.96506001,105388171.20675,100477223.69398504,98747137.25414002,97692252.05475503,99186814.82454003,97284115.5367825,108604724.05488001,108217131.0245925,101576391.11286001,93731504.00882505,101412115.01671,101578435.86515498,109020275.45346004,97719288.02163506,100736169.44880001,99080037.64409749,97304845.7070375,94048598.90853752,101102776.59766,99888237.03581002,99583157.97286752,102930721.05501749,102333280.85416001,107320072.94465502,103615618.122335,103207906.85450503,103200884.30375504,99878083.91944501,100109110.3341075,100408975.32354753,96096280.87718251,106026669.81429003,97924975.19341254
2021-03-17,108985009.63411,105392217.96184753,101718148.27556004,107636696.0826825,100728682.37485749,102121390.44787253,105681117.29997501,104501356.47731999,105104218.26760502,101136856.08481753,96175296.84712501,99862723.77092251,110042231.14541753,93803359.50594,101288559.90618253,101181663.73398252,101348156.00192505,98322130.96506001,105857171.20675,100491223.69398504,99340137.25414002,97973252.05475503,99058814.82454003,97779115.5367825,109370724.05488001,109535131.0245925,102477391.11286001,94183504.00882505,101299115.01671,102374435.86515498,109854275.45346004,97542288.02163506,100833169.44880001,100190037.64409749,97886845.7070375,94308598.90853752,102115776.59766,100115237.03581002,100109157.97286752,102686721.05501749,103137280.85416001,107910072.94465502,104509618.122335,102693906.85450503,104083884.30375504,99727083.91944501,100166110.3341075,100146975.32354753,96159280.87718251,105907669.81429003,98051975.19341254
2021-03-18,109478423.604825,107160217.96184753,102804148.27556004,107769696.0826825,101406682.37485749,102527390.44787253,106181117.29997501,105862356.47731999,105893218.26760502,101791856.08481753,96470296.84712501,101283723.77092251,110755231.14541753,94784359.50594,102524559.90618253,102190663.73398252,102353156.00192505,99930130.96506001,105379171.20675,101075223.69398504,100487137.25414002,98775252.05475503,99251814.82454003,97894115.5367825,111010724.05488001,110408131.0245925,103094391.11286001,95321504.00882505,102132115.01671,103372435.86515498,110970275.45346004,98425288.02163506,101522169.44880001,100674037.64409749,98891845.7070375,94996598.90853752,104082776.59766,101219237.03581002,101217157.97286752,103014721.05501749,103557280.85416001,108999072.94465502,105851618.122335,103102906.85450503,104939884.30375504,101289083.91944501,100129110.3341075,100757975.32354753,96648280.87718251,107170669.81429003,98696975.19341254
2021-03-19,108668748.808825,107823217.96184753,102053148.27556004,107625696.0826825,102040682.37485749,102837390.44787253,104915117.29997501,106323356.47731999,105218218.26760502,101228856.08481753,95907296.84712501,100781723.77092251,110052231.14541753,95736359.50594,103392559.90618253,102496663.73398252,101522156.00192505,99782130.96506001,105725171.20675,100591223.69398504,100744137.25414002,98279252.05475503,99452814.82454003,97303115.5367825,110646724.05488001,110183131.0245925,102696391.11286001,94918504.00882505,102222115.01671,103550435.86515498,110655275.45346004,98893288.02163506,100906169.44880001,100119037.64409749,98565845.7070375,95448598.90853752,104083776.59766,101474237.03581002,100903157.97286752,103040721.05501749,103786280.85416001,108715072.94465502,105207618.122335,103888906.85450503,104923884.30375504,101925083.91944501,100590110.3341075,101753975.32354753,96209280.87718251,108238669.81429003,98736975.19341254
2021-03-22,107733748.808825,110014217.96184753,101630148.27556004,108247696.0826825,102213682.37485749,103203390.44787253,104840117.29997501,107756356.47731999,105784218.26760502,101494856.08481753,96167296.84712501,100602723.77092251,110201231.14541753,97062485.40244001,103611559.90618253,102210663.73398252,101896156.00192505,99697130.96506001,105723171.20675,100307597.23898505,100784137.25414002,98585252.05475503,99912814.82454003,97864115.5367825,110046724.05488001,110151131.0245925,102479391.11286001,94602861.65882505,101551115.01671,102982435.86515498,110099275.45346004,98120288.02163506,101416169.44880001,99523037.64409749,98163845.7070375,95118598.90853752,103299776.59766,102025237.03581002,100179157.97286752,103290531.76251748,104167280.85416001,108080072.94465502,104517618.122335,103970906.85450503,104202884.30375504,102681083.91944501,102005110.3341075,102450975.32354753,96191280.87718251,109110669.81429003,98890975.19341254
2021-03-23,106813748.808825,110580217.96184753,100589148.27556004,107455696.0826825,101682682.37485749,102496390.44787253,104353117.29997501,108010356.47731999,104961218.26760502,100975856.08481753,95553296.84712501,99338723.77092251,109075231.14541753,97697485.40244001,101666559.90618253,100596663.73398252,101032156.00192505,98831130.96506001,105043171.20675,99805597.23898505,99913137.25414002,98069252.05475503,99747814.82454003,96880115.5367825,109256724.05488001,109093131.0245925,101183391.11286001,93289861.65882505,100221115.01671,102569435.86515498,109573275.45346004,96362288.02163506,100630169.44880001,99331037.64409749,97784845.7070375,93814598.90853752,101928776.59766,101866237.03581002,98900157.97286752,102650531.76251748,103305280.85416001,106995072.94465502,102898618.122335,103436906.85450503,104209884.30375504,101679083.91944501,101648110.3341075,102080975.32354753,95585280.87718251,108940669.81429003,98602975.19341254
2021-03-24,104848059.97198501,108852217.96184753,98086148.27556004,103964696.0826825,99199682.37485749,100286390.44787253,101652117.29997501,106119356.47731999,103164218.26760502,98894856.08481753,93388296.84712501,96728723.77092251,105996231.14541753,96440485.40244001,98872559.90618253,97459663.73398252,98686156.00192505,96860130.96506001,102708171.20675,96779699.27511004,96594137.25414002,95752252.05475503,97470814.82454003,94508115.5367825,106486724.05488001,107097464.58209251,98866391.11286001,91317128.06857505,97466115.01671,100648435.86515498,107705275.45346004,93842288.02163506,98446169.44880001,97121037.64409749,95153845.7070375,90355598.90853752,99013776.59766,100239237.03581002,96805157.97286752,100296190.74420498,100141280.85416001,104842072.94465502,100804618.122335,101074906.85450503,102443884.30375504,99057083.91944501,99090110.3341075,100625975.32354753,92889280.87718251,107605669.81429003,96900975.19341254
2021-03-25,105430224.09698501,109430217.96184753,97606148.27556004,103612331.7181825,98893682.37485749,99520390.44787253,101276611.30597502,106947661.27731998,102782218.26760502,98139856.08481753,92850296.84712501,95797723.77092251,106032293.02441752,97062485.40244001,97869955.91718253,97406729.99598251,97951202.35342506,96213371.63306001,102325171.20675,96210435.32511005,95613137.25414002,95654695.91975503,96382814.82454003,93868115.5367825,105708724.05488001,106678217.54259251,98728391.11286001,90591456.97407505,96517115.01671,100128435.86515498,107012468.12996003,93364288.02163506,98748169.44880001,97012179.4780975,94652135.8470375,90108428.25853753,98642776.59766,100641011.35581002,96498157.97286752,99284365.85820499,99786768.17116001,103632072.94465502,100166618.122335,100600906.85450503,102191884.30375504,98415083.91944501,98490110.3341075,100788975.32354753,92176185.94468251,108104669.81429003,96316975.19341254
2021-03-26,105875224.09698501,109836960.80434753,97441148.27556004,103848716.95818251,98763682.37485749,98433390.44787253,100769108.61005002,107326661.27731998,101894218.26760502,97675856.08481753,92056296.84712501,94923601.0919225,105559128.53441752,97098480.06494,97086599.51574253,97890729.99598251,97675202.35342506,95663371.63306001,101762171.20675,95990435.32511005,96782137.25414002,95565416.96075504,96028814.82454003,92969115.5367825,106595992.30688001,106112217.54259251,98031391.11286001,90721456.97407505,95645758.61526999,99956110.40915498,106059468.12996003,92418288.02163506,99443169.44880001,97066179.4780975,95028135.8470375,89779070.51127753,98451776.59766,102648011.35581002,96383157.97286752,98914365.85820499,100156185.23366001,104870072.94465502,99079157.588895,100075906.85450503,101912884.30375504,98290843.687445,97669301.48860751,101526975.32354753,91290185.94468251,108171669.81429003,95698710.67941254
2021-03-29,107623224.09698501,113537960.80434753,99281148.27556004,106840716.95818251,100889682.37485749,100961203.14287253,102130470.03505002,109844661.27731998,103296218.26760502,100089856.08481753,93683296.84712501,95947114.7669225,107634232.67441753,100223480.06494,97859373.67324252,101033729.99598251,99455413.67342506,97567371.63306001,104499108.31675,98344435.32511005,99121137.25414002,97392416.96075504,97849814.82454003,94730593.21578251,109811992.30688001,108484217.54259251,99869391.11286001,92792456.97407505,97779944.93527,101160110.40915498,107927468.12996003,95748288.02163506,103537169.44880001,98747770.96609749,97490135.8470375,90537959.65127753,100614776.59766,105987011.35581002,98698157.97286752,100904365.85820499,102104185.23366001,107661072.94465502,101146906.746395,103337906.85450503,103847612.61875504,101176843.687445,101201301.48860751,103471975.32354753,93393332.3466825,110630788.33929002,98095710.67941254
2021-03-30,110044099.03098501,116374221.56934753,99662148.27556004,108221716.95818251,101994682.37485749,101727368.85087253,103056470.03505002,111763048.41881998,103479218.26760502,101359856.08481753,94816296.84712501,97381041.5309225,108726232.67441753,103053390.61994001,99182612.52474253,103228729.99598251,100525413.67342506,99059371.63306001,105450968.84175,99347435.32511005,101346137.25414002,98897416.96075504,99013814.82454003,96166593.21578251,111620992.30688001,109758217.54259251,101456391.11286001,95206456.97407505,99682944.93527,103038110.40915498,108340468.12996003,97639288.02163506,106400169.44880001,101056770.96609749,99762135.8470375,91314959.65127753,102445776.59766,108955011.35581002,100393157.97286752,101279365.85820499,104586185.23366001,109976072.94465502,102744906.746395,104756906.85450503,105289612.61875504,103480843.687445,103202301.48860751,105257975.32354753,94103332.3466825,112941242.42129003,100439710.67941254
2021-03-31,111342099.03098501,116445221.56934753,99840148.27556004,109705716.95818251,102985682.37485749,103263368.85087253,103659470.03505002,112051048.41881998,104443218.26760502,102216856.08481753,95479296.84712501,97223041.5309225,109365232.67441753,103952390.61994001,99522612.52474253,104263729.99598251,100621413.67342506,98800371.63306001,107793968.84175,99743435.32511005,103007137.25414002,99198416.96075504,99347814.82454003,96727593.21578251,112758992.30688001,111226217.54259251,103421391.11286001,96362456.97407505,99927944.93527,103297110.40915498,109922468.12996003,97218288.02163506,107657169.44880001,102109770.96609749,101014135.8470375,92167959.65127753,102470776.59766,110347747.40581001,101544157.97286752,102697365.85820499,105728185.23366001,111419072.94465502,103178906.746395,105326906.85450503,107017612.61875504,103417843.687445,103915301.48860751,106164975.32354753,93930332.3466825,114292867.80529003,101569710.67941254
2021-04-01,113150099.03098501,116453221.56934753,102058148.27556004,110718716.95818251,104004682.37485749,105487368.85087253,105374470.03505002,112777048.41881998,106694218.26760502,103948856.08481753,97775296.84712501,99675041.5309225,113131232.67441753,103277390.61994001,101623612.52474253,106739729.99598251,102090413.67342506,101020371.63306001,109595968.84175,101084435.32511005,105946137.25414002,100655416.96075504,100310814.82454003,98639593.21578251,116008992.30688001,113612217.54259251,105132391.11286001,98569456.97407505,101425944.93527,105600110.40915498,112163468.12996003,99259288.02163506,110638169.44880001,103021770.96609749,103864135.8470375,94164959.65127753,104931776.59766,112288747.40581001,103531157.97286752,103952365.85820499,106520185.23366001,114666072.94465502,105162906.746395,105721906.85450503,109137612.61875504,104702843.687445,105224301.48860751,106506975.32354753,95644332.3466825,115857867.80529003,102208710.67941254
2021-04-02,113770099.03098501,117738221.56934753,102936148.27556004,111057716.95818251,104958682.37485749,106216368.85087253,106891470.03505002,113511048.41881998,107052218.26760502,105156856.08481753,98227296.84712501,100317041.5309225,113505232.67441753,105134390.61994001,102194612.52474253,107326729.99598251,103081413.67342506,101819371.63306001,110563968.84175,102849435.32511005,106469137.25414002,102174416.96075504,102022814.82454003,99654593.21578251,116646992.30688001,114398217.54259251,105987391.11286001,99269456.97407505,102158944.93527,106397110.40915498,112348468.12996003,99986288.02163506,110850169.44880001,105219770.96609749,104452135.8470375,94584959.65127753,105684776.59766,113048747.40581001,104702157.97286752,105050365.85820499,108067185.23366001,115119072.94465502,106233906.746395,106781906.85450503,110443612.61875504,105620843.687445,106154301.48860751,107310975.32354753,97096332.3466825,116986867.80529003,103656710.67941254
2021-04-05,114032099.03098501,118419221.56934753,104157148.27556004,111440716.95818251,105520682.37485749,106295368.85087253,107292470.03505002,113573048.41881998,108162218.26760502,105611856.08481753,98432296.84712501,100514041.5309225,114307232.67441753,105735390.61994001,102159612.52474253,106636729.99598251,103598413.67342506,102955371.63306001,111474968.84175,102852435.32511005,104967137.25414002,103200416.96075504,102925814.82454003,100098593.21578251,115349992.30688001,115604217.54259251,106972391.11286001,98548456.97407505,102886944.93527,107508110.40915498,113063468.12996003,100182288.02163506,109684169.44880001,106807770.96609749,103748135.8470375,94804959.65127753,106790776.59766,111734747.40581001,105314157.97286752,105696365.85820499,109086185.23366001,114122072.94465502,106839906.746395,107870906.85450503,111879612.61875504,106085843.687445,107024301.48860751,107990975.32354753,97362332.3466825,118026867.80529003,104417710.67941254
2021-04-06,114787308.565485,119361221.56934753,105031148.27556004,112519716.95818251,105855682.37485749,108010368.85087253,107444470.03505002,113137048.41881998,108668218.26760502,105446856.08481753,98957296.84712501,101461041.5309225,115669232.67441753,105112390.61994001,102271612.52474253,107064354.86098252,103447413.67342506,103783371.63306001,112435968.84175,102141435.32511005,105406890.39714003,103651416.96075504,103486814.82454003,100115593.21578251,115532850.79738002,115850217.54259251,107321391.11286001,99074024.30457506,102842944.93527,108119110.40915498,113190468.12996003,100579288.02163506,110455871.96180001,106900770.96609749,104372213.3720375,95561959.65127753,107697776.59766,112065470.53081001,106448157.97286752,105744365.85820499,109863185.23366001,115694981.87215501,107120906.746395,109297906.85450503,112321612.61875504,106772843.687445,106949301.48860751,108626975.32354753,97086332.3466825,117677867.80529003,104485710.67941254
2021-04-07,114307308.565485,121019221.56934753,106940148.27556004,113518716.95818251,106433682.37485749,109281368.85087253,107709470.03505002,113385048.41881998,109550218.26760502,106065856.08481753,100576296.84712501,103600041.5309225,116452232.67441753,104722390.61994001,104193612.52474253,108373354.86098252,103589413.67342506,105777371.63306001,112460968.84175,102817435.32511005,107250890.39714003,105223416.96075504,104269814.82454003,100958593.21578251,116566850.79738002,116666217.54259251,108603391.11286001,99745024.30457506,103442944.93527,109916110.40915498,113787468.12996003,102003288.02163506,112813871.96180001,107432770.96609749,105658213.3720375,95705959.65127753,108822776.59766,111680470.53081001,107484157.97286752,106404365.85820499,111639185.23366001,117086981.87215501,107008906.746395,110856906.85450503,113463612.61875504,108415843.687445,108296301.48860751,108324975.32354753,98682332.3466825,118120867.80529003,104746710.67941254
2021-04-08,113677463.921485,122431882.17684753,107403148.27556004,114181716.95818251,107047682.37485749,110082368.85087253,107602470.03505002,112145264.81281997,109494218.26760502,106039856.08481753,100814296.84712501,104843041.5309225,116303232.67441753,104881321.34194002,105193612.52474253,109354354.86098252,103678211.76342505,106583371.63306001,111769968.84175,102992435.32511005,107635890.39714003,105913416.96075504,105596814.82454003,100954593.21578251,116010850.79738002,116396217.54259251,108387391.11286001,99967024.30457506,103653042.60527,110962110.40915498,113736468.12996003,102675288.02163506,112946871.96180001,107660770.96609749,105154213.3720375,95266959.65127753,108902776.59766,111646370.78381002,107998157.97286752,107061365.85820499,112938185.23366001,117811981.87215501,107228906.746395,111664906.85450503,113795612.61875504,109493843.687445,108299301.48860751,108593470.78454754,99356332.3466825,117290795.32679002,105733710.67941254
2021-04-09,114038463.921485,122032882.17684753,107485148.27556004,114515716.95818251,108285682.37485749,109678368.85087253,107821470.03505002,112091264.81281997,109491218.26760502,106576856.08481753,101751296.84712501,104832041.5309225,116448232.67441753,105647321.34194002,105610612.52474253,109967354.86098252,104029211.76342505,107180371.63306001,112375968.84175,102970435.32511005,107731890.39714003,106336416.96075504,106257814.82454003,101840593.21578251,116114850.79738002,117021217.54259251,109364391.11286001,99821024.30457506,104348042.60527,110694110.40915498,114199468.12996003,102778288.02163506,113340871.96180001,108864770.96609749,105462213.3720375,95720959.65127753,109128776.59766,111546370.78381002,107823157.97286752,108428365.85820499,113828185.23366001,117538981.87215501,108042906.746395,112605906.85450503,113817612.61875504,109928843.687445,109919301.48860751,109472470.78454754,99852332.3466825,118124795.32679002,107227710.67941254
2021-04-12,115027463.921485,123627882.17684753,108776148.27556004,116912716.95818251,111073682.37485749,111871368.85087253,109605470.03505002,113495264.81281997,110510218.26760502,109131856.08481753,103781296.84712501,105805041.5309225,118865232.67441753,108700321.34194002,106832612.52474253,113040354.86098252,105939211.76342505,109009371.63306001,114808968.84175,105603435.32511005,110682890.39714003,108528416.96075504,109443814.82454003,103808593.21578251,117717850.79738002,118868217.54259251,111045391.11286001,101598024.30457506,106439042.60527,112835110.40915498,115611468.12996003,105080288.02163506,115291871.96180001,111119770.96609749,107213213.3720375,97527959.65127753,111087776.59766,112218370.78381002,110677157.97286752,110113365.85820499,116960185.23366001,118783981.87215501,109599906.746395,116699906.85450503,116054612.61875504,113034843.687445,113967301.48860751,112688470.78454754,103138332.3466825,120191795.32679002,110568710.67941254
2021-04-13,112872733.9096775,122056882.17684753,106540148.27556004,114743716.95818251,108977443.8183575,109286368.85087253,108889470.03505002,111103760.76681998,107934807.47860502,107988816.34681752,101069296.84712501,103156041.5309225,116979232.67441753,107950949.97694,104858612.52474253,110729354.86098252,104411906.17727506,107504371.63306001,111894968.84175,103921962.22761004,107853890.39714003,106623416.96075504,109311814.82454003,102396593.21578251,115889850.79738002,116387217.54259251,108588391.11286001,100315972.47673255,104290243.38227,111868606.36315498,113802468.12996003,102147288.02163506,112766871.96180001,109947770.96609749,105533213.3720375,95249959.65127753,108823776.59766,110095370.78381002,109022157.97286752,109082365.85820499,116610185.23366001,116135981.87215501,106753312.046395,115353416.01750503,115386612.61875504,112365843.687445,111997301.48860751,111405651.54954754,101679332.3466825,117176119.39858752,109223710.67941254
2021-04-14,113517467.6666775,123822881.47134753,106833148.27556004,116336251.65468252,111313443.8183575,111429368.85087253,110123470.03505002,111544760.76681998,109045807.47860502,109619816.34681752,101571296.84712501,103677948.6569225,118097023.74841753,110373949.97694,106327612.52474253,111850354.86098252,105631938.70577505,108164371.63306001,112433968.84175,104798962.22761004,108687890.39714003,107162416.96075504,112383814.82454003,103403599.68328251,116803850.79738002,117057217.54259251,109898391.11286001,101115408.14373255,105056243.38227,113216606.36315498,114290468.12996003,102645168.71163505,114529871.96180001,112283770.96609749,106883164.9070375,96678959.65127753,110167776.59766,109673229.83431002,110233157.97286752,110397365.85820499,120671185.23366001,117279981.87215501,107234312.046395,117692157.18250504,117629612.61875504,113315843.687445,113530301.48860751,113252651.54954754,103003083.99168251,117964602.29858753,110983439.83541255
2021-04-15,113596290.06917751,122976881.47134753,104996148.27556004,116127251.65468252,112693443.8183575,110988368.85087253,108996470.03505002,110165760.76681998,107204807.47860502,109225816.34681752,100535296.84712501,102181948.6569225,117498023.74841753,110999949.97694,105687612.52474253,111092354.86098252,105467065.92577505,107111371.63306001,111308968.84175,102916298.18788505,107481890.39714003,106240416.96075504,113861814.82454003,102911599.68328251,115436850.79738002,116664217.54259251,108489391.11286001,99940408.14373255,103240243.38227,112214606.36315498,113481604.75596005,100814168.71163505,113021871.96180001,112496770.96609749,105685164.9070375,96702959.65127753,108095776.59766,108014727.64181001,109327157.97286752,109996365.85820499,122289185.23366001,116798981.87215501,106596312.046395,118179194.17062503,116418612.61875504,112917843.687445,113741301.48860751,113207651.54954754,102366083.99168251,117400602.29858753,111826439.83541255
2021-04-16,114152290.06917751,122392032.21483503,103692148.27556004,114960569.82768251,112323553.08839749,108035368.85087253,107520470.03505002,107997051.56132998,106583916.74864502,107342169.70966002,99110296.84712501,101010231.0553725,115675023.74841753,109535695.17694001,104568612.52474253,110112354.86098252,103887739.25972755,107115371.63306001,109281500.84375,99717512.04888505,105170309.68214002,105483101.55425504,114022814.82454003,101674599.68328251,113913337.81638002,115357217.54259251,107679391.11286001,99632408.14373255,101850040.7312,112491606.36315498,112200031.86596005,98352071.58063506,112008038.18980001,113144914.1260975,105026164.9070375,95088959.65127753,106682641.15866,106250154.42655501,106470157.97286752,109758604.56901498,122439185.23366001,116138981.87215501,105272424.567395,117362714.49162504,115195612.61875504,112437762.579945,112746301.48860751,112741500.54299754,100597083.99168251,114874602.29858753,112065439.83541255
2021-04-19,116995290.06917751,121290940.54433504,105892797.95106004,114357569.82768251,113217624.93939748,107267732.88387254,108048470.03505002,110209055.57782999,107651373.33214502,107626705.03966002,99861978.21712501,103163471.71087252,117850023.74841753,110045341.86244002,107554845.71174252,111978264.81098253,105410442.31542756,109188635.71556002,109971802.98725,99861237.43438505,106451691.03964002,107483440.99125503,114003155.61304004,102393667.93528251,116316148.25288002,116830217.54259251,109319799.21936,101578341.44973254,103721383.0707,114878442.68915498,114470031.86596005,100012754.97563505,113188764.50030002,115715914.1260975,106536164.9070375,96688959.65127753,108809028.79366,107646130.48155501,107913585.36636752,109787751.36351499,123932881.16316001,117966380.02165501,107557022.537395,116499562.94612503,115942262.00975505,112675532.396445,112594906.53960751,111939925.91249754,101105083.99168251,116613273.36008753,112863439.83541255
2021-04-20,117362290.06917751,122436080.63733503,106085797.95106004,114797514.29818252,113774624.93939748,106710521.50487253,108078066.21505001,110419055.57782999,107494987.46614502,107216989.31216003,99556978.21712501,101995471.71087252,116884023.74841753,111143826.96094002,106618845.71174252,110372264.81098253,104939549.78742756,109636635.71556002,109724327.57725,98309575.82188505,105195691.03964002,107174440.99125503,114192285.84104005,102223760.53928252,115998148.25288002,116604217.54259251,108602799.21936,101377341.44973254,103228383.0707,115088442.68915498,114802031.86596005,99399608.76429504,113144764.50030002,116600914.1260975,106068164.9070375,95714959.65127753,107886028.79366,106459130.48155501,108407017.81386754,111633751.36351499,123407881.16316001,118246380.02165501,106989022.537395,116803806.80362503,116173449.31025505,113414532.396445,113826906.53960751,112665925.91249754,100159367.10668251,115370273.36008753,113617439.83541255
2021-04-22,113204290.06917751,118400290.01458754,102560910.35004753,109601179.81183001,109385624.93939748,101438585.37439004,104241066.21505001,107136727.82300998,103354987.46614502,102962989.31216003,94756978.21712501,98201472.67896251,111252250.20675254,107356939.35992752,101491845.71174252,105349448.59358251,100927191.46642005,106138748.1145475,103401030.58888501,94661521.43555504,100205691.03964002,103301684.95405753,109793428.01790005,98117760.53928252,112624269.79606251,110450217.54259251,102761799.21936,97493341.44973254,98091383.0707,110826590.93514998,109736784.34596004,94238893.03559506,108920685.582695,112099814.15395749,102086281.6901575,90881959.65127753,102582141.1926475,102251534.81104252,104838017.81386754,107715751.36351499,117983881.16316001,112507506.90563002,101080172.66021,112295806.80362503,110512449.31025505,109362165.26043251,109575906.53960751,107439925.91249754,95612509.26168251,109101273.36008753,109677217.41390255
2021-04-23,114819806.54317752,118215036.75858754,104656151.91054754,109995611.97883001,109694525.9713125,101184634.97289003,105883637.96345001,107879104.46300998,104208210.25106752,103912140.15116003,95667851.01012501,99507565.10896252,112258558.49075253,107180597.53892753,103353093.08074252,105500268.31031252,102072464.43842006,108646704.04804751,103070049.03738502,95136825.68659505,99988119.28364003,104579569.61805753,110980687.20690005,100713776.40128252,114141508.16706252,111768654.0255925,104159781.4461825,98502405.84273255,98346004.0682,112113484.66006498,111327440.65296003,96079203.30309506,110361466.38869502,114162082.2379575,103215163.41165751,91657310.91077754,104120266.9341875,103237437.27754253,105274547.20386752,108980810.263515,119241758.16766001,112659536.04913002,101435309.04671001,111588680.08462504,112673740.83215505,110001311.3574325,109887858.5540225,107528686.36152256,95390578.88058251,109448268.67508754,111019607.91290255
2021-04-26,114744806.54317752,113438560.29809754,103177111.89554754,107383944.60383001,106807351.5948125,99641110.10439003,102908111.36495003,105985801.70700999,102809327.13806753,102709299.07482503,94803345.522125,96787295.47246252,109879390.21575254,103700888.05592752,99921065.58224252,105294593.34281254,101287411.23892006,108911398.87404752,103027364.26888502,93135075.66059504,98366995.22622254,105377668.09421253,108543800.38340005,98107261.20186752,111592210.01706252,110576585.01609251,102592551.93518251,96665405.84273255,97640573.6597,111109031.80506498,110100593.36396004,94212340.56109506,109133070.29750252,111670870.92995751,103444348.5316575,90122391.87227753,103542746.93568751,102286031.80469754,102732762.95986754,104974525.70151499,116652758.77666003,109919215.73529501,98942062.83671002,109041899.25512505,111435124.87215504,107103975.5074325,107061477.6650225,106109135.35702255,94388066.0140825,108119094.81958756,108984697.38490255
2021-04-27,114882641.96867752,110954118.95709755,102459489.86154754,105182174.74833,106219863.1828125,98833940.16389003,103195772.63395002,105811796.88100998,103344475.63714254,103048879.70482504,95061332.718675,96898219.18746252,110165301.27825254,101351780.42892753,100580671.26724252,105981234.43081254,102148249.46842006,108637375.76404752,103498993.76038502,93278993.83059505,97895609.61622253,105950328.70671254,107967351.19740006,97814447.88736752,111668550.36206251,110996058.39076252,102779568.7401825,97020365.94423255,97200119.3092,110249679.67656499,109525633.32146004,93830073.54009506,109354347.34500253,110446613.64395751,103600127.6866575,90797827.35427754,103781349.77818751,102358312.48919752,101369506.77776752,104482333.58351499,116801770.75383002,109825270.82379502,99069743.70621002,108609595.49512504,110271901.39615506,105573258.6894325,105994071.72702251,104942551.08552256,95133508.82008252,108330335.69558756,107576421.10890254
2021-04-28,116274641.96867752,111564254.56864254,102757777.44154754,106267896.49083,107151863.1828125,99484372.83989003,104283987.32095003,107210460.13600999,104277715.19014254,104432879.70482504,96349332.718675,97889189.85990752,111148648.02920254,102182930.43542753,101367807.55724253,106590863.61781253,103908249.46842006,110050375.76404752,104454993.76038502,94113282.60309505,98817930.25367254,107047328.70671254,109444351.19740006,98436447.88736752,113542436.50206251,112699094.51926252,104323771.9706825,98945569.77473256,97984315.0352,111647443.89210999,110573866.44396004,94123862.70509505,110241876.47200252,110438613.64395751,104629127.6866575,91789827.35427754,105000349.77818751,103247448.77919753,102442718.12176752,105686048.421515,118092823.99583001,110241270.82379502,100170730.50621003,110588628.55257505,110284676.70015505,105665258.6894325,106660071.72702251,105514137.53652255,96896508.82008252,109206864.82258755,109328421.10890254
2021-04-29,118060377.41867751,112288728.78214255,103643777.44154754,107016896.49083,107939863.1828125,100061247.22506754,104773987.32095003,107553320.06100999,104794715.19014254,105853879.70482504,97828553.459675,98466475.64890753,112133646.83820254,102493632.30960503,102328807.55724253,106667422.76281254,105722249.46842006,111803131.22604752,105259158.26838502,95465919.19309504,99804102.76467255,108803857.83371253,111297009.80240005,100066705.05236751,115248436.50206251,114344094.51926252,105805771.9706825,99644569.77473256,98689315.0352,113273448.30410999,111190870.85596004,95358249.14509505,111652435.61700253,111486613.64395751,106230678.0256575,92555827.35427754,107176915.12618752,104152233.65919752,102884718.12176752,106966048.421515,119104823.99583001,110920270.82379502,101185730.50621003,112137245.73057505,111150263.86915505,106300258.6894325,108266773.60120001,106340679.93270005,97872508.82008252,110865864.82258755,111377361.68190256
2021-05-04,119533377.41867751,112002728.78214255,103881971.11104754,106494896.49083,107518902.17281249,98386750.03556754,104834987.32095003,107443359.05100998,104240748.61014253,106001879.70482504,97509075.578675,98778475.64890753,113593685.82820255,101275485.16810502,103594807.55724253,107407422.76281254,105466957.64941005,112655131.22604752,105270135.60888502,95205603.21734005,100228102.76467255,109206139.31221254,111184892.03790006,99528705.05236751,115592436.50206251,115876094.51926252,106035325.76063502,99811569.77473256,99178608.4102,112761560.12561,111055870.85596004,94795864.34254006,110749435.61700253,111413709.16011252,106209190.7686575,92556120.72927754,107076371.70968752,104343844.54282252,102402591.22426753,106683048.421515,119542823.99583001,111141824.6137475,100473730.50621003,112962245.73057505,110738286.23665504,106904869.5730575,107819511.83615251,107535014.54270005,98196381.63728252,110218864.82258755,110902803.75490256
2021-05-05,120958377.41867751,115226728.78214255,105595971.11104754,109092127.50683,109474499.3388125,101426957.39656754,108120522.13995002,109503386.47500998,105650578.51714253,107348879.70482504,98167374.161675,101141475.64890753,115380857.24070254,104045485.16810502,105566807.55724253,108672422.76281254,107365844.98941006,114911736.5855475,106556135.60888502,96448823.95834005,101090102.76467255,111652318.81671254,112792892.03790006,101677705.05236751,117384436.50206251,118458094.51926252,107346191.89763501,102503569.77473256,100478666.45220001,114540508.91361,112847870.85596004,95973951.70104006,112972264.01850253,112684196.36161251,107477498.3786575,93608407.10577753,110362968.87568752,105979710.07082252,104095188.39026752,107597048.421515,120431823.99583001,111959343.74374752,102869730.50621003,115514245.73057505,112175286.23665504,108164545.58705752,109369669.4486525,109800014.54270005,100049381.63728252,113677864.82258755,113139803.75490256
2021-05-06,121309377.41867751,114254728.78214255,105097971.11104754,108249127.50683,109941499.3388125,100497957.39656754,107310522.13995002,109732386.47500998,105267578.51714253,107368879.70482504,98010374.161675,101142475.64890753,116054857.24070254,103482485.16810502,106061807.55724253,109191422.76281254,107602844.98941006,114288736.5855475,107079135.60888502,96118823.95834005,101471102.76467255,110855318.81671254,112495892.03790006,101367705.05236751,117634436.50206251,119245094.51926252,107158191.89763501,102434569.77473256,100455666.45220001,115169508.91361,113848870.85596004,95293951.70104006,112351264.01850253,112071196.36161251,107124498.3786575,93874407.10577753,109712968.87568752,106123710.07082252,104265188.39026752,107624048.421515,121221823.99583001,111479343.74374752,103403730.50621003,116169245.73057505,111686913.27461505,107764389.324575,108934669.4486525,110013014.54270005,99984243.36228251,113149864.82258755,112962803.75490256
2021-05-07,121190972.19191252,112973728.78214255,104217425.46278754,106645127.50683,109073499.3388125,99276552.38728504,105916522.13995002,108754386.47500998,103948578.51714253,106156474.47806004,97894374.161675,100078475.64890753,115403188.64425755,101597474.21096003,106281807.55724253,108469471.88778754,106642844.98941006,113728045.27027752,106552135.60888502,95958823.95834005,100330413.65122753,109731318.81671254,112258237.58700755,101070705.05236751,116770436.50206251,118552094.51926252,107284191.89763501,101356569.77473256,100360666.45220001,114621508.91361,112581870.85596004,95778690.15694256,111563264.01850253,111739791.1348475,105536498.3786575,93168407.10577753,108741968.87568752,105516710.07082252,103463188.39026752,107166048.421515,121234823.99583001,110705343.74374752,102387918.40792252,114991245.73057505,111862515.94211505,107458014.70857501,108247669.4486525,110176014.54270005,99112243.36228251,111540864.82258755,112405792.79775755
2021-05-10,122340344.42591251,113826658.91214254,105547536.03628755,107226127.50683,109774499.3388125,99564731.21178505,107764522.13995002,110628386.47500998,103811578.51714253,107082551.50636004,97689374.161675,101332475.64890753,117952016.64975753,101964797.91046003,109280381.67124254,109778575.16878752,106839633.63196506,114162355.46527751,106699144.48538503,97046981.16069004,100934260.97622754,109524318.81671254,113064823.64850757,102323996.47536752,117738436.50206251,120978094.51926252,108338191.89763501,102540814.99223256,102044666.45220001,114179508.91361,112970659.49851504,96327073.19522256,111553264.01850253,112467375.6918475,105121498.3786575,94074397.64124003,109160182.97898751,106390710.07082252,105189188.39026752,107130699.583515,122181410.74547751,112722343.74374752,102149072.28122252,115459245.73057505,113913598.34361506,108027014.70857501,110309669.4486525,111064005.40891255,99700457.46558252,112468855.68880005,111941913.47875756
2021-05-11,121004503.19091251,114201658.91214254,105303536.03628755,107566127.50683,109493379.2058125,101223731.21178505,108481522.13995002,110942264.35371998,103909799.51514253,107604916.48507003,97262087.456675,101415475.64890753,116916016.64975753,102491797.91046003,108998381.67124254,109504795.46528754,106685673.56346506,114909304.00277752,106618144.48538503,96509968.56069005,99862260.97622754,111181274.85871254,112952823.64850757,102196882.61536752,118105436.50206251,120947094.51926252,108138114.974635,102190746.61923255,101340666.45220001,116001545.00361,113038180.50651504,96208577.40822256,112444932.08250253,112301375.6918475,105237890.88165751,93618152.83924004,109049299.19598752,106040798.41182253,105144188.39026752,107058699.583515,121266094.23447752,112948343.74374752,101984072.28122252,114775245.73057505,114127598.34361506,108349892.58728501,110959669.4486525,110399576.99241255,99270511.57358252,112183402.32630005,112556913.47875756
2021-05-12,123618646.53791252,117631811.08378255,106990536.03628755,109620127.50683,111333379.2058125,103350731.21178505,111597522.13995002,114313368.12421998,104855799.51514253,109705916.48507003,98274775.21444,104428475.64890753,118618041.26907754,104217797.91046003,110912381.67124254,110505858.32569253,109204673.56346506,116984516.79177752,108285144.48538503,98527432.47845504,101317290.77557254,113408513.85371254,114372823.64850757,103761882.61536752,120837436.50206251,123478094.51926252,110345379.54263501,104197629.76941755,103072666.45220001,118625545.00361,115722180.50651504,97732577.40822256,115506932.08250253,113862400.31116751,107399890.88165751,95128152.83924004,111951299.19598752,107746999.67632252,106717188.39026752,109573699.583515,123415094.23447752,115070790.27074751,103417506.72962752,116354960.68904005,115267598.34361506,110217600.04147,113250669.4486525,112898576.99241255,100729511.57358252,113976402.32630005,114792913.47875756
2021-05-13,123879646.53791252,115471115.07578255,106206536.03628755,108660127.50683,109893379.2058125,102989731.21178505,110893522.13995002,114609368.12421998,103909799.51514253,110168202.86507004,99127752.50694,103462475.64890753,117693041.26907754,104070797.91046003,109142381.67124254,109551442.48569253,108889673.56346506,116551516.79177752,109128144.48538503,97918272.99145505,101486210.73657253,111929568.89571254,114906823.64850757,103083882.61536752,120932436.50206251,122582094.51926252,109752379.54263501,103147135.68141755,103683666.45220001,117602545.00361,116106180.50651504,99004577.40822256,114716932.08250253,114012234.02116752,107361890.88165751,93647152.83924004,111514299.19598752,108431999.67632252,107236188.39026752,108428699.583515,123188094.23447752,113881790.27074751,102364394.66962752,116099047.05054004,115547598.34361506,110360984.68147,113122669.4486525,111822576.99241255,99819511.57358252,113584402.32630005,115188913.47875756
2021-05-14,125525646.53791252,115279115.07578255,107012536.03628755,109021127.50683,109702379.2058125,104737731.21178505,111603522.13995002,116309368.12421998,104144799.51514253,112302202.86507004,101039752.50694,104023475.64890753,118094646.64107753,104927891.17312753,108751381.67124254,109702299.89641502,108879673.56346506,117174516.79177752,110170144.48538503,98151272.99145505,102290210.73657253,112203568.89571254,116255823.64850757,103718882.61536752,122848436.50206251,122785094.51926252,110583379.54263501,103024135.68141755,105705666.45220001,117422545.00361,117387180.50651504,100913577.40822256,114316932.08250253,115053234.02116752,107738890.88165751,93610152.83924004,112234299.19598752,110012999.67632252,109365188.39026752,108411699.583515,124117094.23447752,114215790.27074751,103382394.66962752,116223047.05054004,116782598.34361506,111633984.68147,114292669.4486525,111765576.99241255,100420511.57358252,113963402.32630005,115728913.47875756
2021-05-17,126043646.53791252,114699115.07578255,105527491.83198753,107634542.586695,109490379.2058125,104065731.21178505,111528522.13995002,116283368.12421998,103586771.24273254,112566202.86507004,100693752.50694,103998475.64890753,117091612.12007754,104726265.60412753,109031381.67124254,109454004.12841503,109074673.56346506,115879516.79177752,110670144.48538503,96486227.37245505,102151166.53227253,111340568.89571254,116545823.64850757,103363882.61536752,123495436.50206251,121485647.95908251,110491379.54263501,102124135.68141755,105705666.45220001,116174545.00361,117032180.50651504,100452577.40822256,113674932.08250253,114790234.02116752,107870890.88165751,93813152.83924004,111137299.19598752,109880999.67632252,108678188.39026752,107429862.868015,125108094.23447752,113745183.79474752,104112394.66962752,116048047.05054004,115801598.34361506,111377956.40906,113123669.4486525,110628390.16841255,99176520.08825752,112933482.87773755,114613913.47875756
2021-05-18,127962646.53791252,114689247.24478255,105409877.07198754,107234869.69219501,108960379.2058125,104001209.40178505,112850338.13395002,116101646.73910248,102417257.14273255,114042202.86507004,101268752.50694,104995475.64890753,117578880.74625504,103397265.60412753,109383381.67124254,108015004.12841503,110788673.56346506,116478133.57978752,110771144.48538503,96419191.55745505,101725900.69592753,110766946.84271254,117029675.30812006,103886882.61536752,124736436.50206251,122348063.21708252,110149231.20224752,102602135.68141755,105400518.1118125,116722545.00361,118426180.50651504,100662577.40822256,113825514.13550253,116068209.51116751,107333890.88165751,93669152.83924004,111522299.19598752,109665999.67632252,108090188.39026752,106948862.868015,125411094.23447752,113520183.79474752,104684394.66962752,116993544.31458256,116329091.38611504,111145384.87606001,112687669.4486525,110671254.99241255,98675484.27325752,112681047.62573756,114977913.47875756
2021-05-19,130772646.53791252,115914247.24478255,106613877.07198754,107725352.014695,109049804.7303125,104017209.40178505,114622057.53395003,118546755.08060248,102723016.04773253,115650202.86507004,103049778.91194001,105994475.64890753,119346583.17825504,103854265.60412753,110981381.67124254,109492946.95341504,112940673.56346506,117426675.21428752,112274144.48538503,97925728.17695504,102919625.50492755,110211946.84271254,117368859.72662005,104291433.6157,126948436.50206251,124384063.21708252,111958231.20224752,104298135.68141755,107615342.21281251,116754474.12361,119481180.50651504,102406577.40822256,113966514.13550253,117921209.51116751,106893890.88165751,94333152.83924004,111809817.27598752,110848999.67632252,109469004.85026753,107875281.4372075,126143094.23447752,114894183.79474752,106410394.66962752,117007276.31098005,117910091.38611504,112545384.87606001,113620669.4486525,111315254.99241255,100126484.27325752,112084801.53673756,114798913.47875756
2021-05-20,131462646.53791252,117952572.45328255,108830291.28451253,108447352.014695,109290538.7342125,103714662.85878505,116473057.53395003,120120755.08060248,103787167.51987255,114836421.26871003,103970778.91194001,107079719.40640752,120367583.17825504,104929861.73815252,111437795.88376753,110729946.95341504,113902673.56346506,116973675.21428752,113168144.48538503,98612728.17695504,103654415.78492755,109765806.49414253,117431753.00362006,103219154.64070001,128408436.50206251,124595432.36903252,113846664.65124752,105233135.68141755,108170342.21281251,116841010.08561,119818180.50651504,102507577.40822256,113749514.13550253,118051209.51116751,106139890.88165751,95027125.83324003,111140817.27598752,111293622.59652252,109878004.85026753,110164425.9332075,126790684.00197752,116714183.79474752,106875394.66962752,115821719.78698005,119128031.96361506,113722384.87606001,115522669.4486525,111154614.64345255,102103455.78825752,111093612.55973756,115526238.68725756
2021-05-21,131063646.53791252,118395572.45328255,109203967.89851254,109242352.014695,111036238.46171251,105679662.85878505,116260057.53395003,120103755.08060248,104552204.34987254,115211678.83071004,104412778.91194001,106580719.40640752,122145583.17825504,106290101.89115253,111867088.78526753,110572946.95341504,113514673.56346506,119057675.21428752,113990144.48538503,100201728.17695504,104680415.78492755,111823790.29414254,118039753.00362006,105098154.64070001,128675436.50206251,125118237.65803252,113524664.65124752,106609135.68141755,109073342.21281251,117881047.79561001,120588812.17051505,103745577.40822256,114762514.13550253,118348209.51116751,106908036.51315752,95426147.97624004,112996817.27598752,113403029.04852253,111343004.85026753,110360425.9332075,126351684.00197752,116422183.79474752,108293394.66962752,117060719.78698005,121667031.96361506,114576384.87606001,116307669.4486525,112973021.09545255,103442455.78825752,112977612.55973756,116659238.68725756
2021-05-24,131017646.53791252,119974572.45328255,110434967.89851254,111575352.014695,112888238.46171251,107073662.85878505,117052057.53395003,120896755.08060248,106470204.34987254,114989678.83071004,104767778.91194001,107554719.40640752,123057583.17825504,109016101.89115253,113225088.78526753,112842946.95341504,114501673.56346506,119658675.21428752,115842144.48538503,101216728.17695504,106391415.78492755,112442790.29414254,119036753.00362006,106371154.64070001,129598436.50206251,125904237.65803252,115754664.65124752,107917135.68141755,110756342.21281251,119722047.79561001,122021812.17051505,104711577.40822256,115965514.13550253,118701209.51116751,108760036.51315752,97096147.97624004,113830817.27598752,115130029.04852253,112638004.85026753,110781425.9332075,128146684.00197752,117872183.79474752,109484394.66962752,118430719.78698005,122350031.96361506,116302384.87606001,118045669.4486525,114763021.09545255,105353455.78825752,114757612.55973756,118943238.68725756
2021-05-25,133326646.53791252,122311572.45328255,111637967.89851254,113007352.014695,113445238.46171251,108190662.85878505,118476057.53395003,121598755.08060248,107753204.34987254,116740678.83071004,106008778.91194001,108814719.40640752,123532583.17825504,109857101.89115253,115005088.78526753,113242946.95341504,116630673.56346506,120705675.21428752,117037144.48538503,101986728.17695504,107765415.78492755,113241790.29414254,120663753.00362006,108102154.64070001,131531436.50206251,127907237.65803252,117260664.65124752,109024135.68141755,111542342.21281251,119722047.79561001,122168812.17051505,105349577.40822256,116893514.13550253,120200209.51116751,109896036.51315752,99384147.97624004,114965817.27598752,115593029.04852253,113478004.85026753,111916425.9332075,130227684.00197752,118874183.79474752,110360394.66962752,119999719.78698005,123108031.96361506,116821384.87606001,118846669.4486525,116223021.09545255,106288455.78825752,115567612.55973756,119327238.68725756
2021-05-26,135495646.53791252,123972572.45328255,112927967.89851254,114496352.014695,114591238.46171251,108486662.85878505,119442057.53395003,121849755.08060248,107807204.34987254,117980678.83071004,108465778.91194001,108653719.40640752,124210583.17825504,111428101.89115253,116101088.78526753,113433946.95341504,118538673.56346506,122404675.21428752,119591144.48538503,103893728.17695504,108120415.78492755,112798790.29414254,121085753.00362006,108744154.64070001,132904436.50206251,129422237.65803252,119238664.65124752,110545135.68141755,113536342.21281251,120665047.79561001,123206812.17051505,106660577.40822256,117477514.13550253,122447209.51116751,111135036.51315752,100086147.97624004,116155817.27598752,117443029.04852253,115012004.85026753,112593425.9332075,130453684.00197752,119168183.79474752,110987394.66962752,120369719.78698005,124343031.96361506,118905384.87606001,120441669.4486525,117013021.09545255,107155455.78825752,117011612.55973756,120448238.68725756
2021-05-27,134452646.53791252,123205572.45328255,111883967.89851254,115293352.014695,114584238.46171251,107461662.85878505,117622057.53395003,119263103.54610248,107901204.34987254,117579678.83071004,108572778.91194001,106352480.35790753,122932583.17825504,111628101.89115253,115040088.78526753,112432766.79941502,117825503.85546505,121882675.21428752,120094234.84238502,103770728.17695504,106468415.78492755,111293790.29414254,120131202.56912005,108585154.64070001,131746436.50206251,128819237.65803252,117934664.65124752,108676135.68141755,111955342.21281251,120607047.79561001,123268812.17051505,106453577.40822256,116548087.46550253,121897209.51116751,110212036.51315752,98979147.97624004,114918817.27598752,116996029.04852253,113733004.85026753,111660496.2782075,128395684.00197752,117446183.79474752,110074394.66962752,119169293.11698005,123866031.96361506,118515384.87606001,120076669.4486525,116012021.09545255,105861455.78825752,117507612.55973756,122218394.37725756
2021-05-28,138400646.53791252,127314572.45328255,114488967.89851254,119305352.014695,115582238.46171251,110914662.85878505,121640057.53395003,122498098.55910249,109792204.34987254,122193678.83071004,110884778.91194001,109674480.35790753,125807581.39425504,113566101.89115253,117633088.78526753,114934766.79941502,120243503.85546505,125921675.21428752,122595234.84238502,106124728.17695504,109175415.78492755,114488790.29414254,122648202.56912005,112286154.64070001,135038436.5020625,131765237.65803252,121378664.65124752,111127490.30141756,115366342.21281251,124490047.79561001,125658812.17051505,109336816.36822256,118841360.23950253,125627209.51116751,112793036.51315752,101070147.97624004,118680493.89698753,119698029.04852253,116508487.75726753,113208496.2782075,131581684.00197752,118981183.79474752,112913394.66962752,122508851.66198005,128126652.35161506,121660384.87606001,123513669.4486525,118866021.09545255,108144455.78825752,121365612.55973756,126097394.37725756
2021-05-31,142626646.53791252,132453572.45328255,116870967.89851254,123503352.014695,117222238.46171251,114197662.85878505,125141057.53395003,127050098.55910249,111612204.34987254,126397678.83071004,112798778.91194001,111910480.35790753,127509581.39425504,117664101.89115253,121155088.78526753,118947766.79941502,124438024.28519505,129725675.21428752,125664234.84238502,107761728.17695504,112733415.78492755,116264735.50469753,127820202.56912005,116380154.64070001,137879436.5020625,134898237.65803254,125801664.65124752,114175273.98141757,118276342.21281251,127562047.79561001,128311812.17051505,112925816.36822256,121402360.23950253,129913209.51116751,114331036.51315752,105071147.97624004,123660493.89698753,122305029.04852253,118154487.75726753,113318496.2782075,135906684.0019775,122037183.79474752,114349394.66962752,125139851.66198005,131747652.35161506,123820330.08661501,126053669.4486525,122862021.09545255,109920455.78825752,124608612.55973756,131254394.37725756
2021-06-01,143205646.53791252,131249572.45328255,116955967.89851254,122250352.014695,118083238.46171251,114765662.85878505,125198057.53395003,127848098.55910249,110667204.34987254,126324678.83071004,112777778.91194001,111595480.35790753,127570581.39425504,118238101.89115253,121490088.78526753,120272766.79941502,125520090.73619506,130904675.21428752,125766234.84238502,108074728.17695504,113759415.78492755,116849703.09569754,129606202.56912005,116889154.64070001,137485436.5020625,134344237.65803254,126563664.65124752,115282273.98141757,118124342.21281251,127578047.79561001,128912812.17051505,113509816.36822256,122988360.23950253,131257209.51116751,114699036.51315752,105853147.97624004,124402493.89698753,122468029.04852253,118597487.75726753,113387496.2782075,136655684.0019775,123382183.79474752,114208394.66962752,125356851.66198005,130875652.35161506,123890374.522615,126348669.4486525,123409021.09545255,109756455.78825752,124153612.55973756,130153394.37725756
2021-06-02,144282646.53791252,134056709.02828255,118264967.89851254,124159714.324695,118141159.9857125,118045662.85878505,126476057.53395003,129209098.55910249,111720382.90737253,128504157.43771005,114650778.91194001,112549480.35790753,128979581.39425504,118681101.89115253,120914088.78526753,122056766.79941502,127047090.73619506,133889675.21428752,126785234.84238502,109105728.17695504,114944089.43292755,120208703.09569754,131589202.56912005,119797154.64070001,138480027.2560625,135080237.65803254,129109664.65124752,117255273.98141757,120653342.21281251,130622047.79561001,129271812.17051505,115589816.36822256,125722360.23950253,133534209.51116751,117854036.51315752,107187147.97624004,127842493.89698753,123951029.04852253,120172487.75726753,114129087.0322075,137157684.0019775,123857431.34474753,115667394.66962752,127049851.66198005,133295652.35161506,125365374.522615,130036669.4486525,126839021.09545255,111509455.78825752,124940079.12973756,133006666.63325755
2021-06-03,148591646.53791252,136894709.02828255,122455967.89851254,127640714.324695,120095159.9857125,121760662.85878505,128649996.17145002,133958098.55910249,114249382.90737253,132505157.43771005,117470778.91194001,114232480.35790753,132535581.39425504,121526101.89115253,124179088.78526753,126117766.79941502,128867090.73619506,137291675.21428752,129842234.84238502,112602728.17695504,120120089.43292755,123768703.09569754,134655202.56912005,125124154.64070001,140573027.2560625,138820237.65803254,134217664.65124752,120688273.98141757,125201342.21281251,134323047.79561,131988812.17051505,120829816.36822256,130085360.23950253,137162209.51116753,122029036.51315752,108719147.97624004,132406493.89698753,128313029.04852253,124616487.75726753,115315513.1577075,139132684.0019775,127006431.34474753,117204394.66962752,131069851.66198005,138394652.35161507,129769374.522615,133937669.4486525,130792021.09545255,115957455.78825752,128551079.12973756,136923666.63325757
2021-06-04,149040646.53791252,137695709.02828255,123151967.89851254,129396714.324695,121247159.9857125,126028662.85878505,130353996.17145002,132977098.55910249,114835382.90737253,134416157.43771005,117580778.91194001,115635480.35790753,132871581.39425504,123200101.89115253,124602088.78526753,126438766.79941502,130451296.77369505,141728675.21428752,130531234.84238502,113481728.17695504,121367089.43292755,125969703.09569754,138886202.56912005,127850154.64070001,139983027.2560625,138925237.65803254,134352664.6512475,121574273.98141757,125101342.21281251,135598047.79561,132871812.17051505,121270816.36822256,131906360.23950253,138682209.51116753,122552036.51315752,109715705.24274004,135351493.89698753,129496029.04852253,123736487.75726753,115064048.77120751,141031684.0019775,129230431.34474753,117330817.03612752,133387851.66198005,139583652.35161507,129558374.522615,133244675.81265251,132603021.09545255,116759455.78825752,132177079.12973756,138910666.63325757
2021-06-07,144174646.53791252,135626025.04928255,119909967.89851254,127420714.324695,121013159.9857125,123102662.85878505,126573706.61975002,127646098.55910249,113658382.90737253,130109157.43771005,114723098.45694,115024480.35790753,131806581.39425504,119483315.15915252,121195088.78526753,122362766.79941502,127096296.77369505,139634675.21428752,127555910.87638503,111201728.17695504,116537089.43292755,124397703.09569754,135461202.56912005,124419154.64070001,137229417.9250625,135607237.65803254,130111664.65124752,118954273.98141757,120368342.21281251,133729047.79561001,130193812.17051505,116109816.36822256,130049360.23950253,135182209.51116753,120122036.51315752,107405705.24274004,132048493.89698753,126331029.04852253,119931487.75726753,114172048.77120751,138478684.0019775,125462431.34474753,115713817.03612752,131229851.66198005,135704652.35161507,124716370.86255501,130774675.81265251,129823021.09545255,113774455.78825752,130039079.12973756,136268666.63325757
2021-06-08,138155314.06941253,129770869.49778257,115243428.54001254,121476444.17669502,116938159.9857125,118314973.84528504,121368454.49875003,121492242.76460248,109682329.69187254,124685841.44321005,112559143.56494,109991394.87490754,125467680.65275505,114331005.92965253,115804052.72776753,117107060.89191504,121693627.72819506,132982679.10828751,124095578.32338503,107025879.30845505,112852073.40092754,118742922.11869754,129064613.73112006,118073876.40920001,131912168.12506253,130547179.32203253,124936162.55724752,113237847.67841756,116726480.1568125,127991248.96111001,127208737.15001504,112702686.46922258,125244101.66950253,131307040.2096675,117483572.82015751,102328018.40460004,127582990.53198752,122771430.82052252,114872390.18326753,111619048.77120751,133519859.72447753,121005353.88174753,112369741.24972501,125364942.06098005,130867250.81211506,121422606.099055,126013368.96720001,124306661.74345256,110060357.95675753,125265497.43873756,130540555.15325755
2021-06-09,138521185.20191252,130437044.94028257,115457598.74751253,121767379.14669502,115789600.2782125,118771676.53028506,121418694.26875003,120569252.8896025,109497584.15187255,125246699.05321005,112351692.09994,110870256.29490754,126598214.03275505,113144788.15362252,115201539.68026754,116873477.53191504,121818128.59319507,132393314.92328753,123509860.37588502,106437327.63345505,113074928.36842754,118378808.56369755,129655766.68612006,118497387.27420002,131061910.19002253,130069619.09703252,125000982.88724752,112230126.74841757,116688160.24931252,127499074.05861,127152306.02251506,112637166.66172257,125185670.82700253,131160293.76216751,117600083.63515751,102085690.98210004,127123706.81698754,122984040.78302252,114563414.76576754,111290776.01620752,133401290.87197754,120596986.27924752,112930307.50722502,125170460.51598006,130824927.48461506,120997789.59905499,126327865.0672,124468237.84345256,109935132.81925753,124332509.24873757,129869193.01575756
2021-06-10,138730438.60153753,129862526.04028258,115443598.74751253,119737119.99833502,115214804.6532125,117809005.03002505,120587402.89875004,120064176.6536025,108874330.44687255,125384277.61021006,111259743.055185,109880247.94649254,125678526.67775506,112872092.58862253,115524111.07985254,115813302.56091502,121426947.73619506,132442396.98328753,123439090.47148502,105642813.53345504,112843520.03292754,117130706.11269754,127349235.32700007,117459070.89420001,130635992.25002253,130850503.43703252,123893391.07884751,112184440.74641757,116014287.50469251,126625749.42979251,126342559.47725505,112305376.19672258,125401685.09200254,130604729.4574075,117454125.31015751,101750937.33810005,126515778.87098753,121494718.43660752,113931858.68876754,110782331.4962075,133066666.97472253,119733328.51098752,112554692.14722502,124694267.41098006,130677408.58461505,120731894.514055,124950204.46470001,122780469.14763506,109441114.46484253,124568669.22873756,129198916.16125757
2021-06-11,139622438.60153753,131511526.04028258,115781066.37501253,120953119.99833502,115512804.6532125,119294485.56002505,122171402.89875004,121288176.6536025,109218952.09437254,126536277.61021006,112175743.055185,111043307.92149253,127347467.16775505,112931714.23612252,116388111.07985254,116809302.56091502,123276947.73619506,133967396.98328753,124701712.11898503,106989673.45095506,113682226.68292755,117860508.72269756,128556337.50450006,118842798.55420001,131642992.25002253,131893503.43703252,125245463.04884751,112785440.74641757,116980287.50469251,127841371.0772925,128787559.47725505,114588373.21672258,127440685.09200254,131560729.4574075,118594125.31015751,102486937.33810005,127586400.51848754,122677718.43660752,114463329.29626754,111816331.4962075,134150666.97472253,120430062.51848751,113566692.14722502,125560668.71598005,132412030.23211506,121639894.514055,126175144.95470002,124242469.14763506,110580174.43984252,125528669.22873756,130627916.16125757
2021-06-14,140749395.19853753,132123552.27328257,116209896.30001254,120114726.50398502,116791656.49171251,120044822.58802505,122795930.84375003,122194706.50010249,109633672.55337256,125469259.23121005,112535563.57418501,112619596.82099253,127367688.12975505,113389991.12662253,117123911.78985254,116781713.63691503,124178867.48219506,135336038.78828752,124643452.19298503,108427885.40395506,114752506.71105257,117392528.76169756,128266969.61700006,119442653.49420002,130852335.49002254,131721693.38403252,126291911.5368475,113985721.53241757,117174535.78019252,126978134.96629252,130000582.91325505,114505556.54572257,127270306.79250255,131678993.6464075,118443366.87515752,102815110.46710004,127977068.15048754,122627426.09260753,114400320.61876754,112570577.2612075,135865415.04272252,120646513.8296375,113534295.71922502,125666788.21498005,132205966.22611505,121018947.275555,126078360.02635002,125318710.81413506,110821271.52684253,125326722.58123758,131234936.99425757
2021-06-15,139665680.59053755,133788822.12078257,116124821.48501253,121706202.00998503,118097908.0627125,120833822.58802505,121936640.89075004,122568130.7761025,110583668.89087255,126182259.23121005,112572561.79218501,114673596.82099253,127097688.12975505,113483684.17062253,116642249.03994253,116595618.80991504,123006117.85319507,134473425.64328754,125550235.55848502,108904094.34795506,115495661.33255257,117345301.94619755,128073587.21900006,119603305.40670002,130677965.77452254,130766693.38403252,126086502.21334751,116326345.13441756,117035109.01332751,127627913.2182925,129988231.91825505,115565092.68772258,128206306.79250255,130784029.10040751,118190366.87515752,103693646.81210004,127846191.64648755,122473104.10960753,115999422.00726755,112670762.3902075,137567056.85672253,121173530.4716375,114052064.96222502,124804022.37698005,132020371.68111506,124132513.010555,126308867.34135002,126229867.42963506,111349768.04184254,123152037.89873758,132003414.28125757
2021-06-16,137663603.97653753,134048822.12078257,116375712.13851254,120253202.00998503,118077908.0627125,120198822.58802505,121159499.14175004,120640788.59916249,110119668.89087255,125059928.09421006,112326690.224685,113696596.82099253,126263448.00475505,113190684.17062253,117134048.92894255,116366512.68191503,120828998.98069507,133619672.32278752,124851068.21398503,108349961.57945506,114867442.62155256,116478110.20619756,128274470.52400006,119049305.40670002,129136152.26452254,129569562.36703253,124734782.50084752,115623345.13441756,116378668.15832752,126706128.8257925,128425742.70775506,115336092.68772258,127888306.79250255,129490029.10040751,117486957.50465752,103156173.23460004,127022970.09148756,120500903.88760753,115484422.00726755,112455762.3902075,137437056.85672253,120202538.08663751,113375024.49272501,123816395.57898004,131374872.58061506,123730513.010555,126165611.36535002,126430867.42963506,110746320.90684253,121063809.68123758,129719526.12725756
2021-06-17,139312914.37453753,136125822.12078258,117448490.52430254,120689202.00998503,119557908.0627125,122233822.58802505,123875499.14175004,122573231.9736625,110471447.27666256,127065928.09421006,112986690.224685,116366596.82099253,128463448.00475505,115154684.17062253,118414048.92894255,119044512.68191503,123603998.98069507,135606672.32278752,126172068.21398503,109463961.57945506,117365442.62155256,117994110.20619756,129966470.52400006,120855305.40670002,129986152.26452254,130418562.36703253,126137782.50084752,117614345.13441756,117533476.31332752,129351128.8257925,129536742.70775506,118018092.68772258,128955114.94750255,130438437.2171625,119101957.50465752,103993173.23460004,128571970.09148756,121274903.88760753,117708422.00726755,112777480.75020751,138131056.85672253,121841538.08663751,114039024.49272501,124746395.57898004,133925872.58061506,126331513.010555,127644611.36535002,127867867.42963506,112618320.90684253,121819617.83623758,131023526.12725756
2021-06-18,139979914.37453753,137267822.12078258,118468024.05430254,122376202.00998503,120281908.0627125,123866822.58802505,125535499.14175004,123223231.9736625,111547350.32716256,128104928.09421006,114075690.224685,118217596.82099253,128965448.00475505,117819684.17062253,120108048.92894255,118564512.68191503,124309998.98069507,137713672.32278752,126159068.21398503,110304961.57945506,117413442.62155256,119145110.20619756,130963470.52400006,121955305.40670002,131709152.26452254,132197562.36703253,126812782.50084752,117649345.13441756,118630862.15332752,130282128.8257925,129584742.70775506,119133092.68772258,129482236.43150255,131633072.1086625,120149957.50465752,104873173.23460004,129398970.09148756,122692903.88760753,118329422.00726755,112946465.75020751,139293056.85672253,122636538.08663751,115992024.49272501,125775395.57898004,134130872.58061506,126660513.010555,130234611.36535002,129110867.42963506,113051320.90684253,123307377.10123758,131553526.12725756
2021-06-21,139203914.37453753,135804822.12078258,117914024.05430254,121776202.00998503,120744908.0627125,122122822.58802505,124283499.14175004,122313231.9736625,111431350.32716256,127018928.09421006,114142690.224685,117372596.82099253,128021448.00475505,116269684.17062253,119465048.92894255,117651512.68191503,121924998.98069507,136267672.32278752,125376068.21398503,109057961.57945506,116401442.62155256,118591110.20619756,130049470.52400006,120801305.40670002,131620152.26452254,131250562.36703253,125953782.50084752,117219345.13441756,117103862.15332752,128824128.8257925,127997742.70775506,118667092.68772258,128482236.43150255,131346072.1086625,120128957.50465752,104865173.23460004,129065970.09148756,123100903.88760753,117174422.00726755,114090465.75020751,140029056.85672253,121682538.08663751,114961024.49272501,124993395.57898004,132959872.58061506,125238513.010555,128726611.36535002,128522867.42963506,112441320.90684253,122417377.10123758,130553526.12725756
2021-06-22,139731914.37453753,136379822.12078258,118220024.05430254,122353202.00998503,120708908.0627125,122196822.58802505,124341499.14175004,122593231.9736625,111486350.32716256,126788928.09421006,114130690.224685,116778596.82099253,129202448.00475505,116204684.17062253,119644048.92894255,117824512.68191503,122970998.98069507,136209672.32278752,126041068.21398503,109854961.57945506,116235442.62155256,118210110.20619756,130164470.52400006,121700305.40670002,131710152.26452254,131439562.36703253,126715782.50084752,117175345.13441756,117252862.15332752,129650128.8257925,128284742.70775506,118478092.68772258,128007236.43150255,131681072.1086625,119361957.50465752,105420173.23460004,128677970.09148756,123460903.88760753,117155422.00726755,113674465.75020751,140222056.85672253,122258538.08663751,115676024.49272501,125227395.57898004,133069872.58061506,125835513.010555,128919611.36535002,129082867.42963506,112388320.90684253,123105377.10123758,131191526.12725756
2021-06-23,138693914.37453753,134716822.12078258,117486024.05430254,121615202.00998503,119417908.0627125,120469822.58802505,122460499.14175004,121948231.9736625,111538350.32716256,125185928.09421006,113442690.224685,115939596.82099253,128044448.00475505,114736684.17062253,119008048.92894255,116656512.68191503,121140998.98069507,134706672.32278752,124909068.21398503,109248216.33345506,114926442.62155256,117092110.20619756,128662470.52400006,120014305.40670002,130799152.26452254,131050562.36703253,125705782.50084752,115920345.13441756,115674862.15332752,128545128.8257925,128238742.70775506,117305092.68772258,127034236.43150255,130219072.1086625,118175957.50465752,104377173.23460004,127427970.09148756,123109903.88760753,115892422.00726755,111986465.75020751,138188056.85672253,121038538.08663751,114261024.49272501,123635395.57898004,130812872.58061506,125375513.010555,127317611.36535002,126837867.42963506,110732320.90684253,122426377.10123758,130511526.12725756
2021-06-24,139013302.50253755,134250344.96352756,116189429.59130254,120886202.00998503,119671908.0627125,120261487.28402506,122411499.14175004,122044231.9736625,111147350.32716256,125086928.09421006,112136791.60468501,115132596.82099253,127959448.00475505,114430747.42812252,117366979.00694254,115716512.68191503,120814102.63919507,134979578.9627875,124408068.21398503,109354943.11345506,113927442.62155256,116113110.20619756,128756592.88400006,119888305.40670002,130734152.26452254,130310562.36703253,125265782.50084752,116378345.13441756,115703862.15332752,127848128.8257925,128473233.74275506,116403092.68772258,125902609.18574755,130596416.27816251,118436957.50465752,104884173.23460004,126145552.83298755,122239903.88760753,116294422.00726755,111268463.6442075,138171908.66672254,120598120.02513751,114222024.49272501,123115768.33322504,130537278.11761506,125540513.010555,126849679.39785004,126336960.47713506,109666352.62184253,122072048.54100007,129959251.56075756
2021-06-25,141747302.50253755,134928737.91102758,117727429.59130254,121249196.78298503,120070166.6787125,120982487.28402506,123021499.14175004,122771231.9736625,112170350.32716256,125295870.32121006,113796791.60468501,116152596.82099253,128141448.00475505,115899014.27762252,118101979.00694254,116404512.68191503,121911102.63919507,136703578.9627875,125265989.22898503,109852943.11345506,115270442.62155256,116843110.20619756,129447365.35800005,120598305.40670002,131880152.26452254,131412562.36703253,126906782.50084752,116657687.60141757,116032862.15332752,128182128.8257925,129284233.74275506,117499092.68772258,126070065.16924755,131632416.27816251,118880957.50465752,106279173.23460004,126268552.83298755,123198512.50160754,116920422.00726755,111782463.6442075,138825908.66672254,122239120.02513751,114438024.49272501,124011504.38322505,130802278.11761506,125876513.010555,128051679.39785004,127012960.47713506,109816574.31534253,123210471.49850008,131237251.56075756
2021-06-28,143567302.50253755,136816737.91102758,119983429.59130254,124390196.78298503,122029166.6787125,121755182.10802506,125325499.14175004,123835231.9736625,114019350.32716256,127244870.32121006,115257924.689685,118316995.19099253,130769448.00475505,117451014.27762252,119664979.00694254,118002512.68191503,123758102.63919507,138355578.9627875,127289989.22898503,111338943.11345506,116717442.62155256,119328110.20619756,131235365.35800005,122120305.40670002,134455152.26452255,133356562.36703253,128345782.50084752,118582687.60141757,117486862.15332752,130331128.8257925,130530233.74275506,118852092.68772258,128830816.20174755,132942416.27816251,119748957.50465752,107498173.23460004,127515552.83298755,126378512.50160754,118312422.00726755,112299463.6442075,139713908.66672254,123240120.02513751,116312024.49272501,125290504.38322505,131567278.11761506,128505513.010555,130595679.39785004,128847960.47713506,111190731.71384253,125492471.49850008,132970251.56075756
2021-06-29,143777302.50253755,136560737.91102758,119339429.59130254,123987196.78298503,122210166.6787125,121501182.10802506,125142499.14175004,124417231.9736625,114464350.32716256,127045870.32121006,114490924.689685,117856995.19099253,130421448.00475505,117341014.27762252,119287979.00694254,116854512.68191503,124237102.63919507,138481578.9627875,126148989.22898503,111509943.11345506,115501442.62155256,118731110.20619756,131295365.35800005,122094305.40670002,133829546.18452254,133437562.36703253,127785782.50084752,117813687.60141757,117075862.15332752,130296128.8257925,130897233.74275506,119021092.68772258,128220816.20174755,133132416.27816251,119388957.50465752,107558173.23460004,127398552.83298755,126681512.50160754,117570422.00726755,112309130.5472075,139343375.62872255,123385120.02513751,116055024.49272501,124783819.36572504,130381278.11761506,127625513.010555,129811679.39785004,128168394.42113507,110627731.71384253,124733471.49850008,132670251.56075756
2021-06-30,143635302.50253755,135239737.91102758,118743429.59130254,122289196.78298503,120501166.6787125,120977182.10802506,124600499.14175004,123884231.9736625,113778350.32716256,125439870.32121006,113619924.689685,116394995.19099253,129530448.00475505,116971014.27762252,118419979.00694254,116140512.68191503,123513102.63919507,137906578.9627875,125170989.22898503,109952943.11345506,115132442.62155256,117700110.20619756,130422365.35800005,121697305.40670002,132947546.18452254,132768562.36703253,127851782.50084752,116739687.60141757,116268862.15332752,129746128.8257925,130131233.74275506,117183092.68772258,126810816.20174755,132879416.27816251,118986957.50465752,106867173.23460004,125888552.83298755,125047512.50160754,117151422.00726755,111853130.5472075,137869375.62872255,122766120.02513751,115723024.49272501,124794819.36572504,129404278.11761506,126542513.010555,128024679.39785004,126619394.42113507,109325731.71384253,124148471.49850008,131754251.56075756
2021-07-01,146033302.50253755,136234321.02702758,119257429.59130254,122499196.78298503,120862166.6787125,121545182.10802506,126136253.34925003,125067231.9736625,114332871.40216255,127177849.58071007,114438832.804685,118012995.19099253,130461448.00475505,117378555.73962253,119291979.00694254,117962068.03391503,124271419.68419507,138932717.6522875,127217153.44498502,110188943.11345506,117403605.47105257,118821110.20619756,129771372.96850006,122410439.82570001,134405546.18452254,133930562.36703253,129752782.50084752,118126687.60141757,117532996.57232752,131076128.8257925,130743233.74275506,117691453.58422258,127427078.24174754,134147861.72416252,119730957.50465752,107926173.23460004,125690552.83298755,126057512.50160754,118913422.00726755,111838130.5472075,138968375.62872255,124208120.02513751,116782024.49272501,126076819.36572504,130050491.62561506,128464086.17855501,128435195.96285003,127738792.11413507,109723434.95634253,125851471.49850008,133385251.56075756
2021-07-02,146022302.50253755,136344321.02702758,118909429.59130254,122521196.78298503,121759166.6787125,121048182.10802506,127748253.34925003,126267231.9736625,114483147.57316256,128215849.58071007,114316832.804685,118687995.19099253,130799448.00475505,117568555.73962253,119131979.00694254,118613068.03391503,125072419.68419507,139414717.6522875,128164153.44498502,110738943.11345506,117219415.67055257,119893110.20619756,131033372.96850006,122503439.82570001,135032546.18452254,134157562.36703253,129490782.50084752,118738687.60141757,118344996.57232752,131439128.8257925,131869233.74275506,118376453.58422258,126874078.24174754,134764861.72416252,120181957.50465752,108315173.23460004,126403552.83298755,127480512.50160754,119538422.00726755,111218130.5472075,138542375.62872255,124887056.61413752,116830024.49272501,125927819.36572504,129843491.62561506,128995086.17855501,128518195.96285003,128058792.11413507,109606434.95634253,126426471.49850008,133743666.79963505
2021-07-05,144088302.50253755,135681321.02702758,116414429.59130254,121623196.78298503,120936166.6787125,120361208.51302506,127668253.34925003,124927482.010205,112962719.51924506,129008849.58071007,111447832.804685,116478995.19099253,130123931.88725506,116532555.73962253,117471261.12744254,117445110.69798753,124977423.70519507,138512717.6522875,126681153.44498502,110989027.44845507,115293415.67055257,119881110.20619756,130230372.96850006,120983138.34110251,135174546.18452254,133343926.80703253,127179295.388145,117453687.60141757,117000996.57232752,130470128.8257925,131257456.69575506,116517818.30522259,124361078.24174754,133301861.72416252,118154957.50465752,107844173.23460004,124455439.12979755,127449512.50160754,117720702.03241254,109469130.5472075,136625375.62872255,122307056.61413752,117274196.11422503,124117825.42897505,127825159.14711507,128145241.95855501,127735195.96285003,128408792.11413507,108375739.66934253,127095471.49850008,133454410.55713506
2021-07-06,136928206.27603754,129028604.14550507,111441673.63738003,115462853.43775502,114291466.38521251,114363307.30202506,121984253.34925003,118022834.271205,108943311.33324507,121643819.36057006,106786873.35076,108823585.16871752,122139786.83075505,110881148.87735254,111933430.98844254,109964483.53198753,119060629.78449507,131998870.31037752,120183086.88031001,105115027.44845507,108704337.77577507,114159022.77628255,124244819.13279507,115510099.66660252,128715042.93220255,127323166.36467752,120999003.333035,111085442.04356256,112874442.88809752,124414836.33579251,125244462.91575506,110421055.3354576,119389461.84963505,128268564.38416252,113193014.22965752,103416318.74910004,117688373.63190255,120961609.84960753,112302317.22488004,104772501.53620751,131238189.90672255,115362200.6081425,113063474.70060503,117768253.27003005,123706641.65904506,121029241.95855501,121286987.22561002,121738282.03250507,103497709.29578003,119974422.09182507,125722669.10601506
2021-07-07,138347867.87103754,131053970.50050506,112986442.69738004,116352556.01775502,115799748.2027125,114280226.72278506,123482765.40675004,117952610.246205,109814003.75824507,121740652.53028756,105952273.270085,109190520.03621751,123547865.06825505,110670989.62446502,112605636.56688754,110606134.57666753,120437560.32449508,132678600.89537752,120408117.65531002,106044428.20595507,108677608.28799257,114810118.68378255,124530894.91029507,118031870.59160252,130649497.24220255,128325196.12967752,121556798.11803502,112251428.18106256,113720550.37559754,125589442.30579251,126450888.28575507,109840822.1687226,120272013.38403505,129740022.85585251,113939036.24965751,103709079.85410005,117581970.97690254,121922783.39960752,112809038.04488005,104735750.42620751,131782190.96672255,116172656.86064251,114324366.95060503,118281503.79253006,124139311.41654506,122132598.49355501,123275714.00311002,122374338.66250506,103830069.12078004,122295095.47432508,127209841.79841506
2021-07-08,137847600.93003753,130170502.70120507,111897550.38138004,115770273.96625501,114778928.92871252,114172991.59978506,123667207.68275005,118204338.902205,109282653.32930008,121516093.01528755,105013926.23958501,108277603.9550825,123137015.22525504,109921250.09396502,112001671.50988755,110541901.54927754,119109266.5684951,132173072.80137752,120367942.56831002,105736273.16119258,108867745.27949257,114335666.63178255,124123279.95640507,117899870.59160252,130419030.17220256,127445883.16467752,121272461.67360502,111965322.53606257,113886699.21309754,126042291.0247925,125252641.45825507,110264647.3167226,120043220.65803505,129269570.49035251,113719945.54515752,102713660.56460005,117128380.09340255,121204778.61760753,112637853.87754005,104262996.13058251,130803734.37342255,115193509.8901425,114504515.78810503,117520097.50274256,123526001.35004506,121632583.705555,123067906.12911002,122068122.45300506,102874860.79258254,121934714.75682507,126718434.77341506
2021-07-09,135142904.2900775,128166694.82720506,109976169.03388004,113881336.39166501,111669070.52407251,111804719.78013256,122059207.68275005,115164966.4225525,108272867.86730006,118943613.43778756,103854057.941585,104942421.85308251,121353015.22525504,107944956.41146502,109917737.25938755,109505665.81727754,115096705.04149508,130005329.36637752,118398273.47681002,104526383.23619258,108011745.27949257,112035666.63178255,122620445.06440507,116883870.59160252,128491445.13256255,125015963.76580252,119633929.01174252,110218192.72566256,113235699.21309754,125103291.0247925,123027368.30525507,109179647.3167226,118488220.65803505,128440901.76785251,111746945.54515752,100442809.36210003,114724480.44790256,118432233.27579004,110587018.98554005,102869498.9410825,129173852.38284755,113390666.08864251,113777515.78810503,114470452.82624257,121879169.94904506,117269091.020555,120754906.12911002,120030185.70100506,101545009.59008253,119673714.75682507,123979260.11095506
2021-07-12,132844613.69356753,124737798.98185757,107320674.13820004,111531468.94615501,109734355.81232251,108321106.63683257,120339418.33270504,112992541.8623825,107164771.95559007,115583412.30736755,103177436.15158,102088807.58932751,118049559.46884504,106035137.83940752,107027974.53861754,105642345.44770753,111326640.3600701,128110288.97136751,116329258.57516502,102160731.25326258,107474018.92281757,109101462.22212754,119072862.03042756,115040228.76234251,125080445.13256255,121702917.38574252,117446827.89662501,107795398.30582257,113000699.21309754,123053822.53695,119853492.01715507,108236271.14696759,116457715.02081005,127295726.17479502,110126805.22625753,97867523.91538504,113728699.59790255,115202392.53334503,107341273.05362006,101800484.4835825,126109160.93413755,110793153.3769975,112043575.37490252,111382239.33529256,120430040.60295255,114388090.75805502,119201082.60911003,118747400.73100506,99661785.13394503,118402572.18682507,120499786.35452007
2021-07-13,132060818.56856753,125297767.49935758,107381909.28820005,111118232.20894752,109588796.12782252,108277051.10733256,119728418.33270504,113126690.1613825,106897623.07459006,116487042.33336754,103724412.34558001,102401743.99049751,118191432.22334504,105734648.58290751,107297483.44561753,106023837.34420753,111312265.14407009,128543548.18136752,116558422.82066502,102165759.5832626,107070018.92281757,108622692.36912754,118934346.10042757,114131141.88447753,126009095.12756258,122062612.16274251,117417845.18560502,108021183.62482257,112025081.62273255,122649822.53695,120309275.66691005,107832271.14696759,116053715.02081005,126711623.83979502,108981981.48968002,97130872.79322255,113586111.60632506,115521578.32534504,107454436.11162007,101518932.990595,125979663.44239254,110860063.8209975,111229187.91996251,111453646.07079257,119906040.60295255,114258144.37955502,118431713.89411002,119160592.01800506,99899401.57644503,118927139.89432508,121316934.60452008
2021-07-14,132316818.56856753,125303767.49935758,106954400.08070004,110835232.20894752,108783389.0475375,108018051.10733256,118954011.25242004,112553690.1613825,106532397.39459006,115896042.33336754,103202412.34558001,102263743.99049751,117108432.22334504,105315183.44496751,107080483.44561753,106139837.34420753,110280858.06378509,127909380.89636752,116519422.82066502,101920619.9563426,107169018.92281757,107825537.03676504,118348346.10042757,113856141.88447753,125204095.12756258,121030386.48274252,117147845.18560502,107223968.55269757,111872081.62273255,122748822.53695,119887275.66691005,107931271.14696759,116152715.02081005,126357949.30614501,108639755.80968001,97058872.79322255,112965111.60632506,114925578.32534504,106289054.05944006,101259932.990595,125199663.44239254,110510063.8209975,110926187.91996251,111194646.07079257,119441959.18052755,113416144.37955502,117874152.53943501,118332209.96582505,99764401.57644503,118830139.89432508,120595934.60452008
2021-07-15,132098818.56856753,126119767.49935758,107150235.93070005,111256232.20894752,109083203.9125375,108179051.10733256,119211011.25242004,112901690.1613825,106352233.24459006,116150042.33336754,103478412.34558001,102803743.99049751,116793797.36084504,105296183.44496751,106748702.88061753,105991837.34420753,110824858.06378509,128119380.89636752,116646422.82066502,102468619.9563426,107070018.92281757,107762537.03676504,118728346.10042757,113618361.31947753,125642095.12756258,121914386.48274252,117339845.18560502,107594968.55269757,111929081.62273255,122649822.53695,119991275.66691005,107832271.14696759,116053715.02081005,126258949.30614501,108856755.80968001,97242872.79322255,113646111.60632506,115277578.32534504,107133054.05944006,101420932.990595,125979663.44239254,110371283.25599751,110694087.5799625,111355646.07079257,119342959.18052755,114326144.37955502,117775152.53943501,118395209.96582505,100214401.57644503,118731139.89432508,121562934.60452008
2021-07-16,132757818.56856753,126329767.49935758,106833235.93070005,111151232.20894752,108963203.9125375,107759051.10733256,119473011.25242004,113198690.1613825,106558233.24459006,116255042.33336754,103124412.34558001,102491743.99049751,116982797.36084504,105480183.44496751,106883702.88061753,105819837.34420753,110520858.06378509,127999380.89636752,116975422.82066502,102605619.9563426,107524018.92281757,108216537.03676504,118536346.10042757,114072361.31947753,125482095.12756258,121972386.48274252,117335845.18560502,107789968.55269757,112379081.62273255,123103822.53695,119837275.66691005,108286271.14696759,116507715.02081005,126712949.30614501,109142755.80968001,97322872.79322255,113114111.60632506,115241578.32534504,106821054.05944006,101000932.990595,126159663.44239254,110239283.25599751,111148087.5799625,110935646.07079257,119796959.18052755,113996144.37955502,118229152.53943501,118339209.96582505,100064401.57644503,118940139.89432508,121257934.60452008
2021-07-19,132786818.56856753,125508309.83535758,105135778.72936004,110133310.46313502,108082148.8885375,106687045.80157755,118294011.25242004,110467341.80484499,105364528.32909006,114112329.45933004,100974316.36959001,101099743.99049751,116673280.86084504,105093478.52946751,106004650.35811752,105108536.09050754,108970950.11283009,126842861.99636751,115915370.29816502,101217323.98534259,107433018.92281757,108125537.03676504,116207315.00150257,113981361.31947753,123362679.98906258,120188838.48904502,116589525.92145002,105919076.02469757,111432081.62273255,123012822.53695,118045058.14691006,108195271.14696759,116416715.02081005,126621949.30614501,108099755.80968001,96773620.36817254,109926855.26232506,113037036.21034504,104635999.03544006,99760391.06233999,125217095.11239254,109471402.1369975,111057087.5799625,110000546.20653756,119705959.18052755,112848516.41055502,118138152.53943501,116369692.86582506,99227746.79244503,117722139.89432508,118909452.42402008
2021-07-20,132943818.56856753,127188309.83535758,106519778.72936004,110805310.46313502,107758211.4144875,106960045.80157755,118553014.41242003,110982344.96484499,105551691.14686006,114353082.22433004,100536167.34959002,101559133.30049752,117195280.86084504,105663478.52946751,106424826.74403502,105266536.09050754,109490950.11283009,127997861.99636751,116735370.29816502,101602450.2854126,107730018.92281757,108422537.03676504,116295318.16150257,114278361.31947753,123845683.14906257,120812838.48904502,116774525.92145002,105695809.47311257,111583834.38773255,123309822.53695,118695910.70691006,108492271.14696759,116713715.02081005,126918949.30614501,108363508.57468002,96759620.36817254,109600443.80543756,113429788.97534505,105189442.49776007,99870391.06233999,126359095.11239254,109512875.75870751,111354087.5799625,110276546.20653756,120002959.18052755,112707296.21004002,118435152.53943501,116567185.67582506,100211746.79244503,117687632.70432508,119089474.5390476
2021-07-21,132776818.56856753,127144805.84285758,106178563.60936004,110656309.17063501,108256103.2589875,107081990.17757756,118471014.41242003,110855088.62084499,105332130.81986007,114490080.93183003,100506301.03659002,101241218.96049751,117083283.47284505,105568493.5474675,106415411.50403503,104935527.29350755,109565795.02883008,128805967.87136751,116602833.78616503,101594355.8374126,107648018.92281757,108340537.03676504,116182776.04650258,114196361.31947753,124522249.90006258,120568070.63904503,116624525.92145002,105791879.92111257,111433834.38773255,123227822.53695,118511575.61641006,108410271.14696759,116631715.02081005,126836949.30614501,108281508.57468002,97116382.63317254,109470335.64993757,113642252.46334505,105109093.99526007,99827309.62033999,125690778.13239254,109028998.3412075,111272087.5799625,109932150.87703755,119920959.18052755,112749759.69804002,118353152.53943501,116096818.66582507,99957873.07644504,117605632.70432508,119007474.5390476
2021-07-22,133725818.56856753,128360805.84285758,107315563.60936004,110902309.17063501,109364103.2589875,107986990.17757756,118545014.41242003,111402088.62084499,106119130.81986007,115552080.93183003,101383301.03659002,101889218.96049751,118085283.47284505,106161493.5474675,107818411.50403503,105951527.29350755,111233795.02883008,130380967.87136751,117548833.78616503,101956355.8374126,107722018.92281757,108414537.03676504,117176776.04650258,114270361.31947753,126455249.90006258,122173070.63904503,117398525.92145002,106480879.92111257,112207834.38773255,123301822.53695,119568575.61641006,108484271.14696759,116705715.02081005,126910949.30614501,108355508.57468002,98218382.63317254,110314335.64993757,115176252.46334505,105389093.99526007,100549309.62033999,126810778.13239254,109172998.3412075,111346087.5799625,110401150.87703755,119994959.18052755,112953759.69804002,118427152.53943501,117535818.66582507,100517873.07644504,117679632.70432508,119081474.5390476
2021-07-23,133128818.56856753,126899086.82285759,105975563.60936004,109986549.32363501,109227808.6909875,107579537.31357756,117888148.30242004,110367532.09684499,105261341.55486006,114763524.40783003,101009301.03659002,101201766.0964975,117846991.50784504,105555198.9794675,106888411.50403503,105367527.29350755,110157795.02883008,129426101.76136751,116593607.46016502,100745595.9904126,107237993.31681758,107826871.64676504,116247509.69650257,113991169.10997753,125808959.83656257,121394827.50404502,116856525.92145002,106200684.81311257,111665834.38773255,122985024.06895001,119069333.08141007,107885546.32096758,116171548.73081005,126257805.63114502,107982038.20018002,98110382.63317254,109625445.12493756,114484876.04734504,104642944.41276008,99668549.77333999,126580161.96939254,108881407.9962075,111227496.6349625,109678560.53203756,119604332.01452756,112142295.02804002,117934195.77543502,116813952.55582507,99766578.50844504,116945335.73632509,118559837.9670476
2021-07-26,133595818.56856753,128360086.82285759,106099563.60936004,110732549.32363501,109716808.6909875,107818537.31357756,118004148.30242004,110484532.09684499,106310341.55486006,115977524.40783003,100543754.15659003,101413766.0964975,119026991.50784504,106237198.9794675,107293411.50403503,105131527.29350755,110489795.02883008,129385101.76136751,117142607.46016502,100989595.9904126,107343993.31681758,108080871.64676504,116177509.69650257,114262169.10997753,126746959.83656257,121673827.50404502,117272525.92145002,107160684.81311257,112043834.38773255,122952024.06895001,119999333.08141007,108179546.32096758,116290548.73081005,126381805.63114502,108608038.20018002,98153382.63317254,110298445.12493756,114734876.04734504,105008944.41276008,100198549.77333999,127288161.96939254,108756407.9962075,111119496.6349625,110059560.53203756,120330332.01452756,112477295.02804002,117888195.77543502,117183952.55582507,99653578.50844504,117311335.73632509,119005837.9670476
2021-07-27,133471460.78856751,128902504.37935759,106585511.60336004,111286077.85963501,109993913.07948749,107959010.22557756,119027812.13142005,110262155.49584499,106574305.25936007,115822748.25033003,100355741.57459003,102009521.4749975,119068226.65784505,106486402.2279675,107684681.08403502,105758340.30800755,111535533.69983009,129789349.94436751,118028821.61916502,102163640.1399126,107612812.4328176,108547494.63976504,116993828.10650256,114287736.47897752,126571629.05656257,122037828.53704503,117650240.17745002,107156854.02861257,112005304.09673254,123226385.91795002,119978956.66541007,108136130.09296758,116439425.68581004,126403701.39814502,108666721.13668004,98592186.74017254,110280730.22143757,115848202.67234504,105203226.90626007,100484122.44083999,128126990.29739255,110239146.66720751,111204713.09246251,110569817.01353756,120319952.21052757,112740010.57654002,118387932.747935,117823728.03882506,99933260.04194504,118297328.36032508,118820494.1900476
2021-07-28,133022460.78856751,129303146.28585759,105775419.06586005,112076266.09013501,110706422.81248748,107888981.42557757,119370317.05542004,111976485.61934498,107218999.49436006,115717692.73683003,100375000.83509003,102800608.8514975,119143102.20984504,107172835.7159675,107778480.38203502,106340385.95300755,111314030.21483009,129268287.94136752,118155143.23216502,102330970.7619126,107703032.58281758,108680150.65076505,117242159.13450257,114258938.41697752,126514675.60606258,122583399.81054503,117510322.83745003,107212095.39961258,111926863.24173254,122777230.44595002,119579231.56191006,108538734.86496758,116688296.22581005,126206807.28214502,108619052.05418004,98559600.00417255,110876719.04243758,115462693.59334503,105261270.05876008,100587198.01133999,128095003.12739255,110737410.04420751,111390738.8269625,111154094.80853756,119794530.87802757,113164899.32854003,117986228.03543499,117856085.86382507,100002527.02794503,118901873.90832509,119057666.4145476
2021-07-29,134380460.7885675,131294146.28585759,106869419.06586005,114309266.09013501,112878422.81248748,108688981.42557757,121147317.05542004,113686485.61934498,108594999.49436006,116975692.73683003,101064000.83509003,104411608.8514975,120021102.20984504,107366835.7159675,109405480.38203502,108836385.95300755,112381030.21483009,130256287.94136752,120492143.23216502,105126970.7619126,108872032.58281758,110021150.65076505,118269159.13450257,115250938.41697752,128617675.60606258,123759399.81054503,118545322.83745003,107795095.39961258,113126863.24173254,124210230.44595002,120923231.56191006,109353734.86496758,117896296.22581005,127318807.28214502,109574052.05418004,99791600.00417255,111930719.04243758,116935693.59334503,106242270.05876008,102608198.01133999,130045003.12739255,112488410.04420751,113032738.8269625,113168094.80853756,121322530.87802757,115186899.32854003,119542228.03543499,119024085.86382507,101039527.02794503,120666873.90832509,119683666.4145476
2021-07-30,136096460.7885675,132843397.8478576,108871369.04486005,115795638.02863501,115150422.81248748,111012405.29557756,123366961.25142005,115605485.61934498,110435999.49436006,118551762.90733004,101710324.04509002,105816613.2634975,122117580.11584504,108624835.7159675,110536109.57803503,110745475.42500755,113482853.91883008,132395287.94136752,122406143.23216502,107202970.7619126,109896496.0888176,111391759.73326504,119723656.84950256,116657038.60547753,131833793.88706258,125753399.81054503,120540131.04295002,109788060.38761257,115201721.37573254,125440854.14045003,121558098.49291007,110790781.22046758,119983626.65381005,128905788.90314503,111242182.15018004,100774663.65817255,114255719.04243758,119301693.59334503,107190270.05876008,104503266.05934,132402427.19139254,115632615.7762075,115509921.9529625,114957903.50353757,122378786.75952758,117401147.09654003,121221181.826435,120414353.04382508,101512527.02794503,122889962.39232509,122214116.10254762
2021-08-02,136363460.7885675,133213397.8478576,109545684.23627004,116897638.02863501,115591422.81248748,110318405.29557756,124267558.62042005,116256485.61934498,109672999.49436006,118323762.90733004,101243582.31759003,105778613.2634975,121550580.11584504,108033835.7159675,110354109.57803503,112029475.42500755,112759015.82383008,131597181.93063001,122025143.23216502,108541970.7619126,109762496.0888176,111934864.20526505,118604656.84950256,117576038.60547753,131693793.88706258,125450399.81054503,122041131.04295002,109029060.38761257,115125978.44823255,124692797.95309502,121201030.85213506,110610330.35946758,120295626.65381005,129502788.90314503,110332497.34159005,100188663.65817255,113547719.04243758,118642693.59334503,106914270.05876008,105385388.31813249,133686427.19139254,116506711.5437075,114843921.9529625,115708903.50353757,122996786.75952758,116344147.09654003,120740796.21643499,120564353.04382508,101215649.28673753,124064962.39232509,122025817.15919262
2021-08-03,138074848.0315675,134359397.8478576,111369609.20027004,119077638.02863501,117518422.81248748,111014876.11190256,127048558.62042005,118290485.61934498,110907999.49436006,119676762.90733004,102208582.31759003,106768613.2634975,121944580.11584504,108571835.7159675,111152109.57803503,114022475.42500755,112826015.82383008,132594501.63313001,122716143.23216502,110334970.7619126,110835496.0888176,112985864.20526505,119752662.02450258,118547038.60547753,132510793.88706258,126074399.81054503,124238550.80545002,109726060.38761257,116461978.44823255,125670215.81409502,121839876.16513507,111667330.35946758,120652626.65381005,131713788.90314503,111410671.25559004,100806663.65817255,114057719.04243758,119246693.59334503,108008270.05876008,107567233.6311325,137040427.19139254,119331711.5437075,115572921.9529625,118003903.50353757,123830786.75952758,116460147.09654003,122626796.21643499,121101353.04382508,102381494.59973752,126240962.39232509,123058112.44669262
2021-08-04,136917068.97556752,136433397.8478576,111510609.20027004,119534638.02863501,118970422.81248748,112314553.82440256,127108558.62042005,117733485.61934498,111625999.49436006,120259762.90733004,103900582.31759003,107476613.2634975,123591580.11584504,109343835.7159675,112464109.57803503,114930475.42500755,113671015.82383008,135381501.63313,124880143.23216502,110416970.7619126,112693496.0888176,112876864.20526505,120459662.02450258,118830038.60547753,133716793.88706258,127695399.81054503,124638550.80545002,110635060.38761257,117653978.44823255,126844215.81409502,124080876.16513507,112322330.35946758,121514626.65381005,133609788.90314503,111818671.25559004,102501663.65817255,114739719.04243758,121820693.59334503,108562270.05876008,106711233.6311325,137670427.19139254,118725711.5437075,116574921.9529625,118273903.50353757,124317786.75952758,117278147.09654003,123616796.21643499,121323353.04382508,104011494.59973752,125947962.39232509,122835112.44669262
2021-08-05,137703068.97556752,138014397.8478576,112505609.20027004,120993638.02863501,120270422.81248748,113655553.82440256,128180558.62042005,119226485.61934498,112814999.49436006,122220762.90733004,104535582.31759003,108308613.2634975,125317580.11584504,110596835.7159675,113931109.57803503,117077475.42500755,115187015.82383008,136879501.63313,126007143.23216502,112397970.7619126,113780496.0888176,114413864.20526505,122174662.02450258,119167038.60547753,136534793.88706258,130526399.81054503,124935550.80545002,111616060.38761257,119034978.44823255,127747215.81409502,125618876.16513507,113642330.35946758,123769626.65381005,135644788.90314502,113164671.25559004,104545663.65817255,116801719.04243758,123133693.59334503,109538270.05876008,107861233.6311325,138890427.19139254,119540711.5437075,118784921.9529625,119990903.50353757,126110786.75952758,119124147.09654003,124611796.21643499,123598353.04382508,104743494.59973752,126380962.39232509,123991112.44669262
2021-08-06,137997655.1385675,138846397.8478576,112760609.20027004,122449638.02863501,121120422.81248748,114335553.82440256,128023558.62042005,119395485.61934498,112579999.49436006,122105762.90733004,104878582.31759003,107709613.2634975,124925580.11584504,111044835.7159675,114022109.57803503,116745475.42500755,115553015.82383008,138270501.63313,125368143.23216502,112067970.7619126,114148496.0888176,114072864.20526505,122165662.02450258,119432038.60547753,136506793.88706258,131027399.81054503,124646550.80545002,111422060.38761257,118912978.44823255,128399215.81409502,125468876.16513507,113247330.35946758,123768626.65381005,136087788.90314502,112442671.25559004,104784663.65817255,117630719.04243758,123280693.59334503,109844270.05876008,107961233.6311325,138250427.19139254,119087711.5437075,118776921.9529625,119213903.50353757,125879786.75952758,118639147.09654003,123781796.21643499,124158353.04382508,104604494.59973752,127118962.39232509,123474112.44669262
2021-08-09,141199352.0690675,141359397.8478576,114856609.20027004,124244638.02863501,123283422.81248748,116547553.82440256,129596558.62042005,120681485.61934498,113984999.49436006,124216762.90733004,105899582.31759003,109474613.2634975,126705580.11584504,112887835.7159675,115818109.57803503,118915475.42500755,117160015.82383008,141048501.63313,128058143.23216502,113774970.7619126,115976496.0888176,116370864.20526505,123166662.02450258,121505038.60547753,139239793.88706258,133281399.81054503,126313550.80545002,113376060.38761257,122324978.44823255,129778215.81409502,126261876.16513507,115006330.35946758,125792626.65381005,138619788.90314502,114167671.25559004,106218663.65817255,119382719.04243758,124759693.59334503,111400270.05876008,109020233.6311325,140240427.19139254,121274711.5437075,119931921.9529625,121233903.50353757,128092786.75952758,119729147.09654003,125631796.21643499,125301353.04382508,105757494.59973752,129282962.39232509,125627112.44669262
2021-08-10,141691352.0690675,142342397.8478576,115894609.20027004,125951638.02863501,124520422.81248748,116535553.82440256,131759558.62042005,121866485.61934498,114609999.49436006,125324762.90733004,105875582.31759003,110340613.2634975,126893580.11584504,113510835.7159675,115708109.57803503,119736475.42500755,118572015.82383008,141474501.63313,128886143.23216502,114914970.7619126,116111496.0888176,116640864.20526505,124601662.02450258,122493038.60547753,139008793.88706258,132574399.81054503,127608550.80545002,114206060.38761257,121935978.44823255,130684215.81409502,126865876.16513507,114583330.35946758,125793626.65381005,137959788.90314502,114635671.25559004,106407663.65817255,119376719.04243758,125181693.59334503,112670270.05876008,111060233.6311325,141780427.19139254,122837711.5437075,119952921.9529625,122205903.50353757,128566786.75952758,120028147.09654003,126020796.21643499,125248353.04382508,107397494.59973752,131295962.39232509,125470112.44669262
2021-08-11,139890352.0690675,141341397.8478576,115386609.20027004,125607638.02863501,124122422.81248748,116107553.82440256,131178558.62042005,121572485.61934498,113823999.49436006,122734762.90733004,105375582.31759003,109124613.2634975,125457580.11584504,112875835.7159675,113458109.57803503,119612475.42500755,116429015.82383008,141014501.63313,128926143.23216502,114945970.7619126,114625496.0888176,114932864.20526505,123288662.02450258,120697038.60547753,137198793.88706258,131663399.81054503,127422550.80545002,113183060.38761257,120610978.44823255,129412165.36666003,126211876.16513507,113437330.35946758,124677626.65381005,137243788.90314502,113775671.25559004,105235663.65817255,118621719.04243758,124893693.59334503,112312270.05876008,111118233.6311325,141558427.19139254,122753711.5437075,118950921.9529625,122007903.50353757,127339786.75952758,118712147.09654003,125318796.21643499,123728353.04382508,107142494.59973752,131172962.39232509,125181112.44669262
2021-08-12,139320432.94656754,141004542.0373576,114771570.39027005,126195638.02863501,124856422.81248748,116711553.82440256,130783558.62042005,121426485.61934498,114564999.49436006,123152726.28733003,105559582.31759003,108614613.2634975,125301580.11584504,112910835.7159675,113402724.97303504,119123994.56000756,116244015.82383008,142212501.63313,130083143.23216502,114340970.7619126,114710496.0888176,114405864.20526505,122616662.02450258,120368038.60547753,137972995.0110626,132832399.81054503,126282876.72495003,112688228.69261257,120816712.71223255,129074767.13866003,126373810.22863507,114068330.35946758,125530626.65381005,137581788.90314502,113686671.25559004,104171293.35767254,120606719.04243758,125126693.59334503,112571270.05876008,110538233.6311325,141321427.19139254,121808711.5437075,119757921.9529625,122533903.50353757,126686786.75952758,118572147.09654003,124206796.21643499,124274353.04382508,106917494.59973752,130791962.39232509,125434112.44669262
2021-08-13,141520432.94656754,142357542.0373576,116111622.82927005,128185638.02863501,126322422.81248748,117669553.82440256,130706558.62042005,121967485.61934498,115572999.49436006,124462726.28733003,106443582.31759003,109814613.2634975,125961580.11584504,112637835.7159675,113807724.97303504,119432994.56000756,116263015.82383008,142900501.63313,131098143.23216502,115582970.7619126,115566496.0888176,114983864.20526505,122505662.02450258,121163038.60547753,139794995.0110626,133661399.81054503,125996876.72495003,113524228.69261257,121876712.71223255,129647107.97116002,126843810.22863507,114632330.35946758,126006626.65381005,138202788.90314502,114603341.88909003,104875293.35767254,121793719.04243758,124915693.59334503,114102270.05876008,111308233.6311325,142015427.19139254,121717711.5437075,122042921.9529625,123456903.50353757,127202786.75952758,119260147.09654003,125367894.00643499,125019353.04382508,107134494.59973752,130491962.39232509,125811112.44669262
2021-08-16,142456432.94656754,142757542.0373576,118031622.82927005,130777638.02863501,128955422.81248748,118146553.82440256,132946829.27442005,123531485.61934498,116723999.49436006,127648726.28733003,108707582.31759003,112055613.2634975,127658580.11584504,115090835.7159675,117294724.97303504,122897994.56000756,117905015.82383008,145704501.63313,133645143.23216502,117357970.7619126,118121496.0888176,116663864.20526505,123573662.02450258,122205555.40347752,141789995.0110626,136607399.81054503,128133876.72495003,115873228.69261257,124291144.66223255,131456107.97116002,129833810.22863507,116679330.35946758,128234626.65381005,138362575.46614504,117129341.88909003,107146293.35767254,123326719.04243758,127636693.59334503,115098270.05876008,112304233.6311325,145127427.19139254,123758711.5437075,125024921.9529625,126876903.50353757,129075786.75952758,120604147.09654003,127275894.00643499,126267353.04382508,109777494.59973752,132514962.39232509,126685112.44669262
2021-08-17,141078432.94656754,142969542.0373576,117338834.69120505,129663638.02863501,128133422.81248748,116791553.82440256,132026829.27442005,122650485.61934498,116199999.49436006,126876726.28733003,108618582.31759003,111565613.2634975,126244580.11584504,114612835.7159675,117799724.97303504,123222994.56000756,117344015.82383008,144268501.63313,132569143.23216502,118057970.7619126,117933496.0888176,116263864.20526505,124603662.02450258,121465555.40347752,141117995.0110626,136241399.81054503,127591876.72495003,115137228.69261257,124136144.66223255,131874107.97116002,130580810.22863507,115749330.35946758,127428626.65381005,137769575.46614504,116651341.88909003,108746293.35767254,121580719.04243758,127847693.59334503,113893270.05876008,111587233.6311325,143950427.19139254,123298711.5437075,124952921.9529625,126174903.50353757,130049786.75952758,120625147.09654003,127704894.00643499,125372353.04382508,109917494.59973752,131610962.39232509,125612112.44669262
2021-08-18,142112724.30606753,143735769.5298576,117349817.89120504,130146638.02863501,128940422.81248748,116845210.52440256,132046829.27442005,122091486.32634498,116853999.49436006,126069726.28733003,108639582.31759003,111277613.2634975,126246738.13684504,114264835.7159675,117656724.97303504,122294994.56000756,117038015.82383008,145156501.63313,133733143.23216502,118102970.7619126,117574948.14981759,115635864.20526505,124259662.02450258,121255555.40347752,140731995.0110626,136376399.81054503,127255876.72495003,114988228.69261257,124188144.66223255,131957062.09866002,130949810.22863507,115504568.38446759,127047161.25881006,137670382.60514504,116431341.88909003,108986293.35767254,122447719.04243758,127903693.59334503,114727270.05876008,110616167.2961325,143471427.19139254,122782711.5437075,125036159.9779625,125714903.50353757,130502405.81552759,120312147.09654003,127497894.00643499,124948353.04382508,109698494.59973752,131153962.39232509,125107455.50669262
2021-08-19,143041724.30606753,143742769.5298576,117358817.89120504,131555638.02863501,130635422.81248748,117231210.52440256,131400829.27442005,121919486.32634498,117870999.49436006,127795726.28733003,110057582.31759003,111628613.2634975,126960738.13684504,115304835.7159675,118540724.97303504,123430994.56000756,117724015.82383008,147202501.63313,134290143.23216504,118205970.7619126,118593948.14981759,116688864.20526505,125069662.02450258,121795555.40347752,142111136.75106257,137740399.81054503,127405876.72495003,115678228.69261257,124664144.66223255,131932062.09866002,132893810.22863507,116872568.38446759,128139161.25881006,139076382.60514504,116466341.88909003,109962293.35767254,123507719.04243758,129294693.59334503,114575270.05876008,110830167.2961325,144301427.19139254,123931711.5437075,126586159.9779625,127321903.50353757,131035405.81552759,120368147.09654003,126619894.00643499,125380353.04382508,111016494.59973752,131150962.39232509,125836455.50669262
2021-08-20,139928724.30606753,137811836.2811576,112889817.89120504,128335638.02863501,126877422.81248748,112841722.31742756,126637829.27442005,118994486.32634498,113332999.49436006,124627726.28733003,106989582.31759003,107837613.2634975,123021738.13684504,112138835.7159675,113562637.91848503,119847994.56000756,113116015.82383008,142398501.63313,127788143.23216502,114042970.7619126,114874037.63826258,114179864.20526505,120763662.02450258,118000115.92709753,136850267.4429276,132033399.81054503,121857374.93701252,111730681.54066257,118818077.73123506,127405519.91561502,128689810.22863507,113203568.38446759,124358623.01926005,134402513.29701003,112151341.88909003,106068293.35767254,118566719.04243758,123710693.59334503,111635270.05876008,107008167.2961325,139128427.19139254,119393711.5437075,122498159.9779625,123310903.50353757,125822405.81552759,116291147.09654003,122302894.00643499,122908353.04382508,108393494.59973752,126798962.39232509,122767367.11288011
2021-08-23,139586799.12156752,135237467.4711576,111941074.04520504,127331132.02663502,124536646.44148749,111594657.10642755,124344378.84192005,116298046.41334498,110518489.12686007,122174540.29233004,106099450.61759003,106871483.5109975,121244212.27344504,108882656.0359675,110547154.99148503,119155222.09750757,110005681.84499007,139397324.00063002,126914834.87666503,113057001.14141259,112416148.29353258,111616774.07526505,118231407.78950256,115976598.14159754,133290353.51342759,126987086.37304503,119982547.53101252,110708142.66366258,118143533.12373504,124922997.21261503,126177810.22863507,110532504.17446758,119890492.45176005,132815642.05701004,110511415.38309005,104166007.51017255,115324719.04243758,121426526.17084503,111629794.85876009,104620710.3736325,136570909.59389254,117928399.73370752,120760928.7854625,121127276.72803757,121939405.81552759,112739858.48470002,122362707.621935,119426353.04382508,106501494.59973752,124238964.64632508,119955383.28238012
2021-08-24,134672955.26041752,133941417.5926576,111012630.47020504,123807258.03413503,122059586.23548749,110664881.14542755,124054877.24542005,114935733.15602499,109194741.86586007,118855792.16733004,103787990.08759002,105823793.4194975,119856104.29794502,106875200.5589675,110204125.29398504,116717009.01550756,108717469.47499007,136631736.41763002,125823167.49466503,112329529.32191259,110965194.95353259,109544534.27876505,115927837.59200257,114542205.58309752,131163310.28592758,125386963.65404503,118542064.7230125,109298967.96366256,117529945.68173504,122954387.17461503,124000398.64963508,109323880.57146758,118178087.17076005,130211451.09301004,109777557.85759005,103145720.55367255,113285241.85843758,118399571.66984503,110455773.88126008,103056363.06813252,134879836.34839255,115487220.37070751,119872301.46296251,119265671.40053757,122641664.1085276,111712588.68970004,121847085.256935,118077436.90382507,103845174.80723754,123577747.0018251,119067749.14488012
2021-08-25,135436172.52140003,136130870.6206576,112268630.47020504,124161944.34611753,122751220.46548748,111420931.79242757,125683877.24542005,115931757.58002499,109909614.40786007,120151642.76333004,103769248.84959003,106653050.6340775,121744461.52294503,106984200.5589675,111281125.29398504,118185886.83550757,109465621.86899006,135837094.81063002,127121167.49466503,113734823.28143258,111301067.98603259,110313412.09876505,117816837.59200257,114915078.61559752,133823915.40642758,126444185.97654504,119947685.80551252,111129845.78366257,119076945.68173504,122733451.02261502,125017027.13113508,109189651.38696758,118571083.30826005,131433365.38651004,110215557.85759005,103774406.86617255,113707911.84793758,118662905.07984503,111359565.76626009,103977498.75813252,136129347.46639255,116384069.37419254,120150301.46296251,120098671.40053757,124479085.0710276,112729135.32720004,122472482.779435,118701436.90382507,103721584.46223754,124758538.01632509,119675115.32972263
2021-08-26,135906837.12249252,137310341.0131576,112348630.47020504,124608097.48661754,121831332.48348749,110555222.67692757,125660877.24542005,115630757.58002499,108502433.19036007,120311630.27383006,103095356.83809003,106608103.0730775,122014280.23294502,106633243.61010501,110129125.29398504,117290184.07050757,108673056.34499007,135343905.68063003,125144167.49466503,112756438.56569508,111050856.3735326,110365317.56740254,117289983.84886758,114593733.52809753,133503621.04142758,125061532.10604502,119260476.08551252,110636845.78366257,118346945.68173504,121296513.82811502,123632937.01713508,109263855.92796758,118139044.78326006,131964259.23401004,109522639.79609005,103430373.32817255,113008382.22043759,116990045.53623253,111711618.20526008,104375964.52570751,134898347.46639255,115473960.12919253,119378600.9829625,119331671.40053757,123752173.3340276,111899164.36929004,122112302.181935,120253515.38382508,103429198.35373753,124675540.60632509,118748374.09172262
2021-08-27,136075837.12249252,139779341.0131576,113185630.47020504,126177268.40961753,123113332.48348749,110703552.81442755,126241256.82700755,117265797.55252498,109455783.29751007,121952338.90883005,103534279.32059003,108405467.99234751,124604280.23294502,108273979.660105,111760550.68098503,118554403.72200757,109172019.69443007,136698905.68063003,126051785.38653003,113421726.95769508,112902066.5585326,112107851.09740254,118501504.27136758,115262063.66559753,136025130.46992758,126392532.10604502,120517632.4570125,111492123.35766257,119224945.68173504,122627353.00761501,125020706.98963508,111642361.23996758,119084863.48426005,132771720.92201003,110054143.64459005,103321193.23817256,113399249.00743759,118084845.64891253,112292618.20526008,106148087.01570751,135127347.46639255,117180382.29169253,120271821.8254625,120219671.40053757,124535608.0040276,112218069.97129004,122826154.379935,122413515.38382508,104846742.26067755,125238952.20832509,119163374.09172262
2021-08-30,137009837.12249252,142477341.0131576,114290630.47020504,127227327.35611752,124171332.48348749,112270491.58742756,128278173.18800755,119731797.55252498,110801605.59851007,122401338.90883005,104984279.32059003,109966752.5723475,126145280.23294502,109592979.660105,114206550.68098503,121135403.72200757,110497643.87843007,138313905.68063003,127390518.43653002,115045925.28669508,114418541.8525326,114110851.09740254,119654504.27136758,116349449.00709753,137994130.46992758,128699532.10604502,122217863.8040125,112998563.03966257,121111269.68573505,124469353.00761501,126383706.98963508,112572361.23996758,121094863.48426005,134497720.92201003,110549148.05659005,105655193.23817256,114858249.00743759,119375081.39891253,113117618.20526008,107225087.01570751,137511748.90639254,119778382.29169253,121550821.8254625,122318671.40053757,125867608.0040276,114797069.97129004,124820154.379935,123534515.38382508,105643319.12717754,127691952.20832509,120630374.09172262
2021-08-31,137622650.43249252,144807341.0131576,114240630.47020504,128088327.35611752,124382332.48348749,112308491.58742756,128327173.18800755,122301797.55252498,111574605.59851007,124539338.90883005,104434279.32059003,110872752.5723475,127626280.23294502,111174979.660105,116009550.68098503,122016403.72200757,111579643.87843007,139426905.68063003,128477518.43653002,115203925.28669508,116398541.8525326,115165851.09740254,120663504.27136758,117228449.00709753,139794130.46992758,130321532.10604502,123892863.8040125,113549422.36466257,121562269.68573505,126831353.00761501,127396706.98963508,113821361.23996758,122407863.48426005,134365720.92201003,110566148.05659005,106247193.23817256,115075249.00743759,120902081.39891253,113043618.20526008,107232087.01570751,137901748.90639254,120326382.29169253,122003821.8254625,123362671.40053757,126692608.0040276,114749069.97129004,126034154.379935,125683515.38382508,105700319.12717754,129091685.2583251,121057374.09172262
2021-09-01,138647545.4799925,146209341.0131576,114228630.47020504,128592327.35611752,124644332.48348749,111876491.58742756,129144173.18800755,122425797.55252498,112403605.59851007,124465338.90883005,104603279.32059003,111447752.5723475,127989280.23294502,111617979.660105,116166550.68098503,122650403.72200757,112469643.87843007,139349905.68063003,129139518.43653002,115428925.28669508,116940541.8525326,115945851.09740254,120099504.27136758,117818449.00709753,140670130.46992758,130597532.10604502,124298863.8040125,114163422.36466257,122034269.68573505,127441353.00761501,127123706.98963508,114199361.23996758,122088863.48426005,134509720.92201003,111399148.05659005,106360193.23817256,115013249.00743759,121551081.39891253,113675618.20526008,108211087.01570751,138126748.90639254,120953382.29169253,121680821.8254625,123764671.40053757,126824608.0040276,114875069.97129004,126446154.379935,126159515.38382508,106386319.12717754,129502685.2583251,121092374.09172262
2021-09-06,138283783.4449925,149379341.0131576,115813630.47020504,128577327.35611752,127532332.48348749,113012491.58742756,132063173.18800755,124933797.55252498,115437605.59851007,125618338.90883005,105172279.32059003,111672752.5723475,128065280.23294502,114832979.660105,118889550.68098503,124841403.72200757,114987643.87843007,141647905.68063003,131402518.43653002,117085925.28669508,118590541.8525326,117463851.09740254,121493504.27136758,118779449.00709753,143421130.46992758,133738385.09172003,126198863.8040125,117186422.36466257,124838269.68573505,127908353.00761501,129045706.98963508,114634361.23996758,123623863.48426005,136461720.92201003,112120148.05659005,109188193.23817256,115931249.00743759,123537081.39891253,114333618.20526008,109524087.01570751,140767748.90639254,123287382.29169253,123133821.8254625,126355671.40053757,128975608.0040276,117439069.97129004,128596154.379935,126779515.38382508,107910319.12717754,130813685.2583251,122508374.09172262
2021-09-07,136972783.4449925,146749341.0131576,114958630.47020504,126964327.35611752,127948332.48348749,113082491.58742756,129841173.18800755,123034797.55252498,113916605.59851007,122857338.90883005,104974279.32059003,111094752.5723475,125859280.23294502,112785979.660105,117204550.68098503,123813403.72200757,113103643.87843007,140217905.68063003,129682518.43653002,116701925.28669508,116519541.8525326,115156851.09740254,120389504.27136758,117004350.26169503,141560130.46992758,131241278.83772004,124625863.8040125,115318422.36466257,123303269.68573505,127879353.00761501,127245706.98963508,114368361.23996758,123708863.48426005,135463720.92201003,110871148.05659005,107504193.23817256,115345249.00743759,121737081.39891253,113237618.20526008,108136087.01570751,139736748.90639254,120289382.29169253,122933821.8254625,124385671.40053757,127452608.0040276,117252069.97129004,126350154.379935,124329515.38382508,107240319.12717754,129450685.2583251,122066374.09172262
2021-09-08,137761783.4449925,147577341.0131576,114536630.47020504,127252327.35611752,128934332.48348749,114449491.58742756,129715173.18800755,123606797.55252498,113118605.59851007,123351939.21783005,105089279.32059003,111725752.5723475,126309934.37494503,112206979.660105,117411926.45498504,124596403.72200757,113642643.87843007,140002905.68063003,130502518.43653002,116652925.28669508,117543541.8525326,116000851.09740254,121972504.27136758,117150552.99369502,142649130.46992758,130857278.83772004,124585863.8040125,115591422.36466257,124386269.68573505,128023353.00761501,126514706.98963508,113457361.23996758,124124863.48426005,136195720.92201003,110185148.05659005,107921193.23817256,114800249.00743759,120955081.39891253,112503618.20526008,107365087.01570751,138548748.90639254,119299382.29169253,122577821.8254625,124888671.40053757,127557505.4930276,116468069.97129004,126018154.379935,124797515.38382508,107419319.12717754,130665685.2583251,122526374.09172262
2021-09-09,138729783.4449925,149472341.0131576,115935630.47020504,129008327.35611752,130294523.4459875,115240491.58742756,129881173.18800755,123922797.55252498,115179605.59851007,124689939.21783005,105144279.32059003,112670752.5723475,127329934.37494503,112840979.660105,118382926.45498504,125315403.72200757,114255643.87843007,140617905.68063003,132199518.43653002,117227692.79419509,118202541.8525326,117071851.09740254,122641271.77886757,117817552.99369502,144306130.46992758,132456278.83772004,125247863.8040125,116893422.36466257,125450269.68573505,129726353.00761501,127219392.64913508,114164701.48946759,124492863.48426005,136917720.92201003,111128148.05659005,108995193.23817256,115183249.00743759,121979081.39891253,112733618.20526008,108533087.01570751,139823748.90639254,119786382.29169253,123626821.8254625,124986671.40053757,128271505.4930276,117628069.97129004,126524154.379935,125559515.38382508,108655319.12717754,131234685.2583251,122729374.09172262
2021-09-10,138369783.4449925,148669341.0131576,115721630.47020504,128492327.35611752,130658523.4459875,114656491.58742756,131225173.18800755,124203797.55252498,115666605.59851007,123757939.21783005,105119279.32059003,111874752.5723475,126411934.37494503,113427979.660105,118186926.45498504,124745403.72200757,114730643.87843007,140312905.68063003,131570518.43653002,117152692.79419509,117485541.8525326,116329851.09740254,123143271.77886757,118116552.99369502,143538130.46992758,131727278.83772004,124753863.8040125,116593422.36466257,124630269.68573505,129151353.00761501,127217392.64913508,114212701.48946759,124454863.48426005,137359720.92201003,111141148.05659005,108802193.23817256,115545249.00743759,121589081.39891253,113648618.20526008,108260087.01570751,140172748.90639254,120695382.29169253,123745821.8254625,125877671.40053757,128395505.4930276,117202069.97129004,126407154.379935,125411515.38382508,108592319.12717754,130748596.26932509,123776374.09172262
2021-09-13,136801783.4449925,146374341.0131576,115857630.47020504,128082327.35611752,128956523.4459875,113010329.64647256,130842173.18800755,122615797.55252498,115862605.59851007,121947939.21783005,104456279.32059003,110862752.5723475,124393934.37494503,112485979.660105,116536926.45498504,122905403.72200757,114170643.87843007,138698905.68063003,129168518.43653002,116547692.79419509,115139618.25237009,114927851.09740254,121350271.77886757,118366552.99369502,142347130.46992758,131211278.83772004,123229863.8040125,115672422.36466257,123181269.68573505,127232353.00761501,127257392.64913508,112294701.48946759,122359863.48426005,136625720.92201003,110462148.05659005,107915193.23817256,114807249.00743759,120656081.39891253,113329618.20526008,108020087.01570751,141167748.90639254,121065382.29169253,123277821.8254625,124764671.40053757,127592505.4930276,116714339.56379004,125864154.379935,124487515.38382508,107599319.12717754,128530596.26932509,123408374.09172262
2021-09-14,135124592.59027502,146527586.4431576,114875920.27270505,127351327.35611752,126800721.8409875,112021635.51347256,130174173.18800755,122937797.55252498,115273605.59851007,121469752.50333005,103657279.32059003,110138752.5723475,123389934.37494503,112277979.660105,115594645.07748504,122456403.72200757,113655671.44893007,138906398.03963003,128305518.43653002,116111692.79419509,114315746.5298701,114118659.67240256,120369697.10886759,116890917.14369503,140657847.29242757,131473278.83772004,122836792.48101251,114479422.36466257,122778269.68573505,126307161.58261502,126776392.64913508,111465701.48946759,122574273.40176007,136230477.83201003,110063907.43859005,107779193.23817256,113636890.2199376,120509683.41141254,112766618.20526008,106651885.32320751,140770748.90639254,119983382.29169253,122425821.8254625,124839671.40053757,127440505.4930276,115850339.56379004,125169659.053935,124845635.54782507,106310319.12717754,128318596.26932509,122877374.09172262
2021-09-15,136608592.59027502,149709586.4431576,116629920.27270505,129424621.51611751,129078721.8409875,113321809.62397256,131833173.18800755,126015968.43752497,117548578.18701008,123034392.47833006,103919451.60309003,111112129.8028475,125501578.02494504,114261979.660105,118059543.49648504,124484403.72200757,115654671.44893007,139256398.03963003,130038087.52603003,118307692.79419509,116709170.1903701,115236453.95240256,122316977.48886758,118085917.14369503,143203950.89242756,135237233.43622002,125435289.2010125,116109292.04066259,124789269.68573505,127828161.58261502,129276392.64913508,112377670.55046758,124660273.40176007,138521658.75201005,110575996.37409005,110397193.23817256,114729849.3029376,121801683.41141254,113337707.14076008,107823054.52120753,142572748.90639254,122399728.30419254,125169865.83546251,126702571.74903756,129696921.7505276,117534339.56379004,126650277.83143501,126224855.74982508,107616319.12717754,130649596.26932509,124194374.09172262
2021-09-16,137172221.87877503,149862586.4431576,116744920.27270505,130768621.51611751,129788721.8409875,113548809.62397256,131947173.18800755,126165968.43752497,117542578.18701008,123411639.43433006,104182451.60309003,111203129.8028475,126244714.31494504,113379979.660105,118227543.49648504,123823403.72200757,115791671.44893007,139561504.79873002,129718087.52603003,117920692.79419509,115912170.1903701,115208453.95240256,121935750.56286758,118489023.90279502,143412140.01842758,134769233.43622002,125742289.2010125,116079292.04066259,123827269.68573505,127768161.58261502,129926392.64913508,113508670.55046758,125014273.40176007,138997658.75201005,111001996.37409005,110948193.23817256,113922850.8015876,121836203.26516253,113664707.14076008,108524543.24505752,143068748.90639254,122733728.30419254,125798865.83546251,126263571.74903756,130048921.7505276,118580339.56379004,127084277.83143501,126461855.74982508,108194319.12717754,131457596.26932509,123814443.57109761
2021-09-17,138926221.87877503,151830586.4431576,118482920.27270505,131299621.51611751,132900721.8409875,114676809.62397256,134585173.18800753,126615968.43752497,119360578.18701008,123746639.43433006,104879451.60309003,111239129.8028475,126584714.31494504,115263495.046105,119647543.49648504,125341403.72200757,116958671.44893007,140031191.31723002,131814087.52603003,119090692.79419509,117818170.1903701,115943453.95240256,123218750.56286758,119648275.86179502,144850140.01842758,135321233.43622002,126702289.2010125,119277292.04066259,125681269.68573505,129684161.58261502,130837392.64913508,114960670.55046758,126043273.40176007,141747658.75201005,111548996.37409005,111738193.23817256,116135383.73158759,123514485.44516253,114655707.14076008,109560987.92105752,144304748.90639254,124187728.30419254,126771865.83546251,126623571.74903756,130831794.8494026,119116339.56379004,127945277.83143501,127940855.74982508,110948319.12717754,132268596.26932509,124481443.57109761
2021-09-20,135419221.87877503,150996586.4431576,117778920.27270505,129330621.51611751,130668721.8409875,113494809.62397256,134183173.18800755,126553968.43752497,117741578.18701008,123648639.43433006,104362451.60309003,109831129.8028475,125383286.06494504,116148495.046105,119980543.49648504,125538403.72200757,116020671.44893007,140522191.31723002,130960087.52603003,117318692.79419509,116741170.1903701,116624453.95240256,122484750.56286758,118130275.86179502,143221140.01842758,136189233.43622002,125848289.2010125,118766292.04066259,124702269.68573505,130243161.58261502,130348392.64913508,116145670.55046758,127275273.40176007,141216658.75201005,110490996.37409005,110825193.23817256,115717383.73158759,123060485.44516253,113639707.14076008,108350987.92105752,143615748.90639254,123738728.30419254,125376865.83546251,127783571.74903756,128974788.0554026,118588339.56379004,127640277.83143501,129926855.74982508,110468319.12717754,130700596.26932509,124232885.24709763
2021-09-21,134746580.49528754,151797586.4431576,118184920.27270505,128085621.51611751,132238064.8009125,113504809.62397256,134787173.18800753,128886968.43752497,118226578.18701008,123212781.20507005,103345451.60309003,109549129.8028475,126960793.97994503,117015495.046105,121998543.49648504,125990403.72200757,116687292.72591007,139576191.31723002,130980087.52603003,117788710.56526509,116888641.7303701,116254453.95240256,123167750.56286758,117342856.79613502,144358140.01842758,137051260.09282503,127628289.2010125,120139116.03173259,124011005.67234005,129941161.58261502,130678392.64913508,116369670.55046758,128040273.40176007,141189658.75201005,109465310.73409005,111191193.23817256,114636383.73158759,123280884.28986254,112506707.14076008,107798773.72099502,143611748.90639254,125672728.30419254,126564865.83546251,127232307.73564255,129134788.0554026,118005339.56379004,127526277.83143501,129972855.74982508,110338319.12717754,131302067.8093251,124008885.24709763
2021-09-22,134876086.61028752,154130324.8621576,119211920.27270505,128705480.02911752,132740872.1944125,114266809.62397256,136017173.18800753,129988968.43752497,119359578.18701008,124899969.52807006,104645451.60309003,109680128.5228475,128847894.16294503,118492495.046105,124184543.49648504,128401657.69650757,117735610.48941007,141685191.31723002,133422729.27103002,117893710.56526509,118825997.0538701,118258453.95240256,124241750.56286758,117929960.23363502,145593140.01842758,139510266.50782505,129331254.2015125,121164100.43173258,126060881.82784005,131217122.18011501,132125898.81913508,117567883.14046758,129808273.40176007,142353658.75201005,110544652.90359005,112099703.60817255,114504383.73158759,125744531.00886254,112873707.14076008,108382965.44099502,145352748.90639254,127234423.88669254,126740865.83546251,128865563.59914257,129760220.8789026,117985339.56379004,128802277.83143501,133008855.74982508,111073319.12717754,131268914.7283251,124200885.24709763
2021-09-23,134168086.61028752,151729324.8621576,117780920.27270505,128992480.02911752,132616872.1944125,113695809.62397256,135428173.18800753,129619968.43752497,119426578.18701008,123880969.52807006,103952451.60309003,110119128.5228475,128533894.16294503,116710495.046105,122962543.49648504,127053657.69650757,116859610.48941007,140488191.31723002,131020729.27103002,117533072.59026508,117678997.0538701,117180453.95240256,123654750.56286758,117953192.98363502,145856140.01842758,137095266.50782505,128679254.2015125,119744100.43173258,125375881.82784005,130432122.18011501,131660898.81913508,116914883.14046758,128241273.40176007,140618658.75201005,109305800.50109005,111305703.60817255,115212383.73158759,124998531.00886254,113115707.14076008,108418965.44099502,145178748.90639254,126620423.88669254,126386865.83546251,128095563.59914257,129193220.8789026,118111339.56379004,128015277.83143501,130696855.74982508,110477319.12717754,131176914.7283251,124308885.24709763
2021-09-24,132680576.51628752,151545324.8621576,116978920.27270505,128182480.02911752,131926872.1944125,113448809.62397256,135645173.18800753,128451968.43752497,119157578.18701008,123034969.52807006,103352451.60309003,109697128.5228475,126816894.16294503,116217495.046105,121519543.49648504,126261657.69650757,116496610.48941007,140743191.31723002,129827814.42553003,116982072.59026508,116743997.0538701,116210453.95240256,123255750.56286758,117299192.98363502,145057140.01842758,134750266.50782505,128105718.2605125,119039311.52223259,124964881.82784005,129842122.18011501,130648898.81913508,116107883.14046758,126747273.40176007,140154658.75201005,109237327.59609005,110923703.60817255,115395383.73158759,124626531.00886254,112857707.14076008,107840965.44099502,144862748.90639254,126361423.88669254,125625865.83546251,126699563.59914257,128136220.8789026,117609339.56379004,127384277.83143501,128662912.56282507,109859319.12717754,130503914.7283251,124428276.76259762
2021-09-27,127938302.19355752,147243324.74048764,113882235.32870504,124461482.92511752,127936331.8619125,110585446.02376756,131129173.18800755,124824968.43752497,115976578.18701008,119440368.86107005,100255485.59257752,105946813.02684751,121629755.38460253,113410148.68329501,117168543.49648504,120621657.69650757,112417116.33547258,137802191.31723002,124261279.86234003,113657072.59026508,112314854.9663701,112949069.82140255,119196613.37856758,114432144.92763501,140277140.01842758,130317755.14782503,123620172.3236925,114574311.52223259,120122881.82784005,126020122.18011501,127370898.81913508,113715060.32769759,123523337.77476007,134922794.21501005,106059975.55059005,108107956.86327255,112344164.24005009,120118143.51249754,110183710.03676009,105511550.82129502,142000861.26839253,123031423.88669254,123572865.83546251,123124563.59914257,124354021.41592759,116015910.79879004,124214741.00343502,124179967.94682507,107401697.10767753,126504050.14646009,122144276.76259762
2021-09-28,128934033.22105752,149725689.06048763,115731060.75870505,126756223.78011753,129583146.4794125,112066043.60776755,131598860.96100755,126759838.85602498,117780439.73001008,119311599.04357006,100769637.63507754,107369234.3012675,123435316.96210253,114070627.09229502,118391643.41398504,121182134.24900758,114140623.25897259,138746370.89023003,125171251.22684002,115056768.54826508,113828438.9188701,114240349.50090256,121718766.42856759,115797151.60513502,143103770.57192758,132507359.44732502,126281225.28319252,114913011.29773259,120580695.11034006,126032321.98162252,130497110.60713509,114890191.11619759,126207857.46576007,135605893.48651004,106739547.87559006,110056251.30141506,114371072.3880501,121752324.62149754,110890970.7297601,106515747.66979502,144524110.89089254,126424417.57069254,125858800.22796251,123880877.04414257,125457651.8659276,117863910.79879004,125850922.701435,125285982.66782507,108224339.22467753,127402243.3929601,123323745.35809763
2021-09-29,128515113.49005753,149421680.8814876,115155883.05970505,126248579.00211753,129832146.4794125,111270537.11499757,130987171.35900755,125489635.16702498,117906606.85001008,118202295.89057004,100025654.02459753,106116658.8026275,123301799.17860253,113807672.13729501,117940527.86448506,120893035.61000758,113693178.35120258,137999696.76773003,124658267.86884004,114490507.21026509,113230207.5988701,113606587.16140255,120986246.8880276,115300899.07313503,142590759.37492758,133096917.49382502,126114596.8246925,115141591.75623259,120696857.82734005,125333763.78892252,130087643.5371351,114583607.62615758,125046512.19266757,134529004.87000504,106826334.80432005,109471874.79291506,113508530.2730501,121668631.11499754,110289229.1037601,105759397.46879502,144836110.89089254,125611482.85842255,125615139.34246251,123469840.35164258,124720709.6214276,118036910.79879004,125392277.923435,125682942.96632507,107726042.87467754,126756339.86196008,122880589.94582763
2021-09-30,128562113.49005753,150428680.8814876,115489064.82720505,126624579.00211753,130188146.4794125,111930578.45849755,131534171.35900755,125928917.34702499,118236606.85001008,118106879.55657005,99704109.11259753,106309789.49862751,124210881.83860253,113489697.16129501,117816527.86448506,120709039.02050757,113741086.51520258,138053277.92773002,124863487.41884004,114669507.21026509,113338043.44887011,113675587.16140255,121208198.87002759,115596899.07313503,142603759.37492758,134814576.200325,126800393.21069251,115125157.1042326,120492695.23884006,125870726.87542252,130724643.5371351,114975490.76615758,125331266.30066755,134902004.87000504,106899853.93432006,109810874.79291506,114335515.3040501,122460631.11499754,111078229.1037601,105832397.46879502,144952110.89089254,126677664.97842254,126049770.03646252,124815761.61414258,124727715.9349276,118070408.73879004,125813277.923435,126294218.35232508,107539115.48817754,127282072.3599601,123048074.14732763
2021-10-01,128813996.03005752,149734101.8112001,114989064.82720505,126140478.34695503,129689146.4794125,110762578.45849755,130035171.35900755,125329233.37491499,118468606.85001008,117700249.87907006,99102109.11259753,105037789.49862751,123439881.83860253,112447311.70177001,117792527.86448506,119297726.6555076,113359086.51520258,136664404.83809,124332487.41884004,114112285.29667509,112977431.8017601,112835147.21540256,121145198.87002759,114846564.69963503,141523759.37492758,134319162.36332503,127305393.21069251,113641773.3179151,119953695.23884006,125037726.87542252,130591643.5371351,113429490.76615758,125463982.65216756,133695505.38200504,106458355.74769506,110138874.79291506,114051515.3040501,122634631.11499754,109887229.1037601,104950397.46879502,145381110.89089254,126752664.97842254,125929770.03646252,124833761.61414258,124361790.3690726,118040356.02526504,126568277.923435,125850218.35232508,106714115.48817754,126083072.3599601,122442074.14732763
2021-10-04,128849652.24405754,151709627.43970013,115643990.26220505,126912273.03295504,130931926.0284125,111101079.00049756,131652418.23450755,126039487.34591499,118840887.02584007,118110082.08083007,100037827.87209754,104776732.8813325,123711294.39883503,112952195.24873002,118060317.46848504,120488921.89300758,113762768.47520258,138553697.2377125,125675708.94281003,114495968.31667508,114602731.8707601,114225695.96319255,121485579.1900276,116693383.35809503,141422350.84292758,134098162.36332503,128180564.46269251,114214320.5624151,122181695.23884006,124400908.47415501,130180052.71263508,114326340.42865759,127348982.65216756,135700162.30700505,107554494.54819505,112067874.79291506,115089295.3015501,122869624.98443255,111071229.1037601,104959271.69475502,145451110.89089254,125898062.99733505,125875770.03646252,125347761.61414258,124830877.68607259,119408324.81626505,128078277.923435,126895218.35232508,106670734.31296754,127272072.3599601,123040122.92732763
2021-10-05,129702746.00405753,152300627.43970013,116296600.26415505,128545139.37145503,131808926.0284125,112739079.00049756,132619418.23450755,126732487.34591499,119479757.65834008,118489064.68083008,100646015.55409753,106507187.0418325,125562691.04783502,114118581.68873002,117802927.47043504,120567244.69700758,114812751.02194259,138484469.06563753,125519816.61781004,115321240.60446009,116371731.8707601,114514708.47969256,121068446.7210276,117104519.49604504,142667190.6144226,136315272.80582502,129896564.46269251,115262839.22741508,121862725.76783505,125237431.63410501,132093052.71263508,115867340.42865759,128303982.65216756,135934836.73546505,108514494.54819505,112886874.79291506,116131161.6400501,123797057.25443254,112060229.1037601,105558638.72275503,147013110.89089254,126766582.81983504,127083770.03646252,125334517.67709258,124222153.4485326,119943324.81626505,128815277.923435,128597218.35232508,107482719.91296755,128983395.01551509,124173315.21532764
2021-10-06,130231492.60305753,153648627.43970013,117007033.13415505,129628139.37145503,132690926.0284125,113866079.00049756,133389418.23450755,127509487.34591499,120187757.65834008,120159064.68083008,100935015.55409753,108091187.0418325,127938691.04783502,116042581.68873002,118982631.10243504,121232244.69700758,115587477.76744258,139552463.67463753,126265150.26631004,115557493.96646008,117000731.8707601,115859747.65269256,122316446.7210276,117862516.80054504,143913206.3339226,138499883.38382503,130087564.46269251,115607403.4859151,123101947.91183506,126331153.376605,132698052.71263508,116888340.42865759,129078982.65216756,137568467.32546505,109500733.65454006,114131874.79291506,117406161.6400501,124549057.25443254,113333229.1037601,105884310.33475253,148077110.89089254,128240582.81983504,128217770.03646252,126932098.13559258,125229536.2885326,120712324.81626505,129574277.923435,129811218.35232508,108434719.91296755,130406395.01551509,124807315.21532764
2021-10-07,130190492.60305753,152770627.43970013,116836033.13415505,129343139.37145503,133654926.0284125,113838079.00049756,133747418.23450755,128014487.34591499,120136658.39784008,121552064.68083008,101355015.55409753,108327187.0418325,129218691.04783502,115932581.68873002,119271631.10243504,121353244.69700758,115733477.76744258,138925463.67463753,126215150.26631004,114971493.96646008,117404731.8707601,117870747.65269256,122893446.7210276,118036516.80054504,144423206.3339226,139492883.38382503,129851564.46269251,115781403.4859151,124023947.91183506,126739153.376605,132549052.71263508,118293340.42865759,128503228.70016757,138038467.32546505,109763218.35454005,113659874.79291506,117108161.6400501,124564057.25443254,113169229.1037601,106511708.26775253,146949110.89089254,128154582.81983504,127741025.49046251,127574098.13559258,125840536.2885326,120621324.81626505,129704277.923435,129589218.35232508,110150719.91296755,130604095.54601508,125063052.77132763
2021-10-08,130158492.60305753,154205627.43970013,118118033.13415505,129888139.37145503,133442926.0284125,114802079.00049756,133953418.23450755,128454487.34591499,120460658.39784008,121222064.68083008,101479015.55409753,108934187.0418325,128935691.04783502,116611581.68873002,119123631.10243504,121687244.69700758,114979477.76744258,139947463.67463753,127150150.26631004,115535493.96646008,117643731.8707601,117475747.65269256,123818446.7210276,118397516.80054504,144903206.3339226,138720883.38382503,130477564.46269251,115484403.4859151,123674947.91183506,127136153.376605,133781052.71263508,118646340.42865759,129262228.70016757,138155467.32546505,110076218.35454005,114865874.79291506,117976161.6400501,125701057.25443254,112939229.1037601,107192708.26775253,147218110.89089254,128815582.81983504,128436025.49046251,128064098.13559258,126797536.2885326,121075324.81626505,130102277.923435,129314218.35232508,110007719.91296755,130799095.54601508,125514052.77132763
2021-10-11,131335492.60305753,157437627.43970013,120175033.13415505,131041139.37145503,135291926.0284125,117429079.00049756,136308418.23450756,130419487.34591499,121601658.39784008,122607064.68083008,101974015.55409753,110382187.0418325,130360691.04783502,118334581.68873002,120965631.10243504,123420244.69700758,115791477.76744258,142058463.67463753,129230150.26631004,116818493.96646008,119937731.8707601,119296747.65269256,125485446.7210276,121341516.80054504,146354206.3339226,140533883.38382503,131697564.46269251,117087403.4859151,125326947.91183506,129037153.376605,135492052.7126351,120752340.42865759,131857228.70016757,141003467.32546505,111721218.35454005,116811874.79291506,119589161.6400501,127845057.25443254,114375229.1037601,108566708.26775253,148963110.89089254,130167582.81983504,130456025.49046251,130210098.13559258,128926536.2885326,122389324.81626505,131568277.923435,131027218.35232508,111494719.91296755,132531095.54601508,126991052.77132763
2021-10-12,130936492.60305753,158993627.43970013,120702033.13415505,132256139.37145503,135289926.0284125,118349079.00049756,136426418.23450756,131384487.34591499,122201658.39784008,123255064.68083008,102236015.55409753,110976187.0418325,132279691.04783502,118918581.68873002,121740631.10243504,123629244.69700758,116747477.76744258,142618463.67463753,129771150.26631004,117408493.96646008,120447731.8707601,119451747.65269256,127432446.7210276,122264516.80054504,147307206.3339226,141462883.38382503,133382564.46269251,118116403.4859151,126278947.91183506,128816153.376605,135686052.7126351,120679340.42865759,133463228.70016757,141887467.32546505,112810218.35454005,118376874.79291506,120566161.6400501,128834057.25443254,114602229.1037601,109436708.26775253,149662110.89089254,132551582.81983504,130942025.49046251,131214098.13559258,129420536.2885326,122529324.81626505,132250277.923435,132643218.35232508,111447719.91296755,133313095.54601508,127336052.77132763
2021-10-13,131788492.60305753,157886733.38370013,119647033.13415505,132619139.37145503,134880926.0284125,117864079.00049756,135210418.23450756,130953487.34591499,121412658.39784008,125281064.68083008,101912015.55409753,111156187.0418325,131838516.98783503,118687581.68873002,122340631.10243504,123201007.39800759,116822477.76744258,141430463.67463753,128865150.26631004,117408493.96646008,120117151.15576011,119753747.65269256,127412446.7210276,121695516.80054504,147387206.3339226,143014883.38382503,133155564.46269251,117762403.4859151,126076947.91183506,129766153.376605,135463052.7126351,120661340.42865759,132829228.70016757,140500467.32546505,112394218.35454005,118433874.79291506,120224161.6400501,128578057.25443254,114756229.1037601,108777708.26775253,148495110.89089254,131770582.81983504,130501025.49046251,130934098.13559258,129572536.2885326,122667324.81626505,131782277.923435,132038218.35232508,111386719.91296755,133295095.54601508,126922485.80632763
2021-10-14,133235492.60305753,158593733.38370013,120015033.13415505,133694139.37145503,135409926.0284125,118662079.00049756,135223418.23450756,131567487.34591499,121911658.39784008,126567064.68083008,102440015.55409753,111760187.0418325,133668516.98783503,120355581.68873002,123319631.10243504,122728007.39800759,117125477.76744258,141554643.6951375,129334150.26631004,118336493.96646008,121045935.43576011,120937747.65269256,128326446.7210276,121368516.80054504,147743206.3339226,144223883.38382503,133427564.46269251,117928403.4859151,126832947.91183506,130964153.376605,136484052.7126351,120609340.42865759,133691228.70016757,140791467.32546505,114293218.35454005,119244874.79291506,120533161.6400501,130106057.25443254,114902229.1037601,108851708.26775253,148252110.89089254,132023582.81983504,131535025.49046251,131780098.13559258,130476536.2885326,122775324.81626505,132633277.923435,132345218.35232508,112428719.91296755,133657095.54601508,127034485.80632763
2021-10-15,134946492.60305753,159169733.38370013,120148033.13415505,134483139.37145504,136030926.0284125,118276079.00049756,134096418.23450755,130801487.34591499,122373658.39784008,126394064.68083008,102426015.55409753,111476187.0418325,133000516.98783503,120151581.68873002,122942631.10243504,122312007.39800759,116871477.76744258,141678643.6951375,128988150.26631004,119125493.96646008,121545935.43576011,120140747.65269256,127418446.7210276,121458516.80054504,147738206.3339226,144685883.38382503,132983564.46269251,117889403.4859151,126810947.91183506,131326153.376605,137181052.7126351,119569340.42865759,133577228.70016757,140841467.32546505,113546218.35454005,118440874.79291506,120646161.6400501,129969057.25443254,114207229.1037601,108868708.26775253,148530110.89089254,131663582.81983504,131403025.49046251,130447098.13559258,129960536.2885326,123363324.81626505,132554277.923435,132056218.35232508,112854719.91296755,132657095.54601508,127666485.80632763
2021-10-18,134884492.60305753,160706733.38370013,120851033.13415505,135774805.30554503,135980926.0284125,118581079.00049756,134351418.23450756,130821487.34591499,123071658.39784008,127029064.68083008,102243015.00466503,112426877.6598325,132886516.98783503,120990581.68873002,123124631.10243504,123784791.42800759,116591477.76744258,141785643.6951375,129319150.26631004,120814493.96646008,121373935.43576011,120034747.65269256,127877446.7210276,122161300.83054504,148820206.3339226,144730883.38382503,134210564.46269251,118163403.4859151,125823947.91183506,132109153.376605,139104052.7126351,119923442.0476576,134199228.70016757,141065467.32546505,114745218.35454005,118537874.79291506,121276486.69555011,131815057.25443254,114015996.6682601,109193708.26775253,149315110.89089254,133663582.81983504,133554025.49046251,130874590.19159259,129997536.2885326,124203324.81626505,133540277.923435,132848218.35232508,113503719.91296755,132806752.85601509,128774485.80632763
2021-10-19,135254492.60305753,159943733.38370013,120837033.13415505,135405990.02854502,135528926.0284125,118425079.00049756,134787418.23450756,130673487.34591499,122428658.39784008,127433064.68083008,102623807.38916503,112128877.6598325,132381516.98783503,120538581.68873002,123833362.81271504,124093791.42800759,115991477.76744258,141713643.6951375,129312150.26631004,121660493.96646008,120919935.43576011,119201747.65269256,128150446.7210276,121619300.83054504,148784206.3339226,144183388.03082502,133917564.46269251,117713403.4859151,125454109.77759506,132273153.376605,138962052.7126351,119819442.0476576,133183228.70016757,140329467.32546505,114030218.35454005,118014874.79291506,120788486.69555011,131508057.25443254,113674996.6682601,109078972.75260252,149121110.89089254,133774582.81983504,133000025.49046251,130176590.19159259,129682536.2885326,124173324.81626505,132829225.37843502,132156218.35232508,113090719.91296755,132290677.0960151,128349485.80632763
2021-10-20,135530930.32091755,159375733.38370013,120079033.13415505,135507990.02854502,135126926.0284125,118225079.00049756,134669418.23450756,130329487.34591499,122064658.39784008,127239064.68083008,102655807.38916503,113171877.6598325,131928516.98783503,120933581.68873002,122857982.69521505,122817791.42800759,115608229.02244258,141941439.2501375,128827150.26631004,120428493.96646008,120964935.43576011,119282747.65269256,126626446.7210276,121171300.83054504,148979206.3339226,144151388.03082502,133661564.46269251,117691403.4859151,124996830.32009506,133920153.376605,138556052.7126351,120017442.0476576,132726228.70016757,139768467.32546505,114493218.35454005,117863874.79291506,120788313.08555011,131933057.25443254,113959996.6682601,108065405.67849752,148804110.89089254,132427582.81983504,133149025.49046251,130186590.19159259,129280536.2885326,124027324.81626505,132907225.37843502,132440218.35232508,113179719.91296755,133176677.0960151,127450485.80632763
2021-10-21,135666398.31341752,158880733.38370013,120134033.13415505,135238990.02854502,134975926.0284125,118816079.00049756,134519418.23450756,130828487.34591499,121602658.39784008,127723064.68083008,101635807.38916503,113266877.6598325,134063516.98783503,121747581.68873002,122819982.69521505,122266791.42800759,114704229.02244258,141503439.2501375,129073150.26631004,119618493.96646008,120847935.43576011,119971747.65269256,127039446.7210276,120757300.83054504,148242206.3339226,145033388.03082502,133210564.46269251,116958403.4859151,125236830.32009506,133510153.376605,138884052.7126351,119528442.0476576,133470228.70016757,140003467.32546505,114871218.35454005,118247874.79291506,120875313.08555011,132597057.25443254,113740996.6682601,107785815.33349752,148146110.89089254,133016582.81983504,133626025.49046251,130725590.19159259,128838536.2885326,124232324.81626505,133711225.37843502,131064218.35232508,112852719.91296755,133039677.0960151,127714485.80632763
2021-10-22,136376398.31341752,157963733.38370013,119703772.59315506,136193990.02854502,135795982.0554125,118813079.00049756,134516418.23450756,131502070.548915,121520476.05884008,129854064.68083008,101661933.00666504,114865527.7018325,136157796.80783504,123407581.68873002,122510917.94871505,122196791.42800759,116120383.8049426,141112439.2501375,129233348.20131004,119567493.96646008,120914145.87776011,121957747.65269256,127528446.7210276,120662506.92554504,150224206.3339226,147824388.03082502,134115278.8326925,116885562.6524151,125949830.32009506,135207390.11160502,139326052.7126351,121254442.0476576,134125228.70016757,140343467.32546505,116680980.19454007,118866874.79291506,121583313.08555011,133546057.25443254,114699996.6682601,108116054.39099753,147967118.00889254,134030582.81983504,134410025.4904625,131284590.19159259,129142536.2885326,124921324.81626505,135160225.37843502,132082074.81832509,114592719.91296755,134752065.1820151,128711485.80632763
2021-10-25,134017398.31341752,156670733.38370013,118825596.12315506,136006786.89684004,134962982.0554125,118522079.00049756,133671409.67950755,131139070.548915,120436476.05884008,128444064.68083008,101211370.98016503,114237527.7018325,135378796.80783504,122463581.68873002,121114459.70057754,121417791.42800759,115660433.26944259,140094439.2501375,128082348.20131004,119701493.96646008,119766145.87776011,121323747.65269256,127047446.7210276,119625506.92554504,151183206.3339226,147474857.36782503,133881135.75769252,116705562.6524151,124714797.55285756,134605390.11160502,139197052.7126351,121248442.0476576,134276228.70016757,139076410.64196503,116095980.19454007,117136874.79291506,120545059.5594576,132689057.25443254,113805996.6682601,108343241.61579752,146975118.00889254,134347582.81983504,133894025.49046251,129802590.19159259,127890536.2885326,123958324.81626505,135408991.24616,132728074.81832509,114320719.91296755,133704065.18201509,127416485.80632763
2021-10-26,135603912.63641754,157217860.66620013,119443727.98815505,136311382.89234003,135800660.2679125,118925079.00049756,133975409.67950755,131840070.548915,120451197.62534009,129369600.96133009,101924370.98016503,115176427.14583251,137110879.90033504,123973670.14623003,121940474.32457754,122546791.42800759,115929893.17244259,141406439.2501375,128946474.74281004,120124940.27496009,121340359.91126011,121775541.93269256,128270446.7210276,119760660.24904504,151053301.3439226,148293857.36782503,134636135.75769252,117671313.98941511,125431282.45885757,134662390.11160502,139874362.12863508,121654442.0476576,135939650.20016757,139523878.24496505,116797123.23954007,119108874.79291506,121699375.45895761,133706057.25443254,113999996.6682601,108179331.14879751,146435865.29089254,135416582.81983504,134093953.37996252,130371083.09359258,128628161.4935326,124083119.09626505,135547717.19916,132911680.22932509,114553095.23296754,134411832.24626508,127715193.77832763
2021-10-27,140352912.63641754,160716860.66620013,122201727.98815505,139453662.08134004,139435660.2679125,121145079.00049756,136833409.67950755,133905070.548915,123674197.62534009,133063600.96133009,103777370.98016503,119376427.14583251,140506879.90033504,126782670.14623003,124276474.32457754,124308791.42800759,119739893.17244259,144661439.2501375,132042844.47531004,122935940.27496009,124525359.91126011,125311541.93269256,131559446.7210276,122788660.24904504,155661301.3439226,152458857.36782503,137616135.75769252,120443313.98941511,128360282.45885757,137457390.11160502,143975362.12863508,125947442.0476576,138815650.20016757,143539633.30996504,120678424.13004006,122396874.79291506,124358375.45895761,136530057.25443253,115582996.6682601,111392560.69579752,149768658.47839254,139180582.81983504,137077953.3799625,132866083.09359258,131056161.4935326,126311119.09626505,138185717.19916,137734680.2293251,117276095.23296754,137725565.2962651,130943193.77832763
2021-10-28,143213912.63641754,160955860.66620013,123585727.98815505,142076662.08134004,140597660.2679125,123091079.00049756,138203409.67950755,134549070.548915,124742197.62534009,134337600.9613301,104340370.98016503,121399427.14583251,142883879.90033504,129406670.14623003,125638474.32457754,125709791.42800759,120902893.17244259,144861439.2501375,133146844.47531004,124703940.27496009,125166359.91126011,125009541.93269256,133061446.7210276,124345660.24904504,156828301.3439226,155476857.36782503,137506135.75769252,121972313.98941511,129213282.45885757,140070390.11160502,146063362.12863508,128622442.0476576,139786650.20016757,143640633.30996504,122736424.13004006,123406874.79291506,126658375.45895761,137499057.25443253,116142996.6682601,112723560.69579752,151521658.47839254,140903582.81983504,138363953.3799625,135193083.09359258,131950161.4935326,126693119.09626505,138302717.19916,138229680.2293251,119195330.98296754,139666565.2962651,131607193.77832763
2021-10-29,143748912.63641754,161105860.66620013,124435727.98815505,141942662.08134004,140854660.2679125,125132130.23349756,140089409.67950755,135169070.548915,125405197.62534009,135805600.9613301,105049370.98016503,122723427.14583251,144516879.90033504,130764670.14623003,126000474.32457754,126788791.42800759,121976893.17244259,145872439.2501375,133495844.47531004,125791940.27496009,125247359.91126011,125597541.93269256,133760446.7210276,124540660.24904504,157473301.3439226,155343857.36782503,138544202.1011925,122238313.98941511,129612282.45885757,140487390.11160502,146308362.12863508,128860442.0476576,140751650.20016757,144903633.30996504,123615998.77654007,124092874.79291506,126465375.45895761,137869057.25443253,116585996.6682601,114178560.69579752,153835658.47839254,142029582.81983504,137992953.3799625,135326849.9585926,131786161.4935326,128506119.09626505,139252717.19916,139013680.2293251,119812330.98296754,141636565.2962651,132964193.77832763
2021-11-01,142725912.63641754,160147860.66620013,123894727.98815505,141173662.08134004,140106660.2679125,127857130.23349756,142167409.67950755,134287070.548915,124271197.62534009,136816600.9613301,104431370.98016503,122694427.14583251,146357879.90033504,131561670.14623003,125689474.32457754,126881791.42800759,120806893.17244259,144620439.2501375,132833844.47531004,125023940.27496009,126372359.91126011,125531541.93269256,133491446.7210276,123554308.44652005,155501597.7388726,155171857.36782503,137802202.1011925,123971313.98941511,128833282.45885757,138640390.11160502,145737362.12863508,128359442.0476576,142001650.20016757,144705633.30996504,124658998.77654007,124970874.79291506,125546528.3349576,137073057.25443253,117795996.6682601,113370560.69579752,152657658.47839254,141358582.81983504,138199953.3799625,136361849.9585926,130279161.4935326,126915119.09626505,138950717.19916,137347680.2293251,119254330.98296754,141585565.2962651,132090193.77832763
2021-11-02,146752021.79391754,161657293.11120012,125232226.46515505,144792826.03134006,143365647.0814125,131543130.23349756,142809725.04950756,135489030.828915,126233006.1308401,141935246.45533007,105509528.80466503,126728856.54933251,151365879.90033504,134858594.94823003,127856756.50507756,128409791.42800759,124142300.32044259,145566439.2501375,135325829.36531004,127702401.07196009,128410359.91126011,128927541.93269256,136526731.3015276,125490093.75702006,159287246.9813726,161187857.36782503,140717202.1011925,127205313.98941511,132238653.53885756,141226195.987605,147976362.12863508,131597442.0476576,145600650.20016757,148541852.16296506,128201998.77654007,127347253.47891505,129278612.4529576,138922969.31043255,118955413.3602601,116425560.69579752,154120658.47839254,145481582.81983504,140806953.3799625,139075583.3175926,132167629.3695326,128682011.95126505,142049930.42816,140488680.2293251,122243330.98296754,144727818.94076508,135910198.10232764
2021-11-03,139711003.83991754,158855293.11120012,123982226.46515505,140723826.03134006,138697647.0814125,128848130.23349756,141297864.14550754,132246030.82891499,122168006.1308401,136717246.45533007,103244733.33666503,122327856.54933251,146499879.90033504,129235594.94823003,124913756.50507756,126950859.92800759,120383300.32044259,143453439.2501375,131814713.10531004,124169401.07196009,124937359.91126011,124536541.93269256,131494731.30152759,122587093.75702006,153053246.9813726,155294857.36782503,137690202.1011925,123732313.98941511,128093564.46818757,137606195.987605,144852362.12863508,127903442.0476576,141433650.20016757,142491852.16296506,122691030.04603757,124984253.47891505,125285612.4529576,136168969.31043255,116590153.91476011,112369560.69579752,152464658.47839254,141506582.81983504,136914953.3799625,137110583.3175926,130540849.1595326,126983011.95126505,138087930.42816,136440680.2293251,118987330.98296754,140364252.53901508,129862198.10232763
2021-11-04,139197500.22891754,157514289.35370013,125246238.82615505,142120730.15534005,138933177.1344125,131482499.58099756,143088864.14550754,132669029.466935,122842278.75384009,138638296.80233008,103699546.41416503,121503379.60683252,146804158.75433505,128819510.54673001,125490301.40607755,129541859.92800759,120683882.2604426,143181059.08263752,132181073.13981004,123919321.8759601,125723045.1527601,125097889.49419256,131785559.0135276,122520199.75353755,153497598.0768726,158656540.71932504,138482087.6821925,124765779.8994151,128888513.97468756,137817664.297105,145069441.8426351,128003252.66715759,141875285.61216757,142162811.85746506,123020322.65053758,125447618.88141505,126300740.28995761,135380498.46693254,116742946.3737601,113109965.46379754,151650294.07989255,142143582.81983504,136434760.41996253,138996821.9770926,132182958.2395326,126709108.54926506,140563288.25366002,138300224.0138251,119540003.87796754,141253127.4680151,129497274.82732764
2021-11-05,141054853.80191755,158456702.69620013,126163238.82615505,143749421.38134006,139668177.1344125,133430499.58099756,145021088.86550754,134248286.03193498,124161416.44684009,140675296.80233008,103788072.83666503,122603751.84083252,149424112.13933504,130417211.07723002,127279924.82107756,130813859.92800759,121433882.2604426,143766059.08263752,133366073.13981004,124676321.8759601,127043661.67426011,126856889.49419256,133431559.0135276,123567321.73603755,154678598.0768726,160571540.71932504,140963087.6821925,125490779.8994151,130851781.51768756,139205004.973605,147150441.8426351,128316252.66715759,145236285.61216757,143248373.81746507,125366292.96403758,126566618.88141505,126488637.83895761,137224498.46693254,117794946.3737601,114309519.28529753,152279294.07989255,144064116.93833503,138942665.25796252,139442058.4770926,133625958.2395326,126744108.54926506,143974542.41866,140394224.0138251,120781003.87796754,142901127.4680151,131480274.82732764
2021-11-08,142932625.67591754,158870702.69620013,127106238.82615505,146786421.38134006,140397177.1344125,136566499.58099756,147270113.88950756,136358286.03193498,126758416.44684009,144199296.80233008,104670072.83666503,122822751.84083252,152115112.13933504,132012211.07723002,128868924.82107756,132983859.92800759,122017882.2604426,145319059.08263752,135435073.13981006,125835321.8759601,128690661.67426011,128851889.49419256,136118559.0135276,123890321.73603755,156933598.0768726,164210540.71932504,143801087.6821925,127183779.8994151,134900781.51768756,140972004.973605,148989441.8426351,128762252.66715759,148807285.61216757,145466373.81746507,127258292.96403758,126922618.88141505,127100637.83895761,139173498.46693254,119180946.3737601,116710519.28529753,153453294.07989255,146700116.93833503,142726665.25796252,140835058.4770926,134681958.2395326,127167108.54926506,149166542.41866,143615224.0138251,122615003.87796754,144691152.4920151,133696274.82732764
2021-11-09,143350814.11257756,158653702.69620013,126877238.82615505,146656421.38134006,140760365.57107252,137709499.58099756,145730113.88950756,136885286.03193498,127028416.44684009,147443296.80233008,104633072.83666503,122368751.84083252,153533112.13933504,132464211.07723002,128584924.82107756,133657859.92800759,121827882.2604426,144335059.08263752,135241073.13981006,126011321.8759601,128442661.67426011,129808889.49419256,136598559.0135276,124686321.73603755,156993598.0768726,167242540.71932504,146259087.6821925,129168779.8994151,136483781.51768756,139667004.973605,149210441.8426351,129122441.1038176,149702285.61216757,146124373.81746507,127516292.96403758,126957618.88141505,128609637.83895761,139628498.46693254,119125946.3737601,117035519.28529753,153081294.07989255,148133116.93833503,143814665.25796252,142594058.4770926,135688958.2395326,127889296.98592505,152046542.41866,143635224.0138251,122299003.87796754,144738152.4920151,134568274.82732764
2021-11-10,146510439.32012755,159983420.97520015,126896742.50365506,147708421.38134006,142202518.2730725,139198499.58099756,147115113.88950756,137173286.03193498,130217416.44684009,150254296.80233008,106037563.94416504,124125936.22583252,154582112.13933504,133020211.07723002,132234698.14507756,134888842.1780076,124420497.7869176,145539251.91868752,135190073.13981006,127602060.9339601,129590661.67426011,132269419.32419257,138529559.0135276,126476321.73603755,158642598.0768726,172343540.71932504,147888087.6821925,129936779.8994151,140178781.51768756,141587799.05810502,150561441.8426351,129519608.7133176,151980285.61216757,149009373.81746507,129562850.77403758,128414618.88141505,131213637.83895761,141178498.46693254,121352946.3737601,119288224.19729753,155157294.07989255,150012116.93833503,144233941.35240003,143549058.4770926,135704958.2395326,129435835.63092506,156852542.41866,147400224.0138251,123791003.87796754,147037152.4920151,138694274.82732764
2021-11-11,145990750.87102753,158982797.84170014,126299742.50365506,146681201.94634005,142376518.2730725,139327167.04549757,147533113.88950756,137553547.721935,129760416.44684009,149596296.80233008,106579563.94416504,123018720.66083252,153967298.21536005,133137573.60411502,132071698.14507756,133727842.17800759,125078647.4979176,144532005.1836875,135575977.92691004,126554060.9339601,130210451.51742011,132670419.32419257,139727559.0135276,125091253.78403755,159658175.1893726,172588540.71932504,148258087.6821925,130100779.8994151,141646781.51768756,139667799.05810502,149194441.8426351,129596608.7133176,152898285.61216757,150497373.81746507,129334437.48903759,128073618.88141505,130803637.83895761,140458444.16139254,122236946.3737601,119989559.14529753,154494294.07989255,149181173.69886255,144500520.51840004,142248045.78104258,133981961.00653261,128075835.63092506,157728542.41866,145928881.69982508,123796782.90796754,146732286.7128676,138233274.82732764
2021-11-12,147749061.26902753,158980797.84170014,127599742.50365506,147256806.36984006,144566518.2730725,141567167.04549757,149447113.88950756,138800316.551935,131589416.44684009,150919596.14433008,107829563.94416504,123250627.52083252,155446630.92386004,135570464.77711505,135055698.14507756,136584677.40450758,126073000.2179176,145266898.5886875,136205951.76941004,128406268.2264601,130995453.2309201,134353193.54419255,142633559.0135276,124820253.78403755,160801536.8913726,175331492.64182505,148473353.5911925,131345779.8994151,144666781.51768756,140932799.05810502,148774153.4181351,130666374.1273176,154575354.11466756,152261373.81746507,129836437.48903759,128063811.01141505,132046174.91495761,140518192.22039253,123899715.23576011,123075559.14529753,156014896.00939256,151597440.97136253,144461520.51840004,143138099.6800426,133427884.2035326,128590781.36442506,159153542.41866,147343225.4763251,126006782.90796754,148508656.9163676,140404431.54632762
2021-11-15,147983061.26902753,160161797.84170014,127892742.50365506,147505677.03461507,144629518.2730725,145258167.04549757,151393113.88950756,142098316.551935,134911420.38120508,152992596.14433008,107681563.94416504,123602627.52083252,157546630.92386004,137331464.77711505,137241698.14507756,138765677.40450758,127793000.2179176,145972898.5886875,139026951.76941004,128659268.2264601,134109453.2309201,137357193.54419255,145450559.0135276,125064253.78403755,163199536.8913726,176299492.64182505,147750353.5911925,131945779.8994151,148048781.51768756,142992799.05810502,149456153.4181351,131315374.1273176,156857354.11466756,153217373.81746507,130059437.48903759,128760811.01141505,132071174.91495761,141208192.22039253,126011715.23576011,123479559.14529753,158028896.00939256,153048440.97136253,146346520.51840004,144595099.6800426,132781884.2035326,128568781.36442506,161511542.41866,147876225.4763251,128087782.90796754,148369656.9163676,145052431.54632762
2021-11-16,147141686.12902755,159681797.84170014,126554742.50365506,145569677.03461507,142239518.2730725,143355167.04549757,150654113.88950756,141565316.551935,134532182.9507051,151045887.00333008,107151563.94416504,122249627.52083252,155889630.92386004,136716464.77711505,136429698.14507756,137616677.40450758,125264000.2179176,145184898.5886875,137562951.76941004,127403268.2264601,131217453.2309201,135768193.54419255,144128559.0135276,124577253.78403755,160248536.8913726,173949492.64182505,146801453.73619252,130491779.8994151,145122781.51768756,142030799.05810502,149833153.4181351,129940374.1273176,155589619.26049757,151182373.81746507,129023769.57203759,127427811.01141505,130803174.91495761,141345192.22039253,124014715.23576011,121883559.14529753,158340896.00939256,152490440.97136253,145754479.97940004,144181099.6800426,131676388.1885326,127497438.38241506,160321462.25266,145449850.33632508,126533782.90796754,147876656.9163676,144125431.54632762
2021-11-17,149483686.12902755,159836797.84170014,127356050.83048505,147174255.82911506,143339826.5999025,146320167.04549757,152787113.88950756,142565316.551935,136278182.9507051,152472887.00333008,107968563.94416504,122858627.52083252,156459630.92386004,137847464.77711505,139222698.14507756,139320677.40450758,126510000.2179176,145487898.5886875,138314951.76941004,128175268.2264601,132665238.99642012,136946193.54419255,144636559.0135276,125069253.78403755,160881194.7188726,177385492.64182505,148154453.73619252,131506968.3049151,147940518.27768755,142231368.12460503,151304439.2151351,130084374.1273176,157089296.28049758,151571826.61496505,129951769.57203759,127684811.01141505,130914174.91495761,140856015.83989254,124787715.23576011,123958559.14529753,158751896.00939256,152754440.97136253,145942479.97940004,145730099.6800426,132476388.1885326,127529818.74416506,162419462.25266,148312827.1888251,128143782.90796754,149763458.6638676,144994431.54632762
2021-11-18,152121686.12902755,158680797.84170014,127123882.14048505,149015255.82911506,143668657.9099025,149605167.04549757,155696113.88950756,144961316.551935,139251182.9507051,154467887.00333008,108874563.94416504,121814627.52083252,157663630.92386004,139286893.84415254,141272698.14507756,141264677.40450758,128861000.2179176,144390327.655725,140309274.87441003,127509268.2264601,135973238.99642012,139834193.54419255,145799559.0135276,123406253.78403755,163436194.7188726,180732492.64182505,147627453.73619252,131848968.3049151,151529518.27768755,143976368.12460503,150140439.2151351,129339374.1273176,157775296.28049758,152816826.61496505,130887769.57203759,126353808.91778505,131787509.92095761,139488015.83989254,127289723.51204011,126444559.14529753,159308896.00939256,152265440.97136253,147624479.97940004,147149360.0253926,132816388.1885326,126486481.75216506,165470462.25266,150149827.1888251,130974105.41296753,151848458.6638676,147268431.54632762
2021-11-19,150339792.27102754,154492042.44635516,126199204.85898505,146694169.42956504,141539657.9099025,148072687.38299757,152829980.96650755,142588265.014335,136903140.8027051,151987961.7881701,105447435.09666504,120885633.50607502,153673570.06454253,138136672.78165254,139539562.57657754,138355295.7594576,128352383.2376326,142840727.865435,139116566.77490005,124986053.82413009,133418786.8951901,135764193.54419255,143433494.4985276,120963116.00345005,159856815.2129826,177315734.57060003,145126564.07011253,128548173.08428511,152361668.78968757,141281599.79867253,145675348.64015508,127437374.1273176,157689428.7144976,149902162.29496506,127567991.45325759,125327819.48028506,129683739.5719576,137692798.11239254,126194447.75604011,125976818.79985003,158231544.36439255,147934942.49286255,145142575.52357754,143465798.7013926,128921201.42238261,126402114.73066506,163960481.13766,149736574.94032508,131775827.86465004,148677584.2093676,142621379.71332765
2021-11-22,144519792.27102754,152085079.66235515,124815472.25098506,143979885.60327506,138395768.1929025,144625018.22499758,149879980.96650755,137700556.58983502,135147941.8987051,147435005.1581701,103846503.83916503,120953754.78445002,146240387.70554256,132000366.89565255,135195562.57657754,133511928.84945759,124747727.9241326,139179917.80343503,136074202.37690005,122134774.36663009,129228289.49769011,129131314.93669257,139645281.7485276,119245523.97195005,155467573.1244826,169924044.48610005,141915326.06006253,124817720.9112851,146267481.08968756,141245941.45467252,142613325.8471551,125818536.3318176,153807093.1869976,147219909.63496506,122748469.0102576,122746244.50278506,127716281.52645761,136028851.60689253,122100447.75604011,122651613.18735003,159029501.30989257,141891105.77386254,142195824.67507753,140373029.3533926,126176348.29488261,126001070.75066507,157340424.22166002,146095516.9303251,129106950.54865004,143728584.2093676,137811719.35432765
2021-11-23,142889247.14702755,151608209.79635516,126069066.03348505,147423251.69377506,138988287.37940252,145213942.12649757,151520687.85400754,136259499.384835,135706811.2867051,147702069.9416701,103497932.33716504,120540692.99845001,148462702.39304256,129432316.21633255,135100568.96807754,133994698.70945759,122861734.8606326,139585071.018435,138440286.95640007,122753147.6616301,129978393.7786901,129593214.20269257,139743060.4850276,122718529.87345004,154648157.6484826,168988052.67526257,139181700.37556255,126508198.08628511,143178885.79386756,143836941.45467252,145490697.32515508,127402239.8173176,151824803.3229976,147448018.20946506,122533008.7607576,121324600.91878507,127252793.19845761,135308209.83089253,122780709.6075401,121581656.58685003,160474478.76439255,141761044.33536255,141328504.60925752,142716772.1473926,126906812.26988262,127701842.52316506,157170176.83916003,142850329.7148251,130227181.45865005,142676234.50536764,138416428.71932763
2021-11-24,145662227.02152756,153169055.61235517,127492443.56148505,148415637.22477505,140382287.37940252,147492908.29649758,153559085.58250755,137166456.254835,137519222.5277051,149043872.8486701,104725411.44966504,123933392.93795002,151629641.64204255,130742574.08433256,136581892.30007756,136813157.3354576,123595748.78013259,139476892.61793503,141135536.29440007,124103250.7601301,132382803.0836901,128710103.66519257,141606304.25052762,123579529.87345004,155958996.28728262,170552209.79826257,141204817.77006254,127937802.6552851,145761450.74486756,147096791.87817252,145664416.76915509,129591239.8173176,152322052.1059976,148730953.38246506,124415915.9932576,123720554.78878507,128775397.7674576,138458406.53589255,124085606.7485401,123899774.86785004,162609478.76439255,142619333.03336254,142092128.18425754,145129206.0033926,128402104.22638261,128428842.52316506,157421176.83916003,146175186.9083251,131609083.48965004,145327948.85986763,138667532.20332763
2021-11-25,147329210.28252757,154195055.61235517,128004443.56148505,149014637.22477505,142448287.37940252,149532908.29649758,154754085.58250755,138346456.254835,140363222.5277051,150003083.34267008,104760582.76066504,124195392.93795002,153293933.22804254,132675392.99733256,138620193.29207757,138365157.3354576,124655054.0331326,140764892.61793503,141815536.29440007,125442636.0001301,134991803.0836901,131300557.81719257,142252304.25052762,124640529.87345004,157667314.2912826,172733611.30426258,141738353.14246255,128474271.1061351,146082990.89286757,148558791.87817252,148595416.76915509,130476239.8173176,153295052.1059976,149930953.38246506,126629915.9932576,124357554.78878507,130177397.7674576,140055406.53589255,125733606.7485401,125441849.32185003,162869478.76439255,143592935.32731253,144524128.18425754,145531206.0033926,129423584.13538261,129500428.74066506,158730569.84116003,147148186.9083251,133513083.48965004,148161948.85986763,140153532.20332763
2021-11-26,144609210.28252757,155153055.61235517,126554443.56148505,148207637.22477505,140918287.37940252,149260908.29649758,153350085.58250755,138028456.254835,138561222.5277051,148679083.34267008,104670582.76066504,123137392.93795002,151051933.22804254,132249392.99733256,136908193.29207757,136414157.3354576,123253054.0331326,139448892.61793503,140290536.29440007,125216636.0001301,133352803.0836901,129906557.81719257,142011304.25052762,124480529.87345004,157436314.2912826,172295611.30426258,140523956.51146254,128425874.4751351,145559990.89286757,145962791.87817252,147813416.76915509,130859239.8173176,152861782.7559976,149531953.38246506,126232915.9932576,123837554.78878507,129032397.7674576,139273406.53589255,125291606.7485401,124588849.32185003,161990478.76439255,143649575.12031254,144099128.18425754,144899206.0033926,128786584.13538261,129122428.74066506,157056569.84116003,146558186.9083251,133054083.48965004,146537948.85986763,138563532.20332763
2021-11-29,144330210.28252757,153588229.65631515,125678443.56148505,148744909.32877505,141431287.37940252,150269016.27199757,153258952.04650754,136877661.494465,138620222.5277051,147825114.5383401,103356206.96461505,122577392.93795002,151072933.22804254,132668392.99733256,136886663.97707754,135519067.5343176,123764228.0770926,138933892.61793503,140658536.29440007,124935636.0001301,133122803.0836901,129170543.75993258,141383304.25052762,124828529.87345004,157713314.2912826,172766765.5952626,138646956.51146254,129411813.5111351,143948862.68294007,145213791.87817252,148982079.04315507,130425239.8173176,153299956.7999576,149108953.38246506,127396915.9932576,121886728.83274508,128656397.7674576,137739406.53589255,124484606.7485401,123293545.84185004,160361478.76439255,141189725.38684255,142857128.18425754,144111206.0033926,129243320.91538261,128909428.74066506,156738569.84116003,146476186.9083251,132834824.51451005,146110948.85986763,138278532.20332763
2021-11-30,142459210.28252757,153355145.41781515,124893978.10148506,148756909.32877505,140026063.3039025,150241016.27199757,151388395.69146255,135541121.52503002,136775664.56045762,147907783.2508401,101235252.18757004,121650559.98545003,150317611.20449257,133101392.99733256,135526545.37064254,134462180.53826758,123716889.6820926,139553892.61793503,140446052.94440505,123773786.5286951,133119803.0836901,129753212.47243258,142702884.3715276,124819940.14040004,157306314.2912826,171542708.30761757,137567952.61596256,128559167.16185011,144245714.64127007,144083246.15467253,148620311.8701551,130556641.42031762,152241617.40795758,148392906.35846508,127890915.9932576,120552087.25274506,126229630.59445761,136511693.48339257,122874054.4959951,122759584.07485004,158046398.43939257,141496440.63434255,141581940.56225753,143688419.3014776,128893566.91144761,126464661.56766506,155119894.294795,145707716.6311551,132806545.15851004,146007427.51786762,138929783.85832763
2021-12-01,142330027.02402756,153734956.90531516,124983372.55048506,149227488.26477504,141537293.4799025,149336016.27199757,153863273.35796255,136307289.67903,138151728.0084576,148702680.2023401,103236385.21607004,121456674.84445003,150467882.17949256,132679284.64483255,135244279.62064257,135775056.89926758,123396080.8895926,140257940.50270253,140761241.51340505,125352693.8786951,134316642.1736901,130471212.47243258,143400305.22452763,124869522.50040004,156943354.00028262,173201211.70161757,137998060.19423005,128483352.28685011,146749483.30127007,143095035.60767254,150011915.3406551,130891700.15281762,152504476.3719576,152595775.69846508,127393658.6232576,120535284.12574507,126242034.34245762,136202543.17589256,124183989.48099512,122623085.27435005,157918830.99489257,142940623.35434255,141807257.55972004,143570739.8349776,129853567.40794761,127373486.04016507,155821355.82375753,145336959.9111551,133285383.80451006,146068427.51786762,138816825.97630265
2021-12-02,140298027.02402756,154254956.90531516,124017787.62548506,149623488.26477504,140168293.4799025,149494016.27199757,154081273.35796255,135565289.67903,136448728.0084576,149033680.2023401,102403994.99107003,120230674.84445003,148880882.17949256,132665284.64483255,134984279.62064257,134602056.89926758,121900970.04959261,139710195.8677025,140284241.51340505,125220693.8786951,132984642.17369011,130309212.47243258,142942305.22452763,123670922.56640004,156636354.00028262,171887211.70161757,137278336.66973004,128819352.28685011,144812483.30127007,143148035.60767254,148662915.3406551,131284700.15281762,151408476.3719576,152413775.69846508,127343658.6232576,120631284.12574507,125029034.34245762,136493693.51589257,123969989.48099512,121885388.06635004,158641830.99489257,142422623.35434255,140820741.65972003,142468739.8349776,129817567.40794761,127769486.04016507,155509383.05375752,144981959.9111551,133694383.80451006,145400427.51786762,137495346.39880264
2021-12-03,134435027.02402756,151505193.33531517,118621727.07898507,145336530.91731757,135715780.83527753,144086420.25649756,150473273.35796255,132498289.67903,130837687.17983761,144780680.2023401,98532994.99107003,117161674.84445003,143614882.17949256,128278886.61928254,129304291.50334257,130509544.25464259,117239089.49761261,134702195.8677025,135458241.51340505,121437103.8232951,129477723.64869012,126112212.47243258,138195305.22452763,119347577.40904003,152371156.6328826,166570387.51875508,132105721.66310504,124988673.74773511,139320098.70877007,139873035.60767254,143367915.3406551,128117980.21379262,146251940.2660276,149475775.69846508,123573658.6232576,117533156.24863507,121482446.64834261,133565004.58637255,119132649.42159511,118090430.71889254,154903983.94956756,138100202.70184255,137351431.73472005,136741401.1239776,126027053.54325761,124975486.04016507,152186369.59865752,140565619.8517551,129548383.80451006,140409687.95786762,132940374.81382763
2021-12-06,133249729.46168506,149144704.80885017,117211847.41648506,141183991.57743254,132810291.05619252,141696357.32917255,149075739.37796253,130174053.6098375,128994100.82523762,143395377.5484126,97410305.76607004,115630830.16950503,140739216.84560758,126953678.86184505,129221602.20834257,127279772.4655601,115550813.84813762,131452749.93096502,133219971.17284006,120126898.2135476,128066425.35016261,123542782.40374509,135564003.35048512,115926608.83404005,150500710.87947762,164637638.55875507,128880197.66419755,123371547.18936011,136225502.86377007,139094054.98940754,140430400.4007651,125300384.36879262,143308836.4112626,147348548.32650256,120614239.68944511,115927382.39794508,120131002.54857261,132923359.36709754,117740474.7557076,116807384.77051753,154085784.51957256,135003766.55237004,135834938.68508753,133319112.0035676,123553874.23738262,124121315.69960007,150928791.9715475,138650355.0394301,129419386.57451005,138654277.52372763,129375037.51990014
2021-12-07,134573790.93918505,150439704.80885017,118906478.46048506,143656631.60243255,134706870.55619252,142813901.69536507,152392653.34296253,131905703.5223375,131889212.17123762,145842932.0494126,98892143.07607004,116708830.16950503,142874469.54560757,128394875.41184504,131881308.44334257,129553299.3810601,116666142.81063761,133419480.32096502,135435225.13484007,122606833.1835476,130394473.81266262,125622454.13724507,138170328.0359851,118176805.88054004,152793411.4099776,168566476.29875508,131115536.80951756,125593751.87136012,139438162.4637701,140989054.98940754,141746932.9477651,128084705.2172926,144393505.61026263,149905112.28900257,122997865.2069451,117334521.33794507,121288016.96657261,135468939.92709753,120243713.7782076,117519607.56101753,156501181.97157255,136629881.75237006,138116385.1725875,135276789.3665676,126168401.78238261,126480069.36160007,152581371.7048675,139642249.5074301,131802599.31251004,139440511.8519526,131250329.35240014
2021-12-08,134944846.78418505,150007460.78735018,118554367.00948507,143551501.14543253,134770776.32019252,142810302.8488651,150945414.61096254,132723049.54133749,132411580.70373762,146470270.6654126,99143767.06607005,117479872.80550504,144078299.65560758,128633257.05184504,133128308.44334257,129714367.1425601,116923715.0631376,132493720.18746501,136515548.75084007,122476716.9235476,131328138.72216262,125049758.94124508,138645120.62348512,117548354.53004006,151803401.8279776,170568476.29875508,131890761.56551757,125693003.4423601,140349107.54127008,141230541.69240755,141359372.2237651,128152322.21029261,143859874.95476264,148979222.17900258,123172741.24844511,118003644.02194506,121275405.8155726,136151091.53959754,120395896.4982076,117571219.94801754,156303542.81457257,136701033.36487004,139171385.1725875,134652438.2790676,127213338.1643826,127464628.50660007,151843880.63486752,139759350.5914301,132130743.20851006,139405399.40395263,132309529.19490013
2021-12-09,135076846.78418505,152669922.89035016,119766384.63048506,146085869.39143255,136441986.66719252,144524341.88486508,153989321.66746253,132990200.84033749,134810108.6307376,147990870.03741258,100892846.92907004,117883942.95800504,144398206.71210757,129411323.29984504,133632308.44334257,131829893.38006009,118553022.85813761,135341146.863465,138556530.15084004,123694787.0760476,133312584.69966263,127609924.26124507,140309055.79648513,118711371.56004006,154726516.7209776,171050476.29875508,133803021.44401756,128004610.21736011,142525723.72227007,142714536.19990754,142738577.1707651,130660630.00529261,146246112.52276263,151987791.53300256,124439273.58744511,118871639.62794507,123653046.42057261,137883104.15759754,121906945.93720761,118854790.51101753,158906270.46457255,139522908.61237004,139573385.1725875,136913950.0060676,128316894.30938262,129033677.94560006,153852487.82486752,143358876.1274301,133945226.10851005,140988831.88595262,133936898.53940013
2021-12-10,135923329.48118505,151895861.86635017,119724384.63048506,145906869.39143255,135534629.76469252,145582341.88486508,156181739.13146254,132643078.38633749,134975313.9657376,149098870.03741258,100216846.92907004,117847619.47950503,144919993.30860758,129397205.23984504,133943308.44334257,131117893.38006009,118731475.7401376,135220146.863465,139181530.15084004,123311787.0760476,132875584.69966263,126992924.26124507,140730055.79648513,117887706.87154005,152738096.0809776,172765444.69275507,133681913.39001757,128491610.21736011,142837777.87777007,143636183.81090754,143053968.2167651,130836630.00529261,144551687.09176263,151076791.53300256,124382983.0344451,118459339.26294507,124461510.50857261,136270104.15759754,122086945.93720761,118172125.82251753,157593270.46457255,139614078.92637005,140206385.1725875,136567631.2260676,126628894.30938262,129447677.94560006,153862149.63286752,142388482.90243012,134506226.10851005,140420474.98345262,134811613.5894001
2021-12-13,137023936.46818507,153499514.1103502,122732384.63048506,148872481.29793257,136842080.7721925,148316236.98636508,160294424.85596254,136193495.7938375,138637508.5932376,149528972.9214126,102570846.92907004,119793590.61400504,147921281.40510756,130968723.30734503,136956877.90784258,133009893.38006009,121759831.9026376,136540146.863465,141701105.13484007,124041941.11554761,135583481.37116262,130563501.54374507,141688492.78298512,119603787.54654005,152723475.0614776,174930717.17125508,135355913.39001757,130595736.73136011,147883969.5052701,148140567.45390755,145892242.84476513,133601942.23029262,147044475.52426264,154815665.8105026,127859871.20444511,120594339.26294507,126414510.50857261,138731104.15759754,123874746.63820761,118395915.81601754,161372930.91457257,142219078.92637005,141193316.54258752,139340631.2260676,128918730.54788262,130809901.31660005,157905149.63286752,144644083.21493012,135939393.04351005,142207938.57295263,136005613.5894001
2021-12-14,138616979.32518506,152430514.1103502,122451384.63048506,147391734.36209756,137465080.7721925,150356176.78336507,160521424.85596254,138867495.7938375,139780508.5932376,148140908.1959126,102329846.92907004,119757551.27666505,148554809.53510758,131766723.30734503,140008749.24184257,131401893.38006009,123378831.9026376,134855146.863465,141487105.13484007,123892941.11554761,134604481.37116262,131393501.54374507,141664704.32098514,119825092.13854006,150043475.0614776,176180858.50025508,135415913.39001757,130267736.73136011,149300969.5052701,149483567.45390755,147328242.84476513,134046942.23029262,146801475.52426264,156090665.8105026,127964871.20444511,121090339.26294507,126212510.50857261,138251104.15759754,124900746.63820761,118261915.81601754,161853930.91457257,140875078.92637005,141967240.23208755,137741631.2260676,128194730.54788262,129851901.31660005,158026726.1301875,144040083.21493012,136132393.04351005,140034667.42295265,136047613.5894001
2021-12-15,138071979.32518506,152829194.40635017,122951384.63048506,147740762.79209754,138067080.7721925,150565176.78336507,162575424.85596254,138491495.7938375,138464722.20723763,149137148.6159126,102825846.92907004,119287435.61666505,147960809.53510758,131538846.86734504,138823119.64309257,131737851.94256009,122210831.9026376,136539146.863465,140033105.13484007,123807363.05554761,133668481.37116262,132581501.54374507,140889704.32098514,120067092.13854006,150507990.2584776,173276900.73925507,135080913.39001757,130422286.74636012,148257969.5052701,147447774.36640754,147338242.84476513,134275751.2012926,146868475.52426264,158531980.2875026,128117871.20444511,120428591.70094506,126581510.50857261,137172635.74284753,124464746.63820761,117623163.40664253,162932930.91457257,140170990.42049503,139497496.84158754,138380631.2260676,128137730.54788262,129383141.73660007,159908133.10603753,144915323.6349301,136080778.76251006,140340347.71895263,134684299.38690013
2021-12-16,143697978.73418504,153577194.40635017,124450384.63048506,149468762.79209754,138044080.7721925,157307176.78336507,168582424.85596254,141857495.7938375,141659722.20723763,152813133.6159126,104922846.92907004,120955435.61666505,150532809.53510758,134014846.86734504,142375478.8710926,133077851.94256009,124495831.9026376,137282146.863465,141692105.13484007,124167363.05554761,135982481.37116262,135684501.54374507,142605704.32098514,120796092.13854006,151503990.2584776,177882900.73925507,135532913.39001757,133156286.74636012,153506969.5052701,150275774.36640754,149214242.84476513,136248751.2012926,148430475.52426264,161999980.2875026,131542871.20444511,122345591.70094506,128765510.50857261,138812635.15184754,126553746.63820761,116639609.38414253,166412930.91457257,141996975.42049503,142907528.87158754,141533308.02806762,129339730.54788262,130356424.51660007,162411237.18103755,147462685.9644301,138522778.76251006,142045347.71895263,134808299.38690013
2021-12-17,142278978.73418504,153748194.40635017,125755384.63048506,150066762.79209754,138816080.7721925,158614176.78336507,169370424.85596254,140334495.7938375,142818722.20723763,152623133.6159126,104844846.92907004,121116435.61666505,150632809.53510758,133074846.86734504,142826478.8710926,133507851.94256009,125930831.9026376,138981146.863465,142666105.13484007,125194363.05554761,137660481.37116262,137790501.54374507,142960704.32098514,121808092.13854006,152331990.2584776,177573900.73925507,136852913.39001757,134946286.74636012,153749969.5052701,150985774.36640754,150547242.84476513,136249751.2012926,149168475.52426264,161301980.2875026,133052871.20444511,123694591.70094506,130462510.50857261,140299635.15184754,127131746.63820761,117606609.38414253,167058930.91457257,142730975.42049503,142585528.87158754,142176308.02806762,130388730.54788262,131206424.51660007,163644237.18103755,146636685.9644301,138502778.76251006,143172347.71895263,136514299.38690013
2021-12-20,142251978.73418504,153896194.40635017,125712384.63048506,148174762.79209754,137284457.64927253,159746176.78336507,171957424.85596254,138520495.7938375,145566722.20723763,151143133.6159126,104085846.92907004,121316435.61666505,148193676.6915576,133287846.86734504,144001478.8710926,133807851.94256009,127040831.9026376,139743146.863465,142058105.13484007,125665363.05554761,139896481.37116262,137700501.54374507,144976704.32098514,121134092.13854006,151369990.2584776,178599900.73925507,135768913.39001757,133990286.74636012,152670969.5052701,152467774.36640754,151771242.84476513,135323751.2012926,147879475.52426264,161877980.2875026,132651871.20444511,125204591.70094506,130341510.50857261,138931635.15184754,126121746.63820761,118169609.38414253,166898930.91457257,143973975.42049503,142218528.87158754,142334308.02806762,128659730.54788262,131504424.51660007,164339237.18103755,146832685.9644301,138221778.76251006,142448724.59603265,137586299.38690013
2021-12-21,145440978.73418504,155883187.48889017,127767384.63048506,149840505.79804754,138990809.2712725,164646176.78336507,177429424.85596254,141051327.26120248,147357722.20723763,152459133.6159126,104226846.92907004,121027435.61666505,150095668.69755757,134026846.86734504,145827478.8710926,134543851.94256008,128879831.9026376,141371146.863465,143338105.13484007,126671363.05554761,140284481.37116262,141406501.54374507,145966704.32098514,123269092.13854006,151862990.2584776,179942900.73925507,136496913.39001757,136496286.74636012,155392969.5052701,155435774.36640754,155371242.84476513,137182751.2012926,149140222.72531015,164406973.88750258,136641871.2044451,127543591.70094506,133165510.50857261,139405635.15184754,126972900.88470761,118642609.38414253,170067930.91457257,145108975.42049503,143792528.87158754,143589308.02806762,129030730.54788262,133157424.51660007,168727237.18103755,148433685.9644301,140333778.76251006,142756900.39857262,139959929.41690013
2021-12-22,148227978.73418504,155608496.0868902,129539384.63048506,149148163.40604755,137507809.2712725,167279176.78336507,182154424.85596254,143610275.6199275,147106722.20723763,152933133.6159126,104177335.02407005,121407435.61666505,150265375.15735507,134107846.86734504,147842762.38109258,134150961.11801009,130678831.9026376,141562146.863465,144022105.13484007,126227363.05554761,140686952.9696626,142882501.54374507,145419704.32098514,123229092.13854006,150838488.3371976,182401900.73925507,135703913.39001757,138668286.74636012,157129969.5052701,156071774.36640754,157321242.84476513,137303751.2012926,149317638.88781014,166917773.37950256,139558871.2044451,129535591.70094506,134366024.60864758,138433879.61234754,127642900.88470761,116939609.38414253,171840930.91457257,146102707.32870755,144604528.87158754,145445308.02806762,128318730.54788262,133928424.51660007,170659237.18103755,149051685.9644301,140891530.34384504,141962722.90257263,139357929.41690013
2021-12-23,145462978.73418504,151456672.7559302,129116584.69048506,147959273.20583755,132912315.17224002,162855176.78336507,182299424.85596254,143344327.08054748,143021345.36673763,149869133.6159126,101261601.82196504,117679501.02450505,148585094.00135508,130935304.67284504,144838762.38109258,132846943.11801009,127167831.9026376,139171154.116165,144040105.13484007,123323624.06604761,136349952.9696626,141420171.38724506,142684156.85375512,120797690.00336757,147968014.3323226,178979660.21320006,135334964.82951757,138314286.74636012,154567969.5052701,154004774.36640754,154747242.84476513,135141751.2012926,146528896.11014763,165821851.1474076,138208871.2044451,128950597.47881506,132719100.7438976,134946488.52790755,127220227.21970761,114767329.15479003,168396930.91457257,145750066.55670753,143717082.11668003,145434192.0775226,125354113.00038262,131685489.92444006,167655679.86476254,145564685.9644301,139240924.49134505,137110071.65871012,136801326.3096001
2021-12-24,143385017.68318507,152861351.57593018,128503584.69048506,149309002.65583754,132958789.10574003,161891176.78336507,177903424.85596254,142479514.30504748,142333345.36673763,149311942.2638376,101843644.35646504,117861257.51400505,149821880.60435507,130835304.67284504,144352762.38109258,133660943.11801009,126813282.50163761,138230518.699665,143490904.85484007,123334624.06604761,136113952.9696626,141082171.38724506,142557212.09875512,121804683.31986757,148168244.0823226,177488132.82070008,136675964.82951757,137823460.3770351,154728969.5052701,153630774.36640754,154745015.43476513,135278001.7817926,147379455.41214764,164527099.29940757,137323871.2044451,127918232.81381506,131104466.0273976,135446944.01290756,126799227.21970761,115327742.90829003,169407930.91457257,144544445.41520754,141894455.96568003,144237220.61802262,125946436.24788262,131647071.08444007,165582742.32776254,146276123.6589301,138306924.49134505,137873092.09471014,136562021.33860013
2021-12-27,146927768.13818505,154452351.57593018,129119584.69048506,150430002.65583754,134807789.10574,166943539.34586507,179479044.44046256,144646514.30504748,143493404.2642376,150930128.4513376,102925807.43356004,118160257.51400505,151193880.60435507,130490360.52394004,145046362.10109258,135043943.11801007,128441853.2681376,140677518.699665,144024547.64384007,123445473.3585476,136899347.58916262,145022171.38724506,143335062.07025513,122179683.31986757,150355244.0823226,178256309.83020008,137854964.82951757,142279541.23703513,157409969.5052701,155348774.36640754,156203015.43476513,138482001.7817926,149187455.41214764,165585218.63690758,139839871.2044451,129730835.18581507,133814210.6430401,136342805.86437756,127647162.1632076,115487742.90829003,171893930.91457257,147322445.41520754,144063242.79968002,147209220.61802262,126005012.42788261,132448431.90544006,165865409.79026255,149658123.6589301,139019756.37484506,138506092.09471014,139617021.33860013
2021-12-28,150061768.13818505,156496351.57593018,131431584.69048506,152950002.65583754,136182789.10574,169841539.34586507,182741044.44046256,147192514.30504748,146497404.2642376,150948128.4513376,104554003.75956005,117864257.51400505,152739880.60435507,132246913.78844005,145982362.10109258,136622943.11801007,129149853.2681376,144302518.699665,142768547.64384007,124411473.3585476,138002347.58916262,148019171.38724506,144595062.07025513,123381683.31986757,152060244.0823226,178665309.83020008,139177964.82951757,144456541.23703513,159703969.5052701,157822774.36640754,158416015.43476513,139613001.7817926,150045455.41214764,167242218.63690758,143778871.2044451,132000835.18581507,135781830.5255401,135534523.30537754,128409162.1632076,114885742.90829003,174719930.91457257,149330445.41520754,145953974.64968002,149515220.61802262,127382555.96388263,134207431.90544006,169606409.79026255,151634123.6589301,140345756.37484506,140459092.09471014,141887021.33860013
2021-12-29,148863768.13818505,155159351.57593018,131416584.69048506,153141002.65583754,135195789.10574,169641539.34586507,183616044.44046256,145115546.7558075,147905404.2642376,150419128.4513376,103621024.04128505,117002257.51400505,152438880.60435507,130891913.78844005,143358362.10109258,136401943.11801007,128699853.2681376,144265386.96811503,142220547.64384007,125071473.3585476,137955347.58916262,147882171.38724506,143223062.07025513,122287683.31986757,152441244.0823226,176180302.8832501,139675964.82951757,144351541.23703513,157099969.5052701,158821774.36640754,159945015.43476513,138370001.7817926,148650455.41214764,166504218.63690758,141897871.2044451,131736835.18581507,134270830.5255401,134656523.30537754,127544162.1632076,114371742.90829003,172690930.91457257,149516445.41520754,144969974.64968002,148862220.61802262,126492555.96388263,133210431.90544006,167769409.79026255,150081123.6589301,139097756.37484506,140191092.09471014,143134021.33860013
2021-12-30,146238768.13818505,156041351.57593018,130278584.69048506,153243002.65583754,135657789.10574,169041539.34586507,181329542.33596256,142663350.6968075,148875725.29823762,149822128.4513376,103927521.14728504,118624257.51400505,152209880.60435507,131149913.78844005,143763362.10109258,137070943.11801007,129034853.2681376,143815317.13811502,144316547.64384007,126957032.98604761,139550347.58916262,146996171.38724506,143849253.79025513,120743991.59736757,153737809.51582262,175526455.7882501,139455964.82951757,144289541.23703513,156622819.11277008,158612776.57240754,159734015.43476513,138210001.7817926,149715455.41214764,166812218.63690758,140361010.6829451,132060835.18581507,133903830.52554011,135979523.30537754,128193162.1632076,116032970.33479004,172745930.91457257,150001445.41520754,143662974.64968002,147814220.61802262,127041109.49138261,134972431.90544006,166665172.45226255,151301123.6589301,140737756.37484506,139369092.09471014,143168859.88560015
2021-12-31,146391768.13818505,155990351.57593018,129531584.69048506,153933002.65583754,136375789.10574,169103539.34586507,181558542.33596256,142394350.6968075,147768725.29823762,150639128.4513376,103786521.14728504,117891257.51400505,152370880.60435507,131387913.78844005,144868362.10109258,136734943.11801007,129147853.2681376,143881317.13811502,143314547.64384007,126459032.98604761,138331347.58916262,147028171.38724506,144864253.79025513,120434991.59736757,153754809.51582262,174764455.7882501,139889964.82951757,143797541.23703513,155739819.11277008,158387776.57240754,159233015.43476513,137772001.7817926,150347455.41214764,166514218.63690758,140305010.6829451,131615835.18581507,133534830.52554011,136009523.30537754,128160162.1632076,116929970.33479004,172697930.91457257,148804445.41520754,143539974.64968002,147027220.61802262,127349109.49138261,136934431.90544006,166579172.45226255,149759123.6589301,141568756.37484506,138591092.09471014,142937859.88560015
2022-01-04,150751768.13818505,159541351.57593018,132533584.69048506,157279002.65583754,138296789.10574,174158539.34586507,184631542.33596256,148423633.4343075,152427725.29823762,152950128.4513376,105468521.14728504,120471257.51400505,155147880.60435507,133771913.78844005,148404362.10109258,138948943.11801007,131643853.2681376,146846317.13811502,145431548.3118401,128559032.98604761,140422347.58916262,150826171.38724506,147146253.79025513,123226991.59736757,159472809.51582262,179337488.27375007,142942964.82951757,147266707.20703512,161591819.11277008,162844776.57240754,162756015.43476513,141077001.7817926,152258455.41214764,169353218.63690758,145647010.6829451,135662835.18581507,137708830.5255401,138788523.30537754,131480162.1632076,118706970.33479004,176349930.91457257,152912445.41520754,147365974.64968002,151485399.99102262,129839109.49138261,137869431.90544006,169155172.45226255,152519123.6589301,143951756.37484506,140821092.09471014,147625859.88560015
2022-01-05,153727768.13818505,160298351.57593018,133991584.69048506,159570002.65583754,137625789.10574,178727539.34586507,185144542.33596256,150979633.4343075,154434725.29823762,153691989.9271801,107277521.14728504,121659257.51400505,155235880.60435507,134442913.78844005,151179362.10109258,138644943.11801007,133394853.2681376,147973317.13811502,147211548.3118401,129452032.98604761,141978347.58916262,153318171.38724506,149299253.79025513,123647991.59736757,161014809.51582262,180342488.27375007,143125964.82951757,149302707.20703512,166311819.11277008,164767776.57240754,164452015.43476513,142814001.7817926,154059455.41214764,170965218.63690758,149757010.6829451,138196835.18581507,141886830.5255401,141504523.30537754,132647162.1632076,119614970.33479004,177344930.91457257,155075445.41520754,150038974.64968002,156207399.99102262,133636109.49138261,136801431.90544006,169658172.45226255,151447123.6589301,144932756.37484506,140950092.09471014,149847859.88560015
2022-01-06,157591768.13818505,163159390.05493018,135700950.06298506,160913191.38833755,138999789.10574,180151539.34586507,186600038.71246254,155360633.4343075,156488725.29823762,153148133.2231801,108956521.14728504,123645257.51400505,157341880.60435507,135274913.78844005,153298129.1165926,139473784.47701007,133754853.2681376,147416077.849115,147704548.3118401,129268032.98604761,143031347.58916262,154475171.38724506,150677253.79025513,127763991.59736757,163102809.51582262,183093488.27375007,143397964.82951757,149528707.20703512,169431819.11277008,165515494.77940753,167433930.66026512,144955563.57279262,154898455.41214764,171686218.63690758,151954010.6829451,139953735.38081506,144152830.5255401,141786523.30537754,133158162.1632076,119435970.33479004,179318666.63207254,156562244.14720753,153358974.64968002,159118399.99102262,137078109.49138263,138009669.36644006,172196172.45226255,152234748.6889301,143640569.51584506,143336092.09471014,150875859.88560015
2022-01-07,160966768.13818505,165212390.05493018,138581950.06298506,161841191.38833755,139347789.10574,184476539.34586507,188057038.71246254,159719633.4343075,161787725.29823762,154367133.2231801,111185521.14728504,123534257.51400505,156910880.60435507,137388913.78844005,154636129.1165926,140095784.47701007,135662853.2681376,149621077.849115,148384548.3118401,130036032.98604761,145586347.58916262,156336171.38724506,152845253.79025513,128207991.59736757,166865809.51582262,183695488.27375007,143516964.82951757,154029707.20703512,174550819.11277008,168459494.77940753,168730930.66026512,147035563.57279262,153862455.41214764,174676218.63690758,156322010.6829451,142201735.38081506,146456830.5255401,143326523.30537754,135352162.16320762,119997970.33479004,182630666.63207254,160108244.14720753,156704974.64968002,161703399.99102262,138502109.49138263,138298669.36644006,174750172.45226255,154753748.6889301,144651569.51584506,145056092.09471014,155052859.88560015
2022-01-10,156103768.13818505,161513744.1354302,134846950.06298506,156270191.38833755,136210816.38074002,177967539.34586507,183002038.71246254,156465633.4343075,155094725.29823762,149007515.5801801,107688083.45228505,120882257.51400505,154113880.60435507,136001913.78844005,152089771.0725926,135697784.47701007,133285853.2681376,144531071.762165,145253548.3118401,125565031.1370476,140586392.55104262,151273339.95974508,149323621.88275513,126842991.59736757,162154809.51582262,179830488.27375007,138432254.07401755,148767075.89953512,167727819.11277008,161289719.33965755,162240683.38376513,145189563.57279262,150853455.41214764,172625280.20190758,151090010.6829451,137846238.54819506,142142704.0185401,138984523.30537754,131672162.1632076,116109886.91929004,177342666.63207254,154447244.14720753,150323293.91218004,157205900.5240676,133500241.03988262,134272101.09494007,172060172.45226255,153747580.1252051,142647979.80034506,141612092.09471014,149721859.88560015
2022-01-11,155822127.45318505,158737744.1354302,135391986.43052256,153906191.38833755,133248002.99074003,178859598.68386507,182938052.40962255,157182572.7385075,154062584.18573764,149951515.5801801,105652098.47728506,120738935.81800504,149841880.60435507,134428372.36279005,153355803.3850926,133108081.51551008,134205821.8826376,144243050.16216502,143167548.3118401,120866994.41204761,136791201.74054262,152007339.95974508,147114493.34330514,123774991.59736757,161672809.51582262,177230488.27375007,136554650.58101755,151505675.72953513,167729346.3777701,162763402.93814504,160240683.38376513,144337563.57279262,148168604.62472764,169466279.4594076,153983010.6829451,139021397.78969505,142302788.1610401,138694810.64219004,130468540.08720762,114729051.98679005,174893512.00010255,153891244.14720753,148660293.91218004,158504077.84406763,130082576.72688262,130937101.09494007,168551829.77034253,150576241.6062051,143422979.80034506,139535409.45271015,148266665.73960012
2022-01-12,148958609.71768507,155423512.5149302,131445852.38858256,153514650.96283755,132345245.45515253,174458172.0956351,180660489.44262254,150589148.8150075,149853589.49023762,147412414.8695601,104129845.32078506,118612664.05907255,149903536.5658551,133777769.01179005,149280803.3850926,132655177.38451008,127850869.43819761,140775754.347665,143382303.48184007,121809695.27054761,133495376.92887263,149046649.47174507,144938334.16080514,120916824.39895257,160368882.09182262,177486550.08125007,136416012.17609757,147997212.84458512,162466346.3777701,156918512.71764505,156189644.58053014,141861563.57279262,148950376.54727763,166992035.33660758,150171320.9714451,134634610.25160006,139760741.8335401,137466504.94219005,129079280.69970761,113491194.77753505,171493895.41162255,150904787.39910755,142832935.86668003,155500077.84406763,127937150.87438263,130950230.53644006,169092874.34684256,145394241.6062051,140348253.10684505,134562789.17330015,147703575.44010013
2022-01-13,139878296.18068507,149107014.6214302,126646298.36608256,150779286.18333757,128603343.12765253,167761509.3896351,175212801.57672256,143707855.1790075,144393648.40723765,146245555.2660601,100485934.03328505,114081499.58407255,145547026.13635507,129385650.61529005,145800429.35509259,129777135.99021009,123028972.14507762,135184031.58016503,140522941.4738401,117476257.6185476,127999197.85137263,145180282.1284451,141380150.99830514,116106190.37425259,152936882.09182262,171705549.0326001,132405104.86009757,140758592.68458512,156227185.7277701,149752204.28564504,148071965.29803014,135349874.63329262,145259773.44027764,160626381.4041076,143342700.96194512,130015921.09060007,134600741.8335401,132274504.94219005,123664280.69970761,111332493.37361255,164588355.37176257,144974510.96860754,135990015.71218005,151293476.29622263,123135473.04798763,126844912.35644007,163565418.27184254,138940255.1693451,135990095.72434506,129234576.93182014,143805575.44010013
2022-01-14,134662449.69418508,144560091.31193018,122530615.09558257,148425164.73783755,128257964.87565252,163257964.68463507,171776145.28672254,140552944.8915075,140006369.51223764,144940329.87106013,98698032.71328506,113503305.18607256,142944644.6988551,127907223.68529004,142369752.0185926,128537135.99021009,121943361.2780776,131319029.88716501,139758355.3438401,116241762.34354761,126150197.85137263,142544884.42094508,139044304.11480513,114289629.59125258,151024163.40682262,169591162.7806001,129436657.61909758,137783104.83058512,152932023.2117701,146665855.87814504,145050596.87303013,133245300.28329262,144624188.78277767,158898396.7276076,139984254.6589451,127387078.45060007,130176008.58204012,130802648.38719006,120770892.72720763,110142419.16111255,161433222.41176257,144376358.93310755,131837112.15068005,147577708.1912226,120400922.72048762,126678937.17094007,163856439.32984257,136967042.8328451,131707949.88934505,126658123.75682014,142091139.27260014
2022-01-17,132284581.50178507,138575152.5089902,118742124.76434508,143832691.01045758,122849862.36136504,156199218.6247651,168778887.37934256,135656133.3579825,134571422.22901264,142697312.0162726,96585032.71328506,108178187.58723505,138805099.29900008,122442918.77246255,140679464.78506756,125163232.23559509,115370843.1177901,125696698.38802251,135758838.96498507,111976148.51407261,119694057.86087763,140816884.42094508,133974082.08735014,111183486.56402257,145845316.90886763,165554000.4374801,124221002.93659757,134966163.45818514,147022780.92574507,139592505.20244756,138049102.15543014,128798365.66443762,140916702.00232264,152878343.94182009,135822109.18394512,124680879.40915008,124081357.73757261,124550280.26130256,118915578.15620762,106052888.93065006,156824026.83269757,139258875.11063755,126772225.96794255,146522708.40322262,117508406.22048762,121231849.03094006,155249674.66175506,130805303.49154511,127796949.88934505,123516333.22102015,138289538.64910263
2022-01-18,132285963.14178507,135944796.90799022,117945837.06434509,142422982.00545758,120761446.10036504,153086695.6783901,168589826.09154505,134660372.29828247,130687547.02130014,142637308.49527264,95252727.77191006,106223365.91824755,137423969.2015001,121105678.19646254,137564371.20961758,124278388.2644701,114137905.9302901,125260181.86052251,134288700.7774851,110140029.58957261,117292752.63125263,140382668.9039451,129821258.40348764,111105772.02152258,143707619.42886764,164949009.30446762,122608410.34859757,133288703.52318512,144388671.02674508,137970595.79177755,135609482.05251762,127057515.38143763,140868139.53282264,150788710.57136008,132975263.88944513,121718178.14033508,120579084.17693512,122069044.90280256,117914080.65320763,104117575.91565005,154626857.73052755,137397947.16463754,126886547.84394255,142909887.56722263,112822345.12423764,120088750.15668006,152015968.38975504,130142290.51254511,126053294.34634505,122361741.07602015,137099945.24410263
2022-01-19,130815963.14178507,134541582.5479902,117569744.00434509,139970979.02545756,119599683.80036503,149908695.6783901,168178826.09154505,132879977.04131748,128500753.03630012,141319486.51830763,94463727.77191006,105924113.68324755,136379969.2015001,121181238.88396254,137184167.08461758,123415594.27947009,112774062.96832511,124423181.86052251,133968969.1774851,110247787.63957262,115165752.63125263,138862654.3689451,126766294.18098763,111097772.02152258,141963734.24886763,164033009.30446762,120882525.99859758,131112703.52318512,143989140.8817451,136206003.02652755,132789465.65251762,127011515.38143763,139941139.53282264,151259405.97636008,129842246.37444511,120752178.14033508,118812098.11443512,119759422.86530256,117376512.50320762,102768597.40618506,151229857.73052755,136763042.99463755,126288955.07869256,140478425.06722263,110871345.12423764,119800750.15668006,151502577.85975504,129331197.4525451,123784294.34634505,120772741.07602015,137517945.24410263
2022-01-20,130285372.30778506,134064726.7479902,117661791.6218451,138602089.96045756,119336537.91536504,148327533.4183901,168922826.09154505,133042087.97631748,127942119.10630013,140871301.0983076,93875335.92191006,106513520.97324756,137150969.2015001,121933238.88396254,137560898.39711758,123588738.4794701,112704581.1933251,123663150.13464752,135237969.1774851,110450395.78957263,115155664.85625263,139038654.3689451,125664259.41098763,110936658.72245258,140752548.8288676,164848819.0899676,119885636.93359758,130052304.13318512,143120053.10674506,135539034.68202758,132322391.16751763,127590659.58143762,141959139.53282264,152097405.97636008,130361357.30944511,121413907.64033508,116896439.33943512,119137599.66485256,117459623.43820763,101599530.47412504,149805633.21552753,136594955.21963754,126085099.27869256,140564151.87222263,110418133.17423764,120194337.96918006,152006577.85975504,129525197.4525451,122887471.14589505,121654737.52602015,139099945.24410263
2022-01-21,129985372.30778506,133829726.7479902,117540791.6218451,139672089.96045756,119057537.91536504,149660533.4183901,169431826.09154505,133615087.97631748,128605119.10630013,139923301.0983076,93835068.19441006,106236520.97324756,138186691.3440001,122367238.88396254,137707898.39711758,125204738.4794701,112154581.1933251,123671150.13464752,136512969.1774851,111206395.78957263,115214139.53125262,140641654.3689451,126210259.41098763,112107658.72245258,142521418.59136763,165436819.0899676,119862359.07609758,130230913.00818512,142895053.10674506,135389034.68202758,133791391.16751763,127883659.58143762,144011139.53282264,150659405.97636008,131095574.38694511,120911629.78283508,117230439.33943512,118788569.27485256,118159623.43820763,101403530.47412504,152685633.21552753,135344955.21963754,126651099.27869256,140794151.87222263,109616607.84923764,120592337.96918006,152650577.85975504,129939197.4525451,122144193.28839505,121206212.20102015,139784945.24410263
2022-01-24,129125168.59678507,130953909.6428252,115162382.68695508,136390307.20295757,115900251.85786505,146392825.7058901,167780826.09154505,131857511.44031748,127489303.62630013,137384669.5293076,92119068.19441006,103860635.85274756,137314691.3440001,119832703.78396255,135688780.93711758,124494738.4794701,107772621.60285011,121952749.51625751,133868715.63048509,108492428.42857262,113039076.31025262,137941654.3689451,124604639.75848764,110642731.77345258,141225120.42336762,164303946.58820763,117592054.69609758,128493255.43618512,139533713.3267451,133647596.43002756,130365111.42412764,123391044.43343763,139797051.80432266,147005572.09936008,127393273.82794511,119092085.64941508,115580074.12943512,116749715.16811755,116577620.34570763,99295419.12462504,151609633.21552753,132496757.50154755,123430522.74269256,138573151.87222263,107528560.98281263,119298400.91268006,151710972.96965003,127834248.90354511,120119302.86489505,120380946.24802016,136216711.10910264
2022-01-25,128966139.70928507,131200592.8128252,116108465.94695508,135059579.11083257,115713139.12836504,146928692.7383901,167841078.79154503,132457511.44031748,128980303.62630013,137409666.36680764,91636127.46941006,105360803.46224755,139076691.3440001,120994028.98796254,135875780.93711758,125885738.4794701,109620236.24735011,123195668.32625751,133925968.3304851,110891475.96607262,112153150.53282762,137641184.66644508,124684892.45848763,112490217.07345258,142590099.42336762,165273946.58820763,118746054.88109758,129409310.40868512,140082051.7032451,134408576.63002756,132531252.81862763,123329153.20551264,140429608.64932266,148168675.57436007,129043231.33927763,120187085.64941508,115628459.36943513,119155554.48111755,117429246.32970762,99405460.06862503,151916633.21552753,131852127.24154755,124279210.66794257,139108122.9847226,107228345.51031263,120009368.55268006,153200549.82815003,126894059.92698511,121064555.56489505,121695946.24802016,135859087.19710264
2022-01-26,129413139.70928507,130671113.9368252,115073947.55445507,135074049.00483257,114028381.70266505,146924988.78907758,168494078.79154503,132635395.18031749,128130515.16430013,138431377.00480762,91905127.46941006,104759872.62154755,140006691.3440001,120628943.92961255,136366417.98721758,125927738.4794701,107524318.93035011,123920372.6687575,134632911.60798508,109508519.00807261,111158149.95082761,137722440.2164451,124934599.29348764,111364501.65345258,141064654.96836764,165915946.58820763,119478251.14709759,130457368.65368512,138420319.1877451,134638359.11002755,129575576.53612763,120899513.64251265,140509557.04032266,148613114.61936006,126202782.59177762,120163786.47541508,114989064.86143513,119358336.96111755,116358700.20870763,99351679.41562504,152848739.49639004,130347483.26654756,123881078.79894257,139509122.9847226,107711588.71106263,120321723.29868007,152738821.21715006,127561707.82448511,121474477.52889505,121424950.76152016,133986713.43460263
2022-01-27,129185648.82428506,130874278.7583252,114892932.46195509,135457318.6920951,113287220.83066505,145988900.3590776,168063455.03154504,131902471.74781749,127034727.90230012,137484555.22930762,91865565.13941006,104236985.70554754,139240345.74900007,118956355.59661254,135087921.81271756,125175228.8839701,105894616.62685011,124284165.97575751,133709213.9104851,109121636.58757262,109917620.64782761,137395440.2164451,124681905.88848764,110523210.29745258,140651145.68636763,165673512.34220764,119238635.78709759,129228056.88868512,136598536.1527451,134569702.13802755,126448432.97162762,118514408.20951264,137779047.44482267,146904736.85036007,124786445.50727762,119848382.05341509,115132436.69843513,118157430.23611756,114871026.82470763,99176279.39662504,151919957.44039005,129629095.85654756,122634946.44044256,139259125.59672263,106335453.64806262,120075004.18618007,151382895.09815004,127021420.47448511,121005716.48189506,121537741.45652017,131530942.50110263
2022-01-28,128726648.82428506,130558278.7583252,114285932.46195509,135039318.6920951,112322722.23816505,145857900.3590776,167921455.03154504,130398087.92881748,128325122.11230013,136610826.20330763,90831712.41572256,105527054.73404756,138256345.74900007,118820355.59661254,133395327.86771756,123782464.3039701,105702366.48585011,122782165.97575751,131710765.05248511,109742636.58757262,109945796.26582761,136839440.2164451,125219380.29475014,110295210.29745258,140106145.68636763,165297512.34220764,118550165.19818759,128797641.04868513,137044782.0902451,134173702.13802756,126091640.60162763,118323554.51301265,136378841.13682267,147705515.73036006,124253195.36277762,119586604.19741508,114873436.69843513,118497676.14486755,115488026.82470763,98410279.39662504,151590957.44039005,129375095.85654756,121269946.44044256,138791125.59672263,106273453.64806262,120376004.18618007,153773116.78611755,127387713.26048511,122179675.26689506,121941545.14852016,132260353.72310263
2022-02-07,129794648.82428506,135634709.8283252,117802555.91853258,138226390.7460951,115447722.23816505,147106208.2459026,169436317.16254503,132956121.96881749,129523122.11230013,139056686.33130762,91838736.73822257,107998940.27404755,140176693.0695001,122036916.32616255,134535992.87871757,126561747.0839701,110206366.48585011,126508781.4552575,133728880.3334851,112813636.58757262,111539796.26582761,138158440.2164451,126648380.29475014,115636190.29445258,145409756.26436764,168183903.59120762,120001165.19818759,131069641.04868513,140399677.8392451,138330547.75552756,129047640.60162763,119092936.99050264,139279461.22932267,151148515.73036006,127309553.84277761,122427070.1869151,117032157.24093513,121258681.75686756,119507862.39870763,100844906.10162506,154560113.44689006,133551090.36404756,124214525.76294257,142373380.36172265,106361198.50406262,123752470.17568007,156795768.79111755,128829632.72298512,123180675.26689506,123649488.80227016,134471353.72310263
2022-02-08,129729255.59928507,137009955.39932522,118709674.19953258,138486263.49209508,114671722.23816505,147911857.7509026,170579972.68404505,132234540.53131749,130812511.96730012,139039085.09380764,92501548.83922257,108033940.27404755,139868022.2795001,123104916.32616255,133862531.52371757,127310586.6089701,109301366.48585011,126197017.9545075,135858880.3334851,113031636.58757262,112315003.61955261,137984380.99244508,126158942.64275014,116026190.29445258,147377335.02436763,168513120.75020763,119550346.82641259,132105797.55368513,141997447.3132451,138813578.58552757,128592640.60162763,118740270.90050264,138923578.58932266,152953515.73036006,127756024.83527762,123123772.02791509,116191981.70318514,122690967.74886756,118849184.50120762,102160906.10162506,155301992.38689005,132154578.47904757,125161062.89444257,141694605.32072264,106065426.15856262,123213295.19018006,159578768.79111755,128529775.73921011,124263766.14189506,124859677.94627015,133526353.72310263
2022-02-09,129201255.59928507,139009955.6113252,120048674.19953258,140319019.7570951,116132722.23816505,149355412.0959026,174149703.35204506,134057540.53131749,131918058.00480013,140474085.09380764,92988010.83172256,109449302.17404756,140465222.0115001,123905916.32616255,137973123.88971758,127627171.9689701,109643711.24785012,127474667.75350751,138514880.3334851,114064636.58757262,115024212.55455261,138384436.2374451,126737942.64275014,116886190.29445258,148773335.02436763,169267754.95820764,119895089.28241259,131715797.55368513,144312447.3132451,141117578.58552757,129502803.14412764,120857355.36050265,139445562.38932267,154169515.73036006,129502024.83527762,124836772.02791509,116951218.86518514,125085967.74886756,120846184.50120762,104527906.10162506,156860130.28289005,133514578.47904757,128333285.03844257,143232849.59022263,105652079.79756261,125296944.98918007,161174768.79111755,129777620.15671012,125925197.81189506,127048677.94627015,132993516.26560263
2022-02-10,129874255.59928507,141275955.6113252,120417674.19953258,141819019.7570951,118011722.23816505,151087412.0959026,175375703.35204506,136018540.53131747,133224058.00480013,141476085.09380764,94322010.83172256,110285302.17404756,142082222.0115001,124541916.32616255,140655123.88971758,128360171.9689701,110563711.24785012,128783667.75350751,141039880.3334851,114423636.58757262,115297212.55455261,140145436.2374451,127298942.64275014,119332190.29445258,151541335.02436763,170341754.95820764,120004089.28241259,133749797.55368513,144121447.3132451,142236578.58552757,130054803.14412764,121003355.36050265,141552562.38932267,154798515.73036006,129222024.83527762,125650772.02791509,119571218.86518514,125096967.74886756,122606184.50120762,104499906.10162506,158152130.28289005,135667578.47904757,129207285.03844257,144058849.59022263,106861079.79756261,125613944.98918007,160893768.79111755,131053620.15671012,126193197.81189506,128450677.94627015,133232516.26560263
2022-02-11,129657199.97528507,142331955.6113252,120937674.19953258,140982019.7570951,117743722.23816505,151942412.0959026,176750533.66504505,135036540.53131747,133842546.60930012,141060085.09380764,94397112.59922257,109895437.86404756,141783207.0115001,124420153.87616254,138459123.88971758,128780171.9689701,110540711.24785012,128107667.75350751,142302880.3334851,114385636.58757262,116144212.55455261,139488618.3574451,127245813.48725013,119784190.29445258,152704335.02436763,170045426.37520763,119818089.28241259,133843797.55368513,144170447.3132451,141580578.58552757,130339963.35062763,120441355.36050265,140415562.38932267,154723515.73036006,128682024.83527762,125959772.02791509,118816218.86518514,125272967.74886756,122457184.50120762,104658906.10162506,158620983.00789005,135072578.47904757,129634285.03844257,144205849.59022263,106840744.60556263,125630944.98918007,161580768.79111755,130288620.15671012,126429197.81189506,129469677.94627015,133276909.71160263
2022-02-14,127112199.97528507,139370955.6113252,119154674.19953258,140334594.94168758,115329722.23816505,147463412.0959026,171279533.66504505,131742540.53131749,129841546.60930012,139174085.09380764,91888112.59922257,107177437.86404756,137234207.0115001,122520153.87616254,135623123.88971758,125207171.9689701,109544711.24785012,125459667.75350751,138931880.3334851,112492636.58757262,112837212.55455261,138768694.21444508,122604813.48725013,119118765.4790451,149529335.02436763,164098146.02220762,117560352.65041259,130220797.55368513,141359447.3132451,139129578.58552757,128335963.35062763,116339355.36050265,135311562.38932267,151249515.73036006,125641024.83527762,122704772.02791509,115472218.86518514,122045967.74886756,121086184.50120762,101262906.10162506,154755983.00789005,134234578.47904757,127927285.03844257,141511849.59022263,103878851.47756262,121918944.98918007,155703768.79111755,127012620.15671012,122213197.81189506,125879677.94627015,130611909.71160263
2022-02-15,126956549.72282508,140145955.6113252,120222674.19953258,141855731.3159126,116894722.23816505,147861483.1809026,173339457.76204506,134074913.7123175,130448028.68629263,140903125.05580762,92138396.67722256,109552346.09504755,138147715.51450008,124190153.87616254,138864292.72971758,125713019.5289701,110769711.24785012,127308667.75350751,140319424.3984851,114531284.78607261,114004212.55455261,140288876.13444507,124242773.92425013,120021765.4790451,149552335.02436763,165231529.25267762,118919045.75041258,133058946.06218514,141828447.3132451,141139578.58552757,129822365.91062763,117819525.31050265,139411095.63182268,154220107.06836006,127048425.97027762,123388833.19791509,117077218.86518514,123221681.19786756,121870550.11370763,101902088.19612505,155028456.45789003,135620578.47904757,128566285.03844257,143657227.08022264,105263266.18556263,122982463.21818008,157869796.78511757,128695240.7907101,124397300.22889507,127809146.76327015,131404909.71160263
2022-02-16,126724549.72282508,144226955.6113252,121550674.19953258,143809731.3159126,118625722.23816505,149544483.1809026,175691457.76204506,134916913.7123175,131516028.68629263,143725125.05580762,92452396.67722256,110793346.09504755,140329715.51450008,125100153.87616254,141765292.72971758,125783019.5289701,111825711.24785012,128818667.75350751,140454424.3984851,115719284.78607261,116568212.55455261,141249876.13444507,127850773.92425013,120791765.4790451,149770335.02436763,166363529.25267762,119581045.75041258,134754946.06218514,143600596.7013301,142732578.58552757,131640365.91062763,121187525.31050265,139993095.63182268,154817107.06836006,129385425.97027762,125345833.19791509,118268218.86518514,125290681.19786756,124503550.11370763,103121088.19612505,156772456.45789003,137332578.47904757,129699285.03844257,146240227.08022264,107142266.18556263,125636463.21818008,162710796.78511757,129894240.7907101,125916300.22889507,131125146.76327015,133780909.71160263
2022-02-17,127014549.72282508,144497955.6113252,122571674.19953258,144352731.3159126,119023006.26066504,150081483.1809026,176257457.76204506,136101913.7123175,131900028.68629263,145471125.05580762,93111396.67722256,112406346.09504755,140970715.51450008,126520153.87616254,142645292.72971758,126679019.5289701,113273711.24785012,129587667.75350751,140984424.3984851,116716284.78607261,117385212.55455261,141682876.13444507,128540773.92425013,121724765.4790451,150067335.02436763,166841529.25267762,120029045.75041258,137036946.06218514,144000596.7013301,143387578.58552757,132471365.91062763,121416525.31050265,141390095.63182268,156281107.06836006,129943994.01527762,125799833.19791509,119240502.88768514,127008681.19786756,124578550.11370763,103657372.21862504,156816456.45789003,137743578.47904757,130146285.03844257,147772227.08022264,107737266.18556263,126039463.21818008,163572796.78511757,131187240.7907101,127130300.22889507,131265146.76327015,134627477.75660264
2022-02-18,126574549.72282508,146192955.6113252,122591674.19953258,145635731.3159126,119896006.26066504,150354483.1809026,177947457.76204506,137052913.7123175,133029028.68629263,147732125.05580762,93884396.67722256,112789346.09504755,141718715.51450008,126640153.87616254,145538292.72971758,126021019.5289701,113512711.24785012,131545667.75350751,142571424.3984851,117224284.78607261,117959212.55455261,143187876.13444507,130594773.92425013,122237765.4790451,150836335.02436763,167492529.25267762,120027045.75041258,138347946.06218514,144756596.7013301,143886578.58552757,133051365.91062763,122067525.31050265,141181095.63182268,156751107.06836006,132020994.01527762,126258833.19791509,120264502.88768514,128464681.19786756,127057550.11370763,104062372.21862504,158592456.45789003,140280578.47904757,131487285.03844257,148583227.08022264,108401266.18556263,127616463.21818008,165886796.78511757,132042240.7907101,128288300.22889507,134329146.76327017,134390477.75660264
2022-02-21,126510549.72282508,148995955.6113252,122969674.19953258,147381731.3159126,122345006.26066504,152199483.1809026,180106457.76204506,139953913.7123175,133689028.68629263,149881125.05580762,94316396.67722256,113713346.09504755,144479715.51450008,127527153.87616254,148225292.72971758,126574019.5289701,114160711.24785012,133533667.75350751,145054424.3984851,118507284.78607261,118298212.55455261,144113876.13444507,133200773.92425013,122116765.4790451,152648335.02436763,168766529.25267762,121132045.75041258,138634946.06218514,145308596.7013301,145454578.58552757,133452365.91062763,124990525.31050265,143162095.63182268,157838107.06836006,133779994.01527762,126690833.19791509,121366665.07344763,129668681.19786756,128860550.11370763,105064372.21862504,159139314.38001505,142046578.47904757,132405285.03844257,150250227.08022264,109003266.18556263,128919463.21818008,169460350.17780757,133040240.7907101,129446300.22889507,137106146.76327017,136344477.75660264
2022-02-22,128019313.99082509,145368955.6113252,121529674.19953258,145618731.3159126,120489801.14666505,149579141.2874026,177411457.76204506,139315913.7123175,132307028.68629263,146125125.05580762,93800337.85022257,111767346.09504755,144440648.8875001,127192153.87616254,145442292.72971758,127545177.2339701,112516711.24785012,132468667.75350751,144043424.3984851,116878284.78607261,115861212.55455261,143198876.13444507,129903231.80925013,120359447.29904509,151597335.02436763,167247504.05267763,120277045.75041258,135139946.06218514,143551835.8573301,143948578.58552757,131437365.91062763,122120525.31050265,142231095.63182268,156124107.06836006,131151209.75327761,124988345.5159151,119844665.07344763,127561681.19786756,126271550.11370763,104258682.41362505,157026108.86901504,140480578.47904757,130634285.03844257,147086227.08022264,107284266.18556263,126609463.21818008,167229124.75630754,132600240.7907101,128657300.22889507,134020146.76327015,136730457.95660263
2022-02-23,130053313.99082509,148622955.6113252,124274674.19953258,149922270.6519126,123317806.65816505,151872141.2874026,179783185.51354504,140758913.7123175,134977291.56479263,148160125.05580762,94668337.85022257,113585346.09504755,145590648.8875001,128707153.87616254,148712292.72971758,129650177.2339701,113608711.24785012,135369667.7535075,146368424.3984851,119532284.78607261,116748212.55455261,146873466.1004451,131482231.80925013,122830447.29904509,154659335.02436763,170831643.74867764,121783259.90041259,136694946.06218514,144758835.8573301,145922578.58552757,134011365.91062763,123726525.31050265,143486095.63182268,158062107.06836006,133596209.75327761,127675578.2659151,122371259.84844764,129280535.62136756,129186550.11370763,105500682.41362505,161557642.41701505,143904578.47904757,132436285.03844257,148620227.08022264,109305266.18556263,128053463.21818008,168921124.75630754,135060240.79071012,129755300.22889507,136858146.76327017,138090457.95660263
2022-02-24,131359313.99082509,146636955.6113252,124657755.65777257,148952270.6519126,121242876.10735506,149970141.2874026,178527185.51354504,138906398.46956748,135089291.56479263,146163125.05580762,92251337.85022257,113214346.09504755,141660483.6125001,127651153.87616254,146121046.65616757,128486177.2339701,111603711.24785012,134427667.7535075,144484424.3984851,119271284.78607261,113391169.72940262,147474466.1004451,127114231.80925013,122494447.29904509,151737335.02436763,170394643.74867764,120889717.18541259,135412946.06218514,141469889.3560701,145304578.58552757,131777365.91062763,121999525.31050265,140531923.03382266,156919107.06836006,131050209.75327761,126222698.6473851,121685259.84844764,127553535.62136756,127691550.11370763,103523682.41362505,161946191.15901506,142228578.47904757,131061285.03844257,147505227.08022264,109080266.18556263,125308544.67642006,164436124.75630754,134445240.79071012,128064300.22889507,134203146.76327015,135181457.95660263
2022-02-25,130551313.99082509,147603342.7798252,125151473.07419008,148765270.6519126,121171521.69084255,150414826.3919151,179696630.96175504,139415858.95756748,136226291.56479263,147056842.47222513,92319137.46218507,113815727.87304756,141587995.66254508,127529153.87616254,146113266.92566758,128139177.2339701,111287711.24785012,134711667.7535075,145094424.3984851,119404284.78607261,114733716.61540261,147036466.1004451,128937231.80925013,122888881.71004508,151838784.23186764,171736643.74867764,120713939.90951759,135379581.95318514,142012029.6520701,146182578.58552757,132421365.91062763,123313525.31050265,140805491.12232268,158283107.06836006,131622927.16969511,125802490.5333851,120993931.80044764,128239535.62136756,128075615.52824262,104054682.41362505,162408191.15901506,142010578.47904757,131655285.03844257,148947227.08022264,109641869.29556262,126141766.82042007,166689124.75630754,134659240.79071012,129161522.95300007,136055646.21327016,135038175.37302014
2022-02-28,130939688.12632509,148344342.7798252,127873162.90619008,149262464.5779126,120528801.86784256,151941795.3859151,180896630.96175504,138465858.95756748,138385291.56479263,146996569.42072514,92285408.83318506,112543727.87304756,141891898.2145451,128417153.87616254,145572869.81266758,129161252.1129701,110675711.24785012,135334113.6160075,146775967.2494851,119744284.78607261,116082716.61540261,146771934.0929451,129906231.80925013,122991881.71004508,152783915.05786765,172364643.74867764,120687325.74951759,134734581.95318514,144690029.6520701,148949739.20552757,133512365.91062763,124602525.31050265,139126491.12232268,157357107.06836006,133155078.46869512,127597490.5333851,122310931.80044764,128318535.62136756,128863785.14074263,105460863.75862505,167344191.15901506,143452578.47904757,133388285.03844257,150401227.08022264,111035869.29556262,126342766.82042007,168464124.75630754,135113240.79071012,129858529.36800006,137362646.21327016,135761982.86802015
2022-03-01,130368002.23482509,150836342.7798252,127910650.34305507,152218464.5779126,122150801.86784256,153151795.3859151,183359330.59675506,139884846.5425675,139839291.56479263,150665569.42072514,93318408.83318506,113772265.69554755,143134898.2145451,129766153.87616254,148690332.10066757,129401252.1129701,111078711.24785012,136765113.6160075,148299967.2494851,120675602.96607262,117918716.61540261,148252115.9354451,131189231.80925013,123802881.71004508,155122915.05786765,173100643.74867764,121658325.74951759,137110581.95318514,145820730.8910701,149203739.20552757,135302365.91062763,126062525.31050265,142395491.12232268,159009107.06836006,136133078.4686951,129286977.9702501,123089931.80044764,129772511.89886756,131146785.14074263,106975863.75862505,168635191.15901506,144769152.14154756,133815847.16544257,152492227.08022264,111759869.29556262,127692766.82042007,170219124.75630754,136039240.79071012,130970945.72050007,139253655.23827016,137159982.86802015
2022-03-02,130862473.38380009,150802342.7798252,128380527.28005508,153896464.5779126,121240285.16699006,153600795.3859151,182267330.59675506,137788846.5425675,140202291.56479263,150862569.42072514,92914408.83318506,112502024.85654756,142488898.2145451,128919625.02513754,148098332.10066757,129460615.4369701,110726219.66160011,136957113.6160075,148564967.2494851,120199564.04707262,117762225.02915262,148500115.9354451,129365231.80925013,124099881.71004508,155722876.90436766,171915643.74867764,120712926.8194176,137277905.78200012,144717343.9680701,148743739.20552757,135852365.91062763,124414525.31050265,140406491.12232268,157140909.08738005,135463078.4686951,130846225.7292501,124935931.80044764,129857511.89886756,131749785.14074263,106943863.75862505,171152191.15901506,145364152.14154756,132637206.31195506,151725227.08022264,112015869.29556262,126332125.96693256,167422124.75630754,135495240.79071012,129316945.72050007,138968655.23827016,136682982.86802015
2022-03-03,132505913.8598001,152893342.7798252,131184527.28005508,155885464.5779126,121934955.67949006,154971795.3859151,186369330.59675506,139708846.5425675,143894468.10729262,152885569.42072514,94652408.83318506,113983024.85654756,143860898.2145451,130702995.35763754,149355332.10066757,130960993.7619701,111455679.94660011,138782113.6160075,151435716.1099851,122041564.04707262,119803940.46715263,149296115.9354451,131749983.40375014,125219881.71004508,158092876.90436766,173560643.74867764,122204297.15191759,138433931.71950012,148511343.9680701,151227739.20552757,138201365.91062763,126523525.31050265,140704491.12232268,160300320.95738006,138646078.4686951,132435225.7292501,126418931.80044764,133211511.89886756,133233785.14074263,109240205.59412505,174710191.15901506,147173152.14154756,135829022.20695508,154009227.08022264,113559869.29556262,128309483.79193258,169946124.75630754,138167240.79071012,132068945.72050007,141619655.23827016,138426982.86802015
2022-03-04,130645269.28480008,154217342.7798252,130464527.28005508,156592464.5779126,123268955.67949006,155801795.3859151,187961330.59675506,141485846.5425675,143765468.10729262,153948569.42072514,95256408.83318506,114798024.85654756,144099898.2145451,129796995.35763754,151100332.10066757,130751993.7619701,112687679.94660011,138251113.6160075,150716716.1099851,122443564.04707262,120178940.46715263,149343115.9354451,132998983.40375014,125506881.71004508,157411876.90436766,173885643.74867764,122856297.15191759,138872931.71950012,148741343.9680701,150962739.20552757,138070365.91062763,128158525.31050265,143704491.12232268,159336320.95738006,138907078.4686951,133206225.7292501,126818931.80044764,133408511.89886756,133788785.14074263,108467205.59412505,173580191.15901506,146988152.14154756,135770022.20695508,153466227.08022264,114121869.29556262,129402483.79193258,170563124.75630754,139448240.79071012,132027945.72050007,143120655.23827016,139380982.86802015
2022-03-07,133848620.90680009,156270342.7798252,133276527.28005508,158158464.5779126,124032955.67949006,157862795.3859151,190697330.59675506,141153846.5425675,146011468.10729262,154177569.42072514,96456408.83318506,113653024.85654756,145760898.2145451,131407995.35763754,150955332.10066757,132385213.82096261,113161679.94660011,138999113.6160075,153243716.1099851,122585564.04707262,120537498.81314762,149215115.9354451,133401983.40375014,126141881.71004508,160249876.90436766,175184643.74867764,123734297.15191759,139545931.71950012,151558343.9680701,153063414.27095255,139110365.91062763,129075525.31050265,142284828.64131516,158386320.95738006,139779078.4686951,137527225.7292501,129629931.80044764,135953511.89886755,134671785.14074263,109312763.94012004,177706191.15901506,148597152.14154756,136367088.05713007,155337227.08022264,115592869.29556262,128909483.79193258,171615124.75630754,139936240.79071012,132049945.72050007,143948655.23827016,141873982.86802015
2022-03-08,130365735.16217509,151922443.5359402,129193158.65480508,153125464.5779126,120999955.67949006,154834795.3859151,184207330.59675506,137277846.5425675,141907468.10729262,148044388.4132251,93184733.14307007,110684024.85654756,141681167.9345451,127012846.93863754,145212332.10066757,128718000.49033761,110860699.75160012,134302113.6160075,150470716.1099851,119803339.22207262,117159498.81314762,145222778.69794512,129532983.40375014,122554881.71004508,156623876.90436766,172444643.74867764,120408439.9269176,134043931.71950014,146691343.9680701,149061794.11095256,136688839.49312764,126324525.31050265,137833104.06631517,153766320.95738006,135066160.6171951,134040225.7292501,125897931.80044764,130689511.89886756,129943785.14074263,105632829.58812004,171900562.48901504,144247152.14154756,132044197.53213006,150234227.08022264,112613869.29556262,125122291.27769259,166027971.11430755,135585009.01071012,128015048.73605007,139644655.23827016,138150946.20502013
2022-03-09,133550528.47217509,152405962.1584402,131059739.11330508,153751464.5779126,120069955.67949006,154917795.3859151,183641695.63925505,136078153.6040675,142169964.06979263,149399388.4132251,92896299.69107006,109879024.85654756,140812330.3770451,127683846.93863754,144141633.55144757,129449507.80533761,110132699.75160012,133858113.6160075,151429716.1099851,119392471.31207262,118122835.02014762,144937541.8674451,127852983.40375014,123233881.71004508,156170876.90436766,171743911.05067763,119423498.87663509,134766931.71950012,146396343.9680701,150028794.11095256,136775839.49312764,125699525.31050265,136693104.06631517,153210320.95738006,135694160.6171951,136323225.7292501,126353931.80044764,130539511.89886756,130464785.14074263,105610177.95412004,175411784.32851505,143379152.14154756,131878635.62113008,150361227.08022264,112533869.29556262,124960864.23169258,165214971.11430755,135304009.01071012,128514070.16005006,139817482.15574515,139356946.20502013
2022-03-10,132141528.47217509,152463962.1584402,130321739.11330508,153730704.9559126,119988765.13649005,154427795.3859151,184567695.63925505,136175886.1865675,142024787.77379262,149804388.4132251,92936299.69107006,110123454.28854756,140448528.8295451,127187930.33113754,144953105.01644757,128460507.80533761,109531699.75160012,134183113.6160075,151006716.1099851,118655728.84207262,119134835.02014762,145371010.8859451,129192626.72725014,121904881.71004508,155561876.90436766,171975133.86417764,119118477.6826351,134090931.71950014,146573343.9680701,150618794.11095256,135970839.49312764,126833193.78800264,136552351.24731517,153971940.96338007,135977160.6171951,135879225.7292501,126402931.80044764,130289511.89886756,131231785.14074263,105941177.95412004,175005784.32851505,143198152.14154756,133052635.62113008,149417227.08022264,112722706.71156262,125337864.23169258,167187971.11430755,134906168.7267101,129511070.16005006,141904026.99324515,139176946.20502013
2022-03-11,130091181.3173001,150890962.1584402,128181739.11330508,151118704.9559126,117545765.13649005,152599717.2309151,181334695.63925505,132466886.18656749,141332787.77379262,147576388.4132251,91687299.69107006,108122454.28854756,138075528.8295451,125175930.33113754,142195105.01644757,125468507.80533761,108234877.74660012,131765113.6160075,147276386.0049851,116126442.36107263,118454835.02014762,141829010.8859451,126226626.72725014,119348750.32204509,152047876.90436766,169062133.86417764,116883477.6826351,131809327.04950014,143112343.9680701,148785794.11095256,133940296.76062763,126750193.78800264,134101328.67969017,151952940.96338007,132484160.61719511,133553225.7292501,124951931.80044764,127753511.89886756,130096785.14074263,104022177.95412004,172844784.32851505,139994152.14154756,132136635.62113008,146089035.25922263,111230706.71156262,123208864.23169258,164294971.11430755,132719624.22613512,127663070.16005006,140483063.19774517,138331946.20502013
2022-03-14,125823685.7524076,145968906.5859402,122781496.57423759,147241268.84591258,115114166.91649005,147821025.6059151,176756684.29525506,130494546.20517999,136970450.53629264,143276816.11372513,88458863.80007006,106152472.50304756,132707528.82954511,122504702.63863754,139391231.37705258,121582170.55764762,106029983.55660011,127690113.6160075,142120062.38298512,112714820.33007263,115395835.02014762,138519773.02844512,124304078.31925014,115847423.6220451,145677876.90436766,165144204.38917762,114689380.8426351,127879413.25883764,138627358.7870701,145241814.10205257,129148866.06412764,123569613.15050264,132329571.91869017,147714852.85638005,130435647.18519512,128491356.8192501,121242998.58794764,124067657.52099505,125970785.14074263,100966177.95412004,166990220.19351506,135507655.44804758,128817199.73563008,143205613.81172264,108086022.57406262,120962826.72319257,159877345.59280756,130125018.83863512,124349634.87455007,135909063.19774517,133630946.20502013
2022-03-15,125310970.70490758,148321489.2159402,123157649.94423759,148307120.8859126,117162334.50899005,149799496.7034151,179142891.24025506,133649023.31518,138125335.06379265,145718660.5637251,89479444.41007006,107768901.55304757,133980668.1820451,125039894.40363753,140992370.16205257,123237177.96514761,108070263.58910011,129504628.23850751,142603616.6679851,114436959.11507264,117729976.96514761,139503704.65594512,126638167.43925014,117189742.61704509,147160313.23186764,169216646.59917763,117202249.4651351,129332073.92133763,139739212.5370701,146815814.10205257,130408464.83412763,126013361.38050264,134864049.02869016,148252507.17138004,131638931.95769511,128632652.3942501,121862439.73794764,124727060.56099506,128118843.97324263,101965833.48662004,168012582.99601504,137898576.29804757,131043192.58313008,145568127.06172264,109101297.39656262,123352215.17819259,161935584.45530754,132580746.65363513,126312625.28705007,137818378.46274516,133882274.78752014
2022-03-16,125442678.36490758,150022977.6209402,123738211.43423758,148658120.8859126,117544334.50899005,150145985.10841513,179540891.24025506,133241023.31518,138431896.55379266,146680660.5637251,90004444.41007006,108785901.55304757,134077668.1820451,125349894.40363753,141206370.16205257,123834177.96514761,108259263.58910011,130388628.23850751,142853616.6679851,116720959.11507264,118302976.96514761,139894704.65594512,127169167.43925014,117634742.61704509,147679313.23186764,169329646.59917763,118380249.4651351,130200073.92133763,140066212.5370701,147501375.59205258,130580464.83412763,126718361.38050264,134895049.02869016,149695507.17138004,132404931.95769511,128643213.8842501,122736074.31294765,125991060.56099506,128526843.97324263,102197833.48662004,168739582.99601504,138409576.29804757,132376192.58313008,146229127.06172264,109351297.39656262,124236215.17819259,163057584.45530754,132793746.65363513,127086625.28705007,138086378.46274516,134544982.44752014
2022-03-17,125442678.36490758,151661977.6209402,124097211.43423758,149467327.1859126,118506334.50899005,151782985.10841513,180215891.24025506,132803023.31518,139278896.55379266,149736660.5637251,91293444.41007006,108770901.55304757,135338668.1820451,126762894.40363753,141632370.16205257,124474384.26514763,108932263.58910011,130358628.23850751,143385616.6679851,118189959.11507264,119568976.96514761,140352704.65594512,128990167.43925014,119207742.61704509,149215313.23186764,168763646.59917763,119400249.4651351,131078073.92133763,141855212.5370701,147866375.59205258,132209464.83412763,127003361.38050264,135874049.02869016,150111507.17138004,133078931.95769511,129540213.8842501,123151074.31294765,127111060.56099506,129503843.97324263,102031833.48662004,169621582.99601504,138889576.29804757,132546192.58313008,148236127.06172264,109947297.39656262,124998215.17819259,165361584.45530754,134886746.65363514,127161625.28705007,139261378.46274516,136265982.44752014
2022-03-18,125442678.36490758,152326977.6209402,124258211.43423758,150418327.1859126,118986334.50899005,151849985.10841513,181486891.24025506,132923023.31518,140016896.55379266,149480660.5637251,91226444.41007006,109506901.55304757,135356668.1820451,126567894.40363753,141916370.16205257,124879384.26514763,109298263.58910011,130665628.23850751,143801616.6679851,118189959.11507264,119521976.96514761,141262704.65594512,130530167.43925014,119473742.61704509,149704313.23186764,169528646.59917763,121165249.4651351,130886073.92133763,143188212.5370701,148389375.59205258,131956464.83412763,127707361.38050264,136500049.02869016,150457507.17138004,133274931.95769511,129817213.8842501,123223074.31294765,127657060.56099506,129732843.97324263,102224833.48662004,169964582.99601504,139398576.29804757,133234192.58313008,149231127.06172264,110609297.39656262,125398215.17819259,165612584.45530754,135549746.65363514,127776625.28705007,140202378.46274516,135869982.44752014
2022-03-21,125442678.36490758,156092977.6209402,124853211.43423758,154083327.1859126,121985334.50899005,154281985.10841513,184041891.24025506,135562023.31518,142360896.55379266,154682660.5637251,92696444.41007006,111730901.55304757,137478668.1820451,129126894.40363753,144274370.16205257,126720384.26514763,111908263.58910011,133281628.23850751,144711616.6679851,121183959.11507264,122290474.62014762,143980704.65594512,134319332.33925015,122171742.61704509,152104313.23186764,171606646.59917763,125103249.4651351,134375073.92133763,145999212.5370701,150248375.59205258,134503464.83412763,129207361.38050264,139429049.02869016,154360507.17138004,136487931.95769513,131493213.8842501,124817074.31294765,129648060.56099506,132374843.97324263,103162833.48662004,171879582.99601504,141336576.29804757,135994192.58313006,152478127.06172264,111851297.39656262,128043215.17819259,168897584.45530754,138330746.65363514,129903625.28705007,143385378.46274516,138319982.44752014
2022-03-22,125257166.76640758,155998584.3959402,125393976.30223759,154911327.1859126,122415417.76899005,153628859.0454151,184715765.17725506,136890303.69518,142093201.34879267,155647259.93572512,93459020.96407007,111604901.55304757,138807779.0600451,129784653.06863753,145484410.39805257,127433365.66514762,112328118.51110011,134480628.2385075,145535047.1379851,121812696.96507263,121334416.59614763,144641135.1259451,134171569.49225014,121954478.66704509,152797294.63186765,171212286.79817763,125345249.4651351,134554073.92133763,146030790.69707012,150550356.99205256,136620498.66412765,129190913.72250265,140356353.82369018,154639507.17138004,138181086.6626951,132304716.89775011,126258074.31294765,130852060.56099506,132419414.52724263,103494079.84262004,170754445.12701505,142800006.76804757,135997192.58313006,151802726.43372265,111836331.22656262,127417672.46319258,169427585.47030756,138829616.18763512,131250232.06205007,144279418.69874516,139539292.84552014
2022-03-23,125275166.76640758,156319373.98344022,125134433.58723758,156045327.1859126,123237664.22649005,154324586.09541512,186908657.52925506,136402524.03918,142914688.15329266,155245382.82272512,93478128.83307007,111548901.55304757,138777666.7045451,129363764.54663754,144719264.92305258,128271719.68714762,112189466.82860011,134080628.23850751,145975627.09798512,121253696.96507263,121409937.01864761,145030241.0009451,133917288.83475015,123054181.69904509,153672032.88786763,170053312.22817764,125740249.4651351,133827073.92133763,147148519.54707012,151320134.67205256,137120865.89512762,128341768.04450265,140233856.73569018,154968507.17138004,137916408.2666951,132652847.78775011,125576074.31294765,130368060.56099506,133132715.51924263,103990055.43662003,170864159.56801504,141462011.38304758,135629192.58313006,153136324.00572264,111829266.19656262,127311672.46319258,168750207.25430757,138623627.00563514,130361489.82705007,145360034.77824515,139288173.58552015
2022-03-24,125449166.76640758,158041603.73344022,125019441.20223758,155685327.1859126,124372148.92649005,154160039.3744151,187625657.52925506,137670101.92976,144458043.57829267,157278382.82272512,93615635.34507006,112130901.55304757,139498974.6010451,129781764.54663754,145552474.06105256,128295732.90514761,112957466.82860011,134388628.2385075,146886307.11798513,122687696.96507263,121421585.73368761,144479129.3469451,134136195.78975014,124353476.98654509,153122375.80536765,170484291.82817763,127516249.4651351,134347073.92133763,147989827.4435701,152693093.06005257,138199865.89512762,129807750.64450264,140678337.23569018,156461507.17138004,138139408.2666951,132719139.3737501,125796074.31294765,130771060.56099506,134321387.93324262,104353055.43662003,171891611.45301503,142496892.72304758,137756192.58313006,155159466.80322263,112580276.21156262,129428672.46319258,168772523.45830756,140581481.92763513,129869025.58013007,145265285.74024516,141202173.58552015
2022-03-25,125542364.49540758,159018983.5734402,124951882.28723758,155172872.2264126,123253698.88149007,154364595.3344151,186461343.45675507,137162296.55726,143818913.71229267,156913382.82272512,93941635.34507006,111872145.50904757,138954367.0850451,129719764.54663754,145073204.11105257,128292371.71014762,112814477.35510011,134558150.5625075,145751141.84298512,124116696.96507263,121924955.96468762,143253871.4149451,133790195.78975014,124946396.44904509,153370843.51136765,170509291.82817763,126786671.1291351,134663605.65133762,147987827.4435701,152963290.78905255,138017865.89512762,130201750.64450264,139598546.37369016,157080484.97138005,137281408.2666951,132807157.2067501,125908482.16794765,131069421.58899505,133519849.02124263,103944236.76262003,171555426.15701506,142580892.72304758,137366653.67113006,154312466.80322263,112893711.48156261,129219672.46319258,169360219.29030755,139901481.92763513,129710406.62013006,144295285.74024516,141521173.58552015
2022-03-28,125815119.46790758,152945983.5734402,122377901.20973758,151716984.4329126,118146732.14449006,148011125.2457701,179675990.38236007,131895296.55726,140207412.53479266,153515382.82272512,91866352.94636507,109462182.95704755,134823367.0850451,125563675.48636253,141803204.11105257,126341371.71014762,109317477.35510011,131923064.6340075,140907141.84298512,121119696.96507263,119522955.96468762,138584344.5093201,128759195.78975014,121858376.9457326,148559285.06400514,165320669.51217765,121835223.4711351,131870173.32483764,143197827.4435701,150492290.78905255,136234061.65374264,126539750.64450264,136523546.37369016,154639084.55538005,133609408.26669511,130304743.3697501,125189258.96144766,128697271.12899505,129237665.86623263,101352236.76262003,167124937.64213005,140157892.72304758,134488768.95213008,147931466.80322263,110779066.50956261,126006672.46319258,164168219.29030755,138095481.92763513,125947406.62013006,139271387.80311266,138139875.37519014
2022-03-29,125868191.52190758,153386273.6054402,123651820.80423759,155390891.2429126,119733045.60749006,146983590.45027012,183820306.60736006,133640296.55726,141910412.53479266,153907382.82272512,92010647.23686507,111299801.21554756,135737367.0850451,126119073.93536253,143554204.11105257,127263371.71014762,109630477.35510011,133908064.6340075,141604549.5729851,121886607.34757262,119936310.35668762,141207847.4213201,129068195.78975014,121730022.00073259,148361607.51400515,165934898.85167766,125450841.07663509,134357173.32483765,144319366.0690701,151514311.30405256,137838744.07374263,126734750.64450264,138806546.37369016,155542691.18538004,136356388.2966951,131268529.27725011,126264650.60744765,129436271.12899505,130895111.68273263,103056095.65462004,168838022.17213005,142035892.72304758,137770768.95213008,151888466.80322263,110953066.50956261,127872672.46319258,163571219.29030755,139166011.37763515,126998406.62013006,140814566.72011265,138499930.66219014
2022-03-30,123454875.14169258,148411273.6054402,122219820.80423759,151119891.2429126,115422220.31039006,143218590.45027012,180282306.60736006,129019296.55726,137689412.53479266,149013382.82272512,89636647.23686507,109288801.21554756,132048770.12355259,122910073.93536253,139744204.11105257,123704371.71014762,107009849.1523226,132051064.6340075,138094797.3305351,118097607.34757262,115264310.35668762,137661592.0168151,125054195.78975014,118537919.54973258,144213507.46300516,162743435.18767765,121042841.07663509,129911173.32483764,140506366.0690701,148451994.92383757,134665744.07374263,123101750.64450264,135417546.37369016,151419691.18538004,132398388.29669511,127808529.27725011,122237650.60744765,126449747.59149505,127731009.23173262,100548095.65462004,166001022.17213005,138701096.5430976,134318768.95213008,145792466.80322263,108874066.50956261,124911672.46319258,159347219.29030755,137386011.37763515,124086406.62013006,136261566.72011265,135761930.66219014
2022-03-31,122492481.80760258,146363997.0429402,121908329.84847508,149651203.9048451,114481559.01712756,141098277.1252701,178694306.60736006,128093437.90726,134912274.68749267,145628871.92772514,87885647.23686507,108285801.21554756,131065770.12355259,122254874.55036253,137510204.11105257,122738918.43264762,106232849.1523226,132783064.6340075,137667797.3305351,115734712.16757263,113226974.30441761,135967587.75329512,122176195.78975014,116739919.54973258,142299479.06800514,160355435.18767765,119813417.0140651,128607173.32483764,139145366.0690701,147707994.92383757,133140744.07374263,121320277.85950264,132537546.37369017,150578184.19001505,129950714.3666951,124975317.71064511,120936650.60744765,125087747.59149505,126982009.23173262,100544008.73462003,165312252.10951754,138265096.5430976,133728766.33463007,143606642.58322263,108449066.50956261,124692786.40319258,156269371.21030757,136329125.31763515,123272351.60885507,135433821.07491767,134043072.01219016
2022-04-01,122319996.4051026,147243094.86794022,123059913.02347508,151720938.40484512,117249559.01712756,140737312.13720512,179715106.02986005,130356970.04476,133750112.86749266,145310828.53022513,88377817.78436507,110406801.21554756,131886408.6885526,122146999.21536253,139770736.24855256,124140087.76264761,106603381.28982261,134959064.6340075,138920031.61053512,116497542.16257264,113579836.86441761,137440612.13691512,122907580.69475015,117524366.6260126,141630452.47889513,161668742.87955764,119953102.7815651,130071931.11483765,140082336.2740701,149267164.25383756,134535131.67374265,121463130.49700265,134855162.3761902,150577418.47001505,132156864.9916951,126044883.6306451,121757868.20244765,123872242.01261505,129657009.23173262,101612402.55212003,166843764.48767754,140210096.5430976,135177211.0346301,144814749.60572264,109584387.00956261,127131786.40319258,156446927.07780755,137029125.31763515,124686883.74635507,137840971.69991767,134465008.43469015
2022-04-04,121539785.0881026,147365261.37894022,123817701.7064751,149959339.5583451,118241004.89312756,141753045.58420512,182211106.02986005,130404970.04476,133921243.33499266,145191284.61522514,89547934.66236508,110052801.21554756,132075895.3915526,122353346.23136254,139738656.2095526,125436087.76264761,107453468.14982261,134860064.6340075,140009008.70903513,117277326.44257264,113286923.72441761,137216791.85691512,123727187.46975015,118004366.6260126,143263335.12039512,163571742.87955764,118971518.0395651,129403442.02983764,139250629.16157013,151420462.24583757,133920711.63374265,122958130.49700265,134558328.88719016,149616398.63501507,132305083.43419512,126710883.6306451,119812925.24744765,122952100.03611505,129817291.05173263,102236402.55212003,166932249.49217755,140852901.0380976,134998761.92713007,145844515.97822264,109775387.00956261,128212327.53919259,158162091.29030755,138521125.31763515,124963173.72635508,138878576.67491767,133266819.13269016
2022-04-05,121694064.5726026,147235643.33244023,123174515.4044751,150358567.4068451,118106013.70812756,141430124.05320513,182613178.28686005,130868469.66126001,134824864.84149265,145127202.80322513,88772282.87836507,110582801.21554756,131562613.04455261,122328321.44636254,139602656.2095526,124513033.66114761,107592419.33782262,134359064.6340075,140005452.2865351,117932106.32857263,113588706.21341762,136436445.7390151,123652889.30175014,117743950.7950126,143201776.82339513,165701343.65455765,120670868.8675651,130575073.21983765,139391609.9615701,151662742.02583754,134000711.63374265,124688625.30450264,135629364.41569018,149197462.09501505,131511714.62419511,125955792.5976451,119916169.20344765,122891510.10611506,130041922.24173263,102798718.75612004,166267006.17217755,142814901.0380976,135514390.12613007,146692331.99272263,109718406.32906263,128448327.53919259,157306733.50130755,139211735.89563516,124951216.32895507,138712808.22491765,133311863.07019016
2022-04-06,121112432.6891001,146657643.33244023,122848896.57947509,148033302.66884512,116433013.70812756,140981885.49521512,179986670.99886006,129821469.66126001,133498091.38849266,144772202.80322513,87735282.87836507,108075325.49040006,130623613.04455261,121377321.44636254,138738656.2095526,123342033.66114761,106639419.33782262,133474064.6340075,138807452.2865351,116475106.32857263,110826226.10053262,135301080.7410151,121682889.30175014,116394109.10001259,143277776.82339513,164754580.44455767,118552868.8675651,128916073.21983765,137494460.7067576,150215742.02583754,132393404.65714264,123741851.85150264,135056364.41569018,145892462.09501505,131016714.62419511,125620947.9551451,118249954.16430517,120885566.65461506,129272922.24173263,102235854.44612004,163030872.65070254,141267901.0380976,133331671.20299508,144264331.99272263,109452406.32906263,126743085.58919258,158172733.50130755,138859735.89563516,124069777.07865508,137478808.22491765,131054877.08869515
2022-04-07,120401876.1651001,144866643.33244023,121689482.33647509,144965819.95834512,114443353.91662756,138865365.99521512,176619340.36794007,127876477.85026,131002561.18769266,142466657.11072513,86924631.36236507,106033223.74385005,128169910.0676651,120125319.28700253,136586685.0011176,122213033.66114761,104764771.68722261,132428064.6340075,136929691.59197262,115294106.32857263,108819329.9059326,133600075.91851512,119174700.15375015,115084109.10001259,141539776.82339513,162893580.44455767,115610904.7857851,125831255.75056265,136525016.6487576,148034742.02583754,129973483.01564264,121021851.85150264,132868364.41569017,142193462.09501505,129222907.07496512,124121896.55069011,116379730.31889516,118733295.41451505,126868922.24173263,100253456.58037004,160133706.56370255,139501901.0380976,131144729.24499509,141460939.12272263,107499689.25906262,123819679.85669258,156159733.50130755,138140735.89563516,121674032.84065507,134727440.29541767,129359340.45630264
2022-04-08,120330876.1651001,142705643.33244023,119188482.33647509,141142292.6429226,112547056.29162756,136591365.99521512,174152379.09944004,126098477.85026,129365561.18769266,138701682.51074514,84146543.15784508,104027243.74385005,125123600.9401601,118505845.12476504,134488105.58111757,118024903.78562261,103204812.7847026,129899627.4715075,135773923.59197262,112966147.42605263,106523878.10593262,131161625.23231512,116003075.09453015,112669336.18533759,137791411.53646013,160382580.44455767,114235467.6232851,123697079.84191266,134321283.7807576,145419859.69203755,127457538.32564265,119756832.59849015,130905590.79319018,139792390.95005506,126362480.18297511,120724349.94724011,115381730.31889516,116144295.41451505,125538717.10808262,98259456.58037004,159168104.16370255,137110901.0380976,129827179.51499508,138768336.72272265,105752053.74906263,121278679.85669258,152321223.51958758,134717735.89563516,119863746.53324509,132445860.87541765,125938340.45630264
2022-04-12,119767876.1651001,138544643.33244023,117308768.05221258,138022045.5629226,109762575.10775506,133641109.59833011,172215490.10132504,122930606.35026,125643260.89488015,135341331.17957014,82031683.73148507,102355838.15211257,121649831.7334001,116950428.66987753,130152389.59186758,117169289.10018761,102369791.38470261,127391624.3294675,132928745.88401511,110074254.33847764,106097192.50790761,126961409.96854761,115060622.77644265,110265098.6251826,135010331.53716013,156494465.14573264,111316523.6054751,121323353.81287515,131431034.00575761,143628014.09005755,124535558.68814264,116674243.28137514,127359590.79319018,137479060.70940506,122276704.61797512,119189127.0788701,112282565.59889516,114502186.18543006,124431717.10808262,96421054.55724755,156749782.91440254,133993424.21087258,126450508.00804257,135994310.98629016,104427475.30815262,120140225.37958008,148378271.12743506,132194088.37500514,117039952.05901508,129030573.22402516,122714979.91932765
2022-04-13,120057040.6016401,139781946.80744022,118079768.05221258,138980117.63292262,110269405.56775507,133886885.18583012,172872933.53132504,123829776.13547751,126055310.19488016,135671808.02957016,82073386.09834507,102614256.89211257,122013568.20090011,117925605.79737754,131431941.59936757,118078741.39018762,103060314.34970261,128497766.5344675,134374776.76401514,110724389.15847765,106749442.48790762,126394719.18622762,115795622.77644265,110594920.08929761,135630163.73216015,159230281.02073264,111810877.7829751,121409026.10787515,132432062.55325761,145585014.09005755,124673442.59654514,118753935.11137514,127820536.64319018,138453554.76190504,122533039.46797512,119410804.63387011,113031082.63689518,114727646.32543007,125455067.03808263,96905929.13724755,158103782.91440254,135660341.1508726,128545502.74804258,136229773.56129014,104843157.26815262,121720070.86708009,149930065.18743506,133072862.15000513,118155798.01074508,130469470.86152516,123065752.00932765
2022-04-14,119746040.6016401,139460946.80744022,117480169.36561757,138299117.63292262,109840405.56775507,133644885.18583012,172778933.53132504,123301776.13547751,125916310.19488016,135347808.02957016,81985386.09834507,102424256.89211257,121808568.20090011,118415605.79737754,130870941.59936757,118759741.39018762,102636314.34970261,128219766.5344675,133672776.76401512,110458389.15847765,106359442.48790762,126229719.18622762,115222622.77644265,110571920.08929761,135197163.73216015,158104281.02073264,111595877.7829751,121290026.10787515,131864062.55325761,144926014.09005755,124273442.59654514,117954935.11137514,127282536.64319018,138206554.76190504,122533039.46797512,119268804.63387011,112380082.63689518,114467646.32543007,125250067.03808263,96878929.13724755,157482782.91440254,134916341.1508726,127754502.74804258,135941773.56129014,104809157.26815262,120890070.86708009,149582065.18743506,132855862.15000513,117726798.01074508,130040470.86152516,122556752.00932765
2022-04-15,119586040.6016401,138244946.80744022,116793169.36561757,137198519.07940263,109182405.56775507,132941885.18583012,172231933.53132504,122078729.08023252,125560310.19488016,134748808.02957016,81721386.09834507,102460256.89211257,121278568.20090011,117470605.79737754,129928941.59936757,118405741.39018762,102216314.34970261,127653766.5344675,132528178.21049513,110250389.15847765,105971143.21114762,125847719.52631763,114645289.72651765,110028920.08929761,134807021.29458514,156917057.49073267,111500877.7829751,121221026.10787515,131079062.55325761,144548790.56005755,123837300.15897015,117131935.11137514,126380653.98095268,138169554.76190504,122768039.46797512,118575710.52338012,112295082.63689518,113907646.32543007,124868067.03808263,96431243.67470255,156779782.91440254,134577341.1508726,127091502.74804258,135617773.56129014,104457157.26815262,120187070.86708009,148683065.18743506,132356862.15000513,117180798.01074508,129494470.86152516,121914609.57175265
2022-04-18,118652607.1174201,136470648.37688023,115838143.35311759,136319854.7076826,108284216.12121508,132220560.26534012,170136933.53132504,119012135.04773252,125271131.76988016,133843808.02957015,81665712.73834507,101606256.89211257,121217081.39272511,117497821.08737755,128957431.55936758,118550741.39018762,101205135.92470261,125964552.0194675,131770988.76395513,109419389.15847765,105177273.42114761,125667719.52631763,112715289.72651765,109948579.01679762,134623700.11958516,152675057.49073267,110550877.7829751,120816940.74135016,129878464.52468762,142890790.56005755,123657300.15897015,114139935.11137514,126063362.78095268,137229554.76190504,122183039.46797512,118432547.87588012,110967714.82814518,113809861.61543007,123199904.39058264,95753243.67470255,154219337.46054757,131019341.15087257,125121870.21804258,134213645.51150264,103187157.26815262,117696892.4420801,147249235.96687508,129491862.15000513,116292798.01074508,128606470.86152516,121877431.14675266
2022-04-19,118653767.30242011,136056342.61688024,114966675.49061759,136319854.7076826,108313646.98621508,132221720.45034012,170033110.60632506,117695185.95089251,125325131.76988016,133364664.57957014,81665712.73834507,101550988.10211256,121217081.39272511,118017821.08737755,127820431.55936758,118793741.39018762,100451135.92470261,124549534.47946751,131765833.75895514,108824921.29597765,105102004.63114762,125562719.52631763,111620992.10151765,109458579.01679762,134643700.11958516,151428320.11073264,110456791.79547511,120469940.74135016,129856337.13718762,141417635.55505756,123552300.15897015,112513378.41137514,125717522.96595268,136363285.97190505,121428039.46797512,118085547.87588012,110293714.82814518,113809861.61543007,121288904.39058264,95807841.97970256,152507337.46054757,128506196.22337258,122599870.21804258,134167688.36150265,103130486.78315264,116938318.74708009,146896221.79437506,128564542.63250515,116182643.00574508,128496315.85652517,121877431.14675266
2022-04-20,117909400.29242012,135528054.85688022,114565378.5226176,135467848.0151826,108313646.98621508,132188805.71334012,170269937.11632505,117501933.5708925,124756163.13087267,133471217.62307015,81710490.40934508,101192863.03611256,120582776.32022512,117097821.08737755,127038614.20436758,118200741.39018762,99738005.65270261,123738747.58396752,131781924.62495513,107286035.44197765,105170460.51314762,125161453.77631763,110257251.66651765,108316838.58179761,134689265.67058516,149376540.23873264,110546347.13747512,120449024.00135016,129284818.23718762,139421279.95405757,123480934.75097016,111107107.51437514,126248785.13395268,134284821.50490505,121113121.99597514,117481690.57188012,110228258.33614519,113840238.64943007,120335956.79908264,94955920.08044256,150356543.30254754,126582420.73687258,120079441.98004258,133315681.66900265,103084822.99015264,115729407.6100801,146588851.18437505,126471057.62361515,115681002.03074509,128283961.85752517,121812854.01075266
2022-04-21,118153400.29242012,135643054.85688022,113308382.82261759,136527848.0151826,108313646.98621508,131276805.71334012,170245937.11632505,117541933.5708925,124635163.13087267,132458217.62307015,81663490.40934508,101278863.03611256,120582776.32022512,117222821.08737755,126198614.20436758,118376741.39018762,98256341.3408326,122961952.74396752,131997924.62495513,107790039.74197765,105814460.51314762,124191453.77631763,109110421.28151764,107780842.88179761,134234303.85167015,148160540.23873264,110452347.13747512,120520024.00135016,128350818.23718762,137276793.12655756,123386934.75097016,110311415.52687514,125343785.13395268,132876227.52490506,120315121.99597514,116768690.57188012,109460258.33614519,113670238.64943007,120148403.20908263,94730920.08044256,148671172.08554006,125070795.51187257,118737768.17547257,134375681.66900265,103037822.99015264,115305715.6225801,145569851.18437505,125516638.02174515,115411002.03074509,128409961.85752517,121668854.01075266
2022-04-22,117404652.56077012,134924307.12523022,114010382.82261759,136142848.0151826,108313646.98621508,130454440.74823512,170620937.11632505,117656933.5708925,124719163.13087267,132777217.62307015,81653490.40934508,101294863.03611256,120252776.32022512,116292821.08737755,125740841.20436758,117456741.39018762,98183068.5249526,122931189.38146752,131997924.62495513,107482039.74197765,105594460.51314762,123799212.91381763,109218421.28151764,107888842.88179761,134183303.85167015,147066026.90873265,110432347.13747512,120590024.00135016,127873045.23718762,137582793.12655756,123366934.75097016,110347415.52687514,125853785.13395268,132978582.16990507,119916121.99597514,116899239.91188012,109368153.52931519,113636238.64943007,119859639.84658264,95189920.08044256,148503014.87529504,125228032.14937258,118415889.66521508,133990681.66900265,103107822.99015264,114951715.6225801,146249851.18437505,125560638.02174515,115100238.66824509,128577961.85752517,122004854.01075266
2022-04-25,117404652.56077012,134157934.69754522,113481382.82261759,135562848.0151826,108313646.98621508,130454440.74823512,169894937.11632505,116991767.8562175,124635163.13087267,131559217.62307015,81494784.66806008,100461436.85310756,119514248.00951262,115666701.65812755,125740841.20436758,116293931.99018762,98183068.5249526,122613777.89889753,131169924.62495513,107018039.74197765,104902460.51314762,123799212.91381763,108890184.27224264,107560605.8725226,133665237.77058515,147066026.90873265,110114935.65490511,119125024.00135016,127705903.76918262,137060793.12655756,123049523.26840016,109609415.52687514,125495412.70626767,132978582.16990507,119223121.99597514,116174239.91188012,109218190.33984019,113290861.26204006,118670639.84658264,94943920.08044256,148503014.87529504,124360032.14937258,118415889.66521508,133410681.66900265,102922822.99015264,114231715.6225801,144634851.18437505,124746638.02174515,114428849.2948701,127709961.85752517,121200854.01075266
2022-04-26,117404652.56077012,134157934.69754522,114294864.2851176,136047848.0151826,108313646.98621508,130454440.74823512,170068937.11632505,116991767.8562175,124719163.13087267,132217699.08557016,81494784.66806008,100097211.17310756,119514248.00951262,115666701.65812755,125740841.20436758,116323413.45268762,98183068.5249526,122613777.89889753,131079450.98495513,107406039.74197765,105546460.51314762,123799212.91381763,108890184.27224264,107560605.8725226,133665237.77058515,147066026.90873265,110114935.65490511,118749810.26385017,127705903.76918262,137726793.12655756,123049523.26840016,109186028.39187513,125679412.70626767,132978582.16990507,119895121.99597514,116203721.37438013,109218190.33984019,113290861.26204006,119088121.30908264,95198920.08044256,148503014.87529504,124173076.70937258,118415889.66521508,133895681.66900265,102808190.40780765,113641797.4375801,145464332.64687508,124301473.30174515,114428849.2948701,127523006.41752517,121776854.01075266
2022-04-27,117404652.56077012,134157934.69754522,114294864.2851176,137302848.0151826,108313646.98621508,130454440.74823512,169894937.11632505,116991767.8562175,124747163.13087267,132489699.08557016,81494784.66806008,100097211.17310756,119514248.00951262,115666701.65812755,125740841.20436758,116323413.45268762,98183068.5249526,122613777.89889753,131079450.98495513,108410039.74197765,105454460.51314762,123799212.91381763,108890184.27224264,107560605.8725226,133665237.77058515,147066026.90873265,110114935.65490511,118749810.26385017,127705903.76918262,138014793.12655756,123049523.26840016,109186028.39187513,125943412.70626767,132978582.16990507,120609121.99597514,116203721.37438013,109218190.33984019,113290861.26204006,120092121.30908264,95465920.08044256,148503014.87529504,124173076.70937258,118415889.66521508,135150681.66900265,102808190.40780765,113641797.4375801,146254332.64687508,124301473.30174515,114428849.2948701,127523006.41752517,122040854.01075266
2022-04-28,117404652.56077012,134157934.69754522,114294864.2851176,137977848.0151826,108313646.98621508,130454440.74823512,169894937.11632505,116991767.8562175,124784163.13087267,132336699.08557016,81494784.66806008,100097211.17310756,119514248.00951262,115666701.65812755,125740841.20436758,116323413.45268762,98183068.5249526,122613777.89889753,131079450.98495513,108950039.74197765,105202460.51314762,123799212.91381763,108890184.27224264,107560605.8725226,133665237.77058515,147066026.90873265,110114935.65490511,118749810.26385017,127705903.76918262,137852793.12655756,123049523.26840016,109186028.39187513,125383412.70626767,132978582.16990507,121050121.99597514,116203721.37438013,109218190.33984019,113290861.26204006,120632121.30908264,95405920.08044256,148503014.87529504,124173076.70937258,118415889.66521508,135825681.66900265,102808190.40780765,113641797.4375801,145934332.64687508,124301473.30174515,114428849.2948701,127523006.41752517,121884854.01075266
2022-04-29,117404652.56077012,134157934.69754522,114294864.2851176,138022848.0151826,108313646.98621508,130454440.74823512,169918937.11632505,116991767.8562175,124812163.13087267,132438699.08557016,81494784.66806008,100097211.17310756,119514248.00951262,115666701.65812755,125740841.20436758,116323413.45268762,98183068.5249526,122613777.89889753,131079450.98495513,108986039.74197765,105390460.51314762,123799212.91381763,108890184.27224264,107560605.8725226,133665237.77058515,147066026.90873265,110114935.65490511,118749810.26385017,127705903.76918262,137960793.12655756,123049523.26840016,109186028.39187513,125607412.70626767,132978582.16990507,121848121.99597514,116203721.37438013,109218190.33984019,113290861.26204006,120668121.30908264,95588920.08044256,148503014.87529504,124173076.70937258,118415889.66521508,135870681.66900265,102808190.40780765,113641797.4375801,146724332.64687508,124301473.30174515,114428849.2948701,127523006.41752517,122184854.01075266
2022-05-04,117404652.56077012,134157934.69754522,116254864.2851176,137397848.0151826,108313646.98621508,130454440.74823512,169768937.11632505,116991767.8562175,124672163.13087267,132115699.08557016,81494784.66806008,100097211.17310756,119514248.00951262,115666701.65812755,125740841.20436758,116323413.45268762,98183068.5249526,122613777.89889753,131079450.98495513,108486039.74197765,105078460.51314762,123799212.91381763,108890184.27224264,107560605.8725226,133665237.77058515,147066026.90873265,110114935.65490511,118749810.26385017,127705903.76918262,137618793.12655756,123049523.26840016,109186028.39187513,125239412.70626767,132978582.16990507,122121121.99597514,116203721.37438013,109218190.33984019,113290861.26204006,120168121.30908264,95198920.08044256,148503014.87529504,124173076.70937258,118415889.66521508,135245681.66900265,102808190.40780765,113641797.4375801,146164332.64687508,124301473.30174515,114428849.2948701,127523006.41752517,121812854.01075266
2022-05-05,117404652.56077012,134157934.69754522,116758864.2851176,137107848.0151826,108313646.98621508,130454440.74823512,169768937.11632505,116991767.8562175,124737163.13087267,131860699.08557016,81494784.66806008,100097211.17310756,119514248.00951262,115666701.65812755,125740841.20436758,116323413.45268762,98183068.5249526,122613777.89889753,131079450.98495513,108254039.74197765,104762460.51314762,123799212.91381763,108890184.27224264,107560605.8725226,133665237.77058515,147066026.90873265,110114935.65490511,118749810.26385017,127705903.76918262,137348793.12655756,123049523.26840016,109186028.39187513,125239412.70626767,132978582.16990507,121533121.99597514,116203721.37438013,109218190.33984019,113290861.26204006,119936121.30908264,95261920.08044256,148503014.87529504,124173076.70937258,118415889.66521508,134955681.66900265,102808190.40780765,113641797.4375801,145604332.64687508,124301473.30174515,114428849.2948701,127523006.41752517,121704854.01075266
2022-05-06,117404652.56077012,134157934.69754522,115750864.2851176,135757848.0151826,108313646.98621508,130454440.74823512,169642937.11632505,116991767.8562175,124700163.13087267,131758699.08557016,81494784.66806008,100097211.17310756,119514248.00951262,115666701.65812755,125740841.20436758,116323413.45268762,98183068.5249526,122613777.89889753,131079450.98495513,107174039.74197765,104134460.51314762,123799212.91381763,108890184.27224264,107560605.8725226,133665237.77058515,147066026.90873265,110114935.65490511,118749810.26385017,127705903.76918262,137240793.12655756,123049523.26840016,109186028.39187513,124647412.70626767,132978582.16990507,121197121.99597514,116203721.37438013,109218190.33984019,113290861.26204006,118856121.30908264,94760920.08044256,148503014.87529504,124173076.70937258,118415889.66521508,133605681.66900265,102808190.40780765,113641797.4375801,144714332.64687508,124301473.30174515,114428849.2948701,127523006.41752517,121236854.01075266
2022-05-09,117404652.56077012,134157934.69754522,114798864.2851176,134547848.0151826,108313646.98621508,130454440.74823512,169389096.88632506,116991767.8562175,124486163.13087267,131154323.31199765,81494784.66806008,100097211.17310756,119514248.00951262,115666701.65812755,125740841.20436758,116323413.45268762,98183068.5249526,122613777.89889753,131079450.98495513,106206039.74197765,103730158.74314763,123799212.91381763,108890184.27224264,107560605.8725226,133665237.77058515,147066026.90873265,110114935.65490511,118749810.26385017,127705903.76918262,136600865.83689255,123049523.26840016,109186028.39187513,123871412.70626767,132978582.16990507,120399121.99597514,116203721.37438013,109218190.33984019,113290861.26204006,117888121.30908264,94290024.72950256,148503014.87529504,124173076.70937258,118415889.66521508,132395681.66900265,102808190.40780765,113641797.4375801,143924332.64687508,124301473.30174515,114428849.2948701,127523006.41752517,120663770.28531267
2022-05-10,117404652.56077012,134157934.69754522,115638864.2851176,133452890.50268261,108313646.98621508,130454440.74823512,169389096.88632506,116991767.8562175,124318920.59151267,131154323.31199765,81494784.66806008,100097211.17310756,119514248.00951262,115666701.65812755,125740841.20436758,116323413.45268762,98183068.5249526,122613777.89889753,131079450.98495513,105330073.73197764,103730158.74314763,123799212.91381763,108890184.27224264,107560605.8725226,133665237.77058515,147066026.90873265,110114935.65490511,118749810.26385017,127705903.76918262,136600865.83689255,123049523.26840016,109186028.39187513,123132941.34626767,132978582.16990507,121155121.99597514,116203721.37438013,109218190.33984019,113290861.26204006,117012155.29908264,94290024.72950256,148503014.87529504,124173076.70937258,118415889.66521508,131300724.15650265,102808190.40780765,113641797.4375801,143227399.04687506,124301473.30174515,114428849.2948701,127523006.41752517,120663770.28531267
2022-05-11,117404652.56077012,134157934.69754522,116562864.2851176,133452890.50268261,108313646.98621508,130454440.74823512,169389096.88632506,116991767.8562175,124318920.59151267,131154323.31199765,81494784.66806008,100097211.17310756,119514248.00951262,115666701.65812755,125740841.20436758,116323413.45268762,98183068.5249526,122613777.89889753,131079450.98495513,105330073.73197764,103730158.74314763,123799212.91381763,108890184.27224264,107560605.8725226,133665237.77058515,147066026.90873265,110114935.65490511,118749810.26385017,127705903.76918262,136600865.83689255,123049523.26840016,109186028.39187513,123132941.34626767,132978582.16990507,121701121.99597514,116203721.37438013,109218190.33984019,113290861.26204006,117012155.29908264,94290024.72950256,148503014.87529504,124173076.70937258,118415889.66521508,131300724.15650265,102808190.40780765,113641797.4375801,143227399.04687506,124301473.30174515,114428849.2948701,127523006.41752517,120663770.28531267
2022-05-12,117404652.56077012,134157934.69754522,115666864.2851176,133452890.50268261,108313646.98621508,130454440.74823512,169389096.88632506,116991767.8562175,124318920.59151267,131154323.31199765,81494784.66806008,100097211.17310756,119514248.00951262,115666701.65812755,125740841.20436758,116323413.45268762,98183068.5249526,122613777.89889753,131079450.98495513,105330073.73197764,103730158.74314763,123799212.91381763,108890184.27224264,107560605.8725226,133665237.77058515,147066026.90873265,110114935.65490511,118749810.26385017,127705903.76918262,136600865.83689255,123049523.26840016,109186028.39187513,123132941.34626767,132978582.16990507,120861121.99597514,116203721.37438013,109218190.33984019,113290861.26204006,117012155.29908264,94290024.72950256,148503014.87529504,124173076.70937258,118415889.66521508,131300724.15650265,102808190.40780765,113641797.4375801,143227399.04687506,124301473.30174515,114428849.2948701,127523006.41752517,120663770.28531267
2022-05-13,117404652.56077012,134157934.69754522,114742864.2851176,133452890.50268261,108313646.98621508,130454440.74823512,169389096.88632506,116991767.8562175,124318920.59151267,131154323.31199765,81494784.66806008,100097211.17310756,119514248.00951262,115666701.65812755,125740841.20436758,116323413.45268762,98183068.5249526,122613777.89889753,131079450.98495513,105330073.73197764,103730158.74314763,123799212.91381763,108890184.27224264,107560605.8725226,133665237.77058515,147066026.90873265,110114935.65490511,118749810.26385017,127705903.76918262,136600865.83689255,123049523.26840016,109186028.39187513,123132941.34626767,132978582.16990507,120084121.99597514,116203721.37438013,109218190.33984019,113290861.26204006,117012155.29908264,94290024.72950256,148503014.87529504,124173076.70937258,118415889.66521508,131300724.15650265,102808190.40780765,113641797.4375801,143227399.04687506,124301473.30174515,114428849.2948701,127523006.41752517,120663770.28531267
2022-05-16,117404652.56077012,134157934.69754522,115554864.2851176,133452890.50268261,108313646.98621508,130454440.74823512,169389096.88632506,116991767.8562175,124318920.59151267,131154323.31199765,81494784.66806008,100097211.17310756,119514248.00951262,115666701.65812755,125740841.20436758,116323413.45268762,98183068.5249526,122613777.89889753,131079450.98495513,105330073.73197764,103730158.74314763,123799212.91381763,108890184.27224264,107560605.8725226,133665237.77058515,147066026.90873265,110114935.65490511,118749810.26385017,127705903.76918262,136600865.83689255,123049523.26840016,109186028.39187513,123132941.34626767,132978582.16990507,120210121.99597514,116203721.37438013,109218190.33984019,113290861.26204006,117012155.29908264,94290024.72950256,148503014.87529504,124173076.70937258,118415889.66521508,131300724.15650265,102808190.40780765,113641797.4375801,143227399.04687506,124301473.30174515,114428849.2948701,127523006.41752517,120663770.28531267
2022-05-17,117404652.56077012,134157934.69754522,116254864.2851176,133452890.50268261,108313646.98621508,130454440.74823512,169389096.88632506,116991767.8562175,124318920.59151267,131154323.31199765,81494784.66806008,100097211.17310756,119514248.00951262,115666701.65812755,125740841.20436758,116323413.45268762,98183068.5249526,122613777.89889753,131079450.98495513,105330073.73197764,103730158.74314763,123799212.91381763,108890184.27224264,107560605.8725226,133665237.77058515,147066026.90873265,110114935.65490511,118749810.26385017,127705903.76918262,136600865.83689255,123049523.26840016,109186028.39187513,123132941.34626767,132978582.16990507,120945121.99597514,116203721.37438013,109218190.33984019,113290861.26204006,117012155.29908264,94290024.72950256,148503014.87529504,124173076.70937258,118415889.66521508,131300724.15650265,102808190.40780765,113641797.4375801,143227399.04687506,124301473.30174515,114428849.2948701,127523006.41752517,120663770.28531267
2022-05-18,117404652.56077012,134157934.69754522,115974864.2851176,133452890.50268261,108313646.98621508,130454440.74823512,169389096.88632506,116991767.8562175,124318920.59151267,131154323.31199765,81494784.66806008,100097211.17310756,119514248.00951262,115666701.65812755,125740841.20436758,116323413.45268762,98183068.5249526,122613777.89889753,131079450.98495513,105330073.73197764,103730158.74314763,123799212.91381763,108890184.27224264,107560605.8725226,133665237.77058515,147066026.90873265,110114935.65490511,118749810.26385017,127705903.76918262,136600865.83689255,123049523.26840016,109186028.39187513,123132941.34626767,132978582.16990507,120609121.99597514,116203721.37438013,109218190.33984019,113290861.26204006,117012155.29908264,94290024.72950256,148503014.87529504,124173076.70937258,118415889.66521508,131300724.15650265,102808190.40780765,113641797.4375801,143227399.04687506,124301473.30174515,114428849.2948701,127523006.41752517,120663770.28531267
2022-05-19,117404652.56077012,134157934.69754522,115582864.2851176,133452890.50268261,108313646.98621508,130454440.74823512,169389096.88632506,116991767.8562175,124318920.59151267,131154323.31199765,81494784.66806008,100097211.17310756,119514248.00951262,115666701.65812755,125740841.20436758,116323413.45268762,98183068.5249526,122613777.89889753,131079450.98495513,105330073.73197764,103730158.74314763,123799212.91381763,108890184.27224264,107560605.8725226,133665237.77058515,147066026.90873265,110114935.65490511,118749810.26385017,127705903.76918262,136600865.83689255,123049523.26840016,109186028.39187513,123132941.34626767,132978582.16990507,120588121.99597514,116203721.37438013,109218190.33984019,113290861.26204006,117012155.29908264,94290024.72950256,148503014.87529504,124173076.70937258,118415889.66521508,131300724.15650265,102808190.40780765,113641797.4375801,143227399.04687506,124301473.30174515,114428849.2948701,127523006.41752517,120663770.28531267
2022-05-20,117404652.56077012,134157934.69754522,115582864.2851176,133452890.50268261,108313646.98621508,130454440.74823512,169389096.88632506,116991767.8562175,124318920.59151267,131154323.31199765,81494784.66806008,100097211.17310756,119514248.00951262,115666701.65812755,125740841.20436758,116323413.45268762,98183068.5249526,122613777.89889753,131079450.98495513,105330073.73197764,103730158.74314763,123799212.91381763,108890184.27224264,107560605.8725226,133665237.77058515,147066026.90873265,110114935.65490511,118749810.26385017,127705903.76918262,136600865.83689255,123049523.26840016,109186028.39187513,123132941.34626767,132978582.16990507,120756121.99597514,116203721.37438013,109218190.33984019,113290861.26204006,117012155.29908264,94290024.72950256,148503014.87529504,124173076.70937258,118415889.66521508,131300724.15650265,102808190.40780765,113641797.4375801,143227399.04687506,124301473.30174515,114428849.2948701,127523006.41752517,120663770.28531267
2022-05-23,117404652.56077012,134157934.69754522,115274864.2851176,133452890.50268261,108313646.98621508,130454440.74823512,169389096.88632506,116991767.8562175,124318920.59151267,131154323.31199765,81494784.66806008,100097211.17310756,119514248.00951262,115666701.65812755,125740841.20436758,116323413.45268762,98183068.5249526,122613777.89889753,131079450.98495513,105330073.73197764,103730158.74314763,123799212.91381763,108890184.27224264,107560605.8725226,133665237.77058515,147066026.90873265,110114935.65490511,118749810.26385017,127705903.76918262,136600865.83689255,123049523.26840016,109186028.39187513,123132941.34626767,132978582.16990507,121239121.99597514,116203721.37438013,109218190.33984019,113290861.26204006,117012155.29908264,94290024.72950256,148503014.87529504,124173076.70937258,118415889.66521508,131300724.15650265,102808190.40780765,113641797.4375801,143227399.04687506,124301473.30174515,114428849.2948701,127523006.41752517,120663770.28531267
2022-05-24,117404652.56077012,134157934.69754522,114882864.2851176,133452890.50268261,108313646.98621508,130454440.74823512,169389096.88632506,116991767.8562175,124318920.59151267,131154323.31199765,81494784.66806008,100097211.17310756,119514248.00951262,115666701.65812755,125740841.20436758,116323413.45268762,98183068.5249526,122613777.89889753,131079450.98495513,105330073.73197764,103730158.74314763,123799212.91381763,108890184.27224264,107560605.8725226,133665237.77058515,147066026.90873265,110114935.65490511,118749810.26385017,127705903.76918262,136600865.83689255,123049523.26840016,109186028.39187513,123132941.34626767,132978582.16990507,120945121.99597514,116203721.37438013,109218190.33984019,113290861.26204006,117012155.29908264,94290024.72950256,148503014.87529504,124173076.70937258,118415889.66521508,131300724.15650265,102808190.40780765,113641797.4375801,143227399.04687506,124301473.30174515,114428849.2948701,127523006.41752517,120663770.28531267
2022-05-25,117404652.56077012,134157934.69754522,114434864.2851176,133452890.50268261,108313646.98621508,130454440.74823512,169389096.88632506,116991767.8562175,124318920.59151267,131154323.31199765,81494784.66806008,100097211.17310756,119514248.00951262,115666701.65812755,125740841.20436758,116323413.45268762,98183068.5249526,122613777.89889753,131079450.98495513,105330073.73197764,103730158.74314763,123799212.91381763,108890184.27224264,107560605.8725226,133665237.77058515,147066026.90873265,110114935.65490511,118749810.26385017,127705903.76918262,136600865.83689255,123049523.26840016,109186028.39187513,123132941.34626767,132978582.16990507,121449121.99597514,116203721.37438013,109218190.33984019,113290861.26204006,117012155.29908264,94290024.72950256,148503014.87529504,124173076.70937258,118415889.66521508,131300724.15650265,102808190.40780765,113641797.4375801,143227399.04687506,124301473.30174515,114428849.2948701,127523006.41752517,120663770.28531267
2022-05-26,117404652.56077012,134157934.69754522,113594864.2851176,133452890.50268261,108313646.98621508,130454440.74823512,169389096.88632506,116991767.8562175,124318920.59151267,131154323.31199765,81494784.66806008,100097211.17310756,119514248.00951262,115666701.65812755,125740841.20436758,116323413.45268762,98183068.5249526,122613777.89889753,131079450.98495513,105330073.73197764,103730158.74314763,123799212.91381763,108890184.27224264,107560605.8725226,133665237.77058515,147066026.90873265,110114935.65490511,118749810.26385017,127705903.76918262,136600865.83689255,123049523.26840016,109186028.39187513,123132941.34626767,132978582.16990507,121218121.99597514,116203721.37438013,109218190.33984019,113290861.26204006,117012155.29908264,94290024.72950256,148503014.87529504,124173076.70937258,118415889.66521508,131300724.15650265,102808190.40780765,113641797.4375801,143227399.04687506,124301473.30174515,114428849.2948701,127523006.41752517,120663770.28531267
2022-05-27,117404652.56077012,134157934.69754522,112773455.02511759,133452890.50268261,108313646.98621508,130454440.74823512,169389096.88632506,116991767.8562175,124318920.59151267,131154323.31199765,81494784.66806008,100097211.17310756,119514248.00951262,115666701.65812755,125740841.20436758,116323413.45268762,98183068.5249526,122613777.89889753,131079450.98495513,105330073.73197764,103730158.74314763,123799212.91381763,108890184.27224264,107560605.8725226,133665237.77058515,147066026.90873265,110114935.65490511,118749810.26385017,127705903.76918262,136600865.83689255,123049523.26840016,109186028.39187513,123132941.34626767,132978582.16990507,121428121.99597514,116203721.37438013,109218190.33984019,113290861.26204006,117012155.29908264,94290024.72950256,148503014.87529504,124173076.70937258,118415889.66521508,131300724.15650265,102808190.40780765,113641797.4375801,143227399.04687506,124301473.30174515,114428849.2948701,127523006.41752517,120663770.28531267
2022-05-30,117404652.56077012,134157934.69754522,112773455.02511759,133452890.50268261,108313646.98621508,130454440.74823512,169389096.88632506,116991767.8562175,124318920.59151267,131154323.31199765,81494784.66806008,100097211.17310756,119514248.00951262,115666701.65812755,125740841.20436758,116323413.45268762,98183068.5249526,122613777.89889753,131079450.98495513,105330073.73197764,103730158.74314763,123799212.91381763,108890184.27224264,107560605.8725226,133665237.77058515,147066026.90873265,110114935.65490511,118749810.26385017,127705903.76918262,136600865.83689255,123049523.26840016,109186028.39187513,123132941.34626767,132978582.16990507,122247121.99597514,116203721.37438013,109218190.33984019,113290861.26204006,117012155.29908264,94290024.72950256,148503014.87529504,124173076.70937258,118415889.66521508,131300724.15650265,102808190.40780765,113641797.4375801,143227399.04687506,124301473.30174515,114428849.2948701,127523006.41752517,120663770.28531267
2022-05-31,117404652.56077012,134157934.69754522,112773455.02511759,133452890.50268261,108313646.98621508,130454440.74823512,169389096.88632506,116991767.8562175,124318920.59151267,131154323.31199765,81494784.66806008,100097211.17310756,119514248.00951262,115666701.65812755,125740841.20436758,116323413.45268762,98183068.5249526,122613777.89889753,131079450.98495513,105330073.73197764,103730158.74314763,123799212.91381763,108890184.27224264,107560605.8725226,133665237.77058515,147066026.90873265,110114935.65490511,118749810.26385017,127705903.76918262,136600865.83689255,123049523.26840016,109186028.39187513,123132941.34626767,132978582.16990507,122541121.99597514,116203721.37438013,109218190.33984019,113290861.26204006,117012155.29908264,94290024.72950256,148503014.87529504,124173076.70937258,118415889.66521508,131300724.15650265,102808190.40780765,113641797.4375801,143227399.04687506,124301473.30174515,114428849.2948701,127523006.41752517,120663770.28531267
2022-06-01,117404652.56077012,134157934.69754522,112773455.02511759,133452890.50268261,108313646.98621508,130454440.74823512,169389096.88632506,116991767.8562175,124318920.59151267,131154323.31199765,81494784.66806008,100097211.17310756,119514248.00951262,115666701.65812755,125740841.20436758,116323413.45268762,98183068.5249526,122613777.89889753,131079450.98495513,105330073.73197764,103730158.74314763,123799212.91381763,108890184.27224264,107560605.8725226,133665237.77058515,147066026.90873265,110114935.65490511,118749810.26385017,127705903.76918262,136600865.83689255,123049523.26840016,109186028.39187513,123132941.34626767,132978582.16990507,122394121.99597514,116203721.37438013,109218190.33984019,113290861.26204006,117012155.29908264,94290024.72950256,148503014.87529504,124173076.70937258,118415889.66521508,131300724.15650265,102808190.40780765,113641797.4375801,143227399.04687506,124301473.30174515,114428849.2948701,127523006.41752517,120663770.28531267
2022-06-02,117404652.56077012,134157934.69754522,112773455.02511759,133452890.50268261,108313646.98621508,130454440.74823512,169389096.88632506,116991767.8562175,124318920.59151267,131154323.31199765,81494784.66806008,100097211.17310756,119514248.00951262,115666701.65812755,125740841.20436758,116323413.45268762,98183068.5249526,122613777.89889753,131079450.98495513,105330073.73197764,103730158.74314763,123799212.91381763,108890184.27224264,107560605.8725226,133665237.77058515,147066026.90873265,110114935.65490511,118749810.26385017,127705903.76918262,136600865.83689255,123049523.26840016,109186028.39187513,123132941.34626767,132978582.16990507,122100121.99597514,116203721.37438013,109218190.33984019,113290861.26204006,117012155.29908264,94290024.72950256,148503014.87529504,124173076.70937258,118415889.66521508,131300724.15650265,102808190.40780765,113641797.4375801,143227399.04687506,124301473.30174515,114428849.2948701,127523006.41752517,120663770.28531267
2022-06-03,117404652.56077012,134157934.69754522,112773455.02511759,133452890.50268261,108313646.98621508,130454440.74823512,169389096.88632506,116991767.8562175,124318920.59151267,131154323.31199765,81494784.66806008,100097211.17310756,119514248.00951262,115666701.65812755,125740841.20436758,116323413.45268762,98183068.5249526,122613777.89889753,131079450.98495513,105330073.73197764,103730158.74314763,123799212.91381763,108890184.27224264,107560605.8725226,133665237.77058515,147066026.90873265,110114935.65490511,118749810.26385017,127705903.76918262,136600865.83689255,123049523.26840016,109186028.39187513,123132941.34626767,132978582.16990507,121932121.99597514,116203721.37438013,109218190.33984019,113290861.26204006,117012155.29908264,94290024.72950256,148503014.87529504,124173076.70937258,118415889.66521508,131300724.15650265,102808190.40780765,113641797.4375801,143227399.04687506,124301473.30174515,114428849.2948701,127523006.41752517,120663770.28531267
2022-06-06,117404652.56077012,134157934.69754522,112773455.02511759,133452890.50268261,108313646.98621508,130454440.74823512,169389096.88632506,116991767.8562175,124318920.59151267,131154323.31199765,81494784.66806008,100097211.17310756,119514248.00951262,115666701.65812755,125740841.20436758,116323413.45268762,98183068.5249526,122613777.89889753,131079450.98495513,105330073.73197764,103730158.74314763,123799212.91381763,108890184.27224264,107560605.8725226,133665237.77058515,147066026.90873265,110114935.65490511,118749810.26385017,127705903.76918262,136600865.83689255,123049523.26840016,109186028.39187513,123132941.34626767,132978582.16990507,121785121.99597514,116203721.37438013,109218190.33984019,113290861.26204006,117012155.29908264,94290024.72950256,148503014.87529504,124173076.70937258,118415889.66521508,131300724.15650265,102808190.40780765,113641797.4375801,143227399.04687506,124301473.30174515,114428849.2948701,127523006.41752517,120663770.28531267
2022-06-07,117404652.56077012,134157934.69754522,112773455.02511759,133452890.50268261,108313646.98621508,130454440.74823512,169389096.88632506,116991767.8562175,124318920.59151267,131154323.31199765,81494784.66806008,100097211.17310756,119514248.00951262,115666701.65812755,125740841.20436758,116323413.45268762,98183068.5249526,122613777.89889753,131079450.98495513,105330073.73197764,103730158.74314763,123799212.91381763,108890184.27224264,107560605.8725226,133665237.77058515,147066026.90873265,110114935.65490511,118749810.26385017,127705903.76918262,136600865.83689255,123049523.26840016,109186028.39187513,123132941.34626767,132978582.16990507,121050121.99597514,116203721.37438013,109218190.33984019,113290861.26204006,117012155.29908264,94290024.72950256,148503014.87529504,124173076.70937258,118415889.66521508,131300724.15650265,102808190.40780765,113641797.4375801,143227399.04687506,124301473.30174515,114428849.2948701,127523006.41752517,120663770.28531267
2022-06-08,117404652.56077012,134157934.69754522,112773455.02511759,133452890.50268261,108313646.98621508,130454440.74823512,169389096.88632506,116991767.8562175,124318920.59151267,131154323.31199765,81494784.66806008,100097211.17310756,119514248.00951262,115666701.65812755,125740841.20436758,116323413.45268762,98183068.5249526,122613777.89889753,131079450.98495513,105330073.73197764,103730158.74314763,123799212.91381763,108890184.27224264,107560605.8725226,133665237.77058515,147066026.90873265,110114935.65490511,118749810.26385017,127705903.76918262,136600865.83689255,123049523.26840016,109186028.39187513,123132941.34626767,132978582.16990507,121848121.99597514,116203721.37438013,109218190.33984019,113290861.26204006,117012155.29908264,94290024.72950256,148503014.87529504,124173076.70937258,118415889.66521508,131300724.15650265,102808190.40780765,113641797.4375801,143227399.04687506,124301473.30174515,114428849.2948701,127523006.41752517,120663770.28531267
2022-06-09,117404652.56077012,134157934.69754522,112773455.02511759,133452890.50268261,108313646.98621508,130454440.74823512,169389096.88632506,116991767.8562175,124318920.59151267,131154323.31199765,81494784.66806008,100097211.17310756,119514248.00951262,115666701.65812755,125740841.20436758,116323413.45268762,98183068.5249526,122613777.89889753,131079450.98495513,105330073.73197764,103730158.74314763,123799212.91381763,108890184.27224264,107560605.8725226,133665237.77058515,147066026.90873265,110114935.65490511,118749810.26385017,127705903.76918262,136600865.83689255,123049523.26840016,109186028.39187513,123132941.34626767,132978582.16990507,121806121.99597514,116203721.37438013,109218190.33984019,113290861.26204006,117012155.29908264,94290024.72950256,148503014.87529504,124173076.70937258,118415889.66521508,131300724.15650265,102808190.40780765,113641797.4375801,143227399.04687506,124301473.30174515,114428849.2948701,127523006.41752517,120663770.28531267
2022-06-10,117404652.56077012,134157934.69754522,112773455.02511759,133452890.50268261,108313646.98621508,130454440.74823512,169389096.88632506,116991767.8562175,124318920.59151267,131154323.31199765,81494784.66806008,100097211.17310756,119514248.00951262,115666701.65812755,125740841.20436758,116323413.45268762,98183068.5249526,122613777.89889753,131079450.98495513,105330073.73197764,103730158.74314763,123799212.91381763,108890184.27224264,107560605.8725226,133665237.77058515,147066026.90873265,110114935.65490511,118749810.26385017,127705903.76918262,136600865.83689255,123049523.26840016,109186028.39187513,123132941.34626767,132978582.16990507,121239121.99597514,116203721.37438013,109218190.33984019,113290861.26204006,117012155.29908264,94290024.72950256,148503014.87529504,124173076.70937258,118415889.66521508,131300724.15650265,102808190.40780765,113641797.4375801,143227399.04687506,124301473.30174515,114428849.2948701,127523006.41752517,120663770.28531267
2022-06-13,117404652.56077012,134157934.69754522,112773455.02511759,133452890.50268261,108313646.98621508,130454440.74823512,169389096.88632506,116991767.8562175,124318920.59151267,131154323.31199765,81494784.66806008,100097211.17310756,119514248.00951262,115666701.65812755,125740841.20436758,116323413.45268762,98183068.5249526,122613777.89889753,131079450.98495513,105330073.73197764,103730158.74314763,123799212.91381763,108890184.27224264,107560605.8725226,133665237.77058515,147066026.90873265,110114935.65490511,118749810.26385017,127705903.76918262,136600865.83689255,123049523.26840016,109186028.39187513,123132941.34626767,132978582.16990507,120420121.99597514,116203721.37438013,109218190.33984019,113290861.26204006,117012155.29908264,94290024.72950256,148503014.87529504,124173076.70937258,118415889.66521508,131300724.15650265,102808190.40780765,113641797.4375801,143227399.04687506,124301473.30174515,114428849.2948701,127523006.41752517,120663770.28531267
2022-06-14,117404652.56077012,134157934.69754522,112773455.02511759,133452890.50268261,108313646.98621508,130454440.74823512,169389096.88632506,116991767.8562175,124318920.59151267,131154323.31199765,81494784.66806008,100097211.17310756,119514248.00951262,115666701.65812755,125740841.20436758,116323413.45268762,98183068.5249526,122613777.89889753,131079450.98495513,105330073.73197764,103730158.74314763,123799212.91381763,108890184.27224264,107560605.8725226,133665237.77058515,147066026.90873265,110114935.65490511,118749810.26385017,127705903.76918262,136600865.83689255,123049523.26840016,109186028.39187513,123132941.34626767,132978582.16990507,120210121.99597514,116203721.37438013,109218190.33984019,113290861.26204006,117012155.29908264,94290024.72950256,148503014.87529504,124173076.70937258,118415889.66521508,131300724.15650265,102808190.40780765,113641797.4375801,143227399.04687506,124301473.30174515,114428849.2948701,127523006.41752517,120663770.28531267
2022-06-15,117404652.56077012,134157934.69754522,112773455.02511759,133452890.50268261,108313646.98621508,130454440.74823512,169389096.88632506,116991767.8562175,124318920.59151267,131154323.31199765,81494784.66806008,100097211.17310756,119514248.00951262,115666701.65812755,125740841.20436758,116323413.45268762,98183068.5249526,122613777.89889753,131079450.98495513,105330073.73197764,103730158.74314763,123799212.91381763,108890184.27224264,107560605.8725226,133665237.77058515,147066026.90873265,110114935.65490511,118749810.26385017,127705903.76918262,136600865.83689255,123049523.26840016,109186028.39187513,123132941.34626767,132978582.16990507,119475121.99597514,116203721.37438013,109218190.33984019,113290861.26204006,117012155.29908264,94290024.72950256,148503014.87529504,124173076.70937258,118415889.66521508,131300724.15650265,102808190.40780765,113641797.4375801,143227399.04687506,124301473.30174515,114428849.2948701,127523006.41752517,120663770.28531267
2022-06-16,117404652.56077012,134157934.69754522,112773455.02511759,133452890.50268261,108313646.98621508,130454440.74823512,169389096.88632506,116991767.8562175,124318920.59151267,131154323.31199765,81494784.66806008,100097211.17310756,119514248.00951262,115666701.65812755,125740841.20436758,116323413.45268762,98183068.5249526,122613777.89889753,131079450.98495513,105330073.73197764,103730158.74314763,123799212.91381763,108890184.27224264,107560605.8725226,133665237.77058515,147066026.90873265,110114935.65490511,118749810.26385017,127705903.76918262,136600865.83689255,123049523.26840016,109186028.39187513,123132941.34626767,132978582.16990507,119754132.72097513,116203721.37438013,109218190.33984019,113290861.26204006,117012155.29908264,94290024.72950256,148503014.87529504,124173076.70937258,118415889.66521508,131300724.15650265,102808190.40780765,113641797.4375801,143227399.04687506,124301473.30174515,114428849.2948701,127523006.41752517,120663770.28531267
2022-06-17,117404652.56077012,134157934.69754522,112773455.02511759,133452890.50268261,108313646.98621508,130454440.74823512,169389096.88632506,116991767.8562175,124318920.59151267,131154323.31199765,81494784.66806008,100097211.17310756,119514248.00951262,115666701.65812755,125740841.20436758,116323413.45268762,98183068.5249526,122613777.89889753,131079450.98495513,105330073.73197764,103730158.74314763,123799212.91381763,108890184.27224264,107560605.8725226,133665237.77058515,147066026.90873265,110114935.65490511,118749810.26385017,127705903.76918262,136600865.83689255,123049523.26840016,109186028.39187513,123132941.34626767,132978582.16990507,119754132.72097513,116203721.37438013,109218190.33984019,113290861.26204006,117012155.29908264,94290024.72950256,148503014.87529504,124173076.70937258,118415889.66521508,131300724.15650265,102808190.40780765,113641797.4375801,143227399.04687506,124301473.30174515,114428849.2948701,127523006.41752517,120663770.28531267
2022-06-20,117404652.56077012,134157934.69754522,112773455.02511759,133452890.50268261,108313646.98621508,130454440.74823512,169389096.88632506,116991767.8562175,124318920.59151267,131154323.31199765,81494784.66806008,100097211.17310756,119514248.00951262,115666701.65812755,125740841.20436758,116323413.45268762,98183068.5249526,122613777.89889753,131079450.98495513,105330073.73197764,103730158.74314763,123799212.91381763,108890184.27224264,107560605.8725226,133665237.77058515,147066026.90873265,110114935.65490511,118749810.26385017,127705903.76918262,136600865.83689255,123049523.26840016,109186028.39187513,123132941.34626767,132978582.16990507,119754132.72097513,116203721.37438013,109218190.33984019,113290861.26204006,117012155.29908264,94290024.72950256,148503014.87529504,124173076.70937258,118415889.66521508,131300724.15650265,102808190.40780765,113641797.4375801,143227399.04687506,124301473.30174515,114428849.2948701,127523006.41752517,120663770.28531267
2022-06-21,117404652.56077012,134157934.69754522,112773455.02511759,133452890.50268261,108313646.98621508,130454440.74823512,169389096.88632506,116991767.8562175,124318920.59151267,131154323.31199765,81494784.66806008,100097211.17310756,119514248.00951262,115666701.65812755,125740841.20436758,116323413.45268762,98183068.5249526,122613777.89889753,131079450.98495513,105330073.73197764,103730158.74314763,123799212.91381763,108890184.27224264,107560605.8725226,133665237.77058515,147066026.90873265,110114935.65490511,118749810.26385017,127705903.76918262,136600865.83689255,123049523.26840016,109186028.39187513,123132941.34626767,132978582.16990507,119754132.72097513,116203721.37438013,109218190.33984019,113290861.26204006,117012155.29908264,94290024.72950256,148503014.87529504,124173076.70937258,118415889.66521508,131300724.15650265,102808190.40780765,113641797.4375801,143227399.04687506,124301473.30174515,114428849.2948701,127523006.41752517,120663770.28531267
2022-06-22,117404652.56077012,134157934.69754522,112773455.02511759,133452890.50268261,108313646.98621508,130454440.74823512,169389096.88632506,116991767.8562175,124318920.59151267,131154323.31199765,81494784.66806008,100097211.17310756,119514248.00951262,115666701.65812755,125740841.20436758,116323413.45268762,98183068.5249526,122613777.89889753,131079450.98495513,105330073.73197764,103730158.74314763,123799212.91381763,108890184.27224264,107560605.8725226,133665237.77058515,147066026.90873265,110114935.65490511,118749810.26385017,127705903.76918262,136600865.83689255,123049523.26840016,109186028.39187513,123132941.34626767,132978582.16990507,119754132.72097513,116203721.37438013,109218190.33984019,113290861.26204006,117012155.29908264,94290024.72950256,148503014.87529504,124173076.70937258,118415889.66521508,131300724.15650265,102808190.40780765,113641797.4375801,143227399.04687506,124301473.30174515,114428849.2948701,127523006.41752517,120663770.28531267
2022-06-23,117404652.56077012,134157934.69754522,112773455.02511759,133452890.50268261,108313646.98621508,130454440.74823512,169389096.88632506,116991767.8562175,124318920.59151267,131154323.31199765,81494784.66806008,100097211.17310756,119514248.00951262,115666701.65812755,125740841.20436758,116323413.45268762,98183068.5249526,122613777.89889753,131079450.98495513,105330073.73197764,103730158.74314763,123799212.91381763,108890184.27224264,107560605.8725226,133665237.77058515,147066026.90873265,110114935.65490511,118749810.26385017,127705903.76918262,136600865.83689255,123049523.26840016,109186028.39187513,123132941.34626767,132978582.16990507,119754132.72097513,116203721.37438013,109218190.33984019,113290861.26204006,117012155.29908264,94290024.72950256,148503014.87529504,124173076.70937258,118415889.66521508,131300724.15650265,102808190.40780765,113641797.4375801,143227399.04687506,124301473.30174515,114428849.2948701,127523006.41752517,120663770.28531267
2022-06-24,117404652.56077012,134157934.69754522,112773455.02511759,133452890.50268261,108313646.98621508,130454440.74823512,169389096.88632506,116991767.8562175,124318920.59151267,131154323.31199765,81494784.66806008,100097211.17310756,119514248.00951262,115666701.65812755,125740841.20436758,116323413.45268762,98183068.5249526,122613777.89889753,131079450.98495513,105330073.73197764,103730158.74314763,123799212.91381763,108890184.27224264,107560605.8725226,133665237.77058515,147066026.90873265,110114935.65490511,118749810.26385017,127705903.76918262,136600865.83689255,123049523.26840016,109186028.39187513,123132941.34626767,132978582.16990507,119754132.72097513,116203721.37438013,109218190.33984019,113290861.26204006,117012155.29908264,94290024.72950256,148503014.87529504,124173076.70937258,118415889.66521508,131300724.15650265,102808190.40780765,113641797.4375801,143227399.04687506,124301473.30174515,114428849.2948701,127523006.41752517,120663770.28531267
2022-06-27,117404652.56077012,134157934.69754522,112773455.02511759,133452890.50268261,108313646.98621508,130454440.74823512,169389096.88632506,116991767.8562175,124318920.59151267,131154323.31199765,81494784.66806008,100097211.17310756,119514248.00951262,115666701.65812755,125740841.20436758,116323413.45268762,98183068.5249526,122613777.89889753,131079450.98495513,105330073.73197764,103730158.74314763,123799212.91381763,108890184.27224264,107560605.8725226,133665237.77058515,147066026.90873265,110114935.65490511,118749810.26385017,127705903.76918262,136600865.83689255,123049523.26840016,109186028.39187513,123132941.34626767,132978582.16990507,119754132.72097513,116203721.37438013,109218190.33984019,113290861.26204006,117012155.29908264,94290024.72950256,148503014.87529504,124173076.70937258,118415889.66521508,131300724.15650265,102808190.40780765,113641797.4375801,143227399.04687506,124301473.30174515,114428849.2948701,127523006.41752517,120663770.28531267
2022-06-28,117404652.56077012,134157934.69754522,112773455.02511759,133452890.50268261,108313646.98621508,130454440.74823512,169389096.88632506,116991767.8562175,124318920.59151267,131154323.31199765,81494784.66806008,100097211.17310756,119514248.00951262,115666701.65812755,125740841.20436758,116323413.45268762,98183068.5249526,122613777.89889753,131079450.98495513,105330073.73197764,103730158.74314763,123799212.91381763,108890184.27224264,107560605.8725226,133665237.77058515,147066026.90873265,110114935.65490511,118749810.26385017,127705903.76918262,136600865.83689255,123049523.26840016,109186028.39187513,123132941.34626767,132978582.16990507,119754132.72097513,116203721.37438013,109218190.33984019,113290861.26204006,117012155.29908264,94290024.72950256,148503014.87529504,124173076.70937258,118415889.66521508,131300724.15650265,102808190.40780765,113641797.4375801,143227399.04687506,124301473.30174515,114428849.2948701,127523006.41752517,120663770.28531267
2022-06-29,117404652.56077012,134157934.69754522,112773455.02511759,133452890.50268261,108313646.98621508,130454440.74823512,169389096.88632506,116991767.8562175,124318920.59151267,131154323.31199765,81494784.66806008,100097211.17310756,119514248.00951262,115666701.65812755,125740841.20436758,116323413.45268762,98183068.5249526,122613777.89889753,131079450.98495513,105330073.73197764,103730158.74314763,123799212.91381763,108890184.27224264,107560605.8725226,133665237.77058515,147066026.90873265,110114935.65490511,118749810.26385017,127705903.76918262,136600865.83689255,123049523.26840016,109186028.39187513,123132941.34626767,132978582.16990507,119754132.72097513,116203721.37438013,109218190.33984019,113290861.26204006,117012155.29908264,94290024.72950256,148503014.87529504,124173076.70937258,118415889.66521508,131300724.15650265,102808190.40780765,113641797.4375801,143227399.04687506,124301473.30174515,114428849.2948701,127523006.41752517,120663770.28531267
2022-06-30,117404652.56077012,134157934.69754522,112773455.02511759,133452890.50268261,108313646.98621508,130454440.74823512,169389096.88632506,116991767.8562175,124318920.59151267,131154323.31199765,81494784.66806008,100097211.17310756,119514248.00951262,115666701.65812755,125740841.20436758,116323413.45268762,98183068.5249526,122613777.89889753,131079450.98495513,105330073.73197764,103730158.74314763,123799212.91381763,108890184.27224264,107560605.8725226,133665237.77058515,147066026.90873265,110114935.65490511,118749810.26385017,127705903.76918262,136600865.83689255,123049523.26840016,109186028.39187513,123132941.34626767,132978582.16990507,119754132.72097513,116203721.37438013,109218190.33984019,113290861.26204006,117012155.29908264,94290024.72950256,148503014.87529504,124173076.70937258,118415889.66521508,131300724.15650265,102808190.40780765,113641797.4375801,143227399.04687506,124301473.30174515,114428849.2948701,127523006.41752517,120663770.28531267
2022-07-01,117404652.56077012,134157934.69754522,112773455.02511759,133452890.50268261,108313646.98621508,130454440.74823512,169389096.88632506,116991767.8562175,124318920.59151267,131154323.31199765,81494784.66806008,100097211.17310756,119514248.00951262,115666701.65812755,125740841.20436758,116323413.45268762,98183068.5249526,122613777.89889753,131079450.98495513,105330073.73197764,103730158.74314763,123799212.91381763,108890184.27224264,107560605.8725226,133665237.77058515,147066026.90873265,110114935.65490511,118749810.26385017,127705903.76918262,136600865.83689255,123049523.26840016,109186028.39187513,123132941.34626767,132978582.16990507,119754132.72097513,116203721.37438013,109218190.33984019,113290861.26204006,117012155.29908264,94290024.72950256,148503014.87529504,124173076.70937258,118415889.66521508,131300724.15650265,102808190.40780765,113641797.4375801,143227399.04687506,124301473.30174515,114428849.2948701,127523006.41752517,120663770.28531267
2022-07-04,117404652.56077012,134157934.69754522,112773455.02511759,133452890.50268261,108313646.98621508,130454440.74823512,169389096.88632506,116991767.8562175,124318920.59151267,131154323.31199765,81494784.66806008,100097211.17310756,119514248.00951262,115666701.65812755,125740841.20436758,116323413.45268762,98183068.5249526,122613777.89889753,131079450.98495513,105330073.73197764,103730158.74314763,123799212.91381763,108890184.27224264,107560605.8725226,133665237.77058515,147066026.90873265,110114935.65490511,118749810.26385017,127705903.76918262,136600865.83689255,123049523.26840016,109186028.39187513,123132941.34626767,132978582.16990507,119754132.72097513,116203721.37438013,109218190.33984019,113290861.26204006,117012155.29908264,94290024.72950256,148503014.87529504,124173076.70937258,118415889.66521508,131300724.15650265,102808190.40780765,113641797.4375801,143227399.04687506,124301473.30174515,114428849.2948701,127523006.41752517,120663770.28531267
2022-07-05,117404652.56077012,134157934.69754522,112773455.02511759,133452890.50268261,108313646.98621508,130454440.74823512,169389096.88632506,116991767.8562175,124318920.59151267,131154323.31199765,81494784.66806008,100097211.17310756,119514248.00951262,115666701.65812755,125740841.20436758,116323413.45268762,98183068.5249526,122613777.89889753,131079450.98495513,105330073.73197764,103730158.74314763,123799212.91381763,108890184.27224264,107560605.8725226,133665237.77058515,147066026.90873265,110114935.65490511,118749810.26385017,127705903.76918262,136600865.83689255,123049523.26840016,109186028.39187513,123132941.34626767,132978582.16990507,119754132.72097513,116203721.37438013,109218190.33984019,113290861.26204006,117012155.29908264,94290024.72950256,148503014.87529504,124173076.70937258,118415889.66521508,131300724.15650265,102808190.40780765,113641797.4375801,143227399.04687506,124301473.30174515,114428849.2948701,127523006.41752517,120663770.28531267
2022-07-06,117404652.56077012,134157934.69754522,112773455.02511759,133452890.50268261,108313646.98621508,130454440.74823512,169389096.88632506,116991767.8562175,124318920.59151267,131154323.31199765,81494784.66806008,100097211.17310756,119514248.00951262,115666701.65812755,125740841.20436758,116323413.45268762,98183068.5249526,122613777.89889753,131079450.98495513,105330073.73197764,103730158.74314763,123799212.91381763,108890184.27224264,107560605.8725226,133665237.77058515,147066026.90873265,110114935.65490511,118749810.26385017,127705903.76918262,136600865.83689255,123049523.26840016,109186028.39187513,123132941.34626767,132978582.16990507,119754132.72097513,116203721.37438013,109218190.33984019,113290861.26204006,117012155.29908264,94290024.72950256,148503014.87529504,124173076.70937258,118415889.66521508,131300724.15650265,102808190.40780765,113641797.4375801,143227399.04687506,124301473.30174515,114428849.2948701,127523006.41752517,120663770.28531267
2022-07-07,117404652.56077012,134157934.69754522,112773455.02511759,133452890.50268261,108313646.98621508,130454440.74823512,169389096.88632506,116991767.8562175,124318920.59151267,131154323.31199765,81494784.66806008,100097211.17310756,119514248.00951262,115666701.65812755,125740841.20436758,116323413.45268762,98183068.5249526,122613777.89889753,131079450.98495513,105330073.73197764,103730158.74314763,123799212.91381763,108890184.27224264,107560605.8725226,133665237.77058515,147066026.90873265,110114935.65490511,118749810.26385017,127705903.76918262,136600865.83689255,123049523.26840016,109186028.39187513,123132941.34626767,132978582.16990507,119754132.72097513,116203721.37438013,109218190.33984019,113290861.26204006,117012155.29908264,94290024.72950256,148503014.87529504,124173076.70937258,118415889.66521508,131300724.15650265,102808190.40780765,113641797.4375801,143227399.04687506,124301473.30174515,114428849.2948701,127523006.41752517,120663770.28531267
2022-07-08,117404652.56077012,134157934.69754522,112773455.02511759,133452890.50268261,108313646.98621508,130454440.74823512,169389096.88632506,116991767.8562175,124318920.59151267,131154323.31199765,81494784.66806008,100097211.17310756,119514248.00951262,115666701.65812755,125740841.20436758,116323413.45268762,98183068.5249526,122613777.89889753,131079450.98495513,105330073.73197764,103730158.74314763,123799212.91381763,108890184.27224264,107560605.8725226,133665237.77058515,147066026.90873265,110114935.65490511,118749810.26385017,127705903.76918262,136600865.83689255,123049523.26840016,109186028.39187513,123132941.34626767,132978582.16990507,119754132.72097513,116203721.37438013,109218190.33984019,113290861.26204006,117012155.29908264,94290024.72950256,148503014.87529504,124173076.70937258,118415889.66521508,131300724.15650265,102808190.40780765,113641797.4375801,143227399.04687506,124301473.30174515,114428849.2948701,127523006.41752517,120663770.28531267
2022-07-11,117404652.56077012,134157934.69754522,112773455.02511759,133452890.50268261,108313646.98621508,130454440.74823512,169389096.88632506,116991767.8562175,124318920.59151267,131154323.31199765,81494784.66806008,100097211.17310756,119514248.00951262,115666701.65812755,125740841.20436758,116323413.45268762,98183068.5249526,122613777.89889753,131079450.98495513,105330073.73197764,103730158.74314763,123799212.91381763,108890184.27224264,107560605.8725226,133665237.77058515,147066026.90873265,110114935.65490511,118749810.26385017,127705903.76918262,136600865.83689255,123049523.26840016,109186028.39187513,123132941.34626767,132978582.16990507,119754132.72097513,116203721.37438013,109218190.33984019,113290861.26204006,117012155.29908264,94290024.72950256,148503014.87529504,124173076.70937258,118415889.66521508,131300724.15650265,102808190.40780765,113641797.4375801,143227399.04687506,124301473.30174515,114428849.2948701,127523006.41752517,120663770.28531267
2022-07-12,117404652.56077012,134157934.69754522,112773455.02511759,133452890.50268261,108313646.98621508,130454440.74823512,169389096.88632506,116991767.8562175,124318920.59151267,131154323.31199765,81494784.66806008,100097211.17310756,119514248.00951262,115666701.65812755,125740841.20436758,116323413.45268762,98183068.5249526,122613777.89889753,131079450.98495513,105330073.73197764,103730158.74314763,123799212.91381763,108890184.27224264,107560605.8725226,133665237.77058515,147066026.90873265,110114935.65490511,118749810.26385017,127705903.76918262,136600865.83689255,123049523.26840016,109186028.39187513,123132941.34626767,132978582.16990507,119754132.72097513,116203721.37438013,109218190.33984019,113290861.26204006,117012155.29908264,94290024.72950256,148503014.87529504,124173076.70937258,118415889.66521508,131300724.15650265,102808190.40780765,113641797.4375801,143227399.04687506,124301473.30174515,114428849.2948701,127523006.41752517,120663770.28531267
2022-07-13,117404652.56077012,134157934.69754522,112773455.02511759,133452890.50268261,108313646.98621508,130454440.74823512,169389096.88632506,116991767.8562175,124318920.59151267,131154323.31199765,81494784.66806008,100097211.17310756,119514248.00951262,115666701.65812755,125740841.20436758,116323413.45268762,98183068.5249526,122613777.89889753,131079450.98495513,105330073.73197764,103730158.74314763,123799212.91381763,108890184.27224264,107560605.8725226,133665237.77058515,147066026.90873265,110114935.65490511,118749810.26385017,127705903.76918262,136600865.83689255,123049523.26840016,109186028.39187513,123132941.34626767,132978582.16990507,119754132.72097513,116203721.37438013,109218190.33984019,113290861.26204006,117012155.29908264,94290024.72950256,148503014.87529504,124173076.70937258,118415889.66521508,131300724.15650265,102808190.40780765,113641797.4375801,143227399.04687506,124301473.30174515,114428849.2948701,127523006.41752517,120663770.28531267
2022-07-14,117404652.56077012,134157934.69754522,112773455.02511759,133452890.50268261,108313646.98621508,130454440.74823512,169389096.88632506,116991767.8562175,124318920.59151267,131154323.31199765,81494784.66806008,100097211.17310756,119514248.00951262,115666701.65812755,125740841.20436758,116323413.45268762,98183068.5249526,122613777.89889753,131079450.98495513,105330073.73197764,103730158.74314763,123799212.91381763,108890184.27224264,107560605.8725226,133665237.77058515,147066026.90873265,110114935.65490511,118749810.26385017,127705903.76918262,136600865.83689255,123049523.26840016,109186028.39187513,123132941.34626767,132978582.16990507,119754132.72097513,116203721.37438013,109218190.33984019,113290861.26204006,117012155.29908264,94290024.72950256,148503014.87529504,124173076.70937258,118415889.66521508,131300724.15650265,102808190.40780765,113641797.4375801,143227399.04687506,124301473.30174515,114428849.2948701,127523006.41752517,120663770.28531267
2022-07-15,117404652.56077012,134157934.69754522,112773455.02511759,133452890.50268261,108313646.98621508,130454440.74823512,169389096.88632506,116991767.8562175,124318920.59151267,131154323.31199765,81494784.66806008,100097211.17310756,119514248.00951262,115666701.65812755,125740841.20436758,116323413.45268762,98183068.5249526,122613777.89889753,131079450.98495513,105330073.73197764,103730158.74314763,123799212.91381763,108890184.27224264,107560605.8725226,133665237.77058515,147066026.90873265,110114935.65490511,118749810.26385017,127705903.76918262,136600865.83689255,123049523.26840016,109186028.39187513,123132941.34626767,132978582.16990507,119754132.72097513,116203721.37438013,109218190.33984019,113290861.26204006,117012155.29908264,94290024.72950256,148503014.87529504,124173076.70937258,118415889.66521508,131300724.15650265,102808190.40780765,113641797.4375801,143227399.04687506,124301473.30174515,114428849.2948701,127523006.41752517,120663770.28531267
2022-07-18,117404652.56077012,134157934.69754522,112773455.02511759,133452890.50268261,108313646.98621508,130454440.74823512,169389096.88632506,116991767.8562175,124318920.59151267,131154323.31199765,81494784.66806008,100097211.17310756,119514248.00951262,115666701.65812755,125740841.20436758,116323413.45268762,98183068.5249526,122613777.89889753,131079450.98495513,105330073.73197764,103730158.74314763,123799212.91381763,108890184.27224264,107560605.8725226,133665237.77058515,147066026.90873265,110114935.65490511,118749810.26385017,127705903.76918262,136600865.83689255,123049523.26840016,109186028.39187513,123132941.34626767,132978582.16990507,119754132.72097513,116203721.37438013,109218190.33984019,113290861.26204006,117012155.29908264,94290024.72950256,148503014.87529504,124173076.70937258,118415889.66521508,131300724.15650265,102808190.40780765,113641797.4375801,143227399.04687506,124301473.30174515,114428849.2948701,127523006.41752517,120663770.28531267
2022-07-19,117404652.56077012,134157934.69754522,112773455.02511759,133452890.50268261,108313646.98621508,130454440.74823512,169389096.88632506,116991767.8562175,124318920.59151267,131154323.31199765,81494784.66806008,100097211.17310756,119514248.00951262,115666701.65812755,125740841.20436758,116323413.45268762,98183068.5249526,122613777.89889753,131079450.98495513,105330073.73197764,103730158.74314763,123799212.91381763,108890184.27224264,107560605.8725226,133665237.77058515,147066026.90873265,110114935.65490511,118749810.26385017,127705903.76918262,136600865.83689255,123049523.26840016,109186028.39187513,123132941.34626767,132978582.16990507,119754132.72097513,116203721.37438013,109218190.33984019,113290861.26204006,117012155.29908264,94290024.72950256,148503014.87529504,124173076.70937258,118415889.66521508,131300724.15650265,102808190.40780765,113641797.4375801,143227399.04687506,124301473.30174515,114428849.2948701,127523006.41752517,120663770.28531267
2022-07-20,117404652.56077012,134157934.69754522,112773455.02511759,133452890.50268261,108313646.98621508,130454440.74823512,169389096.88632506,116991767.8562175,124318920.59151267,131154323.31199765,81494784.66806008,100097211.17310756,119514248.00951262,115666701.65812755,125740841.20436758,116323413.45268762,98183068.5249526,122613777.89889753,131079450.98495513,105330073.73197764,103730158.74314763,123799212.91381763,108890184.27224264,107560605.8725226,133665237.77058515,147066026.90873265,110114935.65490511,118749810.26385017,127705903.76918262,136600865.83689255,123049523.26840016,109186028.39187513,123132941.34626767,132978582.16990507,119754132.72097513,116203721.37438013,109218190.33984019,113290861.26204006,117012155.29908264,94290024.72950256,148503014.87529504,124173076.70937258,118415889.66521508,131300724.15650265,102808190.40780765,113641797.4375801,143227399.04687506,124301473.30174515,114428849.2948701,127523006.41752517,120663770.28531267
2022-07-21,117404652.56077012,134157934.69754522,112773455.02511759,133452890.50268261,108313646.98621508,130454440.74823512,169389096.88632506,116991767.8562175,124318920.59151267,131154323.31199765,81494784.66806008,100097211.17310756,119514248.00951262,115666701.65812755,125740841.20436758,116323413.45268762,98183068.5249526,122613777.89889753,131079450.98495513,105330073.73197764,103730158.74314763,123799212.91381763,108890184.27224264,107560605.8725226,133665237.77058515,147066026.90873265,110114935.65490511,118749810.26385017,127705903.76918262,136600865.83689255,123049523.26840016,109186028.39187513,123132941.34626767,132978582.16990507,119754132.72097513,116203721.37438013,109218190.33984019,113290861.26204006,117012155.29908264,94290024.72950256,148503014.87529504,124173076.70937258,118415889.66521508,131300724.15650265,102808190.40780765,113641797.4375801,143227399.04687506,124301473.30174515,114428849.2948701,127523006.41752517,120663770.28531267
2022-07-22,117404652.56077012,134157934.69754522,112773455.02511759,133452890.50268261,108313646.98621508,130454440.74823512,169389096.88632506,116991767.8562175,124318920.59151267,131154323.31199765,81494784.66806008,100097211.17310756,119514248.00951262,115666701.65812755,125740841.20436758,116323413.45268762,98183068.5249526,122613777.89889753,131079450.98495513,105330073.73197764,103730158.74314763,123799212.91381763,108890184.27224264,107560605.8725226,133665237.77058515,147066026.90873265,110114935.65490511,118749810.26385017,127705903.76918262,136600865.83689255,123049523.26840016,109186028.39187513,123132941.34626767,132978582.16990507,119754132.72097513,116203721.37438013,109218190.33984019,113290861.26204006,117012155.29908264,94290024.72950256,148503014.87529504,124173076.70937258,118415889.66521508,131300724.15650265,102808190.40780765,113641797.4375801,143227399.04687506,124301473.30174515,114428849.2948701,127523006.41752517,120663770.28531267
2022-07-25,117404652.56077012,134157934.69754522,112773455.02511759,133452890.50268261,108313646.98621508,130454440.74823512,169389096.88632506,116991767.8562175,124318920.59151267,131154323.31199765,81494784.66806008,100097211.17310756,119514248.00951262,115666701.65812755,125740841.20436758,116323413.45268762,98183068.5249526,122613777.89889753,131079450.98495513,105330073.73197764,103730158.74314763,123799212.91381763,108890184.27224264,107560605.8725226,133665237.77058515,147066026.90873265,110114935.65490511,118749810.26385017,127705903.76918262,136600865.83689255,123049523.26840016,109186028.39187513,123132941.34626767,132978582.16990507,119754132.72097513,116203721.37438013,109218190.33984019,113290861.26204006,117012155.29908264,94290024.72950256,148503014.87529504,124173076.70937258,118415889.66521508,131300724.15650265,102808190.40780765,113641797.4375801,143227399.04687506,124301473.30174515,114428849.2948701,127523006.41752517,120663770.28531267
2022-07-26,117404652.56077012,134157934.69754522,112773455.02511759,133452890.50268261,108313646.98621508,130454440.74823512,169389096.88632506,116991767.8562175,124318920.59151267,131154323.31199765,81494784.66806008,100097211.17310756,119514248.00951262,115666701.65812755,125740841.20436758,116323413.45268762,98183068.5249526,122613777.89889753,131079450.98495513,105330073.73197764,103730158.74314763,123799212.91381763,108890184.27224264,107560605.8725226,133665237.77058515,147066026.90873265,110114935.65490511,118749810.26385017,127705903.76918262,136600865.83689255,123049523.26840016,109186028.39187513,123132941.34626767,132978582.16990507,119754132.72097513,116203721.37438013,109218190.33984019,113290861.26204006,117012155.29908264,94290024.72950256,148503014.87529504,124173076.70937258,118415889.66521508,131300724.15650265,102808190.40780765,113641797.4375801,143227399.04687506,124301473.30174515,114428849.2948701,127523006.41752517,120663770.28531267
2022-07-27,117404652.56077012,134157934.69754522,112773455.02511759,133452890.50268261,108313646.98621508,130454440.74823512,169389096.88632506,116991767.8562175,124318920.59151267,131154323.31199765,81494784.66806008,100097211.17310756,119514248.00951262,115666701.65812755,125740841.20436758,116323413.45268762,98183068.5249526,122613777.89889753,131079450.98495513,105330073.73197764,103730158.74314763,123799212.91381763,108890184.27224264,107560605.8725226,133665237.77058515,147066026.90873265,110114935.65490511,118749810.26385017,127705903.76918262,136600865.83689255,123049523.26840016,109186028.39187513,123132941.34626767,132978582.16990507,119754132.72097513,116203721.37438013,109218190.33984019,113290861.26204006,117012155.29908264,94290024.72950256,148503014.87529504,124173076.70937258,118415889.66521508,131300724.15650265,102808190.40780765,113641797.4375801,143227399.04687506,124301473.30174515,114428849.2948701,127523006.41752517,120663770.28531267
2022-07-28,117404652.56077012,134157934.69754522,112773455.02511759,133452890.50268261,108313646.98621508,130454440.74823512,169389096.88632506,116991767.8562175,124318920.59151267,131154323.31199765,81494784.66806008,100097211.17310756,119514248.00951262,115666701.65812755,125740841.20436758,116323413.45268762,98183068.5249526,122613777.89889753,131079450.98495513,105330073.73197764,103730158.74314763,123799212.91381763,108890184.27224264,107560605.8725226,133665237.77058515,147066026.90873265,110114935.65490511,118749810.26385017,127705903.76918262,136600865.83689255,123049523.26840016,109186028.39187513,123132941.34626767,132978582.16990507,119754132.72097513,116203721.37438013,109218190.33984019,113290861.26204006,117012155.29908264,94290024.72950256,148503014.87529504,124173076.70937258,118415889.66521508,131300724.15650265,102808190.40780765,113641797.4375801,143227399.04687506,124301473.30174515,114428849.2948701,127523006.41752517,120663770.28531267
2022-07-29,117404652.56077012,134157934.69754522,112773455.02511759,133452890.50268261,108313646.98621508,130454440.74823512,169389096.88632506,116991767.8562175,124318920.59151267,131154323.31199765,81494784.66806008,100097211.17310756,119514248.00951262,115666701.65812755,125740841.20436758,116323413.45268762,98183068.5249526,122613777.89889753,131079450.98495513,105330073.73197764,103730158.74314763,123799212.91381763,108890184.27224264,107560605.8725226,133665237.77058515,147066026.90873265,110114935.65490511,118749810.26385017,127705903.76918262,136600865.83689255,123049523.26840016,109186028.39187513,123132941.34626767,132978582.16990507,119754132.72097513,116203721.37438013,109218190.33984019,113290861.26204006,117012155.29908264,94290024.72950256,148503014.87529504,124173076.70937258,118415889.66521508,131300724.15650265,102808190.40780765,113641797.4375801,143227399.04687506,124301473.30174515,114428849.2948701,127523006.41752517,120663770.28531267
2022-08-01,117404652.56077012,134157934.69754522,112773455.02511759,133452890.50268261,108313646.98621508,130454440.74823512,169389096.88632506,116991767.8562175,124318920.59151267,131154323.31199765,81494784.66806008,100097211.17310756,119514248.00951262,115666701.65812755,125740841.20436758,116323413.45268762,98183068.5249526,122613777.89889753,131079450.98495513,105330073.73197764,103730158.74314763,123799212.91381763,108890184.27224264,107560605.8725226,133665237.77058515,147066026.90873265,110114935.65490511,118749810.26385017,127705903.76918262,136600865.83689255,123049523.26840016,109186028.39187513,123132941.34626767,132978582.16990507,119754132.72097513,116203721.37438013,109218190.33984019,113290861.26204006,117012155.29908264,94290024.72950256,148503014.87529504,124173076.70937258,118415889.66521508,131300724.15650265,102808190.40780765,113641797.4375801,143227399.04687506,124301473.30174515,114428849.2948701,127523006.41752517,120663770.28531267
2022-08-02,117404652.56077012,134157934.69754522,112773455.02511759,133452890.50268261,108313646.98621508,130454440.74823512,169389096.88632506,116991767.8562175,124318920.59151267,131154323.31199765,81494784.66806008,100097211.17310756,119514248.00951262,115666701.65812755,125740841.20436758,116323413.45268762,98183068.5249526,122613777.89889753,131079450.98495513,105330073.73197764,103730158.74314763,123799212.91381763,108890184.27224264,107560605.8725226,133665237.77058515,147066026.90873265,110114935.65490511,118749810.26385017,127705903.76918262,136600865.83689255,123049523.26840016,109186028.39187513,123132941.34626767,132978582.16990507,119754132.72097513,116203721.37438013,109218190.33984019,113290861.26204006,117012155.29908264,94290024.72950256,148503014.87529504,124173076.70937258,118415889.66521508,131300724.15650265,102808190.40780765,113641797.4375801,143227399.04687506,124301473.30174515,114428849.2948701,127523006.41752517,120663770.28531267
2022-08-03,117404652.56077012,134157934.69754522,112773455.02511759,133452890.50268261,108313646.98621508,130454440.74823512,169389096.88632506,116991767.8562175,124318920.59151267,131154323.31199765,81494784.66806008,100097211.17310756,119514248.00951262,115666701.65812755,125740841.20436758,116323413.45268762,98183068.5249526,122613777.89889753,131079450.98495513,105330073.73197764,103730158.74314763,123799212.91381763,108890184.27224264,107560605.8725226,133665237.77058515,147066026.90873265,110114935.65490511,118749810.26385017,127705903.76918262,136600865.83689255,123049523.26840016,109186028.39187513,123132941.34626767,132978582.16990507,119754132.72097513,116203721.37438013,109218190.33984019,113290861.26204006,117012155.29908264,94290024.72950256,148503014.87529504,124173076.70937258,118415889.66521508,131300724.15650265,102808190.40780765,113641797.4375801,143227399.04687506,124301473.30174515,114428849.2948701,127523006.41752517,120663770.28531267
2022-08-04,117404652.56077012,134157934.69754522,112773455.02511759,133452890.50268261,108313646.98621508,130454440.74823512,169389096.88632506,116991767.8562175,124318920.59151267,131154323.31199765,81494784.66806008,100097211.17310756,119514248.00951262,115666701.65812755,125740841.20436758,116323413.45268762,98183068.5249526,122613777.89889753,131079450.98495513,105330073.73197764,103730158.74314763,123799212.91381763,108890184.27224264,107560605.8725226,133665237.77058515,147066026.90873265,110114935.65490511,118749810.26385017,127705903.76918262,136600865.83689255,123049523.26840016,109186028.39187513,123132941.34626767,132978582.16990507,119754132.72097513,116203721.37438013,109218190.33984019,113290861.26204006,117012155.29908264,94290024.72950256,148503014.87529504,124173076.70937258,118415889.66521508,131300724.15650265,102808190.40780765,113641797.4375801,143227399.04687506,124301473.30174515,114428849.2948701,127523006.41752517,120663770.28531267
2022-08-05,117404652.56077012,134157934.69754522,112773455.02511759,133452890.50268261,108313646.98621508,130454440.74823512,169389096.88632506,116991767.8562175,124318920.59151267,131154323.31199765,81494784.66806008,100097211.17310756,119514248.00951262,115666701.65812755,125740841.20436758,116323413.45268762,98183068.5249526,122613777.89889753,131079450.98495513,105330073.73197764,103730158.74314763,123799212.91381763,108890184.27224264,107560605.8725226,133665237.77058515,147066026.90873265,110114935.65490511,118749810.26385017,127705903.76918262,136600865.83689255,123049523.26840016,109186028.39187513,123132941.34626767,132978582.16990507,119754132.72097513,116203721.37438013,109218190.33984019,113290861.26204006,117012155.29908264,94290024.72950256,148503014.87529504,124173076.70937258,118415889.66521508,131300724.15650265,102808190.40780765,113641797.4375801,143227399.04687506,124301473.30174515,114428849.2948701,127523006.41752517,120663770.28531267
2022-08-08,117404652.56077012,134157934.69754522,112773455.02511759,133452890.50268261,108313646.98621508,130454440.74823512,169389096.88632506,116991767.8562175,124318920.59151267,131154323.31199765,81494784.66806008,100097211.17310756,119514248.00951262,115666701.65812755,125740841.20436758,116323413.45268762,98183068.5249526,122613777.89889753,131079450.98495513,105330073.73197764,103730158.74314763,123799212.91381763,108890184.27224264,107560605.8725226,133665237.77058515,147066026.90873265,110114935.65490511,118749810.26385017,127705903.76918262,136600865.83689255,123049523.26840016,109186028.39187513,123132941.34626767,132978582.16990507,119754132.72097513,116203721.37438013,109218190.33984019,113290861.26204006,117012155.29908264,94290024.72950256,148503014.87529504,124173076.70937258,118415889.66521508,131300724.15650265,102808190.40780765,113641797.4375801,143227399.04687506,124301473.30174515,114428849.2948701,127523006.41752517,120663770.28531267
2022-08-09,117404652.56077012,134157934.69754522,112773455.02511759,133452890.50268261,108313646.98621508,130454440.74823512,169389096.88632506,116991767.8562175,124318920.59151267,131154323.31199765,81494784.66806008,100097211.17310756,119514248.00951262,115666701.65812755,125740841.20436758,116323413.45268762,98183068.5249526,122613777.89889753,131079450.98495513,105330073.73197764,103730158.74314763,123799212.91381763,108890184.27224264,107560605.8725226,133665237.77058515,147066026.90873265,110114935.65490511,118749810.26385017,127705903.76918262,136600865.83689255,123049523.26840016,109186028.39187513,123132941.34626767,132978582.16990507,119754132.72097513,116203721.37438013,109218190.33984019,113290861.26204006,117012155.29908264,94290024.72950256,148503014.87529504,124173076.70937258,118415889.66521508,131300724.15650265,102808190.40780765,113641797.4375801,143227399.04687506,124301473.30174515,114428849.2948701,127523006.41752517,120663770.28531267
2022-08-10,117404652.56077012,134157934.69754522,112773455.02511759,133452890.50268261,108313646.98621508,130454440.74823512,169389096.88632506,116991767.8562175,124318920.59151267,131154323.31199765,81494784.66806008,100097211.17310756,119514248.00951262,115666701.65812755,125740841.20436758,116323413.45268762,98183068.5249526,122613777.89889753,131079450.98495513,105330073.73197764,103730158.74314763,123799212.91381763,108890184.27224264,107560605.8725226,133665237.77058515,147066026.90873265,110114935.65490511,118749810.26385017,127705903.76918262,136600865.83689255,123049523.26840016,109186028.39187513,123132941.34626767,132978582.16990507,119754132.72097513,116203721.37438013,109218190.33984019,113290861.26204006,117012155.29908264,94290024.72950256,148503014.87529504,124173076.70937258,118415889.66521508,131300724.15650265,102808190.40780765,113641797.4375801,143227399.04687506,124301473.30174515,114428849.2948701,127523006.41752517,120663770.28531267
2022-08-11,117404652.56077012,134157934.69754522,112773455.02511759,133452890.50268261,108313646.98621508,130454440.74823512,169389096.88632506,116991767.8562175,124318920.59151267,131154323.31199765,81494784.66806008,100097211.17310756,119514248.00951262,115666701.65812755,125740841.20436758,116323413.45268762,98183068.5249526,122613777.89889753,131079450.98495513,105330073.73197764,103730158.74314763,123799212.91381763,108890184.27224264,107560605.8725226,133665237.77058515,147066026.90873265,110114935.65490511,118749810.26385017,127705903.76918262,136600865.83689255,123049523.26840016,109186028.39187513,123132941.34626767,132978582.16990507,119754132.72097513,116203721.37438013,109218190.33984019,113290861.26204006,117012155.29908264,94290024.72950256,148503014.87529504,124173076.70937258,118415889.66521508,131300724.15650265,102808190.40780765,113641797.4375801,143227399.04687506,124301473.30174515,114428849.2948701,127523006.41752517,120663770.28531267
2022-08-12,117404652.56077012,134157934.69754522,112773455.02511759,133452890.50268261,108313646.98621508,130454440.74823512,169389096.88632506,116991767.8562175,124318920.59151267,131154323.31199765,81494784.66806008,100097211.17310756,119514248.00951262,115666701.65812755,125740841.20436758,116323413.45268762,98183068.5249526,122613777.89889753,131079450.98495513,105330073.73197764,103730158.74314763,123799212.91381763,108890184.27224264,107560605.8725226,133665237.77058515,147066026.90873265,110114935.65490511,118749810.26385017,127705903.76918262,136600865.83689255,123049523.26840016,109186028.39187513,123132941.34626767,132978582.16990507,119754132.72097513,116203721.37438013,109218190.33984019,113290861.26204006,117012155.29908264,94290024.72950256,148503014.87529504,124173076.70937258,118415889.66521508,131300724.15650265,102808190.40780765,113641797.4375801,143227399.04687506,124301473.30174515,114428849.2948701,127523006.41752517,120663770.28531267
2022-08-15,117404652.56077012,134157934.69754522,112773455.02511759,133452890.50268261,108313646.98621508,130454440.74823512,169389096.88632506,116991767.8562175,124318920.59151267,131154323.31199765,81494784.66806008,100097211.17310756,119514248.00951262,115666701.65812755,125740841.20436758,116323413.45268762,98183068.5249526,122613777.89889753,131079450.98495513,105330073.73197764,103730158.74314763,123799212.91381763,108890184.27224264,107560605.8725226,133665237.77058515,147066026.90873265,110114935.65490511,118749810.26385017,127705903.76918262,136600865.83689255,123049523.26840016,109186028.39187513,123132941.34626767,132978582.16990507,119754132.72097513,116203721.37438013,109218190.33984019,113290861.26204006,117012155.29908264,94290024.72950256,148503014.87529504,124173076.70937258,118415889.66521508,131300724.15650265,102808190.40780765,113641797.4375801,143227399.04687506,124301473.30174515,114428849.2948701,127523006.41752517,120663770.28531267
2022-08-16,117404652.56077012,134157934.69754522,112773455.02511759,133452890.50268261,108313646.98621508,130454440.74823512,169389096.88632506,116991767.8562175,124318920.59151267,131154323.31199765,81494784.66806008,100097211.17310756,119514248.00951262,115666701.65812755,125740841.20436758,116323413.45268762,98183068.5249526,122613777.89889753,131079450.98495513,105330073.73197764,103730158.74314763,123799212.91381763,108890184.27224264,107560605.8725226,133665237.77058515,147066026.90873265,110114935.65490511,118749810.26385017,127705903.76918262,136600865.83689255,123049523.26840016,109186028.39187513,123132941.34626767,132978582.16990507,119754132.72097513,116203721.37438013,109218190.33984019,113290861.26204006,117012155.29908264,94290024.72950256,148503014.87529504,124173076.70937258,118415889.66521508,131300724.15650265,102808190.40780765,113641797.4375801,143227399.04687506,124301473.30174515,114428849.2948701,127523006.41752517,120663770.28531267
2022-08-17,117404652.56077012,134157934.69754522,112773455.02511759,133452890.50268261,108313646.98621508,130454440.74823512,169389096.88632506,116991767.8562175,124318920.59151267,131154323.31199765,81494784.66806008,100097211.17310756,119514248.00951262,115666701.65812755,125740841.20436758,116323413.45268762,98183068.5249526,122613777.89889753,131079450.98495513,105330073.73197764,103730158.74314763,123799212.91381763,108890184.27224264,107560605.8725226,133665237.77058515,147066026.90873265,110114935.65490511,118749810.26385017,127705903.76918262,136600865.83689255,123049523.26840016,109186028.39187513,123132941.34626767,132978582.16990507,119754132.72097513,116203721.37438013,109218190.33984019,113290861.26204006,117012155.29908264,94290024.72950256,148503014.87529504,124173076.70937258,118415889.66521508,131300724.15650265,102808190.40780765,113641797.4375801,143227399.04687506,124301473.30174515,114428849.2948701,127523006.41752517,120663770.28531267
2022-08-18,117404652.56077012,134157934.69754522,112773455.02511759,133452890.50268261,108313646.98621508,130454440.74823512,169389096.88632506,116991767.8562175,124318920.59151267,131154323.31199765,81494784.66806008,100097211.17310756,119514248.00951262,115666701.65812755,125740841.20436758,116323413.45268762,98183068.5249526,122613777.89889753,131079450.98495513,105330073.73197764,103730158.74314763,123799212.91381763,108890184.27224264,107560605.8725226,133665237.77058515,147066026.90873265,110114935.65490511,118749810.26385017,127705903.76918262,136600865.83689255,123049523.26840016,109186028.39187513,123132941.34626767,132978582.16990507,119754132.72097513,116203721.37438013,109218190.33984019,113290861.26204006,117012155.29908264,94290024.72950256,148503014.87529504,124173076.70937258,118415889.66521508,131300724.15650265,102808190.40780765,113641797.4375801,143227399.04687506,124301473.30174515,114428849.2948701,127523006.41752517,120663770.28531267
2022-08-19,117404652.56077012,134157934.69754522,112773455.02511759,133452890.50268261,108313646.98621508,130454440.74823512,169389096.88632506,116991767.8562175,124318920.59151267,131154323.31199765,81494784.66806008,100097211.17310756,119514248.00951262,115666701.65812755,125740841.20436758,116323413.45268762,98183068.5249526,122613777.89889753,131079450.98495513,105330073.73197764,103730158.74314763,123799212.91381763,108890184.27224264,107560605.8725226,133665237.77058515,147066026.90873265,110114935.65490511,118749810.26385017,127705903.76918262,136600865.83689255,123049523.26840016,109186028.39187513,123132941.34626767,132978582.16990507,119754132.72097513,116203721.37438013,109218190.33984019,113290861.26204006,117012155.29908264,94290024.72950256,148503014.87529504,124173076.70937258,118415889.66521508,131300724.15650265,102808190.40780765,113641797.4375801,143227399.04687506,124301473.30174515,114428849.2948701,127523006.41752517,120663770.28531267
2022-08-22,117404652.56077012,134157934.69754522,112773455.02511759,133452890.50268261,108313646.98621508,130454440.74823512,169389096.88632506,116991767.8562175,124318920.59151267,131154323.31199765,81494784.66806008,100097211.17310756,119514248.00951262,115666701.65812755,125740841.20436758,116323413.45268762,98183068.5249526,122613777.89889753,131079450.98495513,105330073.73197764,103730158.74314763,123799212.91381763,108890184.27224264,107560605.8725226,133665237.77058515,147066026.90873265,110114935.65490511,118749810.26385017,127705903.76918262,136600865.83689255,123049523.26840016,109186028.39187513,123132941.34626767,132978582.16990507,119754132.72097513,116203721.37438013,109218190.33984019,113290861.26204006,117012155.29908264,94290024.72950256,148503014.87529504,124173076.70937258,118415889.66521508,131300724.15650265,102808190.40780765,113641797.4375801,143227399.04687506,124301473.30174515,114428849.2948701,127523006.41752517,120663770.28531267
2022-08-23,117404652.56077012,134157934.69754522,112773455.02511759,133452890.50268261,108313646.98621508,130454440.74823512,169389096.88632506,116991767.8562175,124318920.59151267,131154323.31199765,81494784.66806008,100097211.17310756,119514248.00951262,115666701.65812755,125740841.20436758,116323413.45268762,98183068.5249526,122613777.89889753,131079450.98495513,105330073.73197764,103730158.74314763,123799212.91381763,108890184.27224264,107560605.8725226,133665237.77058515,147066026.90873265,110114935.65490511,118749810.26385017,127705903.76918262,136600865.83689255,123049523.26840016,109186028.39187513,123132941.34626767,132978582.16990507,119754132.72097513,116203721.37438013,109218190.33984019,113290861.26204006,117012155.29908264,94290024.72950256,148503014.87529504,124173076.70937258,118415889.66521508,131300724.15650265,102808190.40780765,113641797.4375801,143227399.04687506,124301473.30174515,114428849.2948701,127523006.41752517,120663770.28531267
2022-08-24,117404652.56077012,134157934.69754522,112773455.02511759,133452890.50268261,108313646.98621508,130454440.74823512,169389096.88632506,116991767.8562175,124318920.59151267,131154323.31199765,81494784.66806008,100097211.17310756,119514248.00951262,115666701.65812755,125740841.20436758,116323413.45268762,98183068.5249526,122613777.89889753,131079450.98495513,105330073.73197764,103730158.74314763,123799212.91381763,108890184.27224264,107560605.8725226,133665237.77058515,147066026.90873265,110114935.65490511,118749810.26385017,127705903.76918262,136600865.83689255,123049523.26840016,109186028.39187513,123132941.34626767,132978582.16990507,119754132.72097513,116203721.37438013,109218190.33984019,113290861.26204006,117012155.29908264,94290024.72950256,148503014.87529504,124173076.70937258,118415889.66521508,131300724.15650265,102808190.40780765,113641797.4375801,143227399.04687506,124301473.30174515,114428849.2948701,127523006.41752517,120663770.28531267
2022-08-25,117404652.56077012,134157934.69754522,112773455.02511759,133452890.50268261,108313646.98621508,130454440.74823512,169389096.88632506,116991767.8562175,124318920.59151267,131154323.31199765,81494784.66806008,100097211.17310756,119514248.00951262,115666701.65812755,125740841.20436758,116323413.45268762,98183068.5249526,122613777.89889753,131079450.98495513,105330073.73197764,103730158.74314763,123799212.91381763,108890184.27224264,107560605.8725226,133665237.77058515,147066026.90873265,110114935.65490511,118749810.26385017,127705903.76918262,136600865.83689255,123049523.26840016,109186028.39187513,123132941.34626767,132978582.16990507,119754132.72097513,116203721.37438013,109218190.33984019,113290861.26204006,117012155.29908264,94290024.72950256,148503014.87529504,124173076.70937258,118415889.66521508,131300724.15650265,102808190.40780765,113641797.4375801,143227399.04687506,124301473.30174515,114428849.2948701,127523006.41752517,120663770.28531267
2022-08-26,117404652.56077012,134157934.69754522,112773455.02511759,133452890.50268261,108313646.98621508,130454440.74823512,169389096.88632506,116991767.8562175,124318920.59151267,131154323.31199765,81494784.66806008,100097211.17310756,119514248.00951262,115666701.65812755,125740841.20436758,116323413.45268762,98183068.5249526,122613777.89889753,131079450.98495513,105330073.73197764,103730158.74314763,123799212.91381763,108890184.27224264,107560605.8725226,133665237.77058515,147066026.90873265,110114935.65490511,118749810.26385017,127705903.76918262,136600865.83689255,123049523.26840016,109186028.39187513,123132941.34626767,132978582.16990507,119754132.72097513,116203721.37438013,109218190.33984019,113290861.26204006,117012155.29908264,94290024.72950256,148503014.87529504,124173076.70937258,118415889.66521508,131300724.15650265,102808190.40780765,113641797.4375801,143227399.04687506,124301473.30174515,114428849.2948701,127523006.41752517,120663770.28531267
2022-08-29,117404652.56077012,134157934.69754522,112773455.02511759,133452890.50268261,108313646.98621508,130454440.74823512,169389096.88632506,116991767.8562175,124318920.59151267,131154323.31199765,81494784.66806008,100097211.17310756,119514248.00951262,115666701.65812755,125740841.20436758,116323413.45268762,98183068.5249526,122613777.89889753,131079450.98495513,105330073.73197764,103730158.74314763,123799212.91381763,108890184.27224264,107560605.8725226,133665237.77058515,147066026.90873265,110114935.65490511,118749810.26385017,127705903.76918262,136600865.83689255,123049523.26840016,109186028.39187513,123132941.34626767,132978582.16990507,119754132.72097513,116203721.37438013,109218190.33984019,113290861.26204006,117012155.29908264,94290024.72950256,148503014.87529504,124173076.70937258,118415889.66521508,131300724.15650265,102808190.40780765,113641797.4375801,143227399.04687506,124301473.30174515,114428849.2948701,127523006.41752517,120663770.28531267
2022-08-30,117404652.56077012,134157934.69754522,112773455.02511759,133452890.50268261,108313646.98621508,130454440.74823512,169389096.88632506,116991767.8562175,124318920.59151267,131154323.31199765,81494784.66806008,100097211.17310756,119514248.00951262,115666701.65812755,125740841.20436758,116323413.45268762,98183068.5249526,122613777.89889753,131079450.98495513,105330073.73197764,103730158.74314763,123799212.91381763,108890184.27224264,107560605.8725226,133665237.77058515,147066026.90873265,110114935.65490511,118749810.26385017,127705903.76918262,136600865.83689255,123049523.26840016,109186028.39187513,123132941.34626767,132978582.16990507,119754132.72097513,116203721.37438013,109218190.33984019,113290861.26204006,117012155.29908264,94290024.72950256,148503014.87529504,124173076.70937258,118415889.66521508,131300724.15650265,102808190.40780765,113641797.4375801,143227399.04687506,124301473.30174515,114428849.2948701,127523006.41752517,120663770.28531267
2022-08-31,117404652.56077012,134157934.69754522,112773455.02511759,133452890.50268261,108313646.98621508,130454440.74823512,169389096.88632506,116991767.8562175,124318920.59151267,131154323.31199765,81494784.66806008,100097211.17310756,119514248.00951262,115666701.65812755,125740841.20436758,116323413.45268762,98183068.5249526,122613777.89889753,131079450.98495513,105330073.73197764,103730158.74314763,123799212.91381763,108890184.27224264,107560605.8725226,133665237.77058515,147066026.90873265,110114935.65490511,118749810.26385017,127705903.76918262,136600865.83689255,123049523.26840016,109186028.39187513,123132941.34626767,132978582.16990507,119754132.72097513,116203721.37438013,109218190.33984019,113290861.26204006,117012155.29908264,94290024.72950256,148503014.87529504,124173076.70937258,118415889.66521508,131300724.15650265,102808190.40780765,113641797.4375801,143227399.04687506,124301473.30174515,114428849.2948701,127523006.41752517,120663770.28531267
2022-09-05,117404652.56077012,134157934.69754522,112773455.02511759,133452890.50268261,108313646.98621508,130454440.74823512,169389096.88632506,116991767.8562175,124318920.59151267,131154323.31199765,81494784.66806008,100097211.17310756,119514248.00951262,115666701.65812755,125740841.20436758,116323413.45268762,98183068.5249526,122613777.89889753,131079450.98495513,105330073.73197764,103730158.74314763,123799212.91381763,108890184.27224264,107560605.8725226,133665237.77058515,147066026.90873265,110114935.65490511,118749810.26385017,127705903.76918262,136600865.83689255,123049523.26840016,109186028.39187513,123132941.34626767,132978582.16990507,119754132.72097513,116203721.37438013,109218190.33984019,113290861.26204006,117012155.29908264,94290024.72950256,148503014.87529504,124173076.70937258,118415889.66521508,131300724.15650265,102808190.40780765,113641797.4375801,143227399.04687506,124301473.30174515,114428849.2948701,127523006.41752517,120663770.28531267
2022-09-06,117404652.56077012,134157934.69754522,112773455.02511759,133452890.50268261,108313646.98621508,130454440.74823512,169389096.88632506,116991767.8562175,124318920.59151267,131154323.31199765,81494784.66806008,100097211.17310756,119514248.00951262,115666701.65812755,125740841.20436758,116323413.45268762,98183068.5249526,122613777.89889753,131079450.98495513,105330073.73197764,103730158.74314763,123799212.91381763,108890184.27224264,107560605.8725226,133665237.77058515,147066026.90873265,110114935.65490511,118749810.26385017,127705903.76918262,136600865.83689255,123049523.26840016,109186028.39187513,123132941.34626767,132978582.16990507,119754132.72097513,116203721.37438013,109218190.33984019,113290861.26204006,117012155.29908264,94290024.72950256,148503014.87529504,124173076.70937258,118415889.66521508,131300724.15650265,102808190.40780765,113641797.4375801,143227399.04687506,124301473.30174515,114428849.2948701,127523006.41752517,120663770.28531267
2022-09-07,117404652.56077012,134157934.69754522,112773455.02511759,133452890.50268261,108313646.98621508,130454440.74823512,169389096.88632506,116991767.8562175,124318920.59151267,131154323.31199765,81494784.66806008,100097211.17310756,119514248.00951262,115666701.65812755,125740841.20436758,116323413.45268762,98183068.5249526,122613777.89889753,131079450.98495513,105330073.73197764,103730158.74314763,123799212.91381763,108890184.27224264,107560605.8725226,133665237.77058515,147066026.90873265,110114935.65490511,118749810.26385017,127705903.76918262,136600865.83689255,123049523.26840016,109186028.39187513,123132941.34626767,132978582.16990507,119754132.72097513,116203721.37438013,109218190.33984019,113290861.26204006,117012155.29908264,94290024.72950256,148503014.87529504,124173076.70937258,118415889.66521508,131300724.15650265,102808190.40780765,113641797.4375801,143227399.04687506,124301473.30174515,114428849.2948701,127523006.41752517,120663770.28531267
2022-09-08,117404652.56077012,134157934.69754522,112773455.02511759,133452890.50268261,108313646.98621508,130454440.74823512,169389096.88632506,116991767.8562175,124318920.59151267,131154323.31199765,81494784.66806008,100097211.17310756,119514248.00951262,115666701.65812755,125740841.20436758,116323413.45268762,98183068.5249526,122613777.89889753,131079450.98495513,105330073.73197764,103730158.74314763,123799212.91381763,108890184.27224264,107560605.8725226,133665237.77058515,147066026.90873265,110114935.65490511,118749810.26385017,127705903.76918262,136600865.83689255,123049523.26840016,109186028.39187513,123132941.34626767,132978582.16990507,119754132.72097513,116203721.37438013,109218190.33984019,113290861.26204006,117012155.29908264,94290024.72950256,148503014.87529504,124173076.70937258,118415889.66521508,131300724.15650265,102808190.40780765,113641797.4375801,143227399.04687506,124301473.30174515,114428849.2948701,127523006.41752517,120663770.28531267
2022-09-09,117404652.56077012,134157934.69754522,112773455.02511759,133452890.50268261,108313646.98621508,130454440.74823512,169389096.88632506,116991767.8562175,124318920.59151267,131154323.31199765,81494784.66806008,100097211.17310756,119514248.00951262,115666701.65812755,125740841.20436758,116323413.45268762,98183068.5249526,122613777.89889753,131079450.98495513,105330073.73197764,103730158.74314763,123799212.91381763,108890184.27224264,107560605.8725226,133665237.77058515,147066026.90873265,110114935.65490511,118749810.26385017,127705903.76918262,136600865.83689255,123049523.26840016,109186028.39187513,123132941.34626767,132978582.16990507,119754132.72097513,116203721.37438013,109218190.33984019,113290861.26204006,117012155.29908264,94290024.72950256,148503014.87529504,124173076.70937258,118415889.66521508,131300724.15650265,102808190.40780765,113641797.4375801,143227399.04687506,124301473.30174515,114428849.2948701,127523006.41752517,120663770.28531267
2022-09-12,117404652.56077012,134157934.69754522,112773455.02511759,133452890.50268261,108313646.98621508,130454440.74823512,169389096.88632506,116991767.8562175,124318920.59151267,131154323.31199765,81494784.66806008,100097211.17310756,119514248.00951262,115666701.65812755,125740841.20436758,116323413.45268762,98183068.5249526,122613777.89889753,131079450.98495513,105330073.73197764,103730158.74314763,123799212.91381763,108890184.27224264,107560605.8725226,133665237.77058515,147066026.90873265,110114935.65490511,118749810.26385017,127705903.76918262,136600865.83689255,123049523.26840016,109186028.39187513,123132941.34626767,132978582.16990507,119754132.72097513,116203721.37438013,109218190.33984019,113290861.26204006,117012155.29908264,94290024.72950256,148503014.87529504,124173076.70937258,118415889.66521508,131300724.15650265,102808190.40780765,113641797.4375801,143227399.04687506,124301473.30174515,114428849.2948701,127523006.41752517,120663770.28531267
2022-09-13,117404652.56077012,134157934.69754522,112773455.02511759,133452890.50268261,108313646.98621508,130454440.74823512,169389096.88632506,116991767.8562175,124318920.59151267,131154323.31199765,81494784.66806008,100097211.17310756,119514248.00951262,115666701.65812755,125740841.20436758,116323413.45268762,98183068.5249526,122613777.89889753,131079450.98495513,105330073.73197764,103730158.74314763,123799212.91381763,108890184.27224264,107560605.8725226,133665237.77058515,147066026.90873265,110114935.65490511,118749810.26385017,127705903.76918262,136600865.83689255,123049523.26840016,109186028.39187513,123132941.34626767,132978582.16990507,119754132.72097513,116203721.37438013,109218190.33984019,113290861.26204006,117012155.29908264,94290024.72950256,148503014.87529504,124173076.70937258,118415889.66521508,131300724.15650265,102808190.40780765,113641797.4375801,143227399.04687506,124301473.30174515,114428849.2948701,127523006.41752517,120663770.28531267
2022-09-14,117404652.56077012,134157934.69754522,112773455.02511759,133452890.50268261,108313646.98621508,130454440.74823512,169389096.88632506,116991767.8562175,124318920.59151267,131154323.31199765,81494784.66806008,100097211.17310756,119514248.00951262,115666701.65812755,125740841.20436758,116323413.45268762,98183068.5249526,122613777.89889753,131079450.98495513,105330073.73197764,103730158.74314763,123799212.91381763,108890184.27224264,107560605.8725226,133665237.77058515,147066026.90873265,110114935.65490511,118749810.26385017,127705903.76918262,136600865.83689255,123049523.26840016,109186028.39187513,123132941.34626767,132978582.16990507,119754132.72097513,116203721.37438013,109218190.33984019,113290861.26204006,117012155.29908264,94290024.72950256,148503014.87529504,124173076.70937258,118415889.66521508,131300724.15650265,102808190.40780765,113641797.4375801,143227399.04687506,124301473.30174515,114428849.2948701,127523006.41752517,120663770.28531267
2022-09-15,117404652.56077012,134157934.69754522,112773455.02511759,133452890.50268261,108313646.98621508,130454440.74823512,169389096.88632506,116991767.8562175,124318920.59151267,131154323.31199765,81494784.66806008,100097211.17310756,119514248.00951262,115666701.65812755,125740841.20436758,116323413.45268762,98183068.5249526,122613777.89889753,131079450.98495513,105330073.73197764,103730158.74314763,123799212.91381763,108890184.27224264,107560605.8725226,133665237.77058515,147066026.90873265,110114935.65490511,118749810.26385017,127705903.76918262,136600865.83689255,123049523.26840016,109186028.39187513,123132941.34626767,132978582.16990507,119754132.72097513,116203721.37438013,109218190.33984019,113290861.26204006,117012155.29908264,94290024.72950256,148503014.87529504,124173076.70937258,118415889.66521508,131300724.15650265,102808190.40780765,113641797.4375801,143227399.04687506,124301473.30174515,114428849.2948701,127523006.41752517,120663770.28531267
2022-09-16,117404652.56077012,134157934.69754522,112773455.02511759,133452890.50268261,108313646.98621508,130454440.74823512,169389096.88632506,116991767.8562175,124318920.59151267,131154323.31199765,81494784.66806008,100097211.17310756,119514248.00951262,115666701.65812755,125740841.20436758,116323413.45268762,98183068.5249526,122613777.89889753,131079450.98495513,105330073.73197764,103730158.74314763,123799212.91381763,108890184.27224264,107560605.8725226,133665237.77058515,147066026.90873265,110114935.65490511,118749810.26385017,127705903.76918262,136600865.83689255,123049523.26840016,109186028.39187513,123132941.34626767,132978582.16990507,119754132.72097513,116203721.37438013,109218190.33984019,113290861.26204006,117012155.29908264,94290024.72950256,148503014.87529504,124173076.70937258,118415889.66521508,131300724.15650265,102808190.40780765,113641797.4375801,143227399.04687506,124301473.30174515,114428849.2948701,127523006.41752517,120663770.28531267
2022-09-19,117404652.56077012,134157934.69754522,112773455.02511759,133452890.50268261,108313646.98621508,130454440.74823512,169389096.88632506,116991767.8562175,124318920.59151267,131154323.31199765,81494784.66806008,100097211.17310756,119514248.00951262,115666701.65812755,125740841.20436758,116323413.45268762,98183068.5249526,122613777.89889753,131079450.98495513,105330073.73197764,103730158.74314763,123799212.91381763,108890184.27224264,107560605.8725226,133665237.77058515,147066026.90873265,110114935.65490511,118749810.26385017,127705903.76918262,136600865.83689255,123049523.26840016,109186028.39187513,123132941.34626767,132978582.16990507,119754132.72097513,116203721.37438013,109218190.33984019,113290861.26204006,117012155.29908264,94290024.72950256,148503014.87529504,124173076.70937258,118415889.66521508,131300724.15650265,102808190.40780765,113641797.4375801,143227399.04687506,124301473.30174515,114428849.2948701,127523006.41752517,120663770.28531267
2022-09-20,117404652.56077012,134157934.69754522,112773455.02511759,133452890.50268261,108313646.98621508,130454440.74823512,169389096.88632506,116991767.8562175,124318920.59151267,131154323.31199765,81494784.66806008,100097211.17310756,119514248.00951262,115666701.65812755,125740841.20436758,116323413.45268762,98183068.5249526,122613777.89889753,131079450.98495513,105330073.73197764,103730158.74314763,123799212.91381763,108890184.27224264,107560605.8725226,133665237.77058515,147066026.90873265,110114935.65490511,118749810.26385017,127705903.76918262,136600865.83689255,123049523.26840016,109186028.39187513,123132941.34626767,132978582.16990507,119754132.72097513,116203721.37438013,109218190.33984019,113290861.26204006,117012155.29908264,94290024.72950256,148503014.87529504,124173076.70937258,118415889.66521508,131300724.15650265,102808190.40780765,113641797.4375801,143227399.04687506,124301473.30174515,114428849.2948701,127523006.41752517,120663770.28531267
2022-09-21,117404652.56077012,134157934.69754522,112773455.02511759,133452890.50268261,108313646.98621508,130454440.74823512,169389096.88632506,116991767.8562175,124318920.59151267,131154323.31199765,81494784.66806008,100097211.17310756,119514248.00951262,115666701.65812755,125740841.20436758,116323413.45268762,98183068.5249526,122613777.89889753,131079450.98495513,105330073.73197764,103730158.74314763,123799212.91381763,108890184.27224264,107560605.8725226,133665237.77058515,147066026.90873265,110114935.65490511,118749810.26385017,127705903.76918262,136600865.83689255,123049523.26840016,109186028.39187513,123132941.34626767,132978582.16990507,119754132.72097513,116203721.37438013,109218190.33984019,113290861.26204006,117012155.29908264,94290024.72950256,148503014.87529504,124173076.70937258,118415889.66521508,131300724.15650265,102808190.40780765,113641797.4375801,143227399.04687506,124301473.30174515,114428849.2948701,127523006.41752517,120663770.28531267
2022-09-22,117404652.56077012,134157934.69754522,112773455.02511759,133452890.50268261,108313646.98621508,130454440.74823512,169389096.88632506,116991767.8562175,124318920.59151267,131154323.31199765,81494784.66806008,100097211.17310756,119514248.00951262,115666701.65812755,125740841.20436758,116323413.45268762,98183068.5249526,122613777.89889753,131079450.98495513,105330073.73197764,103730158.74314763,123799212.91381763,108890184.27224264,107560605.8725226,133665237.77058515,147066026.90873265,110114935.65490511,118749810.26385017,127705903.76918262,136600865.83689255,123049523.26840016,109186028.39187513,123132941.34626767,132978582.16990507,119754132.72097513,116203721.37438013,109218190.33984019,113290861.26204006,117012155.29908264,94290024.72950256,148503014.87529504,124173076.70937258,118415889.66521508,131300724.15650265,102808190.40780765,113641797.4375801,143227399.04687506,124301473.30174515,114428849.2948701,127523006.41752517,120663770.28531267
2022-09-23,117404652.56077012,134157934.69754522,112773455.02511759,133452890.50268261,108313646.98621508,130454440.74823512,169389096.88632506,116991767.8562175,124318920.59151267,131154323.31199765,81494784.66806008,100097211.17310756,119514248.00951262,115666701.65812755,125740841.20436758,116323413.45268762,98183068.5249526,122613777.89889753,131079450.98495513,105330073.73197764,103730158.74314763,123799212.91381763,108890184.27224264,107560605.8725226,133665237.77058515,147066026.90873265,110114935.65490511,118749810.26385017,127705903.76918262,136600865.83689255,123049523.26840016,109186028.39187513,123132941.34626767,132978582.16990507,119754132.72097513,116203721.37438013,109218190.33984019,113290861.26204006,117012155.29908264,94290024.72950256,148503014.87529504,124173076.70937258,118415889.66521508,131300724.15650265,102808190.40780765,113641797.4375801,143227399.04687506,124301473.30174515,114428849.2948701,127523006.41752517,120663770.28531267
2022-09-26,117404652.56077012,134157934.69754522,112773455.02511759,133452890.50268261,108313646.98621508,130454440.74823512,169389096.88632506,116991767.8562175,124318920.59151267,131154323.31199765,81494784.66806008,100097211.17310756,119514248.00951262,115666701.65812755,125740841.20436758,116323413.45268762,98183068.5249526,122613777.89889753,131079450.98495513,105330073.73197764,103730158.74314763,123799212.91381763,108890184.27224264,107560605.8725226,133665237.77058515,147066026.90873265,110114935.65490511,118749810.26385017,127705903.76918262,136600865.83689255,123049523.26840016,109186028.39187513,123132941.34626767,132978582.16990507,119754132.72097513,116203721.37438013,109218190.33984019,113290861.26204006,117012155.29908264,94290024.72950256,148503014.87529504,124173076.70937258,118415889.66521508,131300724.15650265,102808190.40780765,113641797.4375801,143227399.04687506,124301473.30174515,114428849.2948701,127523006.41752517,120663770.28531267
2022-09-27,117404652.56077012,134157934.69754522,112773455.02511759,133452890.50268261,108313646.98621508,130454440.74823512,169389096.88632506,116991767.8562175,124318920.59151267,131154323.31199765,81494784.66806008,100097211.17310756,119514248.00951262,115666701.65812755,125740841.20436758,116323413.45268762,98183068.5249526,122613777.89889753,131079450.98495513,105330073.73197764,103730158.74314763,123799212.91381763,108890184.27224264,107560605.8725226,133665237.77058515,147066026.90873265,110114935.65490511,118749810.26385017,127705903.76918262,136600865.83689255,123049523.26840016,109186028.39187513,123132941.34626767,132978582.16990507,119754132.72097513,116203721.37438013,109218190.33984019,113290861.26204006,117012155.29908264,94290024.72950256,148503014.87529504,124173076.70937258,118415889.66521508,131300724.15650265,102808190.40780765,113641797.4375801,143227399.04687506,124301473.30174515,114428849.2948701,127523006.41752517,120663770.28531267
2022-09-28,117404652.56077012,134157934.69754522,112773455.02511759,133452890.50268261,108313646.98621508,130454440.74823512,169389096.88632506,116991767.8562175,124318920.59151267,131154323.31199765,81494784.66806008,100097211.17310756,119514248.00951262,115666701.65812755,125740841.20436758,116323413.45268762,98183068.5249526,122613777.89889753,131079450.98495513,105330073.73197764,103730158.74314763,123799212.91381763,108890184.27224264,107560605.8725226,133665237.77058515,147066026.90873265,110114935.65490511,118749810.26385017,127705903.76918262,136600865.83689255,123049523.26840016,109186028.39187513,123132941.34626767,132978582.16990507,119754132.72097513,116203721.37438013,109218190.33984019,113290861.26204006,117012155.29908264,94290024.72950256,148503014.87529504,124173076.70937258,118415889.66521508,131300724.15650265,102808190.40780765,113641797.4375801,143227399.04687506,124301473.30174515,114428849.2948701,127523006.41752517,120663770.28531267
2022-09-29,117404652.56077012,134157934.69754522,112773455.02511759,133452890.50268261,108313646.98621508,130454440.74823512,169389096.88632506,116991767.8562175,124318920.59151267,131154323.31199765,81494784.66806008,100097211.17310756,119514248.00951262,115666701.65812755,125740841.20436758,116323413.45268762,98183068.5249526,122613777.89889753,131079450.98495513,105330073.73197764,103730158.74314763,123799212.91381763,108890184.27224264,107560605.8725226,133665237.77058515,147066026.90873265,110114935.65490511,118749810.26385017,127705903.76918262,136600865.83689255,123049523.26840016,109186028.39187513,123132941.34626767,132978582.16990507,119754132.72097513,116203721.37438013,109218190.33984019,113290861.26204006,117012155.29908264,94290024.72950256,148503014.87529504,124173076.70937258,118415889.66521508,131300724.15650265,102808190.40780765,113641797.4375801,143227399.04687506,124301473.30174515,114428849.2948701,127523006.41752517,120663770.28531267
2022-09-30,117404652.56077012,134157934.69754522,112773455.02511759,133452890.50268261,108313646.98621508,130454440.74823512,169389096.88632506,116991767.8562175,124318920.59151267,131154323.31199765,81494784.66806008,100097211.17310756,119514248.00951262,115666701.65812755,125740841.20436758,116323413.45268762,98183068.5249526,122613777.89889753,131079450.98495513,105330073.73197764,103730158.74314763,123799212.91381763,108890184.27224264,107560605.8725226,133665237.77058515,147066026.90873265,110114935.65490511,118749810.26385017,127705903.76918262,136600865.83689255,123049523.26840016,109186028.39187513,123132941.34626767,132978582.16990507,119754132.72097513,116203721.37438013,109218190.33984019,113290861.26204006,117012155.29908264,94290024.72950256,148503014.87529504,124173076.70937258,118415889.66521508,131300724.15650265,102808190.40780765,113641797.4375801,143227399.04687506,124301473.30174515,114428849.2948701,127523006.41752517,120663770.28531267
2022-10-03,117404652.56077012,134157934.69754522,112773455.02511759,133452890.50268261,108313646.98621508,130454440.74823512,169389096.88632506,116991767.8562175,124318920.59151267,131154323.31199765,81494784.66806008,100097211.17310756,119514248.00951262,115666701.65812755,125740841.20436758,116323413.45268762,98183068.5249526,122613777.89889753,131079450.98495513,105330073.73197764,103730158.74314763,123799212.91381763,108890184.27224264,107560605.8725226,133665237.77058515,147066026.90873265,110114935.65490511,118749810.26385017,127705903.76918262,136600865.83689255,123049523.26840016,109186028.39187513,123132941.34626767,132978582.16990507,119754132.72097513,116203721.37438013,109218190.33984019,113290861.26204006,117012155.29908264,94290024.72950256,148503014.87529504,124173076.70937258,118415889.66521508,131300724.15650265,102808190.40780765,113641797.4375801,143227399.04687506,124301473.30174515,114428849.2948701,127523006.41752517,120663770.28531267
2022-10-04,117404652.56077012,134157934.69754522,112773455.02511759,133452890.50268261,108313646.98621508,130454440.74823512,169389096.88632506,116991767.8562175,124318920.59151267,131154323.31199765,81494784.66806008,100097211.17310756,119514248.00951262,115666701.65812755,125740841.20436758,116323413.45268762,98183068.5249526,122613777.89889753,131079450.98495513,105330073.73197764,103730158.74314763,123799212.91381763,108890184.27224264,107560605.8725226,133665237.77058515,147066026.90873265,110114935.65490511,118749810.26385017,127705903.76918262,136600865.83689255,123049523.26840016,109186028.39187513,123132941.34626767,132978582.16990507,119754132.72097513,116203721.37438013,109218190.33984019,113290861.26204006,117012155.29908264,94290024.72950256,148503014.87529504,124173076.70937258,118415889.66521508,131300724.15650265,102808190.40780765,113641797.4375801,143227399.04687506,124301473.30174515,114428849.2948701,127523006.41752517,120663770.28531267
2022-10-05,117404652.56077012,134157934.69754522,112773455.02511759,133452890.50268261,108313646.98621508,130454440.74823512,169389096.88632506,116991767.8562175,124318920.59151267,131154323.31199765,81494784.66806008,100097211.17310756,119514248.00951262,115666701.65812755,125740841.20436758,116323413.45268762,98183068.5249526,122613777.89889753,131079450.98495513,105330073.73197764,103730158.74314763,123799212.91381763,108890184.27224264,107560605.8725226,133665237.77058515,147066026.90873265,110114935.65490511,118749810.26385017,127705903.76918262,136600865.83689255,123049523.26840016,109186028.39187513,123132941.34626767,132978582.16990507,119754132.72097513,116203721.37438013,109218190.33984019,113290861.26204006,117012155.29908264,94290024.72950256,148503014.87529504,124173076.70937258,118415889.66521508,131300724.15650265,102808190.40780765,113641797.4375801,143227399.04687506,124301473.30174515,114428849.2948701,127523006.41752517,120663770.28531267
2022-10-06,117404652.56077012,134157934.69754522,112773455.02511759,133452890.50268261,108313646.98621508,130454440.74823512,169389096.88632506,116991767.8562175,124318920.59151267,131154323.31199765,81494784.66806008,100097211.17310756,119514248.00951262,115666701.65812755,125740841.20436758,116323413.45268762,98183068.5249526,122613777.89889753,131079450.98495513,105330073.73197764,103730158.74314763,123799212.91381763,108890184.27224264,107560605.8725226,133665237.77058515,147066026.90873265,110114935.65490511,118749810.26385017,127705903.76918262,136600865.83689255,123049523.26840016,109186028.39187513,123132941.34626767,132978582.16990507,119754132.72097513,116203721.37438013,109218190.33984019,113290861.26204006,117012155.29908264,94290024.72950256,148503014.87529504,124173076.70937258,118415889.66521508,131300724.15650265,102808190.40780765,113641797.4375801,143227399.04687506,124301473.30174515,114428849.2948701,127523006.41752517,120663770.28531267
2022-10-07,117404652.56077012,134157934.69754522,112773455.02511759,133452890.50268261,108313646.98621508,130454440.74823512,169389096.88632506,116991767.8562175,124318920.59151267,131154323.31199765,81494784.66806008,100097211.17310756,119514248.00951262,115666701.65812755,125740841.20436758,116323413.45268762,98183068.5249526,122613777.89889753,131079450.98495513,105330073.73197764,103730158.74314763,123799212.91381763,108890184.27224264,107560605.8725226,133665237.77058515,147066026.90873265,110114935.65490511,118749810.26385017,127705903.76918262,136600865.83689255,123049523.26840016,109186028.39187513,123132941.34626767,132978582.16990507,119754132.72097513,116203721.37438013,109218190.33984019,113290861.26204006,117012155.29908264,94290024.72950256,148503014.87529504,124173076.70937258,118415889.66521508,131300724.15650265,102808190.40780765,113641797.4375801,143227399.04687506,124301473.30174515,114428849.2948701,127523006.41752517,120663770.28531267
2022-10-10,117404652.56077012,134157934.69754522,112773455.02511759,133452890.50268261,108313646.98621508,130454440.74823512,169389096.88632506,116991767.8562175,124318920.59151267,131154323.31199765,81494784.66806008,100097211.17310756,119514248.00951262,115666701.65812755,125740841.20436758,116323413.45268762,98183068.5249526,122613777.89889753,131079450.98495513,105330073.73197764,103730158.74314763,123799212.91381763,108890184.27224264,107560605.8725226,133665237.77058515,147066026.90873265,110114935.65490511,118749810.26385017,127705903.76918262,136600865.83689255,123049523.26840016,109186028.39187513,123132941.34626767,132978582.16990507,119754132.72097513,116203721.37438013,109218190.33984019,113290861.26204006,117012155.29908264,94290024.72950256,148503014.87529504,124173076.70937258,118415889.66521508,131300724.15650265,102808190.40780765,113641797.4375801,143227399.04687506,124301473.30174515,114428849.2948701,127523006.41752517,120663770.28531267
2022-10-11,117404652.56077012,134157934.69754522,112773455.02511759,133452890.50268261,108313646.98621508,130454440.74823512,169389096.88632506,116991767.8562175,124318920.59151267,131154323.31199765,81494784.66806008,100097211.17310756,119514248.00951262,115666701.65812755,125740841.20436758,116323413.45268762,98183068.5249526,122613777.89889753,131079450.98495513,105330073.73197764,103730158.74314763,123799212.91381763,108890184.27224264,107560605.8725226,133665237.77058515,147066026.90873265,110114935.65490511,118749810.26385017,127705903.76918262,136600865.83689255,123049523.26840016,109186028.39187513,123132941.34626767,132978582.16990507,119754132.72097513,116203721.37438013,109218190.33984019,113290861.26204006,117012155.29908264,94290024.72950256,148503014.87529504,124173076.70937258,118415889.66521508,131300724.15650265,102808190.40780765,113641797.4375801,143227399.04687506,124301473.30174515,114428849.2948701,127523006.41752517,120663770.28531267
2022-10-12,117404652.56077012,134157934.69754522,112773455.02511759,133452890.50268261,108313646.98621508,130454440.74823512,169389096.88632506,116991767.8562175,124318920.59151267,131154323.31199765,81494784.66806008,100097211.17310756,119514248.00951262,115666701.65812755,125740841.20436758,116323413.45268762,98183068.5249526,122613777.89889753,131079450.98495513,105330073.73197764,103730158.74314763,123799212.91381763,108890184.27224264,107560605.8725226,133665237.77058515,147066026.90873265,110114935.65490511,118749810.26385017,127705903.76918262,136600865.83689255,123049523.26840016,109186028.39187513,123132941.34626767,132978582.16990507,119754132.72097513,116203721.37438013,109218190.33984019,113290861.26204006,117012155.29908264,94290024.72950256,148503014.87529504,124173076.70937258,118415889.66521508,131300724.15650265,102808190.40780765,113641797.4375801,143227399.04687506,124301473.30174515,114428849.2948701,127523006.41752517,120663770.28531267
2022-10-13,117404652.56077012,134157934.69754522,112773455.02511759,133452890.50268261,108313646.98621508,130454440.74823512,169389096.88632506,116991767.8562175,124318920.59151267,131154323.31199765,81494784.66806008,100097211.17310756,119514248.00951262,115666701.65812755,125740841.20436758,116323413.45268762,98183068.5249526,122613777.89889753,131079450.98495513,105330073.73197764,103730158.74314763,123799212.91381763,108890184.27224264,107560605.8725226,133665237.77058515,147066026.90873265,110114935.65490511,118749810.26385017,127705903.76918262,136600865.83689255,123049523.26840016,109186028.39187513,123132941.34626767,132978582.16990507,119754132.72097513,116203721.37438013,109218190.33984019,113290861.26204006,117012155.29908264,94290024.72950256,148503014.87529504,124173076.70937258,118415889.66521508,131300724.15650265,102808190.40780765,113641797.4375801,143227399.04687506,124301473.30174515,114428849.2948701,127523006.41752517,120663770.28531267
2022-10-14,117404652.56077012,134157934.69754522,112773455.02511759,133452890.50268261,108313646.98621508,130454440.74823512,169389096.88632506,116991767.8562175,124318920.59151267,131154323.31199765,81494784.66806008,100097211.17310756,119514248.00951262,115666701.65812755,125740841.20436758,116323413.45268762,98183068.5249526,122613777.89889753,131079450.98495513,105330073.73197764,103730158.74314763,123799212.91381763,108890184.27224264,107560605.8725226,133665237.77058515,147066026.90873265,110114935.65490511,118749810.26385017,127705903.76918262,136600865.83689255,123049523.26840016,109186028.39187513,123132941.34626767,132978582.16990507,119754132.72097513,116203721.37438013,109218190.33984019,113290861.26204006,117012155.29908264,94290024.72950256,148503014.87529504,124173076.70937258,118415889.66521508,131300724.15650265,102808190.40780765,113641797.4375801,143227399.04687506,124301473.30174515,114428849.2948701,127523006.41752517,120663770.28531267
2022-10-17,117404652.56077012,134157934.69754522,112773455.02511759,133452890.50268261,108313646.98621508,130454440.74823512,169389096.88632506,116991767.8562175,124318920.59151267,131154323.31199765,81494784.66806008,100097211.17310756,119514248.00951262,115666701.65812755,125740841.20436758,116323413.45268762,98183068.5249526,122613777.89889753,131079450.98495513,105330073.73197764,103730158.74314763,123799212.91381763,108890184.27224264,107560605.8725226,133665237.77058515,147066026.90873265,110114935.65490511,118749810.26385017,127705903.76918262,136600865.83689255,123049523.26840016,109186028.39187513,123132941.34626767,132978582.16990507,119754132.72097513,116203721.37438013,109218190.33984019,113290861.26204006,117012155.29908264,94290024.72950256,148503014.87529504,124173076.70937258,118415889.66521508,131300724.15650265,102808190.40780765,113641797.4375801,143227399.04687506,124301473.30174515,114428849.2948701,127523006.41752517,120663770.28531267
2022-10-18,117404652.56077012,134157934.69754522,112773455.02511759,133452890.50268261,108313646.98621508,130454440.74823512,169389096.88632506,116991767.8562175,124318920.59151267,131154323.31199765,81494784.66806008,100097211.17310756,119514248.00951262,115666701.65812755,125740841.20436758,116323413.45268762,98183068.5249526,122613777.89889753,131079450.98495513,105330073.73197764,103730158.74314763,123799212.91381763,108890184.27224264,107560605.8725226,133665237.77058515,147066026.90873265,110114935.65490511,118749810.26385017,127705903.76918262,136600865.83689255,123049523.26840016,109186028.39187513,123132941.34626767,132978582.16990507,119754132.72097513,116203721.37438013,109218190.33984019,113290861.26204006,117012155.29908264,94290024.72950256,148503014.87529504,124173076.70937258,118415889.66521508,131300724.15650265,102808190.40780765,113641797.4375801,143227399.04687506,124301473.30174515,114428849.2948701,127523006.41752517,120663770.28531267
2022-10-19,117404652.56077012,134157934.69754522,112773455.02511759,133452890.50268261,108313646.98621508,130454440.74823512,169389096.88632506,116991767.8562175,124318920.59151267,131154323.31199765,81494784.66806008,100097211.17310756,119514248.00951262,115666701.65812755,125740841.20436758,116323413.45268762,98183068.5249526,122613777.89889753,131079450.98495513,105330073.73197764,103730158.74314763,123799212.91381763,108890184.27224264,107560605.8725226,133665237.77058515,147066026.90873265,110114935.65490511,118749810.26385017,127705903.76918262,136600865.83689255,123049523.26840016,109186028.39187513,123132941.34626767,132978582.16990507,119754132.72097513,116203721.37438013,109218190.33984019,113290861.26204006,117012155.29908264,94290024.72950256,148503014.87529504,124173076.70937258,118415889.66521508,131300724.15650265,102808190.40780765,113641797.4375801,143227399.04687506,124301473.30174515,114428849.2948701,127523006.41752517,120663770.28531267
2022-10-20,117404652.56077012,134157934.69754522,112773455.02511759,133452890.50268261,108313646.98621508,130454440.74823512,169389096.88632506,116991767.8562175,124318920.59151267,131154323.31199765,81494784.66806008,100097211.17310756,119514248.00951262,115666701.65812755,125740841.20436758,116323413.45268762,98183068.5249526,122613777.89889753,131079450.98495513,105330073.73197764,103730158.74314763,123799212.91381763,108890184.27224264,107560605.8725226,133665237.77058515,147066026.90873265,110114935.65490511,118749810.26385017,127705903.76918262,136600865.83689255,123049523.26840016,109186028.39187513,123132941.34626767,132978582.16990507,119754132.72097513,116203721.37438013,109218190.33984019,113290861.26204006,117012155.29908264,94290024.72950256,148503014.87529504,124173076.70937258,118415889.66521508,131300724.15650265,102808190.40780765,113641797.4375801,143227399.04687506,124301473.30174515,114428849.2948701,127523006.41752517,120663770.28531267
2022-10-21,117404652.56077012,134157934.69754522,112773455.02511759,133452890.50268261,108313646.98621508,130454440.74823512,169389096.88632506,116991767.8562175,124318920.59151267,131154323.31199765,81494784.66806008,100097211.17310756,119514248.00951262,115666701.65812755,125740841.20436758,116323413.45268762,98183068.5249526,122613777.89889753,131079450.98495513,105330073.73197764,103730158.74314763,123799212.91381763,108890184.27224264,107560605.8725226,133665237.77058515,147066026.90873265,110114935.65490511,118749810.26385017,127705903.76918262,136600865.83689255,123049523.26840016,109186028.39187513,123132941.34626767,132978582.16990507,119754132.72097513,116203721.37438013,109218190.33984019,113290861.26204006,117012155.29908264,94290024.72950256,148503014.87529504,124173076.70937258,118415889.66521508,131300724.15650265,102808190.40780765,113641797.4375801,143227399.04687506,124301473.30174515,114428849.2948701,127523006.41752517,120663770.28531267
2022-10-24,117404652.56077012,134157934.69754522,112773455.02511759,133452890.50268261,108313646.98621508,130454440.74823512,169389096.88632506,116991767.8562175,124318920.59151267,131154323.31199765,81494784.66806008,100097211.17310756,119514248.00951262,115666701.65812755,125740841.20436758,116323413.45268762,98183068.5249526,122613777.89889753,131079450.98495513,105330073.73197764,103730158.74314763,123799212.91381763,108890184.27224264,107560605.8725226,133665237.77058515,147066026.90873265,110114935.65490511,118749810.26385017,127705903.76918262,136600865.83689255,123049523.26840016,109186028.39187513,123132941.34626767,132978582.16990507,119754132.72097513,116203721.37438013,109218190.33984019,113290861.26204006,117012155.29908264,94290024.72950256,148503014.87529504,124173076.70937258,118415889.66521508,131300724.15650265,102808190.40780765,113641797.4375801,143227399.04687506,124301473.30174515,114428849.2948701,127523006.41752517,120663770.28531267
2022-10-25,117404652.56077012,134157934.69754522,112773455.02511759,133452890.50268261,108313646.98621508,130454440.74823512,169389096.88632506,116991767.8562175,124318920.59151267,131154323.31199765,81494784.66806008,100097211.17310756,119514248.00951262,115666701.65812755,125740841.20436758,116323413.45268762,98183068.5249526,122613777.89889753,131079450.98495513,105330073.73197764,103730158.74314763,123799212.91381763,108890184.27224264,107560605.8725226,133665237.77058515,147066026.90873265,110114935.65490511,118749810.26385017,127705903.76918262,136600865.83689255,123049523.26840016,109186028.39187513,123132941.34626767,132978582.16990507,119754132.72097513,116203721.37438013,109218190.33984019,113290861.26204006,117012155.29908264,94290024.72950256,148503014.87529504,124173076.70937258,118415889.66521508,131300724.15650265,102808190.40780765,113641797.4375801,143227399.04687506,124301473.30174515,114428849.2948701,127523006.41752517,120663770.28531267
2022-10-26,117404652.56077012,134157934.69754522,112773455.02511759,133452890.50268261,108313646.98621508,130454440.74823512,169389096.88632506,116991767.8562175,124318920.59151267,131154323.31199765,81494784.66806008,100097211.17310756,119514248.00951262,115666701.65812755,125740841.20436758,116323413.45268762,98183068.5249526,122613777.89889753,131079450.98495513,105330073.73197764,103730158.74314763,123799212.91381763,108890184.27224264,107560605.8725226,133665237.77058515,147066026.90873265,110114935.65490511,118749810.26385017,127705903.76918262,136600865.83689255,123049523.26840016,109186028.39187513,123132941.34626767,132978582.16990507,119754132.72097513,116203721.37438013,109218190.33984019,113290861.26204006,117012155.29908264,94290024.72950256,148503014.87529504,124173076.70937258,118415889.66521508,131300724.15650265,102808190.40780765,113641797.4375801,143227399.04687506,124301473.30174515,114428849.2948701,127523006.41752517,120663770.28531267
2022-10-27,117404652.56077012,134157934.69754522,112773455.02511759,133452890.50268261,108313646.98621508,130454440.74823512,169389096.88632506,116991767.8562175,124318920.59151267,131154323.31199765,81494784.66806008,100097211.17310756,119514248.00951262,115666701.65812755,125740841.20436758,116323413.45268762,98183068.5249526,122613777.89889753,131079450.98495513,105330073.73197764,103730158.74314763,123799212.91381763,108890184.27224264,107560605.8725226,133665237.77058515,147066026.90873265,110114935.65490511,118749810.26385017,127705903.76918262,136600865.83689255,123049523.26840016,109186028.39187513,123132941.34626767,132978582.16990507,119754132.72097513,116203721.37438013,109218190.33984019,113290861.26204006,117012155.29908264,94290024.72950256,148503014.87529504,124173076.70937258,118415889.66521508,131300724.15650265,102808190.40780765,113641797.4375801,143227399.04687506,124301473.30174515,114428849.2948701,127523006.41752517,120663770.28531267
2022-10-28,117404652.56077012,134157934.69754522,112773455.02511759,133452890.50268261,108313646.98621508,130454440.74823512,169389096.88632506,116991767.8562175,124318920.59151267,131154323.31199765,81494784.66806008,100097211.17310756,119514248.00951262,115666701.65812755,125740841.20436758,116323413.45268762,98183068.5249526,122613777.89889753,131079450.98495513,105330073.73197764,103730158.74314763,123799212.91381763,108890184.27224264,107560605.8725226,133665237.77058515,147066026.90873265,110114935.65490511,118749810.26385017,127705903.76918262,136600865.83689255,123049523.26840016,109186028.39187513,123132941.34626767,132978582.16990507,119754132.72097513,116203721.37438013,109218190.33984019,113290861.26204006,117012155.29908264,94290024.72950256,148503014.87529504,124173076.70937258,118415889.66521508,131300724.15650265,102808190.40780765,113641797.4375801,143227399.04687506,124301473.30174515,114428849.2948701,127523006.41752517,120663770.28531267
2022-10-31,117404652.56077012,134157934.69754522,112773455.02511759,133452890.50268261,108313646.98621508,130454440.74823512,169389096.88632506,116991767.8562175,124318920.59151267,131154323.31199765,81494784.66806008,100097211.17310756,119514248.00951262,115666701.65812755,125740841.20436758,116323413.45268762,98183068.5249526,122613777.89889753,131079450.98495513,105330073.73197764,103730158.74314763,123799212.91381763,108890184.27224264,107560605.8725226,133665237.77058515,147066026.90873265,110114935.65490511,118749810.26385017,127705903.76918262,136600865.83689255,123049523.26840016,109186028.39187513,123132941.34626767,132978582.16990507,119754132.72097513,116203721.37438013,109218190.33984019,113290861.26204006,117012155.29908264,94290024.72950256,148503014.87529504,124173076.70937258,118415889.66521508,131300724.15650265,102808190.40780765,113641797.4375801,143227399.04687506,124301473.30174515,114428849.2948701,127523006.41752517,120663770.28531267
2022-11-01,117404652.56077012,134157934.69754522,112773455.02511759,133452890.50268261,108313646.98621508,130454440.74823512,169389096.88632506,116991767.8562175,124318920.59151267,131154323.31199765,81494784.66806008,100097211.17310756,119514248.00951262,115666701.65812755,125740841.20436758,116323413.45268762,98183068.5249526,122613777.89889753,131079450.98495513,105330073.73197764,103730158.74314763,123799212.91381763,108890184.27224264,107560605.8725226,133665237.77058515,147066026.90873265,110114935.65490511,118749810.26385017,127705903.76918262,136600865.83689255,123049523.26840016,109186028.39187513,123132941.34626767,132978582.16990507,119754132.72097513,116203721.37438013,109218190.33984019,113290861.26204006,117012155.29908264,94290024.72950256,148503014.87529504,124173076.70937258,118415889.66521508,131300724.15650265,102808190.40780765,113641797.4375801,143227399.04687506,124301473.30174515,114428849.2948701,127523006.41752517,120663770.28531267
2022-11-02,117404652.56077012,134157934.69754522,112773455.02511759,133452890.50268261,108313646.98621508,130454440.74823512,169389096.88632506,116991767.8562175,124318920.59151267,131154323.31199765,81494784.66806008,100097211.17310756,119514248.00951262,115666701.65812755,125740841.20436758,116323413.45268762,98183068.5249526,122613777.89889753,131079450.98495513,105330073.73197764,103730158.74314763,123799212.91381763,108890184.27224264,107560605.8725226,133665237.77058515,147066026.90873265,110114935.65490511,118749810.26385017,127705903.76918262,136600865.83689255,123049523.26840016,109186028.39187513,123132941.34626767,132978582.16990507,119754132.72097513,116203721.37438013,109218190.33984019,113290861.26204006,117012155.29908264,94290024.72950256,148503014.87529504,124173076.70937258,118415889.66521508,131300724.15650265,102808190.40780765,113641797.4375801,143227399.04687506,124301473.30174515,114428849.2948701,127523006.41752517,120663770.28531267
2022-11-03,117404652.56077012,134157934.69754522,112773455.02511759,133452890.50268261,108313646.98621508,130454440.74823512,169389096.88632506,116991767.8562175,124318920.59151267,131154323.31199765,81494784.66806008,100097211.17310756,119514248.00951262,115666701.65812755,125740841.20436758,116323413.45268762,98183068.5249526,122613777.89889753,131079450.98495513,105330073.73197764,103730158.74314763,123799212.91381763,108890184.27224264,107560605.8725226,133665237.77058515,147066026.90873265,110114935.65490511,118749810.26385017,127705903.76918262,136600865.83689255,123049523.26840016,109186028.39187513,123132941.34626767,132978582.16990507,119754132.72097513,116203721.37438013,109218190.33984019,113290861.26204006,117012155.29908264,94290024.72950256,148503014.87529504,124173076.70937258,118415889.66521508,131300724.15650265,102808190.40780765,113641797.4375801,143227399.04687506,124301473.30174515,114428849.2948701,127523006.41752517,120663770.28531267
2022-11-04,117404652.56077012,134157934.69754522,112773455.02511759,133452890.50268261,108313646.98621508,130454440.74823512,169389096.88632506,116991767.8562175,124318920.59151267,131154323.31199765,81494784.66806008,100097211.17310756,119514248.00951262,115666701.65812755,125740841.20436758,116323413.45268762,98183068.5249526,122613777.89889753,131079450.98495513,105330073.73197764,103730158.74314763,123799212.91381763,108890184.27224264,107560605.8725226,133665237.77058515,147066026.90873265,110114935.65490511,118749810.26385017,127705903.76918262,136600865.83689255,123049523.26840016,109186028.39187513,123132941.34626767,132978582.16990507,119754132.72097513,116203721.37438013,109218190.33984019,113290861.26204006,117012155.29908264,94290024.72950256,148503014.87529504,124173076.70937258,118415889.66521508,131300724.15650265,102808190.40780765,113641797.4375801,143227399.04687506,124301473.30174515,114428849.2948701,127523006.41752517,120663770.28531267
2022-11-07,117404652.56077012,134157934.69754522,112773455.02511759,133452890.50268261,108313646.98621508,130454440.74823512,169389096.88632506,116991767.8562175,124318920.59151267,131154323.31199765,81494784.66806008,100097211.17310756,119514248.00951262,115666701.65812755,125740841.20436758,116323413.45268762,98183068.5249526,122613777.89889753,131079450.98495513,105330073.73197764,103730158.74314763,123799212.91381763,108890184.27224264,107560605.8725226,133665237.77058515,147066026.90873265,110114935.65490511,118749810.26385017,127705903.76918262,136600865.83689255,123049523.26840016,109186028.39187513,123132941.34626767,132978582.16990507,119754132.72097513,116203721.37438013,109218190.33984019,113290861.26204006,117012155.29908264,94290024.72950256,148503014.87529504,124173076.70937258,118415889.66521508,131300724.15650265,102808190.40780765,113641797.4375801,143227399.04687506,124301473.30174515,114428849.2948701,127523006.41752517,120663770.28531267
2022-11-08,117404652.56077012,134157934.69754522,112773455.02511759,133452890.50268261,108313646.98621508,130454440.74823512,169389096.88632506,116991767.8562175,124318920.59151267,131154323.31199765,81494784.66806008,100097211.17310756,119514248.00951262,115666701.65812755,125740841.20436758,116323413.45268762,98183068.5249526,122613777.89889753,131079450.98495513,105330073.73197764,103730158.74314763,123799212.91381763,108890184.27224264,107560605.8725226,133665237.77058515,147066026.90873265,110114935.65490511,118749810.26385017,127705903.76918262,136600865.83689255,123049523.26840016,109186028.39187513,123132941.34626767,132978582.16990507,119754132.72097513,116203721.37438013,109218190.33984019,113290861.26204006,117012155.29908264,94290024.72950256,148503014.87529504,124173076.70937258,118415889.66521508,131300724.15650265,102808190.40780765,113641797.4375801,143227399.04687506,124301473.30174515,114428849.2948701,127523006.41752517,120663770.28531267
2022-11-09,117404652.56077012,134157934.69754522,112773455.02511759,133452890.50268261,108313646.98621508,130454440.74823512,169389096.88632506,116991767.8562175,124318920.59151267,131154323.31199765,81494784.66806008,100097211.17310756,119514248.00951262,115666701.65812755,125740841.20436758,116323413.45268762,98183068.5249526,122613777.89889753,131079450.98495513,105330073.73197764,103730158.74314763,123799212.91381763,108890184.27224264,107560605.8725226,133665237.77058515,147066026.90873265,110114935.65490511,118749810.26385017,127705903.76918262,136600865.83689255,123049523.26840016,109186028.39187513,123132941.34626767,132978582.16990507,119754132.72097513,116203721.37438013,109218190.33984019,113290861.26204006,117012155.29908264,94290024.72950256,148503014.87529504,124173076.70937258,118415889.66521508,131300724.15650265,102808190.40780765,113641797.4375801,143227399.04687506,124301473.30174515,114428849.2948701,127523006.41752517,120663770.28531267
2022-11-10,117404652.56077012,134157934.69754522,112773455.02511759,133452890.50268261,108313646.98621508,130454440.74823512,169389096.88632506,116991767.8562175,124318920.59151267,131154323.31199765,81494784.66806008,100097211.17310756,119514248.00951262,115666701.65812755,125740841.20436758,116323413.45268762,98183068.5249526,122613777.89889753,131079450.98495513,105330073.73197764,103730158.74314763,123799212.91381763,108890184.27224264,107560605.8725226,133665237.77058515,147066026.90873265,110114935.65490511,118749810.26385017,127705903.76918262,136600865.83689255,123049523.26840016,109186028.39187513,123132941.34626767,132978582.16990507,119754132.72097513,116203721.37438013,109218190.33984019,113290861.26204006,117012155.29908264,94290024.72950256,148503014.87529504,124173076.70937258,118415889.66521508,131300724.15650265,102808190.40780765,113641797.4375801,143227399.04687506,124301473.30174515,114428849.2948701,127523006.41752517,120663770.28531267
2022-11-11,117404652.56077012,134157934.69754522,112773455.02511759,133452890.50268261,108313646.98621508,130454440.74823512,169389096.88632506,116991767.8562175,124318920.59151267,131154323.31199765,81494784.66806008,100097211.17310756,119514248.00951262,115666701.65812755,125740841.20436758,116323413.45268762,98183068.5249526,122613777.89889753,131079450.98495513,105330073.73197764,103730158.74314763,123799212.91381763,108890184.27224264,107560605.8725226,133665237.77058515,147066026.90873265,110114935.65490511,118749810.26385017,127705903.76918262,136600865.83689255,123049523.26840016,109186028.39187513,123132941.34626767,132978582.16990507,119754132.72097513,116203721.37438013,109218190.33984019,113290861.26204006,117012155.29908264,94290024.72950256,148503014.87529504,124173076.70937258,118415889.66521508,131300724.15650265,102808190.40780765,113641797.4375801,143227399.04687506,124301473.30174515,114428849.2948701,127523006.41752517,120663770.28531267
2022-11-14,117404652.56077012,134157934.69754522,112773455.02511759,133452890.50268261,108313646.98621508,130454440.74823512,169389096.88632506,116991767.8562175,124318920.59151267,131154323.31199765,81494784.66806008,100097211.17310756,119514248.00951262,115666701.65812755,125740841.20436758,116323413.45268762,98183068.5249526,122613777.89889753,131079450.98495513,105330073.73197764,103730158.74314763,123799212.91381763,108890184.27224264,107560605.8725226,133665237.77058515,147066026.90873265,110114935.65490511,118749810.26385017,127705903.76918262,136600865.83689255,123049523.26840016,109186028.39187513,123132941.34626767,132978582.16990507,119754132.72097513,116203721.37438013,109218190.33984019,113290861.26204006,117012155.29908264,94290024.72950256,148503014.87529504,124173076.70937258,118415889.66521508,131300724.15650265,102808190.40780765,113641797.4375801,143227399.04687506,124301473.30174515,114428849.2948701,127523006.41752517,120663770.28531267
2022-11-15,117404652.56077012,134157934.69754522,112773455.02511759,133452890.50268261,108313646.98621508,130454440.74823512,169389096.88632506,116991767.8562175,124318920.59151267,131154323.31199765,81494784.66806008,100097211.17310756,119514248.00951262,115666701.65812755,125740841.20436758,116323413.45268762,98183068.5249526,122613777.89889753,131079450.98495513,105330073.73197764,103730158.74314763,123799212.91381763,108890184.27224264,107560605.8725226,133665237.77058515,147066026.90873265,110114935.65490511,118749810.26385017,127705903.76918262,136600865.83689255,123049523.26840016,109186028.39187513,123132941.34626767,132978582.16990507,119754132.72097513,116203721.37438013,109218190.33984019,113290861.26204006,117012155.29908264,94290024.72950256,148503014.87529504,124173076.70937258,118415889.66521508,131300724.15650265,102808190.40780765,113641797.4375801,143227399.04687506,124301473.30174515,114428849.2948701,127523006.41752517,120663770.28531267
2022-11-16,117404652.56077012,134157934.69754522,112773455.02511759,133452890.50268261,108313646.98621508,130454440.74823512,169389096.88632506,116991767.8562175,124318920.59151267,131154323.31199765,81494784.66806008,100097211.17310756,119514248.00951262,115666701.65812755,125740841.20436758,116323413.45268762,98183068.5249526,122613777.89889753,131079450.98495513,105330073.73197764,103730158.74314763,123799212.91381763,108890184.27224264,107560605.8725226,133665237.77058515,147066026.90873265,110114935.65490511,118749810.26385017,127705903.76918262,136600865.83689255,123049523.26840016,109186028.39187513,123132941.34626767,132978582.16990507,119754132.72097513,116203721.37438013,109218190.33984019,113290861.26204006,117012155.29908264,94290024.72950256,148503014.87529504,124173076.70937258,118415889.66521508,131300724.15650265,102808190.40780765,113641797.4375801,143227399.04687506,124301473.30174515,114428849.2948701,127523006.41752517,120663770.28531267
2022-11-17,117404652.56077012,134157934.69754522,112773455.02511759,133452890.50268261,108313646.98621508,130454440.74823512,169389096.88632506,116991767.8562175,124318920.59151267,131154323.31199765,81494784.66806008,100097211.17310756,119514248.00951262,115666701.65812755,125740841.20436758,116323413.45268762,98183068.5249526,122613777.89889753,131079450.98495513,105330073.73197764,103730158.74314763,123799212.91381763,108890184.27224264,107560605.8725226,133665237.77058515,147066026.90873265,110114935.65490511,118749810.26385017,127705903.76918262,136600865.83689255,123049523.26840016,109186028.39187513,123132941.34626767,132978582.16990507,119754132.72097513,116203721.37438013,109218190.33984019,113290861.26204006,117012155.29908264,94290024.72950256,148503014.87529504,124173076.70937258,118415889.66521508,131300724.15650265,102808190.40780765,113641797.4375801,143227399.04687506,124301473.30174515,114428849.2948701,127523006.41752517,120663770.28531267
2022-11-18,117404652.56077012,134157934.69754522,112773455.02511759,133452890.50268261,108313646.98621508,130454440.74823512,169389096.88632506,116991767.8562175,124318920.59151267,131154323.31199765,81494784.66806008,100097211.17310756,119514248.00951262,115666701.65812755,125740841.20436758,116323413.45268762,98183068.5249526,122613777.89889753,131079450.98495513,105330073.73197764,103730158.74314763,123799212.91381763,108890184.27224264,107560605.8725226,133665237.77058515,147066026.90873265,110114935.65490511,118749810.26385017,127705903.76918262,136600865.83689255,123049523.26840016,109186028.39187513,123132941.34626767,132978582.16990507,119754132.72097513,116203721.37438013,109218190.33984019,113290861.26204006,117012155.29908264,94290024.72950256,148503014.87529504,124173076.70937258,118415889.66521508,131300724.15650265,102808190.40780765,113641797.4375801,143227399.04687506,124301473.30174515,114428849.2948701,127523006.41752517,120663770.28531267
2022-11-21,117404652.56077012,134157934.69754522,112773455.02511759,133452890.50268261,108313646.98621508,130454440.74823512,169389096.88632506,116991767.8562175,124318920.59151267,131154323.31199765,81494784.66806008,100097211.17310756,119514248.00951262,115666701.65812755,125740841.20436758,116323413.45268762,98183068.5249526,122613777.89889753,131079450.98495513,105330073.73197764,103730158.74314763,123799212.91381763,108890184.27224264,107560605.8725226,133665237.77058515,147066026.90873265,110114935.65490511,118749810.26385017,127705903.76918262,136600865.83689255,123049523.26840016,109186028.39187513,123132941.34626767,132978582.16990507,119754132.72097513,116203721.37438013,109218190.33984019,113290861.26204006,117012155.29908264,94290024.72950256,148503014.87529504,124173076.70937258,118415889.66521508,131300724.15650265,102808190.40780765,113641797.4375801,143227399.04687506,124301473.30174515,114428849.2948701,127523006.41752517,120663770.28531267
2022-11-22,117404652.56077012,134157934.69754522,112773455.02511759,133452890.50268261,108313646.98621508,130454440.74823512,169389096.88632506,116991767.8562175,124318920.59151267,131154323.31199765,81494784.66806008,100097211.17310756,119514248.00951262,115666701.65812755,125740841.20436758,116323413.45268762,98183068.5249526,122613777.89889753,131079450.98495513,105330073.73197764,103730158.74314763,123799212.91381763,108890184.27224264,107560605.8725226,133665237.77058515,147066026.90873265,110114935.65490511,118749810.26385017,127705903.76918262,136600865.83689255,123049523.26840016,109186028.39187513,123132941.34626767,132978582.16990507,119754132.72097513,116203721.37438013,109218190.33984019,113290861.26204006,117012155.29908264,94290024.72950256,148503014.87529504,124173076.70937258,118415889.66521508,131300724.15650265,102808190.40780765,113641797.4375801,143227399.04687506,124301473.30174515,114428849.2948701,127523006.41752517,120663770.28531267
2022-11-23,117404652.56077012,134157934.69754522,112773455.02511759,133452890.50268261,108313646.98621508,130454440.74823512,169389096.88632506,116991767.8562175,124318920.59151267,131154323.31199765,81494784.66806008,100097211.17310756,119514248.00951262,115666701.65812755,125740841.20436758,116323413.45268762,98183068.5249526,122613777.89889753,131079450.98495513,105330073.73197764,103730158.74314763,123799212.91381763,108890184.27224264,107560605.8725226,133665237.77058515,147066026.90873265,110114935.65490511,118749810.26385017,127705903.76918262,136600865.83689255,123049523.26840016,109186028.39187513,123132941.34626767,132978582.16990507,119754132.72097513,116203721.37438013,109218190.33984019,113290861.26204006,117012155.29908264,94290024.72950256,148503014.87529504,124173076.70937258,118415889.66521508,131300724.15650265,102808190.40780765,113641797.4375801,143227399.04687506,124301473.30174515,114428849.2948701,127523006.41752517,120663770.28531267
2022-11-24,117404652.56077012,134157934.69754522,112773455.02511759,133452890.50268261,108313646.98621508,130454440.74823512,169389096.88632506,116991767.8562175,124318920.59151267,131154323.31199765,81494784.66806008,100097211.17310756,119514248.00951262,115666701.65812755,125740841.20436758,116323413.45268762,98183068.5249526,122613777.89889753,131079450.98495513,105330073.73197764,103730158.74314763,123799212.91381763,108890184.27224264,107560605.8725226,133665237.77058515,147066026.90873265,110114935.65490511,118749810.26385017,127705903.76918262,136600865.83689255,123049523.26840016,109186028.39187513,123132941.34626767,132978582.16990507,119754132.72097513,116203721.37438013,109218190.33984019,113290861.26204006,117012155.29908264,94290024.72950256,148503014.87529504,124173076.70937258,118415889.66521508,131300724.15650265,102808190.40780765,113641797.4375801,143227399.04687506,124301473.30174515,114428849.2948701,127523006.41752517,120663770.28531267
2022-11-25,117404652.56077012,134157934.69754522,112773455.02511759,133452890.50268261,108313646.98621508,130454440.74823512,169389096.88632506,116991767.8562175,124318920.59151267,131154323.31199765,81494784.66806008,100097211.17310756,119514248.00951262,115666701.65812755,125740841.20436758,116323413.45268762,98183068.5249526,122613777.89889753,131079450.98495513,105330073.73197764,103730158.74314763,123799212.91381763,108890184.27224264,107560605.8725226,133665237.77058515,147066026.90873265,110114935.65490511,118749810.26385017,127705903.76918262,136600865.83689255,123049523.26840016,109186028.39187513,123132941.34626767,132978582.16990507,119754132.72097513,116203721.37438013,109218190.33984019,113290861.26204006,117012155.29908264,94290024.72950256,148503014.87529504,124173076.70937258,118415889.66521508,131300724.15650265,102808190.40780765,113641797.4375801,143227399.04687506,124301473.30174515,114428849.2948701,127523006.41752517,120663770.28531267
2022-11-28,117404652.56077012,134157934.69754522,112773455.02511759,133452890.50268261,108313646.98621508,130454440.74823512,169389096.88632506,116991767.8562175,124318920.59151267,131154323.31199765,81494784.66806008,100097211.17310756,119514248.00951262,115666701.65812755,125740841.20436758,116323413.45268762,98183068.5249526,122613777.89889753,131079450.98495513,105330073.73197764,103730158.74314763,123799212.91381763,108890184.27224264,107560605.8725226,133665237.77058515,147066026.90873265,110114935.65490511,118749810.26385017,127705903.76918262,136600865.83689255,123049523.26840016,109186028.39187513,123132941.34626767,132978582.16990507,119754132.72097513,116203721.37438013,109218190.33984019,113290861.26204006,117012155.29908264,94290024.72950256,148503014.87529504,124173076.70937258,118415889.66521508,131300724.15650265,102808190.40780765,113641797.4375801,143227399.04687506,124301473.30174515,114428849.2948701,127523006.41752517,120663770.28531267
2022-11-29,117404652.56077012,134157934.69754522,112773455.02511759,133452890.50268261,108313646.98621508,130454440.74823512,169389096.88632506,116991767.8562175,124318920.59151267,131154323.31199765,81494784.66806008,100097211.17310756,119514248.00951262,115666701.65812755,125740841.20436758,116323413.45268762,98183068.5249526,122613777.89889753,131079450.98495513,105330073.73197764,103730158.74314763,123799212.91381763,108890184.27224264,107560605.8725226,133665237.77058515,147066026.90873265,110114935.65490511,118749810.26385017,127705903.76918262,136600865.83689255,123049523.26840016,109186028.39187513,123132941.34626767,132978582.16990507,119754132.72097513,116203721.37438013,109218190.33984019,113290861.26204006,117012155.29908264,94290024.72950256,148503014.87529504,124173076.70937258,118415889.66521508,131300724.15650265,102808190.40780765,113641797.4375801,143227399.04687506,124301473.30174515,114428849.2948701,127523006.41752517,120663770.28531267
2022-11-30,117404652.56077012,134157934.69754522,112773455.02511759,133452890.50268261,108313646.98621508,130454440.74823512,169389096.88632506,116991767.8562175,124318920.59151267,131154323.31199765,81494784.66806008,100097211.17310756,119514248.00951262,115666701.65812755,125740841.20436758,116323413.45268762,98183068.5249526,122613777.89889753,131079450.98495513,105330073.73197764,103730158.74314763,123799212.91381763,108890184.27224264,107560605.8725226,133665237.77058515,147066026.90873265,110114935.65490511,118749810.26385017,127705903.76918262,136600865.83689255,123049523.26840016,109186028.39187513,123132941.34626767,132978582.16990507,119754132.72097513,116203721.37438013,109218190.33984019,113290861.26204006,117012155.29908264,94290024.72950256,148503014.87529504,124173076.70937258,118415889.66521508,131300724.15650265,102808190.40780765,113641797.4375801,143227399.04687506,124301473.30174515,114428849.2948701,127523006.41752517,120663770.28531267
2022-12-01,117404652.56077012,134157934.69754522,112773455.02511759,133452890.50268261,108313646.98621508,130454440.74823512,169389096.88632506,116991767.8562175,124318920.59151267,131154323.31199765,81494784.66806008,100097211.17310756,119514248.00951262,115666701.65812755,125740841.20436758,116323413.45268762,98183068.5249526,122613777.89889753,131079450.98495513,105330073.73197764,103730158.74314763,123799212.91381763,108890184.27224264,107560605.8725226,133665237.77058515,147066026.90873265,110114935.65490511,118749810.26385017,127705903.76918262,136600865.83689255,123049523.26840016,109186028.39187513,123132941.34626767,132978582.16990507,119754132.72097513,116203721.37438013,109218190.33984019,113290861.26204006,117012155.29908264,94290024.72950256,148503014.87529504,124173076.70937258,118415889.66521508,131300724.15650265,102808190.40780765,113641797.4375801,143227399.04687506,124301473.30174515,114428849.2948701,127523006.41752517,120663770.28531267
2022-12-02,117404652.56077012,134157934.69754522,112773455.02511759,133452890.50268261,108313646.98621508,130454440.74823512,169389096.88632506,116991767.8562175,124318920.59151267,131154323.31199765,81494784.66806008,100097211.17310756,119514248.00951262,115666701.65812755,125740841.20436758,116323413.45268762,98183068.5249526,122613777.89889753,131079450.98495513,105330073.73197764,103730158.74314763,123799212.91381763,108890184.27224264,107560605.8725226,133665237.77058515,147066026.90873265,110114935.65490511,118749810.26385017,127705903.76918262,136600865.83689255,123049523.26840016,109186028.39187513,123132941.34626767,132978582.16990507,119754132.72097513,116203721.37438013,109218190.33984019,113290861.26204006,117012155.29908264,94290024.72950256,148503014.87529504,124173076.70937258,118415889.66521508,131300724.15650265,102808190.40780765,113641797.4375801,143227399.04687506,124301473.30174515,114428849.2948701,127523006.41752517,120663770.28531267
2022-12-05,117404652.56077012,134157934.69754522,112773455.02511759,133452890.50268261,108313646.98621508,130454440.74823512,169389096.88632506,116991767.8562175,124318920.59151267,131154323.31199765,81494784.66806008,100097211.17310756,119514248.00951262,115666701.65812755,125740841.20436758,116323413.45268762,98183068.5249526,122613777.89889753,131079450.98495513,105330073.73197764,103730158.74314763,123799212.91381763,108890184.27224264,107560605.8725226,133665237.77058515,147066026.90873265,110114935.65490511,118749810.26385017,127705903.76918262,136600865.83689255,123049523.26840016,109186028.39187513,123132941.34626767,132978582.16990507,119754132.72097513,116203721.37438013,109218190.33984019,113290861.26204006,117012155.29908264,94290024.72950256,148503014.87529504,124173076.70937258,118415889.66521508,131300724.15650265,102808190.40780765,113641797.4375801,143227399.04687506,124301473.30174515,114428849.2948701,127523006.41752517,120663770.28531267
2022-12-06,117404652.56077012,134157934.69754522,112773455.02511759,133452890.50268261,108313646.98621508,130454440.74823512,169389096.88632506,116991767.8562175,124318920.59151267,131154323.31199765,81494784.66806008,100097211.17310756,119514248.00951262,115666701.65812755,125740841.20436758,116323413.45268762,98183068.5249526,122613777.89889753,131079450.98495513,105330073.73197764,103730158.74314763,123799212.91381763,108890184.27224264,107560605.8725226,133665237.77058515,147066026.90873265,110114935.65490511,118749810.26385017,127705903.76918262,136600865.83689255,123049523.26840016,109186028.39187513,123132941.34626767,132978582.16990507,119754132.72097513,116203721.37438013,109218190.33984019,113290861.26204006,117012155.29908264,94290024.72950256,148503014.87529504,124173076.70937258,118415889.66521508,131300724.15650265,102808190.40780765,113641797.4375801,143227399.04687506,124301473.30174515,114428849.2948701,127523006.41752517,120663770.28531267
2022-12-07,117404652.56077012,134157934.69754522,112773455.02511759,133452890.50268261,108313646.98621508,130454440.74823512,169389096.88632506,116991767.8562175,124318920.59151267,131154323.31199765,81494784.66806008,100097211.17310756,119514248.00951262,115666701.65812755,125740841.20436758,116323413.45268762,98183068.5249526,122613777.89889753,131079450.98495513,105330073.73197764,103730158.74314763,123799212.91381763,108890184.27224264,107560605.8725226,133665237.77058515,147066026.90873265,110114935.65490511,118749810.26385017,127705903.76918262,136600865.83689255,123049523.26840016,109186028.39187513,123132941.34626767,132978582.16990507,119754132.72097513,116203721.37438013,109218190.33984019,113290861.26204006,117012155.29908264,94290024.72950256,148503014.87529504,124173076.70937258,118415889.66521508,131300724.15650265,102808190.40780765,113641797.4375801,143227399.04687506,124301473.30174515,114428849.2948701,127523006.41752517,120663770.28531267
2022-12-08,117404652.56077012,134157934.69754522,112773455.02511759,133452890.50268261,108313646.98621508,130454440.74823512,169389096.88632506,116991767.8562175,124318920.59151267,131154323.31199765,81494784.66806008,100097211.17310756,119514248.00951262,115666701.65812755,125740841.20436758,116323413.45268762,98183068.5249526,122613777.89889753,131079450.98495513,105330073.73197764,103730158.74314763,123799212.91381763,108890184.27224264,107560605.8725226,133665237.77058515,147066026.90873265,110114935.65490511,118749810.26385017,127705903.76918262,136600865.83689255,123049523.26840016,109186028.39187513,123132941.34626767,132978582.16990507,119754132.72097513,116203721.37438013,109218190.33984019,113290861.26204006,117012155.29908264,94290024.72950256,148503014.87529504,124173076.70937258,118415889.66521508,131300724.15650265,102808190.40780765,113641797.4375801,143227399.04687506,124301473.30174515,114428849.2948701,127523006.41752517,120663770.28531267
2022-12-09,117404652.56077012,134157934.69754522,112773455.02511759,133452890.50268261,108313646.98621508,130454440.74823512,169389096.88632506,116991767.8562175,124318920.59151267,131154323.31199765,81494784.66806008,100097211.17310756,119514248.00951262,115666701.65812755,125740841.20436758,116323413.45268762,98183068.5249526,122613777.89889753,131079450.98495513,105330073.73197764,103730158.74314763,123799212.91381763,108890184.27224264,107560605.8725226,133665237.77058515,147066026.90873265,110114935.65490511,118749810.26385017,127705903.76918262,136600865.83689255,123049523.26840016,109186028.39187513,123132941.34626767,132978582.16990507,119754132.72097513,116203721.37438013,109218190.33984019,113290861.26204006,117012155.29908264,94290024.72950256,148503014.87529504,124173076.70937258,118415889.66521508,131300724.15650265,102808190.40780765,113641797.4375801,143227399.04687506,124301473.30174515,114428849.2948701,127523006.41752517,120663770.28531267
2022-12-12,117404652.56077012,134157934.69754522,112773455.02511759,133452890.50268261,108313646.98621508,130454440.74823512,169389096.88632506,116991767.8562175,124318920.59151267,131154323.31199765,81494784.66806008,100097211.17310756,119514248.00951262,115666701.65812755,125740841.20436758,116323413.45268762,98183068.5249526,122613777.89889753,131079450.98495513,105330073.73197764,103730158.74314763,123799212.91381763,108890184.27224264,107560605.8725226,133665237.77058515,147066026.90873265,110114935.65490511,118749810.26385017,127705903.76918262,136600865.83689255,123049523.26840016,109186028.39187513,123132941.34626767,132978582.16990507,119754132.72097513,116203721.37438013,109218190.33984019,113290861.26204006,117012155.29908264,94290024.72950256,148503014.87529504,124173076.70937258,118415889.66521508,131300724.15650265,102808190.40780765,113641797.4375801,143227399.04687506,124301473.30174515,114428849.2948701,127523006.41752517,120663770.28531267
2022-12-13,117404652.56077012,134157934.69754522,112773455.02511759,133452890.50268261,108313646.98621508,130454440.74823512,169389096.88632506,116991767.8562175,124318920.59151267,131154323.31199765,81494784.66806008,100097211.17310756,119514248.00951262,115666701.65812755,125740841.20436758,116323413.45268762,98183068.5249526,122613777.89889753,131079450.98495513,105330073.73197764,103730158.74314763,123799212.91381763,108890184.27224264,107560605.8725226,133665237.77058515,147066026.90873265,110114935.65490511,118749810.26385017,127705903.76918262,136600865.83689255,123049523.26840016,109186028.39187513,123132941.34626767,132978582.16990507,119754132.72097513,116203721.37438013,109218190.33984019,113290861.26204006,117012155.29908264,94290024.72950256,148503014.87529504,124173076.70937258,118415889.66521508,131300724.15650265,102808190.40780765,113641797.4375801,143227399.04687506,124301473.30174515,114428849.2948701,127523006.41752517,120663770.28531267
2022-12-14,117404652.56077012,134157934.69754522,112773455.02511759,133452890.50268261,108313646.98621508,130454440.74823512,169389096.88632506,116991767.8562175,124318920.59151267,131154323.31199765,81494784.66806008,100097211.17310756,119514248.00951262,115666701.65812755,125740841.20436758,116323413.45268762,98183068.5249526,122613777.89889753,131079450.98495513,105330073.73197764,103730158.74314763,123799212.91381763,108890184.27224264,107560605.8725226,133665237.77058515,147066026.90873265,110114935.65490511,118749810.26385017,127705903.76918262,136600865.83689255,123049523.26840016,109186028.39187513,123132941.34626767,132978582.16990507,119754132.72097513,116203721.37438013,109218190.33984019,113290861.26204006,117012155.29908264,94290024.72950256,148503014.87529504,124173076.70937258,118415889.66521508,131300724.15650265,102808190.40780765,113641797.4375801,143227399.04687506,124301473.30174515,114428849.2948701,127523006.41752517,120663770.28531267
2022-12-15,117404652.56077012,134157934.69754522,112773455.02511759,133452890.50268261,108313646.98621508,130454440.74823512,169389096.88632506,116991767.8562175,124318920.59151267,131154323.31199765,81494784.66806008,100097211.17310756,119514248.00951262,115666701.65812755,125740841.20436758,116323413.45268762,98183068.5249526,122613777.89889753,131079450.98495513,105330073.73197764,103730158.74314763,123799212.91381763,108890184.27224264,107560605.8725226,133665237.77058515,147066026.90873265,110114935.65490511,118749810.26385017,127705903.76918262,136600865.83689255,123049523.26840016,109186028.39187513,123132941.34626767,132978582.16990507,119754132.72097513,116203721.37438013,109218190.33984019,113290861.26204006,117012155.29908264,94290024.72950256,148503014.87529504,124173076.70937258,118415889.66521508,131300724.15650265,102808190.40780765,113641797.4375801,143227399.04687506,124301473.30174515,114428849.2948701,127523006.41752517,120663770.28531267
2022-12-16,117404652.56077012,134157934.69754522,112773455.02511759,133452890.50268261,108313646.98621508,130454440.74823512,169389096.88632506,116991767.8562175,124318920.59151267,131154323.31199765,81494784.66806008,100097211.17310756,119514248.00951262,115666701.65812755,125740841.20436758,116323413.45268762,98183068.5249526,122613777.89889753,131079450.98495513,105330073.73197764,103730158.74314763,123799212.91381763,108890184.27224264,107560605.8725226,133665237.77058515,147066026.90873265,110114935.65490511,118749810.26385017,127705903.76918262,136600865.83689255,123049523.26840016,109186028.39187513,123132941.34626767,132978582.16990507,119754132.72097513,116203721.37438013,109218190.33984019,113290861.26204006,117012155.29908264,94290024.72950256,148503014.87529504,124173076.70937258,118415889.66521508,131300724.15650265,102808190.40780765,113641797.4375801,143227399.04687506,124301473.30174515,114428849.2948701,127523006.41752517,120663770.28531267
2022-12-19,117404652.56077012,134157934.69754522,112773455.02511759,133452890.50268261,108313646.98621508,130454440.74823512,169389096.88632506,116991767.8562175,124318920.59151267,131154323.31199765,81494784.66806008,100097211.17310756,119514248.00951262,115666701.65812755,125740841.20436758,116323413.45268762,98183068.5249526,122613777.89889753,131079450.98495513,105330073.73197764,103730158.74314763,123799212.91381763,108890184.27224264,107560605.8725226,133665237.77058515,147066026.90873265,110114935.65490511,118749810.26385017,127705903.76918262,136600865.83689255,123049523.26840016,109186028.39187513,123132941.34626767,132978582.16990507,119754132.72097513,116203721.37438013,109218190.33984019,113290861.26204006,117012155.29908264,94290024.72950256,148503014.87529504,124173076.70937258,118415889.66521508,131300724.15650265,102808190.40780765,113641797.4375801,143227399.04687506,124301473.30174515,114428849.2948701,127523006.41752517,120663770.28531267
2022-12-20,117404652.56077012,134157934.69754522,112773455.02511759,133452890.50268261,108313646.98621508,130454440.74823512,169389096.88632506,116991767.8562175,124318920.59151267,131154323.31199765,81494784.66806008,100097211.17310756,119514248.00951262,115666701.65812755,125740841.20436758,116323413.45268762,98183068.5249526,122613777.89889753,131079450.98495513,105330073.73197764,103730158.74314763,123799212.91381763,108890184.27224264,107560605.8725226,133665237.77058515,147066026.90873265,110114935.65490511,118749810.26385017,127705903.76918262,136600865.83689255,123049523.26840016,109186028.39187513,123132941.34626767,132978582.16990507,119754132.72097513,116203721.37438013,109218190.33984019,113290861.26204006,117012155.29908264,94290024.72950256,148503014.87529504,124173076.70937258,118415889.66521508,131300724.15650265,102808190.40780765,113641797.4375801,143227399.04687506,124301473.30174515,114428849.2948701,127523006.41752517,120663770.28531267
2022-12-21,117404652.56077012,134157934.69754522,112773455.02511759,133452890.50268261,108313646.98621508,130454440.74823512,169389096.88632506,116991767.8562175,124318920.59151267,131154323.31199765,81494784.66806008,100097211.17310756,119514248.00951262,115666701.65812755,125740841.20436758,116323413.45268762,98183068.5249526,122613777.89889753,131079450.98495513,105330073.73197764,103730158.74314763,123799212.91381763,108890184.27224264,107560605.8725226,133665237.77058515,147066026.90873265,110114935.65490511,118749810.26385017,127705903.76918262,136600865.83689255,123049523.26840016,109186028.39187513,123132941.34626767,132978582.16990507,119754132.72097513,116203721.37438013,109218190.33984019,113290861.26204006,117012155.29908264,94290024.72950256,148503014.87529504,124173076.70937258,118415889.66521508,131300724.15650265,102808190.40780765,113641797.4375801,143227399.04687506,124301473.30174515,114428849.2948701,127523006.41752517,120663770.28531267
2022-12-22,117404652.56077012,134157934.69754522,112773455.02511759,133452890.50268261,108313646.98621508,130454440.74823512,169389096.88632506,116991767.8562175,124318920.59151267,131154323.31199765,81494784.66806008,100097211.17310756,119514248.00951262,115666701.65812755,125740841.20436758,116323413.45268762,98183068.5249526,122613777.89889753,131079450.98495513,105330073.73197764,103730158.74314763,123799212.91381763,108890184.27224264,107560605.8725226,133665237.77058515,147066026.90873265,110114935.65490511,118749810.26385017,127705903.76918262,136600865.83689255,123049523.26840016,109186028.39187513,123132941.34626767,132978582.16990507,119754132.72097513,116203721.37438013,109218190.33984019,113290861.26204006,117012155.29908264,94290024.72950256,148503014.87529504,124173076.70937258,118415889.66521508,131300724.15650265,102808190.40780765,113641797.4375801,143227399.04687506,124301473.30174515,114428849.2948701,127523006.41752517,120663770.28531267
2022-12-23,117404652.56077012,134157934.69754522,112773455.02511759,133452890.50268261,108313646.98621508,130454440.74823512,169389096.88632506,116991767.8562175,124318920.59151267,131154323.31199765,81494784.66806008,100097211.17310756,119514248.00951262,115666701.65812755,125740841.20436758,116323413.45268762,98183068.5249526,122613777.89889753,131079450.98495513,105330073.73197764,103730158.74314763,123799212.91381763,108890184.27224264,107560605.8725226,133665237.77058515,147066026.90873265,110114935.65490511,118749810.26385017,127705903.76918262,136600865.83689255,123049523.26840016,109186028.39187513,123132941.34626767,132978582.16990507,119754132.72097513,116203721.37438013,109218190.33984019,113290861.26204006,117012155.29908264,94290024.72950256,148503014.87529504,124173076.70937258,118415889.66521508,131300724.15650265,102808190.40780765,113641797.4375801,143227399.04687506,124301473.30174515,114428849.2948701,127523006.41752517,120663770.28531267
2022-12-26,117404652.56077012,134157934.69754522,112773455.02511759,133452890.50268261,108313646.98621508,130454440.74823512,169389096.88632506,116991767.8562175,124318920.59151267,131154323.31199765,81494784.66806008,100097211.17310756,119514248.00951262,115666701.65812755,125740841.20436758,116323413.45268762,98183068.5249526,122613777.89889753,131079450.98495513,105330073.73197764,103730158.74314763,123799212.91381763,108890184.27224264,107560605.8725226,133665237.77058515,147066026.90873265,110114935.65490511,118749810.26385017,127705903.76918262,136600865.83689255,123049523.26840016,109186028.39187513,123132941.34626767,132978582.16990507,119754132.72097513,116203721.37438013,109218190.33984019,113290861.26204006,117012155.29908264,94290024.72950256,148503014.87529504,124173076.70937258,118415889.66521508,131300724.15650265,102808190.40780765,113641797.4375801,143227399.04687506,124301473.30174515,114428849.2948701,127523006.41752517,120663770.28531267
2022-12-27,117404652.56077012,134157934.69754522,112773455.02511759,133452890.50268261,108313646.98621508,130454440.74823512,169389096.88632506,116991767.8562175,124318920.59151267,131154323.31199765,81494784.66806008,100097211.17310756,119514248.00951262,115666701.65812755,125740841.20436758,116323413.45268762,98183068.5249526,122613777.89889753,131079450.98495513,105330073.73197764,103730158.74314763,123799212.91381763,108890184.27224264,107560605.8725226,133665237.77058515,147066026.90873265,110114935.65490511,118749810.26385017,127705903.76918262,136600865.83689255,123049523.26840016,109186028.39187513,123132941.34626767,132978582.16990507,119754132.72097513,116203721.37438013,109218190.33984019,113290861.26204006,117012155.29908264,94290024.72950256,148503014.87529504,124173076.70937258,118415889.66521508,131300724.15650265,102808190.40780765,113641797.4375801,143227399.04687506,124301473.30174515,114428849.2948701,127523006.41752517,120663770.28531267
2022-12-28,117404652.56077012,134157934.69754522,112773455.02511759,133452890.50268261,108313646.98621508,130454440.74823512,169389096.88632506,116991767.8562175,124318920.59151267,131154323.31199765,81494784.66806008,100097211.17310756,119514248.00951262,115666701.65812755,125740841.20436758,116323413.45268762,98183068.5249526,122613777.89889753,131079450.98495513,105330073.73197764,103730158.74314763,123799212.91381763,108890184.27224264,107560605.8725226,133665237.77058515,147066026.90873265,110114935.65490511,118749810.26385017,127705903.76918262,136600865.83689255,123049523.26840016,109186028.39187513,123132941.34626767,132978582.16990507,119754132.72097513,116203721.37438013,109218190.33984019,113290861.26204006,117012155.29908264,94290024.72950256,148503014.87529504,124173076.70937258,118415889.66521508,131300724.15650265,102808190.40780765,113641797.4375801,143227399.04687506,124301473.30174515,114428849.2948701,127523006.41752517,120663770.28531267
2022-12-29,117404652.56077012,134157934.69754522,112773455.02511759,133452890.50268261,108313646.98621508,130454440.74823512,169389096.88632506,116991767.8562175,124318920.59151267,131154323.31199765,81494784.66806008,100097211.17310756,119514248.00951262,115666701.65812755,125740841.20436758,116323413.45268762,98183068.5249526,122613777.89889753,131079450.98495513,105330073.73197764,103730158.74314763,123799212.91381763,108890184.27224264,107560605.8725226,133665237.77058515,147066026.90873265,110114935.65490511,118749810.26385017,127705903.76918262,136600865.83689255,123049523.26840016,109186028.39187513,123132941.34626767,132978582.16990507,119754132.72097513,116203721.37438013,109218190.33984019,113290861.26204006,117012155.29908264,94290024.72950256,148503014.87529504,124173076.70937258,118415889.66521508,131300724.15650265,102808190.40780765,113641797.4375801,143227399.04687506,124301473.30174515,114428849.2948701,127523006.41752517,120663770.28531267
2022-12-30,117404652.56077012,134157934.69754522,112773455.02511759,133452890.50268261,108313646.98621508,130454440.74823512,169389096.88632506,116991767.8562175,124318920.59151267,131154323.31199765,81494784.66806008,100097211.17310756,119514248.00951262,115666701.65812755,125740841.20436758,116323413.45268762,98183068.5249526,122613777.89889753,131079450.98495513,105330073.73197764,103730158.74314763,123799212.91381763,108890184.27224264,107560605.8725226,133665237.77058515,147066026.90873265,110114935.65490511,118749810.26385017,127705903.76918262,136600865.83689255,123049523.26840016,109186028.39187513,123132941.34626767,132978582.16990507,119754132.72097513,116203721.37438013,109218190.33984019,113290861.26204006,117012155.29908264,94290024.72950256,148503014.87529504,124173076.70937258,118415889.66521508,131300724.15650265,102808190.40780765,113641797.4375801,143227399.04687506,124301473.30174515,114428849.2948701,127523006.41752517,120663770.28531267
2023-01-03,117404652.56077012,134157934.69754522,112773455.02511759,133452890.50268261,108313646.98621508,130454440.74823512,169389096.88632506,116991767.8562175,124318920.59151267,131154323.31199765,81494784.66806008,100097211.17310756,119514248.00951262,115666701.65812755,125740841.20436758,116323413.45268762,98183068.5249526,122613777.89889753,131079450.98495513,105330073.73197764,103730158.74314763,123799212.91381763,108890184.27224264,107560605.8725226,133665237.77058515,147066026.90873265,110114935.65490511,118749810.26385017,127705903.76918262,136600865.83689255,123049523.26840016,109186028.39187513,123132941.34626767,132978582.16990507,119754132.72097513,116203721.37438013,109218190.33984019,113290861.26204006,117012155.29908264,94290024.72950256,148503014.87529504,124173076.70937258,118415889.66521508,131300724.15650265,102808190.40780765,113641797.4375801,143227399.04687506,124301473.30174515,114428849.2948701,127523006.41752517,120663770.28531267
2023-01-04,117404652.56077012,134157934.69754522,112773455.02511759,133452890.50268261,108313646.98621508,130454440.74823512,169389096.88632506,116991767.8562175,124318920.59151267,131154323.31199765,81494784.66806008,100097211.17310756,119514248.00951262,115666701.65812755,125740841.20436758,116323413.45268762,98183068.5249526,122613777.89889753,131079450.98495513,105330073.73197764,103730158.74314763,123799212.91381763,108890184.27224264,107560605.8725226,133665237.77058515,147066026.90873265,110114935.65490511,118749810.26385017,127705903.76918262,136600865.83689255,123049523.26840016,109186028.39187513,123132941.34626767,132978582.16990507,119754132.72097513,116203721.37438013,109218190.33984019,113290861.26204006,117012155.29908264,94290024.72950256,148503014.87529504,124173076.70937258,118415889.66521508,131300724.15650265,102808190.40780765,113641797.4375801,143227399.04687506,124301473.30174515,114428849.2948701,127523006.41752517,120663770.28531267
2023-01-05,117404652.56077012,134157934.69754522,112773455.02511759,133452890.50268261,108313646.98621508,130454440.74823512,169389096.88632506,116991767.8562175,124318920.59151267,131154323.31199765,81494784.66806008,100097211.17310756,119514248.00951262,115666701.65812755,125740841.20436758,116323413.45268762,98183068.5249526,122613777.89889753,131079450.98495513,105330073.73197764,103730158.74314763,123799212.91381763,108890184.27224264,107560605.8725226,133665237.77058515,147066026.90873265,110114935.65490511,118749810.26385017,127705903.76918262,136600865.83689255,123049523.26840016,109186028.39187513,123132941.34626767,132978582.16990507,119754132.72097513,116203721.37438013,109218190.33984019,113290861.26204006,117012155.29908264,94290024.72950256,148503014.87529504,124173076.70937258,118415889.66521508,131300724.15650265,102808190.40780765,113641797.4375801,143227399.04687506,124301473.30174515,114428849.2948701,127523006.41752517,120663770.28531267
2023-01-06,117404652.56077012,134157934.69754522,112773455.02511759,133452890.50268261,108313646.98621508,130454440.74823512,169389096.88632506,116991767.8562175,124318920.59151267,131154323.31199765,81494784.66806008,100097211.17310756,119514248.00951262,115666701.65812755,125740841.20436758,116323413.45268762,98183068.5249526,122613777.89889753,131079450.98495513,105330073.73197764,103730158.74314763,123799212.91381763,108890184.27224264,107560605.8725226,133665237.77058515,147066026.90873265,110114935.65490511,118749810.26385017,127705903.76918262,136600865.83689255,123049523.26840016,109186028.39187513,123132941.34626767,132978582.16990507,119754132.72097513,116203721.37438013,109218190.33984019,113290861.26204006,117012155.29908264,94290024.72950256,148503014.87529504,124173076.70937258,118415889.66521508,131300724.15650265,102808190.40780765,113641797.4375801,143227399.04687506,124301473.30174515,114428849.2948701,127523006.41752517,120663770.28531267
2023-01-09,117404652.56077012,134157934.69754522,112773455.02511759,133452890.50268261,108313646.98621508,130454440.74823512,169389096.88632506,116991767.8562175,124318920.59151267,131154323.31199765,81494784.66806008,100097211.17310756,119514248.00951262,115666701.65812755,125740841.20436758,116323413.45268762,98183068.5249526,122613777.89889753,131079450.98495513,105330073.73197764,103730158.74314763,123799212.91381763,108890184.27224264,107560605.8725226,133665237.77058515,147066026.90873265,110114935.65490511,118749810.26385017,127705903.76918262,136600865.83689255,123049523.26840016,109186028.39187513,123132941.34626767,132978582.16990507,119754132.72097513,116203721.37438013,109218190.33984019,113290861.26204006,117012155.29908264,94290024.72950256,148503014.87529504,124173076.70937258,118415889.66521508,131300724.15650265,102808190.40780765,113641797.4375801,143227399.04687506,124301473.30174515,114428849.2948701,127523006.41752517,120663770.28531267
2023-01-10,117404652.56077012,134157934.69754522,112773455.02511759,133452890.50268261,108313646.98621508,130454440.74823512,169389096.88632506,116991767.8562175,124318920.59151267,131154323.31199765,81494784.66806008,100097211.17310756,119514248.00951262,115666701.65812755,125740841.20436758,116323413.45268762,98183068.5249526,122613777.89889753,131079450.98495513,105330073.73197764,103730158.74314763,123799212.91381763,108890184.27224264,107560605.8725226,133665237.77058515,147066026.90873265,110114935.65490511,118749810.26385017,127705903.76918262,136600865.83689255,123049523.26840016,109186028.39187513,123132941.34626767,132978582.16990507,119754132.72097513,116203721.37438013,109218190.33984019,113290861.26204006,117012155.29908264,94290024.72950256,148503014.87529504,124173076.70937258,118415889.66521508,131300724.15650265,102808190.40780765,113641797.4375801,143227399.04687506,124301473.30174515,114428849.2948701,127523006.41752517,120663770.28531267
2023-01-11,117404652.56077012,134157934.69754522,112773455.02511759,133452890.50268261,108313646.98621508,130454440.74823512,169389096.88632506,116991767.8562175,124318920.59151267,131154323.31199765,81494784.66806008,100097211.17310756,119514248.00951262,115666701.65812755,125740841.20436758,116323413.45268762,98183068.5249526,122613777.89889753,131079450.98495513,105330073.73197764,103730158.74314763,123799212.91381763,108890184.27224264,107560605.8725226,133665237.77058515,147066026.90873265,110114935.65490511,118749810.26385017,127705903.76918262,136600865.83689255,123049523.26840016,109186028.39187513,123132941.34626767,132978582.16990507,119754132.72097513,116203721.37438013,109218190.33984019,113290861.26204006,117012155.29908264,94290024.72950256,148503014.87529504,124173076.70937258,118415889.66521508,131300724.15650265,102808190.40780765,113641797.4375801,143227399.04687506,124301473.30174515,114428849.2948701,127523006.41752517,120663770.28531267
2023-01-12,117404652.56077012,134157934.69754522,112773455.02511759,133452890.50268261,108313646.98621508,130454440.74823512,169389096.88632506,116991767.8562175,124318920.59151267,131154323.31199765,81494784.66806008,100097211.17310756,119514248.00951262,115666701.65812755,125740841.20436758,116323413.45268762,98183068.5249526,122613777.89889753,131079450.98495513,105330073.73197764,103730158.74314763,123799212.91381763,108890184.27224264,107560605.8725226,133665237.77058515,147066026.90873265,110114935.65490511,118749810.26385017,127705903.76918262,136600865.83689255,123049523.26840016,109186028.39187513,123132941.34626767,132978582.16990507,119754132.72097513,116203721.37438013,109218190.33984019,113290861.26204006,117012155.29908264,94290024.72950256,148503014.87529504,124173076.70937258,118415889.66521508,131300724.15650265,102808190.40780765,113641797.4375801,143227399.04687506,124301473.30174515,114428849.2948701,127523006.41752517,120663770.28531267
2023-01-13,117404652.56077012,134157934.69754522,112773455.02511759,133452890.50268261,108313646.98621508,130454440.74823512,169389096.88632506,116991767.8562175,124318920.59151267,131154323.31199765,81494784.66806008,100097211.17310756,119514248.00951262,115666701.65812755,125740841.20436758,116323413.45268762,98183068.5249526,122613777.89889753,131079450.98495513,105330073.73197764,103730158.74314763,123799212.91381763,108890184.27224264,107560605.8725226,133665237.77058515,147066026.90873265,110114935.65490511,118749810.26385017,127705903.76918262,136600865.83689255,123049523.26840016,109186028.39187513,123132941.34626767,132978582.16990507,119754132.72097513,116203721.37438013,109218190.33984019,113290861.26204006,117012155.29908264,94290024.72950256,148503014.87529504,124173076.70937258,118415889.66521508,131300724.15650265,102808190.40780765,113641797.4375801,143227399.04687506,124301473.30174515,114428849.2948701,127523006.41752517,120663770.28531267
2023-01-16,117404652.56077012,134157934.69754522,112773455.02511759,133452890.50268261,108313646.98621508,130454440.74823512,169389096.88632506,116991767.8562175,124318920.59151267,131154323.31199765,81494784.66806008,100097211.17310756,119514248.00951262,115666701.65812755,125740841.20436758,116323413.45268762,98183068.5249526,122613777.89889753,131079450.98495513,105330073.73197764,103730158.74314763,123799212.91381763,108890184.27224264,107560605.8725226,133665237.77058515,147066026.90873265,110114935.65490511,118749810.26385017,127705903.76918262,136600865.83689255,123049523.26840016,109186028.39187513,123132941.34626767,132978582.16990507,119754132.72097513,116203721.37438013,109218190.33984019,113290861.26204006,117012155.29908264,94290024.72950256,148503014.87529504,124173076.70937258,118415889.66521508,131300724.15650265,102808190.40780765,113641797.4375801,143227399.04687506,124301473.30174515,114428849.2948701,127523006.41752517,120663770.28531267
2023-01-17,117404652.56077012,134157934.69754522,112773455.02511759,133452890.50268261,108313646.98621508,130454440.74823512,169389096.88632506,116991767.8562175,124318920.59151267,131154323.31199765,81494784.66806008,100097211.17310756,119514248.00951262,115666701.65812755,125740841.20436758,116323413.45268762,98183068.5249526,122613777.89889753,131079450.98495513,105330073.73197764,103730158.74314763,123799212.91381763,108890184.27224264,107560605.8725226,133665237.77058515,147066026.90873265,110114935.65490511,118749810.26385017,127705903.76918262,136600865.83689255,123049523.26840016,109186028.39187513,123132941.34626767,132978582.16990507,119754132.72097513,116203721.37438013,109218190.33984019,113290861.26204006,117012155.29908264,94290024.72950256,148503014.87529504,124173076.70937258,118415889.66521508,131300724.15650265,102808190.40780765,113641797.4375801,143227399.04687506,124301473.30174515,114428849.2948701,127523006.41752517,120663770.28531267
2023-01-18,117404652.56077012,134157934.69754522,112773455.02511759,133452890.50268261,108313646.98621508,130454440.74823512,169389096.88632506,116991767.8562175,124318920.59151267,131154323.31199765,81494784.66806008,100097211.17310756,119514248.00951262,115666701.65812755,125740841.20436758,116323413.45268762,98183068.5249526,122613777.89889753,131079450.98495513,105330073.73197764,103730158.74314763,123799212.91381763,108890184.27224264,107560605.8725226,133665237.77058515,147066026.90873265,110114935.65490511,118749810.26385017,127705903.76918262,136600865.83689255,123049523.26840016,109186028.39187513,123132941.34626767,132978582.16990507,119754132.72097513,116203721.37438013,109218190.33984019,113290861.26204006,117012155.29908264,94290024.72950256,148503014.87529504,124173076.70937258,118415889.66521508,131300724.15650265,102808190.40780765,113641797.4375801,143227399.04687506,124301473.30174515,114428849.2948701,127523006.41752517,120663770.28531267
2023-01-19,117404652.56077012,134157934.69754522,112773455.02511759,133452890.50268261,108313646.98621508,130454440.74823512,169389096.88632506,116991767.8562175,124318920.59151267,131154323.31199765,81494784.66806008,100097211.17310756,119514248.00951262,115666701.65812755,125740841.20436758,116323413.45268762,98183068.5249526,122613777.89889753,131079450.98495513,105330073.73197764,103730158.74314763,123799212.91381763,108890184.27224264,107560605.8725226,133665237.77058515,147066026.90873265,110114935.65490511,118749810.26385017,127705903.76918262,136600865.83689255,123049523.26840016,109186028.39187513,123132941.34626767,132978582.16990507,119754132.72097513,116203721.37438013,109218190.33984019,113290861.26204006,117012155.29908264,94290024.72950256,148503014.87529504,124173076.70937258,118415889.66521508,131300724.15650265,102808190.40780765,113641797.4375801,143227399.04687506,124301473.30174515,114428849.2948701,127523006.41752517,120663770.28531267
2023-01-27,117404652.56077012,134157934.69754522,112773455.02511759,133452890.50268261,108313646.98621508,130454440.74823512,169389096.88632506,116991767.8562175,124318920.59151267,131154323.31199765,81494784.66806008,100097211.17310756,119514248.00951262,115666701.65812755,125740841.20436758,116323413.45268762,98183068.5249526,122613777.89889753,131079450.98495513,105330073.73197764,103730158.74314763,123799212.91381763,108890184.27224264,107560605.8725226,133665237.77058515,147066026.90873265,110114935.65490511,118749810.26385017,127705903.76918262,136600865.83689255,123049523.26840016,109186028.39187513,123132941.34626767,132978582.16990507,119754132.72097513,116203721.37438013,109218190.33984019,113290861.26204006,117012155.29908264,94290024.72950256,148503014.87529504,124173076.70937258,118415889.66521508,131300724.15650265,102808190.40780765,113641797.4375801,143227399.04687506,124301473.30174515,114428849.2948701,127523006.41752517,120663770.28531267
2023-01-30,117404652.56077012,134157934.69754522,112773455.02511759,133452890.50268261,108313646.98621508,130454440.74823512,169389096.88632506,116991767.8562175,124318920.59151267,131154323.31199765,81494784.66806008,100097211.17310756,119514248.00951262,115666701.65812755,125740841.20436758,116323413.45268762,98183068.5249526,122613777.89889753,131079450.98495513,105330073.73197764,103730158.74314763,123799212.91381763,108890184.27224264,107560605.8725226,133665237.77058515,147066026.90873265,110114935.65490511,118749810.26385017,127705903.76918262,136600865.83689255,123049523.26840016,109186028.39187513,123132941.34626767,132978582.16990507,119754132.72097513,116203721.37438013,109218190.33984019,113290861.26204006,117012155.29908264,94290024.72950256,148503014.87529504,124173076.70937258,118415889.66521508,131300724.15650265,102808190.40780765,113641797.4375801,143227399.04687506,124301473.30174515,114428849.2948701,127523006.41752517,120663770.28531267
2023-01-31,117404652.56077012,134157934.69754522,112773455.02511759,133452890.50268261,108313646.98621508,130454440.74823512,169389096.88632506,116991767.8562175,124318920.59151267,131154323.31199765,81494784.66806008,100097211.17310756,119514248.00951262,115666701.65812755,125740841.20436758,116323413.45268762,98183068.5249526,122613777.89889753,131079450.98495513,105330073.73197764,103730158.74314763,123799212.91381763,108890184.27224264,107560605.8725226,133665237.77058515,147066026.90873265,110114935.65490511,118749810.26385017,127705903.76918262,136600865.83689255,123049523.26840016,109186028.39187513,123132941.34626767,132978582.16990507,119754132.72097513,116203721.37438013,109218190.33984019,113290861.26204006,117012155.29908264,94290024.72950256,148503014.87529504,124173076.70937258,118415889.66521508,131300724.15650265,102808190.40780765,113641797.4375801,143227399.04687506,124301473.30174515,114428849.2948701,127523006.41752517,120663770.28531267
2023-02-01,117404652.56077012,134157934.69754522,112773455.02511759,133452890.50268261,108313646.98621508,130454440.74823512,169389096.88632506,116991767.8562175,124318920.59151267,131154323.31199765,81494784.66806008,100097211.17310756,119514248.00951262,115666701.65812755,125740841.20436758,116323413.45268762,98183068.5249526,122613777.89889753,131079450.98495513,105330073.73197764,103730158.74314763,123799212.91381763,108890184.27224264,107560605.8725226,133665237.77058515,147066026.90873265,110114935.65490511,118749810.26385017,127705903.76918262,136600865.83689255,123049523.26840016,109186028.39187513,123132941.34626767,132978582.16990507,119754132.72097513,116203721.37438013,109218190.33984019,113290861.26204006,117012155.29908264,94290024.72950256,148503014.87529504,124173076.70937258,118415889.66521508,131300724.15650265,102808190.40780765,113641797.4375801,143227399.04687506,124301473.30174515,114428849.2948701,127523006.41752517,120663770.28531267
2023-02-02,117404652.56077012,134157934.69754522,112773455.02511759,133452890.50268261,108313646.98621508,130454440.74823512,169389096.88632506,116991767.8562175,124318920.59151267,131154323.31199765,81494784.66806008,100097211.17310756,119514248.00951262,115666701.65812755,125740841.20436758,116323413.45268762,98183068.5249526,122613777.89889753,131079450.98495513,105330073.73197764,103730158.74314763,123799212.91381763,108890184.27224264,107560605.8725226,133665237.77058515,147066026.90873265,110114935.65490511,118749810.26385017,127705903.76918262,136600865.83689255,123049523.26840016,109186028.39187513,123132941.34626767,132978582.16990507,119754132.72097513,116203721.37438013,109218190.33984019,113290861.26204006,117012155.29908264,94290024.72950256,148503014.87529504,124173076.70937258,118415889.66521508,131300724.15650265,102808190.40780765,113641797.4375801,143227399.04687506,124301473.30174515,114428849.2948701,127523006.41752517,120663770.28531267
2023-02-03,117404652.56077012,134157934.69754522,112773455.02511759,133452890.50268261,108313646.98621508,130454440.74823512,169389096.88632506,116991767.8562175,124318920.59151267,131154323.31199765,81494784.66806008,100097211.17310756,119514248.00951262,115666701.65812755,125740841.20436758,116323413.45268762,98183068.5249526,122613777.89889753,131079450.98495513,105330073.73197764,103730158.74314763,123799212.91381763,108890184.27224264,107560605.8725226,133665237.77058515,147066026.90873265,110114935.65490511,118749810.26385017,127705903.76918262,136600865.83689255,123049523.26840016,109186028.39187513,123132941.34626767,132978582.16990507,119754132.72097513,116203721.37438013,109218190.33984019,113290861.26204006,117012155.29908264,94290024.72950256,148503014.87529504,124173076.70937258,118415889.66521508,131300724.15650265,102808190.40780765,113641797.4375801,143227399.04687506,124301473.30174515,114428849.2948701,127523006.41752517,120663770.28531267
2023-02-06,117404652.56077012,134157934.69754522,112773455.02511759,133452890.50268261,108313646.98621508,130454440.74823512,169389096.88632506,116991767.8562175,124318920.59151267,131154323.31199765,81494784.66806008,100097211.17310756,119514248.00951262,115666701.65812755,125740841.20436758,116323413.45268762,98183068.5249526,122613777.89889753,131079450.98495513,105330073.73197764,103730158.74314763,123799212.91381763,108890184.27224264,107560605.8725226,133665237.77058515,147066026.90873265,110114935.65490511,118749810.26385017,127705903.76918262,136600865.83689255,123049523.26840016,109186028.39187513,123132941.34626767,132978582.16990507,119754132.72097513,116203721.37438013,109218190.33984019,113290861.26204006,117012155.29908264,94290024.72950256,148503014.87529504,124173076.70937258,118415889.66521508,131300724.15650265,102808190.40780765,113641797.4375801,143227399.04687506,124301473.30174515,114428849.2948701,127523006.41752517,120663770.28531267
2023-02-07,117404652.56077012,134157934.69754522,112773455.02511759,133452890.50268261,108313646.98621508,130454440.74823512,169389096.88632506,116991767.8562175,124318920.59151267,131154323.31199765,81494784.66806008,100097211.17310756,119514248.00951262,115666701.65812755,125740841.20436758,116323413.45268762,98183068.5249526,122613777.89889753,131079450.98495513,105330073.73197764,103730158.74314763,123799212.91381763,108890184.27224264,107560605.8725226,133665237.77058515,147066026.90873265,110114935.65490511,118749810.26385017,127705903.76918262,136600865.83689255,123049523.26840016,109186028.39187513,123132941.34626767,132978582.16990507,119754132.72097513,116203721.37438013,109218190.33984019,113290861.26204006,117012155.29908264,94290024.72950256,148503014.87529504,124173076.70937258,118415889.66521508,131300724.15650265,102808190.40780765,113641797.4375801,143227399.04687506,124301473.30174515,114428849.2948701,127523006.41752517,120663770.28531267
2023-02-08,117404652.56077012,134157934.69754522,112773455.02511759,133452890.50268261,108313646.98621508,130454440.74823512,169389096.88632506,116991767.8562175,124318920.59151267,131154323.31199765,81494784.66806008,100097211.17310756,119514248.00951262,115666701.65812755,125740841.20436758,116323413.45268762,98183068.5249526,122613777.89889753,131079450.98495513,105330073.73197764,103730158.74314763,123799212.91381763,108890184.27224264,107560605.8725226,133665237.77058515,147066026.90873265,110114935.65490511,118749810.26385017,127705903.76918262,136600865.83689255,123049523.26840016,109186028.39187513,123132941.34626767,132978582.16990507,119754132.72097513,116203721.37438013,109218190.33984019,113290861.26204006,117012155.29908264,94290024.72950256,148503014.87529504,124173076.70937258,118415889.66521508,131300724.15650265,102808190.40780765,113641797.4375801,143227399.04687506,124301473.30174515,114428849.2948701,127523006.41752517,120663770.28531267
2023-02-09,117404652.56077012,134157934.69754522,112773455.02511759,133452890.50268261,108313646.98621508,130454440.74823512,169389096.88632506,116991767.8562175,124318920.59151267,131154323.31199765,81494784.66806008,100097211.17310756,119514248.00951262,115666701.65812755,125740841.20436758,116323413.45268762,98183068.5249526,122613777.89889753,131079450.98495513,105330073.73197764,103730158.74314763,123799212.91381763,108890184.27224264,107560605.8725226,133665237.77058515,147066026.90873265,110114935.65490511,118749810.26385017,127705903.76918262,136600865.83689255,123049523.26840016,109186028.39187513,123132941.34626767,132978582.16990507,119754132.72097513,116203721.37438013,109218190.33984019,113290861.26204006,117012155.29908264,94290024.72950256,148503014.87529504,124173076.70937258,118415889.66521508,131300724.15650265,102808190.40780765,113641797.4375801,143227399.04687506,124301473.30174515,114428849.2948701,127523006.41752517,120663770.28531267
2023-02-10,117404652.56077012,134157934.69754522,112773455.02511759,133452890.50268261,108313646.98621508,130454440.74823512,169389096.88632506,116991767.8562175,124318920.59151267,131154323.31199765,81494784.66806008,100097211.17310756,119514248.00951262,115666701.65812755,125740841.20436758,116323413.45268762,98183068.5249526,122613777.89889753,131079450.98495513,105330073.73197764,103730158.74314763,123799212.91381763,108890184.27224264,107560605.8725226,133665237.77058515,147066026.90873265,110114935.65490511,118749810.26385017,127705903.76918262,136600865.83689255,123049523.26840016,109186028.39187513,123132941.34626767,132978582.16990507,119754132.72097513,116203721.37438013,109218190.33984019,113290861.26204006,117012155.29908264,94290024.72950256,148503014.87529504,124173076.70937258,118415889.66521508,131300724.15650265,102808190.40780765,113641797.4375801,143227399.04687506,124301473.30174515,114428849.2948701,127523006.41752517,120663770.28531267
2023-02-13,117404652.56077012,134157934.69754522,112773455.02511759,133452890.50268261,108313646.98621508,130454440.74823512,169389096.88632506,116991767.8562175,124318920.59151267,131154323.31199765,81494784.66806008,100097211.17310756,119514248.00951262,115666701.65812755,125740841.20436758,116323413.45268762,98183068.5249526,122613777.89889753,131079450.98495513,105330073.73197764,103730158.74314763,123799212.91381763,108890184.27224264,107560605.8725226,133665237.77058515,147066026.90873265,110114935.65490511,118749810.26385017,127705903.76918262,136600865.83689255,123049523.26840016,109186028.39187513,123132941.34626767,132978582.16990507,119754132.72097513,116203721.37438013,109218190.33984019,113290861.26204006,117012155.29908264,94290024.72950256,148503014.87529504,124173076.70937258,118415889.66521508,131300724.15650265,102808190.40780765,113641797.4375801,143227399.04687506,124301473.30174515,114428849.2948701,127523006.41752517,120663770.28531267
2023-02-14,117404652.56077012,134157934.69754522,112773455.02511759,133452890.50268261,108313646.98621508,130454440.74823512,169389096.88632506,116991767.8562175,124318920.59151267,131154323.31199765,81494784.66806008,100097211.17310756,119514248.00951262,115666701.65812755,125740841.20436758,116323413.45268762,98183068.5249526,122613777.89889753,131079450.98495513,105330073.73197764,103730158.74314763,123799212.91381763,108890184.27224264,107560605.8725226,133665237.77058515,147066026.90873265,110114935.65490511,118749810.26385017,127705903.76918262,136600865.83689255,123049523.26840016,109186028.39187513,123132941.34626767,132978582.16990507,119754132.72097513,116203721.37438013,109218190.33984019,113290861.26204006,117012155.29908264,94290024.72950256,148503014.87529504,124173076.70937258,118415889.66521508,131300724.15650265,102808190.40780765,113641797.4375801,143227399.04687506,124301473.30174515,114428849.2948701,127523006.41752517,120663770.28531267
2023-02-15,117404652.56077012,134157934.69754522,112773455.02511759,133452890.50268261,108313646.98621508,130454440.74823512,169389096.88632506,116991767.8562175,124318920.59151267,131154323.31199765,81494784.66806008,100097211.17310756,119514248.00951262,115666701.65812755,125740841.20436758,116323413.45268762,98183068.5249526,122613777.89889753,131079450.98495513,105330073.73197764,103730158.74314763,123799212.91381763,108890184.27224264,107560605.8725226,133665237.77058515,147066026.90873265,110114935.65490511,118749810.26385017,127705903.76918262,136600865.83689255,123049523.26840016,109186028.39187513,123132941.34626767,132978582.16990507,119754132.72097513,116203721.37438013,109218190.33984019,113290861.26204006,117012155.29908264,94290024.72950256,148503014.87529504,124173076.70937258,118415889.66521508,131300724.15650265,102808190.40780765,113641797.4375801,143227399.04687506,124301473.30174515,114428849.2948701,127523006.41752517,120663770.28531267
2023-02-16,117404652.56077012,134157934.69754522,112773455.02511759,133452890.50268261,108313646.98621508,130454440.74823512,169389096.88632506,116991767.8562175,124318920.59151267,131154323.31199765,81494784.66806008,100097211.17310756,119514248.00951262,115666701.65812755,125740841.20436758,116323413.45268762,98183068.5249526,122613777.89889753,131079450.98495513,105330073.73197764,103730158.74314763,123799212.91381763,108890184.27224264,107560605.8725226,133665237.77058515,147066026.90873265,110114935.65490511,118749810.26385017,127705903.76918262,136600865.83689255,123049523.26840016,109186028.39187513,123132941.34626767,132978582.16990507,119754132.72097513,116203721.37438013,109218190.33984019,113290861.26204006,117012155.29908264,94290024.72950256,148503014.87529504,124173076.70937258,118415889.66521508,131300724.15650265,102808190.40780765,113641797.4375801,143227399.04687506,124301473.30174515,114428849.2948701,127523006.41752517,120663770.28531267
2023-02-17,117404652.56077012,134157934.69754522,112773455.02511759,133452890.50268261,108313646.98621508,130454440.74823512,169389096.88632506,116991767.8562175,124318920.59151267,131154323.31199765,81494784.66806008,100097211.17310756,119514248.00951262,115666701.65812755,125740841.20436758,116323413.45268762,98183068.5249526,122613777.89889753,131079450.98495513,105330073.73197764,103730158.74314763,123799212.91381763,108890184.27224264,107560605.8725226,133665237.77058515,147066026.90873265,110114935.65490511,118749810.26385017,127705903.76918262,136600865.83689255,123049523.26840016,109186028.39187513,123132941.34626767,132978582.16990507,119754132.72097513,116203721.37438013,109218190.33984019,113290861.26204006,117012155.29908264,94290024.72950256,148503014.87529504,124173076.70937258,118415889.66521508,131300724.15650265,102808190.40780765,113641797.4375801,143227399.04687506,124301473.30174515,114428849.2948701,127523006.41752517,120663770.28531267
2023-02-20,117404652.56077012,134157934.69754522,112773455.02511759,133452890.50268261,108313646.98621508,130454440.74823512,169389096.88632506,116991767.8562175,124318920.59151267,131154323.31199765,81494784.66806008,100097211.17310756,119514248.00951262,115666701.65812755,125740841.20436758,116323413.45268762,98183068.5249526,122613777.89889753,131079450.98495513,105330073.73197764,103730158.74314763,123799212.91381763,108890184.27224264,107560605.8725226,133665237.77058515,147066026.90873265,110114935.65490511,118749810.26385017,127705903.76918262,136600865.83689255,123049523.26840016,109186028.39187513,123132941.34626767,132978582.16990507,119754132.72097513,116203721.37438013,109218190.33984019,113290861.26204006,117012155.29908264,94290024.72950256,148503014.87529504,124173076.70937258,118415889.66521508,131300724.15650265,102808190.40780765,113641797.4375801,143227399.04687506,124301473.30174515,114428849.2948701,127523006.41752517,120663770.28531267
2023-02-21,117404652.56077012,134157934.69754522,112773455.02511759,133452890.50268261,108313646.98621508,130454440.74823512,169389096.88632506,116991767.8562175,124318920.59151267,131154323.31199765,81494784.66806008,100097211.17310756,119514248.00951262,115666701.65812755,125740841.20436758,116323413.45268762,98183068.5249526,122613777.89889753,131079450.98495513,105330073.73197764,103730158.74314763,123799212.91381763,108890184.27224264,107560605.8725226,133665237.77058515,147066026.90873265,110114935.65490511,118749810.26385017,127705903.76918262,136600865.83689255,123049523.26840016,109186028.39187513,123132941.34626767,132978582.16990507,119754132.72097513,116203721.37438013,109218190.33984019,113290861.26204006,117012155.29908264,94290024.72950256,148503014.87529504,124173076.70937258,118415889.66521508,131300724.15650265,102808190.40780765,113641797.4375801,143227399.04687506,124301473.30174515,114428849.2948701,127523006.41752517,120663770.28531267
2023-02-22,117404652.56077012,134157934.69754522,112773455.02511759,133452890.50268261,108313646.98621508,130454440.74823512,169389096.88632506,116991767.8562175,124318920.59151267,131154323.31199765,81494784.66806008,100097211.17310756,119514248.00951262,115666701.65812755,125740841.20436758,116323413.45268762,98183068.5249526,122613777.89889753,131079450.98495513,105330073.73197764,103730158.74314763,123799212.91381763,108890184.27224264,107560605.8725226,133665237.77058515,147066026.90873265,110114935.65490511,118749810.26385017,127705903.76918262,136600865.83689255,123049523.26840016,109186028.39187513,123132941.34626767,132978582.16990507,119754132.72097513,116203721.37438013,109218190.33984019,113290861.26204006,117012155.29908264,94290024.72950256,148503014.87529504,124173076.70937258,118415889.66521508,131300724.15650265,102808190.40780765,113641797.4375801,143227399.04687506,124301473.30174515,114428849.2948701,127523006.41752517,120663770.28531267
2023-02-23,117404652.56077012,134157934.69754522,112773455.02511759,133452890.50268261,108313646.98621508,130454440.74823512,169389096.88632506,116991767.8562175,124318920.59151267,131154323.31199765,81494784.66806008,100097211.17310756,119514248.00951262,115666701.65812755,125740841.20436758,116323413.45268762,98183068.5249526,122613777.89889753,131079450.98495513,105330073.73197764,103730158.74314763,123799212.91381763,108890184.27224264,107560605.8725226,133665237.77058515,147066026.90873265,110114935.65490511,118749810.26385017,127705903.76918262,136600865.83689255,123049523.26840016,109186028.39187513,123132941.34626767,132978582.16990507,119754132.72097513,116203721.37438013,109218190.33984019,113290861.26204006,117012155.29908264,94290024.72950256,148503014.87529504,124173076.70937258,118415889.66521508,131300724.15650265,102808190.40780765,113641797.4375801,143227399.04687506,124301473.30174515,114428849.2948701,127523006.41752517,120663770.28531267
2023-02-24,117404652.56077012,134157934.69754522,112773455.02511759,133452890.50268261,108313646.98621508,130454440.74823512,169389096.88632506,116991767.8562175,124318920.59151267,131154323.31199765,81494784.66806008,100097211.17310756,119514248.00951262,115666701.65812755,125740841.20436758,116323413.45268762,98183068.5249526,122613777.89889753,131079450.98495513,105330073.73197764,103730158.74314763,123799212.91381763,108890184.27224264,107560605.8725226,133665237.77058515,147066026.90873265,110114935.65490511,118749810.26385017,127705903.76918262,136600865.83689255,123049523.26840016,109186028.39187513,123132941.34626767,132978582.16990507,119754132.72097513,116203721.37438013,109218190.33984019,113290861.26204006,117012155.29908264,94290024.72950256,148503014.87529504,124173076.70937258,118415889.66521508,131300724.15650265,102808190.40780765,113641797.4375801,143227399.04687506,124301473.30174515,114428849.2948701,127523006.41752517,120663770.28531267
2023-02-27,117404652.56077012,134157934.69754522,112773455.02511759,133452890.50268261,108313646.98621508,130454440.74823512,169389096.88632506,116991767.8562175,124318920.59151267,131154323.31199765,81494784.66806008,100097211.17310756,119514248.00951262,115666701.65812755,125740841.20436758,116323413.45268762,98183068.5249526,122613777.89889753,131079450.98495513,105330073.73197764,103730158.74314763,123799212.91381763,108890184.27224264,107560605.8725226,133665237.77058515,147066026.90873265,110114935.65490511,118749810.26385017,127705903.76918262,136600865.83689255,123049523.26840016,109186028.39187513,123132941.34626767,132978582.16990507,119754132.72097513,116203721.37438013,109218190.33984019,113290861.26204006,117012155.29908264,94290024.72950256,148503014.87529504,124173076.70937258,118415889.66521508,131300724.15650265,102808190.40780765,113641797.4375801,143227399.04687506,124301473.30174515,114428849.2948701,127523006.41752517,120663770.28531267
2023-02-28,117404652.56077012,134157934.69754522,112773455.02511759,133452890.50268261,108313646.98621508,130454440.74823512,169389096.88632506,116991767.8562175,124318920.59151267,131154323.31199765,81494784.66806008,100097211.17310756,119514248.00951262,115666701.65812755,125740841.20436758,116323413.45268762,98183068.5249526,122613777.89889753,131079450.98495513,105330073.73197764,103730158.74314763,123799212.91381763,108890184.27224264,107560605.8725226,133665237.77058515,147066026.90873265,110114935.65490511,118749810.26385017,127705903.76918262,136600865.83689255,123049523.26840016,109186028.39187513,123132941.34626767,132978582.16990507,119754132.72097513,116203721.37438013,109218190.33984019,113290861.26204006,117012155.29908264,94290024.72950256,148503014.87529504,124173076.70937258,118415889.66521508,131300724.15650265,102808190.40780765,113641797.4375801,143227399.04687506,124301473.30174515,114428849.2948701,127523006.41752517,120663770.28531267
2023-03-01,117404652.56077012,134157934.69754522,112773455.02511759,133452890.50268261,108313646.98621508,130454440.74823512,169389096.88632506,116991767.8562175,124318920.59151267,131154323.31199765,81494784.66806008,100097211.17310756,119514248.00951262,115666701.65812755,125740841.20436758,116323413.45268762,98183068.5249526,122613777.89889753,131079450.98495513,105330073.73197764,103730158.74314763,123799212.91381763,108890184.27224264,107560605.8725226,133665237.77058515,147066026.90873265,110114935.65490511,118749810.26385017,127705903.76918262,136600865.83689255,123049523.26840016,109186028.39187513,123132941.34626767,132978582.16990507,119754132.72097513,116203721.37438013,109218190.33984019,113290861.26204006,117012155.29908264,94290024.72950256,148503014.87529504,124173076.70937258,118415889.66521508,131300724.15650265,102808190.40780765,113641797.4375801,143227399.04687506,124301473.30174515,114428849.2948701,127523006.41752517,120663770.28531267
2023-03-02,117404652.56077012,134157934.69754522,112773455.02511759,133452890.50268261,108313646.98621508,130454440.74823512,169389096.88632506,116991767.8562175,124318920.59151267,131154323.31199765,81494784.66806008,100097211.17310756,119514248.00951262,115666701.65812755,125740841.20436758,116323413.45268762,98183068.5249526,122613777.89889753,131079450.98495513,105330073.73197764,103730158.74314763,123799212.91381763,108890184.27224264,107560605.8725226,133665237.77058515,147066026.90873265,110114935.65490511,118749810.26385017,127705903.76918262,136600865.83689255,123049523.26840016,109186028.39187513,123132941.34626767,132978582.16990507,119754132.72097513,116203721.37438013,109218190.33984019,113290861.26204006,117012155.29908264,94290024.72950256,148503014.87529504,124173076.70937258,118415889.66521508,131300724.15650265,102808190.40780765,113641797.4375801,143227399.04687506,124301473.30174515,114428849.2948701,127523006.41752517,120663770.28531267
2023-03-03,117404652.56077012,134157934.69754522,112773455.02511759,133452890.50268261,108313646.98621508,130454440.74823512,169389096.88632506,116991767.8562175,124318920.59151267,131154323.31199765,81494784.66806008,100097211.17310756,119514248.00951262,115666701.65812755,125740841.20436758,116323413.45268762,98183068.5249526,122613777.89889753,131079450.98495513,105330073.73197764,103730158.74314763,123799212.91381763,108890184.27224264,107560605.8725226,133665237.77058515,147066026.90873265,110114935.65490511,118749810.26385017,127705903.76918262,136600865.83689255,123049523.26840016,109186028.39187513,123132941.34626767,132978582.16990507,119754132.72097513,116203721.37438013,109218190.33984019,113290861.26204006,117012155.29908264,94290024.72950256,148503014.87529504,124173076.70937258,118415889.66521508,131300724.15650265,102808190.40780765,113641797.4375801,143227399.04687506,124301473.30174515,114428849.2948701,127523006.41752517,120663770.28531267
2023-03-06,117404652.56077012,134157934.69754522,112773455.02511759,133452890.50268261,108313646.98621508,130454440.74823512,169389096.88632506,116991767.8562175,124318920.59151267,131154323.31199765,81494784.66806008,100097211.17310756,119514248.00951262,115666701.65812755,125740841.20436758,116323413.45268762,98183068.5249526,122613777.89889753,131079450.98495513,105330073.73197764,103730158.74314763,123799212.91381763,108890184.27224264,107560605.8725226,133665237.77058515,147066026.90873265,110114935.65490511,118749810.26385017,127705903.76918262,136600865.83689255,123049523.26840016,109186028.39187513,123132941.34626767,132978582.16990507,119754132.72097513,116203721.37438013,109218190.33984019,113290861.26204006,117012155.29908264,94290024.72950256,148503014.87529504,124173076.70937258,118415889.66521508,131300724.15650265,102808190.40780765,113641797.4375801,143227399.04687506,124301473.30174515,114428849.2948701,127523006.41752517,120663770.28531267
2023-03-07,117404652.56077012,134157934.69754522,112773455.02511759,133452890.50268261,108313646.98621508,130454440.74823512,169389096.88632506,116991767.8562175,124318920.59151267,131154323.31199765,81494784.66806008,100097211.17310756,119514248.00951262,115666701.65812755,125740841.20436758,116323413.45268762,98183068.5249526,122613777.89889753,131079450.98495513,105330073.73197764,103730158.74314763,123799212.91381763,108890184.27224264,107560605.8725226,133665237.77058515,147066026.90873265,110114935.65490511,118749810.26385017,127705903.76918262,136600865.83689255,123049523.26840016,109186028.39187513,123132941.34626767,132978582.16990507,119754132.72097513,116203721.37438013,109218190.33984019,113290861.26204006,117012155.29908264,94290024.72950256,148503014.87529504,124173076.70937258,118415889.66521508,131300724.15650265,102808190.40780765,113641797.4375801,143227399.04687506,124301473.30174515,114428849.2948701,127523006.41752517,120663770.28531267
2023-03-08,117404652.56077012,134157934.69754522,112773455.02511759,133452890.50268261,108313646.98621508,130454440.74823512,169389096.88632506,116991767.8562175,124318920.59151267,131154323.31199765,81494784.66806008,100097211.17310756,119514248.00951262,115666701.65812755,125740841.20436758,116323413.45268762,98183068.5249526,122613777.89889753,131079450.98495513,105330073.73197764,103730158.74314763,123799212.91381763,108890184.27224264,107560605.8725226,133665237.77058515,147066026.90873265,110114935.65490511,118749810.26385017,127705903.76918262,136600865.83689255,123049523.26840016,109186028.39187513,123132941.34626767,132978582.16990507,119754132.72097513,116203721.37438013,109218190.33984019,113290861.26204006,117012155.29908264,94290024.72950256,148503014.87529504,124173076.70937258,118415889.66521508,131300724.15650265,102808190.40780765,113641797.4375801,143227399.04687506,124301473.30174515,114428849.2948701,127523006.41752517,120663770.28531267
2023-03-09,117404652.56077012,134157934.69754522,112773455.02511759,133452890.50268261,108313646.98621508,130454440.74823512,169389096.88632506,116991767.8562175,124318920.59151267,131154323.31199765,81494784.66806008,100097211.17310756,119514248.00951262,115666701.65812755,125740841.20436758,116323413.45268762,98183068.5249526,122613777.89889753,131079450.98495513,105330073.73197764,103730158.74314763,123799212.91381763,108890184.27224264,107560605.8725226,133665237.77058515,147066026.90873265,110114935.65490511,118749810.26385017,127705903.76918262,136600865.83689255,123049523.26840016,109186028.39187513,123132941.34626767,132978582.16990507,119754132.72097513,116203721.37438013,109218190.33984019,113290861.26204006,117012155.29908264,94290024.72950256,148503014.87529504,124173076.70937258,118415889.66521508,131300724.15650265,102808190.40780765,113641797.4375801,143227399.04687506,124301473.30174515,114428849.2948701,127523006.41752517,120663770.28531267
2023-03-10,117404652.56077012,134157934.69754522,112773455.02511759,133452890.50268261,108313646.98621508,130454440.74823512,169389096.88632506,116991767.8562175,124318920.59151267,131154323.31199765,81494784.66806008,100097211.17310756,119514248.00951262,115666701.65812755,125740841.20436758,116323413.45268762,98183068.5249526,122613777.89889753,131079450.98495513,105330073.73197764,103730158.74314763,123799212.91381763,108890184.27224264,107560605.8725226,133665237.77058515,147066026.90873265,110114935.65490511,118749810.26385017,127705903.76918262,136600865.83689255,123049523.26840016,109186028.39187513,123132941.34626767,132978582.16990507,119754132.72097513,116203721.37438013,109218190.33984019,113290861.26204006,117012155.29908264,94290024.72950256,148503014.87529504,124173076.70937258,118415889.66521508,131300724.15650265,102808190.40780765,113641797.4375801,143227399.04687506,124301473.30174515,114428849.2948701,127523006.41752517,120663770.28531267
2023-03-13,117404652.56077012,134157934.69754522,112773455.02511759,133452890.50268261,108313646.98621508,130454440.74823512,169389096.88632506,116991767.8562175,124318920.59151267,131154323.31199765,81494784.66806008,100097211.17310756,119514248.00951262,115666701.65812755,125740841.20436758,116323413.45268762,98183068.5249526,122613777.89889753,131079450.98495513,105330073.73197764,103730158.74314763,123799212.91381763,108890184.27224264,107560605.8725226,133665237.77058515,147066026.90873265,110114935.65490511,118749810.26385017,127705903.76918262,136600865.83689255,123049523.26840016,109186028.39187513,123132941.34626767,132978582.16990507,119754132.72097513,116203721.37438013,109218190.33984019,113290861.26204006,117012155.29908264,94290024.72950256,148503014.87529504,124173076.70937258,118415889.66521508,131300724.15650265,102808190.40780765,113641797.4375801,143227399.04687506,124301473.30174515,114428849.2948701,127523006.41752517,120663770.28531267
2023-03-14,117404652.56077012,134157934.69754522,112773455.02511759,133452890.50268261,108313646.98621508,130454440.74823512,169389096.88632506,116991767.8562175,124318920.59151267,131154323.31199765,81494784.66806008,100097211.17310756,119514248.00951262,115666701.65812755,125740841.20436758,116323413.45268762,98183068.5249526,122613777.89889753,131079450.98495513,105330073.73197764,103730158.74314763,123799212.91381763,108890184.27224264,107560605.8725226,133665237.77058515,147066026.90873265,110114935.65490511,118749810.26385017,127705903.76918262,136600865.83689255,123049523.26840016,109186028.39187513,123132941.34626767,132978582.16990507,119754132.72097513,116203721.37438013,109218190.33984019,113290861.26204006,117012155.29908264,94290024.72950256,148503014.87529504,124173076.70937258,118415889.66521508,131300724.15650265,102808190.40780765,113641797.4375801,143227399.04687506,124301473.30174515,114428849.2948701,127523006.41752517,120663770.28531267
2023-03-15,117404652.56077012,134157934.69754522,112773455.02511759,133452890.50268261,108313646.98621508,130454440.74823512,169389096.88632506,116991767.8562175,124318920.59151267,131154323.31199765,81494784.66806008,100097211.17310756,119514248.00951262,115666701.65812755,125740841.20436758,116323413.45268762,98183068.5249526,122613777.89889753,131079450.98495513,105330073.73197764,103730158.74314763,123799212.91381763,108890184.27224264,107560605.8725226,133665237.77058515,147066026.90873265,110114935.65490511,118749810.26385017,127705903.76918262,136600865.83689255,123049523.26840016,109186028.39187513,123132941.34626767,132978582.16990507,119754132.72097513,116203721.37438013,109218190.33984019,113290861.26204006,117012155.29908264,94290024.72950256,148503014.87529504,124173076.70937258,118415889.66521508,131300724.15650265,102808190.40780765,113641797.4375801,143227399.04687506,124301473.30174515,114428849.2948701,127523006.41752517,120663770.28531267
2023-03-16,117404652.56077012,134157934.69754522,112773455.02511759,133452890.50268261,108313646.98621508,130454440.74823512,169389096.88632506,116991767.8562175,124318920.59151267,131154323.31199765,81494784.66806008,100097211.17310756,119514248.00951262,115666701.65812755,125740841.20436758,116323413.45268762,98183068.5249526,122613777.89889753,131079450.98495513,105330073.73197764,103730158.74314763,123799212.91381763,108890184.27224264,107560605.8725226,133665237.77058515,147066026.90873265,110114935.65490511,118749810.26385017,127705903.76918262,136600865.83689255,123049523.26840016,109186028.39187513,123132941.34626767,132978582.16990507,119754132.72097513,116203721.37438013,109218190.33984019,113290861.26204006,117012155.29908264,94290024.72950256,148503014.87529504,124173076.70937258,118415889.66521508,131300724.15650265,102808190.40780765,113641797.4375801,143227399.04687506,124301473.30174515,114428849.2948701,127523006.41752517,120663770.28531267
2023-03-17,117404652.56077012,134157934.69754522,112773455.02511759,133452890.50268261,108313646.98621508,130454440.74823512,169389096.88632506,116991767.8562175,124318920.59151267,131154323.31199765,81494784.66806008,100097211.17310756,119514248.00951262,115666701.65812755,125740841.20436758,116323413.45268762,98183068.5249526,122613777.89889753,131079450.98495513,105330073.73197764,103730158.74314763,123799212.91381763,108890184.27224264,107560605.8725226,133665237.77058515,147066026.90873265,110114935.65490511,118749810.26385017,127705903.76918262,136600865.83689255,123049523.26840016,109186028.39187513,123132941.34626767,132978582.16990507,119754132.72097513,116203721.37438013,109218190.33984019,113290861.26204006,117012155.29908264,94290024.72950256,148503014.87529504,124173076.70937258,118415889.66521508,131300724.15650265,102808190.40780765,113641797.4375801,143227399.04687506,124301473.30174515,114428849.2948701,127523006.41752517,120663770.28531267
2023-03-20,117404652.56077012,134157934.69754522,112773455.02511759,133452890.50268261,108313646.98621508,130454440.74823512,169389096.88632506,116991767.8562175,124318920.59151267,131154323.31199765,81494784.66806008,100097211.17310756,119514248.00951262,115666701.65812755,125740841.20436758,116323413.45268762,98183068.5249526,122613777.89889753,131079450.98495513,105330073.73197764,103730158.74314763,123799212.91381763,108890184.27224264,107560605.8725226,133665237.77058515,147066026.90873265,110114935.65490511,118749810.26385017,127705903.76918262,136600865.83689255,123049523.26840016,109186028.39187513,123132941.34626767,132978582.16990507,119754132.72097513,116203721.37438013,109218190.33984019,113290861.26204006,117012155.29908264,94290024.72950256,148503014.87529504,124173076.70937258,118415889.66521508,131300724.15650265,102808190.40780765,113641797.4375801,143227399.04687506,124301473.30174515,114428849.2948701,127523006.41752517,120663770.28531267
2023-03-21,117404652.56077012,134157934.69754522,112773455.02511759,133452890.50268261,108313646.98621508,130454440.74823512,169389096.88632506,116991767.8562175,124318920.59151267,131154323.31199765,81494784.66806008,100097211.17310756,119514248.00951262,115666701.65812755,125740841.20436758,116323413.45268762,98183068.5249526,122613777.89889753,131079450.98495513,105330073.73197764,103730158.74314763,123799212.91381763,108890184.27224264,107560605.8725226,133665237.77058515,147066026.90873265,110114935.65490511,118749810.26385017,127705903.76918262,136600865.83689255,123049523.26840016,109186028.39187513,123132941.34626767,132978582.16990507,119754132.72097513,116203721.37438013,109218190.33984019,113290861.26204006,117012155.29908264,94290024.72950256,148503014.87529504,124173076.70937258,118415889.66521508,131300724.15650265,102808190.40780765,113641797.4375801,143227399.04687506,124301473.30174515,114428849.2948701,127523006.41752517,120663770.28531267
2023-03-22,117404652.56077012,134157934.69754522,112773455.02511759,133452890.50268261,108313646.98621508,130454440.74823512,169389096.88632506,116991767.8562175,124318920.59151267,131154323.31199765,81494784.66806008,100097211.17310756,119514248.00951262,115666701.65812755,125740841.20436758,116323413.45268762,98183068.5249526,122613777.89889753,131079450.98495513,105330073.73197764,103730158.74314763,123799212.91381763,108890184.27224264,107560605.8725226,133665237.77058515,147066026.90873265,110114935.65490511,118749810.26385017,127705903.76918262,136600865.83689255,123049523.26840016,109186028.39187513,123132941.34626767,132978582.16990507,119754132.72097513,116203721.37438013,109218190.33984019,113290861.26204006,117012155.29908264,94290024.72950256,148503014.87529504,124173076.70937258,118415889.66521508,131300724.15650265,102808190.40780765,113641797.4375801,143227399.04687506,124301473.30174515,114428849.2948701,127523006.41752517,120663770.28531267
2023-03-23,117404652.56077012,134157934.69754522,112773455.02511759,133452890.50268261,108313646.98621508,130454440.74823512,169389096.88632506,116991767.8562175,124318920.59151267,131154323.31199765,81494784.66806008,100097211.17310756,119514248.00951262,115666701.65812755,125740841.20436758,116323413.45268762,98183068.5249526,122613777.89889753,131079450.98495513,105330073.73197764,103730158.74314763,123799212.91381763,108890184.27224264,107560605.8725226,133665237.77058515,147066026.90873265,110114935.65490511,118749810.26385017,127705903.76918262,136600865.83689255,123049523.26840016,109186028.39187513,123132941.34626767,132978582.16990507,119754132.72097513,116203721.37438013,109218190.33984019,113290861.26204006,117012155.29908264,94290024.72950256,148503014.87529504,124173076.70937258,118415889.66521508,131300724.15650265,102808190.40780765,113641797.4375801,143227399.04687506,124301473.30174515,114428849.2948701,127523006.41752517,120663770.28531267
2023-03-24,117404652.56077012,134157934.69754522,112773455.02511759,133452890.50268261,108313646.98621508,130454440.74823512,169389096.88632506,116991767.8562175,124318920.59151267,131154323.31199765,81494784.66806008,100097211.17310756,119514248.00951262,115666701.65812755,125740841.20436758,116323413.45268762,98183068.5249526,122613777.89889753,131079450.98495513,105330073.73197764,103730158.74314763,123799212.91381763,108890184.27224264,107560605.8725226,133665237.77058515,147066026.90873265,110114935.65490511,118749810.26385017,127705903.76918262,136600865.83689255,123049523.26840016,109186028.39187513,123132941.34626767,132978582.16990507,119754132.72097513,116203721.37438013,109218190.33984019,113290861.26204006,117012155.29908264,94290024.72950256,148503014.87529504,124173076.70937258,118415889.66521508,131300724.15650265,102808190.40780765,113641797.4375801,143227399.04687506,124301473.30174515,114428849.2948701,127523006.41752517,120663770.28531267
2023-03-27,117404652.56077012,134157934.69754522,112773455.02511759,133452890.50268261,108313646.98621508,130454440.74823512,169389096.88632506,116991767.8562175,124318920.59151267,131154323.31199765,81494784.66806008,100097211.17310756,119514248.00951262,115666701.65812755,125740841.20436758,116323413.45268762,98183068.5249526,122613777.89889753,131079450.98495513,105330073.73197764,103730158.74314763,123799212.91381763,108890184.27224264,107560605.8725226,133665237.77058515,147066026.90873265,110114935.65490511,118749810.26385017,127705903.76918262,136600865.83689255,123049523.26840016,109186028.39187513,123132941.34626767,132978582.16990507,119754132.72097513,116203721.37438013,109218190.33984019,113290861.26204006,117012155.29908264,94290024.72950256,148503014.87529504,124173076.70937258,118415889.66521508,131300724.15650265,102808190.40780765,113641797.4375801,143227399.04687506,124301473.30174515,114428849.2948701,127523006.41752517,120663770.28531267
2023-03-28,117404652.56077012,134157934.69754522,112773455.02511759,133452890.50268261,108313646.98621508,130454440.74823512,169389096.88632506,116991767.8562175,124318920.59151267,131154323.31199765,81494784.66806008,100097211.17310756,119514248.00951262,115666701.65812755,125740841.20436758,116323413.45268762,98183068.5249526,122613777.89889753,131079450.98495513,105330073.73197764,103730158.74314763,123799212.91381763,108890184.27224264,107560605.8725226,133665237.77058515,147066026.90873265,110114935.65490511,118749810.26385017,127705903.76918262,136600865.83689255,123049523.26840016,109186028.39187513,123132941.34626767,132978582.16990507,119754132.72097513,116203721.37438013,109218190.33984019,113290861.26204006,117012155.29908264,94290024.72950256,148503014.87529504,124173076.70937258,118415889.66521508,131300724.15650265,102808190.40780765,113641797.4375801,143227399.04687506,124301473.30174515,114428849.2948701,127523006.41752517,120663770.28531267
2023-03-29,117404652.56077012,134157934.69754522,112773455.02511759,133452890.50268261,108313646.98621508,130454440.74823512,169389096.88632506,116991767.8562175,124318920.59151267,131154323.31199765,81494784.66806008,100097211.17310756,119514248.00951262,115666701.65812755,125740841.20436758,116323413.45268762,98183068.5249526,122613777.89889753,131079450.98495513,105330073.73197764,103730158.74314763,123799212.91381763,108890184.27224264,107560605.8725226,133665237.77058515,147066026.90873265,110114935.65490511,118749810.26385017,127705903.76918262,136600865.83689255,123049523.26840016,109186028.39187513,123132941.34626767,132978582.16990507,119754132.72097513,116203721.37438013,109218190.33984019,113290861.26204006,117012155.29908264,94290024.72950256,148503014.87529504,124173076.70937258,118415889.66521508,131300724.15650265,102808190.40780765,113641797.4375801,143227399.04687506,124301473.30174515,114428849.2948701,127523006.41752517,120663770.28531267
2023-03-30,117404652.56077012,134157934.69754522,112773455.02511759,133452890.50268261,108313646.98621508,130454440.74823512,169389096.88632506,116991767.8562175,124318920.59151267,131154323.31199765,81494784.66806008,100097211.17310756,119514248.00951262,115666701.65812755,125740841.20436758,116323413.45268762,98183068.5249526,122613777.89889753,131079450.98495513,105330073.73197764,103730158.74314763,123799212.91381763,108890184.27224264,107560605.8725226,133665237.77058515,147066026.90873265,110114935.65490511,118749810.26385017,127705903.76918262,136600865.83689255,123049523.26840016,109186028.39187513,123132941.34626767,132978582.16990507,119754132.72097513,116203721.37438013,109218190.33984019,113290861.26204006,117012155.29908264,94290024.72950256,148503014.87529504,124173076.70937258,118415889.66521508,131300724.15650265,102808190.40780765,113641797.4375801,143227399.04687506,124301473.30174515,114428849.2948701,127523006.41752517,120663770.28531267
2023-03-31,117404652.56077012,134157934.69754522,112773455.02511759,133452890.50268261,108313646.98621508,130454440.74823512,169389096.88632506,116991767.8562175,124318920.59151267,131154323.31199765,81494784.66806008,100097211.17310756,119514248.00951262,115666701.65812755,125740841.20436758,116323413.45268762,98183068.5249526,122613777.89889753,131079450.98495513,105330073.73197764,103730158.74314763,123799212.91381763,108890184.27224264,107560605.8725226,133665237.77058515,147066026.90873265,110114935.65490511,118749810.26385017,127705903.76918262,136600865.83689255,123049523.26840016,109186028.39187513,123132941.34626767,132978582.16990507,119754132.72097513,116203721.37438013,109218190.33984019,113290861.26204006,117012155.29908264,94290024.72950256,148503014.87529504,124173076.70937258,118415889.66521508,131300724.15650265,102808190.40780765,113641797.4375801,143227399.04687506,124301473.30174515,114428849.2948701,127523006.41752517,120663770.28531267
2023-04-03,117404652.56077012,134157934.69754522,112773455.02511759,133452890.50268261,108313646.98621508,130454440.74823512,169389096.88632506,116991767.8562175,124318920.59151267,131154323.31199765,81494784.66806008,100097211.17310756,119514248.00951262,115666701.65812755,125740841.20436758,116323413.45268762,98183068.5249526,122613777.89889753,131079450.98495513,105330073.73197764,103730158.74314763,123799212.91381763,108890184.27224264,107560605.8725226,133665237.77058515,147066026.90873265,110114935.65490511,118749810.26385017,127705903.76918262,136600865.83689255,123049523.26840016,109186028.39187513,123132941.34626767,132978582.16990507,119754132.72097513,116203721.37438013,109218190.33984019,113290861.26204006,117012155.29908264,94290024.72950256,148503014.87529504,124173076.70937258,118415889.66521508,131300724.15650265,102808190.40780765,113641797.4375801,143227399.04687506,124301473.30174515,114428849.2948701,127523006.41752517,120663770.28531267
2023-04-04,117404652.56077012,134157934.69754522,112773455.02511759,133452890.50268261,108313646.98621508,130454440.74823512,169389096.88632506,116991767.8562175,124318920.59151267,131154323.31199765,81494784.66806008,100097211.17310756,119514248.00951262,115666701.65812755,125740841.20436758,116323413.45268762,98183068.5249526,122613777.89889753,131079450.98495513,105330073.73197764,103730158.74314763,123799212.91381763,108890184.27224264,107560605.8725226,133665237.77058515,147066026.90873265,110114935.65490511,118749810.26385017,127705903.76918262,136600865.83689255,123049523.26840016,109186028.39187513,123132941.34626767,132978582.16990507,119754132.72097513,116203721.37438013,109218190.33984019,113290861.26204006,117012155.29908264,94290024.72950256,148503014.87529504,124173076.70937258,118415889.66521508,131300724.15650265,102808190.40780765,113641797.4375801,143227399.04687506,124301473.30174515,114428849.2948701,127523006.41752517,120663770.28531267
2023-04-05,117404652.56077012,134157934.69754522,112773455.02511759,133452890.50268261,108313646.98621508,130454440.74823512,169389096.88632506,116991767.8562175,124318920.59151267,131154323.31199765,81494784.66806008,100097211.17310756,119514248.00951262,115666701.65812755,125740841.20436758,116323413.45268762,98183068.5249526,122613777.89889753,131079450.98495513,105330073.73197764,103730158.74314763,123799212.91381763,108890184.27224264,107560605.8725226,133665237.77058515,147066026.90873265,110114935.65490511,118749810.26385017,127705903.76918262,136600865.83689255,123049523.26840016,109186028.39187513,123132941.34626767,132978582.16990507,119754132.72097513,116203721.37438013,109218190.33984019,113290861.26204006,117012155.29908264,94290024.72950256,148503014.87529504,124173076.70937258,118415889.66521508,131300724.15650265,102808190.40780765,113641797.4375801,143227399.04687506,124301473.30174515,114428849.2948701,127523006.41752517,120663770.28531267
2023-04-06,117404652.56077012,134157934.69754522,112773455.02511759,133452890.50268261,108313646.98621508,130454440.74823512,169389096.88632506,116991767.8562175,124318920.59151267,131154323.31199765,81494784.66806008,100097211.17310756,119514248.00951262,115666701.65812755,125740841.20436758,116323413.45268762,98183068.5249526,122613777.89889753,131079450.98495513,105330073.73197764,103730158.74314763,123799212.91381763,108890184.27224264,107560605.8725226,133665237.77058515,147066026.90873265,110114935.65490511,118749810.26385017,127705903.76918262,136600865.83689255,123049523.26840016,109186028.39187513,123132941.34626767,132978582.16990507,119754132.72097513,116203721.37438013,109218190.33984019,113290861.26204006,117012155.29908264,94290024.72950256,148503014.87529504,124173076.70937258,118415889.66521508,131300724.15650265,102808190.40780765,113641797.4375801,143227399.04687506,124301473.30174515,114428849.2948701,127523006.41752517,120663770.28531267
2023-04-07,117404652.56077012,134157934.69754522,112773455.02511759,133452890.50268261,108313646.98621508,130454440.74823512,169389096.88632506,116991767.8562175,124318920.59151267,131154323.31199765,81494784.66806008,100097211.17310756,119514248.00951262,115666701.65812755,125740841.20436758,116323413.45268762,98183068.5249526,122613777.89889753,131079450.98495513,105330073.73197764,103730158.74314763,123799212.91381763,108890184.27224264,107560605.8725226,133665237.77058515,147066026.90873265,110114935.65490511,118749810.26385017,127705903.76918262,136600865.83689255,123049523.26840016,109186028.39187513,123132941.34626767,132978582.16990507,119754132.72097513,116203721.37438013,109218190.33984019,113290861.26204006,117012155.29908264,94290024.72950256,148503014.87529504,124173076.70937258,118415889.66521508,131300724.15650265,102808190.40780765,113641797.4375801,143227399.04687506,124301473.30174515,114428849.2948701,127523006.41752517,120663770.28531267
2023-04-10,117404652.56077012,134157934.69754522,112773455.02511759,133452890.50268261,108313646.98621508,130454440.74823512,169389096.88632506,116991767.8562175,124318920.59151267,131154323.31199765,81494784.66806008,100097211.17310756,119514248.00951262,115666701.65812755,125740841.20436758,116323413.45268762,98183068.5249526,122613777.89889753,131079450.98495513,105330073.73197764,103730158.74314763,123799212.91381763,108890184.27224264,107560605.8725226,133665237.77058515,147066026.90873265,110114935.65490511,118749810.26385017,127705903.76918262,136600865.83689255,123049523.26840016,109186028.39187513,123132941.34626767,132978582.16990507,119754132.72097513,116203721.37438013,109218190.33984019,113290861.26204006,117012155.29908264,94290024.72950256,148503014.87529504,124173076.70937258,118415889.66521508,131300724.15650265,102808190.40780765,113641797.4375801,143227399.04687506,124301473.30174515,114428849.2948701,127523006.41752517,120663770.28531267
2023-04-11,117404652.56077012,134157934.69754522,112773455.02511759,133452890.50268261,108313646.98621508,130454440.74823512,169389096.88632506,116991767.8562175,124318920.59151267,131154323.31199765,81494784.66806008,100097211.17310756,119514248.00951262,115666701.65812755,125740841.20436758,116323413.45268762,98183068.5249526,122613777.89889753,131079450.98495513,105330073.73197764,103730158.74314763,123799212.91381763,108890184.27224264,107560605.8725226,133665237.77058515,147066026.90873265,110114935.65490511,118749810.26385017,127705903.76918262,136600865.83689255,123049523.26840016,109186028.39187513,123132941.34626767,132978582.16990507,119754132.72097513,116203721.37438013,109218190.33984019,113290861.26204006,117012155.29908264,94290024.72950256,148503014.87529504,124173076.70937258,118415889.66521508,131300724.15650265,102808190.40780765,113641797.4375801,143227399.04687506,124301473.30174515,114428849.2948701,127523006.41752517,120663770.28531267
2023-04-12,117404652.56077012,134157934.69754522,112773455.02511759,133452890.50268261,108313646.98621508,130454440.74823512,169389096.88632506,116991767.8562175,124318920.59151267,131154323.31199765,81494784.66806008,100097211.17310756,119514248.00951262,115666701.65812755,125740841.20436758,116323413.45268762,98183068.5249526,122613777.89889753,131079450.98495513,105330073.73197764,103730158.74314763,123799212.91381763,108890184.27224264,107560605.8725226,133665237.77058515,147066026.90873265,110114935.65490511,118749810.26385017,127705903.76918262,136600865.83689255,123049523.26840016,109186028.39187513,123132941.34626767,132978582.16990507,119754132.72097513,116203721.37438013,109218190.33984019,113290861.26204006,117012155.29908264,94290024.72950256,148503014.87529504,124173076.70937258,118415889.66521508,131300724.15650265,102808190.40780765,113641797.4375801,143227399.04687506,124301473.30174515,114428849.2948701,127523006.41752517,120663770.28531267
2023-04-13,117404652.56077012,134157934.69754522,112773455.02511759,133452890.50268261,108313646.98621508,130454440.74823512,169389096.88632506,116991767.8562175,124318920.59151267,131154323.31199765,81494784.66806008,100097211.17310756,119514248.00951262,115666701.65812755,125740841.20436758,116323413.45268762,98183068.5249526,122613777.89889753,131079450.98495513,105330073.73197764,103730158.74314763,123799212.91381763,108890184.27224264,107560605.8725226,133665237.77058515,147066026.90873265,110114935.65490511,118749810.26385017,127705903.76918262,136600865.83689255,123049523.26840016,109186028.39187513,123132941.34626767,132978582.16990507,119754132.72097513,116203721.37438013,109218190.33984019,113290861.26204006,117012155.29908264,94290024.72950256,148503014.87529504,124173076.70937258,118415889.66521508,131300724.15650265,102808190.40780765,113641797.4375801,143227399.04687506,124301473.30174515,114428849.2948701,127523006.41752517,120663770.28531267
2023-04-14,117404652.56077012,134157934.69754522,112773455.02511759,133452890.50268261,108313646.98621508,130454440.74823512,169389096.88632506,116991767.8562175,124318920.59151267,131154323.31199765,81494784.66806008,100097211.17310756,119514248.00951262,115666701.65812755,125740841.20436758,116323413.45268762,98183068.5249526,122613777.89889753,131079450.98495513,105330073.73197764,103730158.74314763,123799212.91381763,108890184.27224264,107560605.8725226,133665237.77058515,147066026.90873265,110114935.65490511,118749810.26385017,127705903.76918262,136600865.83689255,123049523.26840016,109186028.39187513,123132941.34626767,132978582.16990507,119754132.72097513,116203721.37438013,109218190.33984019,113290861.26204006,117012155.29908264,94290024.72950256,148503014.87529504,124173076.70937258,118415889.66521508,131300724.15650265,102808190.40780765,113641797.4375801,143227399.04687506,124301473.30174515,114428849.2948701,127523006.41752517,120663770.28531267
2023-04-17,117404652.56077012,134157934.69754522,112773455.02511759,133452890.50268261,108313646.98621508,130454440.74823512,169389096.88632506,116991767.8562175,124318920.59151267,131154323.31199765,81494784.66806008,100097211.17310756,119514248.00951262,115666701.65812755,125740841.20436758,116323413.45268762,98183068.5249526,122613777.89889753,131079450.98495513,105330073.73197764,103730158.74314763,123799212.91381763,108890184.27224264,107560605.8725226,133665237.77058515,147066026.90873265,110114935.65490511,118749810.26385017,127705903.76918262,136600865.83689255,123049523.26840016,109186028.39187513,123132941.34626767,132978582.16990507,119754132.72097513,116203721.37438013,109218190.33984019,113290861.26204006,117012155.29908264,94290024.72950256,148503014.87529504,124173076.70937258,118415889.66521508,131300724.15650265,102808190.40780765,113641797.4375801,143227399.04687506,124301473.30174515,114428849.2948701,127523006.41752517,120663770.28531267
2023-04-18,117404652.56077012,134157934.69754522,112773455.02511759,133452890.50268261,108313646.98621508,130454440.74823512,169389096.88632506,116991767.8562175,124318920.59151267,131154323.31199765,81494784.66806008,100097211.17310756,119514248.00951262,115666701.65812755,125740841.20436758,116323413.45268762,98183068.5249526,122613777.89889753,131079450.98495513,105330073.73197764,103730158.74314763,123799212.91381763,108890184.27224264,107560605.8725226,133665237.77058515,147066026.90873265,110114935.65490511,118749810.26385017,127705903.76918262,136600865.83689255,123049523.26840016,109186028.39187513,123132941.34626767,132978582.16990507,119754132.72097513,116203721.37438013,109218190.33984019,113290861.26204006,117012155.29908264,94290024.72950256,148503014.87529504,124173076.70937258,118415889.66521508,131300724.15650265,102808190.40780765,113641797.4375801,143227399.04687506,124301473.30174515,114428849.2948701,127523006.41752517,120663770.28531267
2023-04-19,117404652.56077012,134157934.69754522,112773455.02511759,133452890.50268261,108313646.98621508,130454440.74823512,169389096.88632506,116991767.8562175,124318920.59151267,131154323.31199765,81494784.66806008,100097211.17310756,119514248.00951262,115666701.65812755,125740841.20436758,116323413.45268762,98183068.5249526,122613777.89889753,131079450.98495513,105330073.73197764,103730158.74314763,123799212.91381763,108890184.27224264,107560605.8725226,133665237.77058515,147066026.90873265,110114935.65490511,118749810.26385017,127705903.76918262,136600865.83689255,123049523.26840016,109186028.39187513,123132941.34626767,132978582.16990507,119754132.72097513,116203721.37438013,109218190.33984019,113290861.26204006,117012155.29908264,94290024.72950256,148503014.87529504,124173076.70937258,118415889.66521508,131300724.15650265,102808190.40780765,113641797.4375801,143227399.04687506,124301473.30174515,114428849.2948701,127523006.41752517,120663770.28531267
2023-04-20,117404652.56077012,134157934.69754522,112773455.02511759,133452890.50268261,108313646.98621508,130454440.74823512,169389096.88632506,116991767.8562175,124318920.59151267,131154323.31199765,81494784.66806008,100097211.17310756,119514248.00951262,115666701.65812755,125740841.20436758,116323413.45268762,98183068.5249526,122613777.89889753,131079450.98495513,105330073.73197764,103730158.74314763,123799212.91381763,108890184.27224264,107560605.8725226,133665237.77058515,147066026.90873265,110114935.65490511,118749810.26385017,127705903.76918262,136600865.83689255,123049523.26840016,109186028.39187513,123132941.34626767,132978582.16990507,119754132.72097513,116203721.37438013,109218190.33984019,113290861.26204006,117012155.29908264,94290024.72950256,148503014.87529504,124173076.70937258,118415889.66521508,131300724.15650265,102808190.40780765,113641797.4375801,143227399.04687506,124301473.30174515,114428849.2948701,127523006.41752517,120663770.28531267
2023-04-21,117404652.56077012,134157934.69754522,112773455.02511759,133452890.50268261,108313646.98621508,130454440.74823512,169389096.88632506,116991767.8562175,124318920.59151267,131154323.31199765,81494784.66806008,100097211.17310756,119514248.00951262,115666701.65812755,125740841.20436758,116323413.45268762,98183068.5249526,122613777.89889753,131079450.98495513,105330073.73197764,103730158.74314763,123799212.91381763,108890184.27224264,107560605.8725226,133665237.77058515,147066026.90873265,110114935.65490511,118749810.26385017,127705903.76918262,136600865.83689255,123049523.26840016,109186028.39187513,123132941.34626767,132978582.16990507,119754132.72097513,116203721.37438013,109218190.33984019,113290861.26204006,117012155.29908264,94290024.72950256,148503014.87529504,124173076.70937258,118415889.66521508,131300724.15650265,102808190.40780765,113641797.4375801,143227399.04687506,124301473.30174515,114428849.2948701,127523006.41752517,120663770.28531267
2023-04-24,117404652.56077012,134157934.69754522,112773455.02511759,133452890.50268261,108313646.98621508,130454440.74823512,169389096.88632506,116991767.8562175,124318920.59151267,131154323.31199765,81494784.66806008,100097211.17310756,119514248.00951262,115666701.65812755,125740841.20436758,116323413.45268762,98183068.5249526,122613777.89889753,131079450.98495513,105330073.73197764,103730158.74314763,123799212.91381763,108890184.27224264,107560605.8725226,133665237.77058515,147066026.90873265,110114935.65490511,118749810.26385017,127705903.76918262,136600865.83689255,123049523.26840016,109186028.39187513,123132941.34626767,132978582.16990507,119754132.72097513,116203721.37438013,109218190.33984019,113290861.26204006,117012155.29908264,94290024.72950256,148503014.87529504,124173076.70937258,118415889.66521508,131300724.15650265,102808190.40780765,113641797.4375801,143227399.04687506,124301473.30174515,114428849.2948701,127523006.41752517,120663770.28531267
2023-04-25,117404652.56077012,134157934.69754522,112773455.02511759,133452890.50268261,108313646.98621508,130454440.74823512,169389096.88632506,116991767.8562175,124318920.59151267,131154323.31199765,81494784.66806008,100097211.17310756,119514248.00951262,115666701.65812755,125740841.20436758,116323413.45268762,98183068.5249526,122613777.89889753,131079450.98495513,105330073.73197764,103730158.74314763,123799212.91381763,108890184.27224264,107560605.8725226,133665237.77058515,147066026.90873265,110114935.65490511,118749810.26385017,127705903.76918262,136600865.83689255,123049523.26840016,109186028.39187513,123132941.34626767,132978582.16990507,119754132.72097513,116203721.37438013,109218190.33984019,113290861.26204006,117012155.29908264,94290024.72950256,148503014.87529504,124173076.70937258,118415889.66521508,131300724.15650265,102808190.40780765,113641797.4375801,143227399.04687506,124301473.30174515,114428849.2948701,127523006.41752517,120663770.28531267
2023-04-26,117404652.56077012,134157934.69754522,112773455.02511759,133452890.50268261,108313646.98621508,130454440.74823512,169389096.88632506,116991767.8562175,124318920.59151267,131154323.31199765,81494784.66806008,100097211.17310756,119514248.00951262,115666701.65812755,125740841.20436758,116323413.45268762,98183068.5249526,122613777.89889753,131079450.98495513,105330073.73197764,103730158.74314763,123799212.91381763,108890184.27224264,107560605.8725226,133665237.77058515,147066026.90873265,110114935.65490511,118749810.26385017,127705903.76918262,136600865.83689255,123049523.26840016,109186028.39187513,123132941.34626767,132978582.16990507,119754132.72097513,116203721.37438013,109218190.33984019,113290861.26204006,117012155.29908264,94290024.72950256,148503014.87529504,124173076.70937258,118415889.66521508,131300724.15650265,102808190.40780765,113641797.4375801,143227399.04687506,124301473.30174515,114428849.2948701,127523006.41752517,120663770.28531267
2023-04-27,117404652.56077012,134157934.69754522,112773455.02511759,133452890.50268261,108313646.98621508,130454440.74823512,169389096.88632506,116991767.8562175,124318920.59151267,131154323.31199765,81494784.66806008,100097211.17310756,119514248.00951262,115666701.65812755,125740841.20436758,116323413.45268762,98183068.5249526,122613777.89889753,131079450.98495513,105330073.73197764,103730158.74314763,123799212.91381763,108890184.27224264,107560605.8725226,133665237.77058515,147066026.90873265,110114935.65490511,118749810.26385017,127705903.76918262,136600865.83689255,123049523.26840016,109186028.39187513,123132941.34626767,132978582.16990507,119754132.72097513,116203721.37438013,109218190.33984019,113290861.26204006,117012155.29908264,94290024.72950256,148503014.87529504,124173076.70937258,118415889.66521508,131300724.15650265,102808190.40780765,113641797.4375801,143227399.04687506,124301473.30174515,114428849.2948701,127523006.41752517,120663770.28531267
2023-04-28,117404652.56077012,134157934.69754522,112773455.02511759,133452890.50268261,108313646.98621508,130454440.74823512,169389096.88632506,116991767.8562175,124318920.59151267,131154323.31199765,81494784.66806008,100097211.17310756,119514248.00951262,115666701.65812755,125740841.20436758,116323413.45268762,98183068.5249526,122613777.89889753,131079450.98495513,105330073.73197764,103730158.74314763,123799212.91381763,108890184.27224264,107560605.8725226,133665237.77058515,147066026.90873265,110114935.65490511,118749810.26385017,127705903.76918262,136600865.83689255,123049523.26840016,109186028.39187513,123132941.34626767,132978582.16990507,119754132.72097513,116203721.37438013,109218190.33984019,113290861.26204006,117012155.29908264,94290024.72950256,148503014.87529504,124173076.70937258,118415889.66521508,131300724.15650265,102808190.40780765,113641797.4375801,143227399.04687506,124301473.30174515,114428849.2948701,127523006.41752517,120663770.28531267
2023-05-04,117404652.56077012,134157934.69754522,112773455.02511759,133452890.50268261,108313646.98621508,130454440.74823512,169389096.88632506,116991767.8562175,124318920.59151267,131154323.31199765,81494784.66806008,100097211.17310756,119514248.00951262,115666701.65812755,125740841.20436758,116323413.45268762,98183068.5249526,122613777.89889753,131079450.98495513,105330073.73197764,103730158.74314763,123799212.91381763,108890184.27224264,107560605.8725226,133665237.77058515,147066026.90873265,110114935.65490511,118749810.26385017,127705903.76918262,136600865.83689255,123049523.26840016,109186028.39187513,123132941.34626767,132978582.16990507,119754132.72097513,116203721.37438013,109218190.33984019,113290861.26204006,117012155.29908264,94290024.72950256,148503014.87529504,124173076.70937258,118415889.66521508,131300724.15650265,102808190.40780765,113641797.4375801,143227399.04687506,124301473.30174515,114428849.2948701,127523006.41752517,120663770.28531267
2023-05-05,117404652.56077012,134157934.69754522,112773455.02511759,133452890.50268261,108313646.98621508,130454440.74823512,169389096.88632506,116991767.8562175,124318920.59151267,131154323.31199765,81494784.66806008,100097211.17310756,119514248.00951262,115666701.65812755,125740841.20436758,116323413.45268762,98183068.5249526,122613777.89889753,131079450.98495513,105330073.73197764,103730158.74314763,123799212.91381763,108890184.27224264,107560605.8725226,133665237.77058515,147066026.90873265,110114935.65490511,118749810.26385017,127705903.76918262,136600865.83689255,123049523.26840016,109186028.39187513,123132941.34626767,132978582.16990507,119754132.72097513,116203721.37438013,109218190.33984019,113290861.26204006,117012155.29908264,94290024.72950256,148503014.87529504,124173076.70937258,118415889.66521508,131300724.15650265,102808190.40780765,113641797.4375801,143227399.04687506,124301473.30174515,114428849.2948701,127523006.41752517,120663770.28531267
2023-05-08,117404652.56077012,134157934.69754522,112773455.02511759,133452890.50268261,108313646.98621508,130454440.74823512,169389096.88632506,116991767.8562175,124318920.59151267,131154323.31199765,81494784.66806008,100097211.17310756,119514248.00951262,115666701.65812755,125740841.20436758,116323413.45268762,98183068.5249526,122613777.89889753,131079450.98495513,105330073.73197764,103730158.74314763,123799212.91381763,108890184.27224264,107560605.8725226,133665237.77058515,147066026.90873265,110114935.65490511,118749810.26385017,127705903.76918262,136600865.83689255,123049523.26840016,109186028.39187513,123132941.34626767,132978582.16990507,119754132.72097513,116203721.37438013,109218190.33984019,113290861.26204006,117012155.29908264,94290024.72950256,148503014.87529504,124173076.70937258,118415889.66521508,131300724.15650265,102808190.40780765,113641797.4375801,143227399.04687506,124301473.30174515,114428849.2948701,127523006.41752517,120663770.28531267
2023-05-09,117404652.56077012,134157934.69754522,112773455.02511759,133452890.50268261,108313646.98621508,130454440.74823512,169389096.88632506,116991767.8562175,124318920.59151267,131154323.31199765,81494784.66806008,100097211.17310756,119514248.00951262,115666701.65812755,125740841.20436758,116323413.45268762,98183068.5249526,122613777.89889753,131079450.98495513,105330073.73197764,103730158.74314763,123799212.91381763,108890184.27224264,107560605.8725226,133665237.77058515,147066026.90873265,110114935.65490511,118749810.26385017,127705903.76918262,136600865.83689255,123049523.26840016,109186028.39187513,123132941.34626767,132978582.16990507,119754132.72097513,116203721.37438013,109218190.33984019,113290861.26204006,117012155.29908264,94290024.72950256,148503014.87529504,124173076.70937258,118415889.66521508,131300724.15650265,102808190.40780765,113641797.4375801,143227399.04687506,124301473.30174515,114428849.2948701,127523006.41752517,120663770.28531267
2023-05-10,117404652.56077012,134157934.69754522,112773455.02511759,133452890.50268261,108313646.98621508,130454440.74823512,169389096.88632506,116991767.8562175,124318920.59151267,131154323.31199765,81494784.66806008,100097211.17310756,119514248.00951262,115666701.65812755,125740841.20436758,116323413.45268762,98183068.5249526,122613777.89889753,131079450.98495513,105330073.73197764,103730158.74314763,123799212.91381763,108890184.27224264,107560605.8725226,133665237.77058515,147066026.90873265,110114935.65490511,118749810.26385017,127705903.76918262,136600865.83689255,123049523.26840016,109186028.39187513,123132941.34626767,132978582.16990507,119754132.72097513,116203721.37438013,109218190.33984019,113290861.26204006,117012155.29908264,94290024.72950256,148503014.87529504,124173076.70937258,118415889.66521508,131300724.15650265,102808190.40780765,113641797.4375801,143227399.04687506,124301473.30174515,114428849.2948701,127523006.41752517,120663770.28531267
2023-05-11,117404652.56077012,134157934.69754522,112773455.02511759,133452890.50268261,108313646.98621508,130454440.74823512,169389096.88632506,116991767.8562175,124318920.59151267,131154323.31199765,81494784.66806008,100097211.17310756,119514248.00951262,115666701.65812755,125740841.20436758,116323413.45268762,98183068.5249526,122613777.89889753,131079450.98495513,105330073.73197764,103730158.74314763,123799212.91381763,108890184.27224264,107560605.8725226,133665237.77058515,147066026.90873265,110114935.65490511,118749810.26385017,127705903.76918262,136600865.83689255,123049523.26840016,109186028.39187513,123132941.34626767,132978582.16990507,119754132.72097513,116203721.37438013,109218190.33984019,113290861.26204006,117012155.29908264,94290024.72950256,148503014.87529504,124173076.70937258,118415889.66521508,131300724.15650265,102808190.40780765,113641797.4375801,143227399.04687506,124301473.30174515,114428849.2948701,127523006.41752517,120663770.28531267
2023-05-12,117404652.56077012,134157934.69754522,112773455.02511759,133452890.50268261,108313646.98621508,130454440.74823512,169389096.88632506,116991767.8562175,124318920.59151267,131154323.31199765,81494784.66806008,100097211.17310756,119514248.00951262,115666701.65812755,125740841.20436758,116323413.45268762,98183068.5249526,122613777.89889753,131079450.98495513,105330073.73197764,103730158.74314763,123799212.91381763,108890184.27224264,107560605.8725226,133665237.77058515,147066026.90873265,110114935.65490511,118749810.26385017,127705903.76918262,136600865.83689255,123049523.26840016,109186028.39187513,123132941.34626767,132978582.16990507,119754132.72097513,116203721.37438013,109218190.33984019,113290861.26204006,117012155.29908264,94290024.72950256,148503014.87529504,124173076.70937258,118415889.66521508,131300724.15650265,102808190.40780765,113641797.4375801,143227399.04687506,124301473.30174515,114428849.2948701,127523006.41752517,120663770.28531267
2023-05-15,117404652.56077012,134157934.69754522,112773455.02511759,133452890.50268261,108313646.98621508,130454440.74823512,169389096.88632506,116991767.8562175,124318920.59151267,131154323.31199765,81494784.66806008,100097211.17310756,119514248.00951262,115666701.65812755,125740841.20436758,116323413.45268762,98183068.5249526,122613777.89889753,131079450.98495513,105330073.73197764,103730158.74314763,123799212.91381763,108890184.27224264,107560605.8725226,133665237.77058515,147066026.90873265,110114935.65490511,118749810.26385017,127705903.76918262,136600865.83689255,123049523.26840016,109186028.39187513,123132941.34626767,132978582.16990507,119754132.72097513,116203721.37438013,109218190.33984019,113290861.26204006,117012155.29908264,94290024.72950256,148503014.87529504,124173076.70937258,118415889.66521508,131300724.15650265,102808190.40780765,113641797.4375801,143227399.04687506,124301473.30174515,114428849.2948701,127523006.41752517,120663770.28531267
2023-05-16,117404652.56077012,134157934.69754522,112773455.02511759,133452890.50268261,108313646.98621508,130454440.74823512,169389096.88632506,116991767.8562175,124318920.59151267,131154323.31199765,81494784.66806008,100097211.17310756,119514248.00951262,115666701.65812755,125740841.20436758,116323413.45268762,98183068.5249526,122613777.89889753,131079450.98495513,105330073.73197764,103730158.74314763,123799212.91381763,108890184.27224264,107560605.8725226,133665237.77058515,147066026.90873265,110114935.65490511,118749810.26385017,127705903.76918262,136600865.83689255,123049523.26840016,109186028.39187513,123132941.34626767,132978582.16990507,119754132.72097513,116203721.37438013,109218190.33984019,113290861.26204006,117012155.29908264,94290024.72950256,148503014.87529504,124173076.70937258,118415889.66521508,131300724.15650265,102808190.40780765,113641797.4375801,143227399.04687506,124301473.30174515,114428849.2948701,127523006.41752517,120663770.28531267
2023-05-17,117404652.56077012,134157934.69754522,112773455.02511759,133452890.50268261,108313646.98621508,130454440.74823512,169389096.88632506,116991767.8562175,124318920.59151267,131154323.31199765,81494784.66806008,100097211.17310756,119514248.00951262,115666701.65812755,125740841.20436758,116323413.45268762,98183068.5249526,122613777.89889753,131079450.98495513,105330073.73197764,103730158.74314763,123799212.91381763,108890184.27224264,107560605.8725226,133665237.77058515,147066026.90873265,110114935.65490511,118749810.26385017,127705903.76918262,136600865.83689255,123049523.26840016,109186028.39187513,123132941.34626767,132978582.16990507,119754132.72097513,116203721.37438013,109218190.33984019,113290861.26204006,117012155.29908264,94290024.72950256,148503014.87529504,124173076.70937258,118415889.66521508,131300724.15650265,102808190.40780765,113641797.4375801,143227399.04687506,124301473.30174515,114428849.2948701,127523006.41752517,120663770.28531267
2023-05-18,117404652.56077012,134157934.69754522,112773455.02511759,133452890.50268261,108313646.98621508,130454440.74823512,169389096.88632506,116991767.8562175,124318920.59151267,131154323.31199765,81494784.66806008,100097211.17310756,119514248.00951262,115666701.65812755,125740841.20436758,116323413.45268762,98183068.5249526,122613777.89889753,131079450.98495513,105330073.73197764,103730158.74314763,123799212.91381763,108890184.27224264,107560605.8725226,133665237.77058515,147066026.90873265,110114935.65490511,118749810.26385017,127705903.76918262,136600865.83689255,123049523.26840016,109186028.39187513,123132941.34626767,132978582.16990507,119754132.72097513,116203721.37438013,109218190.33984019,113290861.26204006,117012155.29908264,94290024.72950256,148503014.87529504,124173076.70937258,118415889.66521508,131300724.15650265,102808190.40780765,113641797.4375801,143227399.04687506,124301473.30174515,114428849.2948701,127523006.41752517,120663770.28531267
2023-05-19,117404652.56077012,134157934.69754522,112773455.02511759,133452890.50268261,108313646.98621508,130454440.74823512,169389096.88632506,116991767.8562175,124318920.59151267,131154323.31199765,81494784.66806008,100097211.17310756,119514248.00951262,115666701.65812755,125740841.20436758,116323413.45268762,98183068.5249526,122613777.89889753,131079450.98495513,105330073.73197764,103730158.74314763,123799212.91381763,108890184.27224264,107560605.8725226,133665237.77058515,147066026.90873265,110114935.65490511,118749810.26385017,127705903.76918262,136600865.83689255,123049523.26840016,109186028.39187513,123132941.34626767,132978582.16990507,119754132.72097513,116203721.37438013,109218190.33984019,113290861.26204006,117012155.29908264,94290024.72950256,148503014.87529504,124173076.70937258,118415889.66521508,131300724.15650265,102808190.40780765,113641797.4375801,143227399.04687506,124301473.30174515,114428849.2948701,127523006.41752517,120663770.28531267
2023-05-22,117404652.56077012,134157934.69754522,112773455.02511759,133452890.50268261,108313646.98621508,130454440.74823512,169389096.88632506,116991767.8562175,124318920.59151267,131154323.31199765,81494784.66806008,100097211.17310756,119514248.00951262,115666701.65812755,125740841.20436758,116323413.45268762,98183068.5249526,122613777.89889753,131079450.98495513,105330073.73197764,103730158.74314763,123799212.91381763,108890184.27224264,107560605.8725226,133665237.77058515,147066026.90873265,110114935.65490511,118749810.26385017,127705903.76918262,136600865.83689255,123049523.26840016,109186028.39187513,123132941.34626767,132978582.16990507,119754132.72097513,116203721.37438013,109218190.33984019,113290861.26204006,117012155.29908264,94290024.72950256,148503014.87529504,124173076.70937258,118415889.66521508,131300724.15650265,102808190.40780765,113641797.4375801,143227399.04687506,124301473.30174515,114428849.2948701,127523006.41752517,120663770.28531267
2023-05-23,117404652.56077012,134157934.69754522,112773455.02511759,133452890.50268261,108313646.98621508,130454440.74823512,169389096.88632506,116991767.8562175,124318920.59151267,131154323.31199765,81494784.66806008,100097211.17310756,119514248.00951262,115666701.65812755,125740841.20436758,116323413.45268762,98183068.5249526,122613777.89889753,131079450.98495513,105330073.73197764,103730158.74314763,123799212.91381763,108890184.27224264,107560605.8725226,133665237.77058515,147066026.90873265,110114935.65490511,118749810.26385017,127705903.76918262,136600865.83689255,123049523.26840016,109186028.39187513,123132941.34626767,132978582.16990507,119754132.72097513,116203721.37438013,109218190.33984019,113290861.26204006,117012155.29908264,94290024.72950256,148503014.87529504,124173076.70937258,118415889.66521508,131300724.15650265,102808190.40780765,113641797.4375801,143227399.04687506,124301473.30174515,114428849.2948701,127523006.41752517,120663770.28531267
2023-05-24,117404652.56077012,134157934.69754522,112773455.02511759,133452890.50268261,108313646.98621508,130454440.74823512,169389096.88632506,116991767.8562175,124318920.59151267,131154323.31199765,81494784.66806008,100097211.17310756,119514248.00951262,115666701.65812755,125740841.20436758,116323413.45268762,98183068.5249526,122613777.89889753,131079450.98495513,105330073.73197764,103730158.74314763,123799212.91381763,108890184.27224264,107560605.8725226,133665237.77058515,147066026.90873265,110114935.65490511,118749810.26385017,127705903.76918262,136600865.83689255,123049523.26840016,109186028.39187513,123132941.34626767,132978582.16990507,119754132.72097513,116203721.37438013,109218190.33984019,113290861.26204006,117012155.29908264,94290024.72950256,148503014.87529504,124173076.70937258,118415889.66521508,131300724.15650265,102808190.40780765,113641797.4375801,143227399.04687506,124301473.30174515,114428849.2948701,127523006.41752517,120663770.28531267
2023-05-25,117404652.56077012,134157934.69754522,112773455.02511759,133452890.50268261,108313646.98621508,130454440.74823512,169389096.88632506,116991767.8562175,124318920.59151267,131154323.31199765,81494784.66806008,100097211.17310756,119514248.00951262,115666701.65812755,125740841.20436758,116323413.45268762,98183068.5249526,122613777.89889753,131079450.98495513,105330073.73197764,103730158.74314763,123799212.91381763,108890184.27224264,107560605.8725226,133665237.77058515,147066026.90873265,110114935.65490511,118749810.26385017,127705903.76918262,136600865.83689255,123049523.26840016,109186028.39187513,123132941.34626767,132978582.16990507,119754132.72097513,116203721.37438013,109218190.33984019,113290861.26204006,117012155.29908264,94290024.72950256,148503014.87529504,124173076.70937258,118415889.66521508,131300724.15650265,102808190.40780765,113641797.4375801,143227399.04687506,124301473.30174515,114428849.2948701,127523006.41752517,120663770.28531267
2023-05-26,117404652.56077012,134157934.69754522,112773455.02511759,133452890.50268261,108313646.98621508,130454440.74823512,169389096.88632506,116991767.8562175,124318920.59151267,131154323.31199765,81494784.66806008,100097211.17310756,119514248.00951262,115666701.65812755,125740841.20436758,116323413.45268762,98183068.5249526,122613777.89889753,131079450.98495513,105330073.73197764,103730158.74314763,123799212.91381763,108890184.27224264,107560605.8725226,133665237.77058515,147066026.90873265,110114935.65490511,118749810.26385017,127705903.76918262,136600865.83689255,123049523.26840016,109186028.39187513,123132941.34626767,132978582.16990507,119754132.72097513,116203721.37438013,109218190.33984019,113290861.26204006,117012155.29908264,94290024.72950256,148503014.87529504,124173076.70937258,118415889.66521508,131300724.15650265,102808190.40780765,113641797.4375801,143227399.04687506,124301473.30174515,114428849.2948701,127523006.41752517,120663770.28531267
2023-05-29,117404652.56077012,134157934.69754522,112773455.02511759,133452890.50268261,108313646.98621508,130454440.74823512,169389096.88632506,116991767.8562175,124318920.59151267,131154323.31199765,81494784.66806008,100097211.17310756,119514248.00951262,115666701.65812755,125740841.20436758,116323413.45268762,98183068.5249526,122613777.89889753,131079450.98495513,105330073.73197764,103730158.74314763,123799212.91381763,108890184.27224264,107560605.8725226,133665237.77058515,147066026.90873265,110114935.65490511,118749810.26385017,127705903.76918262,136600865.83689255,123049523.26840016,109186028.39187513,123132941.34626767,132978582.16990507,119754132.72097513,116203721.37438013,109218190.33984019,113290861.26204006,117012155.29908264,94290024.72950256,148503014.87529504,124173076.70937258,118415889.66521508,131300724.15650265,102808190.40780765,113641797.4375801,143227399.04687506,124301473.30174515,114428849.2948701,127523006.41752517,120663770.28531267
2023-05-30,117404652.56077012,134157934.69754522,112773455.02511759,133452890.50268261,108313646.98621508,130454440.74823512,169389096.88632506,116991767.8562175,124318920.59151267,131154323.31199765,81494784.66806008,100097211.17310756,119514248.00951262,115666701.65812755,125740841.20436758,116323413.45268762,98183068.5249526,122613777.89889753,131079450.98495513,105330073.73197764,103730158.74314763,123799212.91381763,108890184.27224264,107560605.8725226,133665237.77058515,147066026.90873265,110114935.65490511,118749810.26385017,127705903.76918262,136600865.83689255,123049523.26840016,109186028.39187513,123132941.34626767,132978582.16990507,119754132.72097513,116203721.37438013,109218190.33984019,113290861.26204006,117012155.29908264,94290024.72950256,148503014.87529504,124173076.70937258,118415889.66521508,131300724.15650265,102808190.40780765,113641797.4375801,143227399.04687506,124301473.30174515,114428849.2948701,127523006.41752517,120663770.28531267
2023-05-31,117404652.56077012,134157934.69754522,112773455.02511759,133452890.50268261,108313646.98621508,130454440.74823512,169389096.88632506,116991767.8562175,124318920.59151267,131154323.31199765,81494784.66806008,100097211.17310756,119514248.00951262,115666701.65812755,125740841.20436758,116323413.45268762,98183068.5249526,122613777.89889753,131079450.98495513,105330073.73197764,103730158.74314763,123799212.91381763,108890184.27224264,107560605.8725226,133665237.77058515,147066026.90873265,110114935.65490511,118749810.26385017,127705903.76918262,136600865.83689255,123049523.26840016,109186028.39187513,123132941.34626767,132978582.16990507,119754132.72097513,116203721.37438013,109218190.33984019,113290861.26204006,117012155.29908264,94290024.72950256,148503014.87529504,124173076.70937258,118415889.66521508,131300724.15650265,102808190.40780765,113641797.4375801,143227399.04687506,124301473.30174515,114428849.2948701,127523006.41752517,120663770.28531267
2023-06-01,117404652.56077012,134157934.69754522,112773455.02511759,133452890.50268261,108313646.98621508,130454440.74823512,169389096.88632506,116991767.8562175,124318920.59151267,131154323.31199765,81494784.66806008,100097211.17310756,119514248.00951262,115666701.65812755,125740841.20436758,116323413.45268762,98183068.5249526,122613777.89889753,131079450.98495513,105330073.73197764,103730158.74314763,123799212.91381763,108890184.27224264,107560605.8725226,133665237.77058515,147066026.90873265,110114935.65490511,118749810.26385017,127705903.76918262,136600865.83689255,123049523.26840016,109186028.39187513,123132941.34626767,132978582.16990507,119754132.72097513,116203721.37438013,109218190.33984019,113290861.26204006,117012155.29908264,94290024.72950256,148503014.87529504,124173076.70937258,118415889.66521508,131300724.15650265,102808190.40780765,113641797.4375801,143227399.04687506,124301473.30174515,114428849.2948701,127523006.41752517,120663770.28531267
2023-06-02,117404652.56077012,134157934.69754522,112773455.02511759,133452890.50268261,108313646.98621508,130454440.74823512,169389096.88632506,116991767.8562175,124318920.59151267,131154323.31199765,81494784.66806008,100097211.17310756,119514248.00951262,115666701.65812755,125740841.20436758,116323413.45268762,98183068.5249526,122613777.89889753,131079450.98495513,105330073.73197764,103730158.74314763,123799212.91381763,108890184.27224264,107560605.8725226,133665237.77058515,147066026.90873265,110114935.65490511,118749810.26385017,127705903.76918262,136600865.83689255,123049523.26840016,109186028.39187513,123132941.34626767,132978582.16990507,119754132.72097513,116203721.37438013,109218190.33984019,113290861.26204006,117012155.29908264,94290024.72950256,148503014.87529504,124173076.70937258,118415889.66521508,131300724.15650265,102808190.40780765,113641797.4375801,143227399.04687506,124301473.30174515,114428849.2948701,127523006.41752517,120663770.28531267
2023-06-05,117404652.56077012,134157934.69754522,112773455.02511759,133452890.50268261,108313646.98621508,130454440.74823512,169389096.88632506,116991767.8562175,124318920.59151267,131154323.31199765,81494784.66806008,100097211.17310756,119514248.00951262,115666701.65812755,125740841.20436758,116323413.45268762,98183068.5249526,122613777.89889753,131079450.98495513,105330073.73197764,103730158.74314763,123799212.91381763,108890184.27224264,107560605.8725226,133665237.77058515,147066026.90873265,110114935.65490511,118749810.26385017,127705903.76918262,136600865.83689255,123049523.26840016,109186028.39187513,123132941.34626767,132978582.16990507,119754132.72097513,116203721.37438013,109218190.33984019,113290861.26204006,117012155.29908264,94290024.72950256,148503014.87529504,124173076.70937258,118415889.66521508,131300724.15650265,102808190.40780765,113641797.4375801,143227399.04687506,124301473.30174515,114428849.2948701,127523006.41752517,120663770.28531267
2023-06-06,117404652.56077012,134157934.69754522,112773455.02511759,133452890.50268261,108313646.98621508,130454440.74823512,169389096.88632506,116991767.8562175,124318920.59151267,131154323.31199765,81494784.66806008,100097211.17310756,119514248.00951262,115666701.65812755,125740841.20436758,116323413.45268762,98183068.5249526,122613777.89889753,131079450.98495513,105330073.73197764,103730158.74314763,123799212.91381763,108890184.27224264,107560605.8725226,133665237.77058515,147066026.90873265,110114935.65490511,118749810.26385017,127705903.76918262,136600865.83689255,123049523.26840016,109186028.39187513,123132941.34626767,132978582.16990507,119754132.72097513,116203721.37438013,109218190.33984019,113290861.26204006,117012155.29908264,94290024.72950256,148503014.87529504,124173076.70937258,118415889.66521508,131300724.15650265,102808190.40780765,113641797.4375801,143227399.04687506,124301473.30174515,114428849.2948701,127523006.41752517,120663770.28531267
2023-06-07,117404652.56077012,134157934.69754522,112773455.02511759,133452890.50268261,108313646.98621508,130454440.74823512,169389096.88632506,116991767.8562175,124318920.59151267,131154323.31199765,81494784.66806008,100097211.17310756,119514248.00951262,115666701.65812755,125740841.20436758,116323413.45268762,98183068.5249526,122613777.89889753,131079450.98495513,105330073.73197764,103730158.74314763,123799212.91381763,108890184.27224264,107560605.8725226,133665237.77058515,147066026.90873265,110114935.65490511,118749810.26385017,127705903.76918262,136600865.83689255,123049523.26840016,109186028.39187513,123132941.34626767,132978582.16990507,119754132.72097513,116203721.37438013,109218190.33984019,113290861.26204006,117012155.29908264,94290024.72950256,148503014.87529504,124173076.70937258,118415889.66521508,131300724.15650265,102808190.40780765,113641797.4375801,143227399.04687506,124301473.30174515,114428849.2948701,127523006.41752517,120663770.28531267
2023-06-08,117404652.56077012,134157934.69754522,112773455.02511759,133452890.50268261,108313646.98621508,130454440.74823512,169389096.88632506,116991767.8562175,124318920.59151267,131154323.31199765,81494784.66806008,100097211.17310756,119514248.00951262,115666701.65812755,125740841.20436758,116323413.45268762,98183068.5249526,122613777.89889753,131079450.98495513,105330073.73197764,103730158.74314763,123799212.91381763,108890184.27224264,107560605.8725226,133665237.77058515,147066026.90873265,110114935.65490511,118749810.26385017,127705903.76918262,136600865.83689255,123049523.26840016,109186028.39187513,123132941.34626767,132978582.16990507,119754132.72097513,116203721.37438013,109218190.33984019,113290861.26204006,117012155.29908264,94290024.72950256,148503014.87529504,124173076.70937258,118415889.66521508,131300724.15650265,102808190.40780765,113641797.4375801,143227399.04687506,124301473.30174515,114428849.2948701,127523006.41752517,120663770.28531267
2023-06-09,117404652.56077012,134157934.69754522,112773455.02511759,133452890.50268261,108313646.98621508,130454440.74823512,169389096.88632506,116991767.8562175,124318920.59151267,131154323.31199765,81494784.66806008,100097211.17310756,119514248.00951262,115666701.65812755,125740841.20436758,116323413.45268762,98183068.5249526,122613777.89889753,131079450.98495513,105330073.73197764,103730158.74314763,123799212.91381763,108890184.27224264,107560605.8725226,133665237.77058515,147066026.90873265,110114935.65490511,118749810.26385017,127705903.76918262,136600865.83689255,123049523.26840016,109186028.39187513,123132941.34626767,132978582.16990507,119754132.72097513,116203721.37438013,109218190.33984019,113290861.26204006,117012155.29908264,94290024.72950256,148503014.87529504,124173076.70937258,118415889.66521508,131300724.15650265,102808190.40780765,113641797.4375801,143227399.04687506,124301473.30174515,114428849.2948701,127523006.41752517,120663770.28531267
2023-06-12,117404652.56077012,134157934.69754522,112773455.02511759,133452890.50268261,108313646.98621508,130454440.74823512,169389096.88632506,116991767.8562175,124318920.59151267,131154323.31199765,81494784.66806008,100097211.17310756,119514248.00951262,115666701.65812755,125740841.20436758,116323413.45268762,98183068.5249526,122613777.89889753,131079450.98495513,105330073.73197764,103730158.74314763,123799212.91381763,108890184.27224264,107560605.8725226,133665237.77058515,147066026.90873265,110114935.65490511,118749810.26385017,127705903.76918262,136600865.83689255,123049523.26840016,109186028.39187513,123132941.34626767,132978582.16990507,119754132.72097513,116203721.37438013,109218190.33984019,113290861.26204006,117012155.29908264,94290024.72950256,148503014.87529504,124173076.70937258,118415889.66521508,131300724.15650265,102808190.40780765,113641797.4375801,143227399.04687506,124301473.30174515,114428849.2948701,127523006.41752517,120663770.28531267
2023-06-13,117404652.56077012,134157934.69754522,112773455.02511759,133452890.50268261,108313646.98621508,130454440.74823512,169389096.88632506,116991767.8562175,124318920.59151267,131154323.31199765,81494784.66806008,100097211.17310756,119514248.00951262,115666701.65812755,125740841.20436758,116323413.45268762,98183068.5249526,122613777.89889753,131079450.98495513,105330073.73197764,103730158.74314763,123799212.91381763,108890184.27224264,107560605.8725226,133665237.77058515,147066026.90873265,110114935.65490511,118749810.26385017,127705903.76918262,136600865.83689255,123049523.26840016,109186028.39187513,123132941.34626767,132978582.16990507,119754132.72097513,116203721.37438013,109218190.33984019,113290861.26204006,117012155.29908264,94290024.72950256,148503014.87529504,124173076.70937258,118415889.66521508,131300724.15650265,102808190.40780765,113641797.4375801,143227399.04687506,124301473.30174515,114428849.2948701,127523006.41752517,120663770.28531267
2023-06-14,117404652.56077012,134157934.69754522,112773455.02511759,133452890.50268261,108313646.98621508,130454440.74823512,169389096.88632506,116991767.8562175,124318920.59151267,131154323.31199765,81494784.66806008,100097211.17310756,119514248.00951262,115666701.65812755,125740841.20436758,116323413.45268762,98183068.5249526,122613777.89889753,131079450.98495513,105330073.73197764,103730158.74314763,123799212.91381763,108890184.27224264,107560605.8725226,133665237.77058515,147066026.90873265,110114935.65490511,118749810.26385017,127705903.76918262,136600865.83689255,123049523.26840016,109186028.39187513,123132941.34626767,132978582.16990507,119754132.72097513,116203721.37438013,109218190.33984019,113290861.26204006,117012155.29908264,94290024.72950256,148503014.87529504,124173076.70937258,118415889.66521508,131300724.15650265,102808190.40780765,113641797.4375801,143227399.04687506,124301473.30174515,114428849.2948701,127523006.41752517,120663770.28531267
2023-06-15,117404652.56077012,134157934.69754522,112773455.02511759,133452890.50268261,108313646.98621508,130454440.74823512,169389096.88632506,116991767.8562175,124318920.59151267,131154323.31199765,81494784.66806008,100097211.17310756,119514248.00951262,115666701.65812755,125740841.20436758,116323413.45268762,98183068.5249526,122613777.89889753,131079450.98495513,105330073.73197764,103730158.74314763,123799212.91381763,108890184.27224264,107560605.8725226,133665237.77058515,147066026.90873265,110114935.65490511,118749810.26385017,127705903.76918262,136600865.83689255,123049523.26840016,109186028.39187513,123132941.34626767,132978582.16990507,119754132.72097513,116203721.37438013,109218190.33984019,113290861.26204006,117012155.29908264,94290024.72950256,148503014.87529504,124173076.70937258,118415889.66521508,131300724.15650265,102808190.40780765,113641797.4375801,143227399.04687506,124301473.30174515,114428849.2948701,127523006.41752517,120663770.28531267
2023-06-16,117404652.56077012,134157934.69754522,112773455.02511759,133452890.50268261,108313646.98621508,130454440.74823512,169389096.88632506,116991767.8562175,124318920.59151267,131154323.31199765,81494784.66806008,100097211.17310756,119514248.00951262,115666701.65812755,125740841.20436758,116323413.45268762,98183068.5249526,122613777.89889753,131079450.98495513,105330073.73197764,103730158.74314763,123799212.91381763,108890184.27224264,107560605.8725226,133665237.77058515,147066026.90873265,110114935.65490511,118749810.26385017,127705903.76918262,136600865.83689255,123049523.26840016,109186028.39187513,123132941.34626767,132978582.16990507,119754132.72097513,116203721.37438013,109218190.33984019,113290861.26204006,117012155.29908264,94290024.72950256,148503014.87529504,124173076.70937258,118415889.66521508,131300724.15650265,102808190.40780765,113641797.4375801,143227399.04687506,124301473.30174515,114428849.2948701,127523006.41752517,120663770.28531267
2023-06-19,117404652.56077012,134157934.69754522,112773455.02511759,133452890.50268261,108313646.98621508,130454440.74823512,169389096.88632506,116991767.8562175,124318920.59151267,131154323.31199765,81494784.66806008,100097211.17310756,119514248.00951262,115666701.65812755,125740841.20436758,116323413.45268762,98183068.5249526,122613777.89889753,131079450.98495513,105330073.73197764,103730158.74314763,123799212.91381763,108890184.27224264,107560605.8725226,133665237.77058515,147066026.90873265,110114935.65490511,118749810.26385017,127705903.76918262,136600865.83689255,123049523.26840016,109186028.39187513,123132941.34626767,132978582.16990507,119754132.72097513,116203721.37438013,109218190.33984019,113290861.26204006,117012155.29908264,94290024.72950256,148503014.87529504,124173076.70937258,118415889.66521508,131300724.15650265,102808190.40780765,113641797.4375801,143227399.04687506,124301473.30174515,114428849.2948701,127523006.41752517,120663770.28531267
2023-06-20,117404652.56077012,134157934.69754522,112773455.02511759,133452890.50268261,108313646.98621508,130454440.74823512,169389096.88632506,116991767.8562175,124318920.59151267,131154323.31199765,81494784.66806008,100097211.17310756,119514248.00951262,115666701.65812755,125740841.20436758,116323413.45268762,98183068.5249526,122613777.89889753,131079450.98495513,105330073.73197764,103730158.74314763,123799212.91381763,108890184.27224264,107560605.8725226,133665237.77058515,147066026.90873265,110114935.65490511,118749810.26385017,127705903.76918262,136600865.83689255,123049523.26840016,109186028.39187513,123132941.34626767,132978582.16990507,119754132.72097513,116203721.37438013,109218190.33984019,113290861.26204006,117012155.29908264,94290024.72950256,148503014.87529504,124173076.70937258,118415889.66521508,131300724.15650265,102808190.40780765,113641797.4375801,143227399.04687506,124301473.30174515,114428849.2948701,127523006.41752517,120663770.28531267
2023-06-21,117404652.56077012,134157934.69754522,112773455.02511759,133452890.50268261,108313646.98621508,130454440.74823512,169389096.88632506,116991767.8562175,124318920.59151267,131154323.31199765,81494784.66806008,100097211.17310756,119514248.00951262,115666701.65812755,125740841.20436758,116323413.45268762,98183068.5249526,122613777.89889753,131079450.98495513,105330073.73197764,103730158.74314763,123799212.91381763,108890184.27224264,107560605.8725226,133665237.77058515,147066026.90873265,110114935.65490511,118749810.26385017,127705903.76918262,136600865.83689255,123049523.26840016,109186028.39187513,123132941.34626767,132978582.16990507,119754132.72097513,116203721.37438013,109218190.33984019,113290861.26204006,117012155.29908264,94290024.72950256,148503014.87529504,124173076.70937258,118415889.66521508,131300724.15650265,102808190.40780765,113641797.4375801,143227399.04687506,124301473.30174515,114428849.2948701,127523006.41752517,120663770.28531267
2023-06-22,117404652.56077012,134157934.69754522,112773455.02511759,133452890.50268261,108313646.98621508,130454440.74823512,169389096.88632506,116991767.8562175,124318920.59151267,131154323.31199765,81494784.66806008,100097211.17310756,119514248.00951262,115666701.65812755,125740841.20436758,116323413.45268762,98183068.5249526,122613777.89889753,131079450.98495513,105330073.73197764,103730158.74314763,123799212.91381763,108890184.27224264,107560605.8725226,133665237.77058515,147066026.90873265,110114935.65490511,118749810.26385017,127705903.76918262,136600865.83689255,123049523.26840016,109186028.39187513,123132941.34626767,132978582.16990507,119754132.72097513,116203721.37438013,109218190.33984019,113290861.26204006,117012155.29908264,94290024.72950256,148503014.87529504,124173076.70937258,118415889.66521508,131300724.15650265,102808190.40780765,113641797.4375801,143227399.04687506,124301473.30174515,114428849.2948701,127523006.41752517,120663770.28531267
2023-06-23,117404652.56077012,134157934.69754522,112773455.02511759,133452890.50268261,108313646.98621508,130454440.74823512,169389096.88632506,116991767.8562175,124318920.59151267,131154323.31199765,81494784.66806008,100097211.17310756,119514248.00951262,115666701.65812755,125740841.20436758,116323413.45268762,98183068.5249526,122613777.89889753,131079450.98495513,105330073.73197764,103730158.74314763,123799212.91381763,108890184.27224264,107560605.8725226,133665237.77058515,147066026.90873265,110114935.65490511,118749810.26385017,127705903.76918262,136600865.83689255,123049523.26840016,109186028.39187513,123132941.34626767,132978582.16990507,119754132.72097513,116203721.37438013,109218190.33984019,113290861.26204006,117012155.29908264,94290024.72950256,148503014.87529504,124173076.70937258,118415889.66521508,131300724.15650265,102808190.40780765,113641797.4375801,143227399.04687506,124301473.30174515,114428849.2948701,127523006.41752517,120663770.28531267
2023-06-26,117404652.56077012,134157934.69754522,112773455.02511759,133452890.50268261,108313646.98621508,130454440.74823512,169389096.88632506,116991767.8562175,124318920.59151267,131154323.31199765,81494784.66806008,100097211.17310756,119514248.00951262,115666701.65812755,125740841.20436758,116323413.45268762,98183068.5249526,122613777.89889753,131079450.98495513,105330073.73197764,103730158.74314763,123799212.91381763,108890184.27224264,107560605.8725226,133665237.77058515,147066026.90873265,110114935.65490511,118749810.26385017,127705903.76918262,136600865.83689255,123049523.26840016,109186028.39187513,123132941.34626767,132978582.16990507,119754132.72097513,116203721.37438013,109218190.33984019,113290861.26204006,117012155.29908264,94290024.72950256,148503014.87529504,124173076.70937258,118415889.66521508,131300724.15650265,102808190.40780765,113641797.4375801,143227399.04687506,124301473.30174515,114428849.2948701,127523006.41752517,120663770.28531267
2023-06-27,117404652.56077012,134157934.69754522,112773455.02511759,133452890.50268261,108313646.98621508,130454440.74823512,169389096.88632506,116991767.8562175,124318920.59151267,131154323.31199765,81494784.66806008,100097211.17310756,119514248.00951262,115666701.65812755,125740841.20436758,116323413.45268762,98183068.5249526,122613777.89889753,131079450.98495513,105330073.73197764,103730158.74314763,123799212.91381763,108890184.27224264,107560605.8725226,133665237.77058515,147066026.90873265,110114935.65490511,118749810.26385017,127705903.76918262,136600865.83689255,123049523.26840016,109186028.39187513,123132941.34626767,132978582.16990507,119754132.72097513,116203721.37438013,109218190.33984019,113290861.26204006,117012155.29908264,94290024.72950256,148503014.87529504,124173076.70937258,118415889.66521508,131300724.15650265,102808190.40780765,113641797.4375801,143227399.04687506,124301473.30174515,114428849.2948701,127523006.41752517,120663770.28531267
2023-06-28,117404652.56077012,134157934.69754522,112773455.02511759,133452890.50268261,108313646.98621508,130454440.74823512,169389096.88632506,116991767.8562175,124318920.59151267,131154323.31199765,81494784.66806008,100097211.17310756,119514248.00951262,115666701.65812755,125740841.20436758,116323413.45268762,98183068.5249526,122613777.89889753,131079450.98495513,105330073.73197764,103730158.74314763,123799212.91381763,108890184.27224264,107560605.8725226,133665237.77058515,147066026.90873265,110114935.65490511,118749810.26385017,127705903.76918262,136600865.83689255,123049523.26840016,109186028.39187513,123132941.34626767,132978582.16990507,119754132.72097513,116203721.37438013,109218190.33984019,113290861.26204006,117012155.29908264,94290024.72950256,148503014.87529504,124173076.70937258,118415889.66521508,131300724.15650265,102808190.40780765,113641797.4375801,143227399.04687506,124301473.30174515,114428849.2948701,127523006.41752517,120663770.28531267
2023-06-29,117404652.56077012,134157934.69754522,112773455.02511759,133452890.50268261,108313646.98621508,130454440.74823512,169389096.88632506,116991767.8562175,124318920.59151267,131154323.31199765,81494784.66806008,100097211.17310756,119514248.00951262,115666701.65812755,125740841.20436758,116323413.45268762,98183068.5249526,122613777.89889753,131079450.98495513,105330073.73197764,103730158.74314763,123799212.91381763,108890184.27224264,107560605.8725226,133665237.77058515,147066026.90873265,110114935.65490511,118749810.26385017,127705903.76918262,136600865.83689255,123049523.26840016,109186028.39187513,123132941.34626767,132978582.16990507,119754132.72097513,116203721.37438013,109218190.33984019,113290861.26204006,117012155.29908264,94290024.72950256,148503014.87529504,124173076.70937258,118415889.66521508,131300724.15650265,102808190.40780765,113641797.4375801,143227399.04687506,124301473.30174515,114428849.2948701,127523006.41752517,120663770.28531267
2023-06-30,117404652.56077012,134157934.69754522,112773455.02511759,133452890.50268261,108313646.98621508,130454440.74823512,169389096.88632506,116991767.8562175,124318920.59151267,131154323.31199765,81494784.66806008,100097211.17310756,119514248.00951262,115666701.65812755,125740841.20436758,116323413.45268762,98183068.5249526,122613777.89889753,131079450.98495513,105330073.73197764,103730158.74314763,123799212.91381763,108890184.27224264,107560605.8725226,133665237.77058515,147066026.90873265,110114935.65490511,118749810.26385017,127705903.76918262,136600865.83689255,123049523.26840016,109186028.39187513,123132941.34626767,132978582.16990507,119754132.72097513,116203721.37438013,109218190.33984019,113290861.26204006,117012155.29908264,94290024.72950256,148503014.87529504,124173076.70937258,118415889.66521508,131300724.15650265,102808190.40780765,113641797.4375801,143227399.04687506,124301473.30174515,114428849.2948701,127523006.41752517,120663770.28531267
2023-07-03,117404652.56077012,134157934.69754522,112773455.02511759,133452890.50268261,108313646.98621508,130454440.74823512,169389096.88632506,116991767.8562175,124318920.59151267,131154323.31199765,81494784.66806008,100097211.17310756,119514248.00951262,115666701.65812755,125740841.20436758,116323413.45268762,98183068.5249526,122613777.89889753,131079450.98495513,105330073.73197764,103730158.74314763,123799212.91381763,108890184.27224264,107560605.8725226,133665237.77058515,147066026.90873265,110114935.65490511,118749810.26385017,127705903.76918262,136600865.83689255,123049523.26840016,109186028.39187513,123132941.34626767,132978582.16990507,119754132.72097513,116203721.37438013,109218190.33984019,113290861.26204006,117012155.29908264,94290024.72950256,148503014.87529504,124173076.70937258,118415889.66521508,131300724.15650265,102808190.40780765,113641797.4375801,143227399.04687506,124301473.30174515,114428849.2948701,127523006.41752517,120663770.28531267
2023-07-04,117657965.37677012,134453770.63154522,113557180.58861758,133610796.37718262,108324937.6857151,130603658.71023512,170018504.57432503,117094681.7337175,124924942.83651267,131852444.51849765,81624190.63056007,100690217.80010755,119622634.77201262,115885471.54712754,126155223.06536758,116483934.69618762,98195535.42795262,122423427.31889753,131308488.34045514,105191971.69597764,103707393.10814762,123921991.81181765,109191827.08324264,107383303.21802261,134115851.17258516,147258504.83273265,110272988.31490512,119057938.77185017,128280158.75518262,136725934.90889254,123522529.90440017,109248166.99837513,123131855.32526767,133208536.87440507,120517624.54647514,116524067.41138013,109377973.43784018,113921265.43354006,117106538.95108263,94546446.00550257,149099745.55229503,124889918.84637257,118783707.18421507,131263658.84900266,103345909.56530765,113725401.12908009,144525049.57437506,124574374.87474513,114723021.4268701,127663890.97852516,121426900.09481266
2023-07-05,116837347.03477013,134876712.1270452,113820983.59711757,132553759.98918262,107767201.07171509,129728556.58173512,169662121.78832504,116282626.3307175,124554942.56801265,132083348.69449764,81516460.91206008,100423118.66260755,119564370.44301262,115520296.96762756,125578671.86686757,116259979.95318761,97871657.22545262,122222737.93789753,130857634.46045515,104588637.72197765,103687338.60064763,123689118.51981765,108726406.85824263,106907115.4295226,133474215.72608516,147021902.70873266,110241980.93890512,118502340.34035017,127564384.92318264,136357798.56239253,123422033.63740018,109121790.39737514,123167222.57426769,133060936.34740508,119855366.62347515,116506486.59188011,109783106.64434017,114307767.16354007,116843147.54408264,94373365.78150257,147963748.68979505,124479114.99637258,118540240.03071505,131579150.87750268,102561301.42330766,113510302.49908009,144564263.53937507,124599042.60824512,114704301.8248701,127561395.70852518,121160363.20381266
2023-07-06,117182442.22027014,132512457.4070452,113666027.55261758,131740290.14018261,106570019.1907151,128199734.72273512,168131140.23932505,114309807.96121751,123796067.87301266,131206974.60399765,80387279.02206007,100206131.09560755,118123870.37301262,114327884.45012754,124234183.60286757,114590675.00018762,97178157.34945261,121278715.55289754,129125819.09995516,103467854.57647765,103048864.44114763,122218278.94731766,107003939.80624264,106501890.32152261,132786381.95958516,144821887.23723266,108430759.43090513,117315733.80435017,126376380.35318263,134884337.62089252,122131068.38990018,107949288.82287513,122176561.90976769,131550341.52490509,117597842.83997515,115301744.47638011,108139836.30634017,113612362.64904007,115232641.87108265,93425007.89100258,146857474.05929506,123609873.18087259,117379629.89471506,129749475.90550268,101827821.16230765,112376234.4870801,143885668.81837508,123192913.56324512,113089858.4863701,126603965.88352518,119733005.11931266
2023-07-07,118231442.22027014,132845316.8598277,114924491.64061758,132367915.60158262,107115820.8246301,128636217.62273511,167936766.52607006,113520215.82219,125465217.58533517,132674286.49246764,80818709.12865257,100838992.25185755,118926233.80101262,116057750.07962754,124639523.57834259,115652779.97548263,98428938.4264526,122781769.28257754,129975077.03901516,104173008.61343765,104043588.88866763,122127188.37487765,107052656.20686264,107648187.40902261,133759767.79316767,144846610.32577264,109289712.11492512,118402797.65235017,127276413.57416263,134727374.22013253,123998370.58190018,108902963.76387513,122620994.77976769,132155941.85938008,117913485.12545514,115745731.4489451,108627251.56434017,115239517.75104007,115545088.32758264,94056236.95024258,147702593.21469504,125356344.76435259,118187363.89406255,131658397.86950266,103181918.72980765,113066198.6833051,145849110.28337505,123768747.87324512,114790769.7428701,126708887.84752518,119859373.37992266
2023-07-10,118633317.25577015,134440325.4048277,116497367.41851507,133183583.95832261,108373295.4261301,130618932.79747511,171774124.65557006,115185752.57319,127687907.62033516,134522384.86296764,81693135.49115257,102359927.22185756,120810233.80101262,117529750.07962754,126205767.53434259,116868371.63998263,98992938.4264526,124009301.01257753,131175019.72551516,105715342.63243765,105351583.89466763,123383260.53937764,107879705.64586264,108740187.40902261,134458756.20816767,146703404.05335516,110617626.98442513,120441797.65235017,129425808.32166263,136944540.94313255,125656370.58190018,109999963.76387513,124140994.77976769,134475077.75238007,119599815.24395515,118008870.13894512,109860559.86184017,116194517.75104007,117808088.32758264,96592385.74774258,151446622.84469506,126964643.15335259,119524979.37356256,133679397.86950266,104880918.72980765,113974212.5013051,147715110.28337505,124687747.87324512,116700769.7428701,127872603.02226518,121866832.71782017
2023-07-11,118680317.25577015,134878057.9563277,116683791.48251507,134202364.03832263,108388295.4261301,130832548.97847512,172282124.65557006,115750752.57319,128791907.62033516,135738384.86296764,82116135.49115257,103140927.22185756,121582233.80101262,117618750.07962754,127052767.53434259,117446371.63998263,99082938.4264526,124331301.01257753,132105019.72551516,105963342.63243765,105645583.89466763,124649260.53937764,108061705.64586264,109201187.40902261,135839756.20816767,146237517.53435516,111164552.54842512,121358797.65235017,129937808.32166263,137611540.94313255,125740370.58190018,110707963.76387513,124689994.77976769,135259077.75238007,120424898.50395516,119034870.13894512,109456498.63484018,115815517.75104007,118617088.32758264,96526385.74774258,151627622.84469506,127834643.15335259,119852979.37356256,134026397.86950266,105239918.72980765,114484212.5013051,148983110.28337505,125656747.87324512,117030769.7428701,128449984.66226518,122237249.97882016
2023-07-12,119209317.25577015,134764057.9563277,116726791.48251507,133928364.03832263,108001295.4261301,130645548.97847512,173074124.65557006,115412752.57319,128788907.62033516,135566384.86296764,82376135.49115257,102732927.22185756,121534233.80101262,117248750.07962754,126474767.53434259,117288371.63998263,99466938.4264526,124395301.01257753,132185019.72551516,105830342.63243765,105089583.89466763,124660260.53937764,108147705.64586264,108834187.40902261,135390756.20816767,146224517.53435516,110846552.54842512,121024797.65235017,129133808.32166263,138302540.94313255,125496370.58190018,111125963.76387513,124927994.77976769,136071077.75238007,119976898.50395516,119294870.13894512,108912498.63484018,116153517.75104007,118318088.32758264,96723385.74774258,151190622.84469506,127667643.15335259,120413979.37356256,133952397.86950266,105032918.72980765,114151212.5013051,149101110.28337505,125142747.87324512,117091769.7428701,129197984.66226518,122122249.97882016
2023-07-13,120858317.25577015,136981057.9563277,117781791.48251507,135659364.03832263,109257295.4261301,132428548.97847512,175336124.65557006,116889752.57319,130023907.62033516,137707384.86296764,83111135.49115257,103978927.22185756,123197233.80101262,118989750.07962754,128204767.53434259,119042371.63998263,100671938.4264526,126483301.01257753,133048019.72551516,107117342.63243765,106749703.69365762,126718260.53937764,109190705.64586264,110459187.40902261,137014756.20816767,149055517.53435516,111810552.54842512,123063797.65235017,131583808.32166263,139734540.94313255,127241370.58190018,112137963.76387513,127316994.77976769,138868077.75238007,121723898.50395516,120322870.13894512,111118498.63484018,116882517.75104007,120177088.32758264,98081385.74774258,153832622.84469506,129454643.15335259,122499979.37356256,135027397.86950266,106294918.72980765,115760212.5013051,150258110.28337505,127280747.87324512,117833769.7428701,130822984.66226518,123632249.97882016
2023-07-14,121264317.25577015,138236057.9563277,118395894.43740258,136874364.03832263,108910240.2009051,133451548.97847512,176427124.65557006,117365752.57319,131374907.62033516,140022384.86296764,83487135.49115257,104983927.22185756,123483233.80101262,119695750.07962754,129054767.53434259,120080371.63998263,101460938.4264526,126941301.01257753,133286019.72551516,107849633.41232514,106859241.42365763,127670260.53937764,109577705.64586264,110786187.40902261,138202756.20816767,150545517.53435516,112880552.54842512,124160797.65235017,131303808.32166263,141347540.94313255,127594091.62175019,112382963.76387513,129165994.77976769,140087077.75238007,122615898.50395516,120380870.13894512,111590498.63484018,117775517.75104007,120309191.28247014,98485385.74774258,154084622.84469506,129719447.09320259,122981979.37356256,134384201.80935267,106546918.72980765,116055212.5013051,150167831.32322508,128011007.57294512,117682060.5227576,132043984.66226518,123463249.97882016
2023-07-17,120588317.25577015,138305057.9563277,118174681.21890257,136932364.03832263,108751144.5529051,134186548.97847512,177660124.65557006,118224752.57319,131281907.62033516,139085384.86296764,83415135.49115257,104819927.22185756,123589233.80101262,120570750.07962754,129719767.53434259,119970371.63998263,101349938.4264526,126980301.01257753,133775019.72551516,108317938.60432515,106810241.42365763,128156260.53937764,110230705.64586264,111342187.40902261,138451756.20816767,151563517.53435516,113135552.54842512,124562797.65235017,132062398.65766263,142406540.94313255,128173496.27375019,112089963.76387513,129990994.77976769,140124077.75238007,122911898.50395516,121064870.13894512,112023272.45584017,118383517.75104007,120844766.13797015,99415385.74774258,155023622.84469506,129571958.8112026,122726979.37356256,134527582.24935266,106906918.72980765,115786212.5013051,150548124.91222507,127734582.42844513,118433288.86975761,132078984.66226518,124979249.97882016
2023-07-18,120205317.25577015,138501057.9563277,117498681.21890257,138142364.03832263,108573144.5529051,133678548.97847512,177464124.65557006,117686752.57319,130699907.62033516,138505384.86296764,83390135.49115257,104787927.22185756,123804233.80101262,120676750.07962754,129535767.53434259,120344371.63998263,101825938.4264526,127126301.01257753,133674019.72551516,108060938.60432515,106442241.42365763,128662260.53937764,110144705.64586264,111014187.40902261,137972756.20816767,152378517.53435516,112652552.54842512,124738797.65235017,132488398.65766263,141669540.94313255,128031496.27375019,111528963.76387513,131136994.77976769,139967077.75238007,123382898.50395516,120733870.13894512,111985272.45584017,118194517.75104007,120856766.13797015,99168385.74774258,154320622.84469506,128784958.8112026,122178979.37356256,134497582.24935266,106626918.72980765,115455212.5013051,150160124.91222507,128700582.42844513,117883288.86975761,132488984.66226518,125287249.97882016
2023-07-19,119946317.25577015,138115057.9563277,116894681.21890257,137411364.03832263,108336144.5529051,132466548.97847512,177043124.65557006,116770752.57319,130962907.62033516,138422384.86296764,82896135.49115257,104892927.22185756,123247233.80101262,119522750.07962754,129378767.53434259,119494371.63998263,101267938.4264526,126628301.01257753,132841019.72551516,108242938.60432515,105816241.42365763,127678260.53937764,109401705.64586264,110345187.40902261,137570756.20816767,150739517.53435516,112274552.54842512,124269797.65235017,131365398.65766263,141010540.94313255,127554496.27375019,111237963.76387513,130459994.77976769,139039077.75238007,123374898.50395516,119649870.13894512,111194272.45584017,117616517.75104007,120238766.13797015,98219385.74774258,154169622.84469506,128196958.8112026,121665979.37356256,133764582.24935268,106129918.72980765,114894212.5013051,149422124.91222507,128571582.42844513,117225288.86975761,131796984.66226518,124130249.97882016
2023-07-20,121030317.25577015,137860057.9563277,117578681.21890257,137551364.03832263,108888144.5529051,133086548.97847512,178122124.65557006,116918752.57319,131579907.62033516,138874384.86296764,83256135.49115257,105316927.22185756,124056233.80101262,120423750.07962754,130248767.53434259,120312371.63998263,101598938.4264526,127522301.01257753,133366019.72551516,109391938.60432515,106811241.42365763,127573260.53937764,109849705.64586264,110418187.40902261,138434756.20816767,151054517.53435516,112410552.54842512,124291797.65235017,131840398.65766263,141119540.94313255,127640496.27375019,111918963.76387513,131567994.77976769,139942077.75238007,124383898.50395516,119851870.13894512,111397272.45584017,118453517.75104007,120445766.13797015,99251385.74774258,154561622.84469506,128140958.8112026,122119979.37356256,134743582.24935266,106357918.72980765,115610212.5013051,150856124.91222507,129336582.42844513,117764288.86975761,131858984.66226518,124501249.97882016
2023-07-21,122483317.25577015,139614057.9563277,120454681.21890257,139021498.7943226,111075144.5529051,136135548.97847512,181936124.65557006,119505673.61619,134832907.62033516,143098384.86296764,84213135.49115257,107230927.22185756,125553233.80101262,123124750.07962754,132418767.53434259,121994371.63998263,102490474.14995262,129384301.01257753,135174019.72551516,111833938.60432515,109060241.42365763,129144260.53937764,111594705.64586264,112425744.64902261,141922756.20816767,153000166.68185517,114393717.75442512,127013797.65235017,134209398.65766263,143856030.31213254,129486324.76125018,114742963.76387513,132982994.77976769,143007077.75238007,126763898.50395516,122604870.13894512,112410272.45584017,119615517.75104007,123130766.13797015,101360385.74774258,157384622.84469506,130239584.6772026,124141979.37356256,137268582.24935266,108155918.72980765,116868212.5013051,155028124.91222507,130956582.42844513,120288555.7197576,134123984.66226518,127446249.97882016
2023-07-24,123177317.25577015,142245057.9563277,122050681.21890257,141272498.7943226,112030144.5529051,138346548.97847512,184721124.65557006,121787673.61619,136638907.62033516,143806384.86296764,85889135.49115257,107688927.22185756,127607233.80101262,124284750.07962754,134663767.5343426,124249371.63998263,103792474.14995262,130985301.01257753,136856019.72551516,113791938.60432515,111418241.42365763,129380260.53937764,112331705.64586264,113402744.64902261,142777756.20816767,155022166.68185517,114521717.75442512,128541797.65235017,135304398.65766263,145448030.31213254,130492324.76125018,115319963.76387513,133928994.77976769,143680077.75238007,129557898.50395516,123892870.13894512,114118272.45584017,121131517.75104007,124132766.13797015,102920385.74774258,160539622.84469506,130283584.6772026,125415979.37356256,139690582.24935266,109133918.72980765,117829212.5013051,155141124.91222507,131103582.42844513,123055555.7197576,136034984.66226518,128962249.97882016
2023-07-25,122700317.25577015,141747057.9563277,122254681.21890257,140917498.7943226,112206144.5529051,137771548.97847512,184472124.65557006,120929134.39701,135708907.62033516,142994384.86296764,85816135.49115257,107586927.22185756,126701233.80101262,123954750.07962754,133338767.53434259,123012371.63998263,103233474.14995262,130643301.01257753,137096019.72551516,113168938.60432515,110596241.42365763,129943260.53937764,113289705.64586264,113250744.64902261,141839756.20816767,153808166.68185517,114727717.75442512,127810797.65235017,135212398.65766263,145487030.31213254,130214324.76125018,115050963.76387513,133873994.77976769,143060077.75238007,129092898.50395516,123726870.13894512,113588272.45584017,121217517.75104007,124473766.13797015,102454385.74774258,160163622.84469506,130049584.6772026,125084979.37356256,139175582.24935266,108970918.72980765,117199212.5013051,155052124.91222507,130830582.42844513,123126555.7197576,135948984.66226518,129496249.97882016
2023-07-26,123213317.25577015,141997057.9563277,123799681.21890257,140949498.7943226,112298144.5529051,138628548.97847512,185255124.65557006,121459996.32501,136321907.62033516,144122384.86296764,86470135.49115257,108333927.22185756,127476233.80101262,124065750.07962754,134056767.53434259,123380371.63998263,103502474.14995262,131414301.01257753,137478019.72551516,113724938.60432515,110781241.42365763,130269260.53937764,113270705.64586264,113189744.64902261,143193756.20816767,155083166.68185517,115034717.75442512,128306797.65235017,136297398.65766263,145881030.31213254,130744324.76125018,115847963.76387513,134465994.7797677,144123077.75238007,130325898.50395516,124199870.13894512,113478272.45584017,121209517.75104007,125197766.13797015,103153385.74774258,161256622.84469506,130715584.6772026,125659979.37356256,139854582.24935266,109372918.72980765,117705212.5013051,156136124.91222507,132006582.42844513,124802555.7197576,136312984.66226518,129472249.97882016
2023-07-27,121972317.25577015,142759057.9563277,125007681.21890257,141355498.7943226,112437144.5529051,139145548.97847512,186062124.65557006,122356996.32501,136279907.62033516,144838384.86296764,87314135.49115257,107823927.22185756,127927233.80101262,124819750.07962754,134030767.53434259,124554371.63998263,104084474.14995262,132416301.01257753,137021019.72551516,114617938.60432515,111351241.42365763,131140260.53937764,112758705.64586264,113375744.64902261,142681756.20816767,156330166.68185517,114680717.75442512,130284797.65235017,136921398.65766263,146317030.31213254,130947324.76125018,115758963.76387513,134554994.7797677,144682077.75238007,130791898.50395516,125093870.13894512,113823272.45584017,121222517.75104007,126164766.13797015,104619385.74774258,162382622.84469506,130003584.6772026,124981979.37356256,139869582.24935266,109433918.72980765,116947212.5013051,155901124.91222507,131299582.42844513,126446555.7197576,137705984.66226518,129966249.97882016
2023-07-28,123398317.25577015,143287057.9563277,125837681.21890257,142541498.7943226,113113144.5529051,141014548.97847512,188526124.65557006,124194996.32501,137958907.62033516,146030384.86296764,88175135.49115257,109279927.22185756,128735233.80101262,126177750.07962754,136381767.5343426,125950371.63998263,104966474.14995262,135254301.01257753,139194019.72551516,115268938.60432515,112530241.42365763,132695260.53937764,113628705.64586264,113743744.64902261,145408756.20816767,158951166.68185517,115218717.75442512,131439797.65235017,138229398.65766263,148524030.31213254,132349324.76125018,116547963.76387513,136883994.7797677,145720077.75238007,132732898.50395516,126209870.13894512,115207272.45584017,122083517.75104007,126846766.13797015,105588385.74774258,163507622.84469506,131344584.6772026,125430979.37356256,141454582.24935266,110070918.72980765,118306212.5013051,157091124.91222507,132934582.42844513,127990555.7197576,138423984.66226518,130997249.97882016
2023-07-31,123491317.25577015,144331057.9563277,126482681.21890257,143213498.7943226,114521144.5529051,141966548.97847512,190496124.65557006,125087996.32501,138350907.62033516,146642384.86296764,89711135.49115257,110556927.22185756,130102233.80101262,127352750.07962754,137368767.5343426,126606371.63998263,105774474.14995262,135957301.01257753,140378019.72551516,116107938.60432515,112762241.42365763,133759260.53937764,114623705.64586264,114076744.64902261,145847756.20816767,159932166.68185517,116768717.75442512,132226797.65235017,139320398.65766263,151193030.31213254,133548324.76125018,116885963.76387513,138689994.7797677,147307077.75238007,133965898.50395516,126879870.13894512,116373272.45584017,122775517.75104007,127861766.13797015,106170385.74774258,163746622.84469506,131925584.6772026,126026979.37356256,142288582.24935266,110730918.72980765,118841212.5013051,157848124.91222507,134973582.42844513,129827555.7197576,139856984.66226518,131344249.97882016
2023-08-01,122948317.25577015,143818057.9563277,124041681.21890257,143670498.7943226,113380144.5529051,139383548.97847512,186948124.65557006,122396996.32501,136425907.62033516,142852384.86296764,89623135.49115257,109284927.22185756,129926233.80101262,125600750.07962754,136362767.5343426,124092371.63998263,104271474.14995262,134791301.01257753,138269019.72551516,116083938.60432515,112078241.42365763,131425260.53937764,112981705.64586264,113298744.64902261,143240756.20816767,156240166.68185517,115548717.75442512,129315797.65235017,137524398.65766263,148550030.31213254,131173324.76125018,115643963.76387513,136879994.7797677,145306077.75238007,132773898.50395516,124481870.13894512,114723272.45584017,121796517.75104007,125772766.13797015,104129385.74774258,162092622.84469506,130694584.6772026,125545979.37356256,140615582.24935266,109844918.72980765,118155212.5013051,154804124.91222507,133492582.42844513,127751555.7197576,138013984.66226518,128768249.97882016
2023-08-02,124018317.25577015,144477057.9563277,125346681.21890257,144760088.19832262,114702144.5529051,140244548.97847512,190249092.43557006,123997766.18901001,138687376.10083517,144683571.62546766,91294135.49115257,111143927.22185756,132701233.80101262,127101750.07962754,139061767.5343426,125420371.63998263,105541474.14995262,136760301.01257753,139109019.72551516,118219938.60432515,113151554.11315763,132627260.53937764,113456705.64586264,114807744.64902261,145912756.20816767,158128166.68185517,117215717.75442512,131234157.87035017,139642398.65766263,151536030.31213254,132626324.76125018,117223963.76387513,138781569.1747677,148063306.34038007,134957186.87995514,126090870.13894512,115456547.35834017,122519517.75104007,127309766.13797015,106356385.74774258,163404077.11919504,132191584.6772026,126099979.37356256,142453522.31335267,111242918.72980765,119562212.5013051,157142124.91222507,136418582.42844513,130797555.7197576,139111984.66226518,130297249.97882016
2023-08-03,123309317.25577015,143448057.9563277,124248681.21890257,142617088.19832262,114289144.5529051,139730548.97847512,189559092.43557006,123279766.18901001,138573376.10083517,143691571.62546766,90459135.49115257,111425927.22185756,132315233.80101262,126402750.07962754,138880767.5343426,124990371.63998263,105800474.14995262,136786301.01257753,138077019.72551516,117885938.60432515,112587554.11315763,131621260.53937764,112273705.64586264,114508744.64902261,145462756.20816767,157618166.68185517,116593717.75442512,130669157.87035017,139395398.65766263,151360030.31213254,131506324.76125018,116561963.76387513,138712569.1747677,148017306.34038007,135018186.87995514,125848870.13894512,114797547.35834017,120682517.75104007,127677766.13797015,106097385.74774258,162730077.11919504,131195584.6772026,126559979.37356256,141867522.31335267,110571918.72980765,119470212.5013051,156545124.91222507,136196582.42844513,130915555.7197576,138446984.66226518,129456249.97882016
2023-08-04,124496620.24277014,145374180.8178277,127672274.76590258,144953909.33482262,116033593.8269051,142258107.73047513,191391451.67907006,126188629.76901,140080772.31383517,146356324.01646766,92476134.94515257,112383969.45835756,134779233.80101264,128643750.07962754,140404767.5343426,127500659.29248263,107846247.08495261,139297301.01257753,141012508.97351515,119622271.64332515,115103554.11315763,133467866.42087767,114577317.42286265,117184783.43352261,147514756.20816767,160132841.86035517,118576944.90542513,133500338.95435017,142013341.11366263,153305958.38713256,133002385.45625019,118592739.12137513,141003014.6857677,150002306.34038007,137309186.87995514,128745867.10544512,116815547.35834017,121877044.79754007,129808247.05397014,108218918.24974258,166170077.11919504,133106584.6772026,128223720.03356256,144351522.31335267,112040918.72980765,121749196.3603051,158828617.5402251,137059846.11094514,133381502.0997576,140638817.1892652,133194956.37782016
2023-08-07,125045620.24277014,146588180.8178277,128456274.76590258,145362909.33482262,117127593.8269051,143962107.73047513,194181451.67907006,127725629.76901,141911772.31383517,147886324.01646766,92861134.94515257,113256969.45835756,135134233.80101264,129598750.07962754,142573767.5343426,128567659.29248263,107990247.08495261,139642301.01257753,142810508.97351515,121908271.64332515,116139554.11315763,134778866.42087767,114779317.42286265,119010783.43352261,149066756.20816767,161556841.86035517,119578944.90542513,135693338.95435017,142879341.11366263,155894958.38713256,134389385.4562502,119149739.12137513,142639014.6857677,151634306.34038007,138912186.87995514,129247867.10544512,118697547.35834017,123473044.79754007,129938247.05397014,109176918.24974258,168437077.11919504,134241584.67720258,128765720.03356256,144542522.31335267,113704918.72980765,123289196.3603051,159950617.5402251,138684846.11094514,134288502.0997576,141859817.1892652,135097956.37782016
2023-08-08,125504620.24277014,146622459.2693277,128048274.76590258,144721909.33482262,115794918.5699051,142464107.73047513,191997451.67907006,127417629.76901,141845772.31383517,147339324.01646766,92903540.29915257,112628969.45835756,133624015.82001263,128352750.07962754,141298767.5343426,126901659.29248263,107093247.08495261,138251301.01257753,142410442.00101516,120807271.64332515,115897554.11315763,133454866.42087767,114211237.52286264,119308783.43352261,149002756.20816767,160017841.86035517,119411997.28042513,134615338.95435017,142808676.18116266,153432958.38713256,133686385.45625019,119017721.15887512,141607014.6857677,151715306.34038007,138304186.87995514,127851335.73544511,117882547.35834017,123877044.79754007,128213532.47447015,108544918.24974258,169002077.11919504,134657584.67720258,128412026.06606257,143300795.44335267,113297918.72980765,123292741.83530511,158586617.5402251,138634846.11094514,132752760.6037576,140334817.1892652,135129956.37782016
2023-08-09,124165620.24277014,144944459.2693277,126463274.76590258,143568585.91482264,115602918.5699051,141301107.73047513,191742451.67907006,125875629.76901,141072772.31383517,145709324.01646766,91851540.29915257,112553969.45835756,132601015.82001263,127927750.07962754,140697767.5343426,126029659.29248263,106928247.08495261,138247301.01257753,141238442.00101516,120027271.64332515,114348554.11315763,132613866.42087767,113237237.52286264,117886783.43352261,147646756.20816767,159213841.86035517,118685997.28042513,134130338.95435017,141796676.18116266,153006958.38713256,133257385.45625019,117387721.15887512,140669014.6857677,149877306.34038007,137143186.87995514,127429335.73544511,117104547.35834017,123146044.79754007,128136532.47447015,108390918.24974258,167371077.11919504,133333584.6772026,127550026.06606257,142933795.44335267,112574918.72980765,122530741.83530511,157469617.5402251,138160846.11094514,132420760.6037576,139595817.1892652,133635956.37782016
2023-08-10,122050620.24277014,142668459.2693277,125280274.76590258,142374585.91482264,114312543.1399051,139184729.06297514,189532451.67907006,124301154.49941,138602772.31383517,142440125.55846766,91639540.29915257,110720969.45835756,131556015.82001263,127646969.50812756,138415767.5343426,124013113.26198263,105310247.08495261,136874301.01257753,138900908.12326518,118117271.64332515,113571554.11315763,131099866.42087767,111905010.42066264,115993783.43352261,144737176.32216766,156940659.96701765,116960997.28042513,131634338.95435017,140142676.18116266,151004958.38713256,131690910.18665019,115410156.31637514,138135014.6857677,147663306.34038007,135935186.87995514,125332335.73544511,115896547.35834017,120856044.79754007,125846882.69040266,107241918.24974258,165811077.11919504,131576584.6772026,124576026.06606257,141854795.44335267,111177183.18530765,120524741.83530511,154670445.5002251,135485263.82752013,131572285.3341576,136764924.51426518,131833956.37782016
2023-08-11,121805974.18842514,143465962.8493277,125571450.09057757,143089952.93232265,115886543.1399051,139927055.3914751,191847791.41157007,124950713.32591,140072706.91533518,142605447.89133266,92327396.41665258,112267349.05635756,132269976.02251261,129625969.50812756,139748974.1453426,123276242.72663763,105483299.96345262,138840301.01257753,138733501.42144018,118974643.25182514,114579819.70715763,131072841.50705266,112143618.99566264,116441125.80752261,145866941.31666768,159028829.13551766,118017337.55542514,132612122.22435017,141493167.12616265,152089421.17513254,132715001.69665019,115952374.36461264,137374067.1596202,148458484.47838008,136433329.99845517,126861472.52544512,115422556.20739017,121454914.45104007,126712394.37525514,109014918.24974258,166123799.39397505,131216759.75520259,124863124.76497507,143494706.91226518,111721604.65530765,120999135.2993051,154798684.31207758,135964940.7735201,132812541.8991576,136648703.06311768,132361711.16382016
2023-08-14,122856951.62892514,146484756.3593277,128219413.76857759,144682527.26982266,117313543.1399051,142000628.97597513,194257791.41157007,127365758.64941001,143981706.91533518,147265539.65133265,93860396.41665258,113486962.23035756,135079971.4995126,131117969.50812756,143208974.1453426,125279561.92263763,107497076.82445262,140671864.99507755,140061930.42344016,122441643.25182514,117126225.06065762,133643949.22055267,113885340.30516264,119490751.90002261,148605267.78866768,161126105.31551766,119680137.03142513,136061957.76385018,142429167.12616265,157006421.17513254,134746766.0661502,117832208.07461263,139892503.3051202,151942591.2143801,138055329.99845517,129267044.01244512,118166572.97439018,123185823.03254008,129093862.26625514,111583918.24974258,168622061.16497505,132765513.33470261,126745461.49747507,145196017.9397652,112766604.65530765,122932031.5023051,157491914.0845776,138925039.67202014,135850541.8991576,139471162.1946177,134365064.25582016
2023-08-15,123472951.62892514,146036215.6473277,127905413.76857759,145109527.26982266,117511543.1399051,142530628.97597513,193650791.41157007,126630758.64941001,143830706.91533518,148186539.65133265,93649396.41665258,113737962.23035756,135209971.4995126,131021969.50812756,143302974.1453426,125023561.92263763,107608076.82445262,141973864.99507755,140291930.42344016,122139643.25182514,117349225.06065762,134015949.22055267,114014340.30516264,119413751.90002261,148675267.78866768,161450105.31551766,119400137.03142513,135362957.76385018,142631167.12616265,158567421.17513254,135434766.0661502,118055208.07461263,139732503.3051202,151213591.2143801,137811329.99845517,129052044.01244512,117722572.97439018,123733823.03254008,129461862.26625514,111222918.24974258,168397061.16497505,133213513.33470261,127353461.49747507,145511017.9397652,113299604.65530765,123231031.5023051,158522914.0845776,140380039.67202014,135644541.8991576,138886162.1946177,134456064.25582016
2023-08-16,123183951.62892514,145529215.6473277,128174413.76857759,144953527.26982266,118346543.1399051,142568628.97597513,195895429.87657008,127400907.98291,145171706.91533518,149559539.65133265,93390396.41665258,115356574.23985757,135082971.4995126,131488288.74062754,144882974.1453426,124591561.92263763,107099149.10995263,142146864.99507755,141509930.42344016,123465643.25182514,117578225.06065762,134263949.22055268,114867340.30516264,120541751.90002261,150517267.78866768,161359105.31551766,119156427.04892513,136137957.76385018,143251794.18216264,161711421.17513254,135543300.4651502,118110208.07461263,140611503.3051202,151396591.2143801,138696324.07345515,128797044.01244512,118321143.75989018,124042823.03254008,129592688.30625515,111331918.24974258,168072061.16497505,132882513.33470261,127384461.49747507,146147017.9397652,113078604.65530765,123222031.5023051,160006914.0845776,142889282.09702012,136842541.8991576,139089162.1946177,135344064.25582016
2023-08-17,121820951.62892514,144711215.6473277,127338110.8320776,143535527.26982266,117156543.1399051,142388628.97597513,195941429.87657008,126606907.98291,144255706.91533518,148561201.33083266,92788396.41665258,114019574.23985757,134359574.52451262,130162288.74062754,143700974.1453426,124198065.48763764,106778193.36195262,139988570.68307754,141064232.90544018,122990643.25182514,116472225.06065762,132972949.22055267,113644340.30516264,119519751.90002261,149699267.78866768,159784105.31551766,118575427.04892513,135867734.6938502,142739794.18216264,160864421.17513254,134487300.4651502,117399208.07461263,140054342.7726202,150841591.2143801,138462726.37845516,127990044.01244512,117917143.75989018,123463823.03254008,128646688.30625515,110988918.24974258,168025061.16497505,132285513.33470261,127752461.49747507,144088017.9397652,112918604.65530765,122435031.5023051,159372914.0845776,142017282.09702012,136311541.8991576,138858162.1946177,134427064.25582016
2023-08-18,114202011.60641515,135186813.0378027,119765873.06981009,135633366.36002016,110447363.5224151,134570909.09167513,185241168.77751005,119060719.83145002,135127089.26786518,139569658.59081766,87798397.52991258,107104259.19422257,125694662.88259262,122419222.40620255,133542141.20891258,117421306.05106762,100107248.98534262,130776443.15262753,133581705.01255517,115365241.93847764,109154044.15110762,124750540.52735266,106728037.07183763,112348708.92351261,140798666.18346518,149108021.08500016,111870358.89589013,126898919.05864517,134695819.09623766,151526878.04815754,125946587.9344002,110646898.20896512,132232513.6725902,141721389.4632501,131323816.66480766,120152482.42067263,110195428.49029018,115761764.45118758,120523937.64643013,103452766.94383508,157714703.13652754,124718935.5498251,120365105.55593756,135539407.0700202,106895635.29502766,115546506.0583726,149515344.8148576,134278012.73378512,127914825.3563426,130487175.56314518,126642219.23049016
2023-08-21,113893314.43391515,133984845.90780272,118854283.51481009,135192379.95752016,110406214.1349151,134822494.61917514,184573960.94001007,117951880.885865,135672952.6003652,140688522.85831767,87832677.42991258,106647217.73672256,124933970.44152762,121675208.17620255,132385123.76641259,116965147.96106763,100017974.72534263,129818191.81762755,133164828.87255517,114637856.81847766,108367023.18610765,124105755.16485265,106328284.48433764,111261261.73101263,139733527.8834652,148665833.12000015,111695632.96589014,125715742.8811452,134032389.57123767,152932437.97815758,125594486.16440019,110069000.97896513,131745882.92509022,142006448.75825012,130495330.55980767,119529905.19817264,110123061.05970518,115375951.0586876,119276467.29143015,102481211.76883508,156844486.88152754,125173376.02232511,120437620.33093756,135312370.9225202,106674201.62502766,114891934.1733726,148242245.47985762,135345777.25628513,126610949.73134261,130209267.86814517,125940162.98049016
2023-08-22,113191744.21141516,133981728.05980271,119505070.40681008,135928157.74802017,110452374.0459151,135739299.71417516,184996793.77251005,118288617.747865,136110363.6583652,141018343.56231767,88194539.06241259,106744033.74222255,125017799.36052762,121863654.76270255,132125391.7494126,117965510.79806763,100113247.90534264,129903966.10062754,133315192.20905517,115386594.28047767,107947383.52160765,123885460.20885265,106611498.92983764,111292645.02401263,139547843.7844652,148520315.83500016,111690582.95389014,125929538.5791452,133941719.49173768,152804341.33315757,125094882.34340018,110662350.60696512,131880025.83309023,142346303.88325012,130012758.49727267,120073099.13317263,110210117.31070518,115413230.14618759,119436134.30543014,102609311.56683509,157937305.60052755,125292010.81232512,121018098.23693755,135693268.0835202,107107962.09902766,114544016.1408726,148541284.12785763,134270228.97833514,126449267.54134262,129958368.85064517,126609211.32999016
2023-08-23,112577958.74941516,132823471.92780271,119182894.11081007,134427304.4590202,110380200.7589151,135173444.31167513,184251394.56551003,117572619.76886502,135790574.59636518,140222222.50231767,88107715.08091259,106748322.42972255,124152919.05352762,121348956.96370256,132053098.1964126,117163552.24306762,99791253.22184263,129223913.29162754,132483036.13705517,114534787.61547768,107736507.40560766,123401447.32235265,106241537.67033765,110055586.30751263,138835143.6869652,147150260.62600017,110831801.90389015,124824283.04714519,133440746.73073769,151898021.96215755,124704365.24340019,110287448.77446513,131482252.59209023,141978222.1457501,129435796.34227267,119207881.62217262,109892484.9477052,114842193.9431876,118965100.70543015,101857524.11083509,156723815.93352756,125232402.45832512,120851581.73693755,134937903.8885202,106068970.82152766,113592132.5203726,146959041.4078576,133314359.86833513,125540115.2723426,129357628.02764519,125983167.82549016
2023-08-24,114228958.74941516,134595091.2103027,120465414.53331007,136056711.11402017,111908146.9349151,136951444.31167513,186684493.24051005,119034280.77386501,136286574.59636518,142962629.8588177,89622018.8699126,108150281.81472254,125173480.80152762,122344912.64720257,133508680.55641259,118351675.52706763,100417253.22184263,130210844.66162755,133038694.24355517,115845148.44047768,108207507.40560766,123875179.77235265,107789697.17533764,111650371.18751262,140767025.0269652,149629369.70400017,112117660.62889016,127171364.5071452,135582289.66673768,154975441.22615755,125232365.24340019,111425752.56346513,132507823.14609024,142640222.1457501,130699089.82977267,120783044.93017262,111798556.9002052,116673781.9061876,119735003.85743015,102780569.74683508,159180614.22552755,126260402.45832512,122301282.26743755,137784523.1710202,106589869.46902767,114346132.5203726,149468894.03135762,135243359.86833513,126977647.00234261,130944809.54764518,127642167.82549016
2023-08-25,114240796.16091517,133623038.90880272,120439391.75131008,135192481.5105202,112649577.0169151,137106335.06667513,187546269.55351004,118451653.12736502,136461874.30486518,142340657.30081767,89868548.10741259,108205555.10522255,125064664.13952763,122224299.30820256,132862863.10041259,118103009.15806763,101231011.80334264,130129808.67062756,133274825.45605518,116176096.73897769,108212845.83660766,123439882.82235265,107546037.30483764,111735807.87851262,140358309.7264652,149125846.41000018,111850326.55339016,127040374.1431452,135811694.1427377,154345571.04465756,124594663.8534002,111643519.64646512,132266471.46759024,142953191.56375012,131141003.41177267,120570018.34517263,111624881.6237052,116325097.3251876,119366565.02343014,102627881.0583351,159340127.97352755,126476262.00432514,122560955.50243755,137573827.9840202,106669872.59752765,114035130.6458726,149380191.84735763,134825071.91833514,126252302.22834262,129464407.03614518,127570243.09149016
2023-08-28,115407083.65741517,135913181.1153027,122587066.78631008,138008593.80052018,114693781.54891509,140085331.09667516,192004041.83351004,120701164.25436503,138158015.6248652,144157487.4288177,91699110.6584126,110158456.96472256,128736236.60402764,124284605.70920256,135500007.9099126,119766767.23206763,103533182.32934263,133319535.72962755,135967187.7945552,118248163.79897769,109884896.29060766,125087308.29835266,109628313.78033765,114441289.28301263,142480488.8464652,151304695.75600016,114064433.93289016,128649033.5601452,138678877.7762377,156235973.49965757,125560179.4939002,113552973.74646513,133827713.13409024,143755205.0027501,133176639.71527268,122120740.19817263,112850546.1362052,118393383.9171876,121539121.17743015,104224845.25233509,162746420.77752757,128409714.00882514,125588200.87043755,139932938.9725202,108643445.25602767,116049237.73887259,152439830.7538576,136536843.51483515,128755061.10534263,131899138.88614517,130306274.84399018
2023-08-29,115071054.86641517,136120181.1153027,123439066.78631008,139260593.80052018,115219781.54891509,140662191.22467515,192166041.83351004,120867164.25436503,137896918.1768652,144220487.4288177,92345110.6584126,111207456.96472256,129651236.60402764,125615605.70920256,136948007.9099126,120501767.23206763,103723182.32934263,133421535.72962755,135899187.7945552,119145163.79897769,109735730.00060767,125922308.29835266,110302313.78033765,114574289.28301263,143203488.8464652,150507695.75600016,114237433.93289016,128794033.5601452,140402877.7762377,157604973.49965757,127014315.18390019,114173973.74646513,134488713.13409024,144638059.5277501,134195639.71527268,123843740.19817263,113624546.1362052,119004383.9171876,122192121.17743015,105001845.25233509,164735420.77752757,129358195.10882515,126286200.87043755,141216938.9725202,108638445.25602767,116572925.5588726,153736830.7538576,137006347.34033513,128885061.10534263,132011138.88614517,130644389.92199017
2023-08-30,116969054.86641517,137604181.1153027,125440066.78631008,140431593.80052018,116887781.54891509,142992191.22467515,194589041.83351004,122213164.25436503,138408918.1768652,145213487.4288177,93310110.6584126,112358456.96472256,131487236.60402764,126448605.70920256,138497007.9099126,122634767.23206763,104350182.32934263,134564535.72962755,136882187.7945552,120555163.79897769,110990730.00060767,126784308.29835266,111225313.78033765,116524289.28301263,143808488.8464652,151738695.75600016,115002433.93289016,130361033.5601452,141299877.7762377,158619973.49965757,129533315.18390019,115865973.74646513,136591713.13409024,146743059.5277501,134959639.71527267,126175740.19817263,114482546.1362052,120428383.9171876,122946121.17743015,106139845.25233509,167660420.77752757,130137195.10882515,128400200.87043755,143513938.9725202,110028445.25602767,118129925.5588726,154996830.7538576,137752347.34033513,130711061.10534263,133264138.88614517,132236389.92199017
2023-08-31,118103054.86641517,139304181.1153027,127142066.78631008,142774593.80052018,118984781.54891509,145428191.22467515,197055041.83351004,124070164.25436503,140611918.1768652,147245487.4288177,95028110.6584126,114300456.96472256,134186236.60402764,127838605.70920256,140867007.9099126,124548767.23206763,105949182.32934263,137343535.72962755,139571187.7945552,123053163.79897769,112669730.00060767,128246308.29835266,113332313.78033765,117776289.28301263,146730488.8464652,153807695.75600016,116779433.93289016,132462033.5601452,143926877.7762377,162701973.49965757,130834315.18390019,117199973.74646513,137880713.13409024,147912059.5277501,137016639.71527267,127404740.19817263,117341546.1362052,123036383.9171876,124518121.17743015,108020845.25233509,170453420.77752757,131993195.10882515,130087200.87043755,146066938.9725202,112120445.25602767,119482925.5588726,158562830.7538576,140132347.34033513,132135061.10534263,136380138.88614517,135311389.9219902
2023-09-05,118965054.86641517,140185181.1153027,127742066.78631008,144085593.80052018,120125781.54891509,145850191.22467515,198760041.83351004,125818164.25436503,142094918.1768652,149456487.4288177,95924110.6584126,115827456.96472256,134644236.60402763,129317605.70920256,142358007.9099126,125988767.23206763,106535182.32934263,137993535.72962755,141459187.7945552,124204163.79897769,113425730.00060767,129890308.29835266,113744313.78033765,118694289.28301263,148198488.8464652,155603695.75600016,117928433.93289016,134516033.5601452,145651877.7762377,164554973.49965757,131698315.18390019,117576973.74646513,139775713.13409024,148416059.5277501,138599639.71527267,128056740.19817263,118915546.1362052,124542383.9171876,125724121.17743015,109092845.25233509,171004420.77752757,132608195.10882515,130572200.87043755,146797938.9725202,112907445.25602767,119432925.5588726,160282830.7538576,141877347.34033513,133155061.10534263,137132138.88614517,136966389.9219902
2023-09-06,120589054.86641517,143018181.1153027,130313066.78631008,145898593.80052018,122183781.54891509,147431191.22467515,202107041.83351004,127117164.25436503,142941918.1768652,151547487.4288177,96723110.6584126,117204456.96472256,135755236.60402763,131676605.70920256,143306007.9099126,127908767.23206763,107746182.32934263,139001535.72962755,142503187.7945552,125709163.79897769,114005730.00060767,131461308.29835266,114577313.78033765,121041289.28301263,149900488.8464652,157480695.75600016,118561433.93289016,136247033.5601452,147996877.7762377,167260973.49965757,133982315.18390019,118270973.74646513,140726713.13409024,150033059.5277501,139622639.71527267,130283740.19817263,120206546.1362052,126240383.9171876,127604121.17743015,110859845.25233509,174125420.77752757,133885195.10882515,132021200.87043755,150399938.9725202,113906445.25602767,120723925.5588726,162333830.7538576,142635347.34033513,134943061.10534263,138855138.88614517,138444389.9219902
2023-09-07,119888054.86641517,143016181.1153027,129752066.78631008,146181593.80052018,121212781.54891509,146970191.22467515,201809041.83351004,127594164.25436503,143357918.1768652,150451487.4288177,96525110.6584126,116965456.96472256,135722236.60402763,131156605.70920256,143968007.9099126,126693767.23206763,107534182.32934263,138574535.72962755,142601187.7945552,125115163.79897769,114632730.00060767,131055308.29835266,114415313.78033765,121088289.28301263,149742488.8464652,157160695.75600016,118795433.93289016,136216033.5601452,147304877.7762377,165879973.49965757,133617315.18390019,118321973.74646513,140684713.13409024,149627059.5277501,139735639.71527267,129848740.19817263,119905546.1362052,125747383.9171876,128092121.17743015,110936845.25233509,173295420.77752757,134098195.10882515,132008200.87043755,149726938.9725202,113406445.25602767,121057925.5588726,161608830.7538576,143420347.34033513,135713061.10534263,138715138.88614517,137582389.9219902
2023-09-08,120660054.86641517,143599181.1153027,130561066.78631008,146507593.80052018,122861781.54891509,148687191.22467515,202539041.83351004,126950164.25436503,143096918.1768652,151256487.4288177,97100110.6584126,117839456.96472256,137427236.60402763,132553605.70920256,145273007.9099126,127375767.23206763,108300182.32934263,140578535.72962755,143207187.7945552,126295163.79897769,114863730.00060767,132087308.29835266,115496313.78033765,122572289.28301263,151211488.8464652,157316695.75600016,119559433.93289016,136360033.5601452,149670877.7762377,167377973.49965757,134272315.18390018,119030973.74646513,140408713.13409024,149645059.5277501,139823639.71527267,129565740.19817263,120198546.1362052,126691383.9171876,128821121.17743015,111778845.25233509,174457420.77752757,134768195.10882515,133430200.87043755,150202938.9725202,113591445.25602767,120391925.5588726,162857830.7538576,143961347.34033513,135953061.10534263,139955138.88614517,138886389.9219902
2023-09-11,119361054.86641517,140015181.1153027,128092066.78631008,142766593.80052018,120180781.54891509,145954191.22467515,198130041.83351004,122912164.25436503,140900918.1768652,148867487.4288177,94989110.6584126,114807456.96472256,133951236.60402764,130115605.70920256,141565007.9099126,125852767.23206763,106384182.32934263,137764535.72962755,140282187.7945552,123272163.79897769,112744730.00060767,129011308.29835266,111679313.78033765,120349289.28301263,148322488.8464652,154884695.75600016,116840433.93289016,132703033.5601452,145232877.7762377,164541973.49965757,132394315.18390019,116845973.74646513,138293713.13409024,147821059.5277501,137393639.71527267,127854740.19817263,118008546.1362052,122401383.9171876,125821121.17743015,109139845.25233509,170869420.77752757,132181195.10882515,130553200.87043755,146980938.9725202,111533445.25602767,117538925.5588726,159488830.7538576,141220347.34033513,132248061.10534263,135797138.88614517,135350389.9219902
2023-09-12,124106054.86641517,143246181.1153027,132793066.78631008,146753593.80052018,123688781.54891509,150944191.22467515,204603041.83351004,127175164.25436503,144197918.1768652,152947487.4288177,97660110.6584126,117841456.96472256,138267236.60402763,133779605.70920256,145355007.9099126,130480767.23206763,108792182.32934263,140967535.72962755,143103187.7945552,126941163.79897769,114922730.00060767,131317308.29835266,114379313.78033765,124312289.28301263,151591488.8464652,158577695.75600016,119265433.93289016,136079033.5601452,148846877.7762377,169528973.49965757,135846315.18390018,119788973.74646513,141271713.13409024,151598059.5277501,140231639.71527267,132033740.19817263,121654546.1362052,126778383.9171876,128424121.17743015,112496845.25233509,177476420.77752757,135173195.10882515,135160200.87043756,152625938.9725202,114636445.25602767,120960925.5588726,163993830.7538576,144795347.34033513,136150061.10534263,138587138.88614517,139167389.9219902
2023-09-13,123262054.86641517,141817181.1153027,132709066.78631008,146251593.80052018,122505781.54891509,151116191.22467515,203485041.83351004,125390164.25436503,144869918.1768652,153547487.4288177,96972110.6584126,117651456.96472256,138604236.60402763,134105605.70920256,145771007.9099126,129835767.23206763,108084182.32934263,141241535.72962755,142716187.7945552,126306163.79897769,115421730.00060767,130443308.29835266,113748313.78033765,124469289.28301263,152481488.8464652,158566695.75600016,118272433.93289016,136910033.5601452,148188877.7762377,170502973.49965757,135809315.18390018,119453973.74646513,141155713.13409024,151097059.5277501,140316639.71527267,131678740.19817263,121592546.1362052,125374383.9171876,129218121.17743015,112671845.25233509,175898420.77752757,134746195.10882515,134888200.87043756,152137938.9725202,113531445.25602767,119949925.5588726,163036830.7538576,145590347.34033513,135350061.10534263,139111138.88614517,138007389.9219902
2023-09-14,120748054.86641517,138942181.1153027,129591066.78631008,143242593.80052018,120329781.54891509,147488191.22467515,201654041.83351004,123275704.88836503,142216918.1768652,150272487.4288177,95334110.6584126,116467186.90972257,135666236.60402763,131818931.81420258,143919007.9099126,126981767.23206763,106145182.32934263,138847535.72962755,141993187.7945552,123991163.79897769,114198730.00060767,128826274.18735266,111443313.78033765,121956289.28301263,150355488.8464652,157022695.75600016,116961433.93289016,135212033.5601452,144585877.7762377,165632973.49965757,133886315.18390019,118242973.74646513,140474713.13409024,150169059.5277501,140459639.71527267,130671740.19817263,118893546.1362052,122252232.7341876,126489121.17743015,110461845.25233509,172497087.85752755,133334195.10882515,131966200.87043755,148235938.9725202,112085445.25602767,117326925.5588726,159937830.7538576,143026347.34033513,134207061.10534263,136778138.88614517,134821113.74949017
2023-09-15,120882054.86641517,139596181.1153027,129093066.78631008,143508695.86552018,120388781.54891509,146264191.22467515,202747041.83351004,123852704.88836503,142598918.1768652,150245487.4288177,95748490.0724126,116982186.90972257,136030236.60402763,132191931.81420258,145080007.9099126,126602767.23206763,106436182.32934263,139092535.72962755,142931187.7945552,123990689.03247768,114570730.00060767,129436536.48735265,111565313.78033765,122678289.28301263,149560537.6644652,157251695.75600016,117796433.93289016,135439033.5601452,144887926.5942377,165980695.85715756,134620315.18390018,118277973.74646513,141088713.13409024,150727059.5277501,141127639.71527267,130799740.19817263,119247546.1362052,122421232.7341876,127245236.48893015,110886845.25233509,172844087.85752755,134273195.10882515,132277200.87043755,149143577.5445202,112701445.25602767,117354278.4113726,160096465.02435762,143664347.34033513,134627061.10534263,136725240.7086452,135103317.2134902
2023-09-18,120293054.86641517,139487404.51680273,127926066.78631008,141271695.86552018,119873781.54891509,144440191.22467515,201001041.83351004,122846704.88836503,140415918.1768652,148543487.4288177,94151490.0724126,115954186.90972257,133838236.60402764,131155931.81420258,143022007.9099126,124756909.90956762,105196182.32934263,136726535.72962755,141034187.7945552,121941433.97147769,113668730.00060767,128040536.48735265,110298198.84683764,122642289.28301263,148984537.6644652,154742695.75600016,116806306.27389017,134168033.5601452,144091926.5942377,163011695.85715756,133474315.18390019,117324973.74646513,139612713.13409024,149625059.5277501,138681639.71527267,128954953.51767263,117771546.1362052,120388232.7341876,126253236.48893015,109944845.25233509,169996658.83132756,132886195.10882515,131156200.87043755,147455577.5445202,111008445.25602767,116000278.4113726,157702465.02435762,140813347.34033513,133674061.10534263,134630240.7086452,131956317.21349017
2023-09-19,120715054.86641517,141443206.7990027,128870033.84531008,141548113.79802018,121547740.3879151,145278565.14917514,201713762.79101002,123603380.51686504,139405645.63336518,148397657.6293177,94748794.8414126,116433020.87022257,134367840.27202764,132313931.81420258,142651204.2261126,124359372.41256763,105183424.88684264,137752335.76812756,141756559.67755517,122635621.97347769,113870299.18060766,128782536.48735265,110437986.46383765,124644289.28301263,149857849.5369652,154305666.66650018,117781306.27389017,134562846.0141452,145700483.57873768,160984513.98665756,133887315.18390019,117782804.27406514,139388356.51909024,149935587.03975013,138939599.76927269,128689953.51767263,117596470.24770519,120092951.3195676,126098236.48893015,110450764.4228351,170806490.90682757,132943177.74182515,130964499.37143755,148598724.46452022,110741994.29802766,115812236.2838726,158325473.92885762,140422342.41533515,134795281.20334262,134766629.5076452,131435758.84090018
2023-09-20,123111731.68041517,143160512.6880027,131059264.37331009,144066113.79802018,123578740.3879151,148679044.66117513,204876498.52251005,126536601.95936504,142156545.44836518,150064016.0133177,97250362.4414126,118206711.38022256,136665972.68652764,133920931.81420258,143981141.91511258,126851659.18506764,107244867.73184264,140128865.17612755,144739847.85755518,125417040.30847768,115350821.64060767,130816929.63535266,111822585.31033765,126111289.28301263,151677218.6654652,156627275.26150018,120705529.85389017,136406374.2661452,147667529.66673768,163521322.44515756,135756100.8769002,120548173.00706513,141866582.15359023,151695587.03975013,141137611.25427267,130430604.00467263,120863470.24770519,122196013.30856761,128158811.98293015,112903347.4618351,174526531.92732757,135498248.07382515,132806265.61743756,151559394.99352023,113319994.29802766,118655182.7553726,160906292.28935763,142837846.97933513,136471698.94934264,136960171.2436452,134924410.44440016
2023-09-21,120779731.68041517,141464512.6880027,130336264.37331009,142132113.79802018,121536740.3879151,146534044.66117513,202858498.52251005,123897601.95936504,141054545.44836518,148144016.0133177,95472362.4414126,115752711.38022256,136344972.68652764,132449931.81420258,142252141.91511258,124292659.18506764,105666867.73184264,138631865.17612755,143310847.85755518,123266040.30847768,114397821.64060767,129809929.63535266,111530585.31033765,124385289.28301263,150052218.6654652,153690275.26150018,118631529.85389017,134536374.2661452,146668529.66673768,160800322.44515756,134007100.8769002,118598173.00706513,140377582.15359023,149351587.03975013,138444611.25427267,127922604.00467263,119170470.24770519,119644033.4310676,126959811.98293015,111354347.4618351,171939531.92732757,133316248.07382515,130522265.61743756,148744394.99352023,111230994.29802766,117284182.7553726,160381292.28935763,142487846.97933513,134975698.94934264,135152171.2436452,132432410.44440018
2023-09-22,114856731.68041517,136404556.2452577,124406264.37331009,137636647.77464518,118391292.19441509,139184044.66117513,193804458.28601003,118578664.88231005,135603417.1130477,143176845.0503177,92591643.0372226,112280600.75089256,129532772.72456264,127773931.81420258,137210141.91511258,118802968.22446764,101971333.06893015,133933865.17612755,139643847.85755518,118994096.7620152,111319438.26005766,125804190.75535266,107550585.31033765,119324562.04486263,144352796.9252027,148496926.79350016,115276640.52553017,129557567.8734752,141687298.9737677,154751795.55893254,129045100.8769002,113870332.77956513,135549778.14936525,144326587.03975013,133821416.95127268,122838955.85682763,114458107.0852052,115170467.5630576,121635205.98042765,107236851.02000509,163441531.92732757,128453419.06182514,124920368.77993757,141874598.44352022,107901420.30802767,112283028.5504351,154623292.28935763,137156540.85863513,129897802.11184263,130763333.17530769,128013757.69625017
2023-09-25,111025377.39902517,131882677.1397877,119331215.80262008,133049019.33514519,114663290.5114701,133927528.51719764,185230361.01226255,114337053.10581005,131175838.6227877,138793829.4422777,90799921.4337826,109667496.69979258,124669847.53776264,124554522.13210256,133813035.6150101,115408746.28566764,98542145.98243015,128915967.28708756,134965515.30707517,116498673.92451519,108318142.75105767,120106923.72696266,104260808.57060766,114837926.04986262,139493815.20702273,144196564.62470517,110473770.80263017,125547835.79187521,136718834.6868977,151026769.55823755,125979068.3076427,110511795.83578514,131331042.58030775,141405478.6529051,129445007.52332018,120311093.63295513,110252286.5499152,112496920.6726176,118978540.96713766,104129523.3770051,160172352.78082508,124264643.88560516,121668746.28492756,138199757.66624022,105443092.28483267,108830105.5042451,149687345.84922513,131652136.69213514,124313845.01162764,127725411.50304769,123323751.52710518
2023-09-26,110492475.01652518,131574823.9547877,118116413.24012008,131596131.7951452,114187992.9364701,132586305.81469764,184208903.32726255,113503542.54581006,130685246.9202877,137265348.5197777,90289659.1462826,109542275.70729259,124340947.43526264,123963549.20460257,132274920.48001009,115170853.80066764,98225938.33243015,127454528.30958757,134021627.74207518,115891926.23451518,107333175.08105768,119027318.81196266,103681793.54310764,113821987.29236262,138001927.97952273,143212209.94970515,109470511.85513018,124503009.70687522,135576731.4943977,150107156.40573758,125415979.6776427,110091012.60078514,130207439.79030776,140650856.9779051,128597311.80332018,119649093.63295513,109439287.5574152,112326488.82011761,117737970.19963767,103150243.7820051,158826682.81332505,123178026.45810516,120789088.36492756,138037829.63624024,105116968.47233267,107846666.9942451,148869166.30922514,129383273.58213514,123732192.91912764,127271411.50304769,122712710.0721052
2023-09-27,110492475.01652518,132566823.9547877,118109348.81493008,131620571.8576452,114187992.9364701,133246305.81469764,184108579.31336755,113521799.89332506,130678182.4950977,137140883.5134427,90374261.1562826,109542275.70729259,125152947.43526264,124862189.55710258,132196040.5325101,115290853.80066764,98225938.33243015,128567528.30958757,133969155.55207518,115891926.23451518,107971129.56105769,118994564.72446266,104015343.46311764,113870484.97906262,137793462.9731877,143201413.96970516,109568466.33513018,124700089.52687523,135576731.4943977,150796004.65370005,125377258.8390302,110091012.60078514,130404519.61030777,140724862.3534501,128597311.80332018,119722784.51335263,109439287.5574152,112326488.82011761,117693606.85503517,103392080.14950511,159516499.82405505,123091302.13810515,120670958.62585257,137861840.44904023,105219553.64233267,108039226.7307801,148805429.64843762,129103231.83413514,123529579.64801514,127297611.97304769,122712710.0721052
2023-09-28,110492475.01652518,131873823.9547877,118109348.81493008,131620571.8576452,114187992.9364701,133763305.81469764,184108579.31336755,113206799.89332506,130678182.4950977,136838883.5134427,90164261.1562826,109542275.70729259,124879947.43526264,124654189.55710258,132196040.5325101,115332853.80066764,98225938.33243015,128743528.30958757,133969155.55207518,115891926.23451518,108079129.56105769,118994564.72446266,104391343.46311764,113555484.97906262,137793462.9731877,143201413.96970516,109253466.33513018,124280089.52687523,135576731.4943977,151360004.65370005,125062258.8390302,110091012.60078514,129984519.61030777,140724862.3534501,128597311.80332018,119407784.51335263,109439287.5574152,112326488.82011761,117693606.85503517,103490080.14950511,160127499.82405505,123091302.13810515,120670958.62585257,137861840.44904023,104904553.64233267,107724226.7307801,148640429.64843762,129103231.83413514,123529579.64801514,126877611.97304769,122712710.0721052
2023-09-29,110053830.84752518,131296165.8047877,117655905.46743008,131257222.57014519,113907718.3894701,133181471.72569764,184442642.78236756,112827635.98032506,130539027.02309771,136681626.28294268,89794727.16128261,109716876.48229259,124515714.41676264,124355165.26160258,131481180.83751011,115082720.63916764,97884543.01193015,128802030.64358757,133712952.65307517,115506937.95701519,107816338.86105768,119734235.94746266,104408729.90311764,113455610.64006263,137667612.7856877,142959632.62420517,109543481.22863019,124373456.29037523,135069799.9573977,151131132.54370004,124734285.93553022,109862594.76678513,130046837.04530777,140311331.75795007,128685123.9133202,119317636.91085264,108885185.7154152,112061495.04111761,117364024.72503518,102920340.92350511,159452506.44205505,122854480.56560516,120784401.01235257,137538583.21854022,104717058.22983268,107378168.4807801,148176151.30743763,128689701.23863514,123153278.78451514,126531131.32804768,122195281.8351052
2023-10-02,109806830.84752518,131268165.8047877,118044905.46743008,131547222.57014519,114267718.3894701,133186471.72569764,184693642.78236756,112910635.98032506,130659027.02309771,136854061.4229427,89965727.16128261,109743876.48229259,124771714.41676264,124415165.26160258,131457180.83751011,115282720.63916764,98134543.01193015,128755030.64358757,133727952.65307517,115788937.95701519,107579338.86105768,119424235.94746266,104332729.90311764,113311610.64006263,137808612.7856877,143221632.62420517,109442481.22863019,125083456.29037523,135227799.9573977,151379132.54370004,124773285.93553022,110142594.76678513,129988837.04530777,140635331.75795007,128621123.9133202,119110636.91085264,109136185.7154152,112226495.04111761,117384024.72503518,103100340.92350511,159009506.44205505,123094480.56560516,120797401.01235257,137665583.21854022,104529058.22983268,107378168.4807801,148703151.30743763,129013701.23863514,123267278.78451514,126901131.32804768,122461281.8351052
2023-10-03,108896767.96836019,129229100.19726269,117511905.46743008,130467222.57014519,113172718.3894701,131658471.72569764,183992642.78236756,111715635.98032506,129403027.02309771,135216061.4229427,88857727.16128261,109061876.48229259,123068714.41676264,122487062.95550758,130220078.5314151,113733151.64555764,96593543.01193015,126796030.64358757,132400952.65307517,114917937.95701519,106859338.86105768,117991235.94746266,103372729.90311764,112327610.64006263,136497612.7856877,141134632.62420517,108677481.22863019,124118456.29037523,133751799.9573977,149619132.54370004,124075686.77271521,109406594.76678513,128416837.04530777,139512331.75795007,127181123.9133202,118133298.98603263,107830741.7145852,110913495.04111761,116160024.72503518,101491741.76069011,157732627.71302503,121880480.56560516,119329401.01235257,136182583.21854022,103558955.92373767,106186168.4807801,146785151.30743763,127890701.23863514,122264278.78451514,125617131.32804768,121725943.9102852
2023-10-04,108658862.02264018,129064655.10726269,117846905.46743008,130133984.6876452,113366444.2752201,131545573.74819763,184336642.78236756,112238635.98032506,128958345.24309771,135981061.4229427,88196275.72378261,109643876.48229259,122874269.32676263,122356651.26510757,130018426.7353351,113719877.53130764,96320681.64193015,127059396.11858758,132907952.65307517,115116937.95701519,106694967.78855768,118662235.94746266,103610622.28311764,112187704.69434263,136893612.7856877,140849362.12420517,108937481.22863019,124836456.29037523,133974101.1383977,149645971.11370006,124109686.77271521,109900594.76678513,128568837.04530777,139994331.75795007,127659123.9133202,118419298.98603263,108425741.7145852,111322495.04111761,115922118.77931517,101251771.39819011,157599202.83052504,122190480.56560516,119864401.01235257,136496583.21854022,103649955.92373767,105972262.5350601,147678021.63993764,128372701.23863514,122553278.78451514,126365131.32804768,122000943.9102852
2023-10-05,108585603.67564018,128451949.08003768,117518103.09493008,130393006.11164519,113353185.9282201,130776460.09119762,183732417.98749256,111335247.85303006,128272582.3960977,134910116.6679427,88113284.33578262,109087286.1372926,122281782.24476263,122248973.46910757,129944127.3673351,113099423.56880763,95320056.77443016,126383647.68058759,131820204.21507517,114153114.76951519,106013491.61580768,118414666.31596267,103203659.11311764,111886078.12834263,136169138.91268772,139969717.54920515,108656887.08063018,124744540.15037523,133808474.5723977,148083263.40120006,123792991.46621521,109195418.47078513,127223962.23080777,138991979.85845008,127175231.5883202,117890424.17153263,108030506.5825852,110536578.90111761,115192809.90381518,101047550.57369012,157405109.98852503,121407763.34560516,118682356.59435257,134971538.8005402,103199992.75373767,105083349.40478009,147846907.98293763,127025758.28363514,121555739.11851265,125769013.26804768,121903266.1142852
2023-10-06,108687603.67564018,128715949.08003768,118097103.09493008,130805006.11164519,113947185.9282201,130848067.51201263,184893417.98749256,112000247.85303006,128598582.3960977,135897116.6679427,88405284.33578262,109584286.1372926,122660274.84980513,122744973.46910757,130376127.3673351,113417423.56880763,95832409.03693016,127376647.68058759,132958204.21507517,115067114.76951519,106661491.61580768,119090666.31596267,103455659.11311764,112216078.12834263,136958138.91268772,140165010.71670514,109058887.08063018,125993540.15037523,134366474.5723977,148290263.40120006,124134991.46621521,109861418.47078513,128095569.65162277,140125979.85845008,128156231.5883202,118767424.17153263,108638506.5825852,111968578.90111761,115038187.69308518,101362550.57369012,157825109.98852503,122543763.34560516,119439356.59435257,136232538.8005402,103574992.75373767,105496349.40478009,148868907.98293763,127754758.28363514,121921739.11851265,126913013.26804768,122215266.1142852
2023-10-09,109170603.67564018,128936430.18003768,118539646.63093008,131201066.9596452,114406185.9282201,131241879.41001263,185327126.42849255,112098216.64403006,129159585.00809771,136882580.25744268,88513692.58778262,109557534.3947926,123114244.94230513,123618973.46910757,131026433.9623351,113929886.75230764,96122735.44093016,128427109.96858759,133784861.62007517,115830897.84951518,107200171.43280768,119936309.91196267,103550598.28311764,112743851.70084263,137648065.2796877,140277221.65470517,109833673.76063019,125976788.40787524,135312280.2673977,149347943.42120004,124456930.63621521,110488132.10878512,128783508.82162277,141259198.30095008,128267843.9663202,119517426.78353263,109363131.9665852,112432628.3401176,115565569.83158518,101948576.79769012,158457726.37252504,123383306.88160516,120364919.54235257,136577027.4050402,104042237.30973768,105787972.88728009,149569586.80293763,128370760.89563514,122472546.01351264,127029719.30004768,122859266.1142852
2023-10-10,108993603.67564018,129048552.86403768,118639485.94393009,130877720.9586452,114061185.9282201,131123879.41001263,184760404.01149255,111899502.52553007,128773777.13409771,136327069.1574427,88188147.16828263,109605384.91379261,122730587.15830514,123622973.46910757,131054656.1063351,113811619.10080764,96215081.25693016,128566826.2095876,133360103.77607517,115667371.24201518,107332021.95180768,119875473.21996267,103412300.51211764,112619901.13984263,137287844.75968772,140026476.41970515,110309074.40663019,125541980.53387524,134730741.3553977,149346721.10120004,124264550.5187152,110588046.46678512,128525329.52562277,141245302.3759501,128153410.7173202,119554712.66503264,109164532.6125852,112697206.8971176,115391090.85408518,102277977.44369012,158628350.26102504,123721048.73760515,120339733.84035257,136492251.4505402,103944710.70223768,105390677.1192801,149070583.31343764,128735883.57963514,122036948.86551264,127254381.70804769,122535266.1142852
2023-10-11,109143603.67564018,129709552.86403768,119308485.94393009,131460720.9586452,114529185.9282201,131323879.41001263,186440404.01149255,113161502.52553007,129681777.13409771,138201069.1574427,88433147.16828263,110034384.91379261,123287587.15830514,123677973.46910757,131443656.1063351,114761619.10080764,96772081.25693016,129319826.2095876,134110103.77607517,116310371.24201518,107830021.95180768,121014473.21996267,103784300.51211764,113340901.13984263,138028844.75968772,140535476.41970515,110354074.40663019,126079980.53387524,136228741.3553977,150431721.10120004,124828550.5187152,111378046.46678512,129469329.52562277,142599302.3759501,128776410.7173202,120856712.66503264,109945532.6125852,113117206.8971176,116208090.85408518,102704977.44369012,159633350.26102504,124320048.73760515,120833733.84035257,137696251.4505402,104652710.70223768,106711677.1192801,150163583.31343764,129890883.57963514,123462948.86551264,128254381.70804769,123098266.1142852
2023-10-12,109350401.66314018,130011552.86403768,119964485.94393009,131148957.5116452,114136569.36822009,131129257.34851263,186053279.45299256,112882193.65003008,130174483.36909771,138227749.7774427,88598611.05328262,110093858.30629261,123560788.69030514,123423330.69410756,130792169.1258351,114623246.38630763,97202081.25693016,129816427.9815876,134325005.72807518,116412422.58251518,107318786.81980768,120699652.83846268,104500098.49961764,113212870.53084263,138562875.58968773,140949075.79170516,110603171.97413018,126206267.11687525,137018741.3553977,149975659.47720003,124889297.0732152,111605112.71478511,129104035.76062277,142706759.7624501,129429984.8713202,120562945.41503264,110118555.7350852,113375967.3621176,115587874.53408518,102833319.45669013,159105497.56302506,124462232.05760516,121305795.88835257,137654583.66054022,104825931.44323768,106638063.5592801,150562171.47943762,129727452.23213515,123311306.98601264,127967184.20004769,122890012.6687852
2023-10-13,109746401.66314018,130170552.86403768,120782485.94393009,131645199.6676452,114250960.31272009,131275481.39401263,186107742.14699256,113268612.71103007,131701075.7350977,138768069.5814427,89210960.57078262,110565363.6182926,124056419.67730513,123488712.33410756,130635158.03033511,114719453.41980764,97388081.25693016,129780571.3790876,134742449.90557516,116780630.31751518,107734731.09430768,120973104.91746268,104584098.49961764,113563289.59184264,138941443.04218772,140938435.01970518,111495995.67813018,126596898.10387525,137870741.3553977,149903463.97220004,125136156.9982152,111694972.63978511,128766037.77262276,143400513.62745008,130043986.88332021,120717531.37503263,110570415.6600852,113585770.45411761,115913525.63458519,103036056.10669012,159906549.80802506,124413260.88460517,122586381.84835258,138462788.3955402,105852866.41323768,106615470.7127801,151650766.54993764,129590072.71463515,124065296.49051264,128617453.27254769,123210643.6557852
2023-10-16,109446196.95514019,128348611.32103768,119368628.64893009,130352669.0721452,113469292.54072009,129310754.59201261,181681968.23149258,111064723.00703007,129713039.14409772,137056660.5714427,87471229.05228262,109224569.4607926,121679633.93780513,122269082.38910756,128756979.05683511,112664068.01280764,96203687.03493015,128244721.2005876,132395602.43157516,114829675.56551518,106255425.63380767,119742437.14546268,103521324.85261764,111945057.67184263,136633952.18418774,138265222.72370517,109315865.72863019,123850557.73287526,136724782.7913977,146827152.12370005,123969978.9022152,109829906.41878513,126336983.27412277,140118731.3954501,127548368.3383202,118998260.84303264,108627672.1325852,111076569.16111761,114494282.41608518,102259007.90369013,158462480.10652503,122453550.08860517,120115200.06885257,135635897.1960402,102962844.42523769,105317528.7727801,147779340.93393764,128363953.07563515,123720028.94051264,126667960.6055477,122541742.7367852
2023-10-17,107471196.95514019,124999912.31303768,116515140.96693009,127166360.2981452,109540416.4247201,125694485.24201262,175066342.67149258,107530721.81603007,124399430.9433727,131046660.57144271,84936406.30030762,105669219.2597926,116482857.28180513,119949940.51410756,124068550.21083513,108232927.33780764,94297032.85093015,123724721.2005876,128159602.43157516,109656749.41951518,103382862.80530769,114276437.14546268,101117324.85261764,109851057.67184263,133235952.18418774,134119028.41870517,106843865.72863019,120327557.73287526,134080782.7913977,139682953.53072506,121566978.9022152,106454905.22778511,122181093.00389777,134563731.3954501,125314368.3383202,115342374.12103264,105807791.6135852,106305569.16111761,109653926.0120852,98843007.90369013,153368906.97652504,118226932.87640515,115743200.06885257,129457897.19604021,99055481.01523767,100579611.33128011,141922340.93393764,123557953.07563515,120318028.94051264,123072047.8227277,119645274.4667852
2023-10-18,107178680.51682019,123649123.12094268,113106174.30025509,125368121.0571702,107875848.83767259,123578079.81186011,172048335.43779257,106777213.48596007,121948527.3416477,128564893.6802527,82574938.37849262,104755795.5042851,112338481.50782512,117807592.20697755,122877871.40851513,106771271.59106264,93255848.82821515,122723491.24370511,127218593.04883766,108224221.02264267,101937713.61357518,112820588.71043268,100411772.52702263,108445056.16887014,130050809.88361774,130494095.68016016,104661087.42787269,117899297.68414025,133430346.7632927,137614648.07320005,120567029.97987519,105355856.17577511,119949896.49108028,131587588.3399351,122916397.80061018,114343268.32108264,104310094.5540752,104680947.2061126,108386594.4479677,97185024.53459013,151128432.62300503,117058501.46456516,113946350.64501508,127791892.32497022,96522453.08605517,99503647.56628011,139510780.72459763,120820624.62354514,120148965.99501264,121445740.3283127,117183795.2326402
2023-10-19,106249070.6818202,122508838.37062268,112220170.8134001,123503625.6989352,106702082.70267259,121903738.35936762,170326608.52539256,105545384.81096008,120705700.6866477,127312832.4602527,82401525.56849262,103482385.53923759,112275844.52032512,116498398.12666754,121307177.16894011,105590387.24106264,91977744.73746014,120889531.7362051,126050407.62883766,106857835.93189268,100802508.06357518,111617305.93043268,99677884.60202265,107952056.16887014,128862809.88361774,130001095.68016016,103867945.69996269,116931388.15980025,131375346.7632927,137139840.03929,119384190.7906127,103187273.75077513,119113252.92406029,130215338.6514101,121800791.6435902,112802686.75948264,102657428.6686652,103935363.3561126,107125362.73930769,96134723.47668013,149536486.61300504,116235917.61456516,113331918.56841508,126362509.33497022,96147255.44191767,98113775.1337801,138048708.20709762,119306396.42068015,118840837.51514514,120075837.79978769,116490574.78514022
2023-10-20,106281578.6218202,122904182.29062268,113514678.7534001,123604266.56893519,107921082.70267259,122498880.27936763,171104270.22539255,106830052.78096008,122118178.36664769,128049119.8502527,82858525.56849262,103720756.17753759,112275844.52032512,117150496.42979255,122356640.00690761,106549458.20106265,92208444.33996014,123348024.28620511,127445478.46101266,107509568.59911768,102197082.41145518,112994030.43043268,100046392.54202265,109136627.91887014,129425239.19361775,130699845.88016017,104624613.66996269,117381802.52230024,132788105.6932927,138347840.03929,119486732.4356127,104330253.10077512,120681721.25156027,131094338.6514101,121872996.8035902,114744155.08698264,104591596.6910302,103637899.4633376,108004362.73930769,96637391.44668013,150746583.71300504,117441080.52426517,115419918.56841508,127767102.48714522,96387255.44191767,99382775.1337801,138957850.1270976,120282874.10068014,120184138.69092514,120944744.47978768,117768574.78514022
2023-10-23,106163156.07499519,122744182.29062268,113698678.7534001,123314266.56893519,107418082.70267259,122143880.27936763,169995270.22539255,106186052.78096008,121999178.36664769,127743119.8502527,82485525.56849262,103609756.17753759,112275844.52032512,116461496.42979255,122105640.00690761,105832458.20106265,92052444.33996014,122604024.28620511,127405478.46101266,107405568.59911768,101980082.41145518,112840030.43043268,99894392.54202265,108857627.91887014,129305239.19361775,129791845.88016017,104758613.66996269,116699802.52230024,132348105.6932927,138039840.03929,119321732.4356127,103239253.10077512,120368721.25156027,130593338.6514101,121471996.8035902,113985155.08698264,104301596.6910302,103483899.4633376,107412203.10134518,96504391.44668013,150230583.71300504,117347080.52426517,115245918.56841508,127092102.48714522,96357255.44191767,98731352.5869551,138408850.1270976,120069874.10068014,119400138.69092514,121512744.47978768,116896574.78514022
2023-10-24,106163156.07499519,122864182.29062268,114415678.7534001,123604266.56893519,108177082.70267259,122378880.27936763,170762270.22539255,105482621.03346008,122882178.36664769,126488993.3177527,82895525.56849262,104066756.17753759,112275844.52032512,117195496.42979255,121173860.86690761,106505458.20106265,92028444.33996014,124046024.28620511,128143478.46101266,108222568.59911768,102673082.41145518,113538030.43043268,100092392.54202265,109394627.91887014,129530239.19361775,130757845.88016017,105104613.66996269,117233802.52230024,132910105.6932927,137054366.11429003,119651732.4356127,103571211.15435512,120539418.81853527,130941338.6514101,121872996.8035902,115122155.08698264,104182164.9435302,103791899.4633376,106328771.35384518,96861391.44668013,150698583.71300504,117972013.16426517,116662918.56841508,127585386.15662022,96417255.44191767,99544352.5869551,137433376.20209762,120612874.10068014,120037138.69092514,120412965.33978768,117767574.78514022
2023-10-25,106163156.07499519,122684182.29062268,113868678.7534001,123534266.56893519,107628082.70267259,122268880.27936763,170607270.22539255,104877621.03346008,122224178.36664769,126488993.3177527,82959525.56849262,104204756.17753759,112275844.52032512,117025496.42979255,120927860.86690761,106220458.20106265,91962444.33996014,122916024.28620511,127701478.46101266,107750568.59911768,102028346.72867519,113364030.43043268,100194392.54202265,108944627.91887014,129635239.19361775,130795845.88016017,105060613.66996269,116730802.52230024,132232105.6932927,136902366.11429003,119591732.4356127,103682211.15435512,120240418.81853527,130716338.6514101,121816996.8035902,114456155.08698264,103926164.9435302,103735899.4633376,105959771.35384518,96595391.44668013,149686480.18883502,117356013.16426517,115686918.56841508,127367386.15662022,96267255.44191767,99013352.5869551,137357376.20209762,120060874.10068014,119137138.69092514,120517965.33978768,117689574.78514022
2023-10-26,106163156.07499519,122142352.73072268,112412678.7534001,123021456.89164768,105861214.98647007,121626596.79576762,168176270.22539255,104162188.53076008,120868178.36664769,126488993.3177527,81991007.07202512,102729756.17753759,112275844.52032512,115412191.66293256,119826860.86690761,104608708.74411763,91227999.62084264,119559979.4137226,125889985.52598266,106528653.64330018,100491346.72867519,111318030.43043268,99049392.54202265,107390463.05157763,128750239.19361775,128654729.41243516,104158613.66996269,115201996.14696774,130579105.6932927,136246366.11429003,118991025.3949752,101906779.91881011,118528418.81853527,129078338.6514101,120954427.9306152,111545681.45190263,101866164.9435302,103175239.5587426,105923446.31884518,95951391.44668013,148582480.18883502,115753013.16426517,112840700.61600508,126013386.15662022,96072255.44191767,96973278.5440326,136750729.5239801,118959874.10068014,116797839.77925514,120367965.33978768,115505717.8519552
2023-10-27,106163156.07499519,122142352.73072268,113733678.7534001,123021456.89164768,105791079.73407008,121626596.79576762,168479083.56039256,104108188.53076008,121544178.36664769,126488993.3177527,81706178.65834512,103214628.9975376,112275844.52032512,115412191.66293256,119663061.94569261,104608708.74411763,91227999.62084264,120835968.29872261,127114985.52598266,106916653.64330018,100983614.26022269,111971529.11923517,99143265.36202265,107683396.26157764,127910029.17453024,128802094.88743517,105238613.66996269,115160445.84696774,130654215.22829272,136345598.11429003,118991025.3949752,101761704.56197011,118708843.88584776,128821817.4714101,120954427.9306152,112518246.03177263,102400351.0087302,103175239.5587426,105923446.31884518,96175391.44668013,148966480.18883505,117230013.16426517,114317700.61600508,125680924.44570023,96027255.44191767,96843095.4040326,136750729.5239801,119184874.10068014,116373868.59224764,120457965.33978768,115078475.23143521
2023-10-30,106163156.07499519,122142352.73072268,113045678.7534001,123021456.89164768,105791079.73407008,121626596.79576762,168479083.56039256,103904188.53076008,120278178.36664769,126488993.3177527,81706178.65834512,102806628.9975376,112275844.52032512,115412191.66293256,119425061.94569261,104608708.74411763,91227999.62084264,120170968.29872261,125616985.52598266,106424653.64330018,100338614.26022269,110493529.11923517,98853265.36202265,107157396.26157764,127910029.17453024,128802094.88743517,104322613.66996269,115160445.84696774,130416215.22829272,136345598.11429003,118991025.3949752,101617704.56197011,118102843.88584776,128641817.4714101,120954427.9306152,111040246.03177263,102034351.0087302,103175239.5587426,105923446.31884518,95573391.44668013,147934480.18883502,116481013.16426517,113568700.61600508,125188924.44570023,95857255.44191767,96155095.4040326,136750729.5239801,118172874.10068014,116373868.59224764,119827965.33978768,115078475.23143521
2023-10-31,106163156.07499519,122142352.73072268,112805678.7534001,123021456.89164768,105791079.73407008,121626596.79576762,168479083.56039256,103922188.53076008,119585446.8825377,126488993.3177527,81706178.65834512,102323628.9975376,112275844.52032512,115412191.66293256,119446061.94569261,104608708.74411763,91227999.62084264,120254968.29872261,125013821.33972266,105652653.64330018,99487230.14026518,110764976.46173517,98682449.13527265,106881396.26157764,127910029.17453024,128802094.88743517,104220613.66996269,115160445.84696774,130437215.22829272,136345598.11429003,118991025.3949752,101365704.56197011,117787843.88584776,128326817.4714101,120954427.9306152,111311693.37427263,102088351.0087302,103175239.5587426,105923446.31884518,95656183.82418013,148076409.97883505,116250013.16426517,113337700.61600508,124433695.36535023,95872255.44191767,96249715.2640326,136750729.5239801,118300321.44318014,116373868.59224764,119377965.33978768,115078475.23143521
2023-11-01,106163156.07499519,122142352.73072268,113259678.7534001,123021456.89164768,105791079.73407008,121626596.79576762,168479083.56039256,103814188.53076008,119585446.8825377,126488993.3177527,81706178.65834512,102501773.1975376,112275844.52032512,115412191.66293256,119320061.94569261,104608708.74411763,91227999.62084264,120429968.29872261,125295821.33972266,105683230.39330018,99655230.14026518,111138976.46173517,98592449.13527265,106707570.79907763,127910029.17453024,128802094.88743517,104728613.66996269,115160445.84696774,130238162.31073272,136345598.11429003,118991025.3949752,101376770.96197012,117885843.88584776,128340650.4714101,120954427.9306152,111685693.37427263,102346351.0087302,103175239.5587426,105923446.31884518,95656183.82418013,148076409.97883505,116747013.16426517,113834700.61600508,124433695.36535023,95782255.44191767,96249715.2640326,136750729.5239801,118190145.58709264,116373868.59224764,119440470.71478768,115078475.23143521
2023-11-02,106163156.07499519,122142352.73072268,114530678.7534001,123021456.89164768,105791079.73407008,121626596.79576762,168479083.56039256,104126188.53076008,119585446.8825377,126488993.3177527,81706178.65834512,102747773.1975376,112275844.52032512,115412191.66293256,119684061.94569261,104608708.74411763,91227999.62084264,121941968.29872261,125935821.33972266,105683230.39330018,99901230.14026518,111391976.46173517,98852449.13527265,107019570.79907763,127910029.17453024,128802094.88743517,105204613.66996269,115160445.84696774,130238162.31073272,136345598.11429003,118991025.3949752,101376770.96197012,118257007.07584776,128340650.4714101,120954427.9306152,111938693.37427263,103330351.0087302,103175239.5587426,105923446.31884518,95656183.82418013,148076409.97883505,118182013.16426517,115269700.61600508,124433695.36535023,96042255.44191767,96249715.2640326,136750729.5239801,118190145.58709264,116373868.59224764,119440470.71478768,115078475.23143521
2023-11-03,106163156.07499519,122142352.73072268,114561678.7534001,123021456.89164768,105791079.73407008,121626596.79576762,168479083.56039256,104030188.53076008,119585446.8825377,126488993.3177527,81706178.65834512,102861773.1975376,112275844.52032512,115412191.66293256,119572061.94569261,104608708.74411763,91227999.62084264,121710968.29872261,125679821.33972266,105683230.39330018,100015230.14026518,111259976.46173517,98772449.13527265,106923570.79907763,127910029.17453024,128802094.88743517,105198613.66996269,115160445.84696774,130238162.31073272,136345598.11429003,118991025.3949752,101376770.96197012,118409007.07584776,128340650.4714101,120954427.9306152,111806693.37427263,103228351.0087302,103175239.5587426,105923446.31884518,95656183.82418013,148076409.97883505,118196013.16426517,115283700.61600508,124433695.36535023,95962255.44191767,96249715.2640326,136750729.5239801,118190145.58709264,116373868.59224764,119440470.71478768,115078475.23143521
2023-11-06,106163156.07499519,122142352.73072268,114843678.7534001,123021456.89164768,105791079.73407008,121626596.79576762,168479083.56039256,104234188.53076008,119585446.8825377,126488993.3177527,81706178.65834512,102969773.1975376,112275844.52032512,115412191.66293256,119810061.94569261,104608708.74411763,91227999.62084264,122130968.29872261,126061821.33972266,105683230.39330018,100123230.14026518,111391976.46173517,98942449.13527265,107127570.79907763,127910029.17453024,128802094.88743517,105426613.66996269,115160445.84696774,130238162.31073272,136345598.11429003,118991025.3949752,101376770.96197012,118553007.07584776,128340650.4714101,120954427.9306152,111938693.37427263,103384351.0087302,103175239.5587426,105923446.31884518,95656183.82418013,148076409.97883505,118504013.16426517,115591700.61600508,124433695.36535023,96132255.44191767,96249715.2640326,136750729.5239801,118190145.58709264,116373868.59224764,119440470.71478768,115078475.23143521
2023-11-07,106163156.07499519,122142352.73072268,114444678.7534001,123021456.89164768,105791079.73407008,121626596.79576762,168479083.56039256,104234188.53076008,119585446.8825377,126488993.3177527,81706178.65834512,102807773.1975376,112275844.52032512,115412191.66293256,119810061.94569261,104608708.74411763,91227999.62084264,121885968.29872261,126145821.33972266,105683230.39330018,99961230.14026518,111468976.46173517,98942449.13527265,107127570.79907763,127910029.17453024,128802094.88743517,105334613.66996269,115160445.84696774,130238162.31073272,136345598.11429003,118991025.3949752,101376770.96197012,118337007.07584776,128340650.4714101,120954427.9306152,112015693.37427263,103174351.0087302,103175239.5587426,105923446.31884518,95656183.82418013,148076409.97883505,118070013.16426517,115157700.61600508,124433695.36535023,96132255.44191767,96249715.2640326,136750729.5239801,118190145.58709264,116373868.59224764,119440470.71478768,115078475.23143521
2023-11-08,106163156.07499519,122142352.73072268,115851678.7534001,123021456.89164768,105791079.73407008,121626596.79576762,168479083.56039256,104486188.53076008,119585446.8825377,126488993.3177527,81706178.65834512,103077773.1975376,112275844.52032512,115412191.66293256,120104061.94569261,104608708.74411763,91227999.62084264,123453968.29872261,126667821.33972266,105683230.39330018,100231230.14026518,111677976.46173517,99152449.13527265,107379570.79907763,127910029.17453024,128802094.88743517,105794613.66996269,115160445.84696774,130238162.31073272,136345598.11429003,118991025.3949752,101376770.96197012,118697007.07584776,128340650.4714101,120954427.9306152,112224693.37427263,104266351.0087302,103175239.5587426,105923446.31884518,95656183.82418013,148076409.97883505,119659013.16426517,116746700.61600508,124433695.36535023,96342255.44191767,96249715.2640326,136750729.5239801,118190145.58709264,116373868.59224764,119440470.71478768,115078475.23143521
2023-11-09,106163156.07499519,122142352.73072268,115925678.7534001,123021456.89164768,105791079.73407008,121626596.79576762,168479083.56039256,104576188.53076008,119585446.8825377,126488993.3177527,81706178.65834512,103053773.1975376,112275844.52032512,115412191.66293256,120209061.94569261,104608708.74411763,91227999.62084264,123677968.29872261,126724821.33972266,105683230.39330018,100207230.14026518,111633976.46173517,99227449.13527265,107469570.79907763,127910029.17453024,128802094.88743517,105730613.66996269,115160445.84696774,130238162.31073272,136345598.11429003,118991025.3949752,101376770.96197012,118665007.07584776,128340650.4714101,120954427.9306152,112180693.37427263,104368351.0087302,103175239.5587426,105923446.31884518,95656183.82418013,148076409.97883505,119750013.16426517,116837700.61600508,124433695.36535023,96417255.44191767,96249715.2640326,136750729.5239801,118190145.58709264,116373868.59224764,119440470.71478768,115078475.23143521
2023-11-10,106163156.07499519,122142352.73072268,115354678.7534001,123021456.89164768,105791079.73407008,121626596.79576762,168479083.56039256,104540188.53076008,119585446.8825377,126488993.3177527,81706178.65834512,102831773.1975376,112275844.52032512,115412191.66293256,120167061.94569261,104608708.74411763,91227999.62084264,123271968.29872261,126322821.33972266,105683230.39330018,99985230.14026518,111303976.46173517,99197449.13527265,107433570.79907763,127910029.17453024,128802094.88743517,105208613.66996269,115160445.84696774,130238162.31073272,136345598.11429003,118991025.3949752,101376770.96197012,118369007.07584776,128340650.4714101,120954427.9306152,111850693.37427263,104056351.0087302,103175239.5587426,105923446.31884518,95656183.82418013,148076409.97883505,119127013.16426517,116214700.61600508,124433695.36535023,96387255.44191767,96249715.2640326,136750729.5239801,118190145.58709264,116373868.59224764,119440470.71478768,115078475.23143521
2023-11-13,106163156.07499519,122142352.73072268,115185678.7534001,123021456.89164768,105791079.73407008,121626596.79576762,168479083.56039256,104540188.53076008,119585446.8825377,126488993.3177527,81706178.65834512,102861773.1975376,112275844.52032512,115412191.66293256,120167061.94569261,104608708.74411763,91227999.62084264,123033968.29872261,126322821.33972266,105683230.39330018,100015230.14026518,111303976.46173517,99197449.13527265,107433570.79907763,127910029.17453024,128802094.88743517,105238613.66996269,115160445.84696774,130238162.31073272,136345598.11429003,118991025.3949752,101376770.96197012,118409007.07584776,128340650.4714101,120954427.9306152,111850693.37427263,103852351.0087302,103175239.5587426,105923446.31884518,95656183.82418013,148076409.97883505,118924013.16426517,116011700.61600508,124433695.36535023,96387255.44191767,96249715.2640326,136750729.5239801,118190145.58709264,116373868.59224764,119440470.71478768,115078475.23143521
2023-11-14,106163156.07499519,122142352.73072268,115745678.7534001,123021456.89164768,105791079.73407008,121626596.79576762,168479083.56039256,104684188.53076008,119585446.8825377,126488993.3177527,81706178.65834512,103521773.1975376,112275844.52032512,115412191.66293256,120335061.94569261,104608708.74411763,91227999.62084264,122956968.29872261,126850821.33972266,105683230.39330018,100675230.14026518,111633976.46173517,99317449.13527265,107577570.79907763,127910029.17453024,128802094.88743517,106198613.66996269,115160445.84696774,130238162.31073272,136345598.11429003,118991025.3949752,101376770.96197012,119289007.07584776,128340650.4714101,120954427.9306152,112180693.37427263,103642351.0087302,103175239.5587426,105923446.31884518,95656183.82418013,148076409.97883505,119449013.16426517,116536700.61600508,124433695.36535023,96507255.44191767,96249715.2640326,136750729.5239801,118190145.58709264,116373868.59224764,119440470.71478768,115078475.23143521
2023-11-15,106163156.07499519,122142352.73072268,115817678.7534001,123021456.89164768,105791079.73407008,121626596.79576762,168479083.56039256,104828188.53076008,119585446.8825377,126488993.3177527,81706178.65834512,103629773.1975376,112275844.52032512,115412191.66293256,120503061.94569261,104608708.74411763,91227999.62084264,123061968.29872261,127018821.33972266,105683230.39330018,100783230.14026518,111633976.46173517,99437449.13527265,107721570.79907763,127910029.17453024,128802094.88743517,106306613.66996269,115160445.84696774,130238162.31073272,136345598.11429003,118991025.3949752,101376770.96197012,119433007.07584776,128340650.4714101,120954427.9306152,112180693.37427263,103588351.0087302,103175239.5587426,105923446.31884518,95656183.82418013,148076409.97883505,119512013.16426517,116599700.61600508,124433695.36535023,96627255.44191767,96249715.2640326,136750729.5239801,118190145.58709264,116373868.59224764,119440470.71478768,115078475.23143521
2023-11-16,106163156.07499519,122142352.73072268,116222678.7534001,123021456.89164768,105791079.73407008,121626596.79576762,168479083.56039256,104846188.53076008,119585446.8825377,126488993.3177527,81706178.65834512,103575773.1975376,112275844.52032512,115412191.66293256,120524061.94569261,104608708.74411763,91227999.62084264,123628968.29872261,127003821.33972266,105683230.39330018,100729230.14026518,111600976.46173517,99452449.13527265,107739570.79907763,127910029.17453024,128802094.88743517,106222613.66996269,115160445.84696774,130238162.31073272,136345598.11429003,118991025.3949752,101376770.96197012,119361007.07584776,128340650.4714101,120954427.9306152,112147693.37427263,104056351.0087302,103175239.5587426,105923446.31884518,95656183.82418013,148076409.97883505,119995013.16426517,117082700.61600508,124433695.36535023,96642255.44191767,96249715.2640326,136750729.5239801,118190145.58709264,116373868.59224764,119440470.71478768,115078475.23143521
2023-11-17,106163156.07499519,122142352.73072268,115540678.7534001,123021456.89164768,105791079.73407008,121626596.79576762,168479083.56039256,104648188.53076008,119585446.8825377,126488993.3177527,81706178.65834512,103299773.1975376,112275844.52032512,115412191.66293256,120293061.94569261,104608708.74411763,91227999.62084264,122977968.29872261,126496821.33972266,105683230.39330018,100453230.14026518,111347976.46173517,99287449.13527265,107541570.79907763,127910029.17453024,128802094.88743517,105716613.66996269,115160445.84696774,130238162.31073272,136345598.11429003,118991025.3949752,101376770.96197012,118993007.07584776,128340650.4714101,120954427.9306152,111894693.37427263,103696351.0087302,103175239.5587426,105923446.31884518,95656183.82418013,148076409.97883505,119253013.16426517,116340700.61600508,124433695.36535023,96477255.44191767,96249715.2640326,136750729.5239801,118190145.58709264,116373868.59224764,119440470.71478768,115078475.23143521
2023-11-20,106163156.07499519,122142352.73072268,115462678.7534001,123021456.89164768,105791079.73407008,121626596.79576762,168479083.56039256,104594188.53076008,119585446.8825377,126488993.3177527,81706178.65834512,103191773.1975376,112275844.52032512,115412191.66293256,120230061.94569261,104608708.74411763,91227999.62084264,122970968.29872261,126433821.33972266,105683230.39330018,100345230.14026518,111347976.46173517,99242449.13527265,107487570.79907763,127910029.17453024,128802094.88743517,105608613.66996269,115160445.84696774,130238162.31073272,136345598.11429003,118991025.3949752,101376770.96197012,118849007.07584776,128340650.4714101,120954427.9306152,111894693.37427263,103744351.0087302,103175239.5587426,105923446.31884518,95656183.82418013,148076409.97883505,119183013.16426517,116270700.61600508,124433695.36535023,96432255.44191767,96249715.2640326,136750729.5239801,118190145.58709264,116373868.59224764,119440470.71478768,115078475.23143521
2023-11-21,106163156.07499519,122142352.73072268,115668678.7534001,123021456.89164768,105791079.73407008,121626596.79576762,168479083.56039256,104540188.53076008,119585446.8825377,126488993.3177527,81706178.65834512,103275773.1975376,112275844.52032512,115412191.66293256,120167061.94569261,104608708.74411763,91227999.62084264,123033968.29872261,126598821.33972266,105683230.39330018,100429230.14026518,111556976.46173517,99197449.13527265,107433570.79907763,127910029.17453024,128802094.88743517,105882613.66996269,115160445.84696774,130238162.31073272,136345598.11429003,118991025.3949752,101376770.96197012,118961007.07584776,128340650.4714101,120954427.9306152,112103693.37427263,103852351.0087302,103175239.5587426,105923446.31884518,95656183.82418013,148076409.97883505,119407013.16426517,116494700.61600508,124433695.36535023,96387255.44191767,96249715.2640326,136750729.5239801,118190145.58709264,116373868.59224764,119440470.71478768,115078475.23143521
2023-11-22,106163156.07499519,122142352.73072268,116174678.7534001,123021456.89164768,105791079.73407008,121626596.79576762,168479083.56039256,104612188.53076008,119585446.8825377,126488993.3177527,81706178.65834512,103575773.1975376,112275844.52032512,115412191.66293256,120251061.94569261,104608708.74411763,91227999.62084264,123299968.29872261,126538821.33972266,105683230.39330018,100729230.14026518,111424976.46173517,99257449.13527265,107505570.79907763,127910029.17453024,128802094.88743517,106062613.66996269,115160445.84696774,130238162.31073272,136345598.11429003,118991025.3949752,101376770.96197012,119361007.07584776,128340650.4714101,120954427.9306152,111971693.37427263,104008351.0087302,103175239.5587426,105923446.31884518,95656183.82418013,148076409.97883505,119939013.16426517,117026700.61600508,124433695.36535023,96447255.44191767,96249715.2640326,136750729.5239801,118190145.58709264,116373868.59224764,119440470.71478768,115078475.23143521
2023-11-23,106163156.07499519,122142352.73072268,115000678.7534001,123021456.89164768,105791079.73407008,121626596.79576762,168479083.56039256,104468188.53076008,119585446.8825377,126488993.3177527,81706178.65834512,103191773.1975376,112275844.52032512,115412191.66293256,120083061.94569261,104608708.74411763,91227999.62084264,122284968.29872261,125974821.33972266,105683230.39330018,100345230.14026518,111061976.46173517,99137449.13527265,107361570.79907763,127910029.17453024,128802094.88743517,105348613.66996269,115160445.84696774,130238162.31073272,136345598.11429003,118991025.3949752,101376770.96197012,118849007.07584776,128340650.4714101,120954427.9306152,111608693.37427263,103282351.0087302,103175239.5587426,105923446.31884518,95656183.82418013,148076409.97883505,118644013.16426517,115731700.61600508,124433695.36535023,96327255.44191767,96249715.2640326,136750729.5239801,118190145.58709264,116373868.59224764,119440470.71478768,115078475.23143521
2023-11-24,106163156.07499519,122142352.73072268,115393678.7534001,123021456.89164768,105791079.73407008,121626596.79576762,168479083.56039256,104612188.53076008,119585446.8825377,126488993.3177527,81706178.65834512,103353773.1975376,112275844.52032512,115412191.66293256,120251061.94569261,104608708.74411763,91227999.62084264,122690968.29872261,126274821.33972266,105683230.39330018,100507230.14026518,111182976.46173517,99257449.13527265,107505570.79907763,127910029.17453024,128802094.88743517,105620613.66996269,115160445.84696774,130238162.31073272,136345598.11429003,118991025.3949752,101376770.96197012,119065007.07584776,128340650.4714101,120954427.9306152,111729693.37427263,103486351.0087302,103175239.5587426,105923446.31884518,95656183.82418013,148076409.97883505,119071013.16426517,116158700.61600508,124433695.36535023,96447255.44191767,96249715.2640326,136750729.5239801,118190145.58709264,116373868.59224764,119440470.71478768,115078475.23143521
2023-11-27,106163156.07499519,122142352.73072268,114727678.7534001,123021456.89164768,105791079.73407008,121626596.79576762,168479083.56039256,104540188.53076008,119585446.8825377,126488993.3177527,81706178.65834512,103137773.1975376,112275844.52032512,115412191.66293256,120167061.94569261,104608708.74411763,91227999.62084264,122123968.29872261,125866821.33972266,105683230.39330018,100291230.14026518,110885976.46173517,99197449.13527265,107433570.79907763,127910029.17453024,128802094.88743517,105134613.66996269,115160445.84696774,130238162.31073272,136345598.11429003,118991025.3949752,101376770.96197012,118777007.07584776,128340650.4714101,120954427.9306152,111432693.37427263,103072351.0087302,103175239.5587426,105923446.31884518,95656183.82418013,148076409.97883505,118336013.16426517,115423700.61600508,124433695.36535023,96387255.44191767,96249715.2640326,136750729.5239801,118190145.58709264,116373868.59224764,119440470.71478768,115078475.23143521
2023-11-28,106163156.07499519,122142352.73072268,114629678.7534001,123021456.89164768,105791079.73407008,121626596.79576762,168479083.56039256,104504188.53076008,119585446.8825377,126488993.3177527,81706178.65834512,103053773.1975376,112275844.52032512,115412191.66293256,120125061.94569261,104608708.74411763,91227999.62084264,122081968.29872261,125778024.78972267,105683230.39330018,100207230.14026518,110843079.62423517,99167449.13527265,107397570.79907763,127910029.17453024,128802094.88743517,105011616.54496269,115160445.84696774,130238162.31073272,136345598.11429003,118991025.3949752,101376770.96197012,118665007.07584776,128340650.4714101,120954427.9306152,111389796.53677262,103072351.0087302,103175239.5587426,105923446.31884518,95656183.82418013,148076409.97883505,118238013.16426517,115325700.61600508,124433695.36535023,96357255.44191767,96249715.2640326,136750729.5239801,118190145.58709264,116373868.59224764,119440470.71478768,115078475.23143521
2023-11-29,106163156.07499519,122142352.73072268,114750678.7534001,123021456.89164768,105791079.73407008,121626596.79576762,168479083.56039256,104540188.53076008,119585446.8825377,126488993.3177527,81706178.65834512,103023773.1975376,112275844.52032512,115412191.66293256,120167061.94569261,104608708.74411763,91227999.62084264,122305968.29872261,125820024.78972267,105683230.39330018,100177230.14026518,110843079.62423517,99197449.13527265,107433570.79907763,127910029.17453024,128802094.88743517,104981616.54496269,115160445.84696774,130238162.31073272,136345598.11429003,118991025.3949752,101376770.96197012,118625007.07584776,128340650.4714101,120954427.9306152,111389796.53677262,103228351.0087302,103175239.5587426,105923446.31884518,95656183.82418013,148076409.97883505,118385013.16426517,115472700.61600508,124433695.36535023,96387255.44191767,96249715.2640326,136750729.5239801,118190145.58709264,116373868.59224764,119440470.71478768,115078475.23143521
2023-11-30,106163156.07499519,122142352.73072268,114657678.7534001,123021456.89164768,105791079.73407008,121626596.79576762,168479083.56039256,104534188.53076008,119585446.8825377,126488993.3177527,81706178.65834512,103077773.1975376,112275844.52032512,115412191.66293256,120160061.94569261,104608708.74411763,91227999.62084264,122116968.29872261,125813024.78972267,105683230.39330018,100231230.14026518,110843079.62423517,99192449.13527265,107427570.79907763,127910029.17453024,128802094.88743517,105035616.54496269,115160445.84696774,130238162.31073272,136345598.11429003,118991025.3949752,101376770.96197012,118697007.07584776,128340650.4714101,120954427.9306152,111389796.53677262,103072351.0087302,103175239.5587426,105923446.31884518,95656183.82418013,148076409.97883505,118266013.16426517,115353700.61600508,124433695.36535023,96382255.44191767,96249715.2640326,136750729.5239801,118190145.58709264,116373868.59224764,119440470.71478768,115078475.23143521
2023-12-01,106163156.07499519,122142352.73072268,114727678.7534001,123021456.89164768,105791079.73407008,121626596.79576762,168479083.56039256,104534188.53076008,119585446.8825377,126488993.3177527,81706178.65834512,103137773.1975376,112275844.52032512,115412191.66293256,120160061.94569261,104608708.74411763,91227999.62084264,122116968.29872261,125813024.78972267,105683230.39330018,100291230.14026518,110843079.62423517,99192449.13527265,107427570.79907763,127910029.17453024,128802094.88743517,105095616.54496269,115160445.84696774,130238162.31073272,136345598.11429003,118991025.3949752,101376770.96197012,118777007.07584776,128340650.4714101,120954427.9306152,111389796.53677262,103072351.0087302,103175239.5587426,105923446.31884518,95656183.82418013,148076409.97883505,118336013.16426517,115423700.61600508,124433695.36535023,96382255.44191767,96249715.2640326,136750729.5239801,118190145.58709264,116373868.59224764,119440470.71478768,115078475.23143521
2023-12-04,106163156.07499519,122142352.73072268,115651678.7534001,123021456.89164768,105791079.73407008,121626596.79576762,168479083.56039256,104636188.53076008,119585446.8825377,126488993.3177527,81706178.65834512,103353773.1975376,112275844.52032512,115412191.66293256,120279061.94569261,104608708.74411763,91227999.62084264,123019968.29872261,125932024.78972267,105683230.39330018,100507230.14026518,110843079.62423517,99277449.13527265,107529570.79907763,127910029.17453024,128802094.88743517,105311616.54496269,115160445.84696774,130238162.31073272,136345598.11429003,118991025.3949752,101376770.96197012,119065007.07584776,128340650.4714101,120954427.9306152,111389796.53677262,103744351.0087302,103175239.5587426,105923446.31884518,95656183.82418013,148076409.97883505,119372013.16426517,116459700.61600508,124433695.36535023,96467255.44191767,96249715.2640326,136750729.5239801,118190145.58709264,116373868.59224764,119440470.71478768,115078475.23143521
2023-12-05,106163156.07499519,122142352.73072268,115512678.7534001,123021456.89164768,105791079.73407008,121626596.79576762,168479083.56039256,104618188.53076008,119585446.8825377,126488993.3177527,81706178.65834512,103275773.1975376,112275844.52032512,115412191.66293256,120258061.94569261,104608708.74411763,91227999.62084264,122942968.29872261,125911024.78972267,105683230.39330018,100429230.14026518,110843079.62423517,99262449.13527265,107511570.79907763,127910029.17453024,128802094.88743517,105233616.54496269,115160445.84696774,130238162.31073272,136345598.11429003,118991025.3949752,101376770.96197012,118961007.07584776,128340650.4714101,120954427.9306152,111389796.53677262,103696351.0087302,103175239.5587426,105923446.31884518,95656183.82418013,148076409.97883505,119225013.16426517,116312700.61600508,124433695.36535023,96452255.44191767,96249715.2640326,136750729.5239801,118190145.58709264,116373868.59224764,119440470.71478768,115078475.23143521
2023-12-06,106163156.07499519,122142352.73072268,116150678.7534001,123021456.89164768,105791079.73407008,121626596.79576762,168479083.56039256,104678188.53076008,119585446.8825377,126488993.3177527,81706178.65834512,103467773.1975376,112275844.52032512,115412191.66293256,120328061.94569261,104608708.74411763,91227999.62084264,123495968.29872261,125981024.78972267,105683230.39330018,100621230.14026518,110843079.62423517,99312449.13527265,107571570.79907763,127910029.17453024,128802094.88743517,105425616.54496269,115160445.84696774,130238162.31073272,136345598.11429003,118991025.3949752,101376770.96197012,119217007.07584776,128340650.4714101,120954427.9306152,111389796.53677262,104110351.0087302,103175239.5587426,105923446.31884518,95656183.82418013,148076409.97883505,119932013.16426517,117019700.61600508,124433695.36535023,96502255.44191767,96249715.2640326,136750729.5239801,118190145.58709264,116373868.59224764,119440470.71478768,115078475.23143521
2023-12-07,106163156.07499519,122142352.73072268,116146678.7534001,123021456.89164768,105791079.73407008,121626596.79576762,168479083.56039256,104780188.53076008,119585446.8825377,126488993.3177527,81706178.65834512,103551773.1975376,112275844.52032512,115412191.66293256,120447061.94569261,104608708.74411763,91227999.62084264,123495968.29872261,126100024.78972267,105683230.39330018,100705230.14026518,110843079.62423517,99397449.13527265,107673570.79907763,127910029.17453024,128802094.88743517,105509616.54496269,115160445.84696774,130238162.31073272,136345598.11429003,118991025.3949752,101376770.96197012,119329007.07584776,128340650.4714101,120954427.9306152,111389796.53677262,104008351.0087302,103175239.5587426,105923446.31884518,95656183.82418013,148076409.97883505,119911013.16426517,116998700.61600508,124433695.36535023,96587255.44191767,96249715.2640326,136750729.5239801,118190145.58709264,116373868.59224764,119440470.71478768,115078475.23143521
2023-12-08,106163156.07499519,122142352.73072268,116174678.7534001,123021456.89164768,105791079.73407008,121626596.79576762,168479083.56039256,104780188.53076008,119585446.8825377,126488993.3177527,81706178.65834512,103575773.1975376,112275844.52032512,115412191.66293256,120447061.94569261,104608708.74411763,91227999.62084264,123495968.29872261,126100024.78972267,105683230.39330018,100729230.14026518,110843079.62423517,99397449.13527265,107673570.79907763,127910029.17453024,128802094.88743517,105533616.54496269,115160445.84696774,130238162.31073272,136345598.11429003,118991025.3949752,101376770.96197012,119361007.07584776,128340650.4714101,120954427.9306152,111389796.53677262,104008351.0087302,103175239.5587426,105923446.31884518,95656183.82418013,148076409.97883505,119939013.16426517,117026700.61600508,124433695.36535023,96587255.44191767,96249715.2640326,136750729.5239801,118190145.58709264,116373868.59224764,119440470.71478768,115078475.23143521
2023-12-11,106163156.07499519,122142352.73072268,116369678.7534001,123021456.89164768,105791079.73407008,121626596.79576762,168479083.56039256,104762188.53076008,119585446.8825377,126488993.3177527,81706178.65834512,103521773.1975376,112275844.52032512,115412191.66293256,120426061.94569261,104608708.74411763,91227999.62084264,123775968.29872261,126079024.78972267,105683230.39330018,100675230.14026518,110843079.62423517,99382449.13527265,107655570.79907763,127910029.17453024,128802094.88743517,105479616.54496269,115160445.84696774,130238162.31073272,136345598.11429003,118991025.3949752,101376770.96197012,119289007.07584776,128340650.4714101,120954427.9306152,111389796.53677262,104266351.0087302,103175239.5587426,105923446.31884518,95656183.82418013,148076409.97883505,120177013.16426517,117264700.61600508,124433695.36535023,96572255.44191767,96249715.2640326,136750729.5239801,118190145.58709264,116373868.59224764,119440470.71478768,115078475.23143521
2023-12-12,106163156.07499519,122142352.73072268,116315678.7534001,123021456.89164768,105791079.73407008,121626596.79576762,168479083.56039256,104822188.53076008,119585446.8825377,126488993.3177527,81706178.65834512,103521773.1975376,112275844.52032512,115412191.66293256,120496061.94569261,104608708.74411763,91227999.62084264,123782968.29872261,126149024.78972267,105683230.39330018,100675230.14026518,110843079.62423517,99432449.13527265,107715570.79907763,127910029.17453024,128802094.88743517,105479616.54496269,115160445.84696774,130238162.31073272,136345598.11429003,118991025.3949752,101376770.96197012,119289007.07584776,128340650.4714101,120954427.9306152,111389796.53677262,104212351.0087302,103175239.5587426,105923446.31884518,95656183.82418013,148076409.97883505,120114013.16426517,117201700.61600508,124433695.36535023,96622255.44191767,96249715.2640326,136750729.5239801,118190145.58709264,116373868.59224764,119440470.71478768,115078475.23143521
2023-12-13,106163156.07499519,122142352.73072268,115901678.7534001,123021456.89164768,105791079.73407008,121626596.79576762,168479083.56039256,104720188.53076008,119585446.8825377,126488993.3177527,81706178.65834512,103521773.1975376,112275844.52032512,115412191.66293256,120377061.94569261,104608708.74411763,91227999.62084264,123180968.29872261,126030024.78972267,105683230.39330018,100675230.14026518,110843079.62423517,99347449.13527265,107613570.79907763,127910029.17453024,128802094.88743517,105479616.54496269,115160445.84696774,130238162.31073272,136345598.11429003,118991025.3949752,101376770.96197012,119289007.07584776,128340650.4714101,120954427.9306152,111389796.53677262,103798351.0087302,103175239.5587426,105923446.31884518,95656183.82418013,148076409.97883505,119631013.16426517,116718700.61600508,124433695.36535023,96537255.44191767,96249715.2640326,136750729.5239801,118190145.58709264,116373868.59224764,119440470.71478768,115078475.23143521
2023-12-14,106163156.07499519,122142352.73072268,115369678.7534001,123021456.89164768,105791079.73407008,121626596.79576762,168479083.56039256,104720188.53076008,119585446.8825377,126488993.3177527,81706178.65834512,103245773.1975376,112275844.52032512,115412191.66293256,120377061.94569261,104608708.74411763,91227999.62084264,122935968.29872261,126030024.78972267,105683230.39330018,100399230.14026518,110843079.62423517,99347449.13527265,107613570.79907763,127910029.17453024,128802094.88743517,105203616.54496269,115160445.84696774,130238162.31073272,136345598.11429003,118991025.3949752,101376770.96197012,118921007.07584776,128340650.4714101,120954427.9306152,111389796.53677262,103588351.0087302,103175239.5587426,105923446.31884518,95656183.82418013,148076409.97883505,119064013.16426517,116151700.61600508,124433695.36535023,96537255.44191767,96249715.2640326,136750729.5239801,118190145.58709264,116373868.59224764,119440470.71478768,115078475.23143521
2023-12-15,106163156.07499519,122142352.73072268,115316678.7534001,123021456.89164768,105791079.73407008,121626596.79576762,168479083.56039256,104696188.53076008,119585446.8825377,126488993.3177527,81706178.65834512,103107773.1975376,112275844.52032512,115412191.66293256,120349061.94569261,104608708.74411763,91227999.62084264,123033968.29872261,126002024.78972267,105683230.39330018,100261230.14026518,110843079.62423517,99327449.13527265,107589570.79907763,127910029.17453024,128802094.88743517,105065616.54496269,115160445.84696774,130238162.31073272,136345598.11429003,118991025.3949752,101376770.96197012,118737007.07584776,128340650.4714101,120954427.9306152,111389796.53677262,103696351.0087302,103175239.5587426,105923446.31884518,95656183.82418013,148076409.97883505,119029013.16426517,116116700.61600508,124433695.36535023,96517255.44191767,96249715.2640326,136750729.5239801,118190145.58709264,116373868.59224764,119440470.71478768,115078475.23143521
2023-12-18,106163156.07499519,122142352.73072268,114828678.7534001,123021456.89164768,105791079.73407008,121626596.79576762,168479083.56039256,104438188.53076008,119585446.8825377,126488993.3177527,81706178.65834512,102915773.1975376,112275844.52032512,115412191.66293256,120048061.94569261,104608708.74411763,91227999.62084264,122424968.29872261,125701024.78972267,105683230.39330018,100069230.14026518,110843079.62423517,99112449.13527265,107331570.79907763,127910029.17453024,128802094.88743517,104873616.54496269,115160445.84696774,130238162.31073272,136345598.11429003,118991025.3949752,101376770.96197012,118481007.07584776,128340650.4714101,120954427.9306152,111389796.53677262,103432351.0087302,103175239.5587426,105923446.31884518,95656183.82418013,148076409.97883505,118497013.16426517,115584700.61600508,124433695.36535023,96302255.44191767,96249715.2640326,136750729.5239801,118190145.58709264,116373868.59224764,119440470.71478768,115078475.23143521
2023-12-19,106163156.07499519,122142352.73072268,115243678.7534001,123021456.89164768,105791079.73407008,121626596.79576762,168479083.56039256,104618188.53076008,119585446.8825377,126488993.3177527,81706178.65834512,103137773.1975376,112275844.52032512,115412191.66293256,120258061.94569261,104608708.74411763,91227999.62084264,122816968.29872261,125911024.78972267,105683230.39330018,100291230.14026518,110843079.62423517,99262449.13527265,107511570.79907763,127910029.17453024,128802094.88743517,105095616.54496269,115160445.84696774,130238162.31073272,136345598.11429003,118991025.3949752,101376770.96197012,118777007.07584776,128340650.4714101,120954427.9306152,111389796.53677262,103588351.0087302,103175239.5587426,105923446.31884518,95656183.82418013,148076409.97883505,118938013.16426517,116025700.61600508,124433695.36535023,96452255.44191767,96249715.2640326,136750729.5239801,118190145.58709264,116373868.59224764,119440470.71478768,115078475.23143521
2023-12-20,106163156.07499519,122142352.73072268,115286678.7534001,123021456.89164768,105791079.73407008,121626596.79576762,168479083.56039256,104636188.53076008,119585446.8825377,126488993.3177527,81706178.65834512,103215773.1975376,112275844.52032512,115412191.66293256,120279061.94569261,104608708.74411763,91227999.62084264,122781968.29872261,125932024.78972267,105683230.39330018,100369230.14026518,110843079.62423517,99277449.13527265,107529570.79907763,127910029.17453024,128802094.88743517,105173616.54496269,115160445.84696774,130238162.31073272,136345598.11429003,118991025.3949752,101376770.96197012,118881007.07584776,128340650.4714101,120954427.9306152,111389796.53677262,103540351.0087302,103175239.5587426,105923446.31884518,95656183.82418013,148076409.97883505,118973013.16426517,116060700.61600508,124433695.36535023,96467255.44191767,96249715.2640326,136750729.5239801,118190145.58709264,116373868.59224764,119440470.71478768,115078475.23143521
2023-12-21,106163156.07499519,122142352.73072268,115243678.7534001,123021456.89164768,105791079.73407008,121626596.79576762,168479083.56039256,104636188.53076008,119585446.8825377,126488993.3177527,81706178.65834512,103137773.1975376,112275844.52032512,115412191.66293256,120279061.94569261,104608708.74411763,91227999.62084264,122837968.29872261,125932024.78972267,105683230.39330018,100291230.14026518,110843079.62423517,99277449.13527265,107529570.79907763,127910029.17453024,128802094.88743517,105095616.54496269,115160445.84696774,130238162.31073272,136345598.11429003,118991025.3949752,101376770.96197012,118777007.07584776,128340650.4714101,120954427.9306152,111389796.53677262,103588351.0087302,103175239.5587426,105923446.31884518,95656183.82418013,148076409.97883505,118938013.16426517,116025700.61600508,124433695.36535023,96467255.44191767,96249715.2640326,136750729.5239801,118190145.58709264,116373868.59224764,119440470.71478768,115078475.23143521
2023-12-22,106163156.07499519,122142352.73072268,115297678.7534001,123021456.89164768,105791079.73407008,121626596.79576762,168479083.56039256,104600188.53076008,119585446.8825377,126488993.3177527,81706178.65834512,103137773.1975376,112275844.52032512,115412191.66293256,120237061.94569261,104608708.74411763,91227999.62084264,122858968.29872261,125890024.78972267,105683230.39330018,100291230.14026518,110843079.62423517,99247449.13527265,107493570.79907763,127910029.17453024,128802094.88743517,105095616.54496269,115160445.84696774,130238162.31073272,136345598.11429003,118991025.3949752,101376770.96197012,118777007.07584776,128340650.4714101,120954427.9306152,111389796.53677262,103642351.0087302,103175239.5587426,105923446.31884518,95656183.82418013,148076409.97883505,119001013.16426517,116088700.61600508,124433695.36535023,96437255.44191767,96249715.2640326,136750729.5239801,118190145.58709264,116373868.59224764,119440470.71478768,115078475.23143521
2023-12-25,106163156.07499519,122142352.73072268,115418678.7534001,123021456.89164768,105791079.73407008,121626596.79576762,168479083.56039256,104780188.53076008,119585446.8825377,126488993.3177527,81706178.65834512,103107773.1975376,112275844.52032512,115412191.66293256,120447061.94569261,104608708.74411763,91227999.62084264,123250968.29872261,126100024.78972267,105683230.39330018,100261230.14026518,110843079.62423517,99397449.13527265,107673570.79907763,127910029.17453024,128802094.88743517,105065616.54496269,115160445.84696774,130238162.31073272,136345598.11429003,118991025.3949752,101376770.96197012,118737007.07584776,128340650.4714101,120954427.9306152,111389796.53677262,103798351.0087302,103175239.5587426,105923446.31884518,95656183.82418013,148076409.97883505,119148013.16426517,116235700.61600508,124433695.36535023,96587255.44191767,96249715.2640326,136750729.5239801,118190145.58709264,116373868.59224764,119440470.71478768,115078475.23143521
2023-12-26,106163156.07499519,122142352.73072268,115418678.7534001,123021456.89164768,105791079.73407008,121626596.79576762,168479083.56039256,104738188.53076008,119585446.8825377,126488993.3177527,81706178.65834512,103107773.1975376,112275844.52032512,115412191.66293256,120398061.94569261,104608708.74411763,91227999.62084264,123201968.29872261,126051024.78972267,105683230.39330018,100261230.14026518,110843079.62423517,99362449.13527265,107631570.79907763,127910029.17453024,128802094.88743517,105065616.54496269,115160445.84696774,130238162.31073272,136345598.11429003,118991025.3949752,101376770.96197012,118737007.07584776,128340650.4714101,120954427.9306152,111389796.53677262,103798351.0087302,103175239.5587426,105923446.31884518,95656183.82418013,148076409.97883505,119148013.16426517,116235700.61600508,124433695.36535023,96552255.44191767,96249715.2640326,136750729.5239801,118190145.58709264,116373868.59224764,119440470.71478768,115078475.23143521
2023-12-27,106163156.07499519,122142352.73072268,115316678.7534001,123021456.89164768,105791079.73407008,121626596.79576762,168479083.56039256,104762188.53076008,119585446.8825377,126488993.3177527,81706178.65834512,103107773.1975376,112275844.52032512,115412191.66293256,120426061.94569261,104608708.74411763,91227999.62084264,123110968.29872261,126079024.78972267,105683230.39330018,100261230.14026518,110843079.62423517,99382449.13527265,107655570.79907763,127910029.17453024,128802094.88743517,105065616.54496269,115160445.84696774,130238162.31073272,136345598.11429003,118991025.3949752,101376770.96197012,118737007.07584776,128340650.4714101,120954427.9306152,111389796.53677262,103696351.0087302,103175239.5587426,105923446.31884518,95656183.82418013,148076409.97883505,119029013.16426517,116116700.61600508,124433695.36535023,96572255.44191767,96249715.2640326,136750729.5239801,118190145.58709264,116373868.59224764,119440470.71478768,115078475.23143521
2023-12-28,106163156.07499519,122142352.73072268,115271678.7534001,123021456.89164768,105791079.73407008,121626596.79576762,168479083.56039256,104858188.53076008,119585446.8825377,126488993.3177527,81706178.65834512,103161773.1975376,112275844.52032512,115412191.66293256,120538061.94569261,104608708.74411763,91227999.62084264,123096968.29872261,126191024.78972267,105683230.39330018,100315230.14026518,110843079.62423517,99462449.13527265,107751570.79907763,127910029.17453024,128802094.88743517,105119616.54496269,115160445.84696774,130238162.31073272,136345598.11429003,118991025.3949752,101376770.96197012,118809007.07584776,128340650.4714101,120954427.9306152,111389796.53677262,103588351.0087302,103175239.5587426,105923446.31884518,95656183.82418013,148076409.97883505,118966013.16426517,116053700.61600508,124433695.36535023,96652255.44191767,96249715.2640326,136750729.5239801,118190145.58709264,116373868.59224764,119440470.71478768,115078475.23143521
2023-12-29,106163156.07499519,122142352.73072268,115325678.7534001,123021456.89164768,105791079.73407008,121626596.79576762,168479083.56039256,104858188.53076008,119585446.8825377,126488993.3177527,81706178.65834512,103161773.1975376,112275844.52032512,115412191.66293256,120538061.94569261,104608708.74411763,91227999.62084264,123159968.29872261,126191024.78972267,105683230.39330018,100315230.14026518,110843079.62423517,99462449.13527265,107751570.79907763,127910029.17453024,128802094.88743517,105119616.54496269,115160445.84696774,130238162.31073272,136345598.11429003,118991025.3949752,101376770.96197012,118809007.07584776,128340650.4714101,120954427.9306152,111389796.53677262,103642351.0087302,103175239.5587426,105923446.31884518,95656183.82418013,148076409.97883505,119029013.16426517,116116700.61600508,124433695.36535023,96652255.44191767,96249715.2640326,136750729.5239801,118190145.58709264,116373868.59224764,119440470.71478768,115078475.23143521
