,R_breakout10,R_momentum5p,R_etf,C1_etf70_breakout30,C2_etf50_breakout50,C3_etf70_momentum30,C4_etf50_momentum50,V1_breakout_vs,V2_momentum_vs,V3_bestcombo_vs,L1_breakout_nolimitup
2018-01-03,-0.00016639360000003656,0.0057572285000000445,0.009531019499999793,0.0066217955699998665,0.004682312949999989,0.008398882199999846,0.00764412400000003,-0.00016639360000003656,0.0057572285000000445,0.008398882199999846,0.0026928239200001425
2018-01-04,0.0007013156544364296,0.0057244974103609625,0.005943353779234828,0.004381347301846139,0.003334984041036382,0.005877868866800862,0.005834130507964774,0.0007013156544362076,0.0057244974103609625,0.005877868866800862,0.004183941756558118
2018-01-05,0.0003812371923059832,0.001401872739587029,-0.0023632956097999758,-0.0015484845539858183,-0.001001236613958456,-0.0012368759110116256,-0.0004844415390911072,0.0003812371923059832,0.001401872739587029,-0.0012368759110115146,0.0026967123482548594
2018-01-08,0.013875640578717263,0.010326451126071445,0.01599003454458936,0.015361089129896977,0.014939249238998142,0.014291192349745518,0.013158520025601472,0.013875640578717263,0.010326451126071445,0.014291192349745518,0.013845392356040653
2018-01-09,0.012613265640871285,0.008403421303203373,0.010492251564755195,0.011122243177771551,0.011545222229291996,0.009868137517958786,0.009450857821008851,0.012613265640871285,0.008403421303203151,0.009868137517958786,0.012847045171848981
2018-01-10,0.00876796386022094,0.012600339309642994,-0.004037952835998504,-0.00022868212366355944,0.0023262161532728864,0.0009261319755569097,0.0042485195674411,0.00876796386022094,0.012600339309643216,0.0009261319755569097,0.00869077334855195
2018-01-11,0.008440938411989007,0.002628259404384936,0.015058917733276944,0.013072607045495399,0.011748836679265295,0.011306936845858262,0.008816512749463712,0.008440938411989007,0.002628259404384936,0.011306936845858262,0.008319454238287838
2018-01-12,0.002420208220872855,0.0018420553463176503,0.005705965766804377,0.004724292005691133,0.004067918268577664,0.00454971910419788,0.0037774969565302907,0.002420208220872855,0.0018420553463178724,0.00454971910419788,0.0022002165294787712
2018-01-15,0.013894527171630866,0.008515844600540445,0.008510388663828916,0.010115299107855913,0.011190136462631228,0.008512016911961684,0.008513106458839959,0.013894527171630866,0.008515844600540445,0.008512016911961462,0.013900958337742741
2018-01-16,0.0008847436864931613,0.0006423508368733621,-0.0011251430835671483,-0.0005237921341664231,-0.00012212388733590096,-0.00059765719978222,-0.0002446894684632328,0.0008847436864931613,0.0006423508368733621,-0.00059765719978222,0.000877314416517283
2018-01-17,-0.01634063093838478,-0.01578755810456267,-0.01858577253227145,-0.017913087515691983,-0.01746422289435945,-0.017749645198084085,-0.017190642447520443,-0.01634063093838478,-0.015787558104562782,-0.017749645198084085,-0.016567210603744775
2018-01-18,0.008709279435991979,0.006272972724246095,0.0,0.002613635695464245,0.0043556537481386215,0.0018781552367999055,0.003132035527082966,0.008709279435991979,0.006272972724246095,0.0018781552367999055,0.012023081546664649
2018-01-19,0.0075328462710642086,-0.0022971898314311234,0.017216131960013925,0.014292531764691363,0.01235236950642693,0.011348130764511577,0.007442810240331221,0.0075328462710642086,-0.0022971898314311234,0.011348130764511577,0.005406139869296389
2018-01-22,0.041139934216848806,0.03528238663638694,0.01692475317594644,0.024187132733780592,0.029029754481557868,0.022370735165349043,0.0260303512533111,0.041139934216848806,0.03528238663638694,0.022370735165349043,0.036527302401833106
2018-01-23,0.013940951243105237,0.011378444574722035,0.0,0.004250239668081024,0.007050999772976851,0.0034181634084147205,0.005694732099726263,0.013940951243105237,0.011378444574721813,0.0034181634084147205,0.01375563413857317
2018-01-24,-0.00511476530850985,-0.006587079120346062,0.0,-0.001574408560926388,-0.0026046249840534497,-0.0019945022817399183,-0.0033153607971476706,-0.005114765308509739,-0.006587079120346062,-0.0019945022817399183,-0.005126060681487576
2018-01-25,0.022006247318243632,0.012778584178638086,0.03605999208236277,0.031749358829288976,0.028921324017791017,0.02904305199878854,0.02438062799429863,0.022006247318243632,0.012778584178638086,0.02904305199878854,0.025994134965128035
2018-01-26,0.0011396745178278156,0.006502608273800448,-0.01874111437751247,-0.012700766245940631,-0.008710440213154036,-0.01125299269937774,-0.006220763222637871,0.0011396745178278156,0.006502608273800448,-0.01125299269937774,-0.0026499813108542547
2018-01-29,-0.0016114298513484338,0.004601172460916292,-0.007639620757420307,-0.0057824098487671005,-0.0045679288958668796,-0.00394339254952869,-0.001490717544411324,-0.0016114298513484338,0.004601172460916292,-0.00394339254952869,-0.007531264411342109
2018-01-30,-0.003198295134194673,-0.010711277547769016,-0.0005498881337596684,-0.0013692525766837438,-0.0019034039915224454,-0.003644541215119479,-0.005685388502902899,-0.003198295134194673,-0.010711277547769016,-0.003644541215119479,0.002944362763686703
2018-01-31,-0.022243368379082806,-0.031532058662354756,0.0,-0.0068690516045146754,-0.011353123788857111,-0.009534983702059296,-0.015855547111148227,-0.022243368379082806,-0.031532058662354756,-0.009534983702059296,-0.02180095019589623
2018-02-01,-0.01494537199349577,-0.031295457055408926,-0.01100381354168345,-0.012202176704425582,-0.01299344373073863,-0.017003533248241998,-0.02104471097077354,-0.014945371993495882,-0.031295457055408815,-0.017003533248241998,-0.014693735184866386
2018-02-02,0.004483633807388809,0.014812428977997838,0.0055631223316889855,0.005235833820959046,0.005019292911199402,0.008258144210868235,0.010092024758168394,0.004483633807388809,0.014812428977997838,0.008258144210868235,0.004810913226328317
2018-02-05,-0.041709348354702414,-0.03573932718094808,-0.05477021766273216,-0.05081327536322533,-0.048193863117300895,-0.049189034618235095,-0.04540823717698683,-0.041709348354702414,-0.03573932718094819,-0.049189034618234984,-0.03814593151764023
2018-02-06,-0.025436905545271005,-0.04116250776773012,-0.027508678855268864,-0.02687499088380718,-0.026458401214535687,-0.0315695750273991,-0.03429352259873775,-0.025436905545271116,-0.04116250776773012,-0.0315695750273991,-0.018643446684975418
2018-02-07,0.0,0.02250875546648623,0.03009235284407752,0.02087448022776406,0.014821141792102255,0.027859195729962094,0.026350725556499643,0.0,0.02250875546648623,0.027859195729962316,0.0
2018-02-08,0.0,-0.026568423393322993,-0.016943689176389,-0.011859634819554099,-0.008470716548375168,-0.019763150662927886,-0.021674605250098677,0.0,-0.026568423393322993,-0.019763150662927886,0.0
2018-02-09,0.0,-0.010245103427103053,-0.017830061337703818,-0.01241583501360688,-0.008837671633814437,-0.015623555902066322,-0.014120421245107373,0.0,-0.010245103427103053,-0.015623555902066433,0.0
2018-02-12,0.0,0.03369361680386285,0.039333111353053285,0.027239172939945044,0.0193190237279246,0.03768358805447769,0.036564113807389775,0.0,0.03369361680386285,0.03768358805447747,0.0
2018-02-13,0.0,0.009426539670132073,0.01921339544888867,0.013462413558404274,0.009622227693663277,0.016361797144449852,0.014421346526022782,0.0,0.009426539670132073,0.016361797144449852,0.0
2018-02-21,0.003210289339237171,0.009138009826133331,0.019422448372239387,0.014634261547707972,0.011406603246621128,0.01644631675821584,0.014411557075298953,0.003210289339237171,0.009138009826133331,0.01644631675821584,0.003157068178971212
2018-02-22,0.00024091277137161526,-0.008539049969701784,-0.012328026142517268,-0.008657643840673579,-0.006163875113363471,-0.011239448180370148,-0.010491518904428565,0.00024091277137161526,-0.008539049969701784,-0.011239448180370148,0.00023693141504788073
2018-02-23,0.010854214272310925,0.015432565498311845,0.02553116599148586,0.021206729689887682,0.01828680044193698,0.022621900619419044,0.02062674147828525,0.010854214272310925,0.015432565498311845,0.022621900619419044,0.010674878581887981
2018-02-26,-0.00043238654919575126,-0.0007002332862177107,0.0055323452184579125,0.00379270509796803,0.0026097153312372168,0.0037494496658860843,0.0025208736685895516,-0.0004323865491958623,-0.0007002332862177107,0.0037494496658860843,0.002655801047809936
2018-02-27,0.004186274547306024,0.008625813210463962,0.0,0.0012158061754079519,0.002044988535413461,0.002456567259310871,0.004154448872550898,0.004186274547306246,0.008625813210463962,0.002456567259311093,0.00258244385434514
2018-02-28,0.01375917175282404,0.005785296021489028,0.0,0.004007887417015521,0.006735696697402593,0.0016577487498146137,0.002798778421946979,0.013759171752824262,0.005785296021489028,0.0016577487498146137,0.015260928676186447
2018-03-01,-0.012751855804017165,-0.003833094070960996,0.008252860156262587,0.0020750052165434685,-0.002101574043568366,0.004775417352390399,0.0023885711907751794,-0.012751855804017165,-0.003833094070960996,0.004775417352390399,-0.01477729524503335
2018-03-02,0.012075842760833178,0.006113578307620049,0.00491118477262753,0.006987256975588441,0.008405362665893756,0.005254180564250754,0.005490983226573265,0.012075842760833178,0.006113578307620049,0.005254180564250754,0.007482967067016011
2018-03-05,-0.03059599057685425,-0.015323484557100198,-0.018462691009644483,-0.021996271547028656,-0.0244015960403271,-0.017566432773322704,-0.016948017156077633,-0.03059599057685425,-0.015323484557100087,-0.017566432773322815,-0.031908879649061306
2018-03-06,0.016917601094354362,0.018633842216731145,0.0,0.004883589546277101,0.008228107763737613,0.005332195725759936,0.009005726647753232,0.016917601094354584,0.018633842216731145,0.005332195725759936,0.023062189244360543
2018-03-07,-0.008739801272042436,-0.01648075499354562,-0.011064690436915492,-0.01038552959370076,-0.009924203257181796,-0.012635038816095179,-0.013707249170599067,-0.008739801272042436,-0.01648075499354562,-0.012635038816095179,-0.011752599312978229
2018-03-08,0.009509705681951752,2.951894606240124e-05,0.02237697517708037,0.018611858717258345,0.016057314270952805,0.01592273050645554,0.01150406167399387,0.009509705681951752,2.9518946062179197e-05,0.01592273050645554,0.00670712056377476
2018-03-09,0.009970944350368827,0.0011413655558389912,0.0038302610006555327,0.0056110419088089,0.006826775436569399,0.00306582102996944,0.002536848833957661,0.009970944350369049,0.0011413655558392133,0.00306582102996944,0.012588348672125882
2018-03-12,0.0022644231935777803,0.0028993015179090698,-0.009266569052113649,-0.005908115747559672,-0.0036221340744970743,-0.005814506653265772,-0.0034226891784918667,0.0022644231935775583,0.0028993015179090698,-0.005814506653265772,0.00666892746664316
2018-03-13,0.022470180475532953,0.004596072606154911,0.005501906770841947,0.01048462216540158,0.013856969187943546,0.005242623767155452,0.005064028778303031,0.022470180475532953,0.004596072606154911,0.005242623767155452,0.023854658036457144
2018-03-14,-0.01157845400126467,0.002906958462500331,0.010943602859015966,0.004251580033379776,-0.00024031705577720608,0.00864469965427661,0.0070605176552334115,-0.01157845400126467,0.002906958462500331,0.00864469965427661,-0.005926667410569797
2018-03-15,0.004714276603410061,0.010193497017181752,-0.004871311587145044,-0.002068022991107643,-0.00016531779630979404,-0.0005864974738274409,0.0023775675938684238,0.004714276603410061,0.010193497017181752,-0.0005864974738274409,0.005943769792122744
2018-03-16,0.011162491308327471,0.005507485695558811,0.004895157424226415,0.006740485159674847,0.007987088401814058,0.005071197697712693,0.0051920947437573695,0.011162491308327471,0.005507485695558811,0.005071197697712693,0.011808237925031051
2018-03-19,0.01562438175695191,0.00658769044307439,0.013531421075402728,0.0141503705017334,0.014567216552932472,0.011534278506619478,0.010163130260087971,0.01562438175695191,0.006587690443074168,0.011534278506619478,0.010971817045812404
2018-03-20,0.0014971757613220227,-0.0006683359845901515,0.005340306494314717,0.004202128937012439,0.00343637905776073,0.0036205633847503638,0.00243592820451366,0.0014971757613220227,-0.0006683359845901515,0.0036205633847503638,0.0030578369576830244
2018-03-21,0.007947539006166515,0.004683557756810952,0.006905520844795232,0.007213292584316022,0.007420749974889729,0.0062722869522184865,0.005834823606287065,0.007947539006166515,0.004683557756810952,0.0062722869522184865,0.009733276002248381
2018-03-22,-0.0015177034731332917,-0.0036384189672562517,0.00685816166645048,0.004382452600390607,0.0027145234107559535,0.0038714799698933433,0.0018059642061671877,-0.0015177034731331807,-0.0036384189672562517,0.0038714799698933433,-0.0018544137392144666
2018-03-23,-0.025408457839630305,-0.020533249261635023,-0.011003107753994379,-0.01523597843569302,-0.01809952330233111,-0.013694514275620184,-0.015565211731896289,-0.025408457839630416,-0.020533249261635023,-0.013694514275620184,-0.022101511054714806
2018-03-26,0.026676230957336067,0.01904907162134628,0.0031787208809428424,0.010011910819957892,0.014667985531126693,0.007629588991578062,0.010737559971298438,0.026676230957336067,0.01904907162134628,0.007629588991578062,0.02573757025989365
2018-03-27,-0.007829280694190976,-0.006373908603099165,0.010034053999350201,0.004753600823303117,0.0011962884980387667,0.005380261197493574,0.0021548938882043345,-0.007829280694190976,-0.006373908603099276,0.005380261197493574,-0.00776691598920809
2018-03-28,-0.009693956803900283,-0.0075688637241922985,-0.0026143084143445128,-0.004680864442647037,-0.0060853418941216875,-0.004003140366840463,-0.004973254877991162,-0.009693956803900283,-0.0075688637241921874,-0.004003140366840463,-0.008003814713718804
2018-03-29,-0.007674370611403081,-0.0034878961660718133,-0.007863482812315192,-0.007808558817188893,-0.007771100889689908,-0.006641335044022867,-0.00578562742343014,-0.00767437061140297,-0.0034878961660717023,-0.006641335044022978,-0.004081789536935387
2018-03-30,0.0031529695097167743,-0.0029183694015454398,0.006869032959957888,0.005727521765350296,0.004978933804703045,0.003995478849044831,0.0020513689111056888,0.0031529695097167743,-0.0029183694015454398,0.003995478849044831,0.002085524637677194
2018-04-02,0.033727927450930784,0.01827131615598887,0.011545212869124022,0.018200027243665984,0.02263657016002729,0.013563043855183476,0.014908264512556446,0.033727927450930784,0.01827131615598865,0.013563043855183476,0.03410942102995218
2018-04-03,0.0051386387889917895,0.0003342316604144635,-0.007263099612867863,-0.003485838860975643,-0.0009949767483898864,-0.00497331273819257,-0.003451846524573532,0.0051386387889915675,0.00033423166041468555,-0.00497331273819257,0.0030102060784718
2018-04-04,0.0020166435017863193,0.0009006006973886205,0.0073162381795575104,0.005688143906849241,0.004621256073842339,0.005372292094793174,0.00408556234265367,0.0020166435017865414,0.0009006006973886205,0.005372292094793174,0.001397688642839734
2018-04-05,0.008774163713341165,0.001917076832816944,0.005187928294905442,0.006285637468603555,0.007006894366408112,0.004201264346933131,0.0035460739860313506,0.008774163713341165,0.001917076832816944,0.004201264346933131,0.008776879029546603
2018-04-06,0.003239339507215444,0.005854459398197509,-0.010322305210540672,-0.00616096198566507,-0.003431663439039112,-0.0054536264700814074,-0.00221530986703411,0.003239339507215444,0.005854459398197287,-0.0054536264700814074,0.004067558499174506
2018-04-09,0.013719720383854384,0.011347383170891456,0.015644949762260607,0.015048612212063439,0.014660196883188092,0.014336815939056446,0.013473802995655815,0.013719720383854384,0.011347383170891456,0.014336815939056446,0.012469401798014257
2018-04-10,-0.01309319205036985,-0.006291209798386266,-0.012836629708313896,-0.012915995552749027,-0.012967739449873283,-0.010850144938947426,-0.009536797111307838,-0.01309319205036985,-0.006291209798386266,-0.010850144938947426,-0.009393529586024019
2018-04-11,-0.031062944955708827,-0.02240263232801354,-0.018204972077042636,-0.02218178595698783,-0.02477488105256187,-0.019484801384706207,-0.02032813081819196,-0.031062944955708827,-0.02240263232801354,-0.01948480138470632,-0.02988074107642491
2018-04-12,0.0016874616462749792,-0.0010500106371732487,0.0010595736269809475,0.0012520078892124253,0.0013783306261121453,0.0004182941561017284,-5.185678595531762e-06,0.0016874616462749792,-0.0010500106371732487,0.0004182941561017284,0.0014751569900037786
2018-04-13,-0.01650990252615958,-0.015910990794734126,-0.006350712714180862,-0.009465641449024731,-0.01150977363522565,-0.00925261715053416,-0.011170979665251934,-0.016509902526159692,-0.015910990794734015,-0.00925261715053416,-0.019858919283245346
2018-04-16,-0.006439832294607428,-0.01086715682797712,-0.005326085031074568,-0.005665144702961089,-0.005888809556373609,-0.0069967055326793925,-0.008106486574491978,-0.006439832294607317,-0.01086715682797712,-0.0069967055326793925,-0.00660806540522374
2018-04-17,0.011145213642546947,0.018852244548026587,0.0026773020539303527,0.0052531920423202205,0.006953371187300439,0.007535002247882394,0.010770982638358184,0.01114521364254717,0.018852244548026587,0.007535002247882394,0.011277760924163216
2018-04-18,-0.012220394753648556,-0.0164615235632658,-0.013350766235787015,-0.013004898334988413,-0.012777582622985117,-0.01429549069383862,-0.014919784103998524,-0.012220394753648667,-0.016461523563265912,-0.01429549069383862,-0.011905559549660438
2018-04-19,-0.011596629930679891,-0.02158544840809773,-0.005412568430161135,-0.0073062542338176995,-0.00855012395133814,-0.01031341380938089,-0.01355715188415385,-0.01159662993067978,-0.02158544840809773,-0.01031341380938089,-0.011253588705497641
2018-04-20,0.006926233162179329,0.009700456618884523,-0.02176809502455912,-0.013019282376808605,-0.0072544286557263415,-0.012340832285323011,-0.006049662192913807,0.006926233162179329,0.009700456618884523,-0.012340832285323011,0.0067895361569549895
2018-04-23,-0.019094265176021308,-0.02988036165187269,-0.022252489326757052,-0.021270096929158933,-0.020632233015349666,-0.024588623191034276,-0.02612295991048097,-0.019094265176021308,-0.02988036165187269,-0.024588623191034276,-0.018878653518845878
2018-04-24,0.005072746563336228,0.006755171995648235,-0.005689733055785018,-0.0023345300600284835,-0.0001596127302102568,-0.0018989984788451153,0.0006005923477125918,0.005072746563336228,0.006755171995648235,-0.0018989984788451153,0.005287112239308112
2018-04-26,0.0003564414536962879,-0.02921691138738336,-0.034333748196755165,-0.023438786978436488,-0.016415492312780278,-0.03276163890890027,-0.03173151504746763,0.0003564414536962879,-0.02921691138738336,-0.03276163890890027,0.0003632914875446591
2018-04-27,0.0090391349555774,-0.005963049403391096,-0.005925744381601983,-0.0011112849010733727,0.0019357547898490868,-0.005937248071203216,-0.0059447656004374405,0.007873775689173801,-0.0073453300968614466,-0.00717685203766838,0.009514780334966888
2018-05-02,0.001421782803201932,-0.03569844737944716,-0.011922136295373531,-0.007585543734843991,-0.004862477860699932,-0.019253808822207508,-0.0240450644202439,0.0009526270611197596,-0.021515222221565655,-0.012393909099936318,0.0016547889981228803
2018-05-03,0.0035633297740997882,0.006868336814225273,0.005429694895504378,0.004817646474407189,0.004436050858123819,0.005865876685813731,0.006154462657974813,0.0023875126094206056,0.00413950195872359,0.0037759356139215328,0.0036991670678743205
2018-05-04,0.01190031768966171,0.005536707160913812,0.0018001241734657558,0.005108207171714119,0.007172747678181102,0.0029341476903075314,0.0036838982468390125,0.007973485571470817,0.0033369374213001457,0.001888746278477349,0.012416312437889987
2018-05-07,-0.002193075170693004,0.026979977398846167,0.040729496447424296,0.026576208271737345,0.017790404978561103,0.036545797300202354,0.03378496958078858,-0.0014694106230341841,0.01626065702799151,0.02352497076843174,-0.002297298241856427
2018-05-08,-0.007399580911837789,0.0014190304231576079,-0.001726567331169826,-0.0035447635801281185,-0.004698866114630662,-0.0007782589105628235,-0.00014826534024747762,-0.00495788878701342,0.0008552404133681524,-0.0005009746530050263,-0.007687101387314987
2018-05-09,-0.005720223500860433,-0.006995452434771177,-0.004035624884148992,-0.004573448705898264,-0.004915852592913161,-0.004929891039379353,-0.005523044698093504,-0.0038326808358505327,-0.004216113717067427,-0.003173430357539808,-0.005997406975337238
2018-05-10,-0.0066233615340317575,-0.016154234392408817,-0.005788538777058871,-0.006054756680798468,-0.006224393416916385,-0.008913872476330686,-0.010989961127104486,-0.004437804015275715,-0.009736052077492618,-0.005737967288458656,-0.006877077500936801
2018-05-11,-0.00030187590801766806,0.012755536477513596,-0.011644482090235608,-0.00802949029169353,-0.005724970735481505,-0.00434144135006298,0.0005353175850533187,-0.0002022637764573787,0.007687678933257613,-0.0027946381909290663,-0.00031164641972902807
2018-05-14,0.0,0.010816050249061737,0.0288651002641358,0.019593863988495164,0.013718735223166911,0.02337017095503624,0.019745484518799206,0.0,0.006518763188624321,0.01504366108240407,0.0
2018-05-15,0.0,0.008283179185926803,0.0005725567702790091,0.0003921902528043475,0.00027618527556017014,0.0028912141173016437,0.004434376226067238,0.0,0.004992218260698511,0.0018611094193974331,0.0
2018-05-16,0.0,-0.009148947206553792,-0.017739103234990283,-0.012153131497220415,-0.0085593795677541,-0.01514207372722598,-0.01342028888001301,0.0,-0.0055140110198659276,-0.009747135597571344,0.0
2018-05-17,0.0,-0.011165949371481076,-0.0198071517545938,-0.013493225946197618,-0.009468753276020592,-0.017178792056796288,-0.015443863993849227,0.0,-0.00672964511561569,-0.011058195766079582,0.0
2018-05-18,0.0,0.007588360932021976,0.002971676889617525,0.0020114387305323334,0.0014057746503881585,0.0043845061128608975,0.005312953692280686,0.0,0.004573455814884886,0.0028223594984613243,0.0
2018-05-21,0.0,-0.019035163323255833,-0.017777233144806504,-0.012044405798884106,-0.008422807333294369,-0.01816342151391459,-0.018416616032479904,0.0,-0.011472369220164702,-0.011692013630447806,0.0
2018-05-22,0.0,-0.03309674239945448,-0.04645405632820476,-0.03129085463481762,-0.021802174336000735,-0.04235696147019885,-0.03966905639845286,0.0,-0.01994719153932012,-0.02726568727563372,0.0
2018-05-23,0.0,0.005332925574177638,0.017082642734328468,0.011326534813321798,0.007815309003036397,0.013443796820592269,0.011073393353388639,0.0,0.0032141195834070047,0.00865393425742611,0.0
2018-05-24,0.0,-0.002662527601849929,-0.01866191924996974,-0.01244409025991966,-0.008616337331321944,-0.013746620031078627,-0.01052568377973373,0.0,-0.0016046880811357855,-0.00884886521258288,0.0
2018-05-25,0.0,-0.015424950322207365,-0.01267787294106737,-0.008400597972689217,-0.00579414923187771,-0.013531309054743645,-0.014085956875919514,0.0,-0.009296517308200136,-0.008710266938674605,0.0
2018-05-28,0.0,-0.029702628474584714,-0.03852199579128046,-0.02541529761569339,-0.01748375115898171,-0.03578733745348517,-0.034007545714109355,0.0,-0.01790158113608098,-0.02303674101176556,0.0
2018-05-29,0.0,0.024995290002154613,0.02003269737979263,0.013039039887202897,0.008897436138896264,0.021581179850266974,0.022584265517787694,0.0,0.015064498833034623,0.013892065918151175,0.0
2018-05-30,0.0,6.37302545620777e-05,-0.006546423276839186,-0.004290403881721638,-0.0029396566390821333,-0.00447695772876755,-0.003139731396563872,0.0,3.840981022418255e-05,-0.002881871719355722,0.0
2018-05-31,0.0,0.020175057104162564,0.05271649067635087,0.03447112610703007,0.02358658958733173,0.04248215409976552,0.03589163374713733,-0.000623931983225412,0.012005464525343346,0.027276500202448428,0.0
2018-06-01,0.0,0.009498885052083184,-0.0034590742840325817,-0.0023017699771454847,-0.001591715282260986,0.0005290225864980069,0.003138916228391908,0.0,0.006137608334116473,0.0003302724975235982,0.0
2018-06-04,0.0,0.02553910221451594,0.0,0.0,0.0,0.007930688006773545,0.013086558922449587,0.0,0.01650183213484624,0.00495118394172267,0.0
2018-06-05,0.0,0.008440111179331522,0.0,0.0,0.0,0.002666704919637386,0.004377979027166745,0.0,0.005453492323688858,0.0016648425160774583,0.0
2018-06-06,0.0,0.012573012287969476,0.0,0.0,0.0,0.003995394362275473,0.006548137323636016,0.0,0.00812392450066235,0.0024943526199052712,0.0
2018-06-07,0.0,-0.0010290786224554926,0.0,0.0,0.0,-0.00032980975468810403,-0.0005391614017071777,0.0,-0.0006649287253200908,-0.0002059025345394483,0.0
2018-06-08,0.0,0.004150026404297513,0.0,0.0,0.0,0.0013291129968302506,0.0021732423613181062,0.0,0.0026814975132514185,0.0008297745316698801,0.0
2018-06-11,0.0,6.325828874209627e-05,0.0,0.0,0.0,2.031656326972886e-05,3.319177991145672e-05,0.0,4.0873702340515905e-05,1.2683772419919137e-05,0.0
2018-06-12,0.0,-0.002698849595056285,0.0,0.0,0.0,-0.0008668224219888776,-0.0014161356054955831,0.0,-0.0017438343212199392,-0.0005411632953422618,0.0
2018-06-13,0.0,0.001997902089846182,0.0,0.0,0.0,0.0006405139530900605,0.00104698904345768,0.0,0.0012909241926974957,0.0003998773367808184,0.0
2018-06-14,0.0,-0.007827976082215193,0.0,0.0,0.0,-0.0025130007223269635,-0.004106102385662447,0.0,-0.005057967432812838,-0.001568883911622354,0.0
2018-06-15,0.0,-0.004327658838806148,0.0,0.0,0.0,-0.0013818976342638845,-0.0022615552758484814,0.0,-0.0027962729110450057,-0.000862728349675046,0.0
2018-06-18,0.0,-0.002787293306919958,0.0,0.0,0.0,-0.0008874063601376214,-0.0014535721667177093,0.0,-0.0018009813295327692,-0.0005540139917675768,0.0
2018-06-19,0.0,-0.00940261982665025,0.0,0.0,0.0,-0.0029878728527783505,-0.004896912507593831,0.0,-0.00607540753405833,-0.0018653499010363728,0.0
2018-06-20,0.0,0.0045945831531917225,0.0,0.0,0.0,0.0014506280991859466,0.002382037998098774,0.0,0.0029687433523197804,0.0009056372592095574,0.0
2018-06-21,0.0,-0.005294579289008006,0.0,0.0,0.0,-0.0016768828191328078,-0.0027510062810104374,0.0,-0.003421038763147255,-0.001046889661924677,0.0
2018-06-22,0.0,-0.0007895653135699954,0.0,0.0,0.0,-0.00024916249818218716,-0.0004092032407030377,0.0,-0.0005101696275221501,-0.00015555388874533005,0.0
2018-06-25,0.0,0.0007145931419190177,0.0,0.0,0.0,0.00022538169644237271,0.0003702069426960719,0.0,0.0004617271184246263,0.00014070736804061568,0.0
2018-06-26,0.0,0.0005409718660622787,0.0,0.0,0.0,0.00017070523559037376,0.00028035601532949705,0.0,0.00034954349015281494,0.0001065724714552907,0.0
2018-06-27,0.0,0.002032954445234658,0.0,0.0,0.0,0.0006417421370774612,0.0010538431663680292,0.0,0.0013135729169830856,0.00040064410062679023,0.0
2018-06-28,0.0,0.002050413223506631,0.0,0.0,0.0,0.0006481532338473706,0.001063933045313492,0.0,0.0013248537296717267,0.00040464659314043416,0.0
2018-06-29,0.0,0.0,0.0,-0.000212054449819421,-0.0002442252880257012,-9.930941834146445e-05,-0.00011639078357816857,-0.0005309878073282981,-8.054616406616422e-05,-0.00018958025879600715,0.0
2018-07-02,0.0,-0.004501678789995522,0.0,0.0,0.0,-0.0013505036369985124,-0.0022508393949977057,0.0,-0.003012312127455785,-0.0008923599651252667,0.0
2018-07-03,0.0,-0.010710084177190105,0.0,0.0,0.0,-0.0032028867557357676,-0.005342961557565085,0.0,-0.0071666855762166914,-0.0021163422558421185,0.0
2018-07-04,0.0,0.0048127045218790965,0.0,0.0,0.0,0.0014284160085351605,0.002387968458144707,0.0,0.00322043594699295,0.0009438414119296024,0.0
2018-07-05,0.0,0.001436557193371213,0.0,0.0,0.0,0.0004278126657586423,0.0007145153787313507,0.0,0.0009612766386160043,0.000282681871442092,0.0
2018-07-06,0.0,-0.0002825523324722079,0.0,0.0,0.0,-8.4230096432103e-05,-0.00014063739005099052,0.0,-0.00018907075725604905,-5.565595223533393e-05,0.0
2018-07-09,0.0,-0.0011522697011862038,0.0,0.0,0.0,-0.00034342855093572044,-0.0005734484692727637,0.0,-0.0007710447939325293,-0.00022692414988023657,0.0
2018-07-10,0.0,-0.0019371756092428916,0.0,0.0,0.0,-0.0005768988977650213,-0.0009635131622285353,0.0,-0.0012962669823760598,-0.0003811922205811946,0.0
2018-07-11,0.0,0.0014611537228057525,0.0,0.0,0.0,0.00043454536458753523,0.0007260409193001749,0.0,0.0009777354814979322,0.0002871305754128528,0.0
2018-07-12,0.0,-0.0014590218675722966,0.0,0.0,0.0,-0.0004343566169330293,-0.0007255141663278231,0.0,-0.000976308944049542,-0.000287005858347511,0.0
2018-07-13,0.0,0.0,0.0,0.0,0.0,0.0,0.0,0.0,0.0,0.0,0.0
2018-07-16,0.0,-0.0004797818194287595,0.0,0.0,0.0,-0.00014268653762583572,-0.00023840149588971737,0.0,-0.0003210474715366063,-9.428168147884719e-05,0.0
2018-07-17,0.0,0.0014400363615518774,0.0,0.0,0.0,0.00042812069993791724,0.0007153750341470921,0.0,0.0009636047346426313,0.00028288540837628773,0.0
2018-07-18,0.0,0.0009804311173264857,0.0,0.0,0.0,0.00029177556207238275,0.00048740702628236043,0.0,0.0006560584800987534,0.00019279387575288354,0.0
2018-07-19,0.0,0.0,0.0,0.0,0.0,0.0,0.0,0.0,0.0,0.0,0.0
2018-07-20,0.0,-0.0013494931210455974,0.0,0.0,0.0,-0.0004018846254095765,-0.0006712114163840432,0.0,-0.0009030174483967146,-0.00026554963680935906,0.0
2018-07-23,0.0,0.00037052232471190827,0.0,0.0,0.0,0.00011023847463143,0.00018416545393162842,0.0,0.00024793614655571616,7.284127097673121e-05,0.0
2018-07-24,0.0,0.0005011092377444903,0.0,0.0,0.0,0.00014912973172576116,0.0002491191467663967,0.0,0.00033531877871695315,9.853909205137512e-05,0.0
2018-07-25,0.0,-0.00010888222892335708,0.0,0.0,0.0,-3.2414672905489716e-05,-5.414284823335169e-05,0.0,-7.285887642161093e-05,-2.141834763802475e-05,0.0
2018-07-26,0.0,0.0015462960148675542,0.0,0.0,0.0,0.0004603032758374592,0.0007688700737304988,0.0,0.001034708706577181,0.0003041503953933322,0.0
2018-07-27,0.0,0.00039141346691051737,0.0,0.0,0.0,0.00011664291402646576,0.00019477505071696655,0.0,0.0002619155182383981,7.707307395632412e-05,0.0
2018-07-30,0.0,0.0,0.0,0.0,0.0,0.0,0.0,0.0,0.0,0.0,0.0
2018-07-31,0.0,0.0,0.0,0.0,0.0,0.0,0.0,0.0,-0.000944719761348467,-0.0006148134991419418,0.0
2018-08-01,0.0,8.694673830023092e-05,0.0,0.0,0.0,2.5917624454141475e-05,4.327491572975184e-05,0.0,8.164933347076797e-05,2.1678068039987508e-05,0.0
2018-08-02,0.0,0.0001956131532501182,0.0,0.0,0.0,5.831314368376361e-05,9.736434695839513e-05,0.0,0.00018369502862580767,4.8774388973660265e-05,0.0
2018-08-03,0.0,0.0046503364214181,0.0,0.0,0.0,0.001386476122255731,0.0023148824184380246,0.0,0.00436700532586487,0.0011596789577381639,0.0
2018-08-06,0.0,0.0,0.0,0.0,0.0,0.0,0.0,0.0,0.0,0.0,0.0
2018-08-07,0.0,-0.0008706743001082318,0.0,0.0,0.0,-0.0002604335673386249,-0.0004344212338310838,0.0,-0.000817626717962594,-0.00021783233269090374,0.0
2018-08-08,0.0,0.0,0.0,0.0,0.0,0.0,0.0,0.0,0.0,0.0,0.0
2018-08-09,0.0,0.0,0.0,0.0,0.0,0.0,0.0,0.0,0.0,0.0,0.0
2018-08-10,0.0,0.0,0.0,0.0,0.0,0.0,0.0,0.0,0.0,0.0,0.0
2018-08-13,0.0,0.0,0.0,0.0,0.0,0.0,0.0,0.0,0.0,0.0,0.0
2018-08-14,0.0,0.0,0.0,0.0,0.0,0.0,0.0,0.0,0.0,0.0,0.0
2018-08-15,0.0,0.0,0.0,0.0,0.0,0.0,0.0,0.0,0.0,0.0,0.0
2018-08-16,0.0,0.0,0.0,0.0,0.0,0.0,0.0,0.0,0.0,0.0,0.0
2018-08-17,0.0,0.0,0.0,0.0,0.0,0.0,0.0,0.0,0.0,0.0,0.0
2018-08-20,0.0,0.0,0.0,0.0,0.0,0.0,0.0,0.0,0.0,0.0,0.0
2018-08-21,0.0,0.0,0.0,0.0,0.0,0.0,0.0,0.0,0.0,0.0,0.0
2018-08-22,0.0,0.0,0.0,0.0,0.0,0.0,0.0,0.0,0.0,0.0,0.0
2018-08-23,0.0,0.0,0.0,0.0,0.0,0.0,0.0,0.0,0.0,0.0,0.0
2018-08-24,0.0,0.0,0.0,0.0,0.0,0.0,0.0,0.0,0.0,0.0,0.0
2018-08-27,0.0,0.0,0.0,0.0,0.0,0.0,0.0,0.0,0.0,0.0,0.0
2018-08-28,0.0,0.0,0.0,0.0,0.0,0.0,0.0,0.0,0.0,0.0,0.0
2018-08-29,0.0,0.0,0.0,0.0,0.0,0.0,0.0,0.0,0.0,0.0,0.0
2018-08-30,0.0,0.0,0.0,0.0,0.0,0.0,0.0,0.0,0.0,0.0,0.0
2018-08-31,0.0,0.0,0.0,0.0,0.0,0.0,0.0,0.0,-0.00021324453643167818,-0.0005725234377063071,0.0
2018-09-04,0.0,0.0,0.0,0.0,0.0,0.0,0.0,0.0,0.0,0.0,0.0
2018-09-05,0.0,0.0,0.0,0.0,0.0,0.0,0.0,0.0,0.0,0.0,0.0
2018-09-06,0.0,0.0,0.0,0.0,0.0,0.0,0.0,0.0,0.0,0.0,0.0
2018-09-07,0.0,0.0,0.0,0.0,0.0,0.0,0.0,0.0,0.0,0.0,0.0
2018-09-10,0.0,0.0,0.0,0.0,0.0,0.0,0.0,0.0,0.0,0.0,0.0
2018-09-11,0.0,0.0,0.0,0.0,0.0,0.0,0.0,0.0,0.0,0.0,0.0
2018-09-12,0.0,0.0,0.0,0.0,0.0,0.0,0.0,0.0,0.0,0.0,0.0
2018-09-13,0.0,0.0,0.0,0.0,0.0,0.0,0.0,0.0,0.0,0.0,0.0
2018-09-14,0.0,0.0,0.0,0.0,0.0,0.0,0.0,0.0,0.0,0.0,0.0
2018-09-17,0.0,0.0,0.0,0.0,0.0,0.0,0.0,0.0,0.0,0.0,0.0
2018-09-18,0.0,0.0,0.0,0.0,0.0,0.0,0.0,0.0,0.0,0.0,0.0
2018-09-19,0.0,0.0,0.0,0.0,0.0,0.0,0.0,0.0,0.0,0.0,0.0
2018-09-20,0.0,0.0,0.0,0.0,0.0,0.0,0.0,0.0,0.0,0.0,0.0
2018-09-21,0.0,0.0,0.0,0.0,0.0,0.0,0.0,0.0,0.0,0.0,0.0
2018-09-24,0.0,0.0,0.0,0.0,0.0,0.0,0.0,0.0,0.0,0.0,0.0
2018-09-25,0.0,0.0,0.0,0.0,0.0,0.0,0.0,0.0,0.0,0.0,0.0
2018-09-26,0.0,0.0,0.0,0.0,0.0,0.0,0.0,0.0,0.0,0.0,0.0
2018-09-27,0.0,0.0,0.0,0.0,0.0,0.0,0.0,0.0,0.0,0.0,0.0
2018-09-28,0.0,0.0,0.0,0.0,0.0,-6.392915918529418e-06,-7.618344893378648e-06,0.0,0.0,-6.392915918529418e-06,0.0
2018-10-01,0.0,0.0,0.0,0.0,0.0,0.0,0.0,0.0,0.0,0.0,0.0
2018-10-02,0.0,0.0,0.0,0.0,0.0,0.0,0.0,0.0,0.0,0.0,0.0
2018-10-03,0.0,0.0,0.0,0.0,0.0,0.0,0.0,0.0,0.0,0.0,0.0
2018-10-04,0.0,0.0,0.0,0.0,0.0,0.0,0.0,0.0,0.0,0.0,0.0
2018-10-05,0.0,0.0,0.0,0.0,0.0,0.0,0.0,0.0,0.0,0.0,0.0
2018-10-08,0.0,0.0,0.0,0.0,0.0,0.0,0.0,0.0,0.0,0.0,0.0
2018-10-09,0.0,0.0,0.0,0.0,0.0,0.0,0.0,0.0,0.0,0.0,0.0
2018-10-10,0.0,0.0,0.0,0.0,0.0,0.0,0.0,0.0,0.0,0.0,0.0
2018-10-11,0.0,0.0,0.0,0.0,0.0,0.0,0.0,0.0,0.0,0.0,0.0
2018-10-12,0.0,0.0,0.0,0.0,0.0,0.0,0.0,0.0,0.0,0.0,0.0
2018-10-15,0.0,0.0,0.0,0.0,0.0,0.0,0.0,0.0,0.0,0.0,0.0
2018-10-16,0.0,0.0,0.0,0.0,0.0,0.0,0.0,0.0,0.0,0.0,0.0
2018-10-17,0.0,0.0,0.0,0.0,0.0,0.0,0.0,0.0,0.0,0.0,0.0
2018-10-18,0.0,0.0,0.0,0.0,0.0,0.0,0.0,0.0,0.0,0.0,0.0
2018-10-19,0.0,0.0,0.0,0.0,0.0,0.0,0.0,0.0,0.0,0.0,0.0
2018-10-22,0.0,0.0,0.0,0.0,0.0,0.0,0.0,0.0,0.0,0.0,0.0
2018-10-23,0.0,0.0,0.0,0.0,0.0,0.0,0.0,0.0,0.0,0.0,0.0
2018-10-24,0.0,0.0,0.0,0.0,0.0,0.0,0.0,0.0,0.0,0.0,0.0
2018-10-25,0.0,0.0,0.0,0.0,0.0,0.0,0.0,0.0,0.0,0.0,0.0
2018-10-26,0.0,0.0,0.0,0.0,0.0,0.0,0.0,0.0,0.0,0.0,0.0
2018-10-29,0.0,0.0,0.0,0.0,0.0,0.0,0.0,0.0,0.0,0.0,0.0
2018-10-30,0.0,0.0,0.0,0.0,0.0,0.0,0.0,0.0,0.0,0.0,0.0
2018-10-31,0.0,0.0,0.0,0.0,0.0,0.0,0.0,0.0,0.0,0.0,0.0
2018-11-01,0.0,0.0,0.0,0.0,0.0,0.0,0.0,0.0,0.0,0.0,0.0
2018-11-02,0.0,0.0,0.0,0.0,0.0,0.0,0.0,0.0,0.0,0.0,0.0
2018-11-05,0.0,0.0,0.0,0.0,0.0,0.0,0.0,0.0,0.0,0.0,0.0
2018-11-06,0.0,0.0,0.0,0.0,0.0,0.0,0.0,0.0,0.0,0.0,0.0
2018-11-07,0.0,0.0,0.0,0.0,0.0,0.0,0.0,0.0,0.0,0.0,0.0
2018-11-08,0.0,0.0,0.0,0.0,0.0,0.0,0.0,0.0,0.0,0.0,0.0
2018-11-09,0.0,0.0,0.0,0.0,0.0,0.0,0.0,0.0,0.0,0.0,0.0
2018-11-12,0.0,0.0,0.0,0.0,0.0,0.0,0.0,0.0,0.0,0.0,0.0
2018-11-13,0.0,0.0,0.0,0.0,0.0,0.0,0.0,0.0,0.0,0.0,0.0
2018-11-14,0.0,0.0,0.0,0.0,0.0,0.0,0.0,0.0,0.0,0.0,0.0
2018-11-15,0.0,0.0,0.0,0.0,0.0,0.0,0.0,0.0,0.0,0.0,0.0
2018-11-16,0.0,0.0,0.0,0.0,0.0,0.0,0.0,0.0,0.0,0.0,0.0
2018-11-19,0.0,0.0,0.0,0.0,0.0,0.0,0.0,0.0,0.0,0.0,0.0
2018-11-20,0.0,0.0,0.0,0.0,0.0,0.0,0.0,0.0,0.0,0.0,0.0
2018-11-21,0.0,0.0,0.0,0.0,0.0,0.0,0.0,0.0,0.0,0.0,0.0
2018-11-22,0.0,0.0,0.0,0.0,0.0,0.0,0.0,0.0,0.0,0.0,0.0
2018-11-23,0.0,0.0,0.0,0.0,0.0,0.0,0.0,0.0,0.0,0.0,0.0
2018-11-26,0.0,0.0,0.0,0.0,0.0,0.0,0.0,0.0,0.0,0.0,0.0
2018-11-27,0.0,0.0,0.0,0.0,0.0,0.0,0.0,0.0,0.0,0.0,0.0
2018-11-28,0.0,0.0,0.0,0.0,0.0,0.0,0.0,0.0,0.0,0.0,0.0
2018-11-29,0.0,0.0,0.0,0.0,0.0,0.0,0.0,0.0,0.0,0.0,0.0
2018-11-30,0.0,0.0,0.0,0.0,0.0,0.0,0.0,0.0,0.0,0.0,0.0
2018-12-03,0.0,0.0,0.0,0.0,0.0,0.0,0.0,0.0,0.0,0.0,0.0
2018-12-04,0.0,0.0,0.0,0.0,0.0,0.0,0.0,0.0,0.0,0.0,0.0
2018-12-05,0.0,0.0,0.0,0.0,0.0,0.0,0.0,0.0,0.0,0.0,0.0
2018-12-06,0.0,0.0,0.0,0.0,0.0,0.0,0.0,0.0,0.0,0.0,0.0
2018-12-07,0.0,0.0,0.0,0.0,0.0,0.0,0.0,0.0,0.0,0.0,0.0
2018-12-10,0.0,0.0,0.0,0.0,0.0,0.0,0.0,0.0,0.0,0.0,0.0
2018-12-11,0.0,0.0,0.0,0.0,0.0,0.0,0.0,0.0,0.0,0.0,0.0
2018-12-12,0.0,0.0,0.0,0.0,0.0,0.0,0.0,0.0,0.0,0.0,0.0
2018-12-13,0.0,0.0,0.0,0.0,0.0,0.0,0.0,0.0,0.0,0.0,0.0
2018-12-14,0.0,0.0,0.0,0.0,0.0,0.0,0.0,0.0,0.0,0.0,0.0
2018-12-17,0.0,0.0,0.0,0.0,0.0,0.0,0.0,0.0,0.0,0.0,0.0
2018-12-18,0.0,0.0,0.0,0.0,0.0,0.0,0.0,0.0,0.0,0.0,0.0
2018-12-19,0.0,0.0,0.0,0.0,0.0,0.0,0.0,0.0,0.0,0.0,0.0
2018-12-20,0.0,0.0,0.0,0.0,0.0,0.0,0.0,0.0,0.0,0.0,0.0
2018-12-21,0.0,0.0,0.0,0.0,0.0,0.0,0.0,0.0,0.0,0.0,0.0
2018-12-24,0.0,0.0,0.0,0.0,0.0,0.0,0.0,0.0,0.0,0.0,0.0
2018-12-25,0.0,0.0,0.0,0.0,0.0,0.0,0.0,0.0,0.0,0.0,0.0
2018-12-26,0.0,0.0,0.0,0.0,0.0,0.0,0.0,0.0,0.0,0.0,0.0
2018-12-27,0.0,0.0,0.0,0.0,0.0,0.0,0.0,0.0,0.0,0.0,0.0
2018-12-28,0.0,0.0,0.0,0.0,0.0,0.0,0.0,0.0,0.0,0.0,0.0
2019-01-02,0.0,0.0,0.0,0.0,0.0,0.0,0.0,0.0,0.0,0.0,0.0
2019-01-03,0.0,0.0,0.0,0.0,0.0,0.0,0.0,0.0,0.0,0.0,0.0
2019-01-04,0.0,0.0,0.0,0.0,0.0,0.0,0.0,0.0,0.0,0.0,0.0
2019-01-07,0.0,0.0,0.0,0.0,0.0,0.0,0.0,0.0,0.0,0.0,0.0
2019-01-08,0.0,0.0,0.0,0.0,0.0,0.0,0.0,0.0,0.0,0.0,0.0
2019-01-09,0.0,0.0,0.0,0.0,0.0,0.0,0.0,0.0,0.0,0.0,0.0
2019-01-10,0.0,0.0,0.0,0.0,0.0,0.0,0.0,0.0,0.0,0.0,0.0
2019-01-11,0.0,0.0,0.0,0.0,0.0,0.0,0.0,0.0,0.0,0.0,0.0
2019-01-14,0.0,0.0,0.0,0.0,0.0,0.0,0.0,0.0,0.0,0.0,0.0
2019-01-15,0.0,0.0,0.0,0.0,0.0,0.0,0.0,0.0,0.0,0.0,0.0
2019-01-16,0.0,0.0,0.0,0.0,0.0,0.0,0.0,0.0,0.0,0.0,0.0
2019-01-17,0.0,0.0,0.0,0.0,0.0,0.0,0.0,0.0,0.0,0.0,0.0
2019-01-18,0.0,0.0,0.0,0.0,0.0,0.0,0.0,0.0,0.0,0.0,0.0
2019-01-21,0.0,0.0,0.0,0.0,0.0,0.0,0.0,0.0,0.0,0.0,0.0
2019-01-22,0.0,0.0,0.0,0.0,0.0,0.0,0.0,0.0,0.0,0.0,0.0
2019-01-23,0.0,0.0,0.0,0.0,0.0,0.0,0.0,0.0,0.0,0.0,0.0
2019-01-24,0.0,0.0,0.0,0.0,0.0,0.0,0.0,0.0,0.0,0.0,0.0
2019-01-25,0.0,0.0,0.0,0.0,0.0,0.0,0.0,0.0,0.0,0.0,0.0
2019-01-28,0.0,0.0,0.0,0.0,0.0,0.0,0.0,0.0,0.0,0.0,0.0
2019-01-29,0.0,0.0,0.0,0.0,0.0,0.0,0.0,0.0,0.0,0.0,0.0
2019-01-30,0.0,0.0,0.0,0.0,0.0,0.0,0.0,0.0,0.0,0.0,0.0
2019-01-31,0.0,0.0,0.0,0.0,0.0,0.0,0.0,0.0,0.0,0.0,0.0
2019-02-01,0.0,0.0,0.0,0.0,0.0,0.0,0.0,0.0,0.0,0.0,0.0
2019-02-11,0.0,0.0,0.0,0.0,0.0,0.0,0.0,0.0,0.0,0.0,0.0
2019-02-12,0.0,0.0,0.0,0.0,0.0,0.0,0.0,0.0,0.0,0.0,0.0
2019-02-13,0.0,0.0,0.0,0.0,0.0,0.0,0.0,0.0,0.0,0.0,0.0
2019-02-14,0.0,0.0,0.0,0.0,0.0,0.0,0.0,0.0,0.0,0.0,0.0
2019-02-15,0.0,0.0,0.0,0.0,0.0,0.0,0.0,0.0,0.0,0.0,0.0
2019-02-18,0.0,0.0,0.0,0.0,0.0,0.0,0.0,0.0,0.0,0.0,0.0
2019-02-19,0.0,0.0,0.0,0.0,0.0,0.0,0.0,0.0,0.0,0.0,0.0
2019-02-20,0.0,0.0,0.0,0.0,0.0,0.0,0.0,0.0,0.0,0.0,0.0
2019-02-21,0.0,0.0,0.0,0.0,0.0,0.0,0.0,0.0,0.0,0.0,0.0
2019-02-22,0.0,0.0,0.0,0.0,0.0,0.0,0.0,0.0,0.0,0.0,0.0
2019-02-25,0.0,0.0,0.0,0.0,0.0,0.0,0.0,0.0,0.0,0.0,0.0
2019-02-26,0.0,0.0,0.0,0.0,0.0,0.0,0.0,0.0,0.0,0.0,0.0
2019-02-27,0.0,0.0,0.0,0.0,0.0,0.0,0.0,0.0,0.0,0.0,0.0
2019-02-28,0.0,0.0,0.0,0.0,0.0,0.0,0.0,0.0,0.0,0.0,0.0
2019-03-01,0.0,0.0,0.0,0.0,0.0,0.0,0.0,0.0,0.0,0.0,0.0
2019-03-04,0.0,0.0,0.0,0.0,0.0,0.0,0.0,0.0,0.0,0.0,0.0
2019-03-05,0.0,0.0,0.0,0.0,0.0,0.0,0.0,0.0,0.0,0.0,0.0
2019-03-06,0.0,0.0,0.0,0.0,0.0,0.0,0.0,0.0,0.0,0.0,0.0
2019-03-07,0.0,0.0,0.0,0.0,0.0,0.0,0.0,0.0,0.0,0.0,0.0
2019-03-08,0.0,0.0,0.0,0.0,0.0,0.0,0.0,0.0,0.0,0.0,0.0
2019-03-11,0.0,0.0,0.0,0.0,0.0,0.0,0.0,0.0,0.0,0.0,0.0
2019-03-12,0.0,0.0,0.0,0.0,0.0,0.0,0.0,0.0,0.0,0.0,0.0
2019-03-13,0.0,0.0,0.0,0.0,0.0,0.0,0.0,0.0,0.0,0.0,0.0
2019-03-14,0.0,0.0,0.0,0.0,0.0,0.0,0.0,0.0,0.0,0.0,0.0
2019-03-15,0.0,0.0,0.0,0.0,0.0,0.0,0.0,0.0,0.0,0.0,0.0
2019-03-18,0.0,0.0,0.0,0.0,0.0,0.0,0.0,0.0,0.0,0.0,0.0
2019-03-19,0.0,0.0,0.0,0.0,0.0,0.0,0.0,0.0,0.0,0.0,0.0
2019-03-20,0.0,0.0,0.0,0.0,0.0,0.0,0.0,0.0,0.0,0.0,0.0
2019-03-21,0.0,0.0,0.0,0.0,0.0,0.0,0.0,0.0,0.0,0.0,0.0
2019-03-22,0.0,0.0,0.0,0.0,0.0,0.0,0.0,0.0,0.0,0.0,0.0
2019-03-25,0.0,0.0,0.0,0.0,0.0,0.0,0.0,0.0,0.0,0.0,0.0
2019-03-26,0.0,0.0,0.0,0.0,0.0,0.0,0.0,0.0,0.0,0.0,0.0
2019-03-27,0.0,0.0,0.0,0.0,0.0,0.0,0.0,0.0,0.0,0.0,0.0
2019-03-28,0.0,0.0,0.0,0.0,0.0,0.0,0.0,0.0,0.0,0.0,0.0
2019-03-29,0.0,0.0,0.0,0.0,0.0,0.0,0.0,0.0,0.0,0.0,0.0
2019-04-01,0.0,0.0,0.0,0.0,0.0,0.0,0.0,0.0,0.0,0.0,0.0
2019-04-02,0.0,0.0,0.0,0.0,0.0,0.0,0.0,0.0,0.0,0.0,0.0
2019-04-03,0.0,0.0,0.0,0.0,0.0,0.0,0.0,0.0,0.0,0.0,0.0
2019-04-04,0.0,0.0,0.0,0.0,0.0,0.0,0.0,0.0,0.0,0.0,0.0
2019-04-05,0.0,0.0,0.0,0.0,0.0,0.0,0.0,0.0,0.0,0.0,0.0
2019-04-08,0.0,0.0,0.0,0.0,0.0,0.0,0.0,0.0,0.0,0.0,0.0
2019-04-09,0.0,0.0,0.0,0.0,0.0,0.0,0.0,0.0,0.0,0.0,0.0
2019-04-10,0.0,0.0,0.0,0.0,0.0,0.0,0.0,0.0,0.0,0.0,0.0
2019-04-11,0.0,0.0,0.0,0.0,0.0,0.0,0.0,0.0,0.0,0.0,0.0
2019-04-12,0.0,0.0,0.0,0.0,0.0,0.0,0.0,0.0,0.0,0.0,0.0
2019-04-16,0.0,0.0,0.0,0.0,0.0,0.0,0.0,0.0,0.0,0.0,0.0
2019-04-17,0.0,0.0,0.0,0.0,0.0,0.0,0.0,0.0,0.0,0.0,0.0
2019-04-18,0.0,0.0,0.0,0.0,0.0,0.0,0.0,0.0,0.0,0.0,0.0
2019-04-19,0.0,0.0,0.0,0.0,0.0,0.0,0.0,0.0,0.0,0.0,0.0
2019-04-22,0.0,0.0,0.0,0.0,0.0,0.0,0.0,0.0,0.0,0.0,0.0
2019-04-23,0.0,0.0,0.0,0.0,0.0,0.0,0.0,0.0,0.0,0.0,0.0
2019-04-24,0.0,0.0,0.0,0.0,0.0,0.0,0.0,0.0,0.0,0.0,0.0
2019-04-25,0.0,0.0,0.0,0.0,0.0,0.0,0.0,0.0,0.0,0.0,0.0
2019-04-26,0.0,0.0,0.0,0.0,0.0,0.0,0.0,0.0,0.0,0.0,0.0
2019-05-02,0.0,0.0,0.0,0.0,0.0,0.0,0.0,0.0,0.0,0.0,0.0
2019-05-03,0.0,0.0,0.0,0.0,0.0,0.0,0.0,0.0,0.0,0.0,0.0
2019-05-06,0.0,0.0,0.0,0.0,0.0,0.0,0.0,0.0,0.0,0.0,0.0
2019-05-07,0.0,0.0,0.0,0.0,0.0,0.0,0.0,0.0,0.0,0.0,0.0
2019-05-08,0.0,0.0,0.0,0.0,0.0,0.0,0.0,0.0,0.0,0.0,0.0
2019-05-09,0.0,0.0,0.0,0.0,0.0,0.0,0.0,0.0,0.0,0.0,0.0
2019-05-10,0.0,0.0,0.0,0.0,0.0,0.0,0.0,0.0,0.0,0.0,0.0
2019-05-13,0.0,0.0,0.0,0.0,0.0,0.0,0.0,0.0,0.0,0.0,0.0
2019-05-14,0.0,0.0,0.0,0.0,0.0,0.0,0.0,0.0,0.0,0.0,0.0
2019-05-15,0.0,0.0,0.0,0.0,0.0,0.0,0.0,0.0,0.0,0.0,0.0
2019-05-16,0.0,0.0,0.0,0.0,0.0,0.0,0.0,0.0,0.0,0.0,0.0
2019-05-17,0.0,0.0,0.0,0.0,0.0,0.0,0.0,0.0,0.0,0.0,0.0
2019-05-20,0.0,0.0,0.0,0.0,0.0,0.0,0.0,0.0,0.0,0.0,0.0
2019-05-21,0.0,0.0,0.0,0.0,0.0,0.0,0.0,0.0,0.0,0.0,0.0
2019-05-22,0.0,0.0,0.0,0.0,0.0,0.0,0.0,0.0,0.0,0.0,0.0
2019-05-23,0.0,0.0,0.0,0.0,0.0,0.0,0.0,0.0,0.0,0.0,0.0
2019-05-24,0.0,0.0,0.0,0.0,0.0,0.0,0.0,0.0,0.0,0.0,0.0
2019-05-27,0.0,0.0,0.0,0.0,0.0,0.0,0.0,0.0,0.0,0.0,0.0
2019-05-28,0.0,0.0,0.0,0.0,0.0,0.0,0.0,0.0,0.0,0.0,0.0
2019-05-29,0.0,0.0,0.0,0.0,0.0,0.0,0.0,0.0,0.0,0.0,0.0
2019-05-30,0.0,0.0,0.0,0.0,0.0,0.0,0.0,0.0,0.0,0.0,0.0
2019-05-31,0.0,0.0,0.0,0.0,0.0,0.0,0.0,0.0,0.0,0.0,0.0
2019-06-03,0.0,0.0,0.0,0.0,0.0,0.0,0.0,0.0,0.0,0.0,0.0
2019-06-04,0.0,0.0,0.0,0.0,0.0,0.0,0.0,0.0,0.0,0.0,0.0
2019-06-05,0.0,0.0,0.0,0.0,0.0,0.0,0.0,0.0,0.0,0.0,0.0
2019-06-06,0.0,0.0,0.0,0.0,0.0,0.0,0.0,0.0,0.0,0.0,0.0
2019-06-07,0.0,0.0,0.0,0.0,0.0,0.0,0.0,0.0,0.0,0.0,0.0
2019-06-10,0.0,0.0,0.0,0.0,0.0,0.0,0.0,0.0,0.0,0.0,0.0
2019-06-11,0.0,0.0,0.0,0.0,0.0,0.0,0.0,0.0,0.0,0.0,0.0
2019-06-12,0.0,0.0,0.0,0.0,0.0,0.0,0.0,0.0,0.0,0.0,0.0
2019-06-13,0.0,0.0,0.0,0.0,0.0,0.0,0.0,0.0,0.0,0.0,0.0
2019-06-14,0.0,0.0,0.0,0.0,0.0,0.0,0.0,0.0,0.0,0.0,0.0
2019-06-17,0.0,0.0,0.0,0.0,0.0,0.0,0.0,0.0,0.0,0.0,0.0
2019-06-18,0.0,0.0,0.0,0.0,0.0,0.0,0.0,0.0,0.0,0.0,0.0
2019-06-19,0.0,0.0,0.0,0.0,0.0,0.0,0.0,0.0,0.0,0.0,0.0
2019-06-20,0.0,0.0,0.0,0.0,0.0,0.0,0.0,0.0,0.0,0.0,0.0
2019-06-21,0.0,0.0,0.0,0.0,0.0,0.0,0.0,0.0,0.0,0.0,0.0
2019-06-24,0.0,0.0,0.0,0.0,0.0,0.0,0.0,0.0,0.0,0.0,0.0
2019-06-25,0.0,0.0,0.0,0.0,0.0,0.0,0.0,0.0,0.0,0.0,0.0
2019-06-26,0.0,0.0,0.0,0.0,0.0,0.0,0.0,0.0,0.0,0.0,0.0
2019-06-27,0.0,0.0,0.0,0.0,0.0,0.0,0.0,0.0,0.0,0.0,0.0
2019-06-28,0.0,0.0,0.0,0.0,0.0,0.0,0.0,0.0,0.0,0.0,0.0
2019-07-01,0.0,0.0,0.0,0.0,0.0,0.0,0.0,0.0,0.0,0.0,0.0
2019-07-02,0.0,0.0,0.0,0.0,0.0,0.0,0.0,0.0,0.0,0.0,0.0
2019-07-03,0.0,0.0,0.0,0.0,0.0,0.0,0.0,0.0,0.0,0.0,0.0
2019-07-04,0.0,0.0,0.0,0.0,0.0,0.0,0.0,0.0,0.0,0.0,0.0
2019-07-05,0.0,0.0,0.0,0.0,0.0,0.0,0.0,0.0,0.0,0.0,0.0
2019-07-08,0.0,0.0,0.0,0.0,0.0,0.0,0.0,0.0,0.0,0.0,0.0
2019-07-09,0.0,0.0,0.0,0.0,0.0,0.0,0.0,0.0,0.0,0.0,0.0
2019-07-10,0.0,0.0,0.0,0.0,0.0,0.0,0.0,0.0,0.0,0.0,0.0
2019-07-11,0.0,0.0,0.0,0.0,0.0,0.0,0.0,0.0,0.0,0.0,0.0
2019-07-12,0.0,0.0,0.0,0.0,0.0,0.0,0.0,0.0,0.0,0.0,0.0
2019-07-15,0.0,0.0,0.0,0.0,0.0,0.0,0.0,0.0,0.0,0.0,0.0
2019-07-16,0.0,0.0,0.0,0.0,0.0,0.0,0.0,0.0,0.0,0.0,0.0
2019-07-17,0.0,0.0,0.0,0.0,0.0,0.0,0.0,0.0,0.0,0.0,0.0
2019-07-18,0.0,0.0,0.0,0.0,0.0,0.0,0.0,0.0,0.0,0.0,0.0
2019-07-19,0.0,0.0,0.0,0.0,0.0,0.0,0.0,0.0,0.0,0.0,0.0
2019-07-22,0.0,0.0,0.0,0.0,0.0,0.0,0.0,0.0,0.0,0.0,0.0
2019-07-23,0.0,0.0,0.0,0.0,0.0,0.0,0.0,0.0,0.0,0.0,0.0
2019-07-24,0.0,0.0,0.0,0.0,0.0,0.0,0.0,0.0,0.0,0.0,0.0
2019-07-25,0.0,0.0,0.0,0.0,0.0,0.0,0.0,0.0,0.0,0.0,0.0
2019-07-26,0.0,0.0,0.0,0.0,0.0,0.0,0.0,0.0,0.0,0.0,0.0
2019-07-29,0.0,0.0,0.0,0.0,0.0,0.0,0.0,0.0,0.0,0.0,0.0
2019-07-30,0.0,0.0,0.0,0.0,0.0,0.0,0.0,0.0,0.0,0.0,0.0
2019-07-31,0.0,0.0,0.0,0.0,0.0,0.0,0.0,0.0,0.0,0.0,0.0
2019-08-01,0.0,0.0,0.0,0.0,0.0,0.0,0.0,0.0,0.0,0.0,0.0
2019-08-02,0.0,0.0,0.0,0.0,0.0,0.0,0.0,0.0,0.0,0.0,0.0
2019-08-05,0.0,0.0,0.0,0.0,0.0,0.0,0.0,0.0,0.0,0.0,0.0
2019-08-06,0.0,0.0,0.0,0.0,0.0,0.0,0.0,0.0,0.0,0.0,0.0
2019-08-07,0.0,0.0,0.0,0.0,0.0,0.0,0.0,0.0,0.0,0.0,0.0
2019-08-08,0.0,0.0,0.0,0.0,0.0,0.0,0.0,0.0,0.0,0.0,0.0
2019-08-09,0.0,0.0,0.0,0.0,0.0,0.0,0.0,0.0,0.0,0.0,0.0
2019-08-12,0.0,0.0,0.0,0.0,0.0,0.0,0.0,0.0,0.0,0.0,0.0
2019-08-13,0.0,0.0,0.0,0.0,0.0,0.0,0.0,0.0,0.0,0.0,0.0
2019-08-14,0.0,0.0,0.0,0.0,0.0,0.0,0.0,0.0,0.0,0.0,0.0
2019-08-15,0.0,0.0,0.0,0.0,0.0,0.0,0.0,0.0,0.0,0.0,0.0
2019-08-16,0.0,0.0,0.0,0.0,0.0,0.0,0.0,0.0,0.0,0.0,0.0
2019-08-19,0.0,0.0,0.0,0.0,0.0,0.0,0.0,0.0,0.0,0.0,0.0
2019-08-20,0.0,0.0,0.0,0.0,0.0,0.0,0.0,0.0,0.0,0.0,0.0
2019-08-21,0.0,0.0,0.0,0.0,0.0,0.0,0.0,0.0,0.0,0.0,0.0
2019-08-22,0.0,0.0,0.0,0.0,0.0,0.0,0.0,0.0,0.0,0.0,0.0
2019-08-23,0.0,0.0,0.0,0.0,0.0,0.0,0.0,0.0,0.0,0.0,0.0
2019-08-26,0.0,0.0,0.0,0.0,0.0,0.0,0.0,0.0,0.0,0.0,0.0
2019-08-27,0.0,0.0,0.0,0.0,0.0,0.0,0.0,0.0,0.0,0.0,0.0
2019-08-28,0.0,0.0,0.0,0.0,0.0,0.0,0.0,0.0,0.0,0.0,0.0
2019-08-29,0.0,0.0,0.0,0.0,0.0,0.0,0.0,0.0,0.0,0.0,0.0
2019-08-30,0.0,0.0,0.0,0.0,0.0,0.0,0.0,0.0,0.0,0.0,0.0
2019-09-03,0.0,0.0,-0.004492203336721845,-0.0031445423357053803,-0.0022461016683608115,-0.0031445423357053803,-0.0022461016683610335,0.0,0.0,-0.0031445423357054914,0.0
2019-09-04,0.0,-0.005333499771782657,-0.0020190880212305196,-0.001411450874127529,-0.001007271367541307,-0.0030165481018478157,-0.003680024528767034,0.0,-0.005333499771782657,-0.0030165481018479268,0.0
2019-09-05,0.0,-0.004968202841018288,-0.0013487819903803544,-0.0009422972557036058,-0.0006721913241020117,-0.0024355020638799907,-0.0031595562349131523,0.0,-0.004968202841018399,-0.0024355020638799907,0.0
2019-09-06,-0.0008957612472427767,-0.0077410868509960595,0.0013506036602735083,0.0006729742988258458,0.00022299974011352752,-0.0013722181667176203,-0.00318966108692742,-0.0008957612472427767,-0.0077410868509959485,-0.0013722181667175093,-0.0008669648271076857
2019-09-09,-0.002151032228534966,-0.0019857772737855717,-0.003371954975950886,-0.0030042337277498277,-0.0027597759851691883,-0.0029594636189215207,-0.002682877716776444,-0.002151032228534966,-0.0019857772737855717,-0.0029594636189216317,-0.002081822072229289
2019-09-10,-0.0011531680766444508,-0.00792251910416919,-0.0006766727050852017,-0.0008203078527201368,-0.0009157365758616365,-0.0028349586513848335,-0.004281144136583093,-0.0011531680766444508,-0.007922519104169301,-0.0028349586513847225,-0.001115987117394468
2019-09-11,0.002308296296281709,0.016486833045514793,0.0006771309010837889,0.001168666906668614,0.001495313121943953,0.0053622657395999695,0.008512961030661792,0.002308296296281709,0.016486833045514793,0.0053622657395997475,0.002481986697455252
2019-09-12,-0.0038757377987449493,0.008738500979825314,0.007443399755936886,0.004028603865928293,0.0017611832126140925,0.007831444045653946,0.008090371497334825,-0.0038757377987449493,0.008738500979825314,0.007831444045653946,-0.004166650092330748
2019-09-13,0.001257289462091915,0.005830101460009729,0.006045058558368677,0.004612039250103894,0.0036551187760756054,0.00598059414021046,0.005937607049230742,0.001257289462091915,0.005830101460009729,0.00598059414021046,0.001323226613588968
2019-09-16,0.0008991037029659754,0.005817896134739042,0.010682196268458233,0.007763813044834311,0.005810377647331277,0.009223638397246603,0.008250917956213577,0.0008991037029659754,0.005817896134739042,0.009223638397246603,0.0011730288991362858
2019-09-17,0.005474056750937706,0.005399856430955419,0.003963484877305357,0.004411032332615639,0.0047120516235288346,0.004392726711250239,0.004679680793946872,0.005474056750937706,0.005399856430955419,0.004392726711250239,0.005505433221118627
2019-09-18,-0.000875362263327295,-0.004098738822742476,0.001973918841176703,0.001128849411879962,0.0005608813263116019,0.00015736068962302063,-0.0010561677813017978,-0.000875362263327295,-0.004098738822742476,0.00015736068962324268,-0.001439847445343423
2019-09-19,0.012172830968095072,0.009024327132752363,0.00394006032304639,0.00637693279413698,0.008017058900577467,0.005454481890235341,0.00646924062445664,0.012172830968095072,0.009024327132752141,0.005454481890235341,0.012515558115838932
2019-09-20,-0.006326790299664764,0.0017048128093171133,0.0032704976445327993,0.0004133721787682454,-0.001501825709410487,0.0028024802220332212,0.0024896668496805496,-0.006326790299664875,0.0017048128093173354,0.0028024802220332212,-0.006818551124964323
2019-09-23,-0.0074595641553639735,-0.010093832718913176,-0.0026078690859234754,-0.004042494029187105,-0.005008752882000089,-0.004843137850137236,-0.0063383099200844395,-0.007459564155364085,-0.010093832718913287,-0.004843137850137236,-0.007932072536074752
2019-09-24,-0.0010286324473930408,-3.077658808203765e-05,-0.003922031774303392,-0.003069401682863959,-0.0024937464703342904,-0.002766254271208579,-0.001990251889011252,-0.0010286324473930408,-3.0776588081926626e-05,-0.002766254271208579,-0.0009873138559913786
2019-09-25,0.005708504338749698,0.012143395994749229,0.0,0.0016856318558822192,0.0028220606341693433,0.00361671551486209,0.006040319834200947,0.005708504338749698,0.012143395994749229,0.00361671551486209,0.0047933172586525075
2019-09-26,0.00560100502077443,0.004296993189464526,0.0026249831167264315,0.0035072849798902794,0.004100446282071957,0.003127195296212415,0.003461713089254692,0.00560100502077443,0.004296993189464526,0.003127195296212415,0.008028491936282967
2019-09-27,0.005429345110188777,0.006643217525905243,0.013090553102748537,0.01081449421018399,0.009286574720444696,0.011151745184678319,0.009861404229083215,0.005429345110188777,0.006643217525905243,0.011151745184678319,0.005707502532925179
2019-09-30,-0.0059654075802285655,-0.00015594745866642779,0.0038764214302433597,0.0009288183495450575,-0.001038580121920596,0.0026603938282407924,0.0018527123369038723,-0.0059654075802284545,-0.00015594745866642779,0.0026603938282407924,-0.0059369354789881035
2019-10-01,0.006218457276514711,0.0057902026171885446,0.0025743018745412183,0.003667548495133399,0.004396379575527742,0.003539072097335394,0.00418225224586477,0.006218457276514711,0.0057902026171885446,0.003539072097335394,0.00617348721125599
2019-10-02,-0.004350446014368847,-0.005277341042037587,-0.014122305233141952,-0.01118329665727047,-0.009227512048008979,-0.011462863690725356,-0.009692741622544188,-0.004350446014368958,-0.005277341042037587,-0.011462863690725356,-0.0043820994795922275
2019-10-03,-0.004003112664834996,0.004699001235720868,0.007813419070745287,0.004234891340234359,0.0018652988745999632,0.006871138428953039,0.006246762551622265,-0.004003112664834885,0.004699001235720868,0.006871138428953039,-0.004210361096973592
2019-10-04,-0.009776084558579257,-0.0061665882976368325,-0.01162926429073008,-0.011072649711207694,-0.010701888191745779,-0.009980073459199934,-0.008885581944169774,-0.009776084558579257,-0.0061665882976369435,-0.009980073459199934,-0.010053416918961777
2019-10-07,-0.017480436727677406,-0.012420183286468989,0.005229375699071115,-0.0016006070376407555,-0.006145800564195447,-0.00011957980300580928,-0.003659606656251646,-0.017480436727677406,-0.012420183286468989,-0.00011957980300569826,-0.017880700898962543
2019-10-08,0.00049912691619447,-0.001224807231887226,-0.006502714486724015,-0.004430402082816864,-0.0030355424875444514,-0.004922845685155552,-0.0038679341819490842,0.00049912691619447,-0.001224807231887226,-0.0049228456851556635,0.0006434937345407565
2019-10-09,0.00028761330662652185,0.007714474052002984,0.001963582965412325,0.001465095551872242,0.0011307338907755593,0.003691430440884824,0.004842098803350403,0.0002876133066262998,0.007714474052002984,0.003691430440884824,0.0005089700515779061
2019-10-10,-0.003089058551131507,-0.0036372605605500263,0.0,-0.0009177053402316115,-0.001533770542585966,-0.0010971902858589733,-0.0018257763138581629,-0.003089058551131396,-0.0036372605605501374,-0.0010971902858590843,-0.00310283033848735
2019-10-11,0.002906751145261399,-0.00016933031256671782,0.004572714681308154,0.0040788616655291765,0.0037468236958331236,0.0031459003789224838,0.0021966954426102525,0.002906751145261399,-0.0001693303125666068,0.0031459003789224838,0.002904639943180465
2019-10-14,0.009562570430531991,-0.0026568191584097622,0.01300542897344803,0.01198603014894739,0.011300081883932611,0.008308454113501229,0.005176328425704035,0.009562570430531991,-0.0026568191584098733,0.008308454113501451,0.009657166035622833
2019-10-15,3.7774651336031084e-05,-0.0001333503414502335,-0.00641922965142816,-0.004511948361569762,-0.003226384331521226,-0.004554648078491819,-0.003301588115419918,3.7774651336031084e-05,-0.0001333503414502335,-0.00455464807849193,-9.135431901619029e-06
2019-10-16,0.0008593408565913396,-0.006750456190738219,0.0,0.00025499372091619676,0.0004263164934805719,-0.0020112827671852074,-0.0033587028309303157,0.0008593408565911176,-0.006750456190738219,-0.0020112827671850964,0.0007947898361859718
2019-10-17,-0.004465019730519826,-0.003269846753764849,-0.007106772622112789,-0.006322407026997046,-0.00579563944969419,-0.005968998214594179,-0.005204199482393035,-0.004465019730519826,-0.003269846753764849,-0.005968998214594179,-0.004443739565346161
2019-10-18,-0.005684037810671061,-0.005124995553742795,0.0006506945767774663,-0.0012336730947053454,-0.0024975158109972195,-0.0010666375905294956,-0.0022188005481931228,-0.00568403781067095,-0.005124995553742795,-0.0010666375905294956,-0.005746575166969747
2019-10-21,-0.010431357818567855,-0.010954288547533109,-0.0026010857946896504,-0.0049199469280200026,-0.0064801123259569104,-0.005074719810291617,-0.0067390605067165765,-0.010431357818567966,-0.010954288547533109,-0.005074719810291617,-0.01081174888590375
2019-10-22,-0.006812537097747651,-0.0007464521592804862,-0.0019559018144426066,-0.003386182540957461,-0.004352254580718196,-0.0015998640097076855,-0.001359312306060012,-0.006812537097747651,-0.0007464521592803752,-0.0015998640097075745,-0.006863838156583535
2019-10-23,0.00038792960415934274,0.001086019404235472,0.004572714681308154,0.0033445311242055187,0.002512967427192203,0.0035454239246737185,0.002851764682433089,0.00038792960415934274,0.00108601940423525,0.0035454239246737185,0.0003661018933602822
2019-10-24,-0.0009306700155317094,0.005237041851172242,0.0032513572433621185,0.0020275998323713296,0.0011973305765260456,0.0038349689807606335,0.004229718354250345,-0.0009306700155317094,0.005237041851172242,0.0038349689807606335,-0.0010134496019487127
2019-10-25,0.0047547199462294465,0.0007252184663391059,0.003240820179198023,0.0036825142208927186,0.003982800325048386,0.002500428050251413,0.0020001218196619153,0.0047547199462296685,0.000725218466339328,0.002500428050251413,0.004865735750268829
2019-10-28,-0.0012941171878365632,0.004468203984882457,0.0032303511918694294,0.0019088861676284097,0.001011150894533186,0.0035940310004576315,0.0038400851697035776,-0.0012941171878365632,0.004468203984882457,0.0035940310004576315,-0.0012619568066434272
2019-10-29,-0.004114451645525152,0.0038280516863760106,-0.0025759596990116984,-0.0030238717243733504,-0.0033288346786105594,-0.000692829237775805,0.0005804629536574346,-0.004114451645525263,0.0038280516863760106,-0.0006928292377756939,-0.004047871752346555
2019-10-30,0.0023394922347423908,-2.147755123049766e-05,0.005810877910088497,0.00480133441971331,0.004113462891082387,0.004088086800562829,0.0029268839267750923,0.0023394922347423908,-2.1477551230386638e-05,0.004088086800562829,0.0008739842644409634
2019-10-31,-0.010452697242577247,-0.013414453607172305,-0.007703075581713792,-0.008500757494986577,-0.009045191927938179,-0.009383226916597875,-0.01051894603510084,-0.010452697242577247,-0.013414453607172305,-0.009383226916597875,-0.004603713322058667
2019-11-01,-0.004139026280273517,-0.004168070109352495,0.007762873583660124,0.004316857745557234,0.0019616950982015435,0.004267357033531427,0.001897795122052015,-0.004139026280273517,-0.004168070109352495,0.004267357033531427,-0.0025354198881667456
2019-11-04,0.005828359971405517,0.00957985162178887,0.007703075581713792,0.007164850002679746,0.006794872594872103,0.008248313081515413,0.008620085656240173,0.005828359971405517,0.00957985162178887,0.008248313081515413,0.012340052406845992
2019-11-05,0.0013130150780771288,0.005096871861377528,0.0031850799143997577,0.0026483285711200732,0.002279031723440239,0.003741223670657323,0.004120087957458329,0.0013130150780773509,0.005096871861377528,0.003741223670657323,0.00010801662261705758
2019-11-06,-0.0018935625081286656,0.0020881628268285546,0.0031749673895382635,0.001723673075580745,0.0007242476956950128,0.0028583869692577757,0.0026429223018273884,-0.0018935625081286656,0.0020881628268285546,0.0028583869692577757,-0.0030076708626703974
2019-11-07,0.0012223936143682668,-0.00037317900325561926,0.0006329837750638223,0.0008011426457095183,0.000917227864897896,0.00034011898149355346,0.000140689402390759,0.0012223936143682668,-0.0003731790032557303,0.00034011898149355346,-0.0008712956956091755
2019-11-08,0.0017385632981865573,-0.001109556272721135,-0.0018977500801813374,-0.0008598716976425669,-0.0001435959278559551,-0.0016684933196584595,-0.0015123015032314502,0.0017385632981865573,-0.001109556272721024,-0.0016684933196584595,0.0023348583112081656
2019-11-11,-0.002476565557271604,-0.006321754865383777,-0.001901358383205487,-0.0020659612700107965,-0.002179360118180984,-0.0031878099447768538,-0.0040639264831352495,-0.002476565557271604,-0.006321754865383666,-0.0031878099447768538,-0.0044623818319220465
2019-11-12,0.002433841835635997,0.001287590621068535,-0.001269986955815372,-0.00021052509379959616,0.0005195667638213664,-0.0005280047827885825,-2.1592871134235025e-05,0.002433841835635997,0.001287590621068535,-0.0005280047827885825,0.002856697521880447
2019-11-13,-0.0013260997506053807,-0.0033001086385591183,-0.009537014052058645,-0.007182110616800519,-0.005562212147003698,-0.007724330404311641,-0.006488696155541707,-0.0013260997506053807,-0.0033001086385591183,-0.007724330404311752,-0.00277359794094012
2019-11-14,-0.010320210896669124,-0.0025728373553672856,-0.0032096148257141355,-0.005260973954400505,-0.006666429203689539,-0.0030237177248545466,-0.0028973878764808614,-0.010320210896669235,-0.0025728373553671746,-0.0030237177248545466,-0.008832545445007112
2019-11-15,-0.0021608427808607056,-0.011301904905276716,-0.0012879798495057937,-0.001538514202803043,-0.0017107610714337529,-0.004212708831205836,-0.006199640687991836,-0.0021608427808608166,-0.011301904905276716,-0.004212708831205947,-0.007914118909046697
2019-11-18,-0.004917202660297271,-0.006947341650071381,-0.006448204404868152,-0.006009040998190773,-0.005706980396479433,-0.006592947677497296,-0.006691765859454635,-0.004917202660297271,-0.006947341650071492,-0.006592947677497185,-0.004074039582920186
2019-11-19,-0.0017239609761466879,0.0057545913226206835,0.004543037517942272,0.0027433925589370745,0.0015065030834613413,0.004894246937484414,0.005134081132575297,-0.0017239609761466879,0.0057545913226206835,0.004894246937484192,-0.001996246342699237
2019-11-20,-0.002851450090468055,0.001669797887296598,-0.00646070238373897,-0.005428879101370798,-0.004717560513883834,-0.00410178689437235,-0.002491875849569558,-0.002851450090467944,0.001669797887296598,-0.004101786894372239,-0.0017833438713832361
2019-11-21,-0.014538912959533135,-0.0033064411994719878,-0.019508143460172156,-0.0180838442227661,-0.01710368014048913,-0.014780274984441677,-0.011566440604955042,-0.014538912959533246,-0.003306441199472099,-0.014780274984441788,-0.007204092533866335
2019-11-22,0.005684733668921194,-0.008603226099733963,-0.008621722634774232,-0.004506349231097495,-0.0016811890877480584,-0.008616262244650175,-0.008612580291254668,0.005684733668921194,-0.008603226099733852,-0.008616262244650175,0.00572818251696483
2019-11-25,0.0034756827491682074,-0.005306574011627041,0.0026759086761787287,0.0029083256584929718,0.0030667682095826265,0.00031935688474193924,-0.0012696566579823987,0.0034756827491682074,-0.005306574011627041,0.00031935688474193924,0.0034073171863049367
2019-11-26,0.001515504990085681,0.002720709465664939,0.004670342772566949,0.0037530178639408884,0.00312790578251243,0.00409801803988552,0.0037105771449403857,0.001515504990085681,0.002720709465664717,0.004098018039885742,0.0014515659422671412
2019-11-27,-0.0024351685137459222,0.0037906484332590473,-0.005312722362729838,-0.004477887790670931,-0.0039081140864059005,-0.0026440473703108758,-0.0008357339198584723,-0.0024351685137459222,0.0037906484332590473,-0.0026440473703108758,-0.0023325778443501477
2019-11-28,0.00024052187405088077,-0.0028556286963959954,-0.010682196268458233,-0.007506800130595237,-0.005342651672764487,-0.008373016447172255,-0.006815310600269631,0.00024052187405088077,-0.0028556286963962174,-0.008373016447172366,8.604235965981033e-05
2019-11-29,0.002008663403664457,0.00236605775963028,0.000674846105326754,0.001065633400224586,0.0013305394656268899,0.001176603848662916,0.0015137572834060808,0.002008663403664457,0.00236605775963028,0.001176603848662916,0.0020299679017548033
2019-12-02,-0.00264612052737212,-0.014433254452076993,-0.0034790566958745606,-0.0032347897315380125,-0.003069314985615801,-0.006732867954940769,-0.008917417638126812,-0.00264612052737212,-0.014433254452076993,-0.006732867954940658,-0.0025635232853165046
2019-12-03,0.00021557565916152654,0.0018953126078236071,0.0,6.32570809007138e-05,0.00010609196552358036,0.0005586150202121498,0.0009357169582417946,0.0002155756591613045,0.0018953126078238292,0.0005586150202121498,-0.00017199400364931172
2019-12-04,0.0004019044286407425,0.004417758518291182,0.0,0.00011795011204829287,0.00019781221458159415,0.0013038076935198983,0.0021831409693713333,0.00040190442864096454,0.0044177585182909596,0.0013038076935198983,0.000385101714860836
2019-12-05,-0.003615686697270193,-0.0036577929910061036,0.0,-0.0010614258131415033,-0.0017799578338325572,-0.0010828771876352228,-0.0018116163025939658,-0.003615686697270193,-0.0036577929910059925,-0.0010828771876353338,-0.003464581217578422
2019-12-06,0.00040320081418343534,-0.0008558676028270762,0.0,0.0001180615149998232,0.00019812574812561046,-0.00025272356508754257,-0.0004231065035632531,0.00040320081418343534,-0.0008558676028270762,-0.00025272356508754257,0.0003862918079622357
2019-12-09,-0.0022570145293319133,-0.0008904139267400524,0.0,-0.0006610664374933073,-0.0011092844116988854,-0.00026276590242357845,-0.0004399942404971213,-0.0022570145293319133,-0.0008904139267399414,-0.00026276590242368947,-0.002162398807643351
2019-12-10,-0.0009252327993004572,-0.0022449403365362164,0.0,-0.00027056252876300757,-0.00045421375511600637,-0.0006620779535659871,-0.0011088278001105678,-0.0009252327993004572,-0.0022449403365363274,-0.0006620779535659871,-0.0008863623011673427
2019-12-11,0.0,0.004805258085683217,0.0,0.0,0.0,0.0014149223681294565,0.002370728302548919,0.0,0.004805258085683217,0.0014149223681294565,0.0
2019-12-12,0.0,0.005727481187917771,0.0,0.0,0.0,0.0016921833046450452,0.002832580500056636,0.0,0.005727481187917771,0.0016921833046450452,0.0
2019-12-13,0.0,-0.002549008242672568,0.0,0.0,0.0,-0.0007561379000248225,-0.0012642754700424863,0.0,-0.002549008242672568,-0.0007561379000248225,0.0
2019-12-16,0.0,0.005193438538608097,0.0,0.0,0.0,0.0015378176479794448,0.002572565552010131,0.0,0.005193438538608097,0.0015378176479796668,0.0
2019-12-17,0.0,0.000915036067322017,0.0,0.0,0.0,0.0002719382818032745,0.00045444726588184103,0.0,0.000915036067322017,0.00027193828180305246,0.0
2019-12-18,0.0,-0.003645649392174377,0.0,0.0,0.0,-0.001084141986994136,-0.001811423827093317,0.0,-0.003645649392174377,-0.001084141986994136,0.0
2019-12-19,0.0,-0.006165452046193121,0.0,0.0,0.0,-0.0018287784807159424,-0.0030578158467482464,0.0,-0.006165452046193121,-0.0018287784807159424,0.0
2019-12-20,0.0,0.0029948899762808345,0.0,0.0,0.0,0.0008844760877333435,0.0014807147134141552,0.0,0.0029948899762806125,0.0008844760877333435,0.0
2019-12-23,0.0,0.00525347135198162,0.0,0.0,0.0,0.001554770741176048,0.0026013154341049116,0.0,0.00525347135198162,0.001554770741176048,0.0
2019-12-24,0.0,0.0026759357493479907,0.0,0.0,0.0,0.0007948708122285097,0.0013285247278933543,0.0,0.0026759357493479907,0.0007948708122285097,0.0
2019-12-25,0.0,3.341070166906768e-05,0.0,0.0,0.0,9.943104091414412e-06,1.6609767802044928e-05,0.0,3.341070166906768e-05,9.943104091414412e-06,0.0
2019-12-26,0.0,-0.0009243318636004139,0.0,0.0,0.0,-0.0002750898112836575,-0.0004595292765163794,0.0,-0.0009243318636004139,-0.0002750898112837685,0.0
2019-12-27,0.0,0.0017946399276840275,0.0,0.0,0.0,0.0005337547776897988,0.0008917858682104818,0.0,0.0017946399276838054,0.0005337547776897988,0.0
2019-12-30,0.0,-0.0010570519979309356,0.0,0.0,0.0,-0.00031478045573540836,-0.0005257402049857474,0.0,-0.0010570519979308246,-0.00031478045573540836,0.0
2019-12-31,0.0,0.0023725297352894525,0.0,-4.659036005194572e-05,-5.587794827266457e-05,0.000694376995598267,0.0011655240953658552,0.0,0.0023725297352894525,0.000694376995598267,0.0
2020-01-02,0.0,0.004867175598802342,0.0,0.0,0.0,0.001460152679640725,0.00243358779940106,0.0,0.004867175598802342,0.001460152679640725,0.0
2020-01-03,0.0,-0.000630331629501435,0.0,0.0,0.0,-0.00018974281578754137,-0.0003159309364414442,0.0,-0.000630331629501435,-0.00018974281578743035,0.0
2020-01-06,0.0,-0.006484338773085407,0.0,0.0,0.0,-0.001951059498670582,-0.003249018197900355,0.0,-0.006484338773085518,-0.001951059498670693,0.0
2020-01-07,0.0,0.004544159074074461,0.0,0.0,0.0,0.0013610723855230766,0.0022694886692753435,0.0,0.004544159074074461,0.0013610723855230766,0.0
2020-01-08,0.0,-0.0034037895889982295,0.0,0.0,0.0,-0.0010227482165166002,-0.0017038121917215543,0.0,-0.0034037895889982295,-0.0010227482165167112,0.0
2020-01-09,0.0,0.0011792637913328186,0.0,0.0,0.0,0.0003534928402002535,0.0005892909868434604,0.0,0.0011792637913328186,0.0003534928402002535,0.0
2020-01-10,0.0,-0.0012334348967547593,0.0,0.0,0.0,-0.00037003622561948557,-0.0006167243014338908,0.0,-0.0012334348967547593,-0.00037003622561937455,0.0
2020-01-13,0.0,0.002519891775966121,0.0,0.0,0.0,0.000755326340302398,0.0012591823785679246,0.0,0.002519891775966121,0.000755326340302398,0.0
2020-01-14,0.0,0.006137074424746869,0.0,0.0,0.0,0.001842804309493573,0.0030705390494640827,0.0,0.006137074424746869,0.001842804309493573,0.0
2020-01-15,0.0,0.00857038092362461,0.0,0.0,0.0,0.002584493971394153,0.004301095022190671,0.0,0.00857038092362461,0.002584493971394153,0.0
2020-01-16,0.0,-0.00015310907480914349,0.0,0.0,0.0,-4.644741587767065e-05,-7.716531226653611e-05,0.0,-0.0001531090748092545,-4.644741587767065e-05,0.0
2020-01-17,0.0,0.002296987811816198,0.0,0.0,0.0,0.0006967436001055205,0.00115756900817221,0.0,0.002296987811816198,0.0006967436001055205,0.0
2020-01-20,0.0,0.0003819539583822529,0.0,0.0,0.0,0.00011604308107671102,0.000192705098578827,0.0,0.0003819539583822529,0.00011604308107671102,0.0
2020-01-21,0.0,0.0010690627507210504,0.0,0.0,0.0,0.0003248829265993791,0.0005394703173402515,0.0,0.0010690627507210504,0.0003248829265993791,0.0
2020-01-22,0.0,0.0019070019215676748,0.0,0.0,0.0,0.0005799596642201976,0.0009628204393452577,0.0,0.0019070019215676748,0.0005799596642201976,0.0
2020-01-30,0.0,0.0003806744374299509,0.0,0.0,0.0,0.00011592470119348164,0.00019237886156919792,0.0,0.0003806744374299509,0.00011592470119370368,0.0
2020-01-31,0.0,0.001369906486366368,0.0,0.0,0.0,0.00041728055117240537,0.0006924306926201496,0.0,0.001369906486366368,0.00041728055117240537,0.0
2020-02-03,0.0,-0.0005320126038479422,0.0,0.0,0.0,-0.00016220808362188421,-0.0002690922749354341,0.0,-0.0005320126038479422,-0.00016220808362188421,0.0
2020-02-04,0.0,0.0010645915838363162,0.0,0.0,0.0,0.00032446879870562384,0.0005383294101561908,0.0,0.0010645915838363162,0.00032446879870562384,0.0
2020-02-05,0.0,0.0019749960914789977,0.0,0.0,0.0,0.0006023894552993347,0.000999216711119022,0.0,0.0019749960914789977,0.0006023894552993347,0.0
2020-02-06,0.0,0.002653408114029032,0.0,0.0,0.0,0.000810420693253544,0.001343756714649258,0.0,0.002653408114029032,0.000810420693253322,0.0
2020-02-07,0.0,0.0018902758367775885,0.0,0.0,0.0,0.0005784031738516049,0.000958538182630031,0.0,0.0018902758367775885,0.0005784031738516049,0.0
2020-02-10,0.0,0.003547013738778748,0.0,0.0,0.0,0.0010867693759843977,0.0018003261020349548,0.0,0.003547013738778748,0.0010867693759843977,0.0
2020-02-11,0.0,0.002632057266443555,0.0,0.0,0.0,0.0008084177801317427,0.0013382590711186193,0.0,0.002632057266443555,0.0008084177801317427,0.0
2020-02-12,0.0,0.0010500590909170437,0.0,0.0,0.0,0.0003231059074921827,0.0005345882109248912,0.0,0.0010500590909170437,0.0003231059074921827,0.0
2020-02-13,0.0,0.0010489576234284925,0.0,0.0,0.0,0.000323001543785173,0.0005343025790649492,0.0,0.0010489576234284925,0.000323001543785173,0.0
2020-02-14,0.0,-0.004041739790887289,0.0,0.0,0.0,-0.0012454608116925225,-0.002059780830183988,0.0,-0.004041739790887289,-0.0012454608116926336,0.0
2020-02-17,0.0,0.0006763569573084993,0.0,0.0,0.0,0.0002078356531101111,0.00034400538071954756,0.0,0.0006763569573084993,0.0002078356531101111,0.0
2020-02-18,0.0,-0.00015019995728249302,0.0,0.0,0.0,-4.617610365054148e-05,-7.641935149182988e-05,0.0,-0.00015019995728249302,-4.617610365054148e-05,0.0
2020-02-19,0.0,0.0,0.0,0.0,0.0,0.0,0.0,0.0,0.0,0.0,0.0
2020-02-20,0.0,0.0003755563017466823,0.0,0.0,0.0,0.00011544558995391085,0.00019106297963866758,0.0,0.00037555630174646026,0.00011544558995391085,0.0
2020-02-21,0.0,0.0005255814370244138,0.0,0.0,0.0,0.00016160516933094726,0.00026743707416931883,0.0,0.0005255814370244138,0.00016160516933094726,0.0
2020-02-24,0.0,-0.010806281409305285,0.0,0.0,0.0,-0.0033239120362988928,-0.005500091740186175,0.0,-0.010806281409305396,-0.0033239120362988928,0.0
2020-02-25,0.0,-0.009862244910564977,0.0,0.0,0.0,-0.003010761427806985,-0.004992821575486639,0.0,-0.009862244910564977,-0.003010761427806874,0.0
2020-02-26,0.0,-0.00789176300560046,0.0,0.0,0.0,-0.0023926531467591827,-0.003975700905838542,0.0,-0.00789176300560046,-0.0023926531467590717,0.0
2020-02-27,0.0,-0.008572366557322297,0.0,0.0,0.0,-0.0025846745139808114,-0.004301595064599373,0.0,-0.008572366557322075,-0.0025846745139809224,0.0
2020-02-28,0.0,-0.0084906948508231,0.0,0.0,0.0,-0.002544680974076785,-0.004242337665985585,0.0,-0.008490694850823322,-0.002544680974076674,0.0
2020-03-02,0.0,0.0076206440173200996,0.0,0.0,0.0,0.0022703098241732,0.0037913756130056875,0.0,0.0076206440173200996,0.002270309824172978,0.0
2020-03-03,0.0,0.0020271982934563226,0.0,0.0,0.0,0.0006071582166380374,0.0010124065959931094,0.0,0.0020271982934563226,0.0006071582166380374,0.0
2020-03-04,0.0,-0.0034237027414943944,0.0,0.0,0.0,-0.001026875044843445,-0.0017115706647118367,0.0,-0.0034237027414945054,-0.001026875044843445,0.0
2020-03-05,0.0,-0.0021862048419162283,0.0,0.0,0.0,-0.0006541376552617884,-0.0010910487391049273,0.0,-0.0021862048419162283,-0.0006541376552616773,0.0
2020-03-06,0.0,-0.006025235714762989,0.0,0.0,0.0,-0.0018000560364048734,-0.00300366117327433,0.0,-0.006025235714762989,-0.0018000560364049845,0.0
2020-03-09,0.0,-0.007872414601361677,0.0,0.0,0.0,-0.002341950754807254,-0.00391261082380745,0.0,-0.007872414601361677,-0.002341950754807254,0.0
2020-03-10,0.0,-0.007379439587222647,0.0,0.0,0.0,-0.0021831269778443962,-0.0036530209153138316,0.0,-0.007379439587222536,-0.0021831269778442852,0.0
2020-03-11,0.0,-0.005543349708057033,0.0,0.0,0.0,-0.0016313994636458773,-0.0027338438974201518,0.0,-0.005543349708057033,-0.0016313994636457663,0.0
2020-03-12,0.0,0.0,0.0,0.0,0.0,0.0,0.0,0.0,0.0,0.0,0.0
2020-03-13,0.0,0.0,0.0,0.0,0.0,0.0,0.0,0.0,0.0,0.0,0.0
2020-03-16,0.0,0.0,0.0,0.0,0.0,0.0,0.0,0.0,0.0,0.0,0.0
2020-03-17,0.0,0.0,0.0,0.0,0.0,0.0,0.0,0.0,0.0,0.0,0.0
2020-03-18,0.0,0.0,0.0,0.0,0.0,0.0,0.0,0.0,0.0,0.0,0.0
2020-03-19,0.0,0.0,0.0,0.0,0.0,0.0,0.0,0.0,0.0,0.0,0.0
2020-03-20,0.0,0.0,0.0,0.0,0.0,0.0,0.0,0.0,0.0,0.0,0.0
2020-03-23,0.0,0.0,0.0,0.0,0.0,0.0,0.0,0.0,0.0,0.0,0.0
2020-03-24,0.0,0.0,0.0,0.0,0.0,0.0,0.0,0.0,0.0,0.0,0.0
2020-03-25,0.0,0.0,0.0,0.0,0.0,0.0,0.0,0.0,0.0,0.0,0.0
2020-03-26,0.0,0.0,0.0,0.0,0.0,0.0,0.0,0.0,0.0,0.0,0.0
2020-03-27,0.0,0.0,0.0,0.0,0.0,0.0,0.0,0.0,0.0,0.0,0.0
2020-03-30,0.0,0.0,0.0,0.0,0.0,0.0,0.0,0.0,0.0,0.0,0.0
2020-03-31,0.0,0.0,0.0,0.0,0.0,-4.112801771294361e-05,-4.928366225098735e-05,0.0,0.0,-4.112801771294361e-05,0.0
2020-04-01,0.0,0.0,0.0,0.0,0.0,0.0,0.0,0.0,0.0,0.0,0.0
2020-04-03,0.0,0.0,0.0,0.0,0.0,0.0,0.0,0.0,0.0,0.0,0.0
2020-04-06,0.0,0.0,0.0,0.0,0.0,0.0,0.0,0.0,0.0,0.0,0.0
2020-04-07,0.0,0.0,0.0,0.0,0.0,0.0,0.0,0.0,0.0,0.0,0.0
2020-04-08,0.0,0.0,0.0,0.0,0.0,0.0,0.0,0.0,0.0,0.0,0.0
2020-04-09,0.0,0.0,0.0,0.0,0.0,0.0,0.0,0.0,0.0,0.0,0.0
2020-04-10,0.0,0.0,0.0,0.0,0.0,0.0,0.0,0.0,0.0,0.0,0.0
2020-04-13,0.0,0.0,0.0,0.0,0.0,0.0,0.0,0.0,0.0,0.0,0.0
2020-04-14,0.0,0.0,0.0,0.0,0.0,0.0,0.0,0.0,0.0,0.0,0.0
2020-04-15,0.0,0.0,0.0,0.0,0.0,0.0,0.0,0.0,0.0,0.0,0.0
2020-04-16,0.0,0.0,0.0,0.0,0.0,0.0,0.0,0.0,0.0,0.0,0.0
2020-04-17,0.0,0.0,0.0,0.0,0.0,0.0,0.0,0.0,0.0,0.0,0.0
2020-04-20,0.0,0.0,0.0,0.0,0.0,0.0,0.0,0.0,0.0,0.0,0.0
2020-04-21,0.0,0.0,0.0,0.0,0.0,0.0,0.0,0.0,0.0,0.0,0.0
2020-04-22,0.0,0.0,0.0,0.0,0.0,0.0,0.0,0.0,0.0,0.0,0.0
2020-04-23,0.0,0.0,0.0,0.0,0.0,0.0,0.0,0.0,0.0,0.0,0.0
2020-04-24,0.0,0.0,0.0,0.0,0.0,0.0,0.0,0.0,0.0,0.0,0.0
2020-04-27,0.0,0.0,0.0,0.0,0.0,0.0,0.0,0.0,0.0,0.0,0.0
2020-04-28,0.0,0.0,0.0,0.0,0.0,0.0,0.0,0.0,0.0,0.0,0.0
2020-04-29,0.0,0.0,0.0,0.0,0.0,0.0,0.0,0.0,0.0,0.0,0.0
2020-05-04,0.0,0.0,0.0,0.0,0.0,0.0,0.0,0.0,0.0,0.0,0.0
2020-05-05,0.0,0.0,0.0,0.0,0.0,0.0,0.0,0.0,0.0,0.0,0.0
2020-05-06,0.0,0.0,0.0,0.0,0.0,0.0,0.0,0.0,0.0,0.0,0.0
2020-05-07,0.0,0.0,0.0,0.0,0.0,0.0,0.0,0.0,0.0,0.0,0.0
2020-05-08,0.0,0.0,0.0,0.0,0.0,0.0,0.0,0.0,0.0,0.0,0.0
2020-05-11,0.0,0.0,0.0,0.0,0.0,0.0,0.0,0.0,0.0,0.0,0.0
2020-05-12,0.0,0.0,0.0,0.0,0.0,0.0,0.0,0.0,0.0,0.0,0.0
2020-05-13,0.0,0.0,0.0,0.0,0.0,0.0,0.0,0.0,0.0,0.0,0.0
2020-05-14,0.0,0.0,0.0,0.0,0.0,0.0,0.0,0.0,0.0,0.0,0.0
2020-05-15,0.0,0.0,0.0,0.0,0.0,0.0,0.0,0.0,0.0,0.0,0.0
2020-05-18,0.0,0.0,0.0,0.0,0.0,0.0,0.0,0.0,0.0,0.0,0.0
2020-05-19,0.0,0.0,0.0,0.0,0.0,0.0,0.0,0.0,0.0,0.0,0.0
2020-05-20,0.0,0.0,0.0,0.0,0.0,0.0,0.0,0.0,0.0,0.0,0.0
2020-05-21,0.0,0.0,0.0,0.0,0.0,0.0,0.0,0.0,0.0,0.0,0.0
2020-05-22,0.0,0.0,0.0,0.0,0.0,0.0,0.0,0.0,0.0,0.0,0.0
2020-05-25,0.0,0.0,0.0,0.0,0.0,0.0,0.0,0.0,0.0,0.0,0.0
2020-05-26,0.0,0.0,0.0,0.0,0.0,0.0,0.0,0.0,0.0,0.0,0.0
2020-05-27,0.0,0.0,0.0,0.0,0.0,0.0,0.0,0.0,0.0,0.0,0.0
2020-05-28,0.0,0.0,0.0,0.0,0.0,0.0,0.0,0.0,0.0,0.0,0.0
2020-05-29,0.0,0.0,0.0,0.0,0.0,0.0,0.0,0.0,0.0,0.0,0.0
2020-06-01,0.0,0.0,0.0,0.0,0.0,0.0,0.0,0.0,0.0,0.0,0.0
2020-06-02,0.0,0.0,0.0,0.0,0.0,0.0,0.0,0.0,0.0,0.0,0.0
2020-06-03,0.0,0.0,0.0,0.0,0.0,0.0,0.0,0.0,0.0,0.0,0.0
2020-06-04,0.0,0.0,0.0,0.0,0.0,0.0,0.0,0.0,0.0,0.0,0.0
2020-06-05,0.0,0.0,0.0,0.0,0.0,0.0,0.0,0.0,0.0,0.0,0.0
2020-06-08,0.0,0.0,0.0,0.0,0.0,0.0,0.0,0.0,0.0,0.0,0.0
2020-06-09,0.0,0.0,0.0,0.0,0.0,0.0,0.0,0.0,0.0,0.0,0.0
2020-06-10,0.0,0.0,0.0,0.0,0.0,0.0,0.0,0.0,0.0,0.0,0.0
2020-06-11,0.0,0.0,0.0,0.0,0.0,0.0,0.0,0.0,0.0,0.0,0.0
2020-06-12,0.0,0.0,0.0,0.0,0.0,0.0,0.0,0.0,0.0,0.0,0.0
2020-06-15,0.0,0.0,0.0,0.0,0.0,0.0,0.0,0.0,0.0,0.0,0.0
2020-06-16,0.0,0.0,0.0,0.0,0.0,0.0,0.0,0.0,0.0,0.0,0.0
2020-06-17,0.0,0.0,0.0,0.0,0.0,0.0,0.0,0.0,0.0,0.0,0.0
2020-06-18,0.0,0.0,0.0,0.0,0.0,0.0,0.0,0.0,0.0,0.0,0.0
2020-06-19,0.0,0.0,0.0,0.0,0.0,0.0,0.0,0.0,0.0,0.0,0.0
2020-06-22,0.0,0.0,0.0,0.0,0.0,0.0,0.0,0.0,0.0,0.0,0.0
2020-06-23,0.0,0.0,0.0,0.0,0.0,0.0,0.0,0.0,0.0,0.0,0.0
2020-06-24,0.0,0.0,0.0,0.0,0.0,0.0,0.0,0.0,0.0,0.0,0.0
2020-06-25,0.0,0.0,0.0,0.0,0.0,0.0,0.0,0.0,0.0,0.0,0.0
2020-06-26,0.0,0.0,0.0,0.0,0.0,0.0,0.0,0.0,0.0,0.0,0.0
2020-06-29,0.0,0.0,0.0,0.0,0.0,0.0,0.0,0.0,0.0,0.0,0.0
2020-06-30,0.0,0.0,0.0,0.0,0.0,0.0,0.0,0.0,0.0,0.0,0.0
2020-07-01,0.0,0.0,0.0,0.0,0.0,0.0,0.0,0.0,0.0,0.0,0.0
2020-07-02,0.0,0.0,0.0,0.0,0.0,0.0,0.0,0.0,0.0,0.0,0.0
2020-07-03,0.0,0.0,0.0,0.0,0.0,0.0,0.0,0.0,0.0,0.0,0.0
2020-07-06,0.0,0.0,0.0,0.0,0.0,0.0,0.0,0.0,0.0,0.0,0.0
2020-07-07,0.0,0.0,0.0,0.0,0.0,0.0,0.0,0.0,0.0,0.0,0.0
2020-07-08,0.0,0.0,0.0,0.0,0.0,0.0,0.0,0.0,0.0,0.0,0.0
2020-07-09,0.0,0.0,0.0,0.0,0.0,0.0,0.0,0.0,0.0,0.0,0.0
2020-07-10,0.0,0.0,0.0,0.0,0.0,0.0,0.0,0.0,0.0,0.0,0.0
2020-07-13,0.0,0.0,0.0,0.0,0.0,0.0,0.0,0.0,0.0,0.0,0.0
2020-07-14,0.0,0.0,0.0,0.0,0.0,0.0,0.0,0.0,0.0,0.0,0.0
2020-07-15,0.0,0.0,0.0,0.0,0.0,0.0,0.0,0.0,0.0,0.0,0.0
2020-07-16,0.0,0.0,0.0,0.0,0.0,0.0,0.0,0.0,0.0,0.0,0.0
2020-07-17,0.0,0.0,0.0,0.0,0.0,0.0,0.0,0.0,0.0,0.0,0.0
2020-07-20,0.0,0.0,0.0,0.0,0.0,0.0,0.0,0.0,0.0,0.0,0.0
2020-07-21,0.0,0.0,0.0,0.0,0.0,0.0,0.0,0.0,0.0,0.0,0.0
2020-07-22,0.0,0.0,0.0,0.0,0.0,0.0,0.0,0.0,0.0,0.0,0.0
2020-07-23,0.0,0.0,0.0,0.0,0.0,0.0,0.0,0.0,0.0,0.0,0.0
2020-07-24,0.0,0.0,0.0,0.0,0.0,0.0,0.0,0.0,0.0,0.0,0.0
2020-07-27,0.0,0.0,0.0,0.0,0.0,0.0,0.0,0.0,0.0,0.0,0.0
2020-07-28,0.0,0.0,0.0,0.0,0.0,0.0,0.0,0.0,0.0,0.0,0.0
2020-07-29,0.0,0.0,0.0,0.0,0.0,0.0,0.0,0.0,0.0,0.0,0.0
2020-07-30,0.0,0.0,0.0,0.0,0.0,0.0,0.0,0.0,0.0,0.0,0.0
2020-07-31,0.0,0.0,0.0,0.0,0.0,0.0,0.0,0.0,0.0,0.0,0.0
2020-08-03,0.0,0.0,0.0,0.0,0.0,0.0,0.0,0.0,0.0,0.0,0.0
2020-08-04,0.0,0.0,0.0,0.0,0.0,0.0,0.0,0.0,0.0,0.0,0.0
2020-08-05,0.0,0.0,0.0,0.0,0.0,0.0,0.0,0.0,0.0,0.0,0.0
2020-08-06,0.0,0.0,0.0,0.0,0.0,0.0,0.0,0.0,0.0,0.0,0.0
2020-08-07,0.0,0.0,0.0,0.0,0.0,0.0,0.0,0.0,0.0,0.0,0.0
2020-08-10,0.0,0.0,0.0,0.0,0.0,0.0,0.0,0.0,0.0,0.0,0.0
2020-08-11,0.0,0.0,0.0,0.0,0.0,0.0,0.0,0.0,0.0,0.0,0.0
2020-08-12,0.0,0.0,0.0,0.0,0.0,0.0,0.0,0.0,0.0,0.0,0.0
2020-08-13,0.0,0.0,0.0,0.0,0.0,0.0,0.0,0.0,0.0,0.0,0.0
2020-08-14,0.0,0.0,0.0,0.0,0.0,0.0,0.0,0.0,0.0,0.0,0.0
2020-08-17,0.0,0.0,0.0,0.0,0.0,0.0,0.0,0.0,0.0,0.0,0.0
2020-08-18,0.0,0.0,0.0,0.0,0.0,0.0,0.0,0.0,0.0,0.0,0.0
2020-08-19,0.0,0.0,0.0,0.0,0.0,0.0,0.0,0.0,0.0,0.0,0.0
2020-08-20,0.0,0.0,0.0,0.0,0.0,0.0,0.0,0.0,0.0,0.0,0.0
2020-08-21,0.0,0.0,0.0,0.0,0.0,0.0,0.0,0.0,0.0,0.0,0.0
2020-08-24,0.0,0.0,0.0,0.0,0.0,0.0,0.0,0.0,0.0,0.0,0.0
2020-08-25,0.0,0.0,0.0,0.0,0.0,0.0,0.0,0.0,0.0,0.0,0.0
2020-08-26,0.0,0.0,0.0,0.0,0.0,0.0,0.0,0.0,0.0,0.0,0.0
2020-08-27,0.0,0.0,0.0,0.0,0.0,0.0,0.0,0.0,0.0,0.0,0.0
2020-08-28,0.0,0.0,0.0,0.0,0.0,0.0,0.0,0.0,0.0,0.0,0.0
2020-08-31,0.0,0.0,0.0,0.0,0.0,0.0,0.0,0.0,0.0,0.0,0.0
2020-09-01,0.0,0.0,0.010460572979038352,0.00732240108532678,0.005230286489519065,0.00732240108532678,0.005230286489519065,0.0,0.0,0.00732240108532678,0.0
2020-09-03,0.0034995329582676593,0.0036155099393655465,0.009962376122358174,0.008037617031189326,0.006747767862463894,0.008072157208486752,0.006805454634667418,0.0034995329582676593,0.0036155099393655465,0.008072157208486752,0.003352381595927545
2020-09-04,0.002434321726206612,0.0021450844241834854,-0.0021137370399467725,-0.0007653354186805128,0.00014116150498355573,-0.0008509853992355598,-2.1174706982263203e-06,0.002434321726206834,0.0021450844241834854,-0.0008509853992355598,0.0024160580651377828
2020-09-07,-0.013129473051074703,-0.003395458992940137,-0.006354643164472651,-0.008369666263926323,-0.009721262085287341,-0.0054746063531910805,-0.004884262580213683,-0.013129473051074814,-0.003395458992940137,-0.0054746063531910805,-0.012743134241116838
2020-09-08,0.004322577465179833,0.0006812693795914537,-0.0021317609684238237,-0.00022127547700312444,0.0010645573477665593,-0.0012934401602562318,-0.000731911138705188,0.004322577465179833,0.0006812693795914537,-0.0012934401602562318,0.0041983904315112675
2020-09-09,0.002492616355916688,0.007102451605853766,-0.012105785462008467,-0.007765016624993626,-0.0048528344641285415,-0.006370154454109378,-0.0025336620214639893,0.002492616355916688,0.007102451605853766,-0.006370154454109378,0.002423919262446006
2020-09-10,-0.007935129713223632,0.0027624173507938554,0.002162493767138729,-0.0008710283492331383,-0.0028913577126593593,0.002344061494220284,0.002464344422587361,-0.007935129713223743,0.0027624173507940775,0.002344061494220284,-0.007581830566447567
2020-09-11,-0.004561529233560013,-0.005464268221694657,0.0028771033048875516,0.0006581936633502927,-0.0008270930368257101,0.00035152165034690874,-0.0013210932467598857,-0.004561529233560013,-0.005464268221694768,0.00035152165034690874,-0.004593457473867413
2020-09-14,0.008213749625210154,-0.002416271438212214,0.005737698658003776,0.006472440473151986,0.006966082922394756,0.0032832111989251622,0.0016508464687201574,0.008213749625209932,-0.002416271438212214,0.0032832111989251622,0.007747873537281791
2020-09-15,0.005109081727703746,0.001851101520546905,0.0014262413215839764,0.0025209758210729127,0.0032555851393263335,0.0015534051408561123,0.0016383209036610058,0.005109081727703746,0.001851101520546683,0.0015534051408561123,0.005060188233105167
2020-09-16,0.007498347668810412,-0.0028500132606341655,0.002136315081531004,0.0037343088569541383,0.004804669404019801,0.00064342629506009,-0.0003532640332273296,0.007498347668810412,-0.0028500132606341655,0.00064342629506009,0.007097006991167776
2020-09-17,-0.0045237007415076524,0.0001754356055525541,0.0,-0.001353209614632922,-0.0022572029735723476,5.2341415655465795e-05,8.737289686311378e-05,-0.0045237007415076524,0.0001754356055525541,5.2341415655465795e-05,-0.00401861346329957
2020-09-18,0.012065089929228057,0.00013723238691532025,0.014211739789492306,0.013571634473050986,0.013143053389716775,0.010012077377614004,0.0072015393017008655,0.012065089929227835,0.00013723238691532025,0.010012077377614004,0.011371902259861066
2020-09-21,-0.0014834203224607379,-0.0017494728488356426,0.005605038566184328,0.003494486631996141,0.0020798807174220446,0.003431997008101817,0.0019676116543223543,-0.0014834203224606268,-0.0017494728488358646,0.003431997008101817,-0.0013934477953112534
2020-09-22,-0.0017747724475971616,-0.0034478052239772516,0.0013934493044545082,0.0004548070961016837,-0.0001765347906041992,-2.9612376768350934e-05,-0.0009920771134313,-0.0017747724475971616,-0.0034478052239771406,-2.9612376768239912e-05,-0.002026185936421787
2020-09-23,0.00968884167640427,0.004287311211145228,0.005566041221549467,0.006784772309261333,0.007605792494583596,0.005191450016285737,0.004937496346956394,0.00968884167640427,0.004287311211145228,0.005191450016285737,0.010007973367311962
2020-09-24,-0.0006088259142330577,-0.0030558319237423692,-0.005535231892664139,-0.004074748270129103,-0.0030928588522478595,-0.004809569694393723,-0.0043173001552953005,-0.0006088259142329466,-0.003055831923742258,-0.004809569694393723,-0.0007808912109315003
2020-09-25,-1.9797076595939878e-05,0.00035588448810885964,0.0,-5.88947146262786e-06,-9.839287824831011e-06,0.00010434259021185888,0.00017503918841721422,-1.9797076595828855e-05,0.0003558844881086376,0.00010434259021185888,-9.489400069573328e-05
2020-09-28,0.009844227721220067,0.0015793317852372812,0.013219347901180178,0.012215290689308711,0.011541905878676983,0.00980572648627498,0.007493255748861838,0.009844227721219845,0.0015793317852375033,0.00980572648627498,0.008026330442074014
2020-09-29,-0.015935577597831263,-0.00804349121792658,0.0027467108840151244,-0.0027980240056040273,-0.006522843546333479,-0.00039191011962513844,-0.0025301729900983894,-0.015935577597831263,-0.00804349121792658,-0.0003919101196250274,-0.015837159110890897
2020-09-30,0.007910419701334437,0.004539493502395464,-0.0006847967822286583,0.0018004661936688038,0.0035009794595735055,0.0007614793268195807,0.001781713486091796,0.007910419701334437,0.004539493502395464,0.0007614793268195807,0.0077418194836995635
2020-10-01,0.013618492315787822,0.007830598279332968,0.0020557981506443834,0.00552460640018726,0.007837145233216436,0.003788238189250892,0.0049431982149885645,0.013618492315787822,0.007830598279332746,0.003788238189251114,0.013698032132600568
2020-10-02,0.004212006514264122,0.001449090620473381,-0.0034193008586923535,-0.0011114803763668801,0.0004182409060458081,-0.001952901758632386,-0.0009781111945297294,0.004212006514264122,0.0014490906204736032,-0.001952901758632386,0.0042982921600096535
2020-10-05,0.02112704555906797,0.018729803874110162,0.0027448260731026686,0.008333508248045796,0.01202371388419099,0.007576043347921502,0.010779753140706338,0.02112704555906797,0.018729803874110162,0.007576043347921502,0.021017179513708628
2020-10-06,0.012717447229508627,0.006520427384744121,0.004790297095563778,0.007230939361082989,0.008827719139748558,0.005318991264400275,0.00566679561923622,0.012717447229508405,0.006520427384744121,0.005318991264400275,0.012808436411458901
2020-10-07,-0.00583985671223286,0.002154645233663599,0.0034053282485271286,0.000543379296862323,-0.001321544991975121,0.0030226871016914014,0.002771183918588438,-0.005839856712232749,0.002154645233663377,0.0030226871016911794,-0.007228866564089609
2020-10-08,-0.01151141891806473,-0.00552133896481366,-0.004072525611724109,-0.006360625785324481,-0.007858671540900364,-0.004515400285288962,-0.004806677973588025,-0.011511418918064842,-0.00552133896481366,-0.004515400285288962,-0.010899140910725524
2020-10-09,0.008924158718222275,0.007224280571691111,0.0020445894487575167,0.00414968016635342,0.0055331670083109685,0.0036263225038677405,0.004667392247227786,0.008924158718222053,0.007224280571691111,0.0036263225038677405,0.008466920753982254
2020-10-12,-0.019118842676983716,-0.010116717148897836,0.004760974475589208,-0.0025807931163457365,-0.007389136740252211,0.00020145553562112006,-0.0027917076756137638,-0.019118842676983716,-0.010116717148897836,0.00020145553562112006,-0.016189764881714863
2020-10-13,0.010448566591489516,-0.0019120776826283548,0.0,0.003159111941901882,0.005253434708786253,-0.0005799432682233041,-0.0009635389976307973,0.010448566591489516,-0.0019120776826284658,-0.0005799432682233041,0.008320934343684527
2020-10-14,0.01160836231227802,0.003607418212431046,0.01692291072395169,0.015304387044441814,0.014236999598323363,0.012889634619551504,0.010219305039516735,0.01160836231227802,0.003607418212431046,0.012889634619551504,0.01240092308065499
2020-10-15,0.010653476826584463,0.01001209386910018,0.007987819983044764,0.008796679461428702,0.009331520463948362,0.008595355576946684,0.00900025859020559,0.010653476826584463,0.01001209386910018,0.008595355576946684,0.011161027678379343
2020-10-16,0.0013924071987363451,-0.005338230419759782,0.0019811300852770053,0.0018021608477933881,0.0016839788162534841,-0.000218680071730315,-0.001683311979865043,0.001392407198736123,-0.005338230419759782,-0.00021868007173042603,-0.00042891538762257486
2020-10-19,0.004442041893041981,-0.0082931482206966,0.002636283958904917,0.0031850021147128427,0.003547454705807862,-0.0006317011731249433,-0.0028155097744420043,0.004442041893041981,-0.008293148220696711,-0.0006317011731250544,0.004218498464678921
2020-10-20,8.34696853253547e-05,0.001131651801421274,0.010517408959092034,0.007342860544823804,0.005247834933032491,0.007732509436897406,0.005861345094281489,8.34696853253547e-05,0.001131651801421274,0.007732509436897184,0.0015542939490671426
2020-10-21,-0.011093415783558602,-0.00031113309202979167,0.0,-0.003350872296082996,-0.0055738541222223326,-9.171330530421962e-05,-0.0001536204008305564,-0.011093415783558491,-0.00031113309202979167,-9.171330530421962e-05,-0.004004568729556124
2020-10-22,0.013264594999758517,0.010042176275690373,0.009757447829924493,0.01080858538810503,0.01150982276247059,0.009841359368828018,0.009898008922291757,0.013264594999758517,0.010042176275690373,0.009841359368827796,0.0166826454263993
2020-10-23,0.006220982073902093,0.006284618903346084,0.010951581389847753,0.009530314383520366,0.008583797999903942,0.009575920173070074,0.008647326227385399,0.006220982073902093,0.006284618903345862,0.009575920173070074,0.005311093735223427
2020-10-26,-0.015463752986468293,-0.01662127342124564,0.007646783666201529,0.0007261869130785747,-0.0038935194798507267,0.0005167095782747655,-0.004307202804651689,-0.015463752986468293,-0.01662127342124564,0.0005167095782747655,-0.016497437781164637
2020-10-27,-0.008949488727361898,-0.0030466540955120802,-0.020869073789472226,-0.017357424817388334,-0.01498613583009678,-0.01572245307083009,-0.012198659247145693,-0.008949488727361898,-0.003046654095511858,-0.015722453070829978,-0.006897334729257909
2020-10-28,-0.01652252085486805,-0.0125212723961442,-0.039398374281824244,-0.03260121451997744,-0.028038752206934414,-0.031537059398907274,-0.02620181062059246,-0.01652252085486805,-0.0125212723961442,-0.031537059398907386,-0.020819175100965315
2020-10-29,-0.006554673713585313,-0.010892575150825978,-0.0006723650792739289,-0.002449240015939047,-0.0036279936408055713,-0.003720381619136681,-0.005760950018458666,-0.006554673713585313,-0.01089257515082609,-0.003720381619136681,-0.005591833293169479
2020-10-30,0.0007248838663995727,-0.0007308350768657768,0.0074009920406128415,0.005392632858180368,0.004056363696081089,0.004993261675323213,0.0033730984580002676,0.0007248838663995727,-0.0007308350768656657,0.004993261675323435,0.0006909239016958946
2020-11-02,-0.0001707477760382048,0.024406024054768993,0.0040072471451988445,0.002756225196121731,0.0019210804172422602,0.010012664265633742,0.014069935269370504,-0.0001707477760382048,0.024406024054768993,0.010012664265633742,-0.00016275396475484705
2020-11-03,-0.0047630563675338244,0.004058284945386292,0.014634595092988034,0.008843287324122873,0.004969133863856445,0.011476548511001328,0.00936413803957592,-0.0047630563675340465,0.004058284945386292,0.011476548511001106,-0.003093077941722089
2020-11-04,0.002332814351370782,0.01137196032173704,0.003278071096137536,0.0029996641549061565,0.0028116298123561645,0.005677151018351756,0.007290269591556875,0.0023328143513710042,0.01137196032173704,0.005677151018351756,0.003815871026546125
2020-11-05,-0.0026273038156112705,-0.002976706638718518,-0.0019604162737590913,-0.0021567044045399664,-0.0022893378691679622,-0.0022633569523904384,-0.0024662400423201003,-0.0026273038156113815,-0.002976706638718518,-0.0022633569523903274,-0.0038563681058467747
2020-11-06,0.018582864225301865,0.01348882977854271,0.0,0.005467001837709873,0.009162316693109629,0.004017939954522598,0.006710168114991033,0.018582864225302087,0.01348882977854271,0.004017939954522598,0.018168263043054855
2020-11-09,0.011971925180492393,0.01059420478418338,0.00851182390439087,0.009543050061280978,0.010233759074494087,0.009137957243808392,0.00955470262413649,0.011971925180492615,0.01059420478418338,0.009137957243808392,0.009860956376222196
2020-11-10,-0.014524134571420655,-0.014704915355531756,0.01103690247389566,0.0034005282993070374,-0.0017055505876163446,0.0032856454877374652,-0.0018681506914924872,-0.014524134571420766,-0.014704915355531645,0.0032856454877374652,-0.015457081325226052
2020-11-11,0.004941404891236401,0.0029474819832320254,-0.008989992135590152,-0.004902329294263819,-0.0021342167836844173,-0.005459891520486648,-0.0030823873848225825,0.004941404891236401,0.0029474819832320254,-0.005459891520486648,0.004990919732027255
2020-11-12,0.006790744168738483,-0.006173714864873614,0.0032398375914644006,0.004292028814307791,0.004999663732615289,0.0004325682811991971,-0.0014469088537859554,0.006790744168738483,-0.006173714864873503,0.0004325682811991971,0.006627564777347272
2020-11-13,0.001460200884368934,0.004888002506985734,0.018730374658572302,0.013600209646840389,0.01015603815586652,0.014629620731416715,0.011871264919072422,0.001460200884368934,0.004888002506985734,0.014629620731416715,0.0015922946032362884
2020-11-16,-0.016380915478972136,-0.017267776611628483,-0.02218999761885787,-0.020485057433235587,-0.019330718425781046,-0.020745807323308996,-0.01976779350213098,-0.016380915478972136,-0.017267776611628483,-0.020745807323309107,-0.01582191601986027
2020-11-17,0.033382843426513986,0.010033470373550957,0.011022590091325446,0.017612723864498303,0.022061600452663255,0.010731349483197539,0.010534607064127455,0.033382843426513986,0.010033470373550957,0.010731349483197539,0.033066314042993206
2020-11-18,0.008522459036040875,-0.0071572032591192825,0.011543735875082728,0.010639489553943227,0.01003564289691683,0.006041153968044055,0.0023221875046033347,0.008522459036040875,-0.0071572032591192825,0.006041153968044055,0.008602880557185166
2020-11-19,0.0029077667344596936,-0.0007576480220676807,0.007607999183608438,0.0062042003545226265,0.005265357820752659,0.005178776167166443,0.0035218603092639356,0.0029077667344596936,-0.0007576480220674586,0.005178776167166443,0.002836297326585413
2020-11-20,-0.0017707970736274836,-0.00014495429914507252,0.008179767451482745,0.005217610075714196,0.0032319408766172675,0.005776704815551703,0.0041309583646509385,-0.0017707970736275946,-0.00014495429914518354,0.005776704815551703,-0.001637422655785148
2020-11-23,0.0010662012931805798,0.00947915514223796,0.0,0.00031518808795460984,0.0005275150731989253,0.0027201976796622507,0.004590646901892592,0.0010662012931805798,0.00947915514223796,0.0027201976796622507,0.0010963290147858462
2020-11-24,-0.0049079091619296245,0.0017864720646862953,0.00624107824018183,0.002942764596880032,0.0007220215424308396,0.004954139892698661,0.004073265330913678,-0.004907909161929513,0.0017864720646862953,0.004954139892698661,-0.004651216172406825
2020-11-25,-0.0008488734881380022,-0.00714583844120853,0.008063079402826467,0.005447207136996868,0.003676236010566214,0.003683063773438633,0.0006785885573346029,-0.0008488734881380022,-0.007145838441208419,0.003683063773438633,-0.0014611265222139735
2020-11-26,0.0050077361327298675,0.009211522283422147,0.0012305517180688508,0.0023323034720090785,0.003081460339690034,0.0035041928636985187,0.005075307907828952,0.0050077361327298675,0.009211522283422147,0.0035041928636985187,0.004545394803389113
2020-11-27,0.006064548743589526,0.0077934303370592595,0.0024580786432402135,0.003512843315050418,0.0042287270239531605,0.003986673071123326,0.005038910701276045,0.006064548743589526,0.007793430337059037,0.003986673071123326,0.006054723052446365
2020-11-30,-0.008694921352751628,-0.011673919890858975,0.0018390384812154714,-0.0012496051908418293,-0.0033422151680231327,-0.002047144392799516,-0.0047154043234545195,-0.008906395561413594,-0.011673919890858864,-0.002047144392799627,-0.008460486216278706
2020-12-01,0.008120753859965912,0.003104881771881285,0.0030594377116763827,0.004532394420277086,0.005535536281399356,0.003072380866666169,0.0030813261833666505,0.007625784426448234,0.003104881771881285,0.003072380866666169,0.007885283284118527
2020-12-02,0.0023722231329907917,0.004155052086594724,0.007930275865312142,0.006306979602525908,0.005204172879533786,0.006855000251609011,0.006111868378341434,0.002227633362070325,0.004155052086594724,0.006855000251609011,0.0026402414999056045
2020-12-03,0.009336406585962687,0.022191543447740436,0.012104432915955865,0.01129915853748309,0.010750601608285226,0.01496978321028486,0.016953629564234296,0.00876734169880633,0.022191543447740658,0.014969783210284637,0.009636180975344466
2020-12-04,0.01650374134552446,0.012845573335686256,-0.0029899169794862512,0.0026701726270912385,0.0065310183623408236,0.0015403273855276733,0.004661919219742572,0.015497819032697091,0.012845573335686256,0.0015403273855276733,0.016338103232470536
2020-12-07,-0.0008353389524792254,0.014335534977979902,0.004198436748602985,0.002716687544378038,0.001715521221262284,0.007131210509324193,0.009136664295903874,-0.0007844240675763947,0.014335534977979902,0.007131210509324193,-0.0009501063841499402
2020-12-08,0.0025347940234243804,0.00556751860334348,-0.0023890763276384064,-0.0009448133640734824,3.3443586297199346e-05,-7.0679672940277e-05,0.0015069003336165565,0.002380295366834817,0.00556751860334348,-7.0679672940277e-05,0.002513383425463145
2020-12-09,0.0061213533709820744,0.0037474638604839683,0.017362283195152983,0.014053625205118214,0.011817967983540845,0.01337282141468843,0.010668706079882018,0.005748249732742794,0.0037474638604839683,0.013372821414688207,0.005717163724736185
2020-12-10,-0.023287152923550547,-0.01659818534279145,-0.011769640577636409,-0.015133189675548775,-0.01741839041869575,-0.013171078602065012,-0.014127284929740025,-0.021867773751422792,-0.01659818534279134,-0.013171078602065012,-0.022957619108575078
2020-12-11,0.018056296027073593,0.012754704014458662,0.01190981481738329,0.013689958434413452,0.01490634380093625,0.012154184051770267,0.012321316813322936,0.016955743692885772,0.01275470401445844,0.012154184051770267,0.01740111704763425
2020-12-14,0.02408457933460406,0.018018249199153402,0.011181158548754233,0.014934343728972399,0.0174913510965935,0.013159839183684463,0.014512578742855053,0.022616596091258545,0.018018249199153402,0.013159839183684463,0.02351878294167653
2020-12-15,0.0010823892892715126,0.0016535713809253672,-0.006401723630798606,-0.004205212834324401,-0.002718032714435381,-0.004059310938383409,-0.002463161930011726,0.001016416397764841,0.0016535713809253672,-0.004059310938383409,0.001109185959781156
2020-12-16,0.006357567657778063,0.006939648933464326,0.017571735661231047,0.014263015468360729,0.012031072289253375,0.014462278765473568,0.012351822059684325,0.005970066482839709,0.006939648933464326,0.014462278765473568,0.005978006957136239
2020-12-17,-0.007005012967123525,0.002489556884657018,-0.011512201086450569,-0.010192728426258513,-0.009297786866074076,-0.007447616785716149,-0.004674669533018538,-0.0065780492443078264,0.002489556884657018,-0.007447616785716149,-0.006838375727852286
2020-12-18,0.02408027289941872,0.022128279053821087,0.0285333746079659,0.02722553724118626,0.02634047013092622,0.026655417785335755,0.025383036325398844,0.022612552138328468,0.022128279053821087,0.026655417785335755,0.023561187194373945
2020-12-21,0.02227157333271479,0.01764924932399703,0.006227752643462869,0.010925256219112445,0.01411104159638854,0.009561738156020683,0.011827570114408381,0.0209140949229345,0.01764924932399703,0.009561738156020683,0.021814127069278433
2020-12-22,0.021050498913065985,0.024656357055447664,-0.0005626552534815366,0.005836530379387916,0.010142638041740204,0.006857858903206893,0.011873053283605328,0.019767446415485335,0.024656357055447664,0.006857858903206893,0.020794541616041107
2020-12-23,-0.018276302232212216,-0.019255850657131535,-0.005066748113779385,-0.0090369677529486,-0.01168027458631593,-0.009315593486642904,-0.012151907045135468,-0.017162340262834808,-0.019255850657131646,-0.009315593486642793,-0.017812942900974793
2020-12-24,-0.006926419978203757,-0.02033527820884984,-0.005658389762075666,-0.0060359513452095115,-0.006289007745668207,-0.01000920249688142,-0.012934415436507196,-0.006504246589866147,-0.020335278208849727,-0.01000920249688142,-0.007088687631154222
2020-12-25,0.01954633608123868,0.01859233018887707,0.017071768003518395,0.017807921456674647,0.018301633136134532,0.01751782144567482,0.017819930397286354,0.018354964065252055,0.01859233018887707,0.017517821445674597,0.017717110511202394
2020-12-28,0.010745432416435774,0.011045749805295824,-0.005035564413619409,-0.0003328942230197418,0.002817208588368869,-0.000313165999771714,0.002882931147947909,0.010090485759046475,0.011045749805295824,-0.000313165999771603,0.006115270493541436
2020-12-29,0.00560978935039369,0.003714091948673781,0.004498710804585304,0.004833476722391206,0.005055965045377198,0.004265683579938395,0.004109217094469209,0.00526786613676089,0.003714091948673781,0.004265683579938395,0.010960764980166182
2020-12-30,-0.004760957082702633,-0.014219638233116227,-0.0033589222834705668,-0.0037816791447898845,-0.0040624912266052915,-0.006582719945726678,-0.00874818346095263,-0.004470771187296441,-0.014219638233116227,-0.006582719945726678,-0.005382572471085201
2020-12-31,0.014528371947233998,0.02283193634184677,0.015166091999989417,0.014967276017832543,0.01483831392759205,0.017400342281404635,0.01892062745595524,0.013135337592037555,0.022164381868780225,0.017334704527625755,0.009526447162169882
2021-01-04,0.025147880775887588,0.01681838502555455,0.018259410763154182,0.02032595176697427,0.021703645769520996,0.017827103041874404,0.017538897894354255,0.02001763069913931,0.013682221663910532,0.01749849774366652,0.0187889823692875
2021-01-05,0.009787612693485048,0.005551317790527088,0.009781081807650471,0.009783050332638377,0.009784358258605907,0.008513410175383207,0.0076676973336857746,0.0077909076343423145,0.004516150654262807,0.008356483293720185,0.005404385986409466
2021-01-06,0.015712367239511638,-0.005633731244769402,0.010224468874903359,0.011878626388214242,0.012977676976601238,0.005485682951525073,0.002317624861416734,0.012506992840182862,-0.004583196280065649,0.005384565878385095,0.01951545451840775
2021-01-07,0.01864772584305663,0.014252505404036775,0.014915138967821484,0.01604447463572467,0.01679278519667493,0.014719318935371817,0.014587373101803358,0.014843528670734463,0.011594807581573052,0.01444799912660577,0.014945907101368006
2021-01-08,0.0029571802571741745,0.004145957011595813,0.012596525895320676,0.009672562209216862,0.007738688634035151,0.010100380981790558,0.008417905921701774,0.0023539057953407827,0.003372850767508595,0.009914201617889695,0.0004112550395789505
2021-01-11,0.013197873612258437,-0.0016533625289217868,0.017104762522024197,0.015927543363299934,0.015145191850130413,0.011596614732514832,0.00786857691407139,0.010505464151771227,-0.001345056173772896,0.011382855433910377,0.010219453182296334
2021-01-12,0.009824169266488436,0.019130967344761052,0.012740234736139389,0.011863930191497563,0.011280435115638587,0.014592233944083821,0.015857195434605842,0.007820006546673142,0.01556357138086284,0.014323256680899066,0.003962187869919198
2021-01-13,-0.004080664855928506,0.008708631064548111,-0.010567168965243456,-0.008621844103043452,-0.007324662658449332,-0.004956159174461572,-0.0011354591828303118,-0.003248195854787528,0.007084712380726055,-0.0048648027628412915,-0.006058488939732154
2021-01-14,0.02005372710798503,0.01941190184851882,-0.0005085726957616554,0.005686379299337574,0.009803803573091185,0.005369728234549731,0.009334639268860467,0.015962701070774132,0.015792119374478997,0.0052707485437011314,0.021703339454350212
2021-01-15,0.009668835628893202,0.007683257588307901,0.011194292418229113,0.010728141389111379,0.01042148190988712,0.010143755864431947,0.00944207974601885,0.007696361480106884,0.0062505426807877296,0.009956776975436288,0.00790556701973566
2021-01-18,0.006935735902577678,0.01753808133248369,-0.00553518374369899,-0.001728298268248385,0.0007779933233276193,0.0013517506443505578,0.005959667958312487,0.005520823053117407,0.014267714527056441,0.001326833953032569,0.0015909433703831244
2021-01-19,-0.04706191849962671,-0.03825819050799961,-0.05009393281587082,-0.049160344145999235,-0.04854958633013451,-0.046504081997426616,-0.04412962675993015,-0.037461132924639484,-0.03112409676643768,-0.04564687666817269,-0.046986602395529986
2021-01-20,0.001699329075744993,-0.015071060217438315,0.00799025301847589,0.006048937367186591,0.004780981553962782,0.0009351299611159991,-0.0037022623687128497,0.0013526603763442946,-0.01226072457562477,0.000917892799306097,0.002541597554619468
2021-01-21,0.012314597201966038,0.02284501725633281,0.02378074488681392,0.02025770525469217,0.017949308694664934,0.02349905647676609,0.023311727304949015,0.009802379023283958,0.01858505376955466,0.023065900599279265,0.007804335064168777
2021-01-22,0.0185061167589351,0.010625297017618163,0.004645671449787336,0.008871217090844485,0.011655776525333561,0.006444608234036808,0.007641490253678551,0.014730808303764054,0.008643973176915898,0.0063258153821861285,0.013961094217547876
2021-01-25,0.03403555252174839,0.017453076240346865,-0.0015413963290106247,0.009408303720969347,0.016573961602799336,0.004196721184290819,0.008003097781338564,0.027092188287880514,0.014198560532103333,0.00411936342105701,0.012092299546978325
2021-01-26,-0.007932234876438793,-0.03175185058423913,-0.033963069789329614,-0.025755960456494642,-0.020480806393643802,-0.033286255394044284,-0.03284154211204404,-0.006314032971224681,-0.025831009176732866,-0.03267269300792397,-0.02164117835433843
2021-01-27,-0.023360054367411953,-0.04253434155846747,-0.018643923709776744,-0.020158048013920182,-0.021117862363086326,-0.025967957132034147,-0.03077476679791702,-0.018594526735908,-0.0346028639876641,-0.0254892922431188,-0.02877622028272686
2021-01-28,-0.04720573244140858,-0.04023217192886386,-0.06947885081842886,-0.062351384379961794,-0.05782181307417933,-0.06066525580991944,-0.054808439511085494,-0.03757560835108342,-0.032729985281872875,-0.059547018907969984,-0.04032760099597943
2021-01-29,-0.02361306124546736,-0.002308038358674769,0.025083311075030146,0.009248613114313908,-0.0006899799020857467,0.016649268993314204,0.011131662949116716,-0.019525275584799218,-0.0026536408676689494,0.015075736926441374,-0.019839215219548678
2021-02-01,-0.002066437634441698,-0.03987932289381557,-0.010812119735561732,-0.008060865897121183,-0.006289514577337507,-0.019595281910708473,-0.02542056827543493,-0.0012060089010198505,-0.023584623545484962,-0.012256648303504813,-0.006384302303631184
2021-02-02,0.00048126013388638533,0.01609400889928181,0.051199823701403524,0.03514814255888332,0.024860556479016083,0.04081146006593239,0.03381827427623696,0.00028087177444890976,0.009517993628876509,0.02552715062023725,0.000497959605274545
2021-02-03,0.0029777963056005774,0.02872897777432093,0.03557185686913322,0.025601780192004986,0.01904769689124053,0.03359502935205749,0.03224190479614908,0.0017378936533685163,0.016990311682524517,0.021013347059277043,0.0030810728304606627
2021-02-04,0.0003748950787583194,0.023344964685159564,-0.005284609974847698,-0.0035916330644133465,-0.002460665314187538,0.0029472006037798426,0.008599994092130192,0.00021879528053281305,0.013806207423534778,0.0018434438169867562,0.00038785732695489905
2021-02-05,0.001065379442134251,0.008057688224800463,0.03931387229555483,0.027826721333945814,0.020174626878632473,0.030144060656177585,0.02393382554595358,0.0006217739498945996,0.004765315196920472,0.018854801456078096,0.0011022013675554554
2021-02-08,-0.0076312143544815525,-0.04488041548664912,-0.04600551410181708,-0.03478065229125793,-0.027162998987950715,-0.045682514138979946,-0.04546047735217895,-0.004453709264534256,-0.026542268699896177,-0.028573945094169995,-0.00789467601099847
2021-02-09,0.013918603601911439,-4.8683501335688995e-05,0.047152441663902644,0.03715777957597899,0.030506363745904874,0.033590274209125415,0.024272685991139742,0.008123138852050182,-2.8791412906681302e-05,0.02101037276603579,0.014402956220053387
2021-02-17,0.01930556805835204,0.04342564305888219,0.006652041605682335,0.01037216594626833,0.012887888085488575,0.016874217706861483,0.024054013419542608,0.0112670648896247,0.02568191657845742,0.010554650490470996,0.01595665829280568
2021-02-18,0.002655126451257983,0.011829605272953625,0.008133026896773199,0.006508290024059615,0.00541633122236207,0.009187417147645816,0.009915409178705037,0.0015495779210463745,0.006996026181215864,0.005746635404859646,0.0006691604719666344
2021-02-19,-0.011742193030529258,-0.014242951546513116,0.004537920599146705,-0.00027225084405346767,-0.003513822898164487,-0.0008330499935685909,-0.0045348321883406095,-0.006852947834613765,-0.008423278682426871,-0.0005210642458185477,-0.003828883442602904
2021-02-22,0.008045861326240411,0.0020683034112214393,-0.002007742623013953,0.000928645126498262,0.0029234645324627273,-0.0008577159070057849,-5.7870077765920236e-05,0.004695704440380588,0.0012231942217622027,-0.0005364925222508532,0.005853478826888914
2021-02-23,0.006329656739358258,0.0013567253727264639,0.0045265089667674285,0.005056904823926622,0.005415454788422647,0.003629558523628562,0.0030069441978437528,0.0036940976300641193,0.0008023671127905807,0.0022702517128265765,0.001878700683628498
2021-02-24,-0.018840037388009323,-0.01695125668059816,-0.017523768929128547,-0.017911439557472986,-0.018173274922250404,-0.017362132594500035,-0.017249763439204258,-0.01099537310334775,-0.010024969794479421,-0.01085983625952891,-0.01750301742369731
2021-02-25,0.0031339141321404806,0.0009010659407837629,0.00866335962057474,0.007036353561896025,0.005936735716763231,0.006470929111647594,0.0049471821422324425,0.0018290067289712386,0.0005328902163064253,0.004047499937984256,0.0022054230501584726
2021-02-26,0.004712406755724041,-0.001146640262931986,-0.001010464759297447,0.0006669302614961126,0.0018036765245710296,-0.0010487141634115682,-0.0010753959373291933,0.0026984256758255665,-0.0010183164303890768,-0.0010575597977743323,0.006314002574133948
2021-03-01,0.019641114612319654,0.028328911377124566,0.016689532713063393,0.01755814988313187,0.01814514557416036,0.01995851754425071,0.02223902323500826,0.011752880760111495,0.013998325545045986,0.010192248972264562,0.018320898282942366
2021-03-02,-0.007071792258254828,-0.004142422359356024,0.0,-0.002085408636834152,-0.003492675069472928,-0.0011729703178516848,-0.0019868143324869303,-0.00423163006845928,-0.0020469186393858863,-0.000599002680941374,-0.006669901617863738
2021-03-03,0.002673571460827695,0.00038909898179428914,0.0014923240554993722,0.0018389228252406742,0.002073632873220266,0.001180863026018164,0.0009643312754388234,0.0015998158558188091,0.000192267685259484,0.0006030332631987712,0.0025819846631334187
2021-03-04,-0.006052751101368492,-0.002602244942575327,0.0019868004572167752,-0.00037411068231241185,-0.0019719470318791954,0.0006922518668583955,-0.00020820984573188817,-0.0036218546334634283,-0.0012858620428151113,0.000353513399123484,-0.015916790550338344
2021-03-05,0.004589378406405276,0.007799248407975856,-0.017845748174318388,-0.011294829901073666,-0.006843660851551636,-0.010635229654257339,-0.0056087280416721175,0.002746199400500471,0.003853886821421737,-0.005431110215128543,0.0023924546758282705
2021-03-08,0.0031559562775578254,0.014208625896976246,-0.0040377790038005346,-0.0019035064159366177,-0.0004693917547428095,0.0011880927471223934,0.004786252772353894,0.0018884660339488768,0.007020988847960208,0.000606725276762976,4.634455335517096e-05
2021-03-09,-0.005287379638936773,-0.009391259182151113,-0.0005067685950680412,-0.0019322933739047699,-0.0028867485271175664,-0.003084428374842685,-0.004843633584724505,-0.0031638704654208816,-0.004640556128669426,-0.0015751301099299342,0.0014943468906014612
2021-03-10,0.007416612388146948,0.0024483936386217042,0.0035491787778190176,0.004698527591055601,0.005469906885982034,0.0032318281239092084,0.0030142982858081258,0.004437964074970768,0.0012098386259742355,0.0016504029821562405,0.009169817162662408
2021-03-11,0.016334004978894257,0.012038263526342297,0.014146506630164035,0.014798360218742923,0.015235012536215953,0.013539185697439393,0.013122672060328355,0.009773967345600543,0.005948535388298204,0.006914078222697295,0.013343163515813883
2021-03-12,-0.0019009292949567769,-0.0013994826202786692,-0.003985478440013734,-0.0033633627347700035,-0.0029470775202740107,-0.0032416346030085252,-0.0027309751111824765,-0.001137481032925436,-0.0006915342793268886,-0.001655410872962948,-0.002321980577537186
2021-03-15,0.0026548268674990716,0.004733920128776159,0.004001426037214317,0.003598955427038364,0.0033299249680986964,0.004212512301515092,0.004357243765106045,0.0015885994368611822,0.0023391987847567464,0.0021512105836807294,0.0031672449023878446
2021-03-16,0.0008562171017045817,-0.0008377472558918075,-0.0004981848050017446,-9.376293353724474e-05,0.00017675276867845646,-0.0005960889195067987,-0.0006631931711076344,0.0005123445231967061,-0.00041396079984601375,-0.0003044057086781793,1.5070382500370627e-05
2021-03-17,0.008518901479436902,0.004273763602420821,0.001993732467227227,0.0039439868251587296,0.0052476215874142085,0.0026509619474925916,0.003101506593158332,0.005097553538644828,0.002111819032254214,0.0013537710967228556,0.008077603287638624
2021-03-18,0.0042314618264227555,0.0028280728412650724,0.01243603379582825,0.009972661912354797,0.008331367063141304,0.009662012251239416,0.007762462165144202,0.0025320287197814206,0.001397451662371374,0.004934115683660645,0.012034267051744152
2021-03-19,-0.007856980234270727,0.009445088118791078,-0.003930649129254116,-0.005102804486428858,-0.005886967076498939,-9.493002541682838e-05,0.0025438132007691294,-0.0047014720727721615,0.004667154926230044,-4.8478072173785414e-05,-0.004830324407156694
2021-03-22,-0.008592432043240339,0.002376871204900377,0.000986540025003757,-0.001865221712134435,-0.0037767819581099316,0.001389045004728029,0.0016641559121972627,-0.005141552871964938,0.0011744968404154843,0.0007093458965816701,-0.00800797782081486
2021-03-23,-0.008847311920625378,-0.0026302064628919153,-0.013305164260468683,-0.011986958966465955,-0.01109912985268835,-0.010211683899264301,-0.008098730009939437,-0.00529406829006529,-0.0012996788273331727,-0.005214817407986794,-0.00778832322517975
2021-03-24,-0.019009627759365544,-0.013753989739308636,-0.012485721107719616,-0.014420997491231602,-0.015721524643820484,-0.012856065979819808,-0.01310769654951005,-0.01137501067326352,-0.006796336906526368,-0.006565228353241692,-0.017056169542898125
2021-03-25,0.005378109583832558,0.0014661754799503157,-0.005057434155473772,-0.0019762075156625203,0.00010121802732987462,-0.003154219258819868,-0.0018602662181865792,0.0032181615911937023,0.0007244896000868639,-0.0016107703354082403,-0.0034108538117829656
2021-03-26,0.004104506305807609,0.0036465997323706922,0.0025415709052416524,0.0030064479692168966,0.003318260811372875,0.0028654491530586412,0.003084941375195216,0.0024560608775747728,0.001801914994425724,0.0014633036306721525,-0.0037717259492590083
2021-03-29,0.01664499396398411,0.015795230004292726,0.012168612952522473,0.013501518352764474,0.014394862669834918,0.013232383644710133,0.013952910304313004,0.009960057418980428,0.007804986528268332,0.006757403113953231,0.01656285705768501
2021-03-30,0.023007520017500394,0.022077817656573462,0.005510229091478802,0.010736453072091034,0.014231503084414232,0.01038217805365993,0.013676301295554305,0.013767275670900636,0.010909437174152714,0.005301883938156893,0.011013347290760978
2021-03-31,0.012222331539474496,0.01016260200467567,0.0049818480500172235,0.007147600900615947,0.008594496770108373,0.006514172781530991,0.007546088866198675,0.007189959018614411,0.004938720460516022,0.0032868284113198865,0.008059142687899312
2021-04-01,0.0170960022319544,-0.004804057771279013,0.02478576135322008,0.022478833616840443,0.02094088179258735,0.01590881561587043,0.009990851790970368,0.010829567118201044,-0.0024871895522921017,0.008304373537172616,0.01383413345168849
2021-04-02,0.005602880552225242,0.014153085256051856,0.01160941720524633,0.009816942618138036,0.008617459234907754,0.0123569591352779,0.012862620696173943,0.003549178935071451,0.0073274318206586475,0.006450310753526978,0.0072750742416760605
2021-04-05,0.0025946470732625126,0.01514200201340632,0.010519836599461652,0.008164665907697488,0.006583963921218183,0.011880624532549344,0.012799966641142246,0.0016435950491056062,0.00783942054853859,0.00620166493568286,0.016577495094674655
2021-04-06,0.007037078635939054,-0.005040796426917238,-0.0009463928832782464,0.0014129899812185265,0.0030027108216847953,-0.0021556903065674815,-0.0029708468055308357,0.0044576804781599755,-0.0026097555036108666,-0.001125266516907808,0.0039007883723189973
2021-04-07,-0.003888585909425313,-0.010856644543122296,0.0033155128692579083,0.0011745036351802352,-0.0002624000959819961,-0.0008581843421265889,-0.0036772795409782955,-0.002463248514456673,-0.005620776053534837,-0.00044797070459878796,-0.0023256541209785153
2021-04-08,-0.005480082270318709,0.014272120341049854,-0.00991366970827412,-0.008602701093088805,-0.007719716902329643,-0.0028622372080959746,0.0019340330739192613,-0.003471391612757113,0.007389059476665016,-0.0014940827464434703,-0.0041001200577404084
2021-04-09,0.003365498263444122,0.013666453064218098,0.004768064111931647,0.004352032788077498,0.004072440385218812,0.0074069935854415014,0.00918072564224981,0.0021318954475821883,0.007075489283544734,0.003866437515284593,0.003946733827302262
2021-04-12,0.009606783089984638,0.015918542914593603,0.02230355653857896,0.01854111862842922,0.016010833555389903,0.020398234726145326,0.01912318992048867,0.00608547547265359,0.008241456599792363,0.010647842350743675,0.01634899020196645
2021-04-13,-0.018759481707670833,-0.01613158595788433,-0.012533147648592702,-0.014362014476720253,-0.015599567249187651,-0.013602226556704622,-0.014319888730286667,-0.011883308360603695,-0.008351754697086267,-0.007100338139027884,-0.006401931684246076
2021-04-14,0.006242356954867745,0.0169059619286549,-0.004230740376667819,-0.001168192792856182,0.0009106192299823679,0.002032770926660543,0.006245026296334499,0.0039542591713137565,0.008752669905800259,0.0010611028185940619,0.007032798986426059
2021-04-15,0.0011790560321935928,0.013936413194582942,0.022659816476054973,0.016331800189156143,0.012058500206354461,0.020036410802314553,0.018290519309193787,0.0007468802509216221,0.007215254883324418,0.010458970904199338,-0.003978583691700455
2021-04-16,0.00622403437097252,0.018240476837089847,-0.004154573711423248,-0.0011427240481073353,0.0009124786323764233,0.0025400565421895838,0.00701448823372286,0.003942652618543319,0.00944358406538437,0.0013259050102285563,0.004752293313574407
2021-04-19,0.026131007649824678,-0.0017020362307631487,0.02225016641739641,0.02338468418763573,0.024154928499017236,0.014977919282148422,0.010171339781187339,0.016552846529293452,-0.000881189805019722,0.007818447301916054,0.02104803293942159
2021-04-20,0.002905068540715927,0.015650860320617577,0.018138226783383615,0.013673043618078529,0.010647189360214027,0.017395435947128446,0.016898619247827762,0.0018402334252072272,0.008102870141684315,0.009080386713566035,0.004991046879875505
2021-04-22,-0.03740633079143929,-0.02878926040356744,-0.030731034724220674,-0.03266692967156426,-0.03398852253526097,-0.0301521658850481,-0.029764516672729724,-0.023695268897096944,-0.014904972234525471,-0.015739377117077402,-0.03406492631419222
2021-04-23,0.014577248525641906,0.006742437814060365,0.014244443239992632,0.014340486840957789,0.014406274791045837,0.012004852473302519,0.010506567043639503,0.009234047186310601,0.003490740887499122,0.006266511700437238,0.01979581917986395
2021-04-26,-0.001638030688496328,-0.015269678651004814,-0.03352531506088163,-0.024320880527878175,-0.018017032383424225,-0.028103757749615155,-0.024463321437456664,-0.0010376205525750581,-0.007905522168091372,-0.014670111703236732,0.005760129267390113
2021-04-27,0.002097965321232076,-0.026353325304893094,0.009375202582746711,0.007225753651712852,0.005776907443160395,-0.0013755682844174277,-0.008527376676659926,0.001328968957167831,-0.013643823302531777,-0.0007180442048931868,0.001989315752068288
2021-04-28,0.013125217339301498,0.0015266012765546844,0.007894905853585543,0.00943189750607032,0.010471620473117893,0.0060266020091095385,0.0047612956913776205,0.00831424915535317,0.0007903624240870322,0.0031458755605660027,0.013106135431302901
2021-04-29,0.016218375038483,0.007456585174482999,0.01704843460108907,0.01680361887399706,0.016638431605503712,0.01424700922697597,0.012343830477127726,0.009970405990273878,0.0036710353447988453,0.007326617665486035,0.014887341924062047
2021-05-04,0.012912028247151097,-0.015555199179776658,0.00906089596240034,0.010196085692436352,0.010962353930099589,0.0019195763350190465,-0.002954502940097359,0.009286462390431627,-0.008892036914824208,0.0010620607106357483,0.01670699692913935
2021-05-05,0.012663440822231031,0.033182754732559605,0.013469300017456165,0.013231120051137246,0.013070647782337685,0.0190885785127044,0.02297005601770219,0.009107675779369107,0.018968724000724357,0.010561304018174456,0.010849382896933157
2021-05-06,0.0032347333179258975,-0.004033870434875797,-0.00443009637530023,-0.0021659464321203137,-0.000639889229444579,-0.004315590983740458,-0.0042372317592145325,0.0023264531896158847,-0.0023059379955203685,-0.0023877245949477377,0.00449879671966702
2021-05-07,-0.0011644876924654657,-0.011084663496701008,0.0,-0.00034584525072922645,-0.0005780639527069864,-0.003204264862953554,-0.005396607731632974,-0.0008375114237059167,-0.006336481832338925,-0.0017728515169364023,0.0017862439658997697
2021-05-10,0.007248001632552459,-0.001093950478292971,0.02625387581435401,0.020613877649447776,0.016824695678440804,0.018410886060800546,0.013015633493286494,0.005212836688251343,-0.0006253502718640558,0.010186351215344391,0.005049831293186147
2021-05-11,-0.010198097653486116,0.01243892568782412,0.010406336049809894,0.004372038231280184,0.00028035536843762365,0.01097809128850713,0.011376545982658914,-0.007334575831178691,0.0071106377435969925,0.0060739441420443185,-0.007383876007967416
2021-05-12,0.021392182064205345,0.023533252271853433,-0.0060078430618859535,0.0019002303028838874,0.007316748859967914,0.0023138966847253695,0.008107731478667723,0.015385475495094836,0.013452643422223076,0.0012802297634559867,0.02330465446087926
2021-05-13,0.0026198159576815705,0.016593697378451067,-0.0038855284707629556,-0.001971457322508585,-0.0006777842897247588,0.002005610607096475,0.006049760702841356,0.0018841983532860151,0.009485688221494426,0.001109661641359283,0.006929004159161867
2021-05-14,0.013888031516649857,0.029565754470253225,0.0,0.0041050816239787125,0.006870698091154814,0.00862883104904566,0.014493854368407444,0.009988413895002157,0.016901087355147393,0.004774148476785811,0.01549722151072186
2021-05-17,0.0034567406394954148,0.005907612371387261,0.0,0.0010317125904202307,0.001722040105383682,0.0017599393494329707,0.002939081213006345,0.0024861231192885302,0.003377051407553955,0.0009737369658269213,0.0008665197944257574
2021-05-18,0.014465845695557533,-0.005945980147846641,0.004334094102433239,0.007365382706866486,0.009390156499051283,0.0012588726449394017,-0.0007954573095126927,0.010403983744941447,-0.003398984118326398,0.0006965074279634553,0.012457116373244537
2021-05-19,0.02177001144195012,0.008762980266156406,0.004746929871914052,0.009875913835284411,0.01328469958691958,0.00593966197010154,0.006740529185216948,0.015657214236620698,0.005009305448935963,0.0032862884886730725,0.02391252457005355
2021-05-20,0.0055586470182962255,-0.02295626725713229,0.022763514394571027,0.017518705985093197,0.014062312356936113,0.009147026476136633,2.2258108885564454e-05,0.00399783562187328,-0.013122813376917675,0.005060854972122719,0.009162582055107338
2021-05-21,-0.002681628920696899,0.006060115477413364,0.0041994093996393644,0.002126419059244933,0.000748570677930438,0.004735944689135296,0.005103667521021649,-0.0019286548666466174,0.0034642288993198544,0.002620297349115175,-0.003697247246575497
2021-05-24,-0.00044813989836145485,-0.0073261838064224705,0.06941867858266337,0.04847149800161343,0.03450058746089546,0.04726010397849101,0.03208704213482094,-0.00032230678497013887,-0.004187969314863538,0.026148009172876963,0.005270649650915393
2021-05-25,0.016234656980301798,0.0035752884878421654,-0.05083511863483825,-0.031664763182814526,-0.018447354328118615,-0.03594402853522971,-0.025378545938139707,0.011676130859022527,0.002043792358272789,-0.019887065595054265,0.011252866713709953
2021-05-26,0.016677705921114283,0.002479291617113466,0.00700370345600998,0.009905572247612238,0.011840309499541846,0.005714699186406991,0.004824016731343805,0.011994776175407118,0.0014172722783678537,0.003161821370820661,0.01765257751835536
2021-05-27,-0.007919428577569554,-0.00421578646942633,-0.00040911722054448596,-0.00267705978573074,-0.004181917243571309,-0.0014901478069957452,-0.0022387439490245686,-0.005695733794226943,-0.0024099292126000815,-0.0008244670503476659,-0.01021258111159129
2021-05-28,0.028926302592632958,0.029046858986688573,0.004911415991392554,0.012125244040444016,0.016930000475366525,0.01174676973800981,0.01648882104277094,0.0208040918110608,0.016604463844161366,0.006499237559886684,0.030160173389422784
2021-05-31,0.02884584747525465,0.005621656845032463,0.008552970787437664,0.014749933379358371,0.018828627959155853,0.0077086035390805385,0.007129492550719929,0.020486699076744053,0.002703402125989962,0.003572546565544288,0.02681285611442008
2021-06-01,0.004006852451110765,0.0038695915131763403,0.01130725046698644,0.009046914091462854,0.007574218595055804,0.009169263973623831,0.00770084907425117,0.003172842689192601,0.0027742808397077656,0.006879552821812407,0.0013958405052763023
2021-06-02,0.007765122953275583,0.024502242531414087,-0.015173978232737806,-0.008107089535944412,-0.0034856826164707533,-0.003828775021483155,0.003991240243463867,0.006148844733764092,0.017566738440818686,-0.0028726689600057087,0.007773856260441692
2021-06-03,0.02948858706862012,0.03837879474793482,0.027166340982345716,0.027893207445930823,0.02836296801848115,0.03046366455246119,0.03269305676784362,0.023350659660390516,0.027515450806042008,0.02285640265538147,0.030472870718135647
2021-06-04,0.002223452848574503,-0.006396310599623312,-0.0007894880501402302,0.00015503061575050658,0.000764745542231271,-0.002450989945746662,-0.003568355494802833,0.0017606503362528336,-0.004585797203899178,-0.0018389387464469165,-0.00037137091031835823
2021-06-07,-0.03249142427328333,-0.041671898459912704,-0.012641789343862841,-0.018877266516452607,-0.02289620142412685,-0.02121042450138222,-0.026988930523971444,-0.02572846872321477,-0.02987642211275543,-0.015913843919214132,-0.03461401288170651
2021-06-08,-0.04075165862279251,-0.034634002612121684,-0.01840524744279637,-0.02532764344572358,-0.02983614017440095,-0.023095250002702294,-0.026304724724705686,-0.03226936946429204,-0.024830644144744562,-0.017327998494055752,-0.04065180328896689
2021-06-09,0.00282402201794385,0.030914974957067853,0.005706628965990834,0.004827795692331716,0.0042486751823720414,0.012905626070224496,0.017872030058673216,0.002236213517487373,0.022164309176149644,0.009682885835119004,0.003772299098266485
2021-06-10,0.0008789440315097874,-0.012879240609648956,-0.004053034383722065,-0.0025523985312532194,-0.0015620961621122254,-0.00661843729508127,-0.008367090791190468,0.0006959954674179425,-0.009233695683813714,-0.004965708163745863,0.0008967611031551748
2021-06-11,0.007329330296319769,0.006911731719884795,0.019533735945294728,0.015807569524650456,0.013354725680427615,0.015888177845492457,0.01339244851585919,0.00580376051554099,0.004955325339738081,0.01192064696194084,0.007494881614158677
2021-06-14,0.008608849240560934,-0.00895661056547481,0.004789869931862256,0.005946123147496207,0.006711897312067228,0.0008546163974081367,-0.0018557631638820293,0.006816952884726835,-0.006421389181755388,0.0006412050809387893,0.0037307648550843897
2021-06-15,-0.007723446645695464,-0.02049747431689186,-0.001986265186383007,-0.003727880711435594,-0.004879131898131828,-0.0072335864814919715,-0.01087170629451828,-0.0061158431771976,-0.014695543461403116,-0.005427244807622578,-0.00752725707489188
2021-06-16,-0.01518880714239057,-0.0017394560800652048,-0.010747178753478193,-0.012090100399702042,-0.012980385616764623,-0.008227899207412293,-0.006465519050403712,-0.012027319769643663,-0.00124709278951185,-0.006173261820443754,-0.012990606482287892
2021-06-17,0.012384682765159027,0.02646307521650826,-0.00040236797812176484,0.003451656609587239,0.0060124496642322,0.007160515029089876,0.012428384063753573,0.009806862281267925,0.01897254588318198,0.005372420459887506,0.014286153582514505
2021-06-18,0.005534254895547264,0.0034413253900325014,0.005232889262655416,0.005324529652622756,0.0053850315220851375,0.004718880753139754,0.004365389393926167,0.00438232263346694,0.00246723796562498,0.003540501123584505,0.005631455143012332
2021-06-21,-0.004303470241197815,-0.008531112585233092,-0.004004345138134635,-0.004095323194783451,-0.004155378695984369,-0.005301445606314958,-0.006194251524646366,-0.0034077207133386134,-0.006116330911418721,-0.003977590260845876,-0.003838654460211144
2021-06-22,0.004755388227590807,0.006194906034014069,0.012463377593689318,0.01011950434123432,0.008572056124785066,0.010673040971562076,0.009438020719973128,0.0037655738403845618,0.004441401387054622,0.008007812769317724,0.004680804142839001
2021-06-23,-0.008448414708804752,-0.005022556340997353,-0.00039709528996656474,-0.002832368323900658,-0.00444636283462807,-0.0017123185987168998,-0.0026223126329487645,-0.006689912137060827,-0.0036008921809282946,-0.0012847253914306522,-0.00878215160928486
2021-06-24,0.0036640066549065153,0.0035911790110307873,-0.007945060745532029,-0.004453455990772737,-0.002129957921856218,-0.00467567424355908,-0.002408561204865989,0.0029013588271640245,0.002574674636415919,-0.00350808396711888,0.0037219928052181217
2021-06-25,0.02161214178736781,0.016753812593584216,0.014415642497284553,0.016597748335131612,0.018041374650458186,0.015083786863575588,0.015544531438785425,0.017113663880693242,0.012011547242692266,0.011317125210859702,0.021050126647579104
2021-06-28,0.013818688463780537,0.007705036674607424,0.01342129685238369,0.013542387366187958,0.0136222124916201,0.011785158160718012,0.01065815015688898,0.010942385625999806,0.005524080653687591,0.00884221659593365,0.01400321582962194
2021-06-29,0.0019471907298926894,0.001674295554617844,0.007790324247105351,0.006009358308930679,0.00483554505578665,0.006046820976783218,0.004842574468574501,0.0015418910347175796,0.0012003763346513097,0.004536833537946761,0.0018288994732467145
2021-06-30,-0.0009369039825595227,-0.004345465501502721,0.0015460208457400704,0.0007740289261832789,0.00027238854343636376,-0.00023035267740012522,-0.001410516656244698,-0.001152188476800431,-0.003658445040261582,-0.00040160461363270006,-0.0010275611160830422
2021-07-01,0.01719625340992481,0.009484828260069467,0.001929542943561513,0.006509556083470702,0.009562898176743273,0.004196128538513921,0.005707185601815601,0.011599549350568283,0.005324019159794968,0.002873964501327153,0.0165946736641569
2021-07-02,-0.0005478891583915457,-0.0007659045918453344,0.011940127261778066,0.008153944575779448,0.005648907795383629,0.00810824242799879,0.00556324810288733,-0.00036957278890381584,-0.00042991719088125713,0.005553404928457573,-0.000694285645850834
2021-07-05,-0.014621900848047598,-0.0058921202691781804,-0.0076124147104128514,-0.009719244357572876,-0.01112189783956119,-0.0070981752811645205,-0.0067544708202275094,-0.009863047283785509,-0.0033073620675858617,-0.004861601258166148,-0.01445548331568336
2021-07-06,-0.05181953571452358,-0.02400295813436093,-0.015341616165404637,-0.026251443247201967,-0.03354060189916186,-0.017933854807482885,-0.019664944138927276,-0.03495431519386871,-0.013473328719834754,-0.01228305129730789,-0.050948404140107706
2021-07-07,0.011001243379343384,0.012678795258931785,0.015580648494210925,0.014247001019260797,0.013339175154044591,0.014717524877984056,0.014138591553097601,0.007420771400278081,0.007116855153387558,0.010080159284564516,0.014074709119757722
2021-07-08,-0.004866072975545088,-0.011699986344827495,-0.026847828289458087,-0.020466628988971003,-0.01611328085741026,-0.022351325406579137,-0.01933104313513334,-0.003282357632082844,-0.006567430612470226,-0.015308614878340787,-0.0045725025259919505
2021-07-09,-0.020834771273808728,-0.01611141743217981,0.007488312609689851,-0.0008646930339539782,-0.006501063391798345,0.00040661901919425425,-0.00431366485274387,-0.01405387277317427,-0.009043652952737014,0.00027849686109537863,-0.023693071260950105
2021-07-12,-0.019135834115042716,-0.01993649892949867,-0.028948233583588667,-0.02611221460265023,-0.024171603593656443,-0.026288685437586667,-0.02449495857466455,-0.012907872830811962,-0.011190745827917237,-0.01800534660478792,-0.022980292397924207
2021-07-13,-0.005244970732947496,-0.0023320857271479367,0.008057085301802935,0.004184931174846085,0.0015482906430872578,0.004971025368244009,0.0028991402263616184,-0.003537939073635532,-0.0013090452197105362,0.003404698000169404,-0.003691883612591984
2021-07-14,0.0018605807096789828,-0.005835520927196192,-0.033569287653427704,-0.023352700482900834,-0.01635077691658371,-0.025390954779464625,-0.019872036408998595,0.0012550348758049168,-0.0032755917526279266,-0.017390483161136228,0.0019027439464307516
2021-07-15,-0.001534911195717914,0.009556701880198082,0.005789221311051307,0.0036227046431647203,0.002163876862303571,0.006922494854839201,0.007676565232459076,-0.0010353579782207412,0.005364363225091262,0.004741276224220492,-0.001569628269862955
2021-07-16,0.0043477772536126835,-0.00668715632432737,0.01027839131625452,0.008533100065600818,0.007353653867770982,0.005161734544640639,0.001763532209245744,0.002932746780147877,-0.00375363131720019,0.003535316354209117,0.004446271160727822
2021-07-19,0.00044983752449501146,-0.03988730903178139,-0.0488343398632366,-0.034390930283287546,-0.024601914063305252,-0.04616780393279518,-0.04438178427322825,0.0003034331049169836,-0.022389524796341598,-0.03162072572116337,0.0004599829682891965
2021-07-20,0.0005897813172710542,0.008475489837414196,0.029093557251834046,0.020438726250928907,0.014718645277002729,0.022908172861955123,0.018784566204750996,0.0003978306979230961,0.004757457810070198,0.015690004486575093,0.0006030768779883289
2021-07-21,-0.0011730313835647266,0.0036491435782208814,-0.015798528940391132,-0.011444052175663022,-0.008525356726376554,-0.01004657936157538,-0.006173127967063929,-0.000791255810150604,0.0020483354884854865,-0.006880988554073486,-0.001199459331589714
2021-07-22,0.00758983728275453,0.00973123155365574,0.016896977857252526,0.01409715465735406,0.012234270671045211,0.014748276670595306,0.013315322376230121,0.0051196437982987675,0.005462330136031923,0.010101221451632503,0.007761038760488503
2021-07-23,-0.004099764867392053,-0.012126487208928283,-0.007477296325322569,-0.00646776929602777,-0.005792978620626554,-0.008864497474487032,-0.009792882445857298,-0.0027654526699165682,-0.006806833868900131,-0.00607137050973261,-0.0041915297322226985
2021-07-26,0.0034237419713156747,-0.007038287096194917,0.0058594880481459555,0.005129720688300754,0.004642754082391232,0.002023783284067493,-0.0005492667999811296,0.0023094486347219334,-0.003950727870322579,0.0013861065654698912,0.0035006980075713567
2021-07-27,-0.0015731820021132048,0.015062292033469538,-0.00332877397334308,-0.002803678508975338,-0.0024528630901973214,0.0020911319348830837,0.00575020212866173,-0.0010611731425409499,0.008454758397073103,0.0014322342352683926,-0.0012249446835401745
2021-07-28,-0.0030745301935383162,-0.0008130151434814215,-0.003339891717967669,-0.0032604244643049674,-0.003207379140588218,-0.002585573930048213,-0.002080918286032407,-0.0020738915541438363,-0.0004563612626831137,-0.0017708818074358978,-0.0028215357987695366
2021-07-29,0.009998262231169841,0.01555220636514143,0.010472137423699568,0.010330200556877944,0.010235468629046673,0.011991323771811224,0.013006411513812433,0.006744221162933384,0.008729756870104133,0.008212960715525242,0.009840770590861858
2021-07-30,0.011959954384389127,0.014686548773560348,0.022799938245579687,0.019554172538321035,0.017387366389263414,0.020365104949734647,0.01874227163338027,0.007916780608680174,0.008192883893884062,0.013711650489321325,0.012063115230497967
2021-08-02,0.001579996825710639,0.002555508896853187,0.004053034383721954,0.0033180598957736063,0.0028247957951434977,0.003606127097206979,0.003307073876029021,0.0009982936684111987,0.001471362779041696,0.002229462013222605,0.0011948473586067543
2021-08-03,0.012628670397471398,0.016204754734300497,0.0,0.003746676475564703,0.006264266606121449,0.004830930604012407,0.008066007638829475,0.007979206978833808,0.009330068460692953,0.0029866879285818104,0.004890116965098779
2021-08-04,-0.008406079918666265,0.007932728154228075,-0.00807334721359565,-0.008172935934592895,-0.008239438276273603,-0.003247634965384716,-4.190985368246469e-05,-0.005311236214153192,0.00456735680191156,-0.0020078268438589175,-0.0032789728229961623
2021-08-05,0.00614235884644132,0.008083703546404086,0.009766867972647253,0.008682287546830203,0.007957916186955627,0.009253714372099209,0.008915563899107193,0.0038809432055364468,0.0046542825695630174,0.0057210420258859696,0.0024121030747452643
2021-08-06,0.002156773298980008,-0.006226543374309057,0.007254299196994385,0.005732781373956497,0.00471476381355429,0.003149101170369928,0.00044163508469563517,0.001362719907745058,-0.0035850018657063165,0.0019469090372805642,0.001071883473056534
2021-08-09,0.022628222482956373,0.018833830648608885,0.01120319409561521,0.01460122990360646,0.016880535318209322,0.013505164561514293,0.015033701835222235,0.01429725102262247,0.01084378827139365,0.008349470376553425,0.021058904077683183
2021-08-10,0.003701765632056153,0.002961793165403126,-0.00039568118176414036,0.0008326242660323668,0.0016519365146490106,0.0006225093945422255,0.0012960492973188575,0.002338896592884776,0.0017052854827313002,0.00038486193375741884,-0.0038900930260551414
2021-08-11,-0.012839894498293036,-0.003592987211213705,-0.0035625402660195427,-0.006351616768621171,-0.008208201545898963,-0.003571795218998086,-0.0035779070888054543,-0.008112665273834474,-0.002068702501745401,-0.0022082365776663337,-0.018616286941986138
2021-08-12,-0.003754124429867889,-0.0017154394388719796,-0.010725832006468261,-0.008643594257105591,-0.007251033324097378,-0.007987002693809364,-0.0061782818523759,-0.002371978593740831,-0.0009876834094236786,-0.0049379066864131405,-0.003948254478104762
2021-08-13,0.015897791839254438,0.02355734256238695,-0.0004015601034871308,0.00449057237972772,0.007750885610817937,0.006927109951644805,0.011744811927685728,0.01004474482263995,0.013563402992692986,0.004282635659339062,0.019429124666024977
2021-08-16,0.006883807925573304,0.03840377604113576,0.01928262810151704,0.01551895075626697,0.01303097649643048,0.02522810029800393,0.029089597258388222,0.004349414982885547,0.02211140282515278,0.015597090663757474,0.009646567374881787
2021-08-17,-0.009658604810129368,-0.002566159041256233,-0.0015764868651978459,-0.004008962686652406,-0.005626871076790163,-0.001888167276984265,-0.0020886700060324115,-0.006102622404510094,-0.001477494718588268,-0.0011673457715638547,-0.00932799262163031
2021-08-18,0.007336334271178524,0.004559236256897803,-0.0035526962256310357,-0.00029401360482450567,0.0018822569192322725,-0.0009997164737107767,0.0006434478473233973,0.004635335927950512,0.002625031177750037,-0.0006180674840486899,0.006971771148692074
2021-08-19,0.007093415193669905,0.013698026029660415,-0.006338422892207318,-0.0022880919980148295,0.00040219721951229026,2.5184583525295068e-06,0.004066599340549981,0.004481851710092188,0.007886791421937822,1.5570186733260272e-06,0.009061262566217865
2021-08-20,-0.022019601896401952,-0.01686711993830181,-0.03627973651185934,-0.031939201311050325,-0.029075579847206212,-0.03005208121187497,-0.026101971580449246,-0.013912704631050654,-0.009711432622054317,-0.018579481996640834,-0.022705578914468005
2021-08-23,-0.002352542867033458,0.011791827525117204,-0.016547474959766717,-0.012182512701507053,-0.0093241430930332,-0.007332515012243079,-0.0015486847564837314,-0.0014864135235012066,0.006789276350672058,-0.00453327440783835,-8.193651517374168e-05
2021-08-24,-0.03700665253835189,-0.013958819431211689,0.01051618821094702,-0.004242574720625947,-0.013836794657328455,0.0024044392521382907,-0.0026104701881409786,-0.023382013379367184,-0.008036946134580392,0.0014865271886550513,-0.02442034563458939
2021-08-25,0.0050764265373968165,0.011277016864570388,0.004162699552419991,0.004437130918729437,0.004619935864621949,0.006482106581435554,0.007934900564453118,0.0032074523112777253,0.006492868365117754,0.004007515542134854,0.012492388590982895
2021-08-26,0.0032687003461235875,-0.011501720714278685,-0.0024872659904269234,-0.0007574023508201133,0.0003943745304599844,-0.005440156050902756,-0.007282819169219357,0.002065271781796385,-0.006622244115354836,-0.0033633371577181936,0.0011825457932812533
2021-08-27,0.0011904000070965814,0.008905620865178099,-0.007895981709786226,-0.005154212303085548,-0.0033339472948781257,-0.002425777728739753,0.0010042299862211834,0.0007521336566145287,0.005127510642367827,-0.0014997195475819902,0.00249612282792655
2021-08-30,0.006830945406387734,0.014016167902846322,0.008377709938959699,0.007908005066803891,0.007597594639250138,0.010234310527976742,0.01138811270877138,0.0043160147143910255,0.008069965157406322,0.006327288511633444,0.011770472822472788
2021-08-31,0.004362602774474755,-0.004783434762560268,0.004154053514068057,0.004217315842832026,0.004259155924806413,0.0012001494432893889,-0.0006301184068580046,0.0023431688393007466,-0.003115192771633968,0.000324267890593255,0.0025612002469113104
2021-09-01,0.0075140398022819355,-0.003148233627365715,-0.0020684343699708396,0.0008387796605877629,0.0027613352398254687,-0.0024231829102125957,-0.002644040826165206,0.005632405579142352,-0.002138314524935736,-0.0017871014271401142,0.005408553862369159
2021-09-06,-0.0027478587955853673,0.00856808029869649,0.014509051610823498,0.009238581254212397,0.005769979392477476,0.012558671396106114,0.01134371075660634,-0.0020597515608382633,0.005819533339032734,0.009262041045426939,0.0026861637685835493
2021-09-07,-0.00972757816823211,0.01799876897808006,0.006129235580692116,0.001343889092757511,-0.0018328074061110255,0.01001056492940866,0.012435949275513503,-0.007291638983553894,0.012224959673338143,0.007382808287573761,0.0035303344521033786
2021-09-08,0.0058404749589133775,0.015905924411047767,-0.012183793818801969,-0.006804484081662787,-0.0032050074024676523,-0.002925828097541716,0.0028232982554523556,0.004377927800360837,0.010803476878281648,-0.002157803088923438,0.02159389004077772
2021-09-09,0.007156531032613156,0.0013277002318146103,0.0012334069579504892,0.0030236586136132004,0.00421078565027333,0.0012650716250746097,0.0012844408812777708,0.005364422650935952,0.0009017884396418374,0.0009329924278835833,0.0037591222444417483
2021-09-10,-0.0025068970181754135,0.00044711593188351273,0.008623212775017208,0.0052452994729221825,0.00301202521005961,0.0058774222435398205,0.004197909574960024,-0.0018791304175974632,0.0003036860044840495,0.0043346086814444185,-0.002211727114006745
2021-09-13,-0.011553960948976982,-0.014688877340511941,-0.007735251694263812,-0.008885266666328828,-0.009649841283255856,-0.01005789093441467,-0.011484836105024376,-0.00866066667499521,-0.00997684526942133,-0.007417711294990692,-0.019214475851255464
2021-09-14,-0.012813621923499108,-0.005144032720855174,-0.004102922238440443,-0.006719110393506922,-0.008461816462005167,-0.004449045556974118,-0.004662497745884786,-0.009604888649780707,-0.0034938829787398706,-0.003281178499060289,-0.01564595806313418
2021-09-15,0.011253022649084787,0.004292803223723052,0.008239651124717584,0.009139139775698135,0.009740944886108771,0.006928414273141614,0.006119327706694655,0.008435088077610953,0.0029157186449528805,0.0051097170515546075,0.013488407039653927
2021-09-16,0.0038040174249014402,-0.0017886324829463618,0.0,0.0011378742979213374,0.0018980400104799955,-0.0005926709270428487,-0.0009591437292585381,0.002851431391228676,-0.0012148586384476134,-0.0004370957945761811,0.0024800996603404624
2021-09-17,0.013821562852935676,0.009174062442461661,0.006537851286071428,0.008722389104492967,0.010179021718348835,0.007410325670577311,0.007950330396979233,0.010360425253763017,0.006231123002709893,0.0054651275088017925,0.014012127180345724
2021-09-20,-0.025519430857050218,-0.010423036258282337,0.017456348321990056,0.004501854413044626,-0.00410496477010347,0.008213297176787648,0.0025004683452856113,-0.019128962384806436,-0.007079439604254167,0.00605732033034001,-0.02421993255138888
2021-09-21,-0.005472653454687615,0.00012823679674611732,-0.005585951921910137,-0.005552820264107083,-0.005530331395155241,-0.0037265044742490483,-0.0025600951946906925,-0.00410221460918192,8.709982725862986e-05,-0.0027483032486351755,-0.006461691562964722
2021-09-22,0.0003989518002995851,0.0015798377099740524,-0.014043325143852536,-0.009819656782938058,-0.006952905825160616,-0.00893973956754579,-0.005748032902165856,0.00029904796952706647,0.001073042957458581,-0.006593072801929223,0.0027630973235488465
2021-09-23,-0.005162630478955266,-0.006354586412280594,0.013836396294583775,0.008222758029883481,0.004439790912655894,0.007170640334977385,0.0030367557105057674,-0.0038698262822467466,-0.00431610421387596,0.005288359175091406,-0.005057774986686914
2021-09-24,-0.010662622122610155,-0.009859348413706504,-0.009633574024708214,-0.009933589970181789,-0.010137658694288287,-0.009707109178225037,-0.009753204300948615,-0.007992533166172322,-0.00669657668864676,-0.007159009166290864,-0.009031802476117679
2021-09-27,-0.03548782320559696,-0.03258486338973454,-0.0064848550139552374,-0.014934358714134066,-0.020684578160823253,-0.014984371186722467,-0.020312891676076195,-0.02660111187514913,-0.022131993659447513,-0.011050998676051305,-0.03147264691229368
2021-09-28,0.00782866235839541,0.010816726935092946,-0.005303336064305997,-0.0015573848269616608,0.0010288457165228415,-0.00014760744307928952,0.0031302463913793765,0.00586824167889799,0.007346838594353811,-0.00010886073480942393,0.006599422588598136
2021-09-29,-0.00325772430833704,0.001385742250421762,0.0036911155785772642,0.001690299360709746,0.0003176602004597573,0.0029456954617532727,0.0024757645874355916,-0.002441938697744339,0.0009412112100375403,0.002172455303077969,-0.001174481481083678
2021-09-30,0.00035122685014465915,0.00939516380344041,0.006129235580692116,0.004385389977679344,0.0032276373260635705,0.007041306797839653,0.007683311630584555,-6.35578180196994e-07,0.006269923579822256,0.005116413259432795,-0.00102414976831533
2021-10-01,0.002101637465891981,0.008299513041844842,0.0008122529212535312,0.0011990682846452216,0.0014569451935728672,0.0030584309574308577,0.004555882981549297,0.0017337818235994007,0.005899544611725149,0.0023221552180390237,-0.0025381112812841167
2021-10-04,0.0006897342756322367,0.004497953641658059,-0.0008115937018982056,-0.00036078927978633324,-6.0446469919095414e-05,0.0007895933782615661,0.001853073387149573,0.0005690081042102335,0.0031972813388743138,0.0005995094899899911,-0.0002618578790288817
2021-10-05,0.0067115112623279405,0.01642709258504227,-0.002030632303133717,0.0005971336757164547,0.002346534779273046,0.0035562435855200913,0.007257077782524046,0.005536776168275859,0.011676873698225565,0.002700126212975107,0.009312766939327366
2021-10-06,0.004359924154601735,0.009547235856362857,0.0012208584965809344,0.002170183525377567,0.002799424448238552,0.003773450827597946,0.005448736784782637,0.0035967941065953024,0.0067864636839893855,0.002865043759784802,0.0023604677402908614
2021-10-07,-0.0002806076056349749,0.009414676180358406,0.0028451962433473366,0.0018978163772724876,0.0012708532620504531,0.0048707664497007475,0.006194573666507219,-0.00023149205041750331,0.006692236261445217,0.003698195540279281,-0.0032494544582253315
2021-10-08,-8.958075586107395e-05,-0.005580425437171743,0.012159103151166084,0.008454799813662817,0.00599948769043368,0.006664734604947986,0.0030858544229988016,-7.390117885519576e-05,-0.003966734994331866,0.005060290212575813,0.0017485711116058678
2021-10-11,0.009848793356682206,0.00449484324776428,0.020021725690672953,0.016971247475301654,0.014936928176931152,0.015271165912920326,0.012148792514353302,0.008124930766284066,0.003195070376924347,0.011594840002541407,0.011194989318162873
2021-10-12,-0.00419917880350984,-0.0024318431397251095,0.0019628724748108617,0.0001280470196707295,-0.0011017015193549584,0.0006325499071084817,-0.00024862489601751303,-0.0034641844760220364,-0.0017286275735928225,0.0004802721028878132,-0.00022235722178165496
2021-10-13,0.006978649801314463,0.016745012757645172,-0.0019590271543321602,0.0006907599093648464,0.002472165824206396,0.0036855258283461367,0.00743261720985422,0.005757156681468256,0.011902860961789274,0.002798285510653198,0.006806814832121422
2021-10-14,0.012557087992713711,0.018854036876253533,-0.007851489899243447,-0.0017628619293341696,0.002312323742645672,0.00031263559745209335,0.00568180078544378,0.01035918481300202,0.013402019022292544,0.0002373728209243975,0.011521836959424325
2021-10-15,0.014486702558635045,0.012640879571770292,0.005539536544697521,0.008247095898202828,0.010040918791810016,0.007750722312327651,0.009185347388152243,0.011951053398922218,0.008985519100832562,0.005884841120056716,0.01039636166735991
2021-10-18,0.0001779955287499746,-0.002497859202038377,0.02006856969474602,0.01401210501426986,0.010017434642770384,0.013007834658239847,0.008443354574144246,0.00014684046008750506,-0.0017755537851359415,0.009876375026100392,0.001740493738363602
2021-10-19,0.0031516824108706043,0.004334762608814158,-0.006557915252289215,-0.0036417827084291865,-0.0016992447455494997,-0.003201908944101106,-0.0010073763853500894,0.0026000343857623953,0.0030812802224660096,-0.002431092826916892,0.0019929799307973894
2021-10-20,0.0027958249705766214,0.009257612468721144,0.003494755798862492,0.0032834111185573445,0.0031433122169661765,0.0052837017685005705,0.006447015237679654,0.002306463695389782,0.006580590630067329,0.004011722286055175,-0.0009690077276908182
2021-10-21,0.0009642262952105352,0.006522263338551548,-0.012382524496665992,-0.008348657624011602,-0.005673698832557195,-0.006490770490349074,-0.0026707268068080214,0.0007954549971647129,0.004636221829064313,-0.004928205597264701,-0.003471391462151474
2021-10-22,0.004606634808761889,0.007558659737670226,0.0019590271543321602,0.002766744092200124,0.003298747682967118,0.003727033459886009,0.004862195167295358,0.003800322286318547,0.00537292370075293,0.0028298007433036343,-0.0031428287196152427
2021-10-25,-0.01767805305812109,-0.014755460787647223,-0.019551968705706968,-0.018979236349038975,-0.018602509316176352,-0.018031756685314537,-0.017058513122186092,-0.014583812653809147,-0.01048862731396305,-0.0136908560173582,-0.012847303339948213
2021-10-26,0.011879683053964474,0.016953008897634847,0.015155822381244688,0.014153194696004512,0.013494332796883723,0.015727325679950166,0.016092275398009503,0.00980034800642593,0.012050710901990502,0.011941185497343021,0.004359937542549153
2021-10-27,0.03557553256029844,0.025264493624797435,0.003143063733012541,0.013046425675378392,0.01956494171093115,0.010186142329163372,0.014679555831013769,0.029348644910901722,0.01795876534932339,0.0077339668250109295,0.03314321822602917
2021-10-28,0.021386103171072923,0.021033039360937478,0.018407643036211674,0.019337351674757253,0.019939441008805847,0.019256000183391464,0.019791089818394614,0.01764283210467421,0.014950919819560982,0.014620379510540848,0.021661972996112278
2021-10-29,0.002839276432387683,-0.0007915051462522582,-0.008460603774709363,-0.004926324041771735,-0.0026409238919462563,-0.0059781298703398544,-0.004414467646353115,0.0021303713560334447,-0.0008275702722762013,-0.0053777293017223116,0.0028863145386190947
2021-11-01,-0.008278410045028495,0.004771902190576993,-0.0007757087621822478,-0.003140652611797745,-0.0046609921687206235,0.0010294131730976819,0.0021618036113615346,-0.00632929824275652,0.0037534410924706663,0.0010294131730976819,-0.002562460544764611
2021-11-02,0.02911836299874837,0.022968539336999827,0.0,0.009131161341932481,0.015024178921899223,0.007501611478537784,0.012193734115815147,0.0222625845733031,0.018066392800708764,0.007501611478537784,0.03248667470670519
2021-11-03,-0.05126299124595546,-0.04221240772344603,0.00038815547669557304,-0.016129817036546368,-0.026632302074146574,-0.013738945805474523,-0.022468743941825187,-0.03919336667870499,-0.03320306649918048,-0.013738945805474634,-0.04613887249329485
2021-11-04,-0.0035112746081271684,0.021766244698025572,-0.0019400243524001493,-0.0024245649555357796,-0.0027411986434826563,0.005694434344269306,0.010522434560972904,-0.0026845619009173705,0.017120702398232712,0.005694434344269306,-0.001183240649952566
2021-11-05,0.014064109501566335,0.023374233617514895,0.012051531248987501,0.012671492052896749,0.013076944511665856,0.01575621070270361,0.018070141401531403,0.010752782608014932,0.018385500259883614,0.01575621070270361,0.013779121738636935
2021-11-08,0.01409751218525579,0.021530178963598212,-0.0003841297212091588,0.004082974545287499,0.007001489947397133,0.006839796665882414,0.011325163308221198,0.010778320790592488,0.016935019877355906,0.006839796665882636,0.006913514453423586
2021-11-09,0.0029346600762778507,0.013552640258764903,-0.00999121067240849,-0.005964242397314745,-0.0033525793889168654,-0.002116876082770558,0.0027157237090877917,0.0022437084854269873,0.010660117250343548,-0.002116876082770669,0.00042904935654131116
2021-11-10,0.023701895961384167,0.016730500049441543,0.000776310953390924,0.007982563182619362,0.012624998823334233,0.00619604195569412,0.009480062937010647,0.01812139863118767,0.013159730412572346,0.006196041955693898,0.023770236192770522
2021-11-11,-0.004062411641783004,0.006694101953627962,-0.0007757087621822478,-0.0018249369893694745,-0.0024929651502391126,0.0017883964451759216,0.003328689306825172,-0.0031059363725443045,0.005265388171524554,0.0017883964451759216,-0.01334135331588815
2021-11-12,0.012437358466494741,0.01794703505410955,0.0077631095339096845,0.009251945206107948,0.010201496842854985,0.011275986870731947,0.013377587548729863,0.009509042274826074,0.014116621877357183,0.011275986870731947,-0.00012135703332660785
2021-11-15,0.0016505787987337595,-0.018873756710386602,-0.0034664885598710837,-0.0018314626881128504,-0.0007911907132529539,-0.008816182037395537,-0.011998937519908992,0.001261957964576954,-0.014845554493122415,-0.008816182037395537,-0.0002830094398381666
2021-11-16,-0.004787987236784863,-0.00019726545426124176,-0.011595156343049973,-0.009412514862528809,-0.008027544985380053,-0.007677751623739293,-0.005326996916948823,-0.003660678685797003,-0.00015516333583098785,-0.007677751623739293,-0.001889395860126708
2021-11-17,0.016515815909650344,-0.0032378491911059237,0.000782078748228221,0.005850474619051971,0.009054999910855122,-0.0006099679569598893,-0.0014400427258787207,0.012627246542036064,-0.0025467991001825174,-0.0006099679569597782,0.008216194672569621
2021-11-18,0.017690201784280823,0.016491634338862582,-0.0046888054742536545,0.0025967080674835774,0.007165254318653114,0.0026264085633547207,0.006998163582372818,0.013525128914639861,0.01297184551094177,0.0026264085633547207,-0.0060626030687728205
2021-11-19,-0.01199826104609858,-0.00524403415897956,0.003925744949621723,-0.0013363781546048559,-0.004597274650052885,0.0007149275550177858,-0.001181667425375399,-0.009173328228747502,-0.004124806527154301,0.0007149275550180079,-0.025053696091028588
2021-11-22,-0.040140180196567066,-0.04799428403222217,-0.00977598435285354,-0.019702776630270535,-0.025907004072359463,-0.023078515020853674,-0.030976355274028644,-0.030689367958360636,-0.03775092420083215,-0.023078515020853674,-0.034102191298713835
2021-11-23,-0.012627586283225134,-0.008386379813413836,0.013821496830745295,0.005354920826568188,-2.430307990008984e-05,0.006288811272561201,0.0017187397612437039,-0.009654481867647058,-0.006596485290686349,0.006288811272561423,0.001972764577069519
2021-11-24,0.02021068923643643,0.006245006038989587,0.023370972741316276,0.02237743397862757,0.021737450626779564,0.017646734020432042,0.014131885674800282,0.01545217972693913,0.004912142234549277,0.017646734020432042,0.010207257977061346
2021-11-25,0.011949211343471822,0.03114314244785832,0.0,0.0037486649727591637,0.006167210523427835,0.010292758164590632,0.01667038757427819,0.009135827042535016,0.024496300624788914,0.010292758164590632,0.014026588859702427
2021-11-26,-0.01855426386115766,0.0010753259900178058,0.005328690297288885,-0.0022249998553437456,-0.007068581773355009,0.003893948875353326,0.0030195270808697217,-0.014185751734125951,0.0008458205129822094,0.0038939488753531037,-0.018836428304438657
2021-11-29,-0.001826236882305876,0.014920233886072554,-0.00530044586284828,-0.004219607541570247,-0.0035178985508407257,0.0015012267849088268,0.005656138036205238,-0.0013962581977897681,0.011735827085443296,0.0015012267849090488,0.0069844119554418604
2021-11-30,-0.012882161521945323,0.011206907855205284,-0.015224829420825592,-0.014494265699462217,-0.014020812746482036,-0.006214802066883962,-0.0007708467804173891,-0.010368391453321468,0.008254553389660524,-0.006214802066884073,-0.006114011013777398
2021-12-01,-0.0006193508140426296,0.002124699348096337,0.015460208457400038,0.010437576437527074,0.007186558011149202,0.010834721029180594,0.008080378559641721,-0.0003807244533379217,0.0013339582908731273,0.010834721029180816,0.0007503051084383205
2021-12-02,-0.015119639621298031,-0.006079898619275492,-0.0007612414710412851,-0.005197171218372487,-0.008092018907412069,-0.0025901480219154838,-0.003687181036135412,-0.009294274583917295,-0.003817166498458313,-0.002590148021915595,-0.015537331820300815
2021-12-03,-0.0427308854409415,-0.040808583085585326,-0.02590192763690069,-0.031049261697961072,-0.03443319114897969,-0.031009888410675424,-0.03408279450264484,-0.02626733126248426,-0.0256210121185223,-0.031009888410675424,-0.04173767001336426
2021-12-06,-0.008449181970869746,-0.034279898106104656,-0.019160929331592857,-0.015924114886974428,-0.01377738647482396,-0.024289253255146637,-0.027400539477532182,-0.005193841864863602,-0.0215220823265595,-0.024289253255146748,-0.009723418226583402
2021-12-07,0.010036288608090693,0.06250491732962393,0.038671807051102736,0.029953163543458228,0.02420232702558489,0.04667317393677051,0.05156862185071365,0.006169460679184224,0.03924270639367533,0.04667317393677073,0.010409778662266334
2021-12-08,0.002767552001327944,0.003977104289089706,-0.018424072150642568,-0.012096638288668471,-0.007864086300655715,-0.010789685631063528,-0.006176051846275343,0.0017012567012097968,0.0024969609205418575,-0.010789685631063639,0.005504768449691166
2021-12-09,0.0010224613376264013,0.018296649576569957,0.00977598435285354,0.00712301606558241,0.005367279014856452,0.012723200529489942,0.014482320295418738,0.0006285226805242683,0.011487256971076665,0.012723200529489942,0.001059596630180737
2021-12-10,0.005485613955378055,0.0005796095889301078,-0.00580880383629967,-0.0024064903186518105,-0.00014496196410385132,-0.003586952181906078,-0.002266936684061638,0.0033720911106132068,0.00036389855219542966,-0.003586952181906078,0.0060226634652955635
2021-12-13,0.007921390864991329,0.050563821617326754,0.015580648494210925,0.013255132096726907,0.011718110441188534,0.027798461873453695,0.03503137097000386,0.004869400569710303,0.031745681630243716,0.027798461873453695,0.008160157899236964
2021-12-14,0.01231087849088297,0.016134462957731133,-0.019177020206755824,-0.00966693828724896,-0.003357368750454892,-0.006571385297471366,0.000750874743533414,0.007567685998436824,0.010129762900586758,-0.006571385297471255,0.008950706650567186
2021-12-15,-0.002774267404746289,-0.0015403982180699494,0.007820787482282876,0.004549818580123821,0.002414104747223478,0.0044026136768022806,0.0024566298823196497,-0.0017053847627824803,-0.0009671142301056479,0.0044026136768022806,-0.01121104450778554
2021-12-16,0.043019809210532056,0.04497135524760587,-0.013580170466800934,0.0037663142016366447,0.015153443841323222,0.007673021307670558,0.019837316707258523,0.02644493713905649,0.028234541624952536,0.00767302130767078,0.042402803685297696
2021-12-17,-0.009281569070890172,-0.0002577004154502571,0.005900198762178732,0.001065410190960847,-0.0020185614589711687,0.003582252980764755,0.002299045256216825,-0.0057055229936122664,-0.00016179305842001224,0.003582252980764533,-0.011115550586524803
2021-12-20,-0.001346114640942364,-0.009307726333745103,0.0,-0.00042425305277793424,-0.0006970190912829466,-0.003490192651923296,-0.005429294718294009,-0.0008274773346268471,-0.0058437061804530455,-0.003490192651923185,-0.001050940577831394
2021-12-21,0.024376863103237056,0.02170919117897885,-0.005474551237597991,0.003925000151417057,0.009972491614326229,0.00465924667178097,0.010320177464145264,0.014984831970260792,0.013629766294836143,0.00465924667178097,0.02329367545398653
2021-12-22,0.019599838883023413,0.01733078012313083,0.0015727676937808965,0.0073647320328869,0.01103417694469555,0.007546873996301162,0.010831950035091742,0.012048321847747623,0.01088085137940098,0.007546873996301162,0.023741242099242665
2021-12-23,-0.021668885407861938,-0.02475945124352863,-0.006281191919394802,-0.011285191313910259,-0.014425760841025537,-0.013354612632367369,-0.017208557676435143,-0.013320196509473026,-0.015544822985596118,-0.013354612632367369,-0.01252044946652997
2021-12-24,-0.013241221859170982,-0.01337331953709231,0.0023703355019741856,-0.0026531456563486655,-0.005831996187632527,-0.0035866241391696585,-0.006868354001477894,-0.008139582349062535,-0.008396223441674344,-0.0035866241391696585,-0.009766629800607385
2021-12-27,0.026137337342254208,0.044647534449636206,0.00788243432598934,0.013694129869139315,0.017402103260329316,0.0216566903842772,0.029315613466964985,0.016067022510853235,0.028031235948506428,0.02165669038427742,0.018329708615683504
2021-12-28,0.021989873008436245,0.032087940041726215,-0.003910393741141438,0.004436523749480337,0.009712187647632264,0.009880093118756372,0.017388373298117266,0.013517512515178076,0.020145896733128277,0.009880093118756372,0.015741889492822736
2021-12-29,-0.008537811014435515,-0.00954649389236284,0.003925744949621723,-0.00016109798927543828,-0.002709334635229932,-0.0013487862406558193,-0.004160404626920022,-0.00524832349852955,-0.00599361254941555,-0.0013487862406559303,-0.016003956257532037
2021-12-30,-0.01850321931994736,-0.015126610433462195,0.003910393741141327,-0.0033775326190893518,-0.007951948254802721,-0.003481623239765752,-0.0074539747060669015,-0.011374212967601882,-0.009496998913564259,-0.003481623239765641,-0.011291510815050976
2021-12-31,0.0032590950992363865,-0.007326742371777106,0.008958872884171187,0.007018932847407955,0.005840340153515422,0.0022282970084319675,-0.0012179759844019866,0.0017252322838927636,-0.005227642207397465,0.0013868251278961186,-0.0003272498504651722
2022-01-04,0.030552822303723692,0.03797622967113323,0.014284130150862495,0.01916473779672101,0.022418476227293205,0.02139176000694376,0.026130179910998086,0.016357775288663445,0.017000907259638876,0.01626017626506915,0.027176177596300644
2022-01-05,0.020982305667290646,0.048293939906852934,-0.007993035445933439,0.00079669749537703,0.006609898800536529,0.009167238822153534,0.020475351704196232,0.011233785138787589,0.021619860651492573,0.0069681465696986855,0.015772142327257876
2022-01-06,0.025214749006923,0.024703063430281835,-0.006522688584912895,0.0032991170265226355,0.009700658171156729,0.0033662379620331695,0.009700955625397745,0.013499806797391267,0.011058877988786797,0.0025587246021392396,0.029748211065381946
2022-01-07,0.02219322416803271,0.04657940787203185,0.0011586200089619414,0.007810405471864845,0.012076168779568297,0.015848879217538192,0.025108064127056462,0.011882102748568713,0.020852312098882386,0.012046954976930868,0.025676062745371153
2022-01-10,-0.033252263269535565,-0.032074220290444266,-0.010415512459518106,-0.01774025497672127,-0.022386911550272837,-0.017632407984694898,-0.022074903086339415,-0.017803037801069066,-0.014358740962575278,-0.013402640162178514,-0.03294306541039016
2022-01-11,-0.001213626112883115,0.022551335692087893,-0.007016758104474663,-0.005184834678454542,-0.004008471558083038,0.0026907828825166735,0.008737686678986334,-0.0006497672470858751,0.010095609016542273,0.0020453017398545104,-0.007236843185068009
2022-01-12,-0.04318903589762113,-0.06553824095949035,-0.00745891540428123,-0.018783168312004217,-0.02603303330301321,-0.026904704345739994,-0.03882845997377127,-0.02312311894214769,-0.0293396571002702,-0.020450642437990108,-0.043515810615345596
2022-01-13,-0.060395318649097196,-0.06839260976772887,0.023731480805476712,-0.0022683546729425075,-0.01923106415876985,-0.005888404830079352,-0.024643465185626434,-0.03233524684325961,-0.030617479038201,-0.004475858948777223,-0.059577672180441854
2022-01-14,-0.03664207591500812,-0.037067266020924694,-0.0061816941259648095,-0.01504718935284688,-0.02108454807664073,-0.015487705880638969,-0.021672444440714367,-0.019617920661123445,-0.01659398938355161,-0.011772422067141353,-0.03666317705965816
2022-01-17,-0.018081723044848008,-0.053002558427270974,-0.025269339715619066,-0.02322324932680142,-0.021808659258692797,-0.03344236857837879,-0.03896013723471259,-0.00968083273810727,-0.023727778880338946,-0.025420012548258653,-0.02373947250528652
2022-01-18,-0.00032621738344174034,-0.05788717401517174,0.011566285501476203,0.00816304059345474,0.005818488937595623,-0.008487561195628435,-0.022219168369472464,-0.00017465459002619088,-0.025914486126635605,-0.006451514090317079,-0.011675031024045435
2022-01-19,-0.011400925583504029,-0.05399310970485316,-0.003548493985234935,-0.005776680955706492,-0.00732048780846406,-0.01738808878746967,-0.02719201157888551,-0.006103978772363683,-0.024171221279753796,-0.013216929719908621,-0.0212890963034299
2022-01-20,-0.004193554530181887,0.03093381686239205,-0.009892029544102843,-0.008284191238841054,-0.007165962075524113,0.0008913782613062526,0.008715968016733466,-0.002245200851939355,0.013848213901653805,0.0006775490956791863,-0.009556367365628815
2022-01-21,-0.002233473001015729,0.03807717877042549,0.006394150029224388,0.003949804593879058,0.0022544641504576024,0.015013834351558009,0.021153017205596703,-0.0011957864023401932,0.01704609937823154,0.011412225683704369,-0.0024459783911898736
2022-01-24,-0.006535421701532762,-0.06279886947937485,-0.005559334059532017,-0.00583417230308525,-0.006025580975348999,-0.021485764598789703,-0.03266507303589372,-0.0034990207630442027,-0.02811331628427982,-0.016331630471391856,-0.007168707378630734
2022-01-25,-0.0010220799722181484,-0.015047759607572209,0.008385619549670764,0.005738550051364699,0.0038941570809065684,0.0021407563825894815,-0.002365557309397137,-0.0005472147334341093,-0.0067364656199172535,0.0016272188969106427,-0.0012705506258131605
2022-01-26,0.0035562964831361565,-0.014289264376854405,0.012671825822484717,0.01012420616323273,0.008341164779102517,0.005610082887671064,0.0004593905793601749,0.0019040171854733945,-0.006396908291926073,0.0042643025438566795,0.003748484343235159
2022-01-27,-0.001803485675762051,-0.03966241432764983,0.003128314992913106,0.0017589312265589019,0.0007964035261402991,-0.007857796716952303,-0.015968658036032424,-0.0009655740843568239,-0.017755765475325425,-0.005972821293397712,-0.002009460789190509
2022-01-28,-0.0036454012116405865,0.006564640370235297,0.006237118315088663,0.0035028560620307125,0.0015764892744218884,0.006318510906384578,0.0063797678604966546,-0.002162183829839459,0.0024146714615953524,0.004458678966308582,-0.0036309857462789585
2022-02-07,0.008513143833630776,0.017317441109820253,0.006585861412942373,0.007115297040060309,0.00749003543294724,0.009253421363794034,0.011260771575774875,0.004044969920668384,0.005166795046384953,0.006128234690469636,0.00840922931782595
2022-02-08,-0.0005246825384863651,-0.005164695877160952,0.007312509464083128,0.005156599302539311,0.0036319998721279223,0.004186256505629871,0.0018446132024858564,-0.00024929980363919135,-0.0015409277216521522,0.0027724191228752915,-0.00041904724967378737
2022-02-09,-0.004139822953904138,0.03577905018192573,0.007641499843321187,0.004418928258126398,0.0021316584650195036,0.014625914159384301,0.01988597150420901,-0.0019670123814053975,0.01067496162233228,0.00968625884497909,-0.004382628434692948
2022-02-10,0.005312425272120391,0.021076993007880906,-0.0049293075949443654,-0.002151734865388444,-0.00016947072696027465,0.0016606627378852323,0.00656407458472863,0.0025241674346714316,0.00628848698691753,0.0010998019650654278,0.005388107334463266
2022-02-11,-0.0017283199639041014,-0.017292592104988902,-0.003429502639136661,-0.0029646883286150727,-0.0026345445507024445,-0.007010489928732211,-0.009644577453147063,-0.0008212010044592599,-0.005159381149940745,-0.004642815439761749,-0.0019016555231956556
2022-02-14,-0.019998990746532774,-0.006485416360483165,-0.0030589374243134015,-0.00769320945530283,-0.010982171438507105,-0.003934869417621556,-0.004583227237632936,-0.009502402120104558,-0.0019349750874039229,-0.0026059337751423994,-0.021588411250489825
2022-02-15,-0.0013907755009634482,0.0033710579207377744,-0.01188975252818858,-0.009053177369388932,-0.007023920665287009,-0.007998526749527723,-0.005113862152442472,-0.0006608187501281337,0.0010057817003958913,-0.005297159523167672,-0.0011591801475826502
2022-02-16,-0.001885890493010467,0.013815257271400316,0.008539420487300609,0.0057009685008322375,0.0036803195797601163,0.009900079918920168,0.010901901433539862,-0.000896069709026448,0.0041218908949502975,0.00655649524779367,-0.001858067743206293
2022-02-17,0.00230865737127095,0.0018118906354467335,0.001539475676649138,0.0017473174314404094,0.0018959929907416129,0.0016100049570562103,0.001661812647869798,0.0010969448897397704,0.0005405918519052477,0.0010662529935432374,0.0024019697880106605
2022-02-18,-0.0035459309293522923,0.016299646342274654,-0.007685546671083454,-0.006566348005827782,-0.005766035881962228,-0.0014744362982676007,0.0030874135215976928,-0.0016848280999710585,0.0048631279555118034,-0.0009764703580111833,-0.0036608827352887507
2022-02-21,-0.0005048881911936531,0.009879197900885206,0.005808803836299559,0.0040966256283396785,0.0028746518135704946,0.006881619416533091,0.0076611036676383915,-0.00023989463664542132,0.00294753655882829,0.004557468765014283,-0.0005611710172235274
2022-02-22,0.012334297755678625,-0.02518810835099794,0.0,0.003329547128361199,0.005712782188655341,-0.006658481264151361,-0.011487494467690818,0.005860568597136906,-0.0075150706522078,-0.004409691752336187,0.012293907659963299
2022-02-23,0.017182039764392254,0.01565991039380421,-0.004620205203330174,0.001317960361462145,0.005544257668344876,0.0006408430583801916,0.004500718842191498,0.008163944528710276,0.004672257693064008,0.00042440914631614035,0.016316456635001364
2022-02-24,0.011294694773488656,-0.020211182437212205,-0.014698560174746245,-0.0075067464385289995,-0.002439945943833677,-0.016150104089173722,-0.01720538915257952,0.005366607391432465,-0.006030165579079316,-0.010695679386352852,0.010291515322545797
2022-02-25,-0.0064463160683884135,0.0029331830035765893,0.003925744949621723,0.0010016397499716945,-0.0010331448111536856,0.0036654695032931617,0.0034757643350553646,-0.003062928937338505,0.0008751382676523978,0.002427519128744171,-0.006283071555470365
2022-02-28,0.0029683325258227367,-0.00886797721496868,0.011731181223424203,0.009279128566930028,0.007564359085810324,0.006333489527517999,0.0023975470619463923,0.0012719852724993874,-0.002659795769881401,0.004128401377450297,0.002970479123146852
2022-03-01,-0.0045488476633523955,0.02752936132986261,-0.007730104228700019,-0.006845479442475599,-0.006224285237909077,0.0013695293504814021,0.008066674487705594,-0.0023409796221885992,0.008323734475308875,0.0009327345288938638,-0.0003936012222029994
2022-03-02,0.004956622098285957,-0.004688586333121747,-0.007790324247105462,-0.004237532957340195,-0.0017465002885562741,-0.006968927182493756,-0.0063738688915512265,0.0025508331308741194,-0.0014176336034041892,-0.00474627214829304,0.004203515548102388
2022-03-03,0.013878536165863986,9.715055658210403e-05,0.010992085858940737,0.01180401697704525,0.012369854222174403,0.008100281888815175,0.006008310853360399,0.0071423298282429215,2.9374289778560936e-05,0.005516794955008786,0.01398328084520406
2022-03-04,-0.014491570595739356,0.01449787104692657,0.0007766123997472452,-0.0035269884815624097,-0.006522099213750576,0.0043896842543731385,0.007016378989312733,-0.0074578165655986295,0.0043835535305707385,0.002989647555605046,-0.012000398228546594
2022-03-07,0.02469983481026161,0.00045712735683722805,-0.0038800487048002985,0.004087044322185207,0.009672514281105604,-0.002726492933726732,-0.001893057013068522,0.012711309377996693,0.00013821631000143775,-0.0018569109900260505,0.02251940826352583
2022-03-08,-0.027150444482630376,-0.03359780257663336,-0.011685486370658138,-0.01608508932085806,-0.019128106621812857,-0.017532095105353362,-0.021747819503692645,-0.013972469946456956,-0.01015857884426763,-0.011940445425917878,-0.02636105583148307
2022-03-09,0.024983173576578643,0.0035839553377610134,-0.011823651488984122,-0.0014702933700935228,0.005745017649269268,-0.007779844028281913,-0.004834045791290764,0.012857124390327268,0.0010836391097286402,-0.005298556874328675,0.02545906443805146
2022-03-10,-0.010715107543065039,0.0018880458098302633,0.005982561466280734,0.0011612579409097101,-0.0021400410456745567,0.00489562669498067,0.004109387018543131,-0.005514330279723811,0.0005708665671513291,0.003334225774262123,-0.010439268840587324
2022-03-11,-0.01622594709016567,-0.01407766230859897,-0.0063434488248632626,-0.009163082662722477,-0.011109490996014104,-0.008390437029771602,-0.00987389839209396,-0.00835038108548014,-0.00425649987610599,-0.005714408623245348,-0.016992258861725063
2022-03-14,-0.03414806049542196,-0.007677800290757597,-0.01955083172668537,-0.023685965519261387,-0.026554228044214367,-0.01642645925739461,-0.014154139251176923,-0.0175736625345978,-0.0023214476430805098,-0.011187438758765156,-0.034773489553623804
2022-03-15,-0.004377569319768293,0.006140543378467145,0.008139056643872822,0.004631316204203317,0.002180729336408227,0.007608472716549519,0.007224697571091898,-0.002252834416693328,0.0018566450563106685,0.005181842369700984,-0.0046043459502873585
2022-03-16,0.0010101455902544743,0.0031061173948598864,0.005651343049516866,0.004362327424570989,0.003456437922938038,0.00497659725606292,0.004488105752226357,0.0005198525906418006,0.0009391607794371204,0.0033893717542430313,0.001107126188705454
2022-03-17,0.0,-0.005986725635001577,0.0008027978353923881,0.0005805782190098085,0.0004240659625562859,-0.0009937720599045852,-0.002295929768492133,0.0,-0.0018101369648638732,-0.0006768204812823697,0.0
2022-03-18,0.0,0.01691120526007417,0.005615077076024377,0.004061689404668334,0.0029672034479064635,0.00858919664456459,0.010751540017031713,0.0,0.005113245474736239,0.005849776262939921,0.0
2022-03-21,0.0,0.02787074074943119,0.011167448070390718,0.00809051763956159,0.005916850396914253,0.015601488251733242,0.018808888982100314,0.0,0.008426953420701988,0.010625582277159484,0.0
2022-03-22,-0.001895152939423994,0.005475820084040572,0.00512762412793677,0.003208190549871759,0.0018451478268437516,0.0052211725424649025,0.0052883340422003045,-0.0009753051191107032,0.0016556603645097034,0.003555942711237492,0.0
2022-03-23,0.0001842338960047485,-0.005322470202763219,-0.00549388616988189,-0.003949862788344305,-0.0028498167456209034,-0.005447820861231856,-0.005414754340125061,9.481253895082808e-05,-0.0016092937351396275,-0.003710304290093336,0.00014282058710257672
2022-03-24,0.001780599614575662,0.00147663825054134,-0.004735059164527766,-0.0029559342629078555,-0.0016917501952998792,-0.003065554110479707,-0.0018672481945641861,0.0009163523866895229,0.000446474023364285,-0.002087832705470749,0.001558193855339729
2022-03-25,0.000865412914499375,0.0013493236387100982,0.0011893966546618895,0.0011005114279403205,0.0010375452250126482,0.0012325757375823976,0.0012634789608052532,0.0004453686180663219,0.00040797937719316835,0.0008394606143458105,0.0007859166876686974
2022-03-28,0.0021622816509525578,0.0046451716982360836,-0.001979972784763251,-0.0008438084827218084,-3.882877097161064e-05,-0.0001910250260120927,0.0010892282301204759,0.001112777929033193,0.001404506822553886,-0.00013009990445367325,0.002727799960324573
2022-03-29,0.0010607347520141808,0.010758907693148467,0.00039678017089261886,0.000579441834664074,0.0007086075709556994,0.00320833726766101,0.005214248019310697,0.000545887359345576,0.0032530464404556536,0.002185076901661809,0.0013102337186920998
2022-03-30,-0.018515660487989027,-0.01794834030857817,0.0003966227988305704,-0.004808870041093205,-0.00848868870812125,-0.004618380952716383,-0.00817919759003527,-0.00952873938666976,-0.0054268319998774794,-0.003145404208146685,-0.019268982983113858
2022-03-31,-0.007393083474311113,-0.02071159370109632,0.005946983273309225,0.0021382719213334234,-0.0004864892186189351,-0.0014561475673483537,-0.006653615812210689,-0.003987058371729302,-0.006409005504710907,-0.0017076503726787262,-0.007630842291963313
2022-04-01,-0.0014228877380475513,-0.0003528625707277522,0.022859059545369265,0.015574475360344175,0.010718085903661079,0.015895482910540215,0.0112530984873207,-0.0008066765191159231,-0.00012157218532660163,0.01408045264444957,-0.0015092241114219584
2022-04-04,-0.007763326087659728,-0.008430029803462857,0.008476903711878148,0.003686377117576134,0.0004543294639889339,0.0034859470704833306,0.00012045579760289193,-0.004401255768601953,-0.002904408771560618,0.003087903206416609,-0.0071441106850744784
2022-04-05,0.0010281560614120444,-0.0010234658366902183,-0.007641499843321298,-0.005113307036200387,-0.003393921061652594,-0.0057110433549917294,-0.0043984254161077985,0.0005828916298524778,-0.0003526159720400601,-0.005058926234763117,-0.0001311751956201146
2022-04-06,-0.005407004168670793,-0.01996168305816337,-0.0038501710027750713,-0.00430696782775053,-0.004616304441559804,-0.008571997167912904,-0.011772154508912669,-0.0030653882136995048,-0.006877423772028157,-0.007593201217631629,-0.0014037316479311723
2022-04-07,-0.005447897741272745,-0.0029119280039375806,-0.0015460208457399593,-0.0026896217588138205,-0.003464648854306751,-0.0019417305940601093,-0.002212067702558551,-0.0030885719715734172,-0.001003250217847973,-0.001720013530372988,-0.009643364679707833
2022-04-08,-0.0008302102048077797,-0.014463684426863188,0.004645244181558317,0.0030448819376067693,0.001958216054795958,-0.0008853211851164167,-0.004666160756670368,-0.0004706703559536063,-0.004983191388150066,-0.0007842305321780207,-0.0005945731863969961
2022-04-12,-0.004410161679056501,-0.02781078839088147,0.00077062761017066,-0.0007377601128518707,-0.0017647208644466783,-0.007389073021049186,-0.013019442674493842,-0.0025002491601209265,-0.009581685904990422,-0.00654534960307962,-0.004892398975030021
2022-04-13,0.001976751925365061,0.007032684425905211,0.0,0.0005734165307664796,0.0009648092134006969,0.0019664520446984746,0.003342304921208017,0.0011206782655230896,0.0024229796110357693,0.0017419121550936723,0.002430082569882197
2022-04-14,-0.0022681437839364715,0.016003904792350365,-0.014630649810545404,-0.011039502342437557,-0.008590682005789163,-0.006021422275741095,-1.7933567960981556e-05,-0.001285876800787289,0.005513845447975507,-0.005333864449603265,-0.0024838411512924097
2022-04-15,-0.0011494934801205003,-0.009456901031593357,-0.0007814675790422942,-0.0008893225092104773,-0.0009624212235745944,-0.0032735485602040093,-0.004985961499749059,-0.0006516813480748063,-0.0032581980073969063,-0.0028997574808309334,-0.0012590809335364384
2022-04-18,-0.007216980474241352,-0.014881172936498821,-0.007820787482282765,-0.0076438798131360786,-0.007523958865133462,-0.009836352315502395,-0.011227183419426634,-0.004091516520816407,-0.0051270292294961495,-0.008713185610782381,-0.007905881782296564
2022-04-19,7.513216315313542e-06,-0.01002893444530184,-0.013794260070481457,-0.009748778860617202,-0.007007276190649558,-0.012724829629361167,-0.011984331834317352,4.259461250821772e-06,-0.0034552813989310316,-0.011271841315755426,8.236110110582118e-06
2022-04-20,-0.006025491996973553,-0.03752400631173558,-0.005994515652397836,-0.006003684681308075,-0.006009855791291319,-0.014973996816037949,-0.021180202511122737,-0.003416026985198939,-0.012928193092642482,-0.013264186703416003,-0.005284190163075908
2022-04-21,0.0019871011594072563,0.021486500566894717,0.00763884433161599,0.005965959414227173,0.004840025987887353,0.011492321349108714,0.014196987904196323,0.0011265455478597364,0.0074027710662416535,0.010180067346279076,0.0017413341885537115
2022-04-22,-0.006085601906777871,-0.015991103341925106,-0.007580934751163726,-0.007140075086887077,-0.0068425284899577,-0.009944411001342024,-0.01159255360150191,-0.00345010504456289,-0.005509434948158587,-0.008808905584648308,-0.005334235999877701
2022-04-25,0.0,-0.03437515743624453,-0.06915164342305014,-0.048742442589425616,-0.03497803241375619,-0.05943823427770856,-0.05263721016012346,0.0,-0.011843316228916767,-0.05265126248300578,0.0
2022-04-26,0.0,-0.0008941316840966884,0.020299857088725393,0.014001629443145758,0.009904386675900545,0.014222429461383523,0.010041382533997778,0.0,-0.0003080563137692893,0.012598437282282493,0.0
2022-04-27,0.0,0.013891501782413496,0.0,0.0,0.0,0.003924050555227598,0.006651071655728202,0.0,0.004786056581960851,0.0034759817193519282,0.0
2022-04-28,0.0,0.008571043523884825,0.0,0.0,0.0,0.0024451737217234815,0.004133221225133266,0.0,0.002952992406025867,0.0021659708603978256,0.0
2022-04-29,0.0,0.005832391689263305,0.0,0.0,0.0,0.0016740505493360036,0.002824989203883188,-0.0013738415309333396,0.0011123664049452753,0.001368406900501773,0.0
2022-05-04,0.0,-0.026048770799295462,0.015074160739163123,0.010461836154353144,0.00743045341775872,0.003221792216406394,-0.004903960605859292,0.0,-0.015637711494693174,0.002748676004823869,0.0
2022-05-05,0.0,-0.005083953583677414,0.0,0.0,0.0,-0.0014225348314789166,-0.002417376907401847,0.0,-0.0030520211493476612,-0.0012136373467540595,0.0
2022-05-06,0.0,-0.01826639069802627,0.0,0.0,0.0,-0.0050923559069380175,-0.008662297489184345,0.0,-0.010965759190172841,-0.004344549725505242,0.0
2022-05-09,0.0,-0.033532464200993206,0.0,0.0,0.0,-0.00922449007019821,-0.01574772627544485,0.0,-0.020130354899335456,-0.007869885085566408,0.0
2022-05-10,0.0,-0.019519756675140054,0.0,0.0,0.0,-0.005237973597718382,-0.009001349633627531,0.0,-0.011718185310329754,-0.00446878363807357,0.0
2022-05-11,0.0,0.005548443460053232,0.0,0.0,0.0,0.0014675054368613605,0.0025314548172814533,0.0,0.0033308657341817316,0.0012520040742256544,0.0
2022-05-12,0.0,-0.011999892164838322,0.0,0.0,0.0,-0.003186779635106163,-0.005491378122987611,0.0,-0.007203827508292626,-0.0027188049778853474,0.0
2022-05-13,0.0,-0.003536599311983135,0.0,0.0,0.0,-0.000930901544111129,-0.0016078232457745756,0.0,-0.0021231066962520417,-0.0007941998010055906,0.0
2022-05-16,0.0,0.0,0.0,0.0,0.0,0.0,0.0,0.0,0.0,0.0,0.0
2022-05-17,0.0,0.0,0.0,0.0,0.0,0.0,0.0,0.0,0.0,0.0,0.0
2022-05-18,0.0,0.0,0.0,0.0,0.0,0.0,0.0,0.0,0.0,0.0,0.0
2022-05-19,0.0,0.0,0.0,0.0,0.0,0.0,0.0,0.0,0.0,0.0,0.0
2022-05-20,0.0,0.0,0.0,0.0,0.0,0.0,0.0,0.0,0.0,0.0,0.0
2022-05-23,0.0,0.0,0.0,0.0,0.0,0.0,0.0,0.0,0.0,0.0,0.0
2022-05-24,0.0,0.0,0.0,0.0,0.0,0.0,0.0,0.0,0.0,0.0,0.0
2022-05-25,0.0,0.0,0.0,0.0,0.0,0.0,0.0,0.0,0.0,0.0,0.0
2022-05-26,0.0,0.0,0.0,0.0,0.0,0.0,0.0,0.0,0.0,0.0,0.0
2022-05-27,0.0,0.0,0.0,0.0,0.0,0.0,0.0,0.0,0.0,0.0,0.0
2022-05-30,0.0,0.0,0.0,0.0,0.0,0.0,0.0,0.0,0.0,0.0,0.0
2022-05-31,0.0,0.0,0.0,0.0,0.0,0.0,0.0,-0.0001419064852948848,-0.0002962323421600299,-0.00025489340317297327,0.0
2022-06-01,0.0,0.0,0.0,0.0,0.0,0.0,0.0,0.0,0.0,0.0,0.0
2022-06-02,0.0,0.0,0.0,0.0,0.0,0.0,0.0,0.0,0.0,0.0,0.0
2022-06-03,0.0,0.0,0.0,0.0,0.0,0.0,0.0,0.0,0.0,0.0,0.0
2022-06-06,0.0,0.0,0.0,0.0,0.0,0.0,0.0,0.0,0.0,0.0,0.0
2022-06-07,0.0,0.0,0.0,0.0,0.0,0.0,0.0,0.0,0.0,0.0,0.0
2022-06-08,0.0,0.0,0.0,0.0,0.0,0.0,0.0,0.0,0.0,0.0,0.0
2022-06-09,0.0,0.0,0.0,0.0,0.0,0.0,0.0,0.0,0.0,0.0,0.0
2022-06-10,0.0,0.0,0.0,0.0,0.0,0.0,0.0,0.0,0.0,0.0,0.0
2022-06-13,0.0,0.0,0.0,0.0,0.0,0.0,0.0,0.0,0.0,0.0,0.0
2022-06-14,0.0,0.0,0.0,0.0,0.0,0.0,0.0,0.0,0.0,0.0,0.0
2022-06-15,0.0,0.0,0.0,0.0,0.0,0.0,0.0,0.0,0.0,0.0,0.0
2022-06-16,0.0,0.0,0.0,0.0,0.0,0.0,0.0,0.0,0.0,0.0,0.0
2022-06-17,0.0,0.0,0.0,0.0,0.0,0.0,0.0,0.0,0.0,0.0,0.0
2022-06-20,0.0,0.0,0.0,0.0,0.0,0.0,0.0,0.0,0.0,0.0,0.0
2022-06-21,0.0,0.0,0.0,0.0,0.0,0.0,0.0,0.0,0.0,0.0,0.0
2022-06-22,0.0,0.0,0.0,0.0,0.0,0.0,0.0,0.0,0.0,0.0,0.0
2022-06-23,0.0,0.0,0.0,0.0,0.0,0.0,0.0,0.0,0.0,0.0,0.0
2022-06-24,0.0,0.0,0.0,0.0,0.0,0.0,0.0,0.0,0.0,0.0,0.0
2022-06-27,0.0,0.0,0.0,0.0,0.0,0.0,0.0,0.0,0.0,0.0,0.0
2022-06-28,0.0,0.0,0.0,0.0,0.0,0.0,0.0,0.0,0.0,0.0,0.0
2022-06-29,0.0,0.0,0.0,0.0,0.0,0.0,0.0,0.0,0.0,0.0,0.0
2022-06-30,0.0,0.0,0.0,-1.6845742343063463e-05,-2.0000974018996587e-05,-0.0002248026638255185,-0.00027752513793299904,0.0,-0.0005217057350495047,-0.00046718565120318356,0.0
2022-07-01,0.0,0.0,0.0,0.0,0.0,0.0,0.0,0.0,0.0,0.0,0.0
2022-07-04,0.0,0.0,0.0,0.0,0.0,0.0,0.0,0.0,0.0,0.0,0.0
2022-07-05,0.0,0.0,0.0,0.0,0.0,0.0,0.0,0.0,0.0,0.0,0.0
2022-07-06,0.0,0.0,0.0,0.0,0.0,0.0,0.0,0.0,0.0,0.0,0.0
2022-07-07,0.0,0.0,0.0,0.0,0.0,0.0,0.0,0.0,0.0,0.0,0.0
2022-07-08,0.0,0.0,0.0,0.0,0.0,0.0,0.0,0.0,0.0,0.0,0.0
2022-07-11,0.0,0.0,0.0,0.0,0.0,0.0,0.0,0.0,0.0,0.0,0.0
2022-07-12,0.0,0.0,0.0,0.0,0.0,0.0,0.0,0.0,0.0,0.0,0.0
2022-07-13,0.0,0.0,0.0,0.0,0.0,0.0,0.0,0.0,0.0,0.0,0.0
2022-07-14,0.0,0.0,0.0,0.0,0.0,0.0,0.0,0.0,0.0,0.0,0.0
2022-07-15,0.0,0.0,0.0,0.0,0.0,0.0,0.0,0.0,0.0,0.0,0.0
2022-07-18,0.0,0.0,0.0,0.0,0.0,0.0,0.0,0.0,0.0,0.0,0.0
2022-07-19,0.0,0.0,0.0,0.0,0.0,0.0,0.0,0.0,0.0,0.0,0.0
2022-07-20,0.0,0.0,0.0,0.0,0.0,0.0,0.0,0.0,0.0,0.0,0.0
2022-07-21,0.0,0.0,0.0,0.0,0.0,0.0,0.0,0.0,0.0,0.0,0.0
2022-07-22,0.0,0.0,0.0,0.0,0.0,0.0,0.0,0.0,0.0,0.0,0.0
2022-07-25,0.0,0.0,0.0,0.0,0.0,0.0,0.0,0.0,0.0,0.0,0.0
2022-07-26,0.0,0.0,0.0,0.0,0.0,0.0,0.0,0.0,0.0,0.0,0.0
2022-07-27,0.0,0.0,0.0,0.0,0.0,0.0,0.0,0.0,0.0,0.0,0.0
2022-07-28,0.0,0.0,0.0,0.0,0.0,0.0,0.0,0.0,0.0,0.0,0.0
2022-07-29,0.0,0.0,0.0,0.0,0.0,0.0,0.0,0.0,-0.0005809266848504357,0.0,0.0
2022-08-01,0.0,0.0,0.0,0.0,0.0,0.0,0.0,0.0,0.0,0.0,0.0
2022-08-02,0.0,0.0,0.0,0.0,0.0,0.0,0.0,0.0,0.0,0.0,0.0
2022-08-03,0.0,0.0,0.0,0.0,0.0,0.0,0.0,0.0,0.0,0.0,0.0
2022-08-04,0.0,0.0,0.0,0.0,0.0,0.0,0.0,0.0,0.0,0.0,0.0
2022-08-05,0.0,0.0,0.0,0.0,0.0,0.0,0.0,0.0,0.0,0.0,0.0
2022-08-08,0.0,0.0,0.0,0.0,0.0,0.0,0.0,0.0,0.0,0.0,0.0
2022-08-09,0.0,0.0,0.0,0.0,0.0,0.0,0.0,0.0,0.0,0.0,0.0
2022-08-10,0.0,0.0,0.0,0.0,0.0,0.0,0.0,0.0,0.0,0.0,0.0
2022-08-11,0.0,0.0,0.0,0.0,0.0,0.0,0.0,0.0,0.0,0.0,0.0
2022-08-12,0.0,0.0,0.0,0.0,0.0,0.0,0.0,0.0,0.0,0.0,0.0
2022-08-15,0.0,0.0,0.0,0.0,0.0,0.0,0.0,0.0,0.0,0.0,0.0
2022-08-16,0.0,0.0,0.0,0.0,0.0,0.0,0.0,0.0,0.0,0.0,0.0
2022-08-17,0.0,0.0,0.0,0.0,0.0,0.0,0.0,0.0,0.0,0.0,0.0
2022-08-18,0.0,0.0,0.0,0.0,0.0,0.0,0.0,0.0,0.0,0.0,0.0
2022-08-19,0.0,0.0,0.0,0.0,0.0,0.0,0.0,0.0,0.0,0.0,0.0
2022-08-22,0.0,0.0,0.0,0.0,0.0,0.0,0.0,0.0,0.0,0.0,0.0
2022-08-23,0.0,0.0,0.0,0.0,0.0,0.0,0.0,0.0,0.0,0.0,0.0
2022-08-24,0.0,0.0,0.0,0.0,0.0,0.0,0.0,0.0,0.0,0.0,0.0
2022-08-25,0.0,0.0,0.0,0.0,0.0,0.0,0.0,0.0,0.0,0.0,0.0
2022-08-26,0.0,0.0,0.0,0.0,0.0,0.0,0.0,0.0,0.0,0.0,0.0
2022-08-29,0.0,0.0,0.0,0.0,0.0,0.0,0.0,0.0,0.0,0.0,0.0
2022-08-30,0.0,0.0,0.0,0.0,0.0,0.0,0.0,0.0,0.0,0.0,0.0
2022-08-31,0.0,0.0,0.0,0.0,0.0,0.0,0.0,0.0,0.0,0.0,0.0
2022-09-05,0.0,0.0,0.0,0.0,0.0,0.0,0.0,0.0,0.0,0.0,0.0
2022-09-06,0.0,0.0,0.0,0.0,0.0,0.0,0.0,0.0,0.0,0.0,0.0
2022-09-07,0.0,0.0,0.0,0.0,0.0,0.0,0.0,0.0,0.0,0.0,0.0
2022-09-08,0.0,0.0,0.0,0.0,0.0,0.0,0.0,0.0,0.0,0.0,0.0
2022-09-09,0.0,0.0,0.0,0.0,0.0,0.0,0.0,0.0,0.0,0.0,0.0
2022-09-12,0.0,0.0,0.0,0.0,0.0,0.0,0.0,0.0,0.0,0.0,0.0
2022-09-13,0.0,0.0,0.0,0.0,0.0,0.0,0.0,0.0,0.0,0.0,0.0
2022-09-14,0.0,0.0,0.0,0.0,0.0,0.0,0.0,0.0,0.0,0.0,0.0
2022-09-15,0.0,0.0,0.0,0.0,0.0,0.0,0.0,0.0,0.0,0.0,0.0
2022-09-16,0.0,0.0,0.0,0.0,0.0,0.0,0.0,0.0,0.0,0.0,0.0
2022-09-19,0.0,0.0,0.0,0.0,0.0,0.0,0.0,0.0,0.0,0.0,0.0
2022-09-20,0.0,0.0,0.0,0.0,0.0,0.0,0.0,0.0,0.0,0.0,0.0
2022-09-21,0.0,0.0,0.0,0.0,0.0,0.0,0.0,0.0,0.0,0.0,0.0
2022-09-22,0.0,0.0,0.0,0.0,0.0,0.0,0.0,0.0,0.0,0.0,0.0
2022-09-23,0.0,0.0,0.0,0.0,0.0,0.0,0.0,0.0,0.0,0.0,0.0
2022-09-26,0.0,0.0,0.0,0.0,0.0,0.0,0.0,0.0,0.0,0.0,0.0
2022-09-27,0.0,0.0,0.0,0.0,0.0,0.0,0.0,0.0,0.0,0.0,0.0
2022-09-28,0.0,0.0,0.0,0.0,0.0,0.0,0.0,0.0,0.0,0.0,0.0
2022-09-29,0.0,0.0,0.0,0.0,0.0,0.0,0.0,0.0,0.0,0.0,0.0
2022-09-30,0.0,0.0,0.0,0.0,0.0,0.0,0.0,0.0,0.0,0.0,0.0
2022-10-03,0.0,0.0,0.0,0.0,0.0,0.0,0.0,0.0,0.0,0.0,0.0
2022-10-04,0.0,0.0,0.0,0.0,0.0,0.0,0.0,0.0,0.0,0.0,0.0
2022-10-05,0.0,0.0,0.0,0.0,0.0,0.0,0.0,0.0,0.0,0.0,0.0
2022-10-06,0.0,0.0,0.0,0.0,0.0,0.0,0.0,0.0,0.0,0.0,0.0
2022-10-07,0.0,0.0,0.0,0.0,0.0,0.0,0.0,0.0,0.0,0.0,0.0
2022-10-10,0.0,0.0,0.0,0.0,0.0,0.0,0.0,0.0,0.0,0.0,0.0
2022-10-11,0.0,0.0,0.0,0.0,0.0,0.0,0.0,0.0,0.0,0.0,0.0
2022-10-12,0.0,0.0,0.0,0.0,0.0,0.0,0.0,0.0,0.0,0.0,0.0
2022-10-13,0.0,0.0,0.0,0.0,0.0,0.0,0.0,0.0,0.0,0.0,0.0
2022-10-14,0.0,0.0,0.0,0.0,0.0,0.0,0.0,0.0,0.0,0.0,0.0
2022-10-17,0.0,0.0,0.0,0.0,0.0,0.0,0.0,0.0,0.0,0.0,0.0
2022-10-18,0.0,0.0,0.0,0.0,0.0,0.0,0.0,0.0,0.0,0.0,0.0
2022-10-19,0.0,0.0,0.0,0.0,0.0,0.0,0.0,0.0,0.0,0.0,0.0
2022-10-20,0.0,0.0,0.0,0.0,0.0,0.0,0.0,0.0,0.0,0.0,0.0
2022-10-21,0.0,0.0,0.0,0.0,0.0,0.0,0.0,0.0,0.0,0.0,0.0
2022-10-24,0.0,0.0,0.0,0.0,0.0,0.0,0.0,0.0,0.0,0.0,0.0
2022-10-25,0.0,0.0,0.0,0.0,0.0,0.0,0.0,0.0,0.0,0.0,0.0
2022-10-26,0.0,0.0,0.0,0.0,0.0,0.0,0.0,0.0,0.0,0.0,0.0
2022-10-27,0.0,0.0,0.0,0.0,0.0,0.0,0.0,0.0,0.0,0.0,0.0
2022-10-28,0.0,0.0,0.0,0.0,0.0,0.0,0.0,0.0,0.0,0.0,0.0
2022-10-31,0.0,0.0,0.0,0.0,0.0,0.0,0.0,0.0,0.0,0.0,0.0
2022-11-01,0.0,0.0,0.0,0.0,0.0,0.0,0.0,0.0,0.0,0.0,0.0
2022-11-02,0.0,0.0,0.0,0.0,0.0,0.0,0.0,0.0,0.0,0.0,0.0
2022-11-03,0.0,0.0,0.0,0.0,0.0,0.0,0.0,0.0,0.0,0.0,0.0
2022-11-04,0.0,0.0,0.0,0.0,0.0,0.0,0.0,0.0,0.0,0.0,0.0
2022-11-07,0.0,0.0,0.0,0.0,0.0,0.0,0.0,0.0,0.0,0.0,0.0
2022-11-08,0.0,0.0,0.0,0.0,0.0,0.0,0.0,0.0,0.0,0.0,0.0
2022-11-09,0.0,0.0,0.0,0.0,0.0,0.0,0.0,0.0,0.0,0.0,0.0
2022-11-10,0.0,0.0,0.0,0.0,0.0,0.0,0.0,0.0,0.0,0.0,0.0
2022-11-11,0.0,0.0,0.0,0.0,0.0,0.0,0.0,0.0,0.0,0.0,0.0
2022-11-14,0.0,0.0,0.0,0.0,0.0,0.0,0.0,0.0,0.0,0.0,0.0
2022-11-15,0.0,0.0,0.0,0.0,0.0,0.0,0.0,0.0,0.0,0.0,0.0
2022-11-16,0.0,0.0,0.0,0.0,0.0,0.0,0.0,0.0,0.0,0.0,0.0
2022-11-17,0.0,0.0,0.0,0.0,0.0,0.0,0.0,0.0,0.0,0.0,0.0
2022-11-18,0.0,0.0,0.0,0.0,0.0,0.0,0.0,0.0,0.0,0.0,0.0
2022-11-21,0.0,0.0,0.0,0.0,0.0,0.0,0.0,0.0,0.0,0.0,0.0
2022-11-22,0.0,0.0,0.0,0.0,0.0,0.0,0.0,0.0,0.0,0.0,0.0
2022-11-23,0.0,0.0,0.0,0.0,0.0,0.0,0.0,0.0,0.0,0.0,0.0
2022-11-24,0.0,0.0,0.0,0.0,0.0,0.0,0.0,0.0,0.0,0.0,0.0
2022-11-25,0.0,0.0,0.0,0.0,0.0,0.0,0.0,0.0,0.0,0.0,0.0
2022-11-28,0.0,0.0,0.0,0.0,0.0,0.0,0.0,0.0,0.0,0.0,0.0
2022-11-29,0.0,0.0,0.0,0.0,0.0,0.0,0.0,0.0,0.0,0.0,0.0
2022-11-30,0.0,0.0,0.0,0.0,0.0,0.0,0.0,0.0,0.0,0.0,0.0
2022-12-01,0.0,0.0,0.0,0.0,0.0,0.0,0.0,0.0,0.0,0.0,0.0
2022-12-02,0.0,0.0,0.0,0.0,0.0,0.0,0.0,0.0,0.0,0.0,0.0
2022-12-05,0.0,0.0,0.0,0.0,0.0,0.0,0.0,0.0,0.0,0.0,0.0
2022-12-06,0.0,0.0,0.0,0.0,0.0,0.0,0.0,0.0,0.0,0.0,0.0
2022-12-07,0.0,0.0,0.0,0.0,0.0,0.0,0.0,0.0,0.0,0.0,0.0
2022-12-08,0.0,0.0,0.0,0.0,0.0,0.0,0.0,0.0,0.0,0.0,0.0
2022-12-09,0.0,0.0,0.0,0.0,0.0,0.0,0.0,0.0,0.0,0.0,0.0
2022-12-12,0.0,0.0,0.0,0.0,0.0,0.0,0.0,0.0,0.0,0.0,0.0
2022-12-13,0.0,0.0,0.0,0.0,0.0,0.0,0.0,0.0,0.0,0.0,0.0
2022-12-14,0.0,0.0,0.0,0.0,0.0,0.0,0.0,0.0,0.0,0.0,0.0
2022-12-15,0.0,0.0,0.0,0.0,0.0,0.0,0.0,0.0,0.0,0.0,0.0
2022-12-16,0.0,0.0,0.0,0.0,0.0,0.0,0.0,0.0,0.0,0.0,0.0
2022-12-19,0.0,0.0,0.0,0.0,0.0,0.0,0.0,0.0,0.0,0.0,0.0
2022-12-20,0.0,0.0,0.0,0.0,0.0,0.0,0.0,0.0,0.0,0.0,0.0
2022-12-21,0.0,0.0,0.0,0.0,0.0,0.0,0.0,0.0,0.0,0.0,0.0
2022-12-22,0.0,0.0,0.0,0.0,0.0,0.0,0.0,0.0,0.0,0.0,0.0
2022-12-23,0.0,0.0,0.0,0.0,0.0,0.0,0.0,0.0,0.0,0.0,0.0
2022-12-26,0.0,0.0,0.0,0.0,0.0,0.0,0.0,0.0,0.0,0.0,0.0
2022-12-27,0.0,0.0,0.0,0.0,0.0,0.0,0.0,0.0,0.0,0.0,0.0
2022-12-28,0.0,0.0,0.0,0.0,0.0,0.0,0.0,0.0,0.0,0.0,0.0
2022-12-29,0.0,0.0,0.0,0.0,0.0,0.0,0.0,0.0,0.0,0.0,0.0
2022-12-30,0.0,0.0,0.0,0.0,0.0,0.0,0.0,0.0,0.0,0.0,0.0
2023-01-03,0.0,0.0,0.0,0.0,0.0,0.0,0.0,0.0,0.0,0.0,0.0
2023-01-04,0.0,0.0,0.0,0.0,0.0,0.0,0.0,0.0,0.0,0.0,0.0
2023-01-05,0.0,0.0,0.0,0.0,0.0,0.0,0.0,0.0,0.0,0.0,0.0
2023-01-06,0.0,0.0,0.0,0.0,0.0,0.0,0.0,0.0,0.0,0.0,0.0
2023-01-09,0.0,0.0,0.0,0.0,0.0,0.0,0.0,0.0,0.0,0.0,0.0
2023-01-10,0.0,0.0,0.0,0.0,0.0,0.0,0.0,0.0,0.0,0.0,0.0
2023-01-11,0.0,0.0,0.0,0.0,0.0,0.0,0.0,0.0,0.0,0.0,0.0
2023-01-12,0.0,0.0,0.0,0.0,0.0,0.0,0.0,0.0,0.0,0.0,0.0
2023-01-13,0.0,0.0,0.0,0.0,0.0,0.0,0.0,0.0,0.0,0.0,0.0
2023-01-16,0.0,0.0,0.0,0.0,0.0,0.0,0.0,0.0,0.0,0.0,0.0
2023-01-17,0.0,0.0,0.0,0.0,0.0,0.0,0.0,0.0,0.0,0.0,0.0
2023-01-18,0.0,0.0,0.0,0.0,0.0,0.0,0.0,0.0,0.0,0.0,0.0
2023-01-19,0.0,0.0,0.0,0.0,0.0,0.0,0.0,0.0,0.0,0.0,0.0
2023-01-27,0.0,0.0,0.0,0.0,0.0,0.0,0.0,0.0,0.0,0.0,0.0
2023-01-30,0.0,0.0,0.0,0.0,0.0,0.0,0.0,0.0,0.0,0.0,0.0
2023-01-31,0.0,0.0,0.0,0.0,0.0,0.0,0.0,0.0,0.0,0.0,0.0
2023-02-01,0.0,0.0,0.0,0.0,0.0,0.0,0.0,0.0,0.0,0.0,0.0
2023-02-02,0.0,0.0,0.0,0.0,0.0,0.0,0.0,0.0,0.0,0.0,0.0
2023-02-03,0.0,0.0,0.0,0.0,0.0,0.0,0.0,0.0,0.0,0.0,0.0
2023-02-06,0.0,0.0,0.0,0.0,0.0,0.0,0.0,0.0,0.0,0.0,0.0
2023-02-07,0.0,0.0,0.0,0.0,0.0,0.0,0.0,0.0,0.0,0.0,0.0
2023-02-08,0.0,0.0,0.0,0.0,0.0,0.0,0.0,0.0,0.0,0.0,0.0
2023-02-09,0.0,0.0,0.0,0.0,0.0,0.0,0.0,0.0,0.0,0.0,0.0
2023-02-10,0.0,0.0,0.0,0.0,0.0,0.0,0.0,0.0,0.0,0.0,0.0
2023-02-13,0.0,0.0,0.0,0.0,0.0,0.0,0.0,0.0,0.0,0.0,0.0
2023-02-14,0.0,0.0,0.0,0.0,0.0,0.0,0.0,0.0,0.0,0.0,0.0
2023-02-15,0.0,0.0,0.0,0.0,0.0,0.0,0.0,0.0,0.0,0.0,0.0
2023-02-16,0.0,0.0,0.0,0.0,0.0,0.0,0.0,0.0,0.0,0.0,0.0
2023-02-17,0.0,0.0,0.0,0.0,0.0,0.0,0.0,0.0,0.0,0.0,0.0
2023-02-20,0.0,0.0,0.0,0.0,0.0,0.0,0.0,0.0,0.0,0.0,0.0
2023-02-21,0.0,0.0,0.0,0.0,0.0,0.0,0.0,0.0,0.0,0.0,0.0
2023-02-22,0.0,0.0,0.0,0.0,0.0,0.0,0.0,0.0,0.0,0.0,0.0
2023-02-23,0.0,0.0,0.0,0.0,0.0,0.0,0.0,0.0,0.0,0.0,0.0
2023-02-24,0.0,0.0,0.0,0.0,0.0,0.0,0.0,0.0,0.0,0.0,0.0
2023-02-27,0.0,0.0,0.0,0.0,0.0,0.0,0.0,0.0,0.0,0.0,0.0
2023-02-28,0.0,0.0,0.0,0.0,0.0,0.0,0.0,0.0,0.0,0.0,0.0
2023-03-01,0.0,0.0,0.0,0.0,0.0,0.0,0.0,0.0,0.0,0.0,0.0
2023-03-02,0.0,0.0,0.0,0.0,0.0,0.0,0.0,0.0,0.0,0.0,0.0
2023-03-03,0.0,0.0,0.0,0.0,0.0,0.0,0.0,0.0,0.0,0.0,0.0
2023-03-06,0.0,0.0,0.0,0.0,0.0,0.0,0.0,0.0,0.0,0.0,0.0
2023-03-07,0.0,0.0,0.0,0.0,0.0,0.0,0.0,0.0,0.0,0.0,0.0
2023-03-08,0.0,0.0,0.0,0.0,0.0,0.0,0.0,0.0,0.0,0.0,0.0
2023-03-09,0.0,0.0,0.0,0.0,0.0,0.0,0.0,0.0,0.0,0.0,0.0
2023-03-10,0.0,0.0,0.0,0.0,0.0,0.0,0.0,0.0,0.0,0.0,0.0
2023-03-13,0.0,0.0,0.0,0.0,0.0,0.0,0.0,0.0,0.0,0.0,0.0
2023-03-14,0.0,0.0,0.0,0.0,0.0,0.0,0.0,0.0,0.0,0.0,0.0
2023-03-15,0.0,0.0,0.0,0.0,0.0,0.0,0.0,0.0,0.0,0.0,0.0
2023-03-16,0.0,0.0,0.0,0.0,0.0,0.0,0.0,0.0,0.0,0.0,0.0
2023-03-17,0.0,0.0,0.0,0.0,0.0,0.0,0.0,0.0,0.0,0.0,0.0
2023-03-20,0.0,0.0,0.0,0.0,0.0,0.0,0.0,0.0,0.0,0.0,0.0
2023-03-21,0.0,0.0,0.0,0.0,0.0,0.0,0.0,0.0,0.0,0.0,0.0
2023-03-22,0.0,0.0,0.0,0.0,0.0,0.0,0.0,0.0,0.0,0.0,0.0
2023-03-23,0.0,0.0,0.0,0.0,0.0,0.0,0.0,0.0,0.0,0.0,0.0
2023-03-24,0.0,0.0,0.0,0.0,0.0,0.0,0.0,0.0,0.0,0.0,0.0
2023-03-27,0.0,0.0,0.0,0.0,0.0,0.0,0.0,0.0,0.0,0.0,0.0
2023-03-28,0.0,0.0,0.0,0.0,0.0,0.0,0.0,0.0,0.0,0.0,0.0
2023-03-29,0.0,0.0,0.0,0.0,0.0,0.0,0.0,0.0,0.0,0.0,0.0
2023-03-30,0.0,0.0,0.0,0.0,0.0,0.0,0.0,0.0,0.0,0.0,0.0
2023-03-31,0.0,0.0,0.0,0.0,0.0,0.0,0.0,0.0,0.0,0.0,0.0
2023-04-03,0.0,0.0,0.0,0.0,0.0,0.0,0.0,0.0,0.0,0.0,0.0
2023-04-04,0.0,0.0,0.0,0.0,0.0,0.0,0.0,0.0,0.0,0.0,0.0
2023-04-05,0.0,0.0,0.0,0.0,0.0,0.0,0.0,0.0,0.0,0.0,0.0
2023-04-06,0.0,0.0,0.0,0.0,0.0,0.0,0.0,0.0,0.0,0.0,0.0
2023-04-07,0.0,0.0,0.0,0.0,0.0,0.0,0.0,0.0,0.0,0.0,0.0
2023-04-10,0.0,0.0,0.0,0.0,0.0,0.0,0.0,0.0,0.0,0.0,0.0
2023-04-11,0.0,0.0,0.0,0.0,0.0,0.0,0.0,0.0,0.0,0.0,0.0
2023-04-12,0.0,0.0,0.0,0.0,0.0,0.0,0.0,0.0,0.0,0.0,0.0
2023-04-13,0.0,0.0,0.0,0.0,0.0,0.0,0.0,0.0,0.0,0.0,0.0
2023-04-14,0.0,0.0,0.0,0.0,0.0,0.0,0.0,0.0,0.0,0.0,0.0
2023-04-17,0.0,0.0,0.0,0.0,0.0,0.0,0.0,0.0,0.0,0.0,0.0
2023-04-18,0.0,0.0,0.0,0.0,0.0,0.0,0.0,0.0,0.0,0.0,0.0
2023-04-19,0.0,0.0,0.0,0.0,0.0,0.0,0.0,0.0,0.0,0.0,0.0
2023-04-20,0.0,0.0,0.0,0.0,0.0,0.0,0.0,0.0,0.0,0.0,0.0
2023-04-21,0.0,0.0,0.0,0.0,0.0,0.0,0.0,0.0,0.0,0.0,0.0
2023-04-24,0.0,0.0,0.0,0.0,0.0,0.0,0.0,0.0,0.0,0.0,0.0
2023-04-25,0.0,0.0,0.0,0.0,0.0,0.0,0.0,0.0,0.0,0.0,0.0
2023-04-26,0.0,0.0,0.0,0.0,0.0,0.0,0.0,0.0,0.0,0.0,0.0
2023-04-27,0.0,0.0,0.0,0.0,0.0,0.0,0.0,0.0,0.0,0.0,0.0
2023-04-28,0.0,0.0,0.0,0.0,0.0,0.0,0.0,0.0,0.0,0.0,0.0
2023-05-04,0.0,0.0,0.0,0.0,0.0,0.0,0.0,0.0,0.0,0.0,0.0
2023-05-05,0.0,0.0,0.0,0.0,0.0,0.0,0.0,0.0,0.0,0.0,0.0
2023-05-08,0.0,0.0,0.0,0.0,0.0,0.0,0.0,0.0,0.0,0.0,0.0
2023-05-09,0.0,0.0,0.0,0.0,0.0,0.0,0.0,0.0,0.0,0.0,0.0
2023-05-10,0.0,0.0,0.0,0.0,0.0,0.0,0.0,0.0,0.0,0.0,0.0
2023-05-11,0.0,0.0,0.0,0.0,0.0,0.0,0.0,0.0,0.0,0.0,0.0
2023-05-12,0.0,0.0,0.0,0.0,0.0,0.0,0.0,0.0,0.0,0.0,0.0
2023-05-15,0.0,0.0,0.0,0.0,0.0,0.0,0.0,0.0,0.0,0.0,0.0
2023-05-16,0.0,0.0,0.0,0.0,0.0,0.0,0.0,0.0,0.0,0.0,0.0
2023-05-17,0.0,0.0,0.0,0.0,0.0,0.0,0.0,0.0,0.0,0.0,0.0
2023-05-18,0.0,0.0,0.0,0.0,0.0,0.0,0.0,0.0,0.0,0.0,0.0
2023-05-19,0.0,0.0,0.0,0.0,0.0,0.0,0.0,0.0,0.0,0.0,0.0
2023-05-22,0.0,0.0,0.0,0.0,0.0,0.0,0.0,0.0,0.0,0.0,0.0
2023-05-23,0.0,0.0,0.0,0.0,0.0,0.0,0.0,0.0,0.0,0.0,0.0
2023-05-24,0.0,0.0,0.0,0.0,0.0,0.0,0.0,0.0,0.0,0.0,0.0
2023-05-25,0.0,0.0,0.0,0.0,0.0,0.0,0.0,0.0,0.0,0.0,0.0
2023-05-26,0.0,0.0,0.0,0.0,0.0,0.0,0.0,0.0,0.0,0.0,0.0
2023-05-29,0.0,0.0,0.0,0.0,0.0,0.0,0.0,0.0,0.0,0.0,0.0
2023-05-30,0.0,0.0,0.0,0.0,0.0,0.0,0.0,0.0,0.0,0.0,0.0
2023-05-31,0.0,0.0,0.0,0.0,0.0,0.0,0.0,0.0,0.0,0.0,0.0
2023-06-01,0.0,0.0,0.0,0.0,0.0,0.0,0.0,0.0,0.0,0.0,0.0
2023-06-02,0.0,0.0,0.0,0.0,0.0,0.0,0.0,0.0,0.0,0.0,0.0
2023-06-05,0.0,0.0,0.0,0.0,0.0,0.0,0.0,0.0,0.0,0.0,0.0
2023-06-06,0.0,0.0,0.0,0.0,0.0,0.0,0.0,0.0,0.0,0.0,0.0
2023-06-07,0.0,0.0,0.0,0.0,0.0,0.0,0.0,0.0,0.0,0.0,0.0
2023-06-08,0.0,0.0,0.0,0.0,0.0,0.0,0.0,0.0,0.0,0.0,0.0
2023-06-09,0.0,0.0,0.0,0.0,0.0,0.0,0.0,0.0,0.0,0.0,0.0
2023-06-12,0.0,0.0,0.0,0.0,0.0,0.0,0.0,0.0,0.0,0.0,0.0
2023-06-13,0.0,0.0,0.0,0.0,0.0,0.0,0.0,0.0,0.0,0.0,0.0
2023-06-14,0.0,0.0,0.0,0.0,0.0,0.0,0.0,0.0,0.0,0.0,0.0
2023-06-15,0.0,0.0,0.0,0.0,0.0,0.0,0.0,0.0,0.0,0.0,0.0
2023-06-16,0.0,0.0,0.0,0.0,0.0,0.0,0.0,0.0,0.0,0.0,0.0
2023-06-19,0.0,0.0,0.0,0.0,0.0,0.0,0.0,0.0,0.0,0.0,0.0
2023-06-20,0.0,0.0,0.0,0.0,0.0,0.0,0.0,0.0,0.0,0.0,0.0
2023-06-21,0.0,0.0,0.0,0.0,0.0,0.0,0.0,0.0,0.0,0.0,0.0
2023-06-22,0.0,0.0,0.0,0.0,0.0,0.0,0.0,0.0,0.0,0.0,0.0
2023-06-23,0.0,0.0,0.0,0.0,0.0,0.0,0.0,0.0,0.0,0.0,0.0
2023-06-26,0.0,0.0,0.0,0.0,0.0,0.0,0.0,0.0,0.0,0.0,0.0
2023-06-27,0.0,0.0,0.0,0.0,0.0,0.0,0.0,0.0,0.0,0.0,0.0
2023-06-28,0.0,0.0,0.0,0.0,0.0,0.0,0.0,0.0,0.0,0.0,0.0
2023-06-29,0.0,0.0,0.0,0.0,0.0,0.0,0.0,0.0,0.0,0.0,0.0
2023-06-30,0.0,0.0,0.0,0.0,0.0,0.0,0.0,0.0,0.0,0.0,0.0
2023-07-03,0.0,0.0,-0.012650740601690136,-0.008855518421183262,-0.0063253703008452344,-0.00885551842118315,-0.0063253703008452344,0.0,0.0,-0.00885551842118315,0.0
2023-07-04,0.0026829525453495595,0.008278300810313333,0.005155465666202286,0.004407084426088614,0.003911339547373327,0.006100686631102414,0.00672682265307456,0.0026829525453495595,0.008278300810313333,0.006100686631102414,0.002280559632122925
2023-07-05,-0.007435003505798288,-0.005987194269022833,0.008206437061411664,0.0034802065432275597,0.0003455632820710264,0.0039010045751921574,0.0010534390516785397,-0.007435003505798399,-0.005987194269022722,0.0039010045751921574,-0.008457071635105673
2023-07-06,0.0025297903664693866,-0.0025017433110379184,-0.0030523648579342533,-0.001384003181847726,-0.0002687772905016761,-0.0028869869264234183,-0.002776826222516404,0.0025297903664696086,-0.0025017433110378073,-0.0028869869264235293,8.034444644478e-06
2023-07-07,0.009238471949823301,0.0031161689125387415,0.0005102850524840719,0.0031291379311690903,0.004874850872943037,0.001293258745727277,0.001814665079734601,0.009238471949823301,0.0031161689125387415,0.001293258745727277,0.010975486889653219
2023-07-10,0.003975191804688638,0.014528631260995573,0.0066303223279162715,0.005828810581743671,0.00529684785715645,0.009007798482282059,0.010588971790336243,0.003975191804688416,0.014528631260995573,0.009007798482282059,0.004220231746412617
2023-07-11,-0.0002006014492847985,0.0023104765946151407,0.0030399926356816653,0.0020635481408477485,0.0014146230611520316,0.002819198932293654,0.002672932239307535,-0.0002006014492847985,0.0023104765946151407,0.002819198932293432,0.001497849166041787
2023-07-12,0.005074293273143571,0.0002548275046281301,0.0,0.001525513647562482,0.002540984391248946,7.708640093229135e-05,0.00012817164658041058,0.005074293273143793,0.00025482750462835213,7.708640093229135e-05,0.003019570715459663
2023-07-13,0.014044846651468657,0.01317340739926065,0.010102596965229749,0.011291977450118118,0.01208169172960094,0.0110316952424232,0.011647330821320523,0.014044846651468657,0.01317340739926065,0.0110316952424232,0.010748686908921057
2023-07-14,0.003556249321118976,0.010917144090767827,0.003000466584953454,0.0031686032131870157,0.0032800227722611375,0.0054007947040097815,0.006988862417631525,0.003556249321118976,0.010917144090767827,0.0054007947040097815,0.0032091919821355397
2023-07-17,-0.005011729651127506,-1.316252713579047e-05,0.006980145006375116,0.003350934576430431,0.0009466259081443162,0.004848147838393935,0.0034431958123026796,-0.005011729651127617,-1.3162527135568425e-05,0.004848147838393935,-0.001010553969696515
2023-07-18,-0.0032244262825069647,-0.004587865972520699,0.0014853772101925955,7.188649946621162e-05,-0.0008701788240489394,-0.00035716953671538487,-0.0015756582244841333,-0.0032244262825070757,-0.004587865972520588,-0.0003571695367154959,-0.0023231371168765946
2023-07-19,-0.0022969397679917236,-0.0015512004147346659,0.003955131032348236,0.0020849647321377063,0.0008355950089204978,0.00229164840998064,0.0011882033702201866,-0.0022969397679917236,-0.0015512004147346659,0.00229164840998064,-0.0039018889811273105
2023-07-20,0.008991478756786186,0.005261171572532586,-0.004924436996852188,-0.0007800062347410597,0.0019973219394233688,-0.0018591256802417133,0.00017981976963699076,0.008991478756786409,0.005261171572532586,-0.0018591256802417133,0.0067532630271163185
2023-07-21,0.01192194458744611,0.026470796623982107,0.011877137005330995,0.011890612074097362,0.01189957980982781,0.016300360527546687,0.019227530072457588,0.01192194458744611,0.026470796623982107,0.016300360527546687,0.012363011769502386
2023-07-24,0.005461699152492061,0.010138290973152442,0.006847007078627065,0.006430387910603574,0.006153131608561679,0.007854552275347038,0.00851650986511121,0.005461699152492061,0.010138290973152442,0.007854552275347038,0.006853341271941815
2023-07-25,-0.003139614266896462,-0.0034264085582469406,0.005343206304673442,0.002794528131796703,0.0010972360742569354,0.0026525223717437374,0.0008876683632215165,-0.003139614266896351,-0.0034264085582469406,0.0026525223717437374,-0.0028116087368266207
2023-07-26,0.004086854421349262,0.012385295183279244,0.002415821903661408,0.0029149155053291853,0.0032486965478335517,0.005456099940103432,0.00745913435615031,0.004086854421349262,0.012385295183279244,0.005456099940103432,0.0029841806171997387
2023-07-27,-0.010094643547362891,-0.0024104394112530736,-0.0009639999093683516,-0.0036942704623252887,-0.005518689763896023,-0.0014081441934625794,-0.0016992961149552288,-0.01009464354736278,-0.0024104394112529626,-0.0014081441934624683,-0.007961497174953203
2023-07-28,0.012014540094591464,0.008988754998713988,0.010614231120890327,0.011030265490744373,0.011309540899579362,0.010115612751901759,0.009788510436742781,0.012014540094591464,0.008988754998713988,0.010115612751901759,0.008218441955109235
2023-07-31,0.001056108731287253,0.0015554806138120547,0.021482902797292258,0.01540815650204963,0.01133310655976727,0.015376941547753153,0.01136804939859104,0.001056108731287253,0.0015554806138120547,0.015376941547753153,-0.0024686857010305374
2023-08-01,-0.00525635516095091,-0.011305207726304611,-0.00841243754093668,-0.007487113091625086,-0.006860159050740777,-0.009286745777495553,-0.009866517154990206,-0.005256355160951021,-0.011305207726304611,-0.009286745777495664,-0.010516165721188853
2023-08-02,0.009145850302556102,0.017376295379367912,-0.005655871358500764,-0.0013064352171819893,0.0016359212984637939,0.0012911671510749123,0.005904653408366878,0.009145850302556102,0.017376295379367912,0.0012911671510746903,0.008445533017336304
2023-08-03,-0.005582438277569435,0.01476419147352237,-0.009480070322380851,-0.00832277752532884,-0.007545578213447146,-0.0020499626932980464,0.0028276187100413352,-0.005582438277569435,0.01476419147352237,-0.0020499626932980464,-0.007591597776734682
2023-08-04,0.010377105624066463,0.0058818970078713395,0.02105576484061844,0.017876273932417197,0.015745195705810344,0.01632709740229643,0.013261005805157655,0.010377105624066463,0.0058818970078713395,0.016327097402296653,0.017007554321076812
2023-08-07,0.004202469798244568,0.0061644235696358685,0.011716796635704574,0.00949594551051991,0.00799962049740266,0.010004280781642505,0.008885334889955132,0.004202469798244346,0.0061644235696358685,0.010004280781642505,0.008345392566382337
2023-08-08,0.004497370553808944,-0.0052002465478077076,-0.00046324412818554705,0.0009951723619576747,0.001981421523697735,-0.0019187210086778483,-0.002872388431956252,0.004497370553809166,-0.005200246547807819,-0.0019187210086779594,0.0016876679034694142
2023-08-09,-0.010430615063604876,-0.007337044278201255,-0.005098047050402399,-0.006671302687163094,-0.007732615671034004,-0.005783732636107097,-0.006234097688714191,-0.010430615063604765,-0.007337044278201144,-0.005783732636106986,-0.009771981979782574
2023-08-10,-0.01769704477385181,-0.016345785289878068,-0.007919172299970967,-0.01079299870101269,-0.012736819738427108,-0.01049576316617884,-0.01219002808233649,-0.01769704477385181,-0.016345785289877957,-0.01049576316617884,-0.019124309555377916
2023-08-11,-0.002364033586462533,0.006974908732680918,0.005165073418085697,0.002967628994459126,0.0014740514886382172,0.005715191945340425,0.006078492262779678,-0.002364033586462422,0.006974908732680918,0.0057151919453406475,-0.005382113904201402
2023-08-14,0.008603650371536764,0.019396995445218,0.0,0.0024977120300406774,0.004201634846906055,0.005903306277062592,0.009798332147300526,0.008603650371536542,0.01939699544521778,0.00590330627706237,0.009023155714392717
2023-08-15,0.004533815929200102,-0.00042517825322152536,0.0037371145602596023,0.003969812383628923,0.004127893119824755,0.0024533641513153626,0.0016145592172212009,0.004533815929200102,-0.00042517825322141434,0.0024533641513153626,0.00044938795992011116
2023-08-16,-0.0020052449641365655,0.0074173495401210765,0.006050200866670519,0.003696071929672362,0.0020974424168518357,0.006470651336107025,0.006745956639497397,-0.0020052449641364545,0.0074173495401208545,0.006470651336107025,-0.003379261591311078
2023-08-17,-0.010967028333050632,0.002558812713078229,0.001850404945065609,-0.0018740932134825306,-0.004413282300672616,0.002068472333048632,0.0022111612414579263,-0.010967028333050743,0.002558812713078229,0.002068472333048632,-0.00734508018021629
2023-08-18,-0.06398797786679777,-0.05527206500478854,-0.04894516267318838,-0.053276492544597875,-0.05624796920697894,-0.05089371017587718,-0.05216825212701748,-0.06398797786679755,-0.05527206500478854,-0.05089371017587718,-0.0593585973870675
2023-08-21,-0.0024808299025312897,-0.01378971032987486,0.002427550965249603,0.0010302541762092776,6.423136032407406e-05,-0.0025439701399048165,-0.00580689243844601,-0.0024808299025314007,-0.01378971032987486,-0.0025439701399048165,-0.0036949326177381225
2023-08-22,-0.006002549071239316,0.014899190611525448,0.004843344464968036,0.0017666115989445341,-0.0003655180701991334,0.007891282704727276,0.009908282497173682,-0.006002549071239205,0.01489919061152567,0.007891282704727276,-0.0033607128867403357
2023-08-23,-0.0051937668085557664,-0.0037243287510382306,-0.005301999501525989,-0.00527153446971329,-0.0052503126514736875,-0.0048204808282673595,-0.00450342973804041,-0.0051937668085558775,-0.0037243287510383416,-0.0048204808282673595,-0.001952580556207173
2023-08-24,0.014169769061366466,0.032634802963974474,0.009691382800460557,0.01095204482926504,0.011830171282470214,0.016701624852145214,0.021313744950903324,0.014169769061366244,0.032634802963974696,0.016701624852145214,0.006564221559001382
2023-08-25,5.409666268607616e-05,0.0028759059336027626,-0.0038393445623279288,-0.0027398556554106834,-0.0019756147755582987,-0.0017553800783529638,-0.0003999179736003944,5.40966626862982e-05,0.0028759059336025405,-0.0017553800783529638,4.204748762992594e-05
2023-08-28,0.011987177432542628,0.019608983597905638,0.011562425823697264,0.011682709665838953,0.011766161317533275,0.014071124200293106,0.015697229321419703,0.011987177432542406,0.01960898359790586,0.014071124200293106,0.010846832046175425
2023-08-29,-0.0027717563776449294,0.013540553201536465,0.004762610100526032,0.002628338515449302,0.0011479017357345356,0.007514279874627938,0.009290614999661662,-0.0027717563776447074,0.013540553201536465,0.007514279874627938,-0.0036725418535998866
2023-08-30,0.017744176489238095,0.011921263548801742,0.008532063290142666,0.011127538004196191,0.012934388461085522,0.00960084915795778,0.01028770646594701,0.017744176489238095,0.011921263548801742,0.00960084915795778,0.016060550674477758
2023-08-31,0.010718549820391221,0.01203809590606486,0.0056399220217870916,0.0070801677946599195,0.0080784432917822,0.007662226414694606,0.008959605783758873,0.010283301040209025,0.01133294204286095,0.007662226414694828,0.011537600963166916
2023-09-05,0.008094390467571433,0.0027195896364584637,0.00841243754093668,0.00832191685834971,0.008259326159577363,0.006605255302742474,0.005449698927151303,0.0070984728099363625,0.0021781845122736954,0.006605255302742474,0.0073786627558078965
2023-09-06,0.014075514369307207,0.021548661483764997,0.012049929391860115,0.012626309355171728,0.01302490890207042,0.015053641557049469,0.016979947866611944,0.012343691157065573,0.017258839375960955,0.015053641557049247,0.01417092056815572
2023-09-07,-0.006392588072125505,-0.005840378049078776,-0.0032055846901707374,-0.00411374396290598,-0.00474118332724871,-0.004044096725174362,-0.004579234838363866,-0.005606056786721991,-0.004677698738730474,-0.004044096725174362,-0.007567193911654058
2023-09-08,0.007376478538742237,0.002251119287401293,-0.0013782400753581392,0.0011107706783108906,0.0028330598689962905,-0.00022529472428856057,0.0005115300252449551,0.006468891332845672,0.0018029753832577988,-0.0002252947242886716,0.009610911585393733
2023-09-11,-0.011685591073377743,-0.02321572133271088,-0.020242086226365474,-0.017794206012114233,-0.016107490467521246,-0.021189066278534563,-0.021793119549939677,-0.01024781925640117,-0.018594027558519133,-0.021189066278534452,-0.00954049747868324
2023-09-12,0.04172865483002752,0.03158408503048071,0.03239909689526521,0.035084737872478344,0.03692750631303765,0.03214008665442192,0.031974608978607266,0.03659444437390058,0.025296450584109342,0.03214008665442214,0.041239135789330916
2023-09-13,-0.007886131303470822,-0.0101876089353502,-0.014099311051509189,-0.012299282009344936,-0.011069575295207468,-0.012856844324562022,-0.012062724847299866,-0.006915837437982297,-0.008159500132886799,-0.012856844324562022,-0.008685488105845685
2023-09-14,-0.02082540454201498,-0.026834613414137176,-0.011533019771434505,-0.01423715826088856,-0.016078856164091437,-0.016406378760297047,-0.01951475287262161,-0.018263088306607722,-0.021492484949913737,-0.016406378760297047,-0.02133016887357253
2023-09-15,0.0011316974911947941,0.005575875442004552,0.005133736180299886,0.003976903038830137,0.0031853827367251952,0.005273058844770473,0.005362646414077021,0.000992455689221572,0.0044658522621661145,0.005273058844770251,0.0003440586337886131
2023-09-18,-0.005191082459206187,-0.010462728377165442,-0.012536629060006299,-0.010419335640314609,-0.008967842328893694,-0.0118829246023745,-0.01146267381774968,-0.004552382027830482,-0.00837984988681817,-0.0118829246023745,-0.007587744128782492
2023-09-19,0.00526895552560136,0.008004659301226846,0.006112788494473165,0.005868275531918821,0.005701255282985596,0.006709973259991786,0.00709347181242892,0.0046206737474658865,0.006411123458561541,0.006709973259991786,0.005332934016573754
2023-09-20,0.022027282161162454,0.02192560706322344,0.002336788205815843,0.00803899770452876,0.01193561797346887,0.008528114077698268,0.012500171885665434,0.01931708930082321,0.017560744123699346,0.008528114077698268,0.02937676742767592
2023-09-21,-0.02050732115516274,-0.0160366932910333,-0.0097916295000946,-0.012937870032670884,-0.015067468010074636,-0.011791691986453245,-0.013061956092105254,-0.017984141265208087,-0.012844171961215456,-0.011791691986453134,-0.023811608779935045
2023-09-22,-0.04967019860980626,-0.04114238078016752,-0.016009877214753443,-0.025817114342562175,-0.03249090363861673,-0.024024310918395853,-0.029131242102232058,-0.043558876447634454,-0.032951918705693584,-0.024024310918395964,-0.049424926116898305
2023-09-25,-0.03679459685050779,-0.04815806803312028,-0.006699561540196797,-0.015253322862383012,-0.021173280853281073,-0.01968826688087244,-0.028076746288545618,-0.03226746304645056,-0.038570950750998145,-0.01968826688087233,-0.042537233777373507
2023-09-26,-0.005547184494701041,-0.0200447447823483,-0.027460761331280725,-0.02136862059339506,-0.01708997577502791,-0.025204842163326302,-0.023715859755171986,-0.0048646699791778936,-0.016054316449832573,-0.025204842163326302,-0.007180863568067131
2023-09-27,0.0,0.027915850959220778,0.0004953710076660567,0.0003554276510313592,0.0002581793633029683,0.008880712989319806,0.014394090241693913,0.0,0.02235847401062241,0.008880712989319806,0.0
2023-09-28,0.0,-0.01332234248503128,0.0,0.0,0.0,-0.004150917145910871,-0.0068427579298055985,0.0,-0.01067018335379799,-0.004150917145910871,0.0
2023-09-29,-0.003954633536255803,-0.00334750199488576,0.00693176031423226,0.0037381900528550283,0.0015761599744037458,0.003719218083782394,0.0016400997916043991,-0.004410714054215559,-0.0035728941538250014,0.0028383499794506495,-0.004256688035232603
2023-10-02,-0.0022402670844982042,0.009275552186928548,-0.004425455434226455,-0.003769898929308013,-0.003332861259362274,-0.00031515314787988746,0.0024250483763510466,-0.0013591608816575507,0.005059248866353672,-0.00023613037766812006,-0.002419978395281741
2023-10-03,-0.008182205690401734,-0.05009987165927854,-0.024695150812844346,-0.019733660983142665,-0.016429627111603562,-0.03238968486760496,-0.03748431829323107,-0.0049641107424300834,-0.027326429067356717,-0.02426816476938576,-0.008684829001147865
2023-10-04,-0.0020907464432411427,0.0007533567158766186,0.006583315172369764,0.003946389571846565,0.002205123222987826,0.004849867181633494,0.003686882484987608,-0.00126844731986675,0.0004109102114837615,0.003633791941928921,-0.0021059566274400643
2023-10-05,-0.0006881622725751768,-0.03211663965549938,-0.009558839475896086,-0.006878358820867625,-0.005100598876526696,-0.016238708962608706,-0.020733221957620174,-0.00041750523747319246,-0.017517671130906187,-0.012166949643305558,0.0
2023-10-06,0.0009588107268161394,0.020195919834986586,0.008127235976414848,0.005947628702597685,0.004508537895714593,0.0116433620328813,0.014036164010731822,0.0005817065482143224,0.011015644402725178,0.008723858519728456,0.0
2023-10-09,0.004535901723401459,0.02344932576692127,0.005038572815007303,0.004886490318515957,0.004785715761241649,0.010447762634437252,0.014107386479810469,0.0027519130322226637,0.012790179216525699,0.007828048532128262,0.0037675943225741193
2023-10-10,-0.0016547192114366727,-0.00667618024935801,0.009023963171493676,0.00579426864221011,0.003653634779009929,0.004351813262674975,0.001219106246826973,-0.0010039113808681943,-0.003641449767889382,0.0032606220695226007,-0.0018538987261803586
2023-10-11,0.0014046286825375454,0.0127317473925177,0.0009936955029876682,0.0011170589794864405,0.0011992615052260902,0.00444842586000993,0.006782902425607196,0.0008521824793881194,0.006944392879711048,0.0033330096349004634,0.0015740186866453065
2023-10-12,0.001933779655853396,0.004471582101411187,0.0024817726311663346,0.0023172161032838368,0.002207587344027928,0.0030722406861518614,0.0034689453258505143,0.0011732162116597777,0.002438975731197335,0.002301894676885574,0.0011927868757690696
2023-10-13,0.0036958713552670552,0.007655975545010074,0.002970754420385191,0.003188416112374526,0.003333463590770691,0.004363014749785954,0.005297481536122639,0.00224227004203037,0.0041758684352515285,0.003269014850618923,0.003374796434664651
2023-10-16,-0.002348482885996317,-0.004508021805926132,-0.015303435091212791,-0.011412720292369949,-0.008820925866188323,-0.012084952219465928,-0.009929748645739589,-0.0014248149660262,-0.002458851370948034,-0.009054722603537346,-0.0019144202343036598
2023-10-17,-0.017238322077527624,-0.03474450532319573,0.0025066564365259225,-0.003477653752848031,-0.007438021814940354,-0.008684369824691562,-0.01613758093357387,-0.010458419531900076,-0.018951011823976738,-0.006506815941105026,-0.018761705008649376
2023-10-18,-0.0030400627985192052,-0.011663320477727002,-0.015502410688926327,-0.011777477625759536,-0.009287648425047923,-0.014379387460655813,-0.013617281883510635,-0.0018443936716837639,-0.0063616310614923455,-0.010773841906904336,-0.005801686264158001
2023-10-19,-0.009357020865598864,-0.014470837290083471,0.009651092721992605,0.003919430616084796,0.0001122915358628962,0.002575422053034737,-0.002217090001639388,-0.005676866306422501,-0.007892960513791736,0.001929650349771217,-0.008603796240312378
2023-10-20,0.000391390062914887,0.010231186095793987,-0.01358361399206287,-0.00942535237132458,-0.006636968722855019,-0.00671680567949462,-0.0020104387267092516,0.00023745475111613956,0.005580488968575326,-0.0050326067579916645,0.00044168552166024
2023-10-23,-0.0012788350873098597,-0.013405545341118597,-0.012240595066922544,-0.008946600394466708,-0.006753210215962535,-0.012582230616326351,-0.012813665167836663,-0.0007758640194244215,-0.007311908628521602,-0.0094273114113812,-0.0012788945849602218
2023-10-24,0.0,0.006316264157962381,-0.007745177498304723,-0.00539975451305319,-0.003846623176018249,-0.0036249305300839474,-0.0008321267221879092,0.0,0.003445137457777747,-0.0027160008422818516,0.0
2023-10-25,0.0,-0.009334157413880773,0.004163004541529514,0.002895504084877931,0.0020594543052032677,0.00016864183921816434,-0.0025201020358277537,0.0,-0.0050912144487841315,0.000126355904908948,0.0
2023-10-26,0.0,-0.044078554896737954,-0.03575705737843471,-0.02490161998967455,-0.017726286904499178,-0.03819633078895823,-0.039849291316675695,0.0,-0.02404216745242349,-0.028618828894488857,0.0
2023-10-27,0.0,0.00749394504363976,-0.004836917958872977,-0.0033309842950646207,-0.0023538493884374123,-0.0012444885618633217,0.0012002774814849904,0.0,0.004087490663896132,-0.0009324404851843715,0.0
2023-10-30,0.0,-0.02416104234074068,0.0,0.0,0.0,-0.007100577813862197,-0.01190361611083901,0.0,-0.01317837726626947,-0.005320150320974548,0.0
2023-10-31,0.0,-0.02579113592169735,-0.0010800949883739142,-0.0007426926297223746,-0.0005243117928678265,-0.008217526583071288,-0.013103656468618774,-7.667458246018999e-05,-0.014359009624212438,-0.006410380511895797,0.0
2023-11-01,0.0,0.009704546722405727,-0.0045377520423729445,-0.0031191858959206398,-0.002201541459955658,-0.0004969585297015522,0.0023029821734212863,0.0,0.004473413064418619,-0.00033615363919570207,0.0
2023-11-02,0.0,0.01307569547872145,0.0,0.0,0.0,0.0037476718447806423,0.006326779696716134,0.0,0.006027379604018446,0.002535007357437058,0.0
2023-11-03,0.0,-0.0036263476265153693,0.0,0.0,0.0,-0.0010490194426930888,-0.0017664047128334026,0.0,-0.0016716031477413962,-0.0007095797378912083,0.0
2023-11-06,0.0,0.0028256389994005815,0.0,0.0,0.0,0.0008152838454642541,0.0013738126465230316,0.0,0.0013025080693429558,0.0005514758581464108,0.0
2023-11-07,0.0,0.0007656731686536133,0.0,0.0,0.0,0.00022136404869099735,0.00037280648767890057,0.0,0.0003529451146668805,0.000149735493219616,0.0
2023-11-08,0.0,0.015408859466429448,0.0,0.0,0.0,0.004457285257927213,0.00750552455360709,0.0,0.00710287612771987,0.0030150054196387277,0.0
2023-11-09,0.0,-0.0011645603258633175,0.0,0.0,0.0,-0.00034054256318738485,-0.0005716971910395552,0.0,-0.0005368163526889846,-0.00023035045194852444,0.0
2023-11-10,0.0,-0.0018632584087946436,0.0,0.0,0.0,-0.0005444078314011946,-0.0009141541955062227,0.0,-0.0008588885959036618,-0.000368249386607844,0.0
2023-11-13,0.0,0.002501578225575063,0.0,0.0,0.0,0.0007299479650719753,0.0012261615432802575,0.0,0.001153128841156148,0.0004937527987090018,0.0
2023-11-14,0.0,0.0005880247852123599,0.0,0.0,0.0,0.00017188643902077416,0.00028859055337338013,0.0,0.0002710562205134881,0.00011626775385042976,0.0
2023-11-15,0.0,-0.0010623431968305175,0.0,0.0,0.0,-0.0003106643946176879,-0.0005215324140775968,0.0,-0.0004896982900423064,-0.00021014020401688427,0.0
2023-11-16,0.0,0.0020590646867997275,0.0,0.0,0.0,0.0006016860694646464,0.001010302430594745,0.0,0.0009491475628786716,0.0004069936419555109,0.0
2023-11-17,0.0,-0.004869880485164235,0.0,0.0,0.0,-0.0014251164721197362,-0.0023919631469131453,0.0,-0.002244822721518158,-0.0009639800098988349,0.0
2023-11-20,0.0,0.0002647294123157007,0.0,0.0,0.0,7.720287707035922e-05,0.0001297054750468707,0.0,0.00012202981194953111,5.22217177743034e-05,0.0
2023-11-21,0.0,0.006501275171208798,0.0,0.0,0.0,0.0018963184293372404,0.0031857617233286284,0.0,0.0029968312913699613,0.0012827113390703193,0.0
2023-11-22,0.0,-0.0003005141027839775,0.0,0.0,0.0,-8.805806215539391e-05,-0.00014774492412561457,0.0,-0.00013852514206891264,-5.956440283216846e-05,0.0
2023-11-23,0.0,-0.00544845545066186,0.0,0.0,0.0,-0.0015961929342236392,-0.0026782724509374356,0.0,-0.0025115229480653367,-0.0010796998776136935,0.0
2023-11-24,0.0,0.0014356933951258366,0.0,0.0,0.0,0.0004189814061978936,0.0007037769971334207,0.0,0.0006617979977805444,0.0002834082041682784,0.0
2023-11-27,0.0,0.00030181792308048294,0.0,0.0,0.0,8.816967037894585e-05,0.00014805937756001697,0.0,0.0001391261517724729,5.96398970800216e-05,0.0
2023-11-28,0.0,0.0002640109994438422,0.0,0.0,0.0,7.714166002648071e-05,0.000129532776822483,0.0,0.00012169865196653973,5.2180309224381105e-05,0.0
2023-11-29,0.0,0.0052034145160835266,0.0,0.0,0.0,0.0015206754188130667,0.002553315433605041,0.0,0.0023985687473782047,0.0010286181753969004,0.0
2023-11-30,0.0,-0.0011628322726768836,0.0,0.0,0.0,-0.00034108232437168873,-0.0005721100807746238,-0.000725380603268766,-0.0007911929785087146,-0.0008199539986686322,0.0
2023-12-01,0.0,0.0006008702068434069,0.0,0.0,0.0,0.00017610255546718356,0.00029545165320454814,0.0,0.0003208083664960615,0.00014877401059720796,0.0
2023-12-04,0.0,0.0014262097742909763,0.0,0.0,0.0,0.0004181699284417917,0.0007014904198565652,0.0,0.0007614623303997536,0.0003532760623510267,0.0
2023-12-05,0.0,0.0019863543587723687,0.0,0.0,0.0,0.0005829932152270345,0.000977708679685385,0.0,0.0010605270320649396,0.0004925211820472342,0.0
2023-12-06,0.0,0.0005984653817250329,0.0,0.0,0.0,0.00017589540593854203,0.0002948690412425403,0.0,0.0003195244153042509,0.0001485990076501853,0.0
2023-12-07,0.0,-0.003999843472434983,0.0,0.0,0.0,-0.0011760936577419612,-0.0019713554216262974,0.0,-0.0021355414797020744,-0.000993581097309626,0.0
2023-12-08,0.0,0.0,0.0,0.0,0.0,0.0,0.0,0.0,0.0,0.0,0.0
2023-12-11,0.0,0.00017166883585906234,0.0,0.0,0.0,5.0333931305823754e-05,8.443641735866869e-05,0.0,9.16550665737148e-05,4.2522840225878156e-05,0.0
2023-12-12,0.0,0.0,0.0,0.0,0.0,0.0,0.0,0.0,0.0,0.0,0.0
2023-12-13,0.0,0.0,0.0,0.0,0.0,0.0,0.0,0.0,0.0,0.0,0.0
2023-12-14,0.0,0.0,0.0,0.0,0.0,0.0,0.0,0.0,0.0,0.0,0.0
2023-12-15,0.0,0.0,0.0,0.0,0.0,0.0,0.0,0.0,0.0,0.0,0.0
2023-12-18,0.0,0.0,0.0,0.0,0.0,0.0,0.0,0.0,0.0,0.0,0.0
2023-12-19,0.0,0.0,0.0,0.0,0.0,0.0,0.0,0.0,0.0,0.0,0.0
2023-12-20,0.0,0.0,0.0,0.0,0.0,0.0,0.0,0.0,0.0,0.0,0.0
2023-12-21,0.0,0.0,0.0,0.0,0.0,0.0,0.0,0.0,0.0,0.0,0.0
2023-12-22,0.0,0.0,0.0,0.0,0.0,0.0,0.0,0.0,0.0,0.0,0.0
2023-12-25,0.0,0.0,0.0,0.0,0.0,0.0,0.0,0.0,0.0,0.0,0.0
2023-12-26,0.0,0.0,0.0,0.0,0.0,0.0,0.0,0.0,0.0,0.0,0.0
2023-12-27,0.0,0.0,0.0,0.0,0.0,0.0,0.0,0.0,0.0,0.0,0.0
2023-12-28,0.0,0.0,0.0,0.0,0.0,0.0,0.0,0.0,0.0,0.0,0.0
2023-12-29,0.0,0.0,0.0,0.0,0.0,0.0,0.0,0.0,0.0,0.0,0.0
