s,ex,has_file,first,last,n_win,medtv,in_win,ended
YTC,UPCOM,True,2017-08-03,2023-12-29,1500.0,0.0,True,False
YEG,HSX,True,2018-06-26,2023-12-29,1383.0,955307.5,True,False
YBM,HSX,True,2018-08-21,2023-12-29,1343.0,68276.0,True,False
YBC,UPCOM,True,2009-08-10,2023-12-29,1500.0,0.0,True,False
XPH,UPCOM,True,2014-11-25,2023-12-29,1500.0,2280.0,True,False
XMP,UPCOM,True,2021-08-16,2023-12-29,596.0,0.0,True,False
XMD,UPCOM,True,2018-09-26,2023-12-29,1318.0,0.0,True,False
XMC,UPCOM,True,2019-06-28,2023-12-29,1132.0,62520.0,True,False
XLV,UPCOM,True,2018-05-22,2023-12-29,1408.0,0.0,True,False
XHC,UPCOM,True,2016-11-03,2023-12-29,1500.0,0.0,True,False
XDH,UPCOM,True,2018-10-22,2023-12-29,1300.0,0.0,True,False
XDC,DELISTED,True,2022-12-01,2023-12-28,68.0,14010.0,True,False
X77,UPCOM,True,2017-02-17,2023-12-29,1500.0,0.0,True,False
X26,UPCOM,True,2018-07-10,2023-12-29,1373.0,0.0,True,False
X20,HNX,True,2018-02-05,2023-12-29,1476.0,0.0,True,False
WTC,UPCOM,True,2018-10-01,2023-12-29,1315.0,1193.0,True,False
WSS,HNX,True,2009-12-15,2023-12-29,1500.0,54775.0,True,False
WSB,UPCOM,True,2010-08-10,2023-12-29,1500.0,67398.0,True,False
WCS,HNX,True,2010-09-17,2023-12-29,1500.0,28514.0,True,False
VXT,UPCOM,True,2020-05-20,2023-12-29,909.0,0.0,True,False
VXP,UPCOM,True,2019-08-19,2023-12-29,1096.0,0.0,True,False
VXB,UPCOM,True,2018-03-08,2023-12-29,1451.0,0.0,True,False
VWS,UPCOM,True,2017-01-06,2023-12-29,1500.0,0.0,True,False
VW3,UPCOM,True,2020-04-23,2023-12-29,926.0,0.0,True,False
VVS,HSX,True,2022-10-07,2023-12-29,310.0,1992.0000000000002,True,False
VVN,UPCOM,True,2018-08-16,2023-12-29,1346.0,0.0,True,False
VUA,UPCOM,True,2022-01-25,2023-12-29,483.0,3576160.0000000005,True,False
VTZ,HNX,True,2021-11-25,2023-12-29,525.0,114750.0,True,False
VTX,UPCOM,True,2018-09-12,2023-12-29,1328.0,0.0,True,False
VTV,HNX,True,2009-12-15,2023-12-29,1500.0,28779.815,True,False
VTS,DELISTED,True,2018-08-21,2023-12-29,1338.0,0.0,True,False
VTR,UPCOM,True,2019-09-27,2023-12-29,1068.0,341861.56,True,False
VTQ,UPCOM,True,2021-05-17,2023-12-29,661.0,0.0,True,False
VTP,HSX,True,2018-11-23,2023-12-29,1276.0,4034282.71,True,False
VTO,HSX,True,2009-12-15,2023-12-29,1500.0,369321.25,True,False
VTM,UPCOM,True,2015-12-29,2023-12-29,1500.0,0.0,True,False
VTL,DELISTED,True,2017-10-11,2023-12-29,1492.0,0.0,True,False
VTK,UPCOM,True,2018-12-18,2023-12-29,1259.0,28586.609999999997,True,False
VTJ,HNX,True,2018-09-27,2023-12-29,1317.0,1120.0,True,False
VTI,UPCOM,True,2017-12-07,2023-12-29,1500.0,0.0,True,False
VTH,HNX,True,2018-09-24,2023-12-29,1320.0,0.0,True,False
VTG,UPCOM,True,2018-08-23,2023-12-29,1341.0,0.0,True,False
VTE,UPCOM,True,2018-06-05,2023-12-29,1398.0,0.0,True,False
VTD,UPCOM,True,2019-11-06,2023-12-29,1040.0,1210340.2950000002,True,False
VTC,HNX,True,2009-12-15,2023-12-29,1500.0,1711.775,True,False
VTB,HSX,True,2009-12-15,2023-12-29,1500.0,8832.0,True,False
VTA,UPCOM,True,2018-09-27,2023-12-29,1317.0,800.0,True,False
VST,UPCOM,True,2018-09-27,2023-12-29,1317.0,0.0,True,False
VSP,DELISTED,True,2016-01-07,2022-07-28,1137.0,0.0,True,True
VSN,UPCOM,True,2016-10-21,2023-12-29,1500.0,15000.5,True,False
VSM,HNX,True,2018-09-24,2023-12-29,1320.0,0.0,True,False
VSI,HSX,True,2010-12-24,2023-12-29,1500.0,8840.25,True,False
VSH,HSX,True,2009-12-15,2023-12-29,1500.0,531025.65,True,False
VSG,UPCOM,True,2018-08-30,2023-12-29,1336.0,0.0,True,False
VSF,UPCOM,True,2018-04-23,2023-12-29,1426.0,0.0,True,False
VSE,UPCOM,True,2018-10-10,2023-12-29,1308.0,16489.71,True,False
VSC,HSX,True,2009-12-15,2023-12-29,1500.0,1491583.0,True,False
VSA,HNX,True,2015-12-22,2023-12-29,1500.0,1885.0,True,False
VRG,UPCOM,True,2014-11-10,2023-12-29,1500.0,99699.52,True,False
VRE,HSX,True,2017-11-06,2023-12-29,1500.0,77585840.4,True,False
VRC,HSX,True,2010-07-26,2023-12-29,1500.0,2061558.75,True,False
VQC,UPCOM,True,2010-03-01,2023-12-29,1500.0,0.0,True,False
VPX,HSX,True,,,0.0,0.0,False,False
VPW,UPCOM,True,2017-11-13,2023-12-29,1500.0,0.0,True,False
VPS,HSX,True,2015-08-19,2023-12-29,1500.0,8847.900000000001,True,False
VPR,UPCOM,True,2016-12-20,2023-12-29,1500.0,0.0,True,False
VPL,HSX,True,,,0.0,0.0,False,False
VPI,HSX,True,2017-11-28,2023-12-29,1493.0,17098158.0,True,False
VPH,HSX,True,2009-12-15,2023-12-29,1500.0,442103.19999999995,True,False
VPG,HSX,True,2018-01-18,2023-12-29,1488.0,6464946.3,True,False
VPD,HSX,True,2016-04-12,2023-12-29,1495.0,135143.0,True,False
VPC,UPCOM,False,,,,,False,False
VPB,HSX,True,2017-08-17,2023-12-29,1500.0,55592146.650000006,True,False
VPA,UPCOM,True,2018-09-20,2023-12-29,1322.0,0.0,True,False
VOS,HSX,True,2010-09-08,2023-12-29,1500.0,2611699.5,True,False
VOC,DELISTED,True,2016-09-19,2023-12-29,1500.0,694886.075,True,False
VNZ,UPCOM,True,2023-01-05,2023-12-29,247.0,448573.0,True,False
VNY,UPCOM,True,2018-09-17,2023-12-29,1325.0,0.0,True,False
VNX,UPCOM,True,2010-06-10,2023-12-29,1500.0,0.0,True,False
VNT,HNX,True,2018-09-27,2023-12-29,1317.0,0.0,True,False
VNS,HSX,True,2009-12-15,2023-12-29,1500.0,63957.18,True,False
VNR,HNX,True,2009-12-15,2023-12-29,1500.0,122410.315,True,False
VNP,UPCOM,True,2015-08-18,2023-12-29,1500.0,89938.5,True,False
VNM,HSX,True,2009-12-15,2023-12-29,1500.0,97266288.3,True,False
VNL,HSX,True,2009-12-15,2023-12-29,1500.0,12346.0,True,False
VNI,UPCOM,True,2018-10-01,2023-12-29,1315.0,0.0,True,False
VNH,UPCOM,True,2018-09-27,2023-12-29,1317.0,57250.0,True,False
VNG,HSX,True,2009-12-17,2023-12-29,1500.0,2843745.0,True,False
VNF,HNX,True,2010-12-01,2023-12-29,1500.0,1353.5,True,False
VNE,UPCOM,True,2009-12-15,2023-12-29,1500.0,1760005.7999999998,True,False
VND,HSX,True,2010-03-30,2023-12-29,1494.0,18041401.8,True,False
VNC,HNX,True,2009-12-15,2023-12-29,1500.0,1353.225,True,False
VNB,UPCOM,True,2016-07-15,2023-12-29,1500.0,113935.0,True,False
VNA,UPCOM,True,2009-12-15,2023-12-29,1500.0,114605.005,True,False
VMT,UPCOM,True,2023-01-06,2023-12-29,246.0,0.0,True,False
VMS,HNX,True,2015-10-20,2023-12-29,1500.0,370.0,True,False
VMK,UPCOM,True,,,0.0,0.0,False,False
VMI,DELISTED,True,2016-01-07,2022-09-16,1138.0,0.0,True,True
VMG,UPCOM,True,2018-09-20,2023-12-29,1322.0,3425.0,True,False
VMD,HSX,True,2010-09-30,2023-12-29,1500.0,24167.0,True,False
VMC,HNX,True,2009-12-15,2023-12-29,1500.0,106511.0,True,False
VMA,UPCOM,True,2015-08-28,2023-12-29,1500.0,0.0,True,False
VLW,UPCOM,True,2017-07-17,2023-12-29,1500.0,0.0,True,False
VLS,UPCOM,True,,,0.0,0.0,False,False
VLP,UPCOM,True,2017-07-18,2023-12-29,1500.0,0.0,True,False
VLG,UPCOM,True,2015-09-18,2023-12-29,1500.0,6780.0,True,False
VLF,DELISTED,True,2018-01-25,2023-12-29,1483.0,0.0,True,False
VLC,UPCOM,True,2015-10-26,2023-12-29,1500.0,670025.6799999999,True,False
VLB,UPCOM,True,2016-09-22,2023-12-29,1500.0,109343.0,True,False
VLA,HNX,True,2010-08-04,2023-12-29,1500.0,0.0,True,False
VKP,DELISTED,True,2013-11-15,2023-12-29,1500.0,0.0,True,False
VKD,DELISTED,True,2016-01-07,2022-07-28,1137.0,0.0,True,True
VKC,UPCOM,True,2018-09-27,2023-12-29,1310.0,210994.0,True,False
VJC,HSX,True,2017-02-28,2023-12-29,1500.0,55881075.849999994,True,False
VIX,HSX,True,2009-12-29,2023-12-29,1493.0,11987774.8,True,False
VIW,UPCOM,True,2018-10-01,2023-12-29,1315.0,0.0,True,False
VIT,HNX,True,2009-12-15,2023-12-29,1500.0,28349.72,True,False
VIS,DELISTED,False,,,,,False,False
VIR,UPCOM,True,2018-02-08,2023-12-29,1473.0,0.0,True,False
VIP,HSX,True,2009-12-15,2023-12-29,1500.0,732887.49,True,False
VIN,UPCOM,True,2014-09-04,2023-12-29,1500.0,1118.5,True,False
VIM,UPCOM,True,2017-01-24,2023-12-29,1500.0,0.0,True,False
VIH,DELISTED,True,2018-01-31,2023-12-29,1479.0,0.0,True,False
VIG,HNX,True,2009-12-15,2023-12-29,1500.0,735329.4,True,False
VIF,HNX,True,2017-01-12,2023-12-29,1494.0,6749.02,True,False
VIE,UPCOM,True,2018-09-24,2023-12-29,1308.0,0.0,True,False
VID,HSX,True,2009-12-15,2023-12-29,1500.0,32746.135000000002,True,False
VIC,HSX,True,2009-12-15,2023-12-29,1500.0,50027835.650000006,True,False
VIB,HSX,True,2017-01-09,2023-12-29,1493.0,7770843.850000001,True,False
VHM,HSX,True,2011-11-10,2023-12-29,1411.0,57046785.300000004,True,False
VHL,HNX,True,2018-09-20,2023-12-29,1322.0,6210.0,True,False
VHI,DELISTED,False,,,,,False,False
VHH,UPCOM,True,2018-10-01,2023-12-29,1315.0,0.0,True,False
VHG,UPCOM,True,2009-12-15,2023-12-29,1494.0,1565270.4,True,False
VHF,UPCOM,True,2018-08-21,2023-12-29,1343.0,0.0,True,False
VHE,HNX,True,2019-01-14,2023-12-29,1242.0,443078.05,True,False
VHD,UPCOM,True,2018-09-27,2023-12-29,1317.0,5670.0,True,False
VHC,HSX,True,2009-12-15,2023-12-29,1500.0,17253640.58,True,False
VGV,UPCOM,True,2018-09-25,2023-12-29,1319.0,8410.0,True,False
VGT,UPCOM,True,2017-01-03,2023-12-29,1500.0,4754517.7,True,False
VGS,HNX,True,2009-12-15,2023-12-29,1500.0,1573083.9849999999,True,False
VGR,UPCOM,True,2018-04-12,2023-12-29,1433.0,0.0,True,False
VGP,HNX,True,2009-12-15,2023-12-29,1500.0,0.0,True,False
VGL,UPCOM,True,2016-08-15,2023-12-29,1500.0,0.0,True,False
VGI,UPCOM,True,2018-09-25,2023-12-29,1319.0,13001678.64,True,False
VGG,UPCOM,True,2016-03-10,2023-12-29,1500.0,219323.505,True,False
VGC,HSX,True,2015-10-15,2023-12-29,1493.0,18691625.6,True,False
VFS,HNX,True,2020-07-01,2023-12-29,872.0,1122204.0,True,False
VFR,UPCOM,True,2009-12-15,2023-12-29,1500.0,0.0,True,False
VFG,HSX,True,2009-12-17,2023-12-29,1494.0,22571.1,True,False
VFC,UPCOM,True,2018-06-19,2023-12-29,1388.0,0.0,True,False
VET,UPCOM,True,2018-10-01,2023-12-29,1315.0,12936.0,True,False
VES,UPCOM,True,2018-09-25,2023-12-29,1319.0,0.0,True,False
VEF,UPCOM,True,2015-12-22,2023-12-29,1500.0,413515.0,True,False
VEC,UPCOM,True,2017-07-14,2023-12-29,1500.0,40290.0,True,False
VEA,UPCOM,True,2018-07-02,2023-12-29,1379.0,4533206.37,True,False
VE9,UPCOM,True,2009-12-15,2023-12-29,1494.0,41821.25,True,False
VE8,UPCOM,True,2018-09-27,2023-12-29,1317.0,0.0,True,False
VE4,HNX,True,2017-11-06,2023-12-29,1500.0,0.0,True,False
VE3,HNX,True,2018-09-27,2023-12-29,1317.0,960.0,True,False
VE2,DELISTED,True,2017-09-21,2023-12-29,1493.0,0.0,True,False
VE1,HNX,True,2009-12-15,2023-12-29,1500.0,5595.0,True,False
VDT,UPCOM,True,2011-03-02,2023-12-29,1500.0,0.0,True,False
VDS,HSX,True,2010-05-25,2023-12-29,1500.0,855388.02,True,False
VDP,HSX,True,2017-08-15,2023-12-29,1500.0,13415.0,True,False
VDN,UPCOM,True,2010-07-15,2023-12-29,1500.0,0.0,True,False
VDM,DELISTED,False,,,,,False,False
VDL,HNX,True,2018-09-19,2023-12-29,1323.0,0.0,True,False
VDG,UPCOM,True,,,0.0,0.0,False,False
VDB,UPCOM,True,2018-11-22,2023-12-29,1277.0,0.0,True,False
VCX,UPCOM,True,2018-08-28,2023-12-29,1338.0,310.0,True,False
VCW,DELISTED,True,2018-01-08,2023-12-29,1496.0,0.0,True,False
VCT,UPCOM,True,2017-07-20,2023-12-29,1500.0,0.0,True,False
VCS,HNX,True,2009-12-15,2023-12-29,1500.0,8201204.955,True,False
VCR,UPCOM,True,2018-10-01,2023-12-29,1310.0,1407710.0,True,False
VCP,UPCOM,True,2016-12-16,2023-12-29,1500.0,45880.0,True,False
VCM,HNX,True,2018-10-01,2023-12-29,1315.0,0.0,True,False
VCK,HSX,True,,,0.0,0.0,False,False
VCI,HSX,True,2017-07-07,2023-12-29,1500.0,10908738.4,True,False
VCG,HSX,True,2009-12-15,2023-12-29,1495.0,15890594.979999999,True,False
VCF,HSX,True,2011-01-28,2023-12-29,1500.0,21054.199999999997,True,False
VCE,UPCOM,True,2016-12-29,2023-12-29,1500.0,0.0,True,False
VCC,HNX,True,2009-12-15,2023-12-29,1500.0,20618.5,True,False
VCB,HSX,True,2009-12-15,2023-12-29,1500.0,43524129.7,True,False
VCA,HSX,True,2011-02-22,2023-12-29,1489.0,43094.0,True,False
VC9,HNX,True,2009-12-15,2023-12-29,1500.0,19846.75,True,False
VC7,HNX,True,2009-12-15,2023-12-29,1500.0,231309.015,True,False
VC6,HNX,True,2009-12-15,2023-12-29,1500.0,305.0,True,False
VC5,DELISTED,True,2017-06-01,2023-12-29,1500.0,0.0,True,False
VC3,HNX,True,2009-12-15,2023-12-29,1500.0,1862303.65,True,False
VC2,HNX,True,2009-12-15,2023-12-29,1500.0,48619.5,True,False
VC1,HNX,True,2018-09-24,2023-12-29,1320.0,1934.4299999999998,True,False
VBT,UPCOM,True,,,0.0,0.0,False,False
VBH,UPCOM,True,2018-09-27,2023-12-29,1317.0,0.0,True,False
VBG,UPCOM,True,2017-03-24,2023-12-29,1500.0,0.0,True,False
VBC,HNX,True,2010-03-17,2023-12-29,1500.0,3167.0,True,False
VBB,HSX,True,2019-07-30,2023-12-29,1110.0,97315.425,True,False
VAV,UPCOM,True,2017-07-26,2023-12-29,1500.0,1646.0,True,False
VAT,DELISTED,True,2016-01-07,2023-02-24,1157.0,0.0,True,True
VAF,UPCOM,True,2015-06-23,2023-12-29,1500.0,1066.1999999999998,True,False
VAB,HSX,True,2021-07-20,2023-12-29,615.0,1971492.5999999999,True,False
V68,UPCOM,True,,,0.0,0.0,False,False
V21,HNX,True,2018-10-01,2023-12-29,1315.0,10500.0,True,False
V15,DELISTED,True,2009-12-17,2023-12-29,1500.0,0.0,True,False
V12,HNX,True,2010-01-05,2023-12-29,1500.0,0.0,True,False
V11,DELISTED,True,2017-05-11,2023-12-29,1500.0,0.0,True,False
UXC,UPCOM,True,,,0.0,0.0,False,False
UTT,UPCOM,False,,,,,False,False
USD,UPCOM,True,2019-01-30,2023-12-29,1230.0,0.0,True,False
USC,UPCOM,True,2018-09-17,2023-12-29,1325.0,0.0,True,False
UPS,UPCOM,True,,,0.0,0.0,False,False
UPH,UPCOM,True,2018-09-26,2023-12-29,1318.0,0.0,True,False
UPC,UPCOM,True,2018-09-11,2023-12-29,1329.0,0.0,True,False
UNI,HNX,True,2018-10-01,2023-12-29,1315.0,39500.0,True,False
UMC,UPCOM,True,2017-08-28,2023-12-29,1500.0,0.0,True,False
ULG,UPCOM,True,,,0.0,0.0,False,False
UIC,HSX,True,2009-12-15,2023-12-29,1500.0,64354.7,True,False
UEM,UPCOM,True,2015-09-24,2023-12-29,1500.0,0.0,True,False
UDL,UPCOM,True,2020-01-09,2023-12-29,995.0,0.0,True,False
UDJ,UPCOM,True,2009-12-23,2023-12-29,1500.0,87817.5,True,False
UDC,UPCOM,True,2010-07-05,2023-12-29,1493.0,107280.0,True,False
UCT,UPCOM,True,2018-09-26,2023-12-29,1318.0,0.0,True,False
TYA,HSX,True,2009-12-15,2023-12-29,1500.0,140239.7,True,False
TXM,HNX,True,2009-12-15,2023-12-29,1500.0,6433.0,True,False
TW3,UPCOM,True,2016-10-18,2023-12-29,1500.0,0.0,True,False
TVW,DELISTED,True,2017-12-11,2023-09-12,1337.0,0.0,True,True
TVT,HSX,True,2017-07-17,2023-12-29,1500.0,49066.2,True,False
TVS,HSX,True,2015-01-15,2023-12-29,1500.0,201460.03000000003,True,False
TVP,DELISTED,True,2017-08-17,2023-10-24,1424.0,1279.0,True,True
TVN,UPCOM,True,2016-01-18,2023-12-29,1500.0,693992.25,True,False
TVM,UPCOM,True,2015-12-15,2023-12-29,1500.0,0.0,True,False
TVH,UPCOM,True,2019-01-17,2023-12-29,1239.0,0.0,True,False
TVG,UPCOM,True,2018-09-20,2023-12-29,1322.0,0.0,True,False
TVD,HNX,True,2011-01-11,2023-12-29,1500.0,200080.47000000003,True,False
TVC,HNX,True,2014-09-23,2023-12-29,1500.0,3014250.5,True,False
TVB,HSX,True,2015-06-18,2023-12-29,1491.0,1544534.4000000001,True,False
TVA,UPCOM,True,2017-04-11,2023-12-29,1500.0,0.0,True,False
TV6,UPCOM,True,2021-05-21,2023-12-29,657.0,6500.0,True,False
TV4,HNX,True,2009-12-15,2023-12-29,1500.0,43097.5,True,False
TV3,HNX,True,2009-12-15,2023-12-29,1500.0,10597.0,True,False
TV2,HSX,True,2009-12-15,2023-12-29,1493.0,1602125.4000000001,True,False
TV1,UPCOM,True,2010-09-23,2023-12-29,1493.0,0.0,True,False
TUG,UPCOM,True,2017-02-21,2023-12-29,1500.0,0.0,True,False
TTZ,UPCOM,True,2013-01-29,2023-12-29,1500.0,80340.0,True,False
TTT,HNX,True,2017-06-02,2023-12-29,1500.0,3387.5,True,False
TTS,UPCOM,True,2018-10-01,2023-12-29,1315.0,0.0,True,False
TTP,DELISTED,True,2008-03-25,2023-12-29,1500.0,0.0,True,False
TTN,UPCOM,True,2017-04-19,2023-12-29,1500.0,148061.5,True,False
TTL,HNX,True,2018-09-26,2023-12-29,1318.0,1864.5,True,False
TTH,HNX,True,2016-10-26,2023-12-29,1500.0,731149.5,True,False
TTG,UPCOM,True,2018-10-01,2023-12-29,1315.0,0.0,True,False
TTF,HSX,True,2009-12-15,2023-12-29,1500.0,9125905.0,True,False
TTE,HSX,True,2018-12-10,2023-12-29,1265.0,0.0,True,False
TTD,UPCOM,True,2017-02-06,2023-12-29,1500.0,0.0,True,False
TTC,HNX,True,2010-01-07,2023-12-29,1500.0,1344.0,True,False
TTB,UPCOM,True,2015-01-26,2023-12-29,1493.0,4006983.3,True,False
TTA,HSX,True,2020-09-18,2023-12-29,823.0,6454713.0,True,False
TT6,UPCOM,True,,,0.0,0.0,False,False
TST,UPCOM,True,2018-09-20,2023-12-29,1316.0,0.0,True,False
TSJ,UPCOM,True,2017-08-01,2023-12-29,1500.0,0.0,True,False
TSG,UPCOM,True,2017-04-18,2023-12-29,1500.0,0.0,True,False
TSD,UPCOM,True,2018-09-27,2023-12-29,1317.0,0.0,True,False
TSC,HSX,True,2009-12-15,2023-12-29,1500.0,2897334.7,True,False
TSB,HNX,True,2011-01-19,2023-12-29,1500.0,0.0,True,False
TSA,HSX,True,,,0.0,0.0,False,False
TS5,DELISTED,False,,,,,False,False
TS4,DELISTED,True,2009-09-08,2023-12-29,1491.0,22200.0,True,False
TS3,UPCOM,True,2018-01-19,2023-12-29,1487.0,0.0,True,False
TRV,UPCOM,True,,,0.0,0.0,False,False
TRT,UPCOM,True,2018-10-01,2023-12-29,1315.0,0.0,True,False
TRS,UPCOM,True,2015-09-18,2023-12-29,1500.0,0.0,True,False
TRC,HSX,True,2009-12-15,2023-12-29,1500.0,37124.9,True,False
TRA,HSX,True,2009-12-15,2023-12-29,1500.0,100270.67,True,False
TR1,UPCOM,True,2020-08-24,2023-12-29,841.0,0.0,True,False
TQW,UPCOM,True,2019-06-14,2023-12-29,1142.0,0.0,True,False
TQN,DELISTED,True,2017-02-08,2023-12-29,1500.0,0.0,True,False
TPS,UPCOM,True,2015-12-01,2023-12-29,1500.0,0.0,True,False
TPP,HNX,True,2018-10-01,2023-12-29,1315.0,0.0,True,False
TPH,DELISTED,True,2009-08-24,2023-12-29,1500.0,0.0,True,False
TPC,HSX,True,2018-10-01,2023-12-29,1315.0,2850.0,True,False
TPB,HSX,True,2018-04-19,2023-12-29,1428.0,18914262.0,True,False
TOW,UPCOM,True,2019-01-25,2023-12-29,1233.0,0.0,True,False
TOT,HNX,True,2017-07-17,2023-12-29,1492.0,348.0,True,False
TOS,UPCOM,True,2021-09-08,2023-12-29,581.0,12287.0,True,False
TOP,UPCOM,True,2017-06-01,2023-12-29,1500.0,0.0,True,False
TNW,UPCOM,True,2017-05-26,2023-12-29,1500.0,0.0,True,False
TNV,DELISTED,True,,,0.0,0.0,False,False
TNT,HSX,True,2010-05-21,2023-12-29,1500.0,464158.0,True,False
TNS,UPCOM,True,2018-09-27,2023-12-29,1317.0,7410.0,True,False
TNP,UPCOM,True,2016-12-23,2023-12-29,1500.0,0.0,True,False
TNM,DELISTED,True,2009-10-27,2023-12-29,1500.0,0.0,True,False
TNI,HSX,True,2017-05-29,2023-12-29,1500.0,2760762.5,True,False
TNH,HSX,True,2021-01-06,2023-12-29,746.0,3285580.725,True,False
TNG,HNX,True,2009-12-15,2023-12-29,1500.0,13368098.43,True,False
TNC,HSX,True,2009-12-15,2023-12-29,1500.0,4034.65,True,False
TNB,UPCOM,True,2018-08-21,2023-12-29,1343.0,164.0,True,False
TNA,UPCOM,True,2009-09-07,2023-12-29,1500.0,1022878.0,True,False
TN1,HSX,True,2019-05-30,2023-12-29,1153.0,33327.0,True,False
TMX,HNX,True,2018-09-27,2023-12-29,1317.0,0.0,True,False
TMW,UPCOM,True,2009-12-23,2023-12-29,1500.0,0.0,True,False
TMT,HSX,True,2010-01-22,2023-12-29,1500.0,85500.5,True,False
TMS,HSX,True,2009-12-15,2023-12-29,1500.0,129025.9,True,False
TMP,HSX,True,2009-12-15,2023-12-29,1500.0,37143.0,True,False
TMG,UPCOM,True,2017-02-07,2023-12-29,1500.0,0.0,True,False
TMC,HNX,True,2009-12-15,2023-12-29,1500.0,0.0,True,False
TMB,HNX,True,2017-01-16,2023-12-29,1500.0,7605.18,True,False
TLT,DELISTED,True,2009-12-29,2023-12-29,1500.0,0.0,True,False
TLP,UPCOM,True,2017-12-08,2023-12-29,1500.0,5951.5,True,False
TLI,DELISTED,True,2019-01-25,2023-12-29,1233.0,0.0,True,False
TLH,HSX,True,2010-03-16,2023-12-29,1500.0,2627675.8,True,False
TLG,HSX,True,2010-03-26,2023-12-29,1500.0,1067099.0,True,False
TLD,HSX,True,2017-12-07,2023-12-29,1500.0,1345568.0,True,False
TL4,UPCOM,True,2018-09-27,2023-12-29,1317.0,7392.0,True,False
TKU,HNX,True,2009-12-15,2023-12-29,1500.0,865.0,True,False
TKG,DELISTED,True,2021-04-09,2023-12-29,676.0,97428.5,True,False
TKC,DELISTED,True,2009-12-01,2023-12-21,1494.0,19661.0,True,False
TKA,UPCOM,True,2020-06-03,2023-12-29,899.0,0.0,True,False
TJC,HNX,True,2009-12-15,2023-12-29,1500.0,223.47500000000002,True,False
TIX,HSX,True,2009-12-15,2023-12-29,1500.0,188.6,True,False
TIS,UPCOM,True,2011-03-24,2023-12-29,1500.0,117150.0,True,False
TIP,HSX,True,2016-06-06,2023-12-29,1500.0,1463509.45,True,False
TIN,UPCOM,True,2021-12-28,2023-12-29,502.0,56964.0,True,False
TIG,HNX,True,2010-10-08,2023-12-29,1500.0,3877705.1,True,False
TIE,UPCOM,True,2018-09-24,2023-12-29,1314.0,530.0,True,False
TID,UPCOM,True,2018-12-12,2023-12-29,1263.0,268016.0,True,False
THW,UPCOM,True,2016-03-01,2023-12-29,1500.0,0.0,True,False
THU,UPCOM,True,2018-09-13,2023-12-29,1327.0,0.0,True,False
THT,HNX,True,2009-12-15,2023-12-29,1500.0,98754.89,True,False
THS,HNX,True,2013-11-12,2023-12-29,1500.0,0.0,True,False
THP,UPCOM,True,2019-11-18,2023-12-29,1032.0,4287.5,True,False
THN,UPCOM,True,2017-10-05,2023-12-29,1500.0,0.0,True,False
THM,UPCOM,True,2023-10-18,2023-12-29,53.0,26796.0,True,False
THI,DELISTED,True,2017-06-15,2023-06-28,1358.0,14064.0,True,True
THG,HSX,True,2011-07-28,2023-12-29,1500.0,236987.05,True,False
THD,HNX,True,2020-06-19,2023-12-29,887.0,2528180.28,True,False
THB,HNX,True,2018-10-01,2023-12-29,1315.0,1196.0,True,False
TH1,UPCOM,True,2018-10-01,2023-12-29,1315.0,0.0,True,False
TGP,UPCOM,True,2018-09-27,2023-12-29,1317.0,0.0,True,False
TGG,UPCOM,True,2018-05-25,2023-12-29,1396.0,1451889.12,True,False
TFC,HNX,True,2015-12-03,2023-12-29,1500.0,2384.0,True,False
TET,HNX,True,2010-04-28,2023-12-29,1500.0,0.0,True,False
TEL,DELISTED,True,2017-10-25,2023-12-29,1500.0,0.0,True,False
TEG,HSX,True,2015-12-22,2023-12-29,1493.0,357616.0,True,False
TED,UPCOM,True,2022-05-10,2023-12-29,416.0,2612.5,True,False
TEC,DELISTED,True,2017-04-24,2022-07-08,1123.0,0.0,True,True
TDW,HSX,True,2010-11-11,2023-12-29,1500.0,141.3,True,False
TDT,HNX,True,2018-07-18,2023-12-29,1367.0,369939.0,True,False
TDS,UPCOM,True,2011-10-07,2023-12-29,1500.0,6622.799999999999,True,False
TDP,HSX,True,2018-11-12,2023-12-29,1236.0,600654.0,True,False
TDN,DELISTED,True,2013-01-02,2023-12-29,1500.0,219757.0,True,False
TDM,HSX,True,2016-04-01,2023-12-29,1494.0,2810373.7,True,False
TDI,DELISTED,True,2023-05-15,2023-05-15,1.0,36000.0,True,True
TDH,HSX,True,2009-12-15,2023-12-29,1500.0,4009148.915,True,False
TDG,HSX,True,2017-06-15,2023-12-29,1500.0,842142.21,True,False
TDF,UPCOM,True,2020-05-12,2023-12-29,915.0,0.0,True,False
TDC,HSX,True,2010-05-04,2023-12-29,1500.0,2401786.8,True,False
TDB,UPCOM,True,2017-07-19,2023-12-29,1500.0,0.0,True,False
TD6,HNX,True,,,0.0,0.0,False,False
TCX,HSX,True,,,0.0,0.0,False,False
TCW,UPCOM,True,2017-06-26,2023-12-29,1500.0,82643.235,True,False
TCT,HSX,True,2009-12-15,2023-12-29,1500.0,189530.44999999998,True,False
TCR,HSX,True,2009-12-15,2023-12-29,1500.0,7406.22,True,False
TCO,HSX,True,2012-02-27,2023-12-29,1500.0,4690.5,True,False
TCM,HSX,True,2009-12-15,2023-12-29,1500.0,11525500.8,True,False
TCL,HSX,True,2009-12-24,2023-12-29,1500.0,595997.535,True,False
TCK,UPCOM,True,2018-02-01,2023-12-29,1478.0,0.0,True,False
TCJ,UPCOM,True,2018-08-16,2023-12-29,1346.0,0.0,True,False
TCI,HSX,True,2018-09-05,2023-12-29,1333.0,499460.0,True,False
TCH,HSX,True,2016-10-05,2023-12-29,1500.0,27597075.03,True,False
TCD,UPCOM,True,2018-09-27,2023-12-29,1317.0,380052.0,True,False
TCB,HSX,True,2018-06-04,2023-12-29,1399.0,46785719.2,True,False
TC6,DELISTED,True,2013-01-02,2023-12-29,1500.0,175869.0,True,False
TBX,DELISTED,True,2017-12-04,2023-12-29,1500.0,0.0,True,False
TBW,UPCOM,True,,,0.0,0.0,False,False
TBT,DELISTED,True,2010-03-01,2023-12-29,1500.0,0.0,True,False
TBR,UPCOM,True,2022-07-20,2023-12-29,365.0,665.0,True,False
TBH,DELISTED,True,2021-08-13,2023-12-29,597.0,0.0,True,False
TBD,UPCOM,True,2014-10-15,2023-12-29,1500.0,0.0,True,False
TBC,HSX,True,2009-12-15,2023-12-29,1500.0,48213.15,True,False
TB8,DELISTED,True,2016-12-30,2023-12-29,1500.0,0.0,True,False
TAW,UPCOM,True,2016-07-29,2023-12-29,1500.0,0.0,True,False
TAR,UPCOM,True,2019-02-20,2023-12-29,1220.0,9748456.83,True,False
TAP,DELISTED,True,2016-09-07,2022-07-28,1142.0,0.0,True,True
TAN,DELISTED,True,2019-06-10,2023-12-29,1146.0,0.0,True,False
TAL,HSX,True,,,0.0,0.0,False,False
TAH,UPCOM,True,,,0.0,0.0,False,False
TAG,DELISTED,True,2016-01-07,2022-07-28,1088.0,0.0,True,True
TAC,DELISTED,False,,,,,False,False
TAB,UPCOM,True,,,0.0,0.0,False,False
TA9,HNX,True,2015-07-31,2023-12-29,1500.0,14643.66,True,False
TA6,UPCOM,True,2017-11-28,2023-12-29,1500.0,0.0,True,False
TA3,DELISTED,True,2018-01-05,2023-12-29,1497.0,0.0,True,False
T12,DELISTED,False,,,,,False,False
SZL,HSX,True,2009-12-15,2023-12-29,1500.0,114135.4,True,False
SZG,UPCOM,True,2021-12-27,2023-12-29,503.0,9615.0,True,False
SZE,UPCOM,True,2016-12-09,2023-12-29,1500.0,20192.82,True,False
SZC,HSX,True,2019-01-15,2023-12-29,1241.0,18074720.62,True,False
SZB,HNX,True,2019-12-20,2023-12-29,1008.0,102798.0,True,False
SWC,UPCOM,True,2011-05-04,2023-12-29,1500.0,215673.0,True,False
SVT,HSX,True,2011-10-05,2023-12-29,1500.0,2028.0,True,False
SVN,HNX,True,2011-07-26,2023-12-29,1500.0,25525.0,True,False
SVL,DELISTED,False,,,,,False,False
SVI,DELISTED,True,2018-02-21,2023-12-29,1469.0,2472.6,True,False
SVH,UPCOM,True,2017-12-28,2023-12-29,1500.0,0.0,True,False
SVG,UPCOM,True,2018-10-01,2023-12-29,1315.0,0.0,True,False
SVD,HSX,True,2021-02-02,2023-12-29,727.0,356680.0,True,False
SVC,HSX,True,2009-12-15,2023-12-29,1500.0,12866.2,True,False
STW,UPCOM,True,2018-07-06,2023-12-29,1375.0,0.0,True,False
STT,UPCOM,True,2018-09-27,2023-12-29,1317.0,0.0,True,False
STS,UPCOM,True,2018-06-25,2023-12-29,1384.0,0.0,True,False
STP,HNX,True,2009-12-15,2023-12-29,1500.0,1708.0,True,False
STL,DELISTED,True,2009-05-22,2023-12-29,1500.0,0.0,True,False
STK,HSX,True,2015-09-30,2023-12-29,1500.0,519290.65,True,False
STH,UPCOM,True,2020-03-17,2023-12-29,952.0,472598.0,True,False
STG,HSX,True,2018-10-01,2023-12-29,1315.0,65296.00000000001,True,False
STD,UPCOM,True,,,0.0,0.0,False,False
STC,HNX,True,2009-12-15,2023-12-29,1500.0,1002.5,True,False
STB,HSX,True,2009-12-15,2023-12-29,1500.0,252981626.0,True,False
ST8,HSX,True,2009-12-15,2023-12-29,1500.0,18198.85,True,False
SSU,DELISTED,True,2016-12-19,2022-07-28,1142.0,0.0,True,True
SSN,DELISTED,True,2017-06-01,2023-12-29,1500.0,250256.5,True,False
SSM,HNX,True,2018-08-14,2023-12-29,1348.0,0.0,True,False
SSI,HSX,True,2009-12-15,2023-12-29,1500.0,84507695.5,True,False
SSH,UPCOM,True,2021-08-04,2023-12-29,604.0,17515081.5,True,False
SSG,UPCOM,True,2011-01-05,2023-12-29,1500.0,0.0,True,False
SSF,DELISTED,True,2018-03-15,2023-12-29,1453.0,0.0,True,False
SSC,HSX,True,2009-12-15,2023-12-29,1494.0,2061.95,True,False
SSB,HSX,True,2021-03-24,2023-12-29,696.0,25769694.5,True,False
SRT,DELISTED,True,2016-11-25,2023-12-29,1500.0,4390.0,True,False
SRF,HSX,True,2009-12-15,2023-12-29,1500.0,30199.2,True,False
SRC,HSX,True,2009-12-15,2023-12-29,1500.0,109096.5,True,False
SRB,UPCOM,True,2009-12-15,2023-12-29,1500.0,15640.0,True,False
SRA,HNX,True,2018-09-27,2023-12-29,1317.0,1322145.7200000002,True,False
SQC,DELISTED,True,2018-01-16,2023-12-29,1490.0,0.0,True,False
SPV,UPCOM,True,2017-02-14,2023-12-29,1500.0,0.0,True,False
SPP,DELISTED,True,2016-01-07,2023-03-24,1165.0,66690.0,True,True
SPM,HSX,True,2010-05-21,2023-12-29,1500.0,3314.3,True,False
SPI,UPCOM,True,2012-09-26,2023-12-29,1500.0,226064.0,True,False
SPH,UPCOM,True,2018-04-09,2023-12-29,1436.0,0.0,True,False
SPD,UPCOM,True,2010-04-22,2023-12-29,1500.0,0.0,True,False
SPC,HNX,True,2018-10-01,2023-12-29,1309.0,0.0,True,False
SPB,UPCOM,True,2018-04-23,2023-12-29,1426.0,0.0,True,False
SPA,DELISTED,True,2016-12-28,2022-08-15,1141.0,0.0,True,True
SP2,UPCOM,True,2018-10-01,2023-12-29,1315.0,0.0,True,False
SON,DELISTED,False,,,,,False,False
SNZ,UPCOM,True,2017-11-20,2023-12-29,1500.0,135611.5,True,False
SNC,UPCOM,True,2014-11-12,2023-12-29,1500.0,0.0,True,False
SMT,HNX,True,2010-07-30,2023-12-29,1500.0,6061.4400000000005,True,False
SMN,HNX,True,2015-07-14,2023-12-29,1500.0,975.0,True,False
SMC,HSX,True,2009-12-15,2023-12-29,1500.0,1391768.665,True,False
SMB,HSX,True,2010-09-08,2023-12-29,1486.0,215827.25,True,False
SMA,HSX,True,2018-09-26,2023-12-29,1318.0,10815.849999999999,True,False
SLS,HNX,True,2012-10-16,2023-12-29,1500.0,410310.5,True,False
SLD,UPCOM,True,,,0.0,0.0,False,False
SKV,UPCOM,True,2017-11-03,2023-12-29,1500.0,39550.0,True,False
SKN,UPCOM,True,2018-10-10,2023-12-29,1308.0,0.0,True,False
SKH,UPCOM,True,2017-10-25,2023-12-29,1500.0,88835.25,True,False
SKG,HSX,True,2014-07-08,2023-12-29,1500.0,2188082.0,True,False
SJS,HSX,True,2009-12-15,2023-12-29,1500.0,1118912.01,True,False
SJM,UPCOM,True,2018-09-24,2023-12-29,1320.0,919.9999999999999,True,False
SJG,UPCOM,True,2018-02-12,2023-12-29,1471.0,413.99999999999994,True,False
SJF,UPCOM,True,2017-07-05,2023-12-29,1500.0,2852730.0,True,False
SJE,HNX,True,2009-12-15,2023-12-29,1500.0,8780.3,True,False
SJD,HSX,True,2009-12-15,2023-12-29,1500.0,521810.6,True,False
SJC,DELISTED,True,2009-09-08,2023-12-29,1494.0,0.0,True,False
SJ1,HNX,True,2009-12-15,2023-12-29,1500.0,1192.5,True,False
SIV,UPCOM,True,2017-05-23,2023-12-29,1500.0,0.0,True,False
SIP,HSX,True,2019-06-06,2023-12-29,1143.0,1166201.4000000001,True,False
SII,UPCOM,True,2018-09-25,2023-12-29,1311.0,1770.0,True,False
SIG,UPCOM,True,2019-10-10,2023-12-29,1059.0,1206.0,True,False
SID,UPCOM,True,2017-01-09,2023-12-29,1500.0,7930.5,True,False
SIC,DELISTED,True,2016-01-07,2023-07-20,1218.0,6716.0,True,True
SHX,DELISTED,True,2016-10-11,2023-02-02,1144.0,0.0,True,True
SHS,HNX,True,2009-12-15,2023-12-29,1500.0,32060338.215,True,False
SHP,HSX,True,2010-09-10,2023-12-29,1500.0,65678.825,True,False
SHN,HNX,True,2009-12-16,2023-12-29,1500.0,104488.0,True,False
SHI,HSX,True,2009-12-30,2023-12-29,1500.0,3297955.3,True,False
SHG,DELISTED,True,2018-05-24,2023-12-29,1406.0,0.0,True,False
SHE,HNX,True,2019-01-25,2023-12-29,1233.0,14280.0,True,False
SHC,UPCOM,True,2010-09-30,2023-12-29,1500.0,69.5,True,False
SHB,HSX,True,2009-12-15,2023-12-29,1497.0,56762936.400000006,True,False
SHA,HSX,True,2013-01-21,2023-12-29,1500.0,94595.76,True,False
SGT,HSX,True,2009-12-15,2023-12-29,1500.0,106132.5,True,False
SGS,UPCOM,True,2010-12-23,2023-12-29,1500.0,53.379999999999995,True,False
SGR,HSX,True,2015-05-11,2023-12-29,1495.0,156171.6,True,False
SGP,UPCOM,True,2016-04-25,2023-12-29,1500.0,571838.77,True,False
SGO,DELISTED,True,2016-01-07,2023-02-24,1160.0,0.0,True,True
SGN,HSX,True,2015-12-10,2023-12-29,1493.0,218992.8,True,False
SGI,UPCOM,True,2021-09-14,2023-12-29,577.0,71200.0,True,False
SGH,HNX,True,2009-12-15,2023-12-29,1500.0,0.0,True,False
SGD,HNX,True,2018-09-25,2023-12-29,1319.0,0.0,True,False
SGC,HNX,True,2009-12-15,2023-12-29,1500.0,0.0,True,False
SGB,UPCOM,True,2020-10-15,2023-12-29,804.0,398300.0,True,False
SFN,HNX,True,2009-12-15,2023-12-29,1500.0,0.0,True,False
SFI,HSX,True,2009-12-15,2023-12-29,1500.0,49241.2,True,False
SFG,HSX,True,2014-12-01,2023-12-29,1500.0,109673.5,True,False
SFC,HSX,True,2018-09-27,2023-12-29,1317.0,396.6,True,False
SEP,UPCOM,True,2017-02-06,2023-12-29,1500.0,0.0,True,False
SED,HNX,True,2009-12-15,2023-12-29,1500.0,13225.5,True,False
SEB,HNX,True,2009-12-15,2023-12-29,1500.0,3070.0,True,False
SEA,UPCOM,True,2016-12-23,2023-12-29,1500.0,61691.655,True,False
SDY,UPCOM,True,2018-09-20,2023-12-29,1322.0,0.0,True,False
SDX,DELISTED,True,2015-09-24,2023-12-29,1500.0,0.0,True,False
SDV,UPCOM,True,2011-04-22,2023-12-29,1500.0,0.0,True,False
SDU,HNX,True,2018-10-01,2023-12-29,1315.0,0.0,True,False
SDT,UPCOM,True,2009-12-15,2023-12-29,1500.0,68225.0,True,False
SDP,UPCOM,True,2018-09-27,2023-12-29,1311.0,2040.0,True,False
SDN,HNX,True,2009-12-15,2023-12-29,1500.0,0.0,True,False
SDK,UPCOM,True,2010-10-29,2023-12-29,1500.0,0.0,True,False
SDJ,DELISTED,True,2008-07-28,2023-12-29,1500.0,0.0,True,False
SDH,DELISTED,True,2016-01-07,2022-07-22,1133.0,0.0,True,True
SDG,HNX,True,2018-10-01,2023-12-29,1315.0,0.0,True,False
SDD,UPCOM,True,2018-09-27,2023-12-29,1309.0,100116.79999999999,True,False
SDC,HNX,True,2009-12-17,2023-12-29,1500.0,0.0,True,False
SDB,DELISTED,True,2010-03-10,2023-12-29,1500.0,0.0,True,False
SDA,UPCOM,True,2018-10-01,2023-12-29,1315.0,108514.0,True,False
SD9,HNX,True,2009-12-15,2023-12-29,1500.0,144401.0,True,False
SD8,UPCOM,True,2008-11-28,2023-12-29,1500.0,0.0,True,False
SD7,UPCOM,True,2018-09-20,2023-12-29,1322.0,500.0,True,False
SD6,UPCOM,True,2018-09-27,2023-12-29,1317.0,99290.2,True,False
SD5,HNX,True,2009-12-15,2023-12-29,1500.0,73907.0,True,False
SD4,UPCOM,True,2018-09-06,2023-12-29,1322.0,4360.0,True,False
SD3,UPCOM,True,2018-10-01,2023-12-29,1315.0,16836.0,True,False
SD2,UPCOM,True,2018-09-25,2023-12-29,1313.0,7751.0,True,False
SD1,DELISTED,True,2010-07-23,2023-12-29,1500.0,0.0,True,False
SCY,DELISTED,True,2017-10-25,2023-12-29,1500.0,0.0,True,False
SCV,DELISTED,True,2021-05-19,2022-07-28,296.0,0.0,True,True
SCS,HSX,True,2017-07-12,2023-12-29,1494.0,798115.0,True,False
SCR,HSX,True,2010-11-09,2023-12-29,1500.0,23066344.770000003,True,False
SCO,UPCOM,True,2018-08-23,2023-12-29,1341.0,0.0,True,False
SCL,UPCOM,True,2010-09-15,2023-12-29,1494.0,30390.5,True,False
SCJ,UPCOM,True,2009-12-15,2023-12-29,1495.0,22838.0,True,False
SCI,HNX,True,2014-06-30,2023-12-29,1500.0,401917.51,True,False
SCG,HNX,True,2021-04-12,2023-12-29,677.0,12870899.999999998,True,False
SCD,UPCOM,True,2018-09-27,2023-12-29,1317.0,23281.0,True,False
SCC,UPCOM,True,2018-08-23,2023-12-29,1341.0,260.0,True,False
SCA,DELISTED,True,2020-07-03,2022-07-28,514.0,0.0,True,True
SC5,HSX,True,2018-10-01,2023-12-29,1315.0,5678.219999999999,True,False
SBV,HSX,True,2017-05-16,2023-12-29,1500.0,179874.8,True,False
SBT,HSX,True,2009-12-15,2023-12-29,1500.0,30963723.0,True,False
SBS,UPCOM,True,2010-09-30,2023-12-29,1500.0,4110090.0,True,False
SBR,UPCOM,True,2020-11-02,2023-12-29,792.0,0.0,True,False
SBM,UPCOM,True,2017-09-21,2023-12-29,1500.0,0.0,True,False
SBL,UPCOM,True,2017-01-23,2023-12-29,1500.0,780.0,True,False
SBH,UPCOM,True,2018-06-07,2023-12-29,1396.0,0.0,True,False
SBG,HSX,True,2023-12-01,2023-12-29,21.0,1611777.5999999999,True,False
SBD,UPCOM,True,2017-02-16,2023-12-29,1500.0,40.135000000000005,True,False
SBB,UPCOM,True,2023-12-12,2023-12-29,14.0,134423.5,True,False
SBA,HSX,True,2010-06-01,2023-12-29,1500.0,195942.45,True,False
SB1,UPCOM,True,2016-12-26,2023-12-29,1500.0,0.0,True,False
SAV,HSX,True,2009-12-15,2023-12-29,1500.0,66878.54000000001,True,False
SAS,UPCOM,True,2015-04-16,2023-12-29,1500.0,83480.0,True,False
SAP,DELISTED,True,2017-12-18,2023-12-29,1495.0,0.0,True,False
SAM,HSX,True,2009-12-15,2023-12-29,1500.0,2122626.8,True,False
SAL,UPCOM,True,2017-10-20,2023-12-29,1500.0,0.0,True,False
SAF,HNX,True,2009-12-15,2023-12-29,1500.0,0.0,True,False
SAC,UPCOM,True,2016-11-08,2023-12-29,1500.0,1788.5,True,False
SAB,HSX,True,2016-12-06,2023-12-29,1500.0,6517257.8,True,False
S99,HNX,True,2009-12-15,2023-12-29,1500.0,789553.385,True,False
S96,DELISTED,True,2009-06-16,2023-12-29,1500.0,0.0,True,False
S74,UPCOM,True,2018-09-11,2023-12-29,1323.0,0.0,True,False
S72,UPCOM,True,2018-10-01,2023-12-29,1315.0,0.0,True,False
S55,HNX,True,2009-12-15,2023-12-29,1500.0,91862.0,True,False
S4A,HSX,True,2016-05-27,2023-12-29,1500.0,7223.3,True,False
S27,DELISTED,True,2010-09-16,2023-12-29,1500.0,0.0,True,False
S12,UPCOM,True,2018-09-27,2023-12-29,1317.0,0.0,True,False
RYG,HSX,True,,,0.0,0.0,False,False
RTB,UPCOM,True,2016-11-07,2023-12-29,1500.0,0.0,True,False
ROS,DELISTED,True,2016-09-01,2022-08-11,1148.0,77803972.0,True,True
RIC,UPCOM,True,2018-10-01,2023-12-29,1307.0,12800.0,True,False
RGG,UPCOM,True,,,0.0,0.0,False,False
RGC,DELISTED,True,2017-06-19,2023-12-29,1487.0,1400.0,True,False
REE,HSX,True,2009-12-15,2023-12-29,1500.0,12580842.0,True,False
RDP,DELISTED,True,2009-09-22,2023-12-29,1500.0,65765.0,True,False
RCL,HNX,True,2009-12-15,2023-12-29,1500.0,11267.4,True,False
RCD,DELISTED,True,2018-06-07,2023-12-29,1396.0,0.0,True,False
RCC,UPCOM,True,2018-10-01,2023-12-29,1315.0,0.0,True,False
RBC,UPCOM,True,2018-09-19,2023-12-29,1323.0,0.0,True,False
RAT,UPCOM,True,2016-08-15,2023-12-29,1500.0,0.0,True,False
RAL,HSX,True,2009-12-15,2023-12-29,1500.0,828389.3500000001,True,False
QTP,UPCOM,True,2017-03-16,2023-12-29,1500.0,1065902.21,True,False
QTC,HNX,True,2009-12-15,2023-12-29,1500.0,0.0,True,False
QST,HNX,True,2009-12-15,2023-12-29,1500.0,0.0,True,False
QSP,UPCOM,True,2016-09-23,2023-12-29,1500.0,0.0,True,False
QPH,UPCOM,True,2014-07-14,2023-12-29,1500.0,0.0,True,False
QNW,UPCOM,True,2016-12-26,2023-12-29,1500.0,0.0,True,False
QNU,UPCOM,True,2017-02-28,2023-12-29,1500.0,0.0,True,False
QNT,UPCOM,True,2020-01-09,2023-12-29,995.0,0.0,True,False
QNS,UPCOM,True,2016-12-20,2023-12-29,1500.0,5780261.555,True,False
QNP,HSX,True,,,0.0,0.0,False,False
QNC,UPCOM,True,2018-09-13,2023-12-29,1322.0,24060.0,True,False
QLT,DELISTED,True,2017-04-03,2022-12-26,1242.0,0.0,True,True
QLD,DELISTED,True,2018-01-05,2022-07-28,1134.0,0.0,True,True
QHW,UPCOM,True,2018-10-01,2023-12-29,1315.0,0.0,True,False
QHD,HNX,True,2018-07-16,2023-12-29,1369.0,0.0,True,False
QCG,HSX,True,2010-08-09,2023-12-29,1500.0,3670434.58,True,False
QCC,UPCOM,True,2010-10-06,2023-12-29,1500.0,0.0,True,False
QBS,UPCOM,True,2018-09-27,2023-12-29,1311.0,875002.8,True,False
PYU,DELISTED,False,,,,,False,False
PXT,UPCOM,True,2018-09-27,2023-12-29,1309.0,155770.0,True,False
PXS,UPCOM,True,2018-09-27,2023-12-29,1307.0,1107956.0,True,False
PXM,UPCOM,True,2018-09-27,2023-12-29,1317.0,0.0,True,False
PXL,UPCOM,True,2010-12-09,2023-12-29,1500.0,1428139.75,True,False
PXI,UPCOM,True,2018-09-27,2023-12-29,1309.0,126557.6,True,False
PXC,DELISTED,True,2017-02-09,2023-12-29,1500.0,0.0,True,False
PXA,UPCOM,True,2018-09-20,2023-12-29,1322.0,0.0,True,False
PX1,DELISTED,True,2010-12-02,2023-12-29,1500.0,0.0,True,False
PWS,UPCOM,True,2017-06-30,2023-12-29,1500.0,0.0,True,False
PWA,UPCOM,True,2019-06-11,2023-12-29,1145.0,490632.99999999994,True,False
PVY,UPCOM,True,2018-09-27,2023-12-29,1317.0,0.0,True,False
PVX,UPCOM,True,2018-09-27,2023-12-29,1311.0,0.0,True,False
PVV,UPCOM,True,2018-09-27,2023-12-29,1311.0,11100.0,True,False
PVT,HSX,True,2009-12-15,2023-12-29,1500.0,17504680.3,True,False
PVS,HNX,True,2009-12-15,2023-12-29,1500.0,86374188.31,True,False
PVR,UPCOM,True,2018-09-27,2023-12-29,1317.0,0.0,True,False
PVP,HSX,True,2016-12-20,2023-12-29,1494.0,409608.5,True,False
PVO,UPCOM,True,2016-01-12,2023-12-29,1500.0,65832.5,True,False
PVM,UPCOM,True,2016-12-20,2023-12-29,1500.0,89105.0,True,False
PVL,UPCOM,True,2018-09-27,2023-12-29,1310.0,150270.0,True,False
PVI,HNX,True,2009-12-15,2023-12-29,1500.0,1437947.5550000002,True,False
PVH,UPCOM,True,2018-09-27,2023-12-29,1317.0,0.0,True,False
PVG,HNX,True,2009-12-15,2023-12-29,1500.0,325870.69999999995,True,False
PVE,UPCOM,True,2018-09-27,2023-12-29,1312.0,0.0,True,False
PVD,HSX,True,2009-12-15,2023-12-29,1500.0,39361463.099999994,True,False
PVC,HNX,True,2009-12-15,2023-12-29,1500.0,3253277.95,True,False
PVB,HNX,True,2013-12-24,2023-12-29,1500.0,2652305.0,True,False
PVA,DELISTED,True,2009-05-18,2023-12-29,1500.0,0.0,True,False
PV2,HNX,True,2010-12-16,2023-12-29,1500.0,79462.0,True,False
PTX,HNX,True,2018-07-30,2023-12-29,1359.0,0.0,True,False
PTV,UPCOM,True,2019-11-05,2023-12-29,1041.0,36890.0,True,False
PTT,UPCOM,True,2018-09-27,2023-12-29,1317.0,0.0,True,False
PTS,HNX,True,2009-12-15,2023-12-29,1500.0,7921.0,True,False
PTP,UPCOM,True,2009-12-15,2023-12-29,1500.0,0.0,True,False
PTO,UPCOM,True,2017-06-20,2023-12-29,1500.0,0.0,True,False
PTN,DELISTED,True,2022-10-19,2023-12-06,162.0,2655.0,True,False
PTM,UPCOM,True,2018-09-20,2018-11-27,49.0,0.0,True,True
PTL,HSX,True,2010-09-22,2023-12-29,1500.0,136748.1,True,False
PTI,HNX,True,2011-03-02,2023-12-29,1500.0,17034.54,True,False
PTH,UPCOM,True,2010-03-23,2023-12-29,1500.0,0.0,True,False
PTG,UPCOM,True,2018-07-02,2023-12-29,1379.0,0.0,True,False
PTE,UPCOM,True,2018-04-12,2023-12-29,1433.0,0.0,True,False
PTD,HNX,True,2018-10-01,2023-12-29,1315.0,0.0,True,False
PTC,HSX,True,2009-12-15,2023-12-29,1500.0,13689.0,True,False
PTB,HSX,True,2011-07-22,2023-12-29,1500.0,3795933.0,True,False
PSW,HNX,True,2015-07-21,2023-12-29,1500.0,826.0,True,False
PSP,UPCOM,True,2018-10-01,2023-12-29,1315.0,35828.0,True,False
PSN,UPCOM,True,2018-09-17,2023-12-29,1325.0,0.0,True,False
PSL,UPCOM,True,2010-05-17,2023-12-29,1500.0,7946.25,True,False
PSI,HNX,True,2010-07-21,2023-12-29,1500.0,44865.0,True,False
PSH,UPCOM,True,2020-06-24,2023-12-29,884.0,8190078.85,True,False
PSG,DELISTED,True,2011-03-15,2023-12-29,1500.0,0.0,True,False
PSE,HNX,True,2015-03-18,2023-12-29,1500.0,5283.0,True,False
PSD,HNX,True,2013-06-28,2023-12-29,1500.0,62637.80500000001,True,False
PSC,HNX,True,2009-12-15,2023-12-29,1500.0,0.0,True,False
PSB,UPCOM,True,2010-03-01,2023-12-29,1500.0,9494.05,True,False
PRT,UPCOM,True,2018-05-07,2023-12-29,1419.0,13860.0,True,False
PRO,UPCOM,True,2018-09-27,2023-12-29,1317.0,0.0,True,False
PRE,HNX,True,2020-12-24,2023-12-29,754.0,36351.0,True,False
PRC,HNX,True,2010-11-29,2023-12-29,1500.0,0.0,True,False
PQN,UPCOM,True,2019-10-04,2023-12-29,1063.0,0.0,True,False
PPY,HNX,True,2016-03-02,2023-12-29,1500.0,0.0,True,False
PPT,HNX,True,2022-06-17,2023-12-29,379.0,348176.0,True,False
PPS,HNX,True,2018-10-01,2023-12-29,1315.0,10032.0,True,False
PPP,HNX,True,2011-07-18,2023-12-29,1500.0,4188.450000000001,True,False
PPI,UPCOM,True,2010-04-12,2023-12-29,1495.0,10414.8,True,False
PPH,UPCOM,True,2017-08-23,2023-12-29,1500.0,78925.0,True,False
PPE,HNX,True,2018-09-24,2023-12-29,1320.0,0.0,True,False
PPC,HSX,True,2009-12-15,2023-12-29,1500.0,2379917.6,True,False
POW,HSX,True,2018-03-06,2023-12-29,1451.0,54387835.92,True,False
POV,UPCOM,True,2010-09-23,2023-12-29,1500.0,855.5,True,False
POT,HNX,True,2009-12-15,2023-12-29,1500.0,5623.5,True,False
POS,UPCOM,True,2016-11-25,2023-12-29,1500.0,17780.0,True,False
POM,UPCOM,True,2018-09-27,2023-12-29,1317.0,533573.12,True,False
POB,UPCOM,True,2018-07-11,2023-12-29,1372.0,0.0,True,False
PNT,UPCOM,True,2018-09-18,2023-12-29,1324.0,0.0,True,False
PNP,UPCOM,True,2019-05-17,2023-12-29,1162.0,0.0,True,False
PNJ,HSX,True,2009-12-15,2023-12-29,1500.0,18810321.35,True,False
PNG,UPCOM,True,2016-04-05,2023-12-29,1500.0,0.0,True,False
PND,UPCOM,True,2018-07-16,2023-12-29,1369.0,0.0,True,False
PNC,HSX,True,2009-12-15,2023-12-29,1500.0,824.075,True,False
PMW,UPCOM,True,2019-07-17,2023-12-29,1119.0,0.0,True,False
PMT,UPCOM,True,2010-07-22,2023-12-29,1500.0,0.0,True,False
PMS,HNX,True,2009-12-15,2023-12-29,1500.0,1870.0,True,False
PMP,HNX,True,2015-09-22,2023-12-29,1500.0,0.0,True,False
PMJ,UPCOM,True,2018-09-24,2023-12-29,1320.0,0.0,True,False
PMG,HSX,True,2018-09-27,2023-12-29,1317.0,35000.0,True,False
PMC,HNX,True,2009-12-15,2023-12-29,1500.0,23888.97,True,False
PMB,HNX,True,2015-10-07,2023-12-29,1500.0,4855.305,True,False
PLX,HSX,True,2017-04-21,2023-12-29,1500.0,34432971.25,True,False
PLP,HSX,True,2017-08-21,2023-12-29,1500.0,694261.5549999999,True,False
PLO,UPCOM,True,2020-04-10,2023-12-29,935.0,0.0,True,False
PLE,UPCOM,True,2021-01-07,2023-12-29,745.0,0.0,True,False
PLC,HNX,True,2009-12-15,2023-12-29,1500.0,4416684.125,True,False
PLA,UPCOM,True,2018-09-26,2023-12-29,1318.0,0.0,True,False
PJT,HSX,True,2009-12-15,2023-12-29,1500.0,9439.05,True,False
PJS,UPCOM,True,2011-12-06,2023-12-29,1500.0,0.0,True,False
PJC,HNX,True,2009-12-15,2023-12-29,1500.0,0.0,True,False
PIV,UPCOM,True,2010-08-18,2023-12-29,1495.0,0.0,True,False
PIT,HSX,True,2009-12-15,2023-12-29,1500.0,16362.8,True,False
PIS,UPCOM,True,2018-09-17,2023-12-29,1325.0,0.0,True,False
PID,UPCOM,True,2012-11-22,2023-12-29,1500.0,0.0,True,False
PIC,HNX,True,2015-08-05,2023-12-29,1500.0,4280.6900000000005,True,False
PIA,HNX,True,2018-10-01,2023-12-29,1310.0,1999.0,True,False
PHS,UPCOM,True,2019-07-31,2023-12-29,1109.0,0.0,True,False
PHR,HSX,True,2009-12-15,2023-12-29,1500.0,11119679.7,True,False
PHP,UPCOM,True,2015-08-12,2023-12-29,1492.0,114501.0,True,False
PHN,HNX,True,2019-03-13,2023-12-29,1205.0,0.0,True,False
PHH,UPCOM,True,2018-08-02,2023-12-29,1356.0,0.0,True,False
PHC,HSX,True,2009-12-15,2023-12-29,1494.0,1357389.4,True,False
PGV,HSX,True,2018-03-21,2023-12-29,1441.0,64844.99999999999,True,False
PGT,HNX,True,2018-10-01,2023-12-29,1315.0,9799.1,True,False
PGS,HNX,True,2009-12-15,2023-12-29,1500.0,110964.0,True,False
PGN,HNX,True,2019-07-04,2023-12-29,1128.0,224407.90500000003,True,False
PGI,HSX,True,2011-07-29,2023-12-29,1500.0,24202.449999999997,True,False
PGD,HSX,True,2009-12-15,2023-12-29,1500.0,62203.9,True,False
PGC,HSX,True,2009-12-15,2023-12-29,1500.0,226921.5,True,False
PGB,UPCOM,True,2020-12-24,2023-12-29,754.0,662864.9750000001,True,False
PFL,UPCOM,True,2010-11-17,2023-12-29,1500.0,383337.0,True,False
PET,HSX,True,2009-12-15,2023-12-29,1500.0,5761243.4,True,False
PEQ,UPCOM,True,2016-01-18,2023-12-29,1500.0,0.0,True,False
PEN,HNX,True,2018-06-04,2023-12-29,1399.0,0.0,True,False
PEG,UPCOM,True,2018-11-05,2023-12-29,1290.0,0.0,True,False
PEC,DELISTED,True,2017-11-23,2023-12-29,1500.0,0.0,True,False
PDV,HSX,True,2017-04-20,2023-12-29,1500.0,1342.5,True,False
PDT,DELISTED,False,,,,,False,False
PDR,HSX,True,2010-07-30,2023-12-29,1500.0,43332803.6,True,False
PDN,HSX,True,2011-10-26,2023-12-29,1500.0,4391.25,True,False
PDC,UPCOM,True,2018-08-29,2023-12-29,1331.0,2070.0,True,False
PDB,HNX,True,2015-08-03,2023-12-29,1500.0,18538.5,True,False
PCT,HNX,True,2018-09-27,2023-12-29,1317.0,8925.0,True,False
PCN,DELISTED,True,2015-12-18,2023-12-29,1494.0,0.0,True,False
PCM,UPCOM,True,2018-09-26,2023-12-29,1318.0,0.0,True,False
PCH,HNX,True,2022-07-28,2023-12-29,359.0,136170.0,True,False
PCG,UPCOM,True,2018-09-27,2023-12-29,1317.0,2100.0,True,False
PCF,UPCOM,True,2017-03-29,2023-12-29,1500.0,0.0,True,False
PCE,HNX,True,2015-07-23,2023-12-29,1500.0,909.0,True,False
PCC,UPCOM,True,2018-09-27,2023-12-29,1317.0,650.0,True,False
PCB,UPCOM,True,,,0.0,0.0,False,False
PC1,HSX,True,2016-11-16,2023-12-29,1500.0,5455044.45,True,False
PBT,UPCOM,True,2019-01-18,2023-12-29,1238.0,0.0,True,False
PBP,HNX,True,2015-01-27,2023-12-29,1500.0,5665.5,True,False
PBC,UPCOM,True,2019-11-26,2023-12-29,1026.0,152335.24,True,False
PAT,UPCOM,True,2022-06-17,2023-12-29,388.0,2022332.1,True,False
PAS,UPCOM,True,2020-09-21,2023-12-29,822.0,8446531.43,True,False
PAP,UPCOM,True,2021-07-14,2023-12-29,619.0,0.0,True,False
PAN,HSX,True,2010-12-15,2023-12-29,1493.0,9781388.16,True,False
PAI,UPCOM,True,2018-09-24,2023-12-29,1320.0,0.0,True,False
PAC,HSX,True,2009-12-15,2023-12-29,1500.0,155520.69999999998,True,False
ORS,HSX,True,2010-07-12,2023-12-29,1491.0,676976.65,True,False
OPC,HSX,True,2009-12-15,2023-12-29,1500.0,24508.35,True,False
ONW,UPCOM,True,2018-06-14,2023-12-29,1391.0,0.0,True,False
ONE,HNX,True,2009-12-15,2023-12-29,1500.0,23092.5,True,False
OIL,UPCOM,True,2018-03-07,2023-12-29,1459.0,8042988.87,True,False
OGC,HSX,True,2010-05-04,2023-12-29,1500.0,5471538.05,True,False
ODE,UPCOM,True,2022-01-10,2023-12-29,494.0,2427240.0,True,False
OCH,HNX,True,2010-10-01,2023-12-29,1500.0,19165.0,True,False
OCB,HSX,True,2021-01-28,2023-12-29,730.0,14852357.5,True,False
NXT,UPCOM,True,2021-12-09,2023-12-29,515.0,129870.0,True,False
NWT,UPCOM,True,2016-03-30,2023-12-29,1500.0,0.0,True,False
NVT,HSX,True,2018-10-01,2023-12-29,1315.0,73160.0,True,False
NVP,UPCOM,True,2016-12-15,2023-12-29,1500.0,0.0,True,False
NVL,HSX,True,2016-12-28,2023-12-29,1500.0,87457841.4,True,False
NVB,HNX,True,2010-09-13,2023-12-29,1500.0,5610792.5,True,False
NUE,UPCOM,True,2017-02-20,2023-12-29,1500.0,0.0,True,False
NTW,UPCOM,True,2012-04-10,2023-12-29,1500.0,92.0,True,False
NTT,UPCOM,True,2018-09-27,2023-12-29,1317.0,0.0,True,False
NTP,HNX,True,2009-12-15,2023-12-29,1500.0,480713.10000000003,True,False
NTL,HSX,True,2009-12-15,2023-12-29,1500.0,3089050.2,True,False
NTH,HNX,True,2019-06-19,2023-12-29,1139.0,3679.9999999999995,True,False
NTF,UPCOM,True,2019-07-04,2023-12-29,1128.0,0.0,True,False
NTC,HSX,True,2016-12-19,2023-12-29,1500.0,2310117.63,True,False
NTB,DELISTED,True,2010-05-17,2023-12-29,1500.0,0.0,True,False
NT2,HSX,True,2010-01-26,2023-12-29,1500.0,6964771.994999999,True,False
NST,HNX,True,2009-12-15,2023-12-29,1500.0,2777.0,True,False
NSS,UPCOM,True,2018-10-30,2023-12-29,1294.0,0.0,True,False
NSL,UPCOM,True,2019-07-22,2023-12-29,1116.0,0.0,True,False
NSH,HNX,True,2017-07-31,2023-12-29,1500.0,364375.0,True,False
NSG,UPCOM,True,2017-09-21,2023-12-29,1500.0,0.0,True,False
NSC,HSX,True,2009-12-15,2023-12-29,1492.0,173286.5,True,False
NS3,DELISTED,True,2022-06-21,2022-06-28,6.0,21350.0,True,True
NS2,DELISTED,True,2016-11-30,2023-12-29,1500.0,0.0,True,False
NRC,HNX,True,2018-04-05,2023-12-29,1438.0,1745612.9249999998,True,False
NQT,DELISTED,True,2016-12-09,2023-12-29,1500.0,0.0,True,False
NQN,UPCOM,True,2018-06-15,2023-12-29,1390.0,0.0,True,False
NQB,UPCOM,True,2015-07-16,2023-12-29,1500.0,0.0,True,False
NOS,UPCOM,True,2018-09-27,2023-12-29,1317.0,0.0,True,False
NO1,HSX,True,2022-11-28,2023-12-29,274.0,66631.5,True,False
NNT,UPCOM,True,2012-06-25,2023-12-29,1500.0,0.0,True,False
NNQ,DELISTED,False,,,,,False,False
NNG,DELISTED,True,2016-01-07,2023-07-24,1210.0,34530.0,True,True
NNC,HSX,True,2010-06-23,2023-12-29,1500.0,380241.26,True,False
NLS,UPCOM,True,2016-07-29,2023-12-29,1500.0,0.0,True,False
NLG,HSX,True,2013-04-08,2023-12-29,1500.0,25889147.55,True,False
NKG,HSX,True,2011-01-14,2023-12-29,1500.0,32861409.5,True,False
NJC,UPCOM,True,2020-12-23,2023-12-29,755.0,0.0,True,False
NHV,UPCOM,True,2017-06-14,2023-12-29,1500.0,0.0,True,False
NHT,HSX,True,2017-12-01,2023-12-29,1492.0,20471.12,True,False
NHP,DELISTED,True,2015-03-11,2023-12-29,1494.0,5980.0,True,False
NHH,HSX,True,2017-09-08,2023-12-29,1495.0,3826704.0,True,False
NHD,UPCOM,True,,,0.0,0.0,False,False
NHC,HNX,True,2009-12-15,2023-12-29,1500.0,0.0,True,False
NHA,HSX,True,2010-07-13,2023-12-29,1494.0,699787.525,True,False
NGC,UPCOM,True,2017-12-07,2023-12-29,1494.0,0.0,True,False
NFC,HNX,True,2014-03-03,2023-12-29,1500.0,0.0,True,False
NET,HNX,True,2010-09-15,2023-12-29,1500.0,49584.43,True,False
NEM,DELISTED,True,,,0.0,0.0,False,False
NED,UPCOM,True,2017-08-18,2023-12-29,1500.0,99407.5,True,False
NDX,HNX,True,2013-07-17,2023-12-29,1500.0,69328.0,True,False
NDW,UPCOM,True,2019-06-11,2023-12-29,1145.0,0.0,True,False
NDT,UPCOM,True,2018-09-11,2023-12-29,1329.0,14728.0,True,False
NDP,UPCOM,True,2015-11-20,2023-12-29,1500.0,0.0,True,False
NDN,HNX,True,2011-04-21,2023-12-29,1500.0,3017508.3,True,False
NDF,UPCOM,True,2014-09-12,2023-12-29,1495.0,0.0,True,False
NDC,UPCOM,True,2010-03-11,2023-12-29,1500.0,0.0,True,False
ND2,UPCOM,True,2010-07-22,2023-12-29,1500.0,1266.125,True,False
NCT,HSX,True,2015-01-08,2023-12-29,1500.0,531739.8999999999,True,False
NCS,UPCOM,True,2015-12-02,2023-12-29,1500.0,33786.0,True,False
NCG,UPCOM,True,2023-11-09,2023-12-29,37.0,1395198.0,True,False
NBW,HNX,True,2010-05-04,2023-12-29,1500.0,0.0,True,False
NBT,UPCOM,True,2016-06-01,2023-12-29,1500.0,0.0,True,False
NBP,HNX,True,2018-09-27,2023-12-29,1317.0,1137.0,True,False
NBE,UPCOM,True,2017-08-21,2023-12-29,1500.0,3812.0,True,False
NBC,HNX,True,2009-12-15,2023-12-29,1500.0,430010.0,True,False
NBB,HSX,True,2009-12-15,2023-12-29,1500.0,1938138.6,True,False
NAW,UPCOM,True,2018-09-27,2023-12-29,1317.0,0.0,True,False
NAV,HSX,True,2009-12-15,2023-12-29,1500.0,3880.8499999999995,True,False
NAU,UPCOM,True,2018-09-05,2023-12-29,1333.0,0.0,True,False
NAS,UPCOM,True,2018-10-01,2023-12-29,1315.0,0.0,True,False
NAP,HNX,True,2016-07-19,2023-12-29,1496.0,0.0,True,False
NAG,HNX,True,2009-12-15,2023-12-29,1500.0,85970.5,True,False
NAF,HSX,True,2015-10-07,2023-12-29,1500.0,1177434.2,True,False
NAC,UPCOM,True,2017-07-25,2023-12-29,1500.0,0.0,True,False
NAB,HSX,True,2020-10-09,2023-12-29,808.0,949855.665,True,False
MZG,HSX,True,,,0.0,0.0,False,False
MXC,DELISTED,False,,,,,False,False
MWG,HSX,True,2014-07-14,2023-12-29,1500.0,37243792.5,True,False
MVN,UPCOM,True,2018-10-08,2023-12-29,1310.0,15.43,True,False
MVC,UPCOM,True,2017-03-22,2023-12-29,1500.0,5437.0,True,False
MVB,HNX,True,2016-10-14,2023-12-29,1495.0,1108.0,True,False
MTX,DELISTED,True,,,0.0,0.0,False,False
MTV,UPCOM,True,2018-10-01,2023-12-29,1315.0,0.0,True,False
MTS,UPCOM,True,2017-04-28,2023-12-29,1500.0,0.0,True,False
MTP,UPCOM,True,2010-09-23,2023-12-29,1500.0,0.0,True,False
MTL,UPCOM,True,2018-09-27,2023-12-29,1317.0,0.0,True,False
MTH,UPCOM,True,2011-02-11,2023-12-29,1500.0,0.0,True,False
MTG,UPCOM,True,2009-12-17,2023-12-29,1500.0,729.5899999999999,True,False
MTC,DELISTED,True,2017-06-15,2023-12-29,1500.0,0.0,True,False
MTB,UPCOM,True,2020-12-10,2023-12-29,764.0,0.0,True,False
MTA,UPCOM,True,2015-10-21,2023-12-29,1500.0,8488.0,True,False
MST,HNX,True,2016-05-10,2023-12-29,1500.0,2793350.95,True,False
MSR,UPCOM,True,2015-09-17,2023-12-29,1500.0,2218257.4,True,False
MSN,HSX,True,2009-12-15,2023-12-29,1500.0,72567800.0,True,False
MSH,HSX,True,2018-11-28,2023-12-29,1273.0,1334984.0,True,False
MSB,HSX,True,2020-12-23,2023-12-29,755.0,29998296.0,True,False
MRF,UPCOM,True,2018-09-20,2023-12-29,1322.0,0.0,True,False
MQN,UPCOM,True,2018-06-22,2023-12-29,1385.0,12903.0,True,False
MQB,UPCOM,True,2018-06-19,2023-12-29,1388.0,0.0,True,False
MPY,UPCOM,True,2018-08-14,2023-12-29,1348.0,0.0,True,False
MPT,UPCOM,True,2018-09-27,2023-12-29,1311.0,87360.0,True,False
MPC,UPCOM,True,2010-09-30,2023-12-29,1500.0,1501771.52,True,False
MND,UPCOM,True,2017-08-11,2023-12-29,1500.0,0.0,True,False
MNB,UPCOM,True,2018-04-24,2023-12-29,1425.0,0.0,True,False
MML,UPCOM,True,2019-12-09,2023-12-29,1017.0,400273.95,True,False
MLS,UPCOM,True,2016-12-28,2023-12-29,1495.0,11770.0,True,False
MLC,UPCOM,True,2017-05-23,2023-12-29,1500.0,0.0,True,False
MKV,HNX,True,2018-09-20,2023-12-29,1322.0,0.0,True,False
MKP,UPCOM,True,2018-01-29,2023-12-29,1481.0,15890.0,True,False
MIM,DELISTED,True,2010-08-16,2023-12-29,1500.0,0.0,True,False
MIG,HSX,True,2017-05-05,2023-12-29,1494.0,1121082.0,True,False
MIE,UPCOM,True,2018-09-27,2023-12-29,1317.0,0.0,True,False
MIC,HNX,True,2010-09-30,2023-12-29,1500.0,0.0,True,False
MHL,UPCOM,True,2009-11-26,2023-12-29,1500.0,0.0,True,False
MHC,HSX,True,2009-12-15,2023-12-29,1500.0,413572.5,True,False
MH3,UPCOM,True,2018-09-26,2023-12-29,1318.0,19934.31,True,False
MGR,UPCOM,True,2022-04-28,2023-12-29,422.0,707.0,True,False
MGG,UPCOM,True,2018-09-25,2023-12-29,1319.0,2690.0,True,False
MGC,UPCOM,True,2016-06-09,2023-12-29,1500.0,0.0,True,False
MFS,UPCOM,True,2019-04-16,2023-12-29,1182.0,215428.53,True,False
MES,UPCOM,True,2016-12-12,2023-12-29,1500.0,0.0,True,False
MEL,HNX,True,2017-09-27,2023-12-29,1500.0,0.0,True,False
MEG,DELISTED,False,,,,,False,False
MEF,UPCOM,True,2018-05-07,2023-12-29,1419.0,0.0,True,False
MED,HNX,True,2020-03-18,2023-12-29,951.0,2167.0,True,False
MEC,UPCOM,True,2018-09-27,2023-12-29,1312.0,0.0,True,False
MDG,HSX,True,2011-01-12,2023-12-29,1500.0,1293.75,True,False
MDF,UPCOM,True,2018-10-01,2023-12-29,1315.0,0.0,True,False
MDC,HNX,True,2009-12-15,2023-12-29,1500.0,9983.0,True,False
MDA,UPCOM,True,2018-01-10,2023-12-29,1494.0,0.0,True,False
MCP,HSX,True,2009-12-15,2023-12-29,1500.0,1296.5,True,False
MCO,HNX,True,2009-12-15,2023-12-29,1500.0,5306.15,True,False
MCM,HSX,True,2020-12-18,2023-12-29,758.0,1305996.33,True,False
MCI,DELISTED,True,2016-01-07,2023-04-07,1154.0,0.0,True,True
MCH,HSX,True,2017-01-05,2023-12-29,1500.0,481800.17500000005,True,False
MCG,UPCOM,True,2009-12-15,2023-12-29,1493.0,107986.6,True,False
MCF,HNX,True,2011-02-14,2023-12-29,1500.0,3770.0,True,False
MCD,DELISTED,True,2022-10-20,2023-11-27,277.0,0.0,True,True
MCC,HNX,True,2010-04-26,2023-12-29,1500.0,0.0,True,False
MC3,DELISTED,True,2017-06-14,2022-07-11,1124.0,0.0,True,True
MBT,UPCOM,True,,,0.0,0.0,False,False
MBS,HNX,True,2016-03-28,2023-12-29,1500.0,4267481.9399999995,True,False
MBN,UPCOM,True,2018-10-03,2023-12-29,1313.0,0.0,True,False
MBG,HNX,True,2015-11-26,2023-12-29,1500.0,4644092.25,True,False
MBB,HSX,True,2011-11-01,2023-12-29,1500.0,48610115.980000004,True,False
MAS,HNX,True,2018-09-26,2023-12-29,1318.0,7520.0,True,False
MAC,HNX,True,2009-12-24,2023-12-29,1500.0,15187.5,True,False
MA1,UPCOM,True,2020-06-29,2023-12-29,881.0,0.0,True,False
M10,UPCOM,True,2018-01-10,2023-12-29,1494.0,9739.0,True,False
LYF,DELISTED,True,2021-05-19,2022-07-28,296.0,0.0,True,True
LWS,DELISTED,True,2017-12-22,2023-06-01,1346.0,0.0,True,True
LUT,UPCOM,True,2018-06-21,2023-12-29,1378.0,1380.0,True,False
LTG,DELISTED,True,2018-06-21,2023-12-29,1386.0,4120882.6,True,False
LTC,UPCOM,True,2018-09-13,2023-12-29,1321.0,0.0,True,False
LSS,HSX,True,2009-12-15,2023-12-29,1500.0,1015356.7,True,False
LSG,UPCOM,True,2022-05-12,2023-12-29,414.0,49315.35,True,False
LQN,UPCOM,True,2018-08-02,2023-12-29,1356.0,0.0,True,False
LPT,UPCOM,True,2021-04-08,2023-12-29,685.0,161007.0,True,False
LPS,HSX,True,,,0.0,0.0,False,False
LPB,HSX,True,2017-10-05,2023-12-29,1490.0,28065091.174999997,True,False
LO5,UPCOM,True,2018-09-27,2023-12-29,1311.0,0.0,True,False
LNC,UPCOM,True,2019-07-04,2023-12-29,1128.0,0.0,True,False
LMI,UPCOM,True,2017-07-20,2023-12-29,1500.0,0.0,True,False
LMH,UPCOM,True,2018-10-12,2023-12-29,1301.0,2039852.8,True,False
LMC,UPCOM,True,2018-10-01,2023-12-29,1315.0,0.0,True,False
LM8,HSX,True,2010-11-15,2023-12-29,1500.0,10033.5,True,False
LM7,UPCOM,True,2018-08-30,2023-12-29,1328.0,1000.0,True,False
LM3,UPCOM,True,2018-09-27,2023-12-29,1317.0,0.0,True,False
LLM,UPCOM,True,2017-08-16,2023-12-29,1500.0,3193.5,True,False
LKW,UPCOM,True,2012-07-05,2023-12-29,1500.0,1137.0,True,False
LIX,HSX,True,2009-12-15,2023-12-29,1500.0,167300.90000000002,True,False
LIG,HNX,True,2010-04-22,2023-12-29,1500.0,1233678.25,True,False
LIC,UPCOM,True,2017-06-05,2023-12-29,1500.0,500.0,True,False
LHG,HSX,True,2010-03-23,2023-12-29,1500.0,4155458.3200000003,True,False
LHC,HNX,True,2010-01-13,2023-12-29,1500.0,48483.5,True,False
LGM,DELISTED,True,2019-12-18,2023-12-29,1010.0,0.0,True,False
LGL,HSX,True,2009-12-15,2023-12-29,1500.0,508169.5,True,False
LGC,HSX,True,2009-12-21,2023-12-29,1500.0,166.53,True,False
LG9,UPCOM,True,2018-08-30,2023-12-29,1336.0,0.0,True,False
LEC,UPCOM,True,2018-09-27,2023-12-29,1317.0,9120.0,True,False
LDW,UPCOM,True,2018-03-16,2023-12-29,1452.0,0.0,True,False
LDP,HNX,True,2010-07-20,2023-12-29,1500.0,34825.0,True,False
LDG,HSX,True,2015-08-12,2023-12-29,1500.0,19624694.700000003,True,False
LCW,DELISTED,True,2016-11-30,2023-06-05,1339.0,0.0,True,True
LCS,DELISTED,True,2017-12-21,2023-12-29,1492.0,0.0,True,False
LCM,UPCOM,True,2018-09-27,2023-12-29,1310.0,188596.0,True,False
LCG,HSX,True,2009-12-15,2023-12-29,1500.0,12194288.1,True,False
LCD,HNX,True,2017-02-23,2023-12-29,1500.0,0.0,True,False
LCC,DELISTED,True,2017-05-25,2023-12-29,1500.0,0.0,True,False
LBM,HSX,True,2009-12-15,2023-12-29,1500.0,13075.6,True,False
LBE,HNX,True,2009-12-15,2023-12-29,1500.0,0.0,True,False
LBC,DELISTED,True,2017-08-16,2023-12-29,1500.0,0.0,True,False
LAW,UPCOM,True,2018-10-01,2023-12-29,1315.0,0.0,True,False
LAS,HNX,True,2012-03-01,2023-12-29,1500.0,1598284.185,True,False
LAI,UPCOM,True,2015-08-10,2023-12-29,1500.0,0.0,True,False
LAF,HSX,True,2009-12-15,2023-12-29,1494.0,3362.415,True,False
L63,UPCOM,True,2018-09-25,2023-12-29,1319.0,0.0,True,False
L62,UPCOM,True,2018-09-13,2023-12-29,1327.0,0.0,True,False
L61,UPCOM,True,2018-09-27,2023-12-29,1317.0,0.0,True,False
L45,UPCOM,True,2018-09-27,2023-12-29,1317.0,200.0,True,False
L44,DELISTED,True,2017-06-01,2023-12-29,1495.0,0.0,True,False
L43,UPCOM,True,2018-09-26,2023-12-29,1318.0,0.0,True,False
L40,HNX,True,2021-01-27,2023-12-29,731.0,0.0,True,False
L35,UPCOM,True,2018-09-17,2023-12-29,1317.0,0.0,True,False
L18,HNX,True,2009-12-15,2023-12-29,1500.0,7695.5,True,False
L14,HNX,True,2011-09-13,2023-12-29,1500.0,3266339.7199999997,True,False
L12,UPCOM,True,2018-09-26,2023-12-29,1318.0,0.0,True,False
L10,HSX,True,2009-12-15,2023-12-29,1500.0,142.85,True,False
KWA,DELISTED,True,,,0.0,0.0,False,False
KVC,UPCOM,True,2015-04-14,2023-12-29,1493.0,610200.0,True,False
KTW,DELISTED,True,,,0.0,0.0,False,False
KTT,UPCOM,True,2010-10-28,2023-12-29,1500.0,0.0,True,False
KTS,HNX,True,2010-12-31,2023-12-29,1500.0,6959.0,True,False
KTL,UPCOM,True,2015-01-14,2023-12-29,1500.0,0.0,True,False
KTC,UPCOM,True,2018-09-11,2023-12-29,1329.0,0.0,True,False
KSV,HNX,True,2016-07-28,2023-12-29,1493.0,0.0,True,False
KST,HNX,True,2010-12-29,2023-12-29,1500.0,0.0,True,False
KSS,DELISTED,False,,,,,False,False
KSQ,UPCOM,True,2018-09-27,2023-12-29,1317.0,133190.0,True,False
KSH,DELISTED,True,2009-09-08,2023-12-29,1490.0,98694.0,True,False
KSF,HNX,True,2021-10-06,2023-12-29,561.0,3403920.0,True,False
KSD,HNX,True,2018-10-01,2023-12-29,1315.0,17480.0,True,False
KSB,HSX,True,2010-01-20,2023-12-29,1500.0,20517559.795,True,False
KPF,UPCOM,True,2016-03-02,2023-12-29,1500.0,203187.59999999998,True,False
KOS,HSX,True,2017-12-08,2023-12-29,1495.0,8010275.0,True,False
KMT,HNX,True,2018-06-18,2023-12-29,1389.0,0.0,True,False
KMR,HSX,True,2009-12-15,2023-12-29,1500.0,271853.88,True,False
KLM,DELISTED,True,2019-12-30,2023-02-14,648.0,0.0,True,True
KLF,DELISTED,True,2013-09-23,2023-12-29,1500.0,2599436.4000000004,True,False
KLB,HSX,True,2017-06-29,2023-12-29,1500.0,62044.965,True,False
KKC,HNX,True,2018-09-20,2023-12-29,1322.0,2201.0,True,False
KIP,UPCOM,True,2016-04-12,2023-12-29,1500.0,0.0,True,False
KHX,UPCOM,True,,,0.0,0.0,False,False
KHW,UPCOM,True,2017-02-20,2023-12-29,1500.0,0.0,True,False
KHS,HNX,True,2017-12-26,2023-12-29,1500.0,981.0,True,False
KHP,HSX,True,2009-12-15,2023-12-29,1500.0,201101.40000000002,True,False
KHL,DELISTED,True,2012-02-21,2023-12-29,1495.0,0.0,True,False
KHG,HSX,True,2021-07-19,2023-12-29,613.0,19508300.0,True,False
KHD,UPCOM,True,2016-12-22,2023-12-29,1500.0,613.5,True,False
KHB,DELISTED,True,2016-01-07,2022-08-26,1134.0,0.0,True,True
KHA,DELISTED,True,2016-01-07,2023-06-14,1244.0,1371.5,True,True
KGM,UPCOM,True,2017-09-21,2023-12-29,1500.0,0.0,True,False
KDM,HNX,True,2016-03-29,2023-12-29,1500.0,62031.2,True,False
KDH,HSX,True,2010-02-01,2023-12-29,1500.0,17997793.799999997,True,False
KDC,HSX,True,2009-12-15,2023-12-29,1500.0,35339730.0,True,False
KCE,DELISTED,True,2011-02-09,2023-12-29,1500.0,0.0,True,False
KCB,UPCOM,True,2015-12-01,2023-12-29,1500.0,789.5,True,False
KBC,HSX,True,2009-12-18,2023-12-29,1500.0,63363548.599999994,True,False
KAI,UPCOM,True,,,0.0,0.0,False,False
KAC,DELISTED,True,2010-10-27,2023-12-29,1493.0,0.0,True,False
JVC,HSX,True,2011-06-21,2023-12-29,1500.0,2436532.65,True,False
JOS,UPCOM,True,2018-09-27,2023-12-29,1317.0,0.0,True,False
IVS,HNX,True,2011-08-01,2023-12-29,1500.0,149925.0,True,False
ITS,UPCOM,True,2015-12-18,2023-12-29,1500.0,11045.5,True,False
ITQ,HNX,True,2012-10-01,2023-12-29,1500.0,362117.5,True,False
ITD,HSX,True,2011-12-20,2023-12-29,1500.0,225490.28,True,False
ITC,HSX,True,2009-12-15,2023-12-29,1500.0,619794.4,True,False
ITA,UPCOM,True,2009-09-07,2023-12-29,1500.0,18931682.0,True,False
IST,UPCOM,True,2017-01-05,2023-12-29,1500.0,0.0,True,False
ISH,UPCOM,True,2015-06-29,2023-12-29,1500.0,1389.5,True,False
ISG,UPCOM,True,2018-06-28,2023-12-29,1381.0,0.0,True,False
IRC,UPCOM,True,2018-01-22,2023-12-29,1486.0,0.0,True,False
IPH,DELISTED,False,,,,,False,False
IPA,HNX,True,2016-06-17,2023-12-29,1495.0,25740.0,True,False
INN,HNX,True,2010-01-22,2023-12-29,1500.0,109040.35,True,False
ING,DELISTED,True,,,0.0,0.0,False,False
INC,HNX,True,2018-08-13,2023-12-29,1349.0,0.0,True,False
IN4,UPCOM,True,2010-05-19,2023-12-29,1500.0,0.0,True,False
IMP,HSX,True,2009-12-15,2023-12-29,1500.0,237020.7,True,False
IME,UPCOM,True,2018-07-16,2023-12-29,1369.0,0.0,True,False
ILS,UPCOM,True,2018-10-01,2023-12-29,1315.0,15600.0,True,False
ILC,UPCOM,True,2018-10-01,2023-12-29,1315.0,229.99999999999997,True,False
ILB,HSX,True,2019-05-15,2023-12-29,1164.0,162358.0,True,False
ILA,UPCOM,True,2017-11-28,2023-12-29,1500.0,80447.5,True,False
IJC,HSX,True,2010-04-19,2023-12-29,1500.0,7780764.199999999,True,False
IHK,DELISTED,True,2018-05-16,2023-12-29,1412.0,0.0,True,False
IFS,UPCOM,True,2010-09-30,2023-12-29,1500.0,2589.0,True,False
IDV,HNX,True,2010-06-01,2023-12-29,1500.0,118000.55500000001,True,False
IDP,UPCOM,True,2021-01-07,2023-12-29,745.0,0.0,True,False
IDJ,HNX,True,2010-09-13,2023-12-29,1500.0,3199746.52,True,False
IDI,HSX,True,2011-06-30,2023-12-29,1500.0,14345215.8,True,False
IDC,HNX,True,2017-11-24,2023-12-29,1494.0,22315036.049999997,True,False
ICT,HSX,True,2020-01-15,2023-12-29,991.0,368367.6,True,False
ICN,UPCOM,True,2015-06-12,2023-12-29,1500.0,1943.0,True,False
ICI,UPCOM,True,2018-09-10,2023-12-29,1330.0,0.0,True,False
ICG,HNX,True,2009-12-15,2023-12-29,1500.0,21354.4,True,False
ICF,UPCOM,True,2018-10-01,2023-12-29,1310.0,4595.0,True,False
ICC,UPCOM,True,2018-09-25,2023-12-29,1319.0,0.0,True,False
IBN,DELISTED,True,2021-05-17,2022-07-28,298.0,0.0,True,True
IBD,UPCOM,True,2019-05-24,2023-12-29,1157.0,0.0,True,False
IBC,DELISTED,True,2016-10-25,2023-12-29,1493.0,3206330.9,True,False
HWS,UPCOM,True,2018-07-27,2023-12-29,1360.0,1021.0,True,False
HVX,UPCOM,True,2010-09-28,2023-12-29,1500.0,9080.4,True,False
HVT,HNX,True,2009-12-15,2023-12-29,1500.0,13072.05,True,False
HVN,HSX,True,2017-01-03,2023-12-29,1493.0,13155038.0,True,False
HVH,HSX,True,2018-11-30,2023-12-29,1271.0,1368711.6,True,False
HVG,DELISTED,True,2009-11-25,2023-12-29,1494.0,0.0,True,False
HVA,UPCOM,True,2015-07-30,2023-12-29,1494.0,16180.0,True,False
HUX,DELISTED,False,,,,,False,False
HUT,HNX,True,2009-12-15,2023-12-29,1500.0,17319869.465,True,False
HUG,UPCOM,True,2017-12-18,2023-12-29,1500.0,0.0,True,False
HUB,HSX,True,2019-02-26,2023-12-29,1216.0,157342.01,True,False
HU6,UPCOM,True,2018-09-27,2023-12-29,1317.0,888.0000000000001,True,False
HU4,UPCOM,True,2016-01-29,2023-12-29,1500.0,37929.45,True,False
HU3,UPCOM,True,2018-09-24,2023-12-29,1312.0,8190.0,True,False
HU1,HSX,True,2018-10-01,2023-12-29,1315.0,4696.0,True,False
HTW,DELISTED,True,2016-12-14,2022-07-28,1137.0,0.0,True,True
HTV,HSX,True,2009-12-15,2023-12-29,1500.0,6643.95,True,False
HTT,UPCOM,True,2018-09-27,2023-12-29,1313.0,0.0,True,False
HTR,DELISTED,True,2017-02-22,2023-08-02,1355.0,0.0,True,True
HTP,UPCOM,True,2018-06-21,2023-12-29,1386.0,18545.0,True,False
HTN,HSX,True,2018-11-12,2023-12-29,1285.0,1873400.0,True,False
HTM,UPCOM,True,2018-05-04,2023-12-29,1420.0,66150.0,True,False
HTL,HSX,True,2011-01-10,2023-12-29,1500.0,2815.65,True,False
HTK,DELISTED,False,,,,,False,False
HTI,HSX,True,2010-12-20,2023-12-29,1500.0,66571.45,True,False
HTH,DELISTED,True,2021-07-23,2022-10-12,256.0,0.0,True,True
HTG,HSX,True,2017-06-14,2023-12-29,1493.0,38995.0,True,False
HTE,UPCOM,True,2017-07-24,2023-12-29,1500.0,14541.6,True,False
HTC,HNX,True,2010-05-07,2023-12-29,1500.0,0.0,True,False
HT1,HSX,True,2009-12-15,2023-12-29,1500.0,5618165.0,True,False
HSV,UPCOM,True,2021-04-27,2023-12-29,673.0,193315.0,True,False
HSP,UPCOM,True,2020-03-30,2023-12-29,943.0,0.0,True,False
HSM,UPCOM,True,2018-10-01,2023-12-29,1315.0,0.0,True,False
HSL,HSX,True,2018-05-10,2023-12-29,1416.0,760725.0,True,False
HSI,DELISTED,True,2018-04-12,2023-12-29,1433.0,0.0,True,False
HSG,HSX,True,2009-12-15,2023-12-29,1500.0,81550705.0,True,False
HSA,UPCOM,True,2017-01-23,2023-12-29,1500.0,0.0,True,False
HRT,DELISTED,True,2016-09-15,2023-12-29,1500.0,5280.0,True,False
HRC,HSX,True,2018-10-01,2023-12-29,1315.0,4652.400000000001,True,False
HRB,UPCOM,True,2017-11-06,2023-12-29,1500.0,0.0,True,False
HQC,HSX,True,2010-10-20,2023-12-29,1500.0,15073287.990000002,True,False
HPX,HSX,True,2018-07-24,2023-12-29,1363.0,9253840.0,True,False
HPW,UPCOM,True,2016-11-21,2023-12-29,1500.0,0.0,True,False
HPT,UPCOM,True,2010-06-17,2023-12-29,1500.0,466.0,True,False
HPP,UPCOM,True,2010-08-05,2023-12-29,1500.0,21253.5,True,False
HPO,UPCOM,True,,,0.0,0.0,False,False
HPM,DELISTED,True,2018-03-01,2023-12-29,1451.0,0.0,True,False
HPI,UPCOM,True,2018-09-27,2023-12-29,1317.0,0.0,True,False
HPH,UPCOM,True,2018-09-27,2023-12-29,1317.0,0.0,True,False
HPG,HSX,True,2009-12-15,2023-12-29,1500.0,195164851.6,True,False
HPD,UPCOM,True,2015-06-11,2023-12-29,1500.0,1449.0,True,False
HPB,UPCOM,True,2010-04-29,2023-12-29,1500.0,0.0,True,False
HPA,HSX,True,,,0.0,0.0,False,False
HOT,UPCOM,True,2018-09-20,2023-12-29,1314.0,0.0,True,False
HOM,HNX,True,2009-12-15,2023-12-29,1500.0,118048.0,True,False
HNT,DELISTED,True,2016-11-30,2022-07-07,1122.0,0.0,True,True
HNR,UPCOM,True,2018-06-08,2023-12-29,1395.0,0.0,True,False
HNP,UPCOM,True,2018-09-18,2023-12-29,1324.0,0.0,True,False
HNM,UPCOM,True,2009-12-15,2023-12-29,1495.0,0.0,True,False
HNI,UPCOM,True,2017-12-12,2023-12-29,1500.0,0.0,True,False
HNG,UPCOM,True,2015-07-20,2023-12-29,1500.0,19187024.0,True,False
HNF,UPCOM,True,2015-11-03,2023-12-29,1500.0,130.20000000000002,True,False
HNE,DELISTED,False,,,,,False,False
HND,UPCOM,True,2016-10-05,2023-12-29,1500.0,336762.5,True,False
HNB,UPCOM,True,2015-10-22,2023-12-29,1500.0,0.0,True,False
HNA,HSX,True,2017-10-05,2023-12-27,1498.0,4717.5,True,False
HMS,UPCOM,True,2017-06-05,2023-12-29,1500.0,5727.0,True,False
HMR,HNX,True,2022-01-13,2023-12-29,491.0,34821.33,True,False
HMH,HNX,True,2010-07-28,2023-12-29,1500.0,32916.0,True,False
HMG,UPCOM,True,2018-10-01,2023-12-29,1315.0,0.0,True,False
HMD,UPCOM,True,,,0.0,0.0,False,False
HMC,HSX,True,2009-12-15,2023-12-29,1500.0,199402.5,True,False
HLY,UPCOM,True,2018-05-17,2023-12-29,1405.0,0.0,True,False
HLT,UPCOM,True,2019-12-27,2023-12-29,1003.0,0.0,True,False
HLS,UPCOM,True,2017-10-16,2023-12-29,1500.0,0.0,True,False
HLR,DELISTED,True,2016-11-28,2023-11-27,1476.0,0.0,True,True
HLO,UPCOM,True,,,0.0,0.0,False,False
HLG,DELISTED,True,2016-01-07,2023-02-24,1156.0,0.0,True,True
HLE,DELISTED,False,,,,,False,False
HLD,HNX,True,2013-03-26,2023-12-29,1500.0,263939.0,True,False
HLC,HNX,True,2009-12-15,2023-12-29,1500.0,3740.0,True,False
HLB,UPCOM,True,2017-02-08,2023-12-29,1500.0,0.0,True,False
HLA,UPCOM,True,2009-07-29,2023-12-29,1500.0,0.0,True,False
HKT,HNX,True,2017-01-12,2023-12-29,1500.0,2692.0,True,False
HKP,DELISTED,True,2016-04-08,2022-08-17,1156.0,0.0,True,True
HKB,UPCOM,True,2018-09-27,2023-12-29,1311.0,0.0,True,False
HJS,HNX,True,2009-12-15,2023-12-29,1500.0,0.0,True,False
HJC,UPCOM,True,2018-09-25,2023-12-29,1319.0,0.0,True,False
HIO,UPCOM,True,2023-10-23,2023-12-29,50.0,2526276.0,True,False
HII,HSX,True,2017-06-22,2023-12-29,1500.0,1320744.2,True,False
HIG,DELISTED,True,2009-08-24,2023-12-29,1500.0,10416.0,True,False
HID,HSX,True,2016-07-11,2023-12-29,1500.0,473434.35,True,False
HHV,HSX,True,2015-12-18,2023-12-29,1491.0,3159.0,True,False
HHS,HSX,True,2012-02-15,2023-12-29,1500.0,6790994.1,True,False
HHR,DELISTED,True,2017-02-17,2023-11-27,1476.0,0.0,True,True
HHP,HSX,True,2018-08-08,2023-12-29,1344.0,1577052.0,True,False
HHN,UPCOM,True,2016-12-16,2023-12-29,1500.0,0.0,True,False
HHG,UPCOM,True,2010-07-28,2023-12-29,1493.0,518040.0,True,False
HHC,HNX,True,2018-09-27,2023-12-29,1317.0,0.0,True,False
HHB,UPCOM,True,,,0.0,0.0,False,False
HGW,DELISTED,True,2017-01-11,2023-12-29,1500.0,0.0,True,False
HGT,UPCOM,True,2020-10-15,2023-12-29,804.0,0.0,True,False
HGR,DELISTED,False,,,,,False,False
HGM,HNX,True,2009-12-21,2023-12-29,1500.0,0.0,True,False
HGC,DELISTED,False,,,,,False,False
HGA,DELISTED,False,,,,,False,False
HFX,UPCOM,True,2018-06-28,2023-12-29,1381.0,0.0,True,False
HFC,UPCOM,True,2018-06-26,2023-12-29,1383.0,0.0,True,False
HFB,UPCOM,True,2017-03-30,2023-12-29,1500.0,0.0,True,False
HEV,HNX,True,2018-09-24,2023-12-29,1320.0,0.0,True,False
HES,UPCOM,True,2016-12-07,2023-12-29,1500.0,0.0,True,False
HEP,UPCOM,True,2017-12-15,2023-12-29,1500.0,0.0,True,False
HEM,DELISTED,True,2017-01-03,2023-12-29,1500.0,1030.0,True,False
HEJ,UPCOM,True,2018-10-01,2023-12-29,1315.0,8995.0,True,False
HEC,UPCOM,True,2016-12-21,2023-12-29,1500.0,0.0,True,False
HDW,UPCOM,True,2017-11-03,2023-12-29,1500.0,0.0,True,False
HDS,DELISTED,True,,,0.0,0.0,False,False
HDP,UPCOM,True,2017-03-16,2023-12-29,1500.0,533.5,True,False
HDO,DELISTED,False,,,,,False,False
HDM,UPCOM,True,2010-01-26,2023-12-29,1500.0,1795.02,True,False
HDG,HSX,True,2010-02-02,2023-12-29,1500.0,13573511.25,True,False
HDC,HSX,True,2009-12-15,2023-12-29,1500.0,8302482.364999999,True,False
HDB,HSX,True,2018-01-05,2023-12-29,1497.0,16981440.0,True,False
HDA,HNX,True,2010-12-27,2023-12-29,1500.0,361983.0,True,False
HD8,UPCOM,True,2019-03-15,2023-12-29,1203.0,2945.0,True,False
HD6,UPCOM,True,2020-11-23,2023-12-29,777.0,545400.0,True,False
HD2,UPCOM,True,2016-05-16,2023-12-29,1500.0,62746.5,True,False
HCT,HNX,True,2018-04-02,2023-12-29,1441.0,0.0,True,False
HCM,HSX,True,2009-12-15,2023-12-29,1500.0,25953407.0,True,False
HCI,UPCOM,True,2018-09-10,2023-12-29,1330.0,0.0,True,False
HCD,HSX,True,2016-07-04,2023-12-29,1500.0,1150317.0,True,False
HCC,HNX,True,2009-12-15,2023-12-29,1500.0,15710.525000000001,True,False
HCB,DELISTED,True,2019-12-18,2023-12-29,1010.0,0.0,True,False
HC3,UPCOM,True,2017-07-11,2023-12-29,1500.0,1375.0,True,False
HC1,UPCOM,True,2020-01-06,2023-12-29,998.0,0.0,True,False
HBS,HNX,True,2018-08-30,2023-12-29,1336.0,96560.70499999999,True,False
HBH,UPCOM,True,2017-08-10,2023-12-29,1500.0,0.0,True,False
HBD,UPCOM,True,2018-09-12,2023-12-29,1328.0,0.0,True,False
HBC,UPCOM,True,2009-12-15,2023-12-29,1500.0,34798551.099999994,True,False
HAX,HSX,True,2009-12-15,2023-12-29,1500.0,2379602.82,True,False
HAW,DELISTED,False,,,,,False,False
HAV,UPCOM,True,2018-09-19,2023-12-29,1323.0,0.0,True,False
HAT,HNX,True,2010-10-29,2023-12-29,1500.0,14927.5,True,False
HAS,HSX,True,2018-10-01,2023-12-29,1315.0,4464.0,True,False
HAR,HSX,True,2013-01-17,2023-12-29,1500.0,2271013.05,True,False
HAP,HSX,True,2009-12-15,2023-12-29,1493.0,532924.92,True,False
HAN,UPCOM,True,2016-10-20,2023-12-29,1500.0,716.0,True,False
HAM,UPCOM,True,2017-08-21,2023-12-29,1500.0,0.0,True,False
HAI,DELISTED,True,2010-04-20,2023-12-29,1493.0,4129191.9999999995,True,False
HAH,HSX,True,2015-03-11,2023-12-29,1500.0,4765522.4,True,False
HAG,HSX,True,2009-12-15,2023-12-29,1500.0,38832625.980000004,True,False
HAF,UPCOM,True,2018-09-26,2023-12-29,1318.0,1665.0,True,False
HAD,HNX,True,2009-12-15,2023-12-29,1500.0,21801.5,True,False
HAC,UPCOM,True,2018-09-25,2023-12-29,1319.0,35637.2,True,False
HAB,DELISTED,False,,,,,False,False
H11,UPCOM,True,2018-09-26,2023-12-29,1318.0,0.0,True,False
GVT,UPCOM,True,2017-01-12,2023-12-29,1500.0,0.0,True,False
GVR,HSX,True,2018-03-21,2023-12-29,1443.0,26095434.0,True,False
GTX,UPCOM,True,,,0.0,0.0,False,False
GTT,UPCOM,True,2010-06-30,2023-12-29,1500.0,0.0,True,False
GTS,UPCOM,True,2016-10-21,2023-12-29,1500.0,0.0,True,False
GTK,DELISTED,False,,,,,False,False
GTH,DELISTED,True,2016-01-07,2023-04-05,1276.0,0.0,True,True
GTD,UPCOM,True,2018-09-13,2023-12-29,1327.0,0.0,True,False
GTA,HSX,True,2009-12-15,2023-12-29,1500.0,9432.0,True,False
GSP,HSX,True,2012-03-09,2023-12-29,1500.0,111706.04999999999,True,False
GSM,UPCOM,True,2015-04-08,2023-12-29,1500.0,0.0,True,False
GQN,DELISTED,False,,,,,False,False
GPC,UPCOM,True,2023-01-06,2023-12-29,246.0,137441.5,True,False
GND,UPCOM,True,2017-02-21,2023-12-29,1500.0,4526.0,True,False
GMX,HNX,True,2011-09-15,2023-12-29,1500.0,3006.25,True,False
GMH,HSX,True,2022-01-12,2023-12-29,492.0,55340.0,True,False
GMD,HSX,True,2009-12-15,2023-12-29,1500.0,21317993.0,True,False
GMC,UPCOM,True,2018-09-26,2023-12-29,1318.0,108759.6,True,False
GMA,HNX,True,2020-12-01,2023-12-29,771.0,0.0,True,False
GLW,UPCOM,True,2018-01-08,2023-12-29,1496.0,0.0,True,False
GLT,HNX,True,2009-12-15,2023-12-29,1500.0,1836.0,True,False
GLC,UPCOM,True,2019-01-09,2023-12-29,1245.0,0.0,True,False
GKM,HNX,True,2018-08-30,2023-12-29,1336.0,2249127.0,True,False
GIL,HSX,True,2009-12-15,2023-12-29,1500.0,5453557.65,True,False
GIC,HNX,True,2020-11-06,2023-12-29,788.0,59832.925,True,False
GHC,HSX,True,2011-04-26,2023-12-29,1500.0,90603.9,True,False
GH3,UPCOM,True,2021-08-04,2023-12-29,604.0,0.0,True,False
GGG,UPCOM,True,2018-09-27,2023-12-29,1317.0,0.0,True,False
GEX,HSX,True,2015-10-26,2023-12-29,1497.0,53085853.800000004,True,False
GER,UPCOM,True,2018-07-26,2023-12-29,1361.0,0.0,True,False
GEL,HSX,True,,,0.0,0.0,False,False
GEG,HSX,True,2017-03-21,2023-12-29,1494.0,7178014.8,True,False
GEE,HSX,True,2022-03-08,2023-12-29,458.0,168503.74,True,False
GE2,DELISTED,True,2021-05-07,2022-12-28,415.0,3065.0,True,True
GDW,HNX,True,2010-06-15,2023-12-29,1493.0,0.0,True,False
GDT,HSX,True,2009-12-15,2023-12-29,1500.0,198118.09999999998,True,False
GDH,UPCOM,True,,,0.0,0.0,False,False
GDA,UPCOM,True,2023-09-07,2023-12-29,82.0,1302824.68,True,False
GCF,UPCOM,True,2022-12-20,2023-12-29,258.0,9622.5,True,False
GCB,UPCOM,True,2018-09-20,2023-12-29,1322.0,0.0,True,False
GAS,HSX,True,2012-05-21,2023-12-29,1500.0,33174045.5,True,False
GAB,DELISTED,True,2019-07-11,2023-12-29,1115.0,53832.0,True,False
G36,UPCOM,True,2016-12-26,2023-12-29,1500.0,2083042.695,True,False
G20,UPCOM,True,2018-09-27,2023-12-29,1317.0,0.0,True,False
FTS,HSX,True,2017-01-13,2023-12-29,1500.0,3008048.0,True,False
FTM,UPCOM,True,2018-09-27,2023-12-29,1309.0,931903.2000000001,True,False
FTI,UPCOM,True,2018-07-05,2023-12-29,1376.0,0.0,True,False
FT1,UPCOM,True,2017-09-27,2023-12-29,1500.0,0.0,True,False
FSO,UPCOM,True,2017-02-06,2023-12-29,1500.0,0.0,True,False
FRT,HSX,True,2018-04-26,2023-12-29,1424.0,15678085.0,True,False
FRM,UPCOM,True,2017-11-24,2023-12-29,1500.0,0.0,True,False
FRC,UPCOM,True,2018-09-18,2023-12-29,1324.0,0.0,True,False
FPT,HSX,True,2009-12-15,2023-12-29,1500.0,38216017.65,True,False
FOX,UPCOM,True,2017-01-13,2023-12-29,1500.0,117345.475,True,False
FOC,UPCOM,True,2018-12-10,2023-12-29,1265.0,99456.0,True,False
FMC,HSX,True,2009-12-15,2023-12-29,1500.0,2685344.8,True,False
FLC,DELISTED,True,2011-10-05,2023-12-29,1491.0,29195215.599999998,True,False
FIT,HSX,True,2013-07-26,2023-12-29,1500.0,6629824.949999999,True,False
FIR,HSX,True,2018-10-18,2023-12-29,1302.0,2495602.0,True,False
FID,HNX,True,2018-09-27,2023-12-29,1317.0,247320.0,True,False
FIC,UPCOM,True,2018-08-02,2023-12-29,1356.0,934.0000000000001,True,False
FHS,UPCOM,True,2018-11-01,2023-12-29,1292.0,0.0,True,False
FHN,UPCOM,True,2017-12-29,2023-12-29,1500.0,0.0,True,False
FGL,UPCOM,True,2018-09-17,2023-12-29,1325.0,0.0,True,False
FDG,DELISTED,True,2016-08-19,2022-07-11,1124.0,0.0,True,True
FDC,HSX,True,2018-09-12,2023-12-29,1328.0,10980.0,True,False
FCS,UPCOM,True,2018-09-18,2023-12-29,1324.0,0.0,True,False
FCN,HSX,True,2012-07-24,2023-12-29,1500.0,14031963.959999999,True,False
FCM,HSX,True,2013-05-15,2023-12-29,1500.0,216557.59999999998,True,False
FCC,UPCOM,True,2018-08-27,2023-12-29,1339.0,0.0,True,False
FBC,UPCOM,True,2017-10-20,2023-12-29,1500.0,0.0,True,False
FBA,DELISTED,True,2011-02-18,2023-12-29,1500.0,0.0,True,False
F88,UPCOM,True,,,0.0,0.0,False,False
EVS,HNX,True,2018-08-01,2023-12-29,1349.0,327159.0,True,False
EVG,HSX,True,2017-06-08,2023-12-29,1500.0,2074324.0499999998,True,False
EVF,HSX,True,2018-08-07,2023-12-29,1345.0,1510912.0,True,False
EVE,HSX,True,2010-12-17,2023-12-29,1500.0,604477.8,True,False
EPH,DELISTED,True,2017-12-21,2023-12-29,1500.0,0.0,True,False
EPC,DELISTED,True,2018-10-03,2023-12-29,1313.0,0.0,True,False
EMS,UPCOM,True,2018-01-05,2023-12-29,1497.0,1821.0,True,False
EMG,UPCOM,True,2017-02-16,2023-12-29,1500.0,0.0,True,False
EME,UPCOM,True,2018-10-01,2023-12-29,1315.0,0.0,True,False
EMC,DELISTED,True,2016-01-07,2023-07-13,1310.0,396.75,True,True
ELC,HSX,True,2010-10-13,2023-12-29,1500.0,924530.8500000001,True,False
EIN,UPCOM,True,2017-03-16,2023-12-29,1500.0,34838.100000000006,True,False
EID,HNX,True,2009-12-15,2023-12-29,1500.0,32994.2,True,False
EIC,UPCOM,True,2017-02-28,2023-12-29,1500.0,878.0,True,False
EIB,HSX,True,2009-12-15,2023-12-29,1500.0,4969778.75,True,False
EGL,UPCOM,True,,,0.0,0.0,False,False
EFI,UPCOM,True,2018-10-01,2023-12-29,1315.0,0.0,True,False
ECO,DELISTED,True,,,0.0,0.0,False,False
ECI,HNX,True,2018-06-28,2023-12-29,1381.0,0.0,True,False
EBS,HNX,True,2018-10-01,2023-12-29,1315.0,1300.0,True,False
EAD,DELISTED,True,2022-06-20,2022-06-20,1.0,84300.0,True,True
E29,UPCOM,True,2019-11-05,2023-12-29,1041.0,509.0,True,False
E12,UPCOM,True,2019-12-31,2023-12-29,1001.0,0.0,True,False
DZM,DELISTED,True,2009-09-08,2023-12-29,1500.0,1020.0,True,False
DXV,HSX,True,2009-12-15,2023-12-29,1500.0,12320.0,True,False
DXS,HSX,True,2021-07-15,2023-12-29,615.0,9911002.0,True,False
DXP,HNX,True,2009-12-15,2023-12-29,1500.0,298644.0,True,False
DXL,UPCOM,True,2018-06-25,2023-12-29,1384.0,0.0,True,False
DXG,HSX,True,2009-12-22,2023-12-29,1500.0,60182859.85,True,False
DX2,DELISTED,False,,,,,False,False
DWS,UPCOM,True,2019-01-24,2023-12-29,1234.0,0.0,True,False
DWC,UPCOM,True,2021-12-22,2023-12-29,506.0,0.0,True,False
DVW,UPCOM,True,2018-06-06,2023-12-29,1397.0,0.0,True,False
DVT,DELISTED,True,,,0.0,0.0,False,False
DVP,HSX,True,2009-12-15,2023-12-29,1500.0,384653.4,True,False
DVN,UPCOM,True,2017-05-19,2023-12-29,1500.0,1476948.6400000001,True,False
DVM,HNX,True,2022-07-19,2023-12-29,366.0,4310691.0,True,False
DVG,UPCOM,True,2021-01-14,2023-12-29,740.0,1222206.0,True,False
DVC,UPCOM,True,2018-09-26,2023-12-29,1318.0,0.0,True,False
DUS,UPCOM,True,2020-01-08,2023-12-29,996.0,0.0,True,False
DTV,DELISTED,True,2013-01-02,2023-12-29,1500.0,0.0,True,False
DTT,HSX,True,2009-12-15,2023-12-29,1500.0,0.0,True,False
DTR,UPCOM,True,,,0.0,0.0,False,False
DTP,UPCOM,True,2020-06-18,2023-12-29,888.0,8097.0,True,False
DTL,HSX,True,2010-06-04,2023-12-29,1500.0,7630.0,True,False
DTK,HNX,True,2016-12-15,2023-12-29,1494.0,0.0,True,False
DTI,UPCOM,True,2018-01-05,2023-12-29,1497.0,0.0,True,False
DTH,UPCOM,True,2022-04-18,2023-12-29,430.0,0.0,True,False
DTG,HNX,True,2017-02-28,2023-12-29,1493.0,0.0,True,False
DTE,DELISTED,True,2020-12-31,2023-12-29,749.0,1380.0,True,False
DTD,HNX,True,2017-11-16,2023-12-29,1500.0,1350647.5,True,False
DTC,UPCOM,True,2018-09-06,2023-12-29,1320.0,4820.0,True,False
DTB,DELISTED,True,2019-07-22,2023-12-29,1116.0,0.0,True,False
DTA,HSX,True,2010-07-16,2023-12-29,1500.0,57007.630000000005,True,False
DT4,DELISTED,True,2016-07-19,2022-07-07,1122.0,0.0,True,True
DSV,DELISTED,True,2016-12-02,2023-11-27,1476.0,0.0,True,True
DST,HNX,True,2009-12-15,2023-12-29,1500.0,1351125.5,True,False
DSP,UPCOM,True,2018-10-17,2023-12-29,1303.0,2120.0,True,False
DSN,HSX,True,2010-10-26,2023-12-29,1500.0,246498.5,True,False
DSH,UPCOM,True,,,0.0,0.0,False,False
DSG,UPCOM,True,2018-08-09,2023-12-29,1351.0,0.0,True,False
DSE,HSX,True,,,0.0,0.0,False,False
DSD,UPCOM,True,2022-05-17,2023-12-29,411.0,0.0,True,False
DSC,HSX,True,2018-01-05,2023-12-29,1497.0,78334.0,True,False
DS3,HNX,True,2018-09-25,2023-12-29,1319.0,194790.0,True,False
DRL,HSX,True,2012-04-11,2023-12-29,1500.0,23065.0,True,False
DRI,UPCOM,True,2017-05-23,2023-12-29,1500.0,966663.335,True,False
DRH,HSX,True,2018-10-01,2023-12-29,1315.0,8154872.999999999,True,False
DRG,UPCOM,True,2019-12-11,2023-12-29,1015.0,1024.0,True,False
DRC,HSX,True,2009-12-15,2023-12-29,1500.0,6007490.3,True,False
DQC,HSX,True,2009-12-15,2023-12-29,1500.0,632510.745,True,False
DPS,DELISTED,True,2015-05-06,2023-12-29,1494.0,0.0,True,False
DPR,HSX,True,2009-12-15,2023-12-29,1500.0,1205454.2000000002,True,False
DPP,UPCOM,True,2010-05-19,2023-12-29,1500.0,0.0,True,False
DPM,HSX,True,2009-12-15,2023-12-29,1500.0,14619516.094999999,True,False
DPH,UPCOM,True,2018-10-01,2023-12-29,1315.0,0.0,True,False
DPG,HSX,True,2017-01-12,2023-12-29,1496.0,6096192.67,True,False
DPD,DELISTED,True,2021-01-20,2023-02-22,377.0,0.0,True,True
DPC,UPCOM,True,2018-09-27,2023-12-29,1317.0,0.0,True,False
DP3,HNX,True,2015-07-17,2023-12-29,1500.0,39028.5,True,False
DP2,UPCOM,True,2018-07-05,2023-12-29,1376.0,0.0,True,False
DP1,UPCOM,True,2018-06-12,2023-12-29,1393.0,2438.0,True,False
DOP,UPCOM,True,2015-10-30,2023-12-29,1500.0,0.0,True,False
DOC,UPCOM,True,2016-12-19,2023-12-29,1500.0,0.0,True,False
DNW,UPCOM,True,2016-03-16,2023-12-29,1500.0,31409.0,True,False
DNT,UPCOM,True,2020-02-24,2023-12-29,968.0,0.0,True,False
DNP,HNX,True,2018-09-27,2023-12-29,1317.0,94620.0,True,False
DNN,UPCOM,True,2017-07-17,2023-12-29,1500.0,0.0,True,False
DNM,UPCOM,True,2018-09-27,2023-12-29,1307.0,23136.0,True,False
DNL,UPCOM,True,2011-08-19,2023-12-29,1500.0,0.0,True,False
DNH,UPCOM,True,2017-06-19,2023-12-29,1500.0,0.0,True,False
DNE,UPCOM,True,2017-04-05,2023-12-29,1500.0,0.0,True,False
DND,UPCOM,True,2018-09-25,2023-12-29,1319.0,0.0,True,False
DNC,HNX,True,2009-12-23,2023-12-29,1500.0,0.0,True,False
DNB,DELISTED,False,,,,,False,False
DNA,UPCOM,True,2017-10-19,2023-12-29,1500.0,0.0,True,False
DMX,HSX,True,,,0.0,0.0,False,False
DMS,DELISTED,True,2023-06-15,2023-12-29,140.0,2113.5,True,False
DMN,UPCOM,True,2021-11-22,2023-12-29,528.0,425.0,True,False
DMC,HSX,True,2009-12-15,2023-12-29,1500.0,366011.385,True,False
DM7,UPCOM,True,2018-10-15,2023-12-29,1305.0,0.0,True,False
DLT,UPCOM,True,2018-09-26,2023-12-29,1318.0,0.0,True,False
DLR,UPCOM,True,2018-08-09,2023-12-29,1346.0,0.0,True,False
DLM,DELISTED,True,2023-01-06,2023-11-29,224.0,0.0,True,True
DLG,HSX,True,2010-06-22,2023-12-29,1500.0,6163428.15,True,False
DLD,UPCOM,True,2018-09-20,2023-12-29,1322.0,0.0,True,False
DL1,HNX,True,2010-03-10,2023-12-29,1500.0,109309.15,True,False
DKW,DELISTED,True,,,0.0,0.0,False,False
DKH,DELISTED,False,,,,,False,False
DKG,UPCOM,True,,,0.0,0.0,False,False
DKC,UPCOM,True,2020-07-14,2023-12-29,870.0,0.0,True,False
DIH,HNX,True,2011-04-27,2023-12-29,1500.0,18980.48,True,False
DIG,HSX,True,2009-12-15,2023-12-29,1500.0,50323623.75,True,False
DID,UPCOM,True,2009-12-15,2023-12-29,1494.0,5590.0,True,False
DIC,UPCOM,True,2018-09-27,2023-12-29,1311.0,0.0,True,False
DHT,HNX,True,2009-12-15,2023-12-29,1500.0,164056.185,True,False
DHP,HNX,True,2013-03-21,2023-12-29,1500.0,0.0,True,False
DHN,UPCOM,True,2018-04-19,2023-12-29,1428.0,0.0,True,False
DHM,HSX,True,2012-07-24,2023-12-29,1500.0,845676.75,True,False
DHG,HSX,True,2009-12-15,2023-12-29,1500.0,1371043.0,True,False
DHD,UPCOM,True,2017-05-05,2023-12-29,1500.0,561.0,True,False
DHC,HSX,True,2009-12-15,2023-12-29,1500.0,3312686.515,True,False
DHB,UPCOM,True,2017-07-26,2023-12-29,1500.0,0.0,True,False
DHA,HSX,True,2009-12-15,2023-12-29,1500.0,641479.0,True,False
DGW,HSX,True,2015-08-03,2023-12-29,1500.0,5851673.1,True,False
DGT,UPCOM,True,2010-03-09,2023-12-29,1500.0,12490.0,True,False
DGC,HSX,True,2014-08-26,2023-12-29,1494.0,11303368.200000001,True,False
DFF,UPCOM,True,2021-07-08,2023-12-29,623.0,115830.0,True,False
DFC,UPCOM,True,2017-01-12,2023-12-29,1500.0,0.0,True,False
DDV,UPCOM,True,2015-06-10,2023-12-29,1500.0,404462.0,True,False
DDN,UPCOM,True,2009-09-21,2023-12-29,1500.0,28603.15,True,False
DDM,UPCOM,True,2018-09-27,2023-12-29,1317.0,0.0,True,False
DDH,UPCOM,True,2016-06-30,2023-12-29,1500.0,0.0,True,False
DDG,UPCOM,True,2018-12-18,2023-12-29,1259.0,3229201.0,True,False
DDB,UPCOM,True,,,0.0,0.0,False,False
DCV,UPCOM,True,,,0.0,0.0,False,False
DCT,UPCOM,True,2018-09-27,2023-12-29,1317.0,0.0,True,False
DCS,UPCOM,True,2018-09-27,2023-12-29,1312.0,0.0,True,False
DCR,UPCOM,True,2018-10-08,2023-12-29,1310.0,0.0,True,False
DCM,HSX,True,2015-03-31,2023-12-29,1500.0,26084812.85,True,False
DCL,HSX,True,2009-12-15,2023-12-29,1500.0,1606273.625,True,False
DCH,UPCOM,True,2018-04-23,2023-12-29,1426.0,0.0,True,False
DCG,UPCOM,True,2018-12-14,2023-12-29,1261.0,0.0,True,False
DCF,UPCOM,True,2017-01-12,2023-12-29,1500.0,0.0,True,False
DC4,HSX,True,2009-12-15,2023-12-29,1494.0,89886.0,True,False
DC2,HNX,True,2010-07-02,2023-12-29,1500.0,3883.0,True,False
DC1,UPCOM,True,2016-07-19,2023-12-29,1500.0,749.0,True,False
DBW,DELISTED,True,2017-01-09,2022-08-11,1152.0,0.0,True,True
DBT,HSX,True,2009-12-15,2023-12-29,1495.0,53747.0,True,False
DBM,UPCOM,True,2009-12-23,2023-12-29,1500.0,0.0,True,False
DBH,DELISTED,True,2016-06-08,2022-07-07,1122.0,0.0,True,True
DBD,HSX,True,2017-01-16,2023-12-29,1495.0,942194.15,True,False
DBC,HSX,True,2009-12-15,2023-12-29,1494.0,21464405.6,True,False
DAT,HSX,True,2018-10-01,2023-12-29,1315.0,5403.200000000001,True,False
DAS,UPCOM,True,2018-08-28,2023-12-29,1338.0,0.0,True,False
DAR,DELISTED,True,2017-05-11,2022-05-31,1099.0,0.0,True,True
DAN,DELISTED,True,2021-12-22,2023-12-29,506.0,0.0,True,False
DAH,HSX,True,2016-10-10,2023-12-29,1500.0,2669471.0,True,False
DAG,UPCOM,True,2010-04-08,2023-12-29,1500.0,1392477.95,True,False
DAE,HNX,True,2009-12-15,2023-12-29,1500.0,220.45999999999998,True,False
DAD,HNX,True,2009-12-15,2023-12-29,1500.0,1517.125,True,False
DAC,UPCOM,True,2017-10-05,2023-12-29,1500.0,0.0,True,False
D2D,HSX,True,2009-12-15,2023-12-29,1500.0,1930340.75,True,False
D17,DELISTED,True,,,0.0,0.0,False,False
D11,HNX,True,2011-02-25,2023-12-29,1500.0,18915.0,True,False
CYC,DELISTED,True,2018-04-19,2023-12-29,1428.0,0.0,True,False
CX8,HNX,True,2018-07-31,2023-12-29,1358.0,0.0,True,False
CVT,HSX,True,2018-10-01,2023-12-29,1315.0,652601.6,True,False
CVP,DELISTED,True,2022-05-04,2022-07-28,61.0,0.0,True,True
CVN,UPCOM,True,2018-10-01,2023-12-29,1315.0,398921.60000000003,True,False
CTX,UPCOM,True,2012-05-24,2023-12-29,1490.0,0.0,True,False
CTW,UPCOM,True,2016-09-30,2023-12-29,1500.0,0.0,True,False
CTT,HNX,True,2015-07-17,2023-12-29,1500.0,0.0,True,False
CTS,HSX,True,2009-12-15,2023-12-29,1500.0,3286419.0,True,False
CTR,HSX,True,2017-10-31,2023-12-29,1499.0,8884499.940000001,True,False
CTP,HNX,True,2016-07-28,2023-12-29,1500.0,84315.0,True,False
CTN,DELISTED,True,2009-08-31,2023-12-29,1500.0,0.0,True,False
CTI,HSX,True,2010-03-19,2023-12-29,1500.0,7448143.5,True,False
CTG,HSX,True,2009-12-15,2023-12-29,1500.0,70402371.02000001,True,False
CTF,HSX,True,2017-05-30,2023-12-29,1500.0,2445384.35,True,False
CTD,HSX,True,2010-01-20,2023-12-29,1500.0,18685699.310000002,True,False
CTC,DELISTED,True,2009-09-08,2023-12-29,1500.0,320.0,True,False
CTB,HNX,True,2009-12-15,2023-12-29,1500.0,12.145,True,False
CTA,DELISTED,True,2010-10-01,2023-12-29,1495.0,0.0,True,False
CT6,UPCOM,True,2018-10-01,2023-12-29,1309.0,0.0,True,False
CT5,DELISTED,False,,,,,False,False
CT3,UPCOM,True,2018-09-27,2023-12-29,1317.0,0.0,True,False
CSV,HSX,True,2015-03-18,2023-12-29,1500.0,1639105.75,True,False
CST,HNX,True,2021-04-26,2023-12-29,674.0,1687371.405,True,False
CSM,HSX,True,2009-12-15,2023-12-29,1500.0,512040.25,True,False
CSI,UPCOM,True,2019-03-15,2023-12-29,1203.0,29610.0,True,False
CSC,HNX,True,2009-12-15,2023-12-29,1500.0,635955.2749999999,True,False
CRV,HSX,True,,,0.0,0.0,False,False
CRE,HSX,True,2018-09-05,2023-12-29,1333.0,4101780.9,True,False
CRC,HSX,True,2018-08-20,2023-12-29,1344.0,917723.8,True,False
CQT,UPCOM,True,2016-11-01,2023-12-29,1500.0,0.0,True,False
CQN,UPCOM,True,2020-08-18,2023-12-29,845.0,4766.0,True,False
CPI,UPCOM,True,2018-09-27,2023-12-29,1317.0,0.0,True,False
CPH,UPCOM,True,2017-02-08,2023-12-29,1500.0,0.0,True,False
CPC,HNX,True,2010-01-18,2023-12-29,1500.0,1568.5,True,False
CPA,UPCOM,True,2019-12-30,2023-12-29,1002.0,0.0,True,False
COM,HSX,True,2009-12-15,2023-12-29,1500.0,2336.45,True,False
CNT,UPCOM,True,2010-09-28,2023-12-29,1500.0,128.94,True,False
CNN,UPCOM,True,2016-06-01,2023-12-29,1500.0,0.0,True,False
CNG,HSX,True,2011-11-23,2023-12-29,1500.0,859415.5,True,False
CNC,UPCOM,True,2014-06-25,2023-12-29,1500.0,4736.0,True,False
CNA,UPCOM,True,2021-12-09,2023-12-29,515.0,0.0,True,False
CMX,HSX,True,2010-11-09,2023-12-29,1500.0,3076248.67,True,False
CMW,UPCOM,True,2018-09-17,2023-12-29,1325.0,0.0,True,False
CMV,HSX,True,2018-09-27,2023-12-29,1317.0,2172.0,True,False
CMT,UPCOM,True,2010-03-11,2023-12-29,1496.0,27817.415,True,False
CMS,HNX,True,2010-11-29,2023-12-29,1500.0,55324.2,True,False
CMP,UPCOM,True,2016-02-15,2023-12-29,1500.0,0.0,True,False
CMN,UPCOM,True,2017-07-10,2023-12-29,1500.0,0.0,True,False
CMM,UPCOM,True,2022-11-08,2023-12-29,288.0,25140.0,True,False
CMK,UPCOM,True,2015-10-21,2023-12-29,1500.0,0.0,True,False
CMI,UPCOM,True,2018-09-27,2023-12-29,1311.0,0.0,True,False
CMG,HSX,True,2010-01-22,2023-12-29,1500.0,880193.7,True,False
CMF,UPCOM,True,2016-11-30,2023-12-29,1500.0,0.0,True,False
CMD,UPCOM,True,2019-07-05,2023-12-29,1127.0,0.0,True,False
CMC,HNX,True,2018-10-01,2023-12-29,1315.0,759.0,True,False
CLX,UPCOM,True,2017-03-01,2023-12-29,1500.0,124047.075,True,False
CLW,HSX,True,2011-01-11,2023-12-29,1500.0,0.0,True,False
CLM,HNX,True,2016-04-15,2023-12-29,1500.0,0.0,True,False
CLL,HSX,True,2014-07-08,2023-12-29,1500.0,43763.0,True,False
CLI,UPCOM,True,,,0.0,0.0,False,False
CLH,HNX,True,2016-06-07,2023-12-29,1500.0,15972.0,True,False
CLG,DELISTED,True,2010-08-09,2023-12-29,1494.0,1786.0,True,False
CLC,HSX,True,2009-12-15,2023-12-29,1500.0,90183.0,True,False
CKV,HNX,True,2018-09-27,2023-12-29,1317.0,0.0,True,False
CKG,HSX,True,2020-03-25,2023-12-29,946.0,9293107.475000001,True,False
CKD,UPCOM,True,2015-05-21,2023-12-29,1500.0,0.0,True,False
CKA,UPCOM,True,2018-10-17,2023-12-29,1303.0,0.0,True,False
CK8,UPCOM,True,2023-01-06,2023-12-29,246.0,0.0,True,False
CJC,HNX,True,2018-07-12,2023-12-29,1371.0,0.0,True,False
CIP,UPCOM,True,2018-09-27,2023-12-29,1317.0,93.0,True,False
CII,HSX,True,2009-12-15,2023-12-29,1500.0,29965667.1,True,False
CIG,HSX,True,2011-07-19,2023-12-29,1500.0,131727.90000000002,True,False
CID,UPCOM,True,2009-12-15,2023-12-29,1500.0,0.0,True,False
CIA,HNX,True,2017-11-29,2023-12-29,1500.0,126129.7,True,False
CI5,UPCOM,True,2018-09-11,2023-12-29,1329.0,350.0,True,False
CHS,UPCOM,True,2018-09-24,2023-12-29,1320.0,2199.0,True,False
CHP,HSX,True,2010-04-20,2023-12-29,1500.0,189136.45,True,False
CHC,UPCOM,True,2017-02-16,2023-12-29,1500.0,0.0,True,False
CH5,UPCOM,True,2017-06-14,2023-12-29,1500.0,0.0,True,False
CGV,UPCOM,True,2018-10-01,2023-12-29,1315.0,2400.0,True,False
CGL,DELISTED,True,2020-12-03,2022-07-14,400.0,0.0,True,True
CFV,UPCOM,True,2019-06-03,2023-12-29,1151.0,0.0,True,False
CFM,UPCOM,True,2021-01-25,2023-12-29,733.0,4200.0,True,False
CET,HNX,True,2018-09-27,2023-12-29,1317.0,33296.0,True,False
CEO,HNX,True,2014-09-29,2023-12-29,1500.0,19486681.884999998,True,False
CEN,UPCOM,True,2018-09-20,2023-12-29,1322.0,478782.32999999996,True,False
CEG,DELISTED,True,2017-05-17,2023-12-29,1500.0,0.0,True,False
CEE,DELISTED,True,2017-05-15,2022-07-21,1137.0,49476.00000000001,True,True
CE1,DELISTED,True,2017-04-10,2023-12-29,1500.0,0.0,True,False
CDR,UPCOM,True,2017-06-26,2023-12-29,1500.0,0.0,True,False
CDP,UPCOM,True,2018-07-13,2023-12-29,1370.0,3647.9999999999995,True,False
CDO,UPCOM,True,2018-10-05,2023-12-29,1311.0,69228.0,True,False
CDN,HNX,True,2016-03-30,2023-12-29,1500.0,25701.5,True,False
CDH,DELISTED,True,2016-06-23,2023-12-29,1500.0,0.0,True,False
CDG,UPCOM,True,2017-02-27,2023-12-29,1500.0,0.0,True,False
CDC,HSX,True,2010-09-13,2023-12-29,1500.0,33554.0,True,False
CCV,UPCOM,True,2017-01-09,2023-12-29,1500.0,0.0,True,False
CCT,UPCOM,True,2018-08-30,2023-12-29,1336.0,0.0,True,False
CCS,UPCOM,True,,,0.0,0.0,False,False
CCR,HNX,True,2015-09-24,2023-12-29,1493.0,10.51,True,False
CCP,UPCOM,True,2017-03-16,2023-12-29,1500.0,0.0,True,False
CCM,UPCOM,True,2009-12-17,2023-12-29,1495.0,0.0,True,False
CCL,HSX,True,2011-03-03,2023-12-29,1500.0,898865.8250000001,True,False
CCI,HSX,True,2010-04-15,2023-12-29,1500.0,6244.75,True,False
CCC,HSX,True,,,0.0,0.0,False,False
CCA,UPCOM,True,2019-12-26,2023-12-29,1004.0,0.0,True,False
CC4,DELISTED,True,2017-07-28,2023-12-29,1500.0,0.0,True,False
CC1,UPCOM,True,2017-07-20,2023-12-29,1500.0,2450.0,True,False
CBS,UPCOM,True,2017-06-20,2023-12-29,1500.0,473.43,True,False
CBI,UPCOM,True,2018-10-01,2023-12-29,1315.0,600.0,True,False
CAV,DELISTED,True,2014-12-08,2023-12-29,1493.0,43520.4,True,False
CAT,UPCOM,True,2018-03-23,2023-12-29,1447.0,9150.0,True,False
CAR,HNX,True,2022-07-13,2023-12-29,370.0,91988.5,True,False
CAP,HNX,True,2009-12-15,2023-12-29,1500.0,84709.14499999999,True,False
CAN,HNX,True,2018-08-16,2023-12-29,1346.0,0.0,True,False
CAG,HNX,True,2017-12-04,2023-12-29,1500.0,1455.0,True,False
CAD,UPCOM,True,2018-09-27,2023-12-29,1317.0,0.0,True,False
CAB,DELISTED,True,2019-09-06,2023-12-29,1083.0,0.0,True,False
C92,UPCOM,True,2018-09-26,2023-12-29,1306.0,6964.0,True,False
C69,HNX,True,2017-04-21,2023-12-29,1500.0,1030279.6499999999,True,False
C4G,UPCOM,True,2018-12-10,2023-12-29,1265.0,7887320.28,True,False
C47,HSX,True,2011-03-30,2023-12-29,1500.0,555435.6599999999,True,False
C32,HSX,True,2012-11-30,2023-12-29,1500.0,437154.0,True,False
C22,UPCOM,True,2018-05-24,2023-12-29,1406.0,0.0,True,False
C21,DELISTED,True,2018-06-07,2023-12-29,1396.0,5038.0,True,False
C12,DELISTED,True,2016-12-26,2023-12-29,1500.0,0.0,True,False
BXT,DELISTED,False,,,,,False,False
BXH,HNX,True,2009-12-15,2023-12-29,1500.0,0.0,True,False
BWS,UPCOM,True,2017-11-28,2023-12-29,1500.0,10270.0,True,False
BWE,HSX,True,2017-07-20,2023-12-29,1500.0,4894477.140000001,True,False
BWA,UPCOM,True,2010-06-14,2023-12-29,1500.0,0.0,True,False
BVS,HNX,True,2009-12-15,2023-12-29,1500.0,1739205.0,True,False
BVN,UPCOM,True,2018-09-25,2023-12-29,1319.0,0.0,True,False
BVL,UPCOM,True,2021-06-11,2023-12-29,642.0,11731.02,True,False
BVH,HSX,True,2009-12-15,2023-12-29,1500.0,25717304.2,True,False
BVG,UPCOM,True,2018-10-01,2023-12-29,1315.0,79800.0,True,False
BVB,HSX,True,2020-07-09,2023-12-29,873.0,7040686.4799999995,True,False
BUD,DELISTED,False,,,,,False,False
BTW,HNX,True,2010-03-04,2023-12-29,1500.0,0.0,True,False
BTV,UPCOM,True,2017-03-03,2023-12-29,1500.0,0.0,True,False
BTU,UPCOM,True,2016-03-11,2023-12-29,1500.0,0.0,True,False
BTT,HSX,True,2010-04-14,2023-12-29,1500.0,1225.75,True,False
BTS,HNX,True,2009-12-15,2023-12-29,1500.0,33027.85,True,False
BTP,HSX,True,2009-12-15,2023-12-29,1500.0,77499.06,True,False
BTN,UPCOM,True,2018-09-25,2023-12-29,1319.0,5200.0,True,False
BTH,UPCOM,True,2010-09-30,2023-12-29,1500.0,0.0,True,False
BTG,UPCOM,True,2018-06-04,2023-12-29,1399.0,0.0,True,False
BTD,UPCOM,True,2017-03-02,2023-12-29,1500.0,30561.200000000004,True,False
BTB,UPCOM,True,2018-09-20,2023-12-29,1322.0,0.0,True,False
BT6,UPCOM,True,2017-03-06,2023-12-29,1500.0,0.0,True,False
BT1,UPCOM,True,2018-09-12,2023-12-29,1328.0,0.0,True,False
BST,DELISTED,True,2009-08-31,2023-12-29,1500.0,0.0,True,False
BSR,HSX,True,2018-03-01,2023-12-29,1463.0,41512335.98,True,False
BSQ,UPCOM,True,2017-02-28,2023-12-29,1500.0,9270.0,True,False
BSP,UPCOM,True,2016-08-10,2023-12-29,1500.0,777.0,True,False
BSL,UPCOM,True,2017-06-16,2023-12-29,1500.0,1329.0,True,False
BSI,HSX,True,2011-07-19,2023-12-29,1494.0,2497703.99,True,False
BSH,UPCOM,True,2018-07-04,2023-12-29,1377.0,0.0,True,False
BSG,UPCOM,True,2018-08-27,2023-12-29,1339.0,1340.0,True,False
BSD,UPCOM,True,2017-04-28,2023-12-29,1500.0,0.0,True,False
BSC,DELISTED,True,2011-01-05,2023-12-29,1500.0,0.0,True,False
BSA,UPCOM,True,2018-08-20,2023-12-29,1344.0,49770.5,True,False
BRS,UPCOM,True,2017-01-24,2023-12-29,1500.0,0.0,True,False
BRR,UPCOM,True,2017-06-16,2023-12-29,1500.0,912.0,True,False
BRC,HSX,True,2011-12-13,2023-12-29,1500.0,2494.5,True,False
BQP,UPCOM,True,,,0.0,0.0,False,False
BQB,UPCOM,True,2018-10-01,2023-12-29,1315.0,0.0,True,False
BPW,DELISTED,False,,,,,False,False
BPC,HNX,True,2009-12-15,2023-12-29,1500.0,0.0,True,False
BOT,UPCOM,True,2019-02-14,2023-12-29,1224.0,1439559.0,True,False
BNW,UPCOM,True,2018-12-28,2023-12-29,1251.0,0.0,True,False
BNA,HNX,True,2020-10-12,2023-12-29,807.0,2207297.6,True,False
BMV,UPCOM,True,2018-09-24,2023-12-29,1320.0,0.0,True,False
BMS,UPCOM,True,2018-08-08,2023-12-29,1352.0,81015.0,True,False
BMP,HSX,True,2009-12-15,2023-12-29,1500.0,3732449.4000000004,True,False
BMN,DELISTED,True,2016-04-06,2023-12-29,1500.0,0.0,True,False
BMK,UPCOM,True,,,0.0,0.0,False,False
BMJ,UPCOM,True,2018-08-27,2023-12-29,1339.0,0.0,True,False
BMI,HSX,True,2009-12-15,2023-12-29,1500.0,2779616.5,True,False
BMG,UPCOM,True,2018-12-25,2023-12-29,1254.0,0.0,True,False
BMF,UPCOM,True,2018-09-26,2023-12-29,1318.0,0.0,True,False
BMD,UPCOM,True,2017-06-14,2023-12-29,1500.0,0.0,True,False
BMC,HSX,True,2009-12-15,2023-12-29,1500.0,254782.5,True,False
BLW,DELISTED,True,2018-10-19,2023-12-29,1280.0,0.0,True,False
BLU,DELISTED,False,,,,,False,False
BLT,UPCOM,True,2017-07-10,2023-12-29,1500.0,0.0,True,False
BLN,UPCOM,True,2016-09-09,2023-12-29,1500.0,0.0,True,False
BLI,UPCOM,True,2015-12-11,2023-12-29,1500.0,12163.55,True,False
BLF,UPCOM,True,2018-10-01,2023-12-29,1306.0,0.0,True,False
BKH,DELISTED,True,2019-06-26,2023-08-24,951.0,0.0,True,True
BKG,HSX,True,2020-12-31,2023-12-29,749.0,1099980.0,True,False
BKC,HNX,True,2009-12-15,2023-12-29,1500.0,2.585,True,False
BIO,UPCOM,True,2018-08-30,2023-12-29,1336.0,0.0,True,False
BII,DELISTED,True,2018-01-25,2023-12-29,1474.0,474492.4,True,False
BIG,UPCOM,True,2022-01-10,2023-12-29,494.0,811157.5,True,False
BID,HSX,True,2014-01-24,2023-12-29,1500.0,34018537.08,True,False
BIC,HSX,True,2011-09-06,2023-12-29,1500.0,291112.0,True,False
BHT,DELISTED,True,2016-01-07,2023-03-24,1150.0,0.0,True,True
BHP,UPCOM,True,2018-10-01,2023-12-29,1315.0,504.0,True,False
BHN,HSX,True,2016-10-28,2023-12-29,1500.0,93029.65,True,False
BHK,UPCOM,True,2018-04-05,2023-12-29,1438.0,0.0,True,False
BHI,UPCOM,True,2023-07-21,2023-12-29,114.0,6.4,True,False
BHH,UPCOM,True,,,0.0,0.0,False,False
BHG,UPCOM,True,2018-10-30,2023-12-29,1294.0,0.0,True,False
BHC,UPCOM,True,2018-09-20,2023-12-29,1322.0,0.0,True,False
BHA,UPCOM,True,2018-09-25,2023-12-29,1319.0,0.0,True,False
BGW,UPCOM,True,2017-10-31,2023-12-29,1500.0,0.0,True,False
BGE,UPCOM,True,,,0.0,0.0,False,False
BFC,HSX,True,2015-10-07,2023-12-29,1500.0,2453825.64,True,False
BEL,UPCOM,True,2016-07-12,2023-12-29,1500.0,0.0,True,False
BED,HNX,True,2009-12-17,2023-12-29,1500.0,0.0,True,False
BDW,UPCOM,True,2015-10-14,2023-12-29,1500.0,0.0,True,False
BDT,UPCOM,True,2017-09-06,2023-12-29,1500.0,38892.0,True,False
BDG,UPCOM,True,2016-04-06,2023-12-29,1500.0,6475.0,True,False
BDB,DELISTED,True,2010-01-29,2023-12-29,1500.0,0.0,True,False
BCV,UPCOM,True,2021-03-16,2023-12-29,702.0,0.0,True,False
BCR,DELISTED,True,2023-12-08,2023-12-29,16.0,9549389.825,True,False
BCP,UPCOM,True,2018-09-27,2023-12-29,1317.0,0.0,True,False
BCO,DELISTED,True,2023-12-04,2023-12-29,20.0,0.0,True,False
BCM,HSX,True,2018-02-21,2023-12-29,1462.0,2404051.87,True,False
BCG,DELISTED,True,2015-07-16,2023-12-29,1500.0,6751732.75,True,False
BCF,HNX,True,2020-03-16,2023-12-29,953.0,2740.0,True,False
BCE,HSX,True,2010-06-28,2023-12-29,1500.0,323662.35,True,False
BCC,HNX,True,2009-12-15,2023-12-29,1500.0,2424053.625,True,False
BCB,UPCOM,True,2018-10-29,2023-12-29,1295.0,0.0,True,False
BCA,UPCOM,True,2021-09-08,2023-12-29,581.0,468480.0,True,False
BBT,UPCOM,True,2018-06-12,2023-12-29,1393.0,4545.0,True,False
BBS,HNX,True,2009-12-15,2023-12-29,1500.0,0.0,True,False
BBM,UPCOM,True,2018-01-05,2023-12-29,1497.0,0.0,True,False
BBH,UPCOM,True,2020-05-14,2023-12-29,913.0,0.0,True,False
BBC,DELISTED,True,2009-12-29,2023-12-29,1493.0,19667.199999999997,True,False
BAX,HNX,True,2017-03-24,2023-12-29,1500.0,37403.0,True,False
BAL,UPCOM,True,2018-01-12,2023-12-29,1492.0,0.0,True,False
BAF,HSX,True,2021-12-03,2023-12-29,519.0,30067702.62,True,False
BAB,HNX,True,2017-12-28,2023-12-29,1496.0,73944.0,True,False
B82,DELISTED,True,2009-09-08,2023-12-29,1491.0,0.0,True,False
AVG,UPCOM,True,,,0.0,0.0,False,False
AVF,DELISTED,True,2010-11-23,2023-12-29,1500.0,0.0,True,False
AVC,UPCOM,True,2018-01-08,2023-12-29,1496.0,52.775000000000006,True,False
AUM,DELISTED,True,2016-09-26,2022-07-28,1137.0,0.0,True,True
ATS,HNX,True,2018-09-10,2023-12-29,1330.0,0.0,True,False
ATG,UPCOM,True,2018-09-13,2023-12-29,1318.0,0.0,True,False
ATB,DELISTED,True,2017-08-25,2023-12-29,1500.0,4830.0,True,False
ATA,UPCOM,True,2018-09-27,2023-12-29,1317.0,0.0,True,False
AST,HSX,True,2018-01-04,2023-12-29,1498.0,2017854.5,True,False
ASP,HSX,True,2009-12-15,2023-12-29,1500.0,202068.465,True,False
ASM,HSX,True,2010-01-18,2023-12-29,1500.0,18622724.75,True,False
ASG,HSX,True,2020-09-24,2023-12-29,813.0,103488.0,True,False
ASA,DELISTED,True,2012-03-12,2023-12-29,1493.0,0.0,True,False
ART,UPCOM,True,2017-08-02,2023-12-29,1486.0,3837782.85,True,False
ARM,HNX,True,2010-10-26,2023-12-29,1500.0,0.0,True,False
APT,UPCOM,True,2019-06-07,2023-12-29,1147.0,0.0,True,False
APS,HNX,True,2010-04-19,2023-12-29,1500.0,2209373.0,True,False
APP,UPCOM,True,2010-10-05,2023-12-29,1488.0,1871.0,True,False
APL,UPCOM,True,2016-10-14,2023-12-29,1500.0,0.0,True,False
API,HNX,True,2010-09-13,2023-12-29,1500.0,276738.0,True,False
APH,HSX,True,2020-07-28,2023-12-29,860.0,23059409.4,True,False
APG,HSX,True,2010-04-05,2023-12-29,1500.0,5188698.75,True,False
APF,UPCOM,True,2017-06-08,2023-12-29,1500.0,57547.25,True,False
APC,UPCOM,True,2018-10-01,2023-12-29,1315.0,318500.0,True,False
ANV,HSX,True,2009-12-15,2023-12-29,1500.0,6340504.2,True,False
ANT,HSX,True,2016-12-22,2023-12-29,1500.0,1532.15,True,False
ANI,UPCOM,True,,,0.0,0.0,False,False
AMV,HNX,True,2018-10-01,2023-12-29,1315.0,4649558.399999999,True,False
AMS,UPCOM,True,2017-02-06,2023-12-29,1500.0,50691.0,True,False
AMP,UPCOM,True,2018-10-01,2023-12-29,1315.0,0.0,True,False
AME,HNX,True,2018-09-05,2023-12-29,1333.0,9240.0,True,False
AMD,DELISTED,True,2014-11-11,2023-12-29,1492.0,4036626.5,True,False
AMC,HNX,True,2012-02-15,2023-12-29,1500.0,0.0,True,False
ALV,UPCOM,True,2010-09-17,2023-12-29,1495.0,1092.0,True,False
ALT,HNX,True,2018-10-01,2023-12-29,1315.0,18.83,True,False
ALC,UPCOM,True,,,0.0,0.0,False,False
AIG,UPCOM,True,,,0.0,0.0,False,False
AIC,UPCOM,True,2021-01-08,2023-12-29,744.0,59195.3,True,False
AGX,UPCOM,True,2015-09-14,2023-12-29,1500.0,0.0,True,False
AGR,HSX,True,2009-12-15,2023-12-29,1500.0,3347285.7,True,False
AGP,UPCOM,True,2015-10-06,2023-12-29,1500.0,8248.5,True,False
AGM,UPCOM,True,2018-09-27,2023-12-29,1317.0,358483.5,True,False
AGG,HSX,True,2020-01-09,2023-12-29,995.0,8584250.61,True,False
AGF,UPCOM,True,2018-09-20,2023-12-29,1317.0,0.0,True,False
AGE,DELISTED,True,2022-08-15,2023-09-21,273.0,0.0,True,True
AG1,UPCOM,True,2018-01-10,2023-12-29,1494.0,0.0,True,False
AFX,HSX,True,2016-12-02,2023-12-29,1500.0,378240.0,True,False
ADS,HSX,True,2016-06-29,2023-12-29,1500.0,280309.3,True,False
ADP,HSX,True,2010-02-05,2023-12-29,1491.0,653.0,True,False
ADG,HSX,True,2019-12-26,2023-12-29,994.0,1126753.5499999998,True,False
ADC,HNX,True,2010-12-24,2023-12-29,1500.0,13.95,True,False
ACV,UPCOM,True,2016-11-21,2023-12-29,1500.0,3359770.4099999997,True,False
ACS,UPCOM,True,2018-09-18,2023-12-29,1324.0,0.0,True,False
ACM,UPCOM,True,2018-09-27,2023-12-29,1310.0,76338.5,True,False
ACL,HSX,True,2009-12-15,2023-12-29,1500.0,609068.035,True,False
ACG,HSX,True,2021-08-04,2023-12-29,596.0,1572643.38,True,False
ACE,UPCOM,True,2009-11-10,2023-12-29,1500.0,2301.0,True,False
ACC,HSX,True,2011-06-30,2023-12-29,1500.0,131701.7,True,False
ACB,HSX,True,2009-12-15,2023-12-29,1495.0,35495900.0,True,False
ABW,UPCOM,True,2023-05-30,2023-12-29,152.0,2991414.75,True,False
ABT,HSX,True,2009-12-15,2023-12-29,1494.0,6745.7,True,False
ABS,HSX,True,2020-03-18,2023-12-29,951.0,5119153.350000001,True,False
ABR,HSX,True,2018-06-12,2023-12-29,1386.0,1410.5,True,False
ABI,UPCOM,True,2009-09-21,2023-12-29,1500.0,116722.5,True,False
ABC,UPCOM,True,2016-08-18,2023-12-29,1500.0,98535.33,True,False
ABB,UPCOM,True,2020-12-28,2023-12-29,752.0,11919636.47,True,False
AAV,UPCOM,True,2018-06-25,2023-12-29,1384.0,1696015.6,True,False
AAT,HSX,True,2021-03-24,2023-12-29,696.0,5854639.8149999995,True,False
AAS,UPCOM,True,2020-07-23,2023-12-29,863.0,5331404.4,True,False
AAN,HSX,True,,,0.0,0.0,False,False
AAM,HSX,True,2009-12-15,2023-12-29,1500.0,23885.5,True,False
AAH,UPCOM,True,,,0.0,0.0,False,False
AAA,HSX,True,2010-07-15,2023-12-29,1500.0,29061707.5,True,False
A32,UPCOM,True,2018-10-23,2023-12-29,1299.0,0.0,True,False
